time,theta_0,theta_1,theta_2,theta_3,theta_4,theta_5,theta_6,theta_7,theta_8,theta_9,theta_10,theta_11,theta_12,theta_13
5.008347034454345703e-01,5.000005245208740234e+00,5.000005245208740234e+00,5.000005245208740234e+00,5.000005245208740234e+00,5.000005245208740234e+00,5.000005245208740234e+00,5.000005245208740234e+00,5.000005245208740234e+00,5.000005245208740234e+00,5.000005245208740234e+00,5.000005245208740234e+00,5.000005245208740234e+00,5.000005245208740234e+00,5.000005245208740234e+00
1.001669406890869141e+00,5.000005245208740234e+00,5.000005245208740234e+00,5.000005245208740234e+00,5.000005245208740234e+00,5.000005245208740234e+00,5.000005245208740234e+00,5.000005245208740234e+00,5.000005245208740234e+00,5.000005245208740234e+00,5.000005245208740234e+00,5.000005245208740234e+00,5.000005245208740234e+00,5.000005245208740234e+00,5.000005245208740234e+00
1.502504229545593262e+00,5.000005245208740234e+00,5.000005245208740234e+00,5.000005245208740234e+00,5.000005245208740234e+00,5.000005245208740234e+00,5.000005245208740234e+00,5.000005245208740234e+00,5.000005245208740234e+00,5.000005245208740234e+00,5.000005245208740234e+00,5.000005245208740234e+00,5.000005245208740234e+00,5.000005245208740234e+00,5.000005245208740234e+00
2.003338813781738281e+00,5.000005245208740234e+00,5.000005245208740234e+00,5.000005245208740234e+00,5.000005245208740234e+00,5.000005245208740234e+00,5.000005245208740234e+00,5.000005245208740234e+00,5.000005245208740234e+00,5.000005245208740234e+00,5.000005245208740234e+00,5.000005245208740234e+00,5.000005245208740234e+00,5.000005245208740234e+00,5.000005245208740234e+00
2.504173517227172852e+00,5.000005245208740234e+00,5.000005245208740234e+00,5.000005245208740234e+00,5.000005245208740234e+00,5.000005245208740234e+00,5.000005245208740234e+00,5.000005245208740234e+00,5.000005245208740234e+00,5.000005245208740234e+00,5.000005245208740234e+00,5.000005245208740234e+00,5.000005245208740234e+00,5.000005245208740234e+00,5.000005245208740234e+00
3.005008459091186523e+00,5.000005245208740234e+00,5.000005245208740234e+00,5.000005245208740234e+00,5.000005245208740234e+00,5.000005245208740234e+00,5.000005245208740234e+00,5.000005245208740234e+00,5.000005245208740234e+00,5.000005245208740234e+00,5.000005245208740234e+00,5.000005245208740234e+00,5.000005245208740234e+00,5.000005245208740234e+00,5.000005245208740234e+00
3.505843162536621094e+00,5.000005245208740234e+00,5.000005245208740234e+00,5.000005245208740234e+00,5.000005245208740234e+00,5.000005245208740234e+00,5.000005245208740234e+00,5.000005245208740234e+00,5.000005245208740234e+00,5.000005245208740234e+00,5.000005245208740234e+00,5.000005245208740234e+00,5.000005245208740234e+00,5.000005245208740234e+00,5.000005245208740234e+00
4.006677627563476562e+00,5.000005245208740234e+00,5.000005245208740234e+00,5.000005245208740234e+00,5.000005245208740234e+00,5.000005245208740234e+00,5.000005245208740234e+00,5.000005245208740234e+00,5.000005245208740234e+00,5.000005245208740234e+00,5.000005245208740234e+00,5.000005245208740234e+00,5.000005245208740234e+00,5.000005245208740234e+00,5.000005245208740234e+00
4.507512569427490234e+00,5.000005245208740234e+00,5.000005245208740234e+00,5.000005245208740234e+00,5.000005245208740234e+00,5.000005245208740234e+00,5.000005245208740234e+00,5.000005245208740234e+00,5.000005245208740234e+00,5.000005245208740234e+00,5.000005245208740234e+00,5.000005245208740234e+00,5.000005245208740234e+00,5.000005245208740234e+00,5.000005245208740234e+00
5.008347034454345703e+00,5.000005245208740234e+00,5.000005245208740234e+00,5.000005245208740234e+00,5.000005245208740234e+00,5.000005245208740234e+00,5.000005245208740234e+00,5.000005245208740234e+00,5.000005245208740234e+00,5.000005245208740234e+00,5.000005245208740234e+00,5.000005245208740234e+00,5.000005245208740234e+00,5.000005245208740234e+00,5.000005245208740234e+00
5.509181976318359375e+00,5.000005245208740234e+00,5.000005245208740234e+00,5.000005245208740234e+00,5.000005245208740234e+00,5.000005245208740234e+00,5.000005245208740234e+00,5.000005245208740234e+00,5.000005245208740234e+00,5.000005245208740234e+00,5.000005245208740234e+00,5.000005245208740234e+00,5.000005245208740234e+00,5.000005245208740234e+00,5.000005245208740234e+00
6.010016918182373047e+00,5.000005245208740234e+00,5.000005245208740234e+00,5.000005245208740234e+00,5.000005245208740234e+00,5.000005245208740234e+00,5.000005245208740234e+00,5.000005245208740234e+00,5.000005245208740234e+00,5.000005245208740234e+00,5.000005245208740234e+00,5.000005245208740234e+00,5.000005245208740234e+00,5.000005245208740234e+00,5.000005245208740234e+00
6.510851383209228516e+00,5.000005245208740234e+00,5.000005245208740234e+00,5.000005245208740234e+00,5.000005245208740234e+00,5.000005245208740234e+00,5.000005245208740234e+00,5.000005245208740234e+00,5.000005245208740234e+00,5.000005245208740234e+00,5.000005245208740234e+00,5.000005245208740234e+00,5.000005245208740234e+00,5.000005245208740234e+00,5.000005245208740234e+00
7.011686325073242188e+00,5.000005245208740234e+00,5.000005245208740234e+00,5.000005245208740234e+00,5.000005245208740234e+00,5.000005245208740234e+00,5.000005245208740234e+00,5.000005245208740234e+00,5.000005245208740234e+00,5.000005245208740234e+00,5.000005245208740234e+00,5.000005245208740234e+00,5.000005245208740234e+00,5.000005245208740234e+00,5.000005245208740234e+00
7.512520790100097656e+00,5.000005245208740234e+00,5.000005245208740234e+00,5.000005245208740234e+00,5.000005245208740234e+00,5.000005245208740234e+00,5.000005245208740234e+00,5.000005245208740234e+00,5.000005245208740234e+00,5.000005245208740234e+00,5.000005245208740234e+00,5.000005245208740234e+00,5.000005245208740234e+00,5.000005245208740234e+00,5.000005245208740234e+00
8.013355255126953125e+00,5.000005245208740234e+00,5.000005245208740234e+00,5.000005245208740234e+00,5.000005245208740234e+00,5.000005245208740234e+00,5.000005245208740234e+00,5.000005245208740234e+00,5.000005245208740234e+00,5.000005245208740234e+00,5.000005245208740234e+00,5.000005245208740234e+00,5.000005245208740234e+00,5.000005245208740234e+00,5.000005245208740234e+00
8.514190673828125000e+00,5.000005245208740234e+00,5.000005245208740234e+00,5.000005245208740234e+00,5.000005245208740234e+00,5.000005245208740234e+00,5.000005245208740234e+00,5.000005245208740234e+00,5.000005245208740234e+00,5.000005245208740234e+00,5.000005245208740234e+00,5.000005245208740234e+00,5.000005245208740234e+00,5.000005245208740234e+00,5.000005245208740234e+00
9.015025138854980469e+00,5.000005245208740234e+00,5.000005245208740234e+00,5.000005245208740234e+00,5.000005245208740234e+00,5.000005245208740234e+00,5.000005245208740234e+00,5.000005245208740234e+00,5.000005245208740234e+00,5.000005245208740234e+00,5.000005245208740234e+00,5.000005245208740234e+00,5.000005245208740234e+00,5.000005245208740234e+00,5.000005245208740234e+00
9.515859603881835938e+00,5.000005245208740234e+00,5.000005245208740234e+00,5.000005245208740234e+00,5.000005245208740234e+00,8.978310585021972656e+00,5.654230117797851562e-01,1.172858357429504395e+00,1.403606891632080078e+00,5.000005245208740234e+00,5.000005245208740234e+00,5.000005245208740234e+00,2.927987575531005859e+00,7.805443763732910156e+00,5.947296142578125000e+00
1.001669406890869141e+01,5.000005245208740234e+00,5.000005245208740234e+00,5.000005245208740234e+00,5.000005245208740234e+00,5.685440063476562500e+00,1.101026415824890137e+00,2.589774608612060547e+00,2.940767526626586914e+00,5.000005245208740234e+00,5.000005245208740234e+00,5.000005245208740234e+00,6.209854602813720703e+00,7.210917472839355469e+00,6.720544338226318359e+00
1.051752948760986328e+01,5.000005245208740234e+00,5.000005245208740234e+00,5.000005245208740234e+00,5.000005245208740234e+00,3.790350914001464844e+00,1.031684041023254395e+00,3.413800477981567383e+00,3.811711311340332031e+00,5.000005245208740234e+00,5.000005245208740234e+00,5.000005245208740234e+00,6.897030353546142578e+00,6.571820735931396484e+00,6.205516815185546875e+00
1.101836395263671875e+01,5.000005245208740234e+00,5.000005245208740234e+00,5.000005245208740234e+00,5.000005245208740234e+00,3.184095859527587891e+00,9.852681756019592285e-01,4.011258602142333984e+00,4.313714981079101562e+00,5.000005245208740234e+00,5.000005245208740234e+00,5.000005245208740234e+00,7.169338703155517578e+00,6.023910045623779297e+00,5.766805648803710938e+00
1.151919841766357422e+01,5.000005245208740234e+00,5.000005245208740234e+00,5.000005245208740234e+00,5.000005245208740234e+00,2.978498935699462891e+00,9.634925723075866699e-01,4.435334205627441406e+00,4.576559066772460938e+00,5.000005245208740234e+00,5.000005245208740234e+00,5.000005245208740234e+00,7.267474174499511719e+00,5.580676555633544922e+00,5.445266246795654297e+00
1.202003383636474609e+01,5.000005245208740234e+00,5.000005245208740234e+00,5.000005245208740234e+00,5.000005245208740234e+00,2.907757043838500977e+00,9.550386071205139160e-01,4.760008335113525391e+00,4.758057594299316406e+00,5.000005245208740234e+00,5.000005245208740234e+00,5.000005245208740234e+00,7.300946712493896484e+00,5.263864517211914062e+00,5.275693893432617188e+00
1.252086830139160156e+01,5.000005245208740234e+00,5.000005245208740234e+00,5.000005245208740234e+00,5.000005245208740234e+00,2.882390022277832031e+00,9.520035386085510254e-01,5.030840873718261719e+00,4.896983623504638672e+00,5.000005245208740234e+00,5.000005245208740234e+00,5.000005245208740234e+00,7.309532642364501953e+00,5.053079128265380859e+00,5.192833900451660156e+00
1.302170276641845703e+01,5.000005245208740234e+00,5.000005245208740234e+00,5.000005245208740234e+00,5.000005245208740234e+00,2.872064590454101562e+00,9.509439468383789062e-01,5.236421108245849609e+00,4.990434646606445312e+00,5.000005245208740234e+00,5.000005245208740234e+00,5.000005245208740234e+00,7.307994842529296875e+00,4.885960578918457031e+00,5.136867046356201172e+00
1.352253723144531250e+01,5.000005245208740234e+00,5.000005245208740234e+00,5.000005245208740234e+00,5.000005245208740234e+00,2.866493225097656250e+00,9.505785703659057617e-01,5.395404815673828125e+00,5.055718898773193359e+00,5.000005245208740234e+00,5.000005245208740234e+00,5.000005245208740234e+00,7.301815032958984375e+00,4.752123832702636719e+00,5.097335338592529297e+00
1.402337265014648438e+01,5.000005245208740234e+00,5.000005245208740234e+00,5.000005245208740234e+00,5.000005245208740234e+00,2.862143993377685547e+00,9.504531025886535645e-01,5.520452976226806641e+00,5.103095054626464844e+00,5.000005245208740234e+00,5.000005245208740234e+00,5.000005245208740234e+00,7.292890071868896484e+00,4.643162727355957031e+00,5.068288803100585938e+00
1.452420711517333984e+01,5.000005245208740234e+00,5.000005245208740234e+00,5.000005245208740234e+00,5.000005245208740234e+00,2.857715368270874023e+00,9.504110813140869141e-01,5.620493412017822266e+00,5.138646602630615234e+00,5.000005245208740234e+00,5.000005245208740234e+00,5.000005245208740234e+00,7.281624794006347656e+00,4.553138256072998047e+00,5.046178340911865234e+00
1.502504158020019531e+01,5.000005245208740234e+00,5.000005245208740234e+00,5.000005245208740234e+00,5.000005245208740234e+00,2.852659940719604492e+00,9.504001736640930176e-01,5.701798439025878906e+00,5.166108131408691406e+00,5.000005245208740234e+00,5.000005245208740234e+00,5.000005245208740234e+00,7.267887592315673828e+00,4.477838993072509766e+00,5.028852462768554688e+00
1.552587604522705078e+01,5.000005245208740234e+00,5.000005245208740234e+00,5.000005245208740234e+00,5.000005245208740234e+00,2.846677064895629883e+00,9.504027366638183594e-01,5.768792152404785156e+00,5.187839508056640625e+00,5.000005245208740234e+00,5.000005245208740234e+00,5.000005245208740234e+00,7.251320362091064453e+00,4.414220809936523438e+00,5.014962196350097656e+00
1.602671051025390625e+01,5.000005245208740234e+00,5.000005245208740234e+00,5.000005245208740234e+00,5.000005245208740234e+00,2.839547634124755859e+00,9.504275321960449219e-01,5.824634552001953125e+00,5.205379009246826172e+00,5.000005245208740234e+00,5.000005245208740234e+00,5.000005245208740234e+00,7.231480598449707031e+00,4.360036373138427734e+00,5.003619194030761719e+00
1.652754592895507812e+01,5.000005245208740234e+00,5.000005245208740234e+00,5.000005245208740234e+00,5.000005245208740234e+00,2.831073284149169922e+00,9.504892230033874512e-01,5.871623039245605469e+00,5.219761848449707031e+00,5.000005245208740234e+00,5.000005245208740234e+00,5.000005245208740234e+00,7.207893371582031250e+00,4.313585758209228516e+00,4.994223117828369141e+00
1.702838134765625000e+01,5.000005245208740234e+00,5.000005245208740234e+00,5.000005245208740234e+00,5.000005245208740234e+00,2.821059942245483398e+00,9.506484866142272949e-01,5.911471843719482422e+00,5.231707572937011719e+00,5.000005245208740234e+00,5.000005245208740234e+00,5.000005245208740234e+00,7.180096626281738281e+00,4.273561954498291016e+00,4.986351490020751953e+00
1.752921485900878906e+01,2.210059881210327148e+00,9.884435653686523438e+00,9.957812309265136719e+00,3.109019994735717773e-01,2.035056829452514648e+00,3.765075445175170898e+00,6.120039939880371094e+00,5.303990840911865234e+00,1.038555622100830078e+00,1.916408181190490723e+00,9.969329833984375000e+00,7.803181648254394531e+00,4.287075519561767578e+00,4.985884189605712891e+00
1.803005027770996094e+01,7.712927818298339844e+00,8.684781074523925781e+00,7.562650203704833984e+00,1.391271114349365234e+00,1.653864622116088867e+00,7.995804548263549805e-01,6.038948535919189453e+00,5.313216209411621094e+00,1.595826029777526855e+00,3.591410815715789795e-01,2.916406154632568359e+00,7.868894100189208984e+00,4.370823860168457031e+00,5.028410434722900391e+00
1.853088569641113281e+01,7.824727535247802734e+00,8.747762680053710938e+00,6.245218276977539062e+00,1.325893998146057129e+00,2.110547780990600586e+00,8.397638797760009766e-01,5.839323520660400391e+00,5.289341926574707031e+00,1.548783540725708008e+00,2.953488528728485107e-01,4.331324100494384766e+00,7.666953086853027344e+00,4.535641670227050781e+00,5.025357246398925781e+00
1.903171920776367188e+01,7.811028957366943359e+00,8.717344284057617188e+00,5.866367340087890625e+00,1.274786710739135742e+00,2.390867233276367188e+00,8.892714977264404297e-01,5.620288372039794922e+00,5.230347156524658203e+00,1.570107817649841309e+00,2.888074517250061035e-01,5.113930702209472656e+00,7.522890567779541016e+00,4.693037986755371094e+00,5.043229103088378906e+00
1.953255462646484375e+01,7.769722938537597656e+00,8.687828063964843750e+00,5.750600337982177734e+00,1.245713353157043457e+00,2.544816493988037109e+00,9.116700887680053711e-01,5.471431732177734375e+00,5.170347213745117188e+00,1.593721270561218262e+00,3.026095628738403320e-01,5.467708587646484375e+00,7.442336082458496094e+00,4.786339759826660156e+00,5.064918041229248047e+00
2.003338813781738281e+01,7.747916221618652344e+00,8.664079666137695312e+00,5.541666507720947266e+00,1.230409622192382812e+00,2.630298137664794922e+00,9.228594899177551270e-01,5.400504589080810547e+00,5.129191398620605469e+00,1.536527276039123535e+00,3.218293488025665283e-01,5.421193122863769531e+00,7.387688159942626953e+00,4.820968151092529297e+00,5.079618930816650391e+00
2.053422355651855469e+01,7.643411636352539062e+00,8.632956504821777344e+00,5.440043449401855469e+00,1.217557430267333984e+00,2.686893701553344727e+00,9.281883239746093750e-01,5.386153697967529297e+00,5.109180450439453125e+00,1.554999232292175293e+00,3.617580831050872803e-01,5.375620365142822266e+00,7.366116523742675781e+00,4.814496517181396484e+00,5.085590839385986328e+00
2.103505897521972656e+01,7.463414669036865234e+00,8.573404312133789062e+00,5.386498451232910156e+00,1.202808499336242676e+00,2.726383209228515625e+00,9.308521747589111328e-01,5.408345699310302734e+00,5.105246543884277344e+00,1.657892346382141113e+00,4.183393418788909912e-01,5.343123435974121094e+00,7.356107711791992188e+00,4.782763957977294922e+00,5.084196090698242188e+00
2.153589248657226562e+01,7.225135326385498047e+00,8.478157043457031250e+00,5.349875926971435547e+00,1.183001518249511719e+00,2.754801511764526367e+00,9.320535063743591309e-01,5.451707839965820312e+00,5.111673355102539062e+00,1.841015696525573730e+00,4.941858351230621338e-01,5.316249847412109375e+00,7.349467754364013672e+00,4.736379146575927734e+00,5.077820301055908203e+00
2.203672790527343750e+01,6.950622081756591797e+00,8.343011856079101562e+00,5.315931797027587891e+00,1.155191779136657715e+00,2.775529146194458008e+00,9.323848485946655273e-01,5.506008148193359375e+00,5.124033451080322266e+00,2.099714756011962891e+00,5.944131612777709961e-01,5.288462638854980469e+00,7.343301296234130859e+00,4.682435512542724609e+00,5.068605422973632812e+00
2.253756332397460938e+01,6.666986942291259766e+00,8.166089057922363281e+00,5.274807929992675781e+00,1.122062087059020996e+00,2.791115283966064453e+00,9.328981041908264160e-01,5.564704418182373047e+00,5.139318466186523438e+00,2.418224811553955078e+00,7.263150215148925781e-01,5.251184463500976562e+00,7.337501525878906250e+00,4.625474452972412109e+00,5.058037281036376953e+00
2.303839683532714844e+01,6.396419525146484375e+00,7.944942951202392578e+00,5.232098579406738281e+00,1.122633576393127441e+00,2.804012775421142578e+00,9.368253946304321289e-01,5.623869419097900391e+00,5.155697345733642578e+00,2.774327516555786133e+00,9.065733551979064941e-01,5.203315734863281250e+00,7.331362247467041016e+00,4.568240165710449219e+00,5.046995162963867188e+00
2.353923225402832031e+01,6.147446632385253906e+00,7.667911529541015625e+00,5.227045536041259766e+00,1.287789463996887207e+00,2.817314147949218750e+00,9.500458836555480957e-01,5.681290626525878906e+00,5.172152042388916016e+00,3.151251554489135742e+00,1.188868641853332520e+00,5.119563102722167969e+00,7.323049545288085938e+00,4.512290000915527344e+00,5.035939216613769531e+00
2.404006767272949219e+01,5.907113075256347656e+00,7.298790931701660156e+00,5.353538513183593750e+00,1.952479839324951172e+00,2.834343433380126953e+00,9.789824485778808594e-01,5.735735893249511719e+00,5.188119888305664062e+00,3.556669712066650391e+00,1.692528963088989258e+00,4.918357849121093750e+00,7.310523033142089844e+00,4.458556652069091797e+00,5.025125980377197266e+00
2.454090118408203125e+01,5.663757324218750000e+00,6.833045959472656250e+00,5.685755252838134766e+00,3.498782396316528320e+00,2.852442979812622070e+00,1.008060812950134277e+00,5.785690307617187500e+00,5.202782630920410156e+00,3.973776340484619141e+00,2.405024766921997070e+00,4.529602050781250000e+00,7.295666217803955078e+00,4.408721446990966797e+00,5.015212535858154297e+00
2.504173660278320312e+01,5.455124855041503906e+00,6.383539199829101562e+00,5.949954032897949219e+00,4.786314964294433594e+00,2.858592510223388672e+00,1.011132240295410156e+00,5.829914093017578125e+00,5.215415000915527344e+00,4.308306694030761719e+00,3.037691593170166016e+00,4.228761672973632812e+00,7.286990165710449219e+00,4.364403247833251953e+00,5.006847858428955078e+00
2.554257011413574219e+01,5.301064968109130859e+00,6.003414630889892578e+00,5.980853557586669922e+00,5.323827266693115234e+00,2.857621669769287109e+00,1.002478241920471191e+00,5.869323253631591797e+00,5.226511478424072266e+00,4.542972564697265625e+00,3.552524328231811523e+00,4.177449226379394531e+00,7.280984401702880859e+00,4.324580192565917969e+00,4.999541759490966797e+00
2.604340553283691406e+01,5.193528652191162109e+00,5.698176860809326172e+00,5.864928722381591797e+00,5.473614215850830078e+00,2.854418277740478516e+00,9.922025203704833984e-01,5.904590129852294922e+00,5.236397266387939453e+00,4.703705787658691406e+00,3.973547458648681641e+00,4.276781558990478516e+00,7.274162292480468750e+00,4.288557529449462891e+00,4.992998600006103516e+00
2.654424095153808594e+01,5.121448040008544922e+00,5.467967510223388672e+00,5.692588329315185547e+00,5.457909584045410156e+00,2.850358247756958008e+00,9.832269549369812012e-01,5.936083793640136719e+00,5.245209693908691406e+00,4.811434745788574219e+00,4.298893928527832031e+00,4.428612232208251953e+00,7.265343189239501953e+00,4.256037712097167969e+00,4.987118721008300781e+00
2.704507446289062500e+01,5.074926853179931641e+00,5.305040836334228516e+00,5.520226478576660156e+00,5.381741046905517578e+00,2.845728158950805664e+00,9.761256575584411621e-01,5.964116096496582031e+00,5.253039836883544922e+00,4.881661415100097656e+00,4.534003257751464844e+00,4.577055454254150391e+00,7.254030227661132812e+00,4.226800441741943359e+00,4.981852054595947266e+00
2.754590988159179688e+01,5.045807838439941406e+00,5.195464611053466797e+00,5.374596118927001953e+00,5.294567108154296875e+00,2.840442895889282227e+00,9.707245230674743652e-01,5.988995075225830078e+00,5.259971618652343750e+00,4.926293849945068359e+00,4.695258140563964844e+00,4.699195384979248047e+00,7.239932537078857422e+00,4.200616836547851562e+00,4.977157592773437500e+00
2.804674530029296875e+01,5.027945518493652344e+00,5.124270915985107422e+00,5.262603282928466797e+00,5.217176437377929688e+00,2.834304094314575195e+00,9.666553139686584473e-01,6.011016845703125000e+00,5.266093730926513672e+00,4.954157352447509766e+00,4.802165031433105469e+00,4.791068077087402344e+00,7.222765922546386719e+00,4.177249431610107422e+00,4.972984790802001953e+00
2.854757881164550781e+01,5.017107486724853516e+00,5.078940868377685547e+00,5.181203842163085938e+00,5.155757904052734375e+00,2.827091455459594727e+00,9.635987877845764160e-01,6.030480861663818359e+00,5.271486759185791016e+00,4.971384525299072266e+00,4.871683597564697266e+00,4.856754779815673828e+00,7.202237606048583984e+00,4.156449794769287109e+00,4.969289302825927734e+00
2.904841423034667969e+01,5.010550975799560547e+00,5.050351619720458984e+00,5.124011516571044922e+00,5.109899520874023438e+00,2.818606138229370117e+00,9.613132476806640625e-01,6.047656059265136719e+00,5.276235103607177734e+00,4.982007503509521484e+00,4.916487216949462891e+00,4.902380943298339844e+00,7.178044319152832031e+00,4.137975692749023438e+00,4.966022491455078125e+00
2.954924964904785156e+01,5.006576061248779297e+00,5.032357215881347656e+00,5.084633827209472656e+00,5.076881408691406250e+00,2.808659791946411133e+00,9.597117304801940918e-01,6.062798976898193359e+00,5.280410766601562500e+00,4.988573551177978516e+00,4.945294857025146484e+00,4.933553218841552734e+00,7.149893283843994141e+00,4.121594429016113281e+00,4.963137149810791016e+00
3.005008316040039062e+01,5.004150867462158203e+00,5.021000862121582031e+00,5.057830810546875000e+00,5.053625583648681641e+00,2.797073364257812500e+00,9.588822722434997559e-01,6.076144695281982422e+00,5.284082412719726562e+00,4.992657184600830078e+00,4.963854312896728516e+00,4.954664230346679688e+00,7.117558479309082031e+00,4.107083320617675781e+00,4.960591316223144531e+00
3.055091857910156250e+01,5.002658367156982422e+00,5.013790607452392578e+00,5.039686203002929688e+00,5.037452220916748047e+00,2.783658981323242188e+00,9.591507315635681152e-01,6.087901592254638672e+00,5.287312507629394531e+00,4.995218276977539062e+00,4.975870609283447266e+00,4.968909740447998047e+00,7.080951690673828125e+00,4.094240665435791016e+00,4.958348751068115234e+00
3.105175209045410156e+01,5.001729488372802734e+00,5.009174346923828125e+00,5.027418136596679688e+00,5.026275157928466797e+00,2.768190383911132812e+00,9.612085223197937012e-01,6.098259925842285156e+00,5.290157318115234375e+00,4.996840953826904297e+00,4.983705520629882812e+00,4.978524684906005859e+00,7.040171146392822266e+00,4.082877159118652344e+00,4.956368923187255859e+00
3.155258750915527344e+01,5.001144409179687500e+00,5.006188392639160156e+00,5.019102573394775391e+00,5.018561363220214844e+00,2.750378131866455078e+00,9.662854075431823730e-01,6.107389450073242188e+00,5.292667388916015625e+00,4.997881889343261719e+00,4.988858699798583984e+00,4.985033988952636719e+00,6.995588302612304688e+00,4.072822570800781250e+00,4.954623222351074219e+00
3.205342102050781250e+01,5.000770568847656250e+00,5.004234790802001953e+00,5.013435363769531250e+00,5.013219356536865234e+00,2.729824781417846680e+00,9.762219190597534180e-01,6.115441799163818359e+00,5.294884681701660156e+00,4.998558521270751953e+00,4.992285251617431641e+00,4.989469051361083984e+00,6.947877883911132812e+00,4.063922405242919922e+00,4.953079223632812500e+00
3.255425643920898438e+01,5.000527381896972656e+00,5.002938270568847656e+00,5.009540557861328125e+00,5.009493827819824219e+00,2.706006526947021484e+00,9.935889840126037598e-01,6.122552871704101562e+00,5.296851158142089844e+00,4.999005317687988281e+00,4.994592189788818359e+00,4.992518424987792969e+00,6.898074626922607422e+00,4.056037425994873047e+00,4.951710700988769531e+00
3.305509185791015625e+01,5.000367641448974609e+00,5.002065181732177734e+00,5.006835460662841797e+00,5.006867408752441406e+00,2.678208351135253906e+00,1.021502852439880371e+00,6.128836631774902344e+00,5.298599720001220703e+00,4.999304294586181641e+00,4.996166706085205078e+00,4.994637966156005859e+00,6.847558975219726562e+00,4.049046993255615234e+00,4.950494766235351562e+00
3.355592727661132812e+01,5.000259876251220703e+00,5.001467704772949219e+00,5.004931449890136719e+00,5.004993915557861328e+00,2.645457983016967773e+00,1.063595890998840332e+00,6.134395599365234375e+00,5.300157070159912109e+00,4.999508380889892578e+00,4.997257709503173828e+00,4.996130466461181641e+00,6.798049926757812500e+00,4.042847156524658203e+00,4.949411869049072266e+00
3.405676269531250000e+01,5.000185966491699219e+00,5.001052856445312500e+00,5.003577232360839844e+00,5.003641605377197266e+00,2.606389284133911133e+00,1.123723268508911133e+00,6.139316558837890625e+00,5.301546573638916016e+00,4.999650001525878906e+00,4.998024940490722656e+00,4.997194766998291016e+00,6.751559257507324219e+00,4.037347316741943359e+00,4.948446750640869141e+00
3.455759429931640625e+01,3.505246639251708984e-01,6.815495014190673828e+00,9.089371681213378906e+00,8.221915245056152344e+00,9.039330482482910156e+00,8.822550773620605469e+00,6.281648159027099609e+00,5.332513809204101562e+00,8.827529907226562500e+00,5.782409191131591797e+00,2.400619834661483765e-01,4.480354487895965576e-01,3.923516273498535156e+00,4.933379173278808594e+00
3.505842971801757812e+01,9.351447820663452148e-01,6.036115169525146484e+00,9.552403450012207031e+00,9.617024421691894531e+00,9.733589172363281250e+00,9.806335449218750000e+00,6.372628688812255859e+00,5.361071586608886719e+00,8.437025070190429688e+00,3.480531215667724609e+00,1.962682306766510010e-01,1.771115660667419434e-01,3.768963575363159180e+00,4.903086185455322266e+00
3.555926513671875000e+01,1.602994680404663086e+00,2.112257242202758789e+00,9.429147720336914062e+00,9.365920066833496094e+00,9.166769981384277344e+00,9.483654022216796875e+00,6.255817413330078125e+00,5.340704441070556641e+00,8.062593460083007812e+00,7.686809539794921875e+00,5.312886238098144531e-01,6.805906295776367188e-01,3.926795959472656250e+00,4.920625209808349609e+00
3.606010055541992188e+01,2.476171970367431641e+00,1.148964762687683105e+00,8.619492530822753906e+00,9.112216949462890625e+00,8.580877304077148438e+00,9.288639068603515625e+00,6.226203441619873047e+00,5.336171150207519531e+00,7.501518726348876953e+00,8.092374801635742188e+00,1.787572145462036133e+00,1.240476012229919434e+00,3.958264350891113281e+00,4.924906253814697266e+00
3.656093597412109375e+01,3.279328346252441406e+00,1.313109040260314941e+00,5.834199905395507812e+00,8.175103187561035156e+00,7.629221916198730469e+00,9.165362358093261719e+00,6.219279289245605469e+00,5.337821483612060547e+00,6.919169902801513672e+00,8.104942321777343750e+00,5.556276798248291016e+00,2.237977027893066406e+00,3.962105274200439453e+00,4.927734375000000000e+00
3.706177139282226562e+01,3.933154582977294922e+00,1.767666578292846680e+00,4.523087024688720703e+00,4.161193847656250000e+00,5.410403728485107422e+00,8.420480728149414062e+00,6.209218025207519531e+00,5.333007335662841797e+00,6.364713191986083984e+00,7.869813442230224609e+00,6.533451080322265625e+00,4.707962512969970703e+00,3.977817535400390625e+00,4.933453083038330078e+00
3.756260299682617188e+01,4.449919700622558594e+00,2.386383056640625000e+00,3.880886554718017578e+00,2.262191534042358398e+00,3.234138011932373047e+00,5.191097736358642578e+00,6.191103458404541016e+00,5.326820850372314453e+00,5.866186141967773438e+00,7.489264488220214844e+00,6.434787750244140625e+00,6.483605384826660156e+00,4.002330780029296875e+00,4.941728115081787109e+00
3.806343841552734375e+01,4.861935138702392578e+00,3.080543756484985352e+00,3.702104091644287109e+00,1.393039107322692871e+00,2.164644241333007812e+00,1.675808906555175781e+00,6.170885086059570312e+00,5.318266868591308594e+00,5.430551052093505859e+00,6.967104911804199219e+00,6.449095726013183594e+00,7.413682460784912109e+00,4.038746833801269531e+00,4.951362133026123047e+00
3.856427383422851562e+01,5.199268817901611328e+00,3.790719747543334961e+00,3.695181846618652344e+00,1.049596309661865234e+00,1.782923460006713867e+00,3.818385303020477295e-01,6.142209529876708984e+00,5.310672760009765625e+00,5.049827575683593750e+00,6.359076976776123047e+00,6.423723220825195312e+00,7.607958793640136719e+00,4.072290420532226562e+00,4.959038257598876953e+00
3.906510925292968750e+01,5.515047073364257812e+00,4.469154357910156250e+00,3.770615816116333008e+00,9.213516116142272949e-01,1.754824638366699219e+00,1.802825778722763062e-01,6.114067077636718750e+00,5.307392120361328125e+00,4.745304107666015625e+00,5.721381664276123047e+00,6.419913291931152344e+00,7.755259513854980469e+00,4.112404823303222656e+00,4.968783855438232422e+00
3.956594467163085938e+01,5.828718662261962891e+00,4.984211444854736328e+00,3.862406730651855469e+00,8.512706756591796875e-01,1.810997724533081055e+00,1.691028326749801636e-01,6.079890727996826172e+00,5.302288532257080078e+00,4.506965637207031250e+00,4.991367340087890625e+00,6.417160987854003906e+00,7.793571472167968750e+00,4.164481639862060547e+00,4.979863166809082031e+00
4.006677627563476562e+01,6.039738178253173828e+00,5.729641914367675781e+00,3.959043025970458984e+00,8.032568097114562988e-01,1.887192487716674805e+00,1.948705166578292847e-01,6.034513950347900391e+00,5.293290138244628906e+00,4.246390342712402344e+00,4.618345260620117188e+00,6.434131145477294922e+00,7.773542404174804688e+00,4.224823951721191406e+00,4.991297245025634766e+00
4.056761169433593750e+01,6.264715671539306641e+00,6.284604549407958984e+00,4.030021190643310547e+00,7.682396173477172852e-01,1.968073368072509766e+00,2.324219197034835815e-01,5.980100631713867188e+00,5.281641483306884766e+00,4.041522502899169922e+00,4.147501945495605469e+00,6.410316944122314453e+00,7.744212627410888672e+00,4.290376663208007812e+00,5.003704071044921875e+00
4.106844711303710938e+01,6.461184978485107422e+00,6.701191902160644531e+00,4.092296123504638672e+00,7.424619197845458984e-01,2.045906543731689453e+00,2.761930525302886963e-01,5.921131134033203125e+00,5.267591476440429688e+00,3.852211952209472656e+00,3.677829980850219727e+00,6.383030891418457031e+00,7.714029312133789062e+00,4.357868671417236328e+00,5.016100406646728516e+00
4.156928253173828125e+01,6.632524013519287109e+00,7.033851623535156250e+00,4.184742927551269531e+00,7.238449454307556152e-01,2.116953134536743164e+00,3.227024972438812256e-01,5.861021518707275391e+00,5.251929759979248047e+00,3.676758289337158203e+00,3.255186796188354492e+00,6.419235706329345703e+00,7.682278633117675781e+00,4.423019886016845703e+00,5.027786731719970703e+00
4.207011795043945312e+01,1.319050431251525879e+00,6.060119152069091797e+00,6.639888763427734375e+00,1.794636964797973633e+00,2.825440883636474609e+00,2.051543712615966797e+00,5.942031383514404297e+00,5.300236701965332031e+00,8.228989601135253906e+00,8.107769966125488281e+00,2.624609947204589844e+00,7.129945755004882812e+00,4.332616329193115234e+00,4.970714092254638672e+00
4.257095336914062500e+01,2.081208705902099609e+00,7.129172325134277344e+00,6.604379177093505859e+00,3.197962522506713867e+00,3.376404285430908203e+00,3.377443075180053711e+00,6.014172077178955078e+00,5.359219074249267578e+00,7.713385105133056641e+00,6.572148799896240234e+00,2.333375215530395508e+00,6.652708053588867188e+00,4.208851337432861328e+00,4.918404102325439453e+00
4.307178497314453125e+01,2.495844125747680664e+00,6.493535518646240234e+00,5.697460651397705078e+00,1.849451422691345215e+00,2.687678813934326172e+00,1.605258584022521973e+00,5.813116550445556641e+00,5.266363143920898438e+00,7.415644645690917969e+00,6.922160148620605469e+00,4.601141929626464844e+00,7.189577579498291016e+00,4.461014270782470703e+00,5.011474132537841797e+00
4.357262039184570312e+01,2.903069257736206055e+00,5.823239326477050781e+00,4.822518825531005859e+00,1.466406583786010742e+00,2.537714719772338867e+00,1.095402479171752930e+00,5.729131698608398438e+00,5.229577541351318359e+00,7.059415817260742188e+00,5.718958854675292969e+00,5.923883914947509766e+00,7.383872032165527344e+00,4.548702716827392578e+00,5.040820121765136719e+00
4.407345581054687500e+01,3.616663932800292969e+00,5.484614372253417969e+00,4.749966621398925781e+00,1.286846637725830078e+00,2.514618873596191406e+00,9.506352543830871582e-01,5.684920310974121094e+00,5.211715221405029297e+00,6.575792789459228516e+00,6.061949253082275391e+00,6.240289211273193359e+00,7.434994697570800781e+00,4.587883472442626953e+00,5.052758216857910156e+00
4.457429122924804688e+01,4.159985065460205078e+00,5.143867492675781250e+00,4.419267177581787109e+00,1.174628376960754395e+00,2.501871109008789062e+00,8.704006671905517578e-01,5.655305862426757812e+00,5.199578762054443359e+00,6.042651176452636719e+00,5.654621601104736328e+00,6.077888011932373047e+00,7.451980590820312500e+00,4.613129138946533203e+00,5.060848236083984375e+00
4.507512664794921875e+01,4.560586452484130859e+00,5.040500164031982422e+00,4.325728893280029297e+00,1.057074785232543945e+00,2.482010126113891602e+00,7.923853397369384766e-01,5.633560180664062500e+00,5.189090251922607422e+00,5.511901855468750000e+00,5.206674098968505859e+00,6.189082145690917969e+00,7.463593006134033203e+00,4.632315635681152344e+00,5.066817283630371094e+00
4.557595825195312500e+01,5.004140377044677734e+00,5.294200897216796875e+00,4.432116985321044922e+00,9.421145319938659668e-01,2.457707643508911133e+00,7.146477699279785156e-01,5.617815017700195312e+00,5.181424140930175781e+00,5.203779697418212891e+00,4.963966369628906250e+00,6.571187019348144531e+00,7.477917671203613281e+00,4.647333621978759766e+00,5.072460651397705078e+00
4.607679367065429688e+01,5.365078449249267578e+00,5.641530513763427734e+00,4.353892803192138672e+00,8.446823954582214355e-01,2.433172464370727539e+00,6.457996368408203125e-01,5.606355190277099609e+00,5.175414562225341797e+00,4.911028861999511719e+00,4.683098316192626953e+00,6.568066120147705078e+00,7.489908695220947266e+00,4.658391952514648438e+00,5.076564311981201172e+00
4.657762908935546875e+01,5.682308673858642578e+00,6.024177074432373047e+00,4.199378013610839844e+00,7.706872224807739258e-01,2.414241313934326172e+00,5.922027230262756348e-01,5.598383426666259766e+00,5.171676158905029297e+00,4.656971454620361328e+00,4.368657112121582031e+00,6.367144584655761719e+00,7.502725601196289062e+00,4.666361808776855469e+00,5.079971313476562500e+00
4.707846450805664062e+01,5.958318233489990234e+00,6.390265464782714844e+00,4.174221038818359375e+00,7.185282111167907715e-01,2.402530193328857422e+00,5.555153489112854004e-01,5.593250274658203125e+00,5.169767856597900391e+00,4.428850650787353516e+00,4.024227619171142578e+00,6.336515426635742188e+00,7.513197898864746094e+00,4.672173023223876953e+00,5.082777500152587891e+00
4.757929992675781250e+01,6.197600841522216797e+00,6.715068817138671875e+00,4.184094905853271484e+00,6.836106181144714355e-01,2.397798538208007812e+00,5.340582132339477539e-01,5.589920997619628906e+00,5.168443202972412109e+00,4.220297813415527344e+00,3.667950391769409180e+00,6.331093788146972656e+00,7.518771648406982422e+00,4.676002979278564453e+00,5.084330081939697266e+00
4.808013534545898438e+01,6.403766632080078125e+00,6.991391181945800781e+00,4.215901374816894531e+00,6.611117124557495117e-01,2.399141311645507812e+00,5.248786807060241699e-01,5.587831497192382812e+00,5.167240142822265625e+00,4.027271270751953125e+00,3.318404197692871094e+00,6.341023445129394531e+00,7.519034385681152344e+00,4.677829265594482422e+00,5.084615230560302734e+00
4.858096694946289062e+01,6.580622196197509766e+00,7.222239971160888672e+00,4.254696846008300781e+00,6.472194790840148926e-01,2.405460357666015625e+00,5.249438285827636719e-01,5.586994171142578125e+00,5.166384220123291016e+00,3.847475051879882812e+00,2.989197731018066406e+00,6.350232601165771484e+00,7.514945030212402344e+00,4.677577495574951172e+00,5.084104537963867188e+00
4.908180236816406250e+01,6.732414245605468750e+00,7.414284706115722656e+00,4.295385360717773438e+00,6.392278075218200684e-01,2.415598392486572266e+00,5.316276550292968750e-01,5.587636947631835938e+00,5.165986061096191406e+00,3.679742574691772461e+00,2.687684059143066406e+00,6.356349468231201172e+00,7.507734298706054688e+00,4.675061702728271484e+00,5.082983970642089844e+00
4.958263778686523438e+01,6.863386154174804688e+00,7.574509620666503906e+00,4.336047649383544922e+00,6.353042721748352051e-01,2.428478956222534180e+00,5.428175330162048340e-01,5.590118885040283203e+00,5.166119575500488281e+00,3.523285150527954102e+00,2.416375398635864258e+00,6.360089778900146484e+00,7.498509883880615234e+00,4.670108318328857422e+00,5.081322193145751953e+00
5.008347320556640625e+01,6.977340221405029297e+00,7.708991050720214844e+00,4.375984191894531250e+00,6.342344284057617188e-01,2.443190097808837891e+00,5.569062829017639160e-01,5.594777584075927734e+00,5.166869640350341797e+00,3.377274990081787109e+00,2.174773216247558594e+00,6.362656593322753906e+00,7.488148212432861328e+00,4.662607192993164062e+00,5.079154968261718750e+00
5.058430862426757812e+01,1.634260416030883789e+00,8.907979011535644531e+00,6.616119861602783203e+00,4.246791362762451172e+00,3.132680416107177734e+00,2.786102294921875000e+00,5.808721065521240234e+00,5.278014659881591797e+00,8.171013832092285156e+00,8.879432678222656250e-01,5.428287029266357422e+00,6.910098552703857422e+00,4.405679702758789062e+00,4.979612350463867188e+00
5.108514022827148438e+01,2.096084356307983398e+00,7.897263050079345703e+00,5.550537586212158203e+00,2.052788972854614258e+00,2.713970899581909180e+00,1.407081007957458496e+00,5.688634872436523438e+00,5.210532665252685547e+00,7.709945678710937500e+00,3.507852077484130859e+00,5.896003246307373047e+00,7.222935676574707031e+00,4.555631160736083984e+00,5.039962291717529297e+00
5.158597564697265625e+01,2.761855840682983398e+00,6.773296356201171875e+00,4.922009944915771484e+00,1.373116135597229004e+00,2.602117776870727539e+00,9.977756738662719727e-01,5.662186145782470703e+00,5.193648815155029297e+00,7.210916996002197266e+00,4.500091552734375000e+00,5.980435371398925781e+00,7.328474521636962891e+00,4.588201522827148438e+00,5.056145668029785156e+00
5.208681106567382812e+01,3.455073118209838867e+00,6.022112369537353516e+00,4.655849933624267578e+00,1.178588867187500000e+00,2.581978797912597656e+00,8.907271027565002441e-01,5.665001869201660156e+00,5.191601753234863281e+00,6.691075801849365234e+00,4.799270629882812500e+00,5.999612808227539062e+00,7.359420776367187500e+00,4.584691047668457031e+00,5.058219909667968750e+00
5.258764648437500000e+01,4.034776210784912109e+00,5.666235446929931641e+00,4.482280731201171875e+00,1.081918120384216309e+00,2.576573848724365234e+00,8.424128293991088867e-01,5.675078392028808594e+00,5.192784786224365234e+00,6.148421287536621094e+00,4.842268943786621094e+00,5.999010562896728516e+00,7.374085426330566406e+00,4.572916507720947266e+00,5.057123184204101562e+00
5.308848190307617188e+01,4.606149673461914062e+00,5.638895511627197266e+00,4.374907493591308594e+00,9.855303764343261719e-01,2.568901777267456055e+00,7.939835190773010254e-01,5.686774730682373047e+00,5.194726467132568359e+00,5.801581382751464844e+00,4.808897495269775391e+00,6.064549922943115234e+00,7.392897129058837891e+00,4.559573173522949219e+00,5.055666446685791016e+00
5.358931732177734375e+01,4.963575363159179688e+00,5.730967521667480469e+00,4.263341903686523438e+00,8.835303783416748047e-01,2.552425146102905273e+00,7.387982010841369629e-01,5.699759006500244141e+00,5.197089672088623047e+00,5.341972827911376953e+00,4.628079414367675781e+00,6.090930938720703125e+00,7.403634548187255859e+00,4.546700954437255859e+00,5.054290771484375000e+00
5.409014892578125000e+01,5.324953556060791016e+00,5.956457614898681641e+00,4.213996887207031250e+00,7.886333465576171875e-01,2.532337665557861328e+00,6.823503971099853516e-01,5.712718963623046875e+00,5.199876785278320312e+00,5.024405479431152344e+00,4.411682128906250000e+00,6.165680885314941406e+00,7.414031982421875000e+00,4.533704757690429688e+00,5.052908897399902344e+00
5.459098434448242188e+01,5.659123420715332031e+00,6.247994422912597656e+00,4.190619468688964844e+00,7.113351225852966309e-01,2.513063430786132812e+00,6.312485337257385254e-01,5.725769996643066406e+00,5.202992916107177734e+00,4.769347190856933594e+00,4.158124446868896484e+00,6.226298809051513672e+00,7.426648616790771484e+00,4.520972251892089844e+00,5.051343917846679688e+00
5.509181976318359375e+01,5.942463397979736328e+00,6.546789646148681641e+00,4.177658081054687500e+00,6.548284888267517090e-01,2.496786594390869141e+00,5.898808240890502930e-01,5.738564014434814453e+00,5.206273078918457031e+00,4.535088539123535156e+00,3.867764949798583984e+00,6.252974510192871094e+00,7.439070701599121094e+00,4.508584022521972656e+00,5.049520969390869141e+00
5.559265518188476562e+01,6.182050704956054688e+00,6.819315910339355469e+00,4.187325477600097656e+00,6.170493364334106445e-01,2.484560012817382812e+00,5.598363280296325684e-01,5.750759601593017578e+00,5.209599018096923828e+00,4.318091869354248047e+00,3.554574251174926758e+00,6.277225971221923828e+00,7.448985099792480469e+00,4.496620178222656250e+00,5.047498226165771484e+00
5.609349060058593750e+01,6.387005329132080078e+00,7.057396411895751953e+00,4.214289665222167969e+00,5.938230752944946289e-01,2.476774692535400391e+00,5.406559705734252930e-01,5.762160301208496094e+00,5.212852001190185547e+00,4.118237495422363281e+00,3.239154338836669922e+00,6.301985263824462891e+00,7.455417633056640625e+00,4.485123634338378906e+00,5.045343399047851562e+00
5.659432220458984375e+01,6.562399387359619141e+00,7.262117862701416016e+00,4.250202655792236328e+00,5.809763073921203613e-01,2.473343133926391602e+00,5.308544635772705078e-01,5.772744178771972656e+00,5.215949058532714844e+00,3.933511018753051758e+00,2.936726093292236328e+00,6.323225498199462891e+00,7.458357334136962891e+00,4.474050998687744141e+00,5.043107032775878906e+00
5.709515762329101562e+01,6.712635040283203125e+00,7.436957359313964844e+00,4.290227413177490234e+00,5.751925110816955566e-01,2.473869323730468750e+00,5.286754369735717773e-01,5.782638072967529297e+00,5.218867778778076172e+00,3.762377262115478516e+00,2.655708551406860352e+00,6.340213298797607422e+00,7.458269119262695312e+00,4.463263988494873047e+00,5.040812969207763672e+00
5.759599304199218750e+01,6.842033863067626953e+00,7.585919857025146484e+00,4.331874370574951172e+00,5.741221308708190918e-01,2.477802038192749023e+00,5.324553847312927246e-01,5.792066097259521484e+00,5.221626281738281250e+00,3.603799581527709961e+00,2.399679660797119141e+00,6.353839397430419922e+00,7.455803871154785156e+00,4.452560424804687500e+00,5.038467884063720703e+00
5.809682846069335938e+01,6.954423427581787109e+00,7.712973117828369141e+00,4.373881816864013672e+00,5.762010812759399414e-01,2.484518289566040039e+00,5.407523512840270996e-01,5.801288604736328125e+00,5.224276065826416016e+00,3.456730604171752930e+00,2.169250488281250000e+00,6.365325927734375000e+00,7.451580524444580078e+00,4.441720008850097656e+00,5.036060810089111328e+00
5.859766387939453125e+01,7.053011894226074219e+00,7.821730613708496094e+00,4.415616989135742188e+00,5.804148912429809570e-01,2.493413209915161133e+00,5.523853898048400879e-01,5.810557842254638672e+00,5.226878166198730469e+00,3.319913148880004883e+00,1.963363528251647949e+00,6.375704765319824219e+00,7.446124076843261719e+00,4.430543422698974609e+00,5.033577919006347656e+00
5.909849929809570312e+01,7.140619754791259766e+00,7.915333747863769531e+00,4.456798076629638672e+00,5.861474871635437012e-01,2.503938913345336914e+00,5.664256215095520020e-01,5.820094108581542969e+00,5.229496479034423828e+00,3.191684961318969727e+00,1.780132055282592773e+00,6.385778427124023438e+00,7.439860820770263672e+00,4.418863773345947266e+00,5.031003952026367188e+00
5.959933090209960938e+01,7.220815658569335938e+00,7.996356010437011719e+00,4.497353553771972656e+00,5.930937528610229492e-01,2.515636444091796875e+00,5.821611881256103516e-01,5.830058097839355469e+00,5.232178211212158203e+00,3.068076610565185547e+00,1.617564201354980469e+00,6.396042346954345703e+00,7.433102130889892578e+00,4.406567573547363281e+00,5.028332233428955078e+00
6.010016632080078125e+01,7.300183296203613281e+00,8.066762924194335938e+00,4.537358760833740234e+00,6.012117862701416016e-01,2.528135061264038086e+00,5.990345478057861328e-01,5.840555191040039062e+00,5.234964370727539062e+00,2.938525915145874023e+00,1.474160313606262207e+00,6.406704425811767578e+00,7.426054477691650391e+00,4.393604278564453125e+00,5.025557041168212891e+00
6.060100173950195312e+01,7.386879444122314453e+00,8.128246307373046875e+00,4.576515674591064453e+00,6.105274558067321777e-01,2.541108846664428711e+00,6.165297627449035645e-01,5.851624965667724609e+00,5.237870693206787109e+00,2.787920713424682617e+00,1.348433613777160645e+00,6.417209625244140625e+00,7.418812274932861328e+00,4.379974842071533203e+00,5.022683620452880859e+00
6.110183715820312500e+01,7.485199451446533203e+00,8.182989120483398438e+00,4.613207817077636719e+00,6.209710836410522461e-01,2.554205894470214844e+00,6.342014074325561523e-01,5.863265037536621094e+00,5.240903377532958984e+00,2.607675552368164062e+00,1.237888336181640625e+00,6.425267696380615234e+00,7.411185264587402344e+00,4.365734100341796875e+00,5.019726753234863281e+00
6.160267257690429688e+01,7.602904319763183594e+00,8.236481666564941406e+00,4.637364864349365234e+00,6.340075731277465820e-01,2.566454172134399414e+00,6.525862812995910645e-01,5.875672340393066406e+00,5.244174957275390625e+00,2.387507438659667969e+00,1.139502406120300293e+00,6.415670871734619141e+00,7.400096416473388672e+00,4.351062774658203125e+00,5.016775608062744141e+00
6.210350418090820312e+01,7.726466178894042969e+00,8.287550926208496094e+00,4.649161815643310547e+00,6.476492285728454590e-01,2.578344821929931641e+00,6.705603003501892090e-01,5.888466358184814453e+00,5.247502803802490234e+00,2.148037672042846680e+00,1.049880266189575195e+00,6.390049934387207031e+00,7.388660907745361328e+00,4.335922718048095703e+00,5.013734340667724609e+00
6.260433959960937500e+01,7.836762905120849609e+00,8.334693908691406250e+00,4.655588626861572266e+00,6.598666310310363770e-01,2.590145349502563477e+00,6.872336268424987793e-01,5.901414394378662109e+00,5.250813484191894531e+00,1.926693439483642578e+00,9.668091535568237305e-01,6.360062122344970703e+00,7.378966808319091797e+00,4.320394992828369141e+00,5.010607242584228516e+00
6.310517501831054688e+01,7.927116870880126953e+00,8.378492355346679688e+00,4.659743785858154297e+00,6.704416275024414062e-01,2.601767301559448242e+00,7.025701999664306641e-01,5.914477348327636719e+00,5.254133701324462891e+00,1.740876317024230957e+00,8.893895149230957031e-01,6.330400466918945312e+00,7.370948314666748047e+00,4.304635047912597656e+00,5.007455348968505859e+00
6.360601043701171875e+01,7.997222423553466797e+00,8.419491767883300781e+00,4.662924766540527344e+00,6.795268058776855469e-01,2.613161087036132812e+00,7.166339159011840820e-01,5.927601814270019531e+00,5.257479190826416016e+00,1.593135356903076172e+00,8.172727227210998535e-01,6.302600383758544922e+00,7.364423274993896484e+00,4.288784503936767578e+00,5.004332065582275391e+00
6.410684204101562500e+01,8.049476623535156250e+00,8.457943916320800781e+00,4.665205955505371094e+00,6.871944665908813477e-01,2.624272823333740234e+00,7.294760942459106445e-01,5.940715789794921875e+00,5.260843276977539062e+00,1.478661417961120605e+00,7.506465911865234375e-01,6.276330947875976562e+00,7.359193801879882812e+00,4.272971630096435547e+00,5.001270771026611328e+00
6.460768127441406250e+01,8.085170745849609375e+00,8.492329597473144531e+00,4.652218341827392578e+00,6.867904663085937500e-01,2.637756586074829102e+00,7.350593209266662598e-01,5.063951015472412109e+00,5.040999412536621094e+00,1.391570925712585449e+00,6.952356100082397461e-01,6.233246803283691406e+00,7.366788387298583984e+00,4.985836505889892578e+00,5.014313697814941406e+00
6.510851287841796875e+01,8.109851837158203125e+00,8.525144577026367188e+00,4.654688358306884766e+00,6.914965510368347168e-01,2.647417545318603516e+00,7.461432218551635742e-01,5.498342514038085938e+00,5.085297584533691406e+00,1.325027942657470703e+00,6.419475674629211426e-01,6.212069988250732422e+00,7.361023426055908203e+00,4.646377563476562500e+00,5.075951576232910156e+00
6.560935211181640625e+01,8.122931480407714844e+00,8.553957939147949219e+00,4.655537128448486328e+00,6.946248412132263184e-01,2.656518459320068359e+00,7.561999559402465820e-01,5.713569164276123047e+00,5.154217243194580078e+00,1.275381326675415039e+00,5.962203741073608398e-01,6.190830230712890625e+00,7.355657100677490234e+00,4.463836669921875000e+00,5.053542137145996094e+00
6.611018371582031250e+01,8.125123023986816406e+00,8.578436851501464844e+00,4.654066562652587891e+00,6.962859034538269043e-01,2.665464401245117188e+00,7.653785943984985352e-01,5.839541435241699219e+00,5.204590320587158203e+00,1.239616990089416504e+00,5.581914186477661133e-01,6.168460369110107422e+00,7.351772785186767578e+00,4.349074363708496094e+00,5.027862071990966797e+00
6.661101531982421875e+01,8.116595268249511719e+00,8.598291397094726562e+00,4.650645256042480469e+00,6.966065168380737305e-01,2.674215555191040039e+00,7.737923860549926758e-01,5.918463706970214844e+00,5.237179279327392578e+00,1.216087222099304199e+00,5.275608301162719727e-01,6.145405769348144531e+00,7.349119186401367188e+00,4.274002075195312500e+00,5.009404659271240234e+00
6.711185455322265625e+01,8.097089767456054688e+00,8.613301277160644531e+00,4.645735263824462891e+00,6.957738399505615234e-01,2.682682275772094727e+00,7.815555930137634277e-01,5.969855785369873047e+00,5.257935047149658203e+00,1.203947067260742188e+00,5.037047863006591797e-01,6.122195243835449219e+00,7.347270965576171875e+00,4.223415374755859375e+00,4.997053146362304688e+00
6.761268615722656250e+01,8.066066741943359375e+00,8.623291015625000000e+00,4.639663696289062500e+00,6.940022706985473633e-01,2.690794467926025391e+00,7.887773513793945312e-01,6.004556655883789062e+00,5.271370410919189453e+00,1.202949285507202148e+00,4.858725965023040771e-01,6.099142551422119141e+00,7.345877170562744141e+00,4.188167095184326172e+00,4.988740444183349609e+00
6.811352539062500000e+01,8.022810935974121094e+00,8.628004074096679688e+00,4.632915496826171875e+00,6.915157437324523926e-01,2.698509931564331055e+00,7.955555915832519531e-01,6.028981208801269531e+00,5.280346870422363281e+00,1.213332295417785645e+00,4.733191728591918945e-01,6.076784610748291016e+00,7.344678878784179688e+00,4.162590503692626953e+00,4.982966423034667969e+00
6.861435699462890625e+01,7.966520309448242188e+00,8.627191543579101562e+00,4.625510215759277344e+00,6.885592341423034668e-01,2.705797195434570312e+00,8.019885420799255371e-01,6.046990871429443359e+00,5.286592006683349609e+00,1.235738754272460938e+00,4.654154479503631592e-01,6.055038452148437500e+00,7.343463420867919922e+00,4.143166542053222656e+00,4.978774070739746094e+00
6.911518859863281250e+01,7.896490573883056641e+00,8.620468139648437500e+00,4.617546081542968750e+00,6.854144334793090820e-01,2.712651491165161133e+00,8.081673383712768555e-01,6.060933113098144531e+00,5.291148185729980469e+00,1.271152496337890625e+00,4.616678357124328613e-01,6.033952713012695312e+00,7.342095375061035156e+00,4.127726554870605469e+00,4.975584506988525391e+00
6.961602783203125000e+01,7.812270164489746094e+00,8.607369422912597656e+00,4.608790397644042969e+00,6.824696660041809082e-01,2.719079256057739258e+00,8.141961097717285156e-01,6.072227954864501953e+00,5.294641494750976562e+00,1.320812344551086426e+00,4.617555141448974609e-01,6.013175487518310547e+00,7.340474605560302734e+00,4.114932060241699219e+00,4.973042011260986328e+00
7.011685943603515625e+01,7.713725090026855469e+00,8.587317466735839844e+00,4.598705291748046875e+00,6.802697777748107910e-01,2.725108861923217773e+00,8.201969265937805176e-01,6.081741333007812500e+00,5.297444820404052734e+00,1.386132001876831055e+00,4.655460119247436523e-01,5.991977214813232422e+00,7.338547229766845703e+00,4.103963375091552734e+00,4.970926284790039062e+00
7.061769866943359375e+01,7.602131366729736328e+00,8.557061195373535156e+00,4.575440406799316406e+00,6.743119359016418457e-01,2.736735343933105469e+00,8.232060074806213379e-01,4.922875404357910156e+00,4.921127319335937500e+00,1.463710188865661621e+00,4.756208062171936035e-01,5.956385135650634766e+00,7.354617118835449219e+00,5.118297100067138672e+00,5.119767189025878906e+00
7.111853027343750000e+01,7.477676391601562500e+00,8.521425247192382812e+00,4.562205791473388672e+00,6.769005656242370605e-01,2.741937398910522461e+00,8.299062252044677734e-01,5.422886848449707031e+00,5.017953872680664062e+00,1.564489722251892090e+00,4.871093332767486572e-01,5.934105873107910156e+00,7.351211547851562500e+00,4.700344562530517578e+00,5.109096527099609375e+00
7.161936187744140625e+01,7.342590332031250000e+00,8.476916313171386719e+00,4.547181606292724609e+00,6.834225058555603027e-01,2.745813131332397461e+00,8.370172977447509766e-01,5.699760913848876953e+00,5.126631736755371094e+00,1.684995412826538086e+00,5.032730698585510254e-01,5.911391735076904297e+00,7.344296455383300781e+00,4.456102848052978516e+00,5.063103199005126953e+00
7.212020111083984375e+01,7.198733806610107422e+00,8.421781539916992188e+00,4.528734683990478516e+00,6.961159110069274902e-01,2.749494791030883789e+00,8.448652029037475586e-01,5.867064476013183594e+00,5.198801517486572266e+00,1.825379371643066406e+00,5.248602628707885742e-01,5.886486530303955078e+00,7.336885452270507812e+00,4.301459312438964844e+00,5.025213718414306641e+00
7.262103271484375000e+01,7.048980236053466797e+00,8.355154037475585938e+00,4.506357192993164062e+00,7.177330851554870605e-01,2.753408193588256836e+00,8.537317514419555664e-01,5.970723628997802734e+00,5.243543148040771484e+00,1.984824895858764648e+00,5.534277558326721191e-01,5.859771728515625000e+00,7.329918384552001953e+00,4.202472686767578125e+00,5.000136852264404297e+00
7.312187194824218750e+01,6.896741390228271484e+00,8.276428222656250000e+00,4.479784488677978516e+00,7.521030902862548828e-01,2.757590532302856445e+00,8.639584183692932129e-01,6.035571575164794922e+00,5.270999431610107422e+00,2.161225318908691406e+00,5.911746025085449219e-01,5.833114147186279297e+00,7.323153495788574219e+00,4.139025688171386719e+00,4.984305858612060547e+00
7.362270355224609375e+01,6.745017051696777344e+00,8.184969902038574219e+00,4.447070121765136719e+00,8.047792911529541016e-01,2.762009620666503906e+00,8.759573101997375488e-01,6.076504707336425781e+00,5.287935733795166016e+00,2.351243257522583008e+00,6.412169933319091797e-01,5.809476852416992188e+00,7.316091537475585938e+00,4.098201751708984375e+00,4.974359989166259766e+00
7.412354278564453125e+01,6.596661567687988281e+00,8.080119132995605469e+00,4.403534889221191406e+00,8.837020397186279297e-01,2.766661643981933594e+00,8.902133107185363770e-01,6.102675437927246094e+00,5.298504829406738281e+00,2.550806283950805664e+00,7.082694172859191895e-01,5.794215679168701172e+00,7.308326244354248047e+00,4.071657180786132812e+00,4.968054294586181641e+00
7.462437438964843750e+01,6.453439235687255859e+00,7.960669040679931641e+00,4.347926139831542969e+00,1.000356793403625488e+00,2.771548271179199219e+00,9.075530171394348145e-01,6.119714260101318359e+00,5.305200576782226562e+00,2.755921363830566406e+00,7.994863986968994141e-01,5.789093494415283203e+00,7.299493789672851562e+00,4.054086685180664062e+00,4.963983058929443359e+00
7.512520599365234375e+01,6.316116809844970703e+00,7.824391365051269531e+00,4.303949356079101562e+00,1.171771049499511719e+00,2.776817321777343750e+00,9.296239614486694336e-01,6.131091117858886719e+00,5.309531688690185547e+00,2.964086294174194336e+00,9.261592626571655273e-01,5.778142452239990234e+00,7.289204120635986328e+00,4.042148590087890625e+00,4.961288928985595703e+00
7.562604522705078125e+01,6.183454990386962891e+00,7.666974544525146484e+00,4.328692913055419922e+00,1.425888419151306152e+00,2.783011913299560547e+00,9.589101672172546387e-01,6.138930797576904297e+00,5.312413692474365234e+00,3.175605773925781250e+00,1.105343818664550781e+00,5.722595214843750000e+00,7.276859283447265625e+00,4.033758163452148438e+00,4.959446907043457031e+00
7.612687683105468750e+01,6.052427768707275391e+00,7.482409477233886719e+00,4.473700046539306641e+00,1.806403040885925293e+00,2.790998697280883789e+00,9.967562556266784668e-01,6.144547462463378906e+00,5.314390659332275391e+00,3.392862319946289062e+00,1.357483506202697754e+00,5.586023807525634766e+00,7.261685848236083984e+00,4.027625560760498047e+00,4.958136081695556641e+00
7.662771606445312500e+01,5.920712947845458984e+00,7.267566204071044922e+00,4.729867935180664062e+00,2.352479219436645508e+00,2.800860643386840820e+00,1.039230704307556152e+00,6.148722648620605469e+00,5.315799236297607422e+00,3.615556478500366211e+00,1.692241311073303223e+00,5.369459152221679688e+00,7.243473529815673828e+00,4.022974491119384766e+00,4.957173347473144531e+00
7.712854766845703125e+01,5.789324760437011719e+00,7.028178215026855469e+00,5.024565696716308594e+00,3.027574300765991211e+00,2.810195207595825195e+00,1.076132535934448242e+00,6.151922225952148438e+00,5.316825866699218750e+00,3.835508823394775391e+00,2.087645292282104492e+00,5.119452953338623047e+00,7.223493576049804688e+00,4.019351005554199219e+00,4.956446647644042969e+00
7.762937927246093750e+01,5.663309097290039062e+00,6.778266906738281250e+00,5.277490615844726562e+00,3.692299127578735352e+00,2.815527200698852539e+00,1.099306941032409668e+00,6.154439926147460938e+00,5.317592620849609375e+00,4.039811611175537109e+00,2.498657226562500000e+00,4.897385120391845703e+00,7.203545570373535156e+00,4.016467094421386719e+00,4.955891132354736328e+00
7.813021850585937500e+01,5.547752380371093750e+00,6.531243324279785156e+00,5.448789596557617188e+00,4.225465297698974609e+00,2.815787553787231445e+00,1.108844995498657227e+00,6.156477928161621094e+00,5.318182945251464844e+00,4.219657421112060547e+00,2.889893054962158203e+00,4.739458560943603516e+00,7.183816432952880859e+00,4.014112472534179688e+00,4.955459117889404297e+00
7.863105010986328125e+01,5.445473194122314453e+00,6.296132564544677734e+00,5.539277076721191406e+00,4.601335048675537109e+00,2.811938047409057617e+00,1.109057068824768066e+00,6.158178329467773438e+00,5.318652153015136719e+00,4.372756004333496094e+00,3.245336532592773438e+00,4.648878097534179688e+00,7.163262367248535156e+00,4.012134075164794922e+00,4.955106735229492188e+00
7.913188934326171875e+01,5.357459545135498047e+00,6.079214096069335938e+00,5.567565441131591797e+00,4.848050594329833984e+00,2.805145263671875000e+00,1.104016184806823730e+00,6.159633159637451172e+00,5.319044113159179688e+00,4.500495910644531250e+00,3.559522390365600586e+00,4.611907482147216797e+00,7.140800952911376953e+00,4.010431289672851562e+00,4.954810142517089844e+00
7.963272094726562500e+01,5.283398628234863281e+00,5.884810447692871094e+00,5.554056644439697266e+00,5.002360343933105469e+00,2.796175956726074219e+00,1.096497654914855957e+00,6.160902976989746094e+00,5.319374561309814453e+00,4.605489253997802734e+00,3.830695152282714844e+00,4.611541748046875000e+00,7.115629196166992188e+00,4.008938789367675781e+00,4.954555988311767578e+00
8.013355255126953125e+01,5.222378730773925781e+00,5.715595245361328125e+00,5.515984058380126953e+00,5.094391345977783203e+00,2.785437583923339844e+00,1.088351488113403320e+00,6.162025451660156250e+00,5.319664478302001953e+00,4.690643787384033203e+00,4.059649467468261719e+00,4.633112907409667969e+00,7.087257385253906250e+00,4.007615089416503906e+00,4.954331874847412109e+00
8.063439178466796875e+01,5.173020839691162109e+00,5.572235584259033203e+00,5.465938568115234375e+00,5.145724773406982422e+00,2.773083925247192383e+00,1.080882191658020020e+00,6.163025379180908203e+00,5.319923877716064453e+00,4.758840560913085938e+00,4.249030113220214844e+00,4.665830135345458984e+00,7.055431842803955078e+00,4.006433486938476562e+00,4.954133987426757812e+00
8.113522338867187500e+01,5.133721351623535156e+00,5.453627109527587891e+00,5.412343978881835938e+00,5.171121597290039062e+00,2.759082317352294922e+00,1.075278162956237793e+00,6.163922309875488281e+00,5.320151805877685547e+00,4.812819004058837891e+00,4.402897834777832031e+00,4.702511310577392578e+00,7.020110607147216797e+00,4.005369186401367188e+00,4.953955173492431641e+00
8.163606262207031250e+01,5.102871894836425781e+00,5.357475280761718750e+00,5.360342025756835938e+00,5.180310726165771484e+00,2.743258714675903320e+00,1.072902202606201172e+00,6.164731979370117188e+00,5.320362091064453125e+00,4.855108261108398438e+00,4.526186466217041016e+00,4.738857746124267578e+00,6.981504917144775391e+00,4.004410266876220703e+00,4.953794479370117188e+00
8.213689422607421875e+01,5.078906059265136719e+00,5.280729293823242188e+00,5.312565326690673828e+00,5.179575920104980469e+00,2.725303411483764648e+00,1.075509428977966309e+00,6.165459632873535156e+00,5.320549011230468750e+00,4.887961864471435547e+00,4.623914241790771484e+00,4.772614002227783203e+00,6.940039157867431641e+00,4.003541469573974609e+00,4.953648567199707031e+00
8.263772583007812500e+01,5.060452461242675781e+00,5.220201492309570312e+00,5.270047187805175781e+00,5.172852993011474609e+00,2.704799413681030273e+00,1.085292339324951172e+00,6.166121959686279297e+00,5.320722103118896484e+00,4.913326740264892578e+00,4.700882434844970703e+00,4.802881240844726562e+00,6.896417617797851562e+00,4.002753257751464844e+00,4.953516006469726562e+00
8.313856506347656250e+01,5.046326160430908203e+00,5.172837257385253906e+00,5.232843399047851562e+00,5.162594795227050781e+00,2.681202888488769531e+00,1.104934573173522949e+00,6.166721343994140625e+00,5.320882797241210938e+00,4.932831287384033203e+00,4.761311054229736328e+00,4.829522132873535156e+00,6.851571083068847656e+00,4.002037048339843750e+00,4.953396797180175781e+00
8.363939666748046875e+01,5.035548686981201172e+00,5.135928153991699219e+00,5.200508594512939453e+00,5.150307178497314453e+00,2.653825044631958008e+00,1.137483596801757812e+00,6.167265892028808594e+00,5.321028232574462891e+00,4.947803497314453125e+00,4.808757781982421875e+00,4.852797031402587891e+00,6.806678295135498047e+00,4.001385211944580078e+00,4.953284263610839844e+00
8.414023590087890625e+01,5.027344226837158203e+00,5.107219696044921875e+00,5.172439575195312500e+00,5.136942386627197266e+00,2.621776819229125977e+00,1.186222672462463379e+00,6.167759895324707031e+00,5.321164131164550781e+00,4.959298133850097656e+00,4.846130847930908203e+00,4.873115062713623047e+00,6.763155460357666016e+00,4.000792980194091797e+00,4.953183650970458984e+00
8.464106750488281250e+01,5.021173000335693359e+00,5.086163520812988281e+00,5.158638477325439453e+00,5.140132427215576172e+00,2.579217910766601562e+00,1.228763461112976074e+00,5.062663555145263672e+00,5.059794425964355469e+00,4.968113899230957031e+00,4.873106956481933594e+00,4.882999420166015625e+00,6.681487560272216797e+00,4.975978374481201172e+00,4.979075431823730469e+00
8.514190673828125000e+01,5.016410350799560547e+00,5.068480968475341797e+00,5.134947776794433594e+00,5.122428894042968750e+00,2.535140275955200195e+00,1.317712664604187012e+00,5.563421726226806641e+00,5.097167491912841797e+00,4.974889278411865234e+00,4.897057533264160156e+00,4.900337219238281250e+00,6.643921375274658203e+00,4.563170433044433594e+00,5.055383682250976562e+00
8.564273834228515625e+01,5.012776851654052734e+00,5.054638385772705078e+00,5.114270210266113281e+00,5.105499267578125000e+00,2.482877969741821289e+00,1.437124729156494141e+00,5.809418201446533203e+00,5.173855781555175781e+00,4.980130195617675781e+00,4.916270732879638672e+00,4.915534973144531250e+00,6.619400501251220703e+00,4.346170425415039062e+00,5.032945156097412109e+00
8.614356994628906250e+01,5.009996891021728516e+00,5.043791294097900391e+00,5.096650600433349609e+00,5.090376377105712891e+00,2.421153545379638672e+00,1.584072589874267578e+00,5.950535297393798828e+00,5.230073451995849609e+00,4.984207630157470703e+00,4.931704998016357422e+00,4.928539276123046875e+00,6.604727745056152344e+00,4.213692665100097656e+00,5.005082130432128906e+00
8.664440917968750000e+01,5.007868766784667969e+00,5.035294055938720703e+00,5.081849098205566406e+00,5.077285766601562500e+00,2.351543664932250977e+00,1.752094864845275879e+00,6.035725116729736328e+00,5.265845775604248047e+00,4.987384319305419922e+00,4.944074153900146484e+00,4.939497947692871094e+00,6.595989227294921875e+00,4.131267070770263672e+00,4.985407829284667969e+00
8.714524078369140625e+01,5.006240367889404297e+00,5.028659343719482422e+00,5.069597721099853516e+00,5.066223144531250000e+00,2.279141664505004883e+00,1.933695912361145020e+00,6.087851524353027344e+00,5.287854671478271484e+00,4.989852905273437500e+00,4.953921794891357422e+00,4.948588371276855469e+00,6.589938163757324219e+00,4.079934120178222656e+00,4.972893714904785156e+00
8.764608001708984375e+01,5.004995346069335938e+00,5.023485660552978516e+00,5.059525966644287109e+00,5.056972503662109375e+00,2.212587356567382812e+00,2.121493101119995117e+00,6.119849681854248047e+00,5.301300048828125000e+00,4.991769790649414062e+00,4.961742877960205078e+00,4.956072807312011719e+00,6.582820415496826172e+00,4.048075199127197266e+00,4.965159416198730469e+00
8.814691162109375000e+01,5.056846141815185547e+00,5.308465480804443359e+00,5.912323951721191406e+00,5.904731750488281250e+00,4.112426340579986572e-01,1.267644643783569336e+00,6.186035156250000000e+00,5.336557388305664062e+00,4.905848026275634766e+00,4.483519077301025391e+00,4.292540073394775391e+00,8.801094055175781250e+00,4.046007633209228516e+00,4.979008197784423828e+00
8.864774322509765625e+01,5.029980182647705078e+00,5.168517112731933594e+00,5.536072254180908203e+00,5.548269748687744141e+00,1.995839357376098633e+00,7.719610333442687988e-01,6.139236450195312500e+00,5.332434177398681641e+00,4.945773124694824219e+00,4.700224399566650391e+00,4.586491107940673828e+00,7.729832649230957031e+00,4.084919929504394531e+00,4.971754550933837891e+00
8.914858245849609375e+01,5.022401809692382812e+00,5.127836227416992188e+00,5.418409824371337891e+00,5.432157039642333984e+00,2.556543111801147461e+00,9.061100482940673828e-01,6.082214355468750000e+00,5.317611694335937500e+00,4.958213329315185547e+00,4.767377853393554688e+00,4.677890777587890625e+00,7.416872978210449219e+00,4.130990982055664062e+00,4.972173690795898438e+00
8.964941406250000000e+01,5.018065929412841797e+00,5.104172706604003906e+00,5.348036289215087891e+00,5.361711978912353516e+00,2.749872207641601562e+00,9.367977976799011230e-01,6.045947551727294922e+00,5.302840232849121094e+00,4.965900897979736328e+00,4.808545589447021484e+00,4.733212947845458984e+00,7.316164016723632812e+00,4.159304618835449219e+00,4.976404190063476562e+00
9.015025329589843750e+01,5.014772415161132812e+00,5.085813999176025391e+00,5.291103363037109375e+00,5.303611755371093750e+00,2.817583799362182617e+00,9.460031390190124512e-01,6.030404567718505859e+00,5.293623447418212891e+00,4.971995353698730469e+00,4.841658115386962891e+00,4.778015613555908203e+00,7.285396099090576172e+00,4.169091701507568359e+00,4.979437351226806641e+00
9.065108489990234375e+01,5.012078762054443359e+00,5.070578098297119141e+00,5.242368221282958984e+00,5.253374576568603516e+00,2.841926097869873047e+00,9.490236639976501465e-01,6.028473854064941406e+00,5.289477348327636719e+00,4.977060794830322266e+00,4.869534015655517578e+00,4.816112518310546875e+00,7.277788162231445312e+00,4.166716098785400391e+00,4.980414867401123047e+00
9.115191650390625000e+01,5.009837627410888672e+00,5.057757377624511719e+00,5.200351238250732422e+00,5.209801673889160156e+00,2.851258039474487305e+00,9.500430226325988770e-01,6.034273624420166016e+00,5.288742542266845703e+00,4.981302738189697266e+00,4.893136024475097656e+00,4.848684310913085938e+00,7.277850151062011719e+00,4.157524585723876953e+00,4.979814052581787109e+00
9.165275573730468750e+01,5.007949352264404297e+00,5.046899795532226562e+00,5.164348602294921875e+00,5.172682285308837891e+00,2.857243776321411133e+00,9.503874182701110840e-01,5.590125083923339844e+00,5.146492958068847656e+00,4.984894275665283203e+00,4.913176059722900391e+00,4.876358985900878906e+00,7.285628318786621094e+00,4.549619674682617188e+00,5.024986743927001953e+00
9.215358734130859375e+01,5.006408691406250000e+00,5.037925720214843750e+00,5.133790493011474609e+00,5.140655517578125000e+00,2.858827352523803711e+00,9.504997134208679199e-01,5.801280498504638672e+00,5.190108776092529297e+00,4.987818717956542969e+00,4.929762363433837891e+00,4.899691581726074219e+00,7.286976814270019531e+00,4.367383003234863281e+00,5.026841640472412109e+00
9.265442657470703125e+01,5.005139350891113281e+00,5.030487537384033203e+00,5.108138561248779297e+00,5.113728046417236328e+00,2.859844923019409180e+00,9.505351185798645020e-01,5.918155670166015625e+00,5.231033802032470703e+00,4.990231990814208984e+00,4.943527698516845703e+00,4.919157505035400391e+00,7.288756370544433594e+00,4.258368968963623047e+00,5.008702278137207031e+00
9.315525817871093750e+01,5.004099369049072266e+00,5.024364471435546875e+00,5.086808204650878906e+00,5.091315746307373047e+00,2.860633850097656250e+00,9.505403041839599609e-01,5.990364551544189453e+00,5.259289264678955078e+00,4.992210388183593750e+00,4.954865455627441406e+00,4.935259342193603516e+00,7.290597438812255859e+00,4.188146114349365234e+00,4.993341445922851562e+00
9.365608978271484375e+01,5.003252983093261719e+00,5.019364833831787109e+00,5.069246768951416016e+00,5.072849750518798828e+00,2.861280918121337891e+00,9.505369067192077637e-01,6.037182807922363281e+00,5.277726173400878906e+00,4.993821144104003906e+00,4.964125156402587891e+00,4.948459148406982422e+00,7.292281627655029297e+00,4.141327381134033203e+00,4.982661247253417969e+00
9.415692901611328125e+01,5.002570152282714844e+00,5.015314579010009766e+00,5.054918766021728516e+00,5.057775974273681641e+00,2.861786127090454102e+00,9.505336284637451172e-01,6.068525314331054688e+00,5.289761543273925781e+00,4.995121955871582031e+00,4.971630573272705078e+00,4.959189891815185547e+00,7.293649196624755859e+00,4.109265327453613281e+00,4.975454807281494141e+00
9.465776062011718750e+01,5.002020835876464844e+00,5.012054920196533203e+00,5.043325901031494141e+00,5.045576095581054688e+00,2.862124681472778320e+00,9.505285620689392090e-01,6.090147018432617188e+00,5.297763347625732422e+00,4.996166229248046875e+00,4.977672576904296875e+00,4.967847824096679688e+00,7.294578075408935547e+00,4.086688041687011719e+00,4.970530033111572266e+00
9.515859985351562500e+01,5.001583576202392578e+00,5.009449481964111328e+00,5.034019947052001953e+00,5.035779476165771484e+00,2.862269401550292969e+00,9.505225419998168945e-01,6.105545997619628906e+00,5.303233623504638672e+00,4.996998786926269531e+00,4.982501029968261719e+00,4.974781990051269531e+00,7.294977188110351562e+00,4.070296287536621094e+00,4.967078685760498047e+00
9.565943145751953125e+01,5.001236438751220703e+00,5.007378101348876953e+00,5.026598930358886719e+00,5.027967929840087891e+00,2.862188339233398438e+00,9.505190253257751465e-01,6.116880416870117188e+00,5.307090282440185547e+00,4.997659683227539062e+00,4.986338615417480469e+00,4.980300426483154297e+00,7.294746875762939453e+00,4.058011054992675781e+00,4.964573860168457031e+00
9.616027069091796875e+01,5.000962257385253906e+00,5.005743503570556641e+00,5.020720005035400391e+00,5.021780014038085938e+00,2.861852407455444336e+00,9.505137205123901367e-01,6.125504970550537109e+00,5.309906005859375000e+00,4.998180866241455078e+00,4.989369392395019531e+00,4.984665870666503906e+00,7.293805599212646484e+00,4.048513889312744141e+00,4.962700366973876953e+00
9.666110229492187500e+01,5.000747680664062500e+00,5.004456996917724609e+00,5.016088962554931641e+00,5.016906261444091797e+00,2.861217021942138672e+00,9.505107402801513672e-01,6.132265090942382812e+00,5.312026500701904297e+00,4.998590469360351562e+00,4.991753101348876953e+00,4.988101482391357422e+00,7.292028903961181641e+00,4.040958881378173828e+00,4.961247920989990234e+00
9.716193389892578125e+01,5.000579833984375000e+00,5.003450393676757812e+00,5.012458324432373047e+00,5.013085842132568359e+00,2.860240697860717773e+00,9.505064487457275391e-01,6.137711524963378906e+00,5.313676834106445312e+00,4.998910427093505859e+00,4.993617534637451172e+00,4.990791797637939453e+00,7.289299011230468750e+00,4.034802436828613281e+00,4.960093498229980469e+00
9.766277313232421875e+01,5.000448703765869141e+00,5.002665996551513672e+00,5.009626388549804688e+00,5.010107040405273438e+00,2.858867168426513672e+00,9.505020976066589355e-01,6.142195224761962891e+00,5.315001010894775391e+00,4.999159336090087891e+00,4.995071411132812500e+00,4.992888927459716797e+00,7.285463333129882812e+00,4.029685020446777344e+00,4.959150314331054688e+00
9.816360473632812500e+01,5.000347137451171875e+00,5.002056598663330078e+00,5.007425308227539062e+00,5.007792949676513672e+00,2.857032299041748047e+00,9.504985809326171875e-01,6.145952224731445312e+00,5.316081047058105469e+00,4.999353408813476562e+00,4.996199607849121094e+00,4.994517326354980469e+00,7.280335903167724609e+00,4.025363922119140625e+00,4.958364009857177734e+00
9.866444396972656250e+01,5.000268459320068359e+00,5.001585960388183594e+00,5.005722045898437500e+00,5.006002426147460938e+00,2.854657411575317383e+00,9.504966139793395996e-01,6.149147033691406250e+00,5.316984176635742188e+00,4.999502658843994141e+00,4.997073173522949219e+00,4.995778083801269531e+00,7.273700237274169922e+00,4.021669864654541016e+00,4.957702159881591797e+00
9.916527557373046875e+01,5.000207901000976562e+00,5.001222133636474609e+00,5.004405975341796875e+00,5.004621028900146484e+00,2.851645469665527344e+00,9.504916071891784668e-01,6.151885986328125000e+00,5.317747116088867188e+00,4.999618053436279297e+00,4.997746467590332031e+00,4.996750354766845703e+00,7.265290737152099609e+00,4.018486499786376953e+00,4.957133293151855469e+00
9.966610717773437500e+01,5.000161170959472656e+00,5.000942230224609375e+00,5.003393650054931641e+00,5.003558158874511719e+00,2.847894191741943359e+00,9.504916071891784668e-01,6.154256343841552734e+00,5.318400382995605469e+00,4.999707221984863281e+00,4.998265266418457031e+00,4.997499465942382812e+00,7.254814624786376953e+00,4.015724182128906250e+00,4.956643581390380859e+00
1.001669464111328125e+02,5.000125408172607422e+00,5.000727176666259766e+00,5.002616405487060547e+00,5.002742767333984375e+00,2.843276739120483398e+00,9.505010843276977539e-01,6.156318187713623047e+00,5.318966865539550781e+00,4.999775409698486328e+00,4.998663425445556641e+00,4.998073577880859375e+00,7.241925716400146484e+00,4.013315677642822266e+00,4.956219196319580078e+00
1.006677780151367188e+02,5.000098228454589844e+00,5.000562667846679688e+00,5.002020835876464844e+00,5.002118110656738281e+00,2.837652206420898438e+00,9.505224227905273438e-01,6.158116817474365234e+00,5.319454193115234375e+00,4.999827861785888672e+00,4.998968601226806641e+00,4.998513698577880859e+00,7.226232051849365234e+00,4.011209011077880859e+00,4.955846786499023438e+00
1.011686172485351562e+02,5.000077247619628906e+00,5.000436782836914062e+00,5.001564979553222656e+00,5.001640796661376953e+00,2.830871820449829102e+00,9.505739212036132812e-01,6.159691333770751953e+00,5.319882392883300781e+00,4.999867439270019531e+00,4.999202251434326172e+00,4.998850345611572266e+00,7.207335472106933594e+00,4.009363174438476562e+00,4.955523490905761719e+00
1.016694488525390625e+02,5.000061035156250000e+00,5.000339984893798828e+00,5.001216888427734375e+00,5.001276493072509766e+00,2.822763681411743164e+00,9.507089853286743164e-01,6.161072254180908203e+00,5.320254325866699219e+00,4.999897956848144531e+00,4.999381065368652344e+00,4.999107837677001953e+00,7.184799671173095703e+00,4.007741451263427734e+00,4.955236434936523438e+00
1.021702804565429688e+02,5.000048637390136719e+00,5.000266075134277344e+00,5.000950336456298828e+00,5.000998020172119141e+00,2.813161373138427734e+00,9.510204195976257324e-01,6.162285804748535156e+00,5.320581436157226562e+00,4.999921798706054688e+00,4.999517917633056641e+00,4.999304771423339844e+00,7.158233165740966797e+00,4.006315231323242188e+00,4.954986572265625000e+00
1.026711196899414062e+02,5.000039100646972656e+00,5.000210285186767578e+00,5.000747680664062500e+00,5.000786781311035156e+00,2.801882743835449219e+00,9.517194628715515137e-01,6.163354396820068359e+00,5.320869922637939453e+00,4.999939918518066406e+00,4.999621868133544922e+00,4.999454498291015625e+00,7.127299308776855469e+00,4.005060195922851562e+00,4.954767227172851562e+00
1.031719512939453125e+02,5.000031948089599609e+00,5.000167369842529297e+00,5.000592708587646484e+00,5.000624656677246094e+00,2.788726329803466797e+00,9.532344937324523926e-01,6.164293766021728516e+00,5.321118831634521484e+00,4.999953269958496094e+00,4.999702453613281250e+00,4.999569416046142578e+00,7.091776847839355469e+00,4.003952026367187500e+00,4.954573631286621094e+00
1.036727905273437500e+02,5.000026702880859375e+00,5.000133991241455078e+00,5.000474452972412109e+00,5.000501155853271484e+00,2.773466348648071289e+00,9.563341736793518066e-01,6.165122985839843750e+00,5.321344375610351562e+00,4.999963760375976562e+00,4.999763488769531250e+00,4.999657154083251953e+00,7.051646232604980469e+00,4.002976417541503906e+00,4.954402923583984375e+00
1.041736221313476562e+02,5.000022411346435547e+00,5.000108718872070312e+00,5.000382900238037109e+00,5.000405788421630859e+00,2.755819559097290039e+00,9.623040556907653809e-01,6.165853023529052734e+00,5.321540355682373047e+00,4.999971866607666016e+00,4.999809741973876953e+00,4.999724388122558594e+00,7.007146835327148438e+00,4.002113819122314453e+00,4.954250812530517578e+00
1.046744537353515625e+02,5.000019550323486328e+00,5.000089168548583984e+00,5.000312805175781250e+00,5.000332832336425781e+00,2.735439777374267578e+00,9.730959534645080566e-01,6.166499137878417969e+00,5.321715831756591797e+00,4.999978065490722656e+00,4.999846935272216797e+00,4.999776363372802734e+00,6.958860397338867188e+00,4.001349925994873047e+00,4.954117298126220703e+00
1.051752929687500000e+02,5.000016689300537109e+00,5.000074386596679688e+00,5.000258445739746094e+00,5.000275611877441406e+00,2.711883068084716797e+00,9.913614988327026367e-01,6.167071342468261719e+00,5.321873664855957031e+00,4.999982833862304688e+00,4.999874591827392578e+00,4.999816894531250000e+00,6.907737255096435547e+00,4.000672340393066406e+00,4.953999996185302734e+00
1.056761245727539062e+02,5.000014781951904297e+00,5.000062465667724609e+00,5.000215053558349609e+00,5.000230312347412109e+00,2.684580802917480469e+00,1.020434141159057617e+00,6.167580604553222656e+00,5.322011470794677734e+00,4.999986648559570312e+00,4.999897003173828125e+00,4.999849319458007812e+00,6.855115890502929688e+00,4.000068664550781250e+00,4.953893184661865234e+00
1.061769638061523438e+02,5.000012874603271484e+00,5.000052928924560547e+00,5.000180244445800781e+00,5.000194072723388672e+00,2.652760267257690430e+00,1.064223408699035645e+00,6.168031215667724609e+00,5.322139263153076172e+00,4.999989986419677734e+00,4.999914646148681641e+00,4.999874591827392578e+00,6.802730083465576172e+00,3.999532461166381836e+00,4.953799247741699219e+00
1.066777954101562500e+02,5.000011920928955078e+00,5.000045299530029297e+00,5.000152587890625000e+00,5.000163555145263672e+00,2.615318059921264648e+00,1.127012848854064941e+00,6.168430328369140625e+00,5.322252273559570312e+00,4.999992370605468750e+00,4.999928951263427734e+00,4.999895572662353516e+00,6.752626419067382812e+00,3.999054431915283203e+00,4.953713893890380859e+00
1.071786346435546875e+02,5.000010490417480469e+00,5.000038623809814453e+00,5.000129222869873047e+00,5.000138759613037109e+00,2.570700407028198242e+00,1.213257074356079102e+00,6.168787002563476562e+00,5.322355747222900391e+00,4.999994754791259766e+00,4.999940872192382812e+00,4.999912738800048828e+00,6.707102298736572266e+00,3.998627901077270508e+00,4.953639984130859375e+00
1.076794662475585938e+02,5.000010013580322266e+00,5.000033378601074219e+00,5.000109672546386719e+00,5.000117778778076172e+00,2.517004728317260742e+00,1.326780557632446289e+00,6.169102668762207031e+00,5.322444438934326172e+00,4.999995708465576172e+00,4.999951839447021484e+00,4.999927997589111328e+00,6.668442726135253906e+00,3.998250007629394531e+00,4.953572273254394531e+00
1.081802978515625000e+02,5.000009536743164062e+00,5.000029087066650391e+00,5.000092983245849609e+00,5.000099182128906250e+00,2.452708005905151367e+00,1.469534635543823242e+00,6.169382095336914062e+00,5.322527885437011719e+00,4.999997615814208984e+00,4.999959945678710938e+00,4.999939918518066406e+00,6.638447284698486328e+00,3.997915267944335938e+00,4.953511238098144531e+00
1.086811370849609375e+02,5.000008583068847656e+00,5.000025272369384766e+00,5.000079154968261719e+00,5.000084400177001953e+00,2.378238677978515625e+00,1.639829635620117188e+00,6.169629096984863281e+00,5.322599411010742188e+00,4.999998569488525391e+00,4.999967098236083984e+00,4.999950408935546875e+00,6.617570877075195312e+00,3.997622728347778320e+00,4.953463077545166016e+00
1.091819686889648438e+02,5.000008106231689453e+00,5.000022411346435547e+00,5.000067710876464844e+00,5.000072002410888672e+00,2.297940015792846680e+00,1.831482410430908203e+00,6.169841766357421875e+00,5.322660923004150391e+00,5.000000000000000000e+00,4.999973297119140625e+00,4.999958992004394531e+00,6.604043483734130859e+00,3.997368097305297852e+00,4.953417778015136719e+00
1.096828079223632812e+02,5.000007629394531250e+00,5.000020027160644531e+00,5.000058174133300781e+00,5.000061988830566406e+00,2.221291542053222656e+00,2.035225868225097656e+00,6.170025825500488281e+00,5.322715282440185547e+00,5.000000476837158203e+00,4.999978065490722656e+00,4.999966144561767578e+00,6.593457698822021484e+00,3.997149467468261719e+00,4.953382968902587891e+00
1.101836395263671875e+02,5.000007629394531250e+00,5.000017642974853516e+00,5.000051021575927734e+00,5.000052928924560547e+00,2.162284374237060547e+00,2.242988109588623047e+00,6.170185089111328125e+00,5.322760105133056641e+00,5.000000953674316406e+00,4.999981403350830078e+00,4.999971866607666016e+00,6.579127311706542969e+00,3.996959924697875977e+00,4.953350543975830078e+00
1.106844711303710938e+02,5.000007152557373047e+00,5.000015735626220703e+00,5.000044345855712891e+00,5.000045776367187500e+00,2.136693716049194336e+00,2.451072216033935547e+00,6.170327186584472656e+00,5.322800636291503906e+00,5.000001907348632812e+00,4.999985218048095703e+00,4.999976634979248047e+00,6.553466320037841797e+00,3.996791601181030273e+00,4.953322887420654297e+00
1.111853103637695312e+02,5.000007152557373047e+00,5.000014781951904297e+00,5.000038623809814453e+00,5.000039577484130859e+00,2.158864974975585938e+00,2.660602569580078125e+00,6.170454025268554688e+00,5.322837829589843750e+00,5.000002384185791016e+00,4.999987602233886719e+00,4.999980449676513672e+00,6.509622097015380859e+00,3.996642112731933594e+00,4.953300476074218750e+00
1.116861419677734375e+02,5.000006198883056641e+00,5.000013351440429688e+00,5.000033855438232422e+00,5.000034332275390625e+00,2.239666700363159180e+00,2.875012159347534180e+00,6.170567035675048828e+00,5.322868347167968750e+00,5.000002861022949219e+00,4.999990463256835938e+00,4.999984264373779297e+00,6.442746162414550781e+00,3.996506690979003906e+00,4.953278064727783203e+00
1.121869812011718750e+02,5.000006198883056641e+00,5.000011920928955078e+00,5.000029087066650391e+00,5.000029087066650391e+00,2.385077238082885742e+00,3.096766710281372070e+00,6.170669555664062500e+00,5.322901248931884766e+00,5.000002861022949219e+00,4.999993324279785156e+00,4.999988079071044922e+00,6.350784778594970703e+00,3.996384382247924805e+00,4.953257560729980469e+00
1.126878128051757812e+02,5.000006198883056641e+00,5.000010967254638672e+00,5.000024795532226562e+00,5.000024318695068359e+00,2.594043970108032227e+00,3.325133085250854492e+00,6.170761108398437500e+00,5.322927951812744141e+00,5.000003337860107422e+00,4.999995231628417969e+00,4.999990940093994141e+00,6.235046386718750000e+00,3.996274709701538086e+00,4.953236579895019531e+00
1.131886444091796875e+02,5.000005722045898438e+00,5.000010013580322266e+00,5.000020503997802734e+00,5.000020027160644531e+00,2.855351209640502930e+00,3.554997444152832031e+00,6.170841217041015625e+00,5.322951316833496094e+00,5.000004291534423828e+00,4.999997138977050781e+00,4.999993801116943359e+00,6.100751876831054688e+00,3.996178865432739258e+00,4.953220844268798828e+00
1.136894836425781250e+02,5.000005722045898438e+00,5.000008583068847656e+00,5.000017642974853516e+00,5.000016689300537109e+00,3.147340297698974609e+00,3.777821540832519531e+00,6.170910358428955078e+00,5.322973251342773438e+00,5.000004291534423828e+00,4.999998569488525391e+00,4.999997138977050781e+00,5.956541061401367188e+00,3.996096134185791016e+00,4.953207492828369141e+00
1.141903152465820312e+02,5.000005722045898438e+00,5.000008106231689453e+00,5.000014781951904297e+00,5.000014305114746094e+00,3.443347930908203125e+00,3.984453439712524414e+00,6.170966625213623047e+00,5.322988986968994141e+00,5.000004291534423828e+00,5.000000476837158203e+00,4.999998092651367188e+00,5.812426567077636719e+00,3.996027946472167969e+00,4.953195571899414062e+00
1.146911544799804688e+02,5.000005722045898438e+00,5.000007629394531250e+00,5.000012397766113281e+00,5.000011920928955078e+00,3.720178842544555664e+00,4.167942047119140625e+00,6.171014308929443359e+00,5.323003292083740234e+00,5.000004768371582031e+00,5.000001907348632812e+00,5.000000000000000000e+00,5.677146911621093750e+00,3.995974063873291016e+00,4.953188896179199219e+00
1.151919860839843750e+02,5.000005722045898438e+00,5.000007152557373047e+00,5.000010490417480469e+00,5.000010013580322266e+00,3.963805675506591797e+00,4.325205802917480469e+00,6.171052455902099609e+00,5.323010921478271484e+00,5.000004768371582031e+00,5.000002384185791016e+00,5.000001907348632812e+00,5.556306362152099609e+00,3.995930194854736328e+00,4.953182697296142578e+00
1.156928176879882812e+02,5.000005722045898438e+00,5.000006198883056641e+00,5.000009536743164062e+00,5.000008583068847656e+00,4.169244766235351562e+00,4.456378459930419922e+00,6.171082973480224609e+00,5.323018074035644531e+00,5.000005245208740234e+00,5.000002861022949219e+00,5.000002384185791016e+00,5.452321052551269531e+00,3.995896339416503906e+00,4.953178882598876953e+00
1.161936569213867188e+02,5.000005245208740234e+00,5.000006198883056641e+00,5.000008106231689453e+00,5.000008106231689453e+00,4.337720870971679688e+00,4.563751697540283203e+00,6.171108245849609375e+00,5.323024749755859375e+00,5.000005245208740234e+00,5.000004291534423828e+00,5.000002861022949219e+00,5.365187644958496094e+00,3.995868921279907227e+00,4.953178882598876953e+00
1.166944885253906250e+02,5.000005245208740234e+00,5.000005722045898438e+00,5.000007629394531250e+00,5.000007152557373047e+00,4.473518848419189453e+00,4.650568008422851562e+00,6.171128749847412109e+00,5.323027610778808594e+00,5.000005245208740234e+00,5.000004291534423828e+00,5.000004291534423828e+00,5.293501853942871094e+00,3.995846271514892578e+00,4.953176498413085938e+00
1.171953277587890625e+02,5.000005245208740234e+00,5.000005722045898438e+00,5.000007152557373047e+00,5.000006198883056641e+00,4.581879138946533203e+00,4.720239639282226562e+00,6.171145915985107422e+00,5.323031902313232422e+00,5.000005245208740234e+00,5.000004291534423828e+00,5.000004291534423828e+00,5.235248088836669922e+00,3.995828390121459961e+00,4.953177928924560547e+00
1.176961593627929688e+02,5.000005245208740234e+00,5.000005722045898438e+00,5.000006198883056641e+00,5.000006198883056641e+00,4.667840003967285156e+00,4.775883197784423828e+00,6.171160221099853516e+00,5.323032379150390625e+00,5.000005245208740234e+00,5.000004768371582031e+00,5.000004291534423828e+00,5.188310623168945312e+00,3.995812177658081055e+00,4.953177452087402344e+00
1.181969985961914062e+02,5.000005245208740234e+00,5.000005722045898438e+00,5.000006198883056641e+00,5.000005722045898438e+00,4.735833644866943359e+00,4.820214748382568359e+00,6.171172618865966797e+00,5.323033332824707031e+00,5.000005245208740234e+00,5.000004768371582031e+00,5.000004768371582031e+00,5.150697708129882812e+00,3.995799064636230469e+00,4.953179359436035156e+00
1.186978302001953125e+02,5.000005245208740234e+00,5.000005722045898438e+00,5.000005722045898438e+00,5.000005722045898438e+00,4.789560317993164062e+00,4.855505466461181641e+00,6.171183109283447266e+00,5.323034286499023438e+00,5.000005245208740234e+00,5.000005245208740234e+00,5.000004768371582031e+00,5.120656967163085938e+00,3.995788574218750000e+00,4.953178882598876953e+00
1.191986618041992188e+02,5.000005245208740234e+00,5.000005245208740234e+00,5.000005722045898438e+00,5.000005722045898438e+00,4.832009315490722656e+00,4.883595943450927734e+00,6.171191692352294922e+00,5.323035717010498047e+00,5.000005245208740234e+00,5.000005245208740234e+00,5.000005245208740234e+00,5.096714973449707031e+00,3.995778560638427734e+00,4.953178882598876953e+00
1.196995010375976562e+02,5.000005245208740234e+00,5.000005245208740234e+00,5.000005722045898438e+00,5.000005245208740234e+00,4.865570545196533203e+00,4.905970573425292969e+00,6.171200752258300781e+00,5.323036670684814453e+00,5.000005245208740234e+00,5.000005245208740234e+00,5.000005245208740234e+00,5.077651977539062500e+00,3.995770692825317383e+00,4.953181266784667969e+00
1.202003326416015625e+02,5.000005245208740234e+00,5.000005245208740234e+00,5.000005722045898438e+00,5.000005245208740234e+00,4.892143726348876953e+00,4.923824310302734375e+00,6.171207427978515625e+00,5.323035240173339844e+00,5.000005245208740234e+00,5.000005245208740234e+00,5.000005245208740234e+00,5.062472820281982422e+00,3.995763301849365234e+00,4.953181266784667969e+00
1.207011718750000000e+02,5.000005245208740234e+00,5.000005245208740234e+00,5.000005245208740234e+00,5.000005245208740234e+00,4.913212776184082031e+00,4.938088893890380859e+00,6.171212673187255859e+00,5.323037624359130859e+00,5.000005245208740234e+00,5.000005245208740234e+00,5.000005245208740234e+00,5.050383090972900391e+00,3.995757579803466797e+00,4.953182697296142578e+00
1.212020034790039062e+02,5.000005245208740234e+00,5.000005245208740234e+00,5.000005245208740234e+00,5.000005245208740234e+00,4.929944992065429688e+00,4.949506759643554688e+00,6.171217441558837891e+00,5.323037147521972656e+00,5.000005245208740234e+00,5.000005245208740234e+00,5.000005245208740234e+00,5.040744781494140625e+00,3.995752811431884766e+00,4.953181743621826172e+00
1.217028350830078125e+02,5.000005245208740234e+00,5.000005245208740234e+00,5.000005245208740234e+00,5.000005245208740234e+00,4.943269252777099609e+00,4.958675384521484375e+00,6.171222686767578125e+00,5.323038101196289062e+00,5.000005245208740234e+00,5.000005245208740234e+00,5.000005245208740234e+00,5.033048629760742188e+00,3.995748758316040039e+00,4.953182697296142578e+00
1.222036743164062500e+02,8.483716964721679688e+00,1.536764979362487793e+00,9.300587654113769531e+00,9.842315673828125000e+00,9.861419677734375000e+00,9.931025505065917969e+00,6.197112560272216797e+00,5.336492061614990234e+00,4.675738811492919922e-01,7.665587902069091797e+00,4.402368366718292236e-01,5.850927159190177917e-02,3.964123010635375977e+00,4.941524028778076172e+00
1.227045059204101562e+02,8.438260078430175781e+00,2.157682180404663086e+00,7.595638275146484375e+00,9.893095970153808594e+00,9.898202896118164062e+00,9.939384460449218750e+00,6.218063831329345703e+00,5.487058639526367188e+00,5.121396183967590332e-01,7.174278259277343750e+00,9.175372123718261719e-01,5.860410630702972412e-02,3.938314676284790039e+00,4.792654037475585938e+00
1.232053451538085938e+02,8.741035461425781250e+00,2.975528001785278320e+00,3.450228452682495117e+00,2.871241092681884766e+00,6.960852622985839844e+00,8.900989532470703125e+00,6.227328300476074219e+00,5.372649669647216797e+00,2.613082528114318848e-01,7.495379447937011719e+00,7.012584686279296875e+00,3.758372783660888672e+00,3.936492443084716797e+00,4.910755634307861328e+00
1.237061767578125000e+02,8.806569099426269531e+00,5.983244895935058594e+00,3.042577981948852539e+00,6.320011615753173828e-01,1.850844621658325195e-01,2.957899570465087891e+00,6.212148189544677734e+00,5.345444202423095703e+00,1.661857217550277710e-01,8.257731437683105469e+00,7.405917167663574219e+00,8.293069839477539062e+00,3.955360412597656250e+00,4.938200473785400391e+00
1.242070083618164062e+02,8.771494865417480469e+00,6.115445613861083984e+00,3.356355905532836914e+00,5.311192274093627930e-01,2.204743176698684692e-01,4.686581194400787354e-01,6.197319984436035156e+00,5.335377216339111328e+00,1.616245210170745850e-01,5.054278850555419922e+00,7.000061988830566406e+00,8.721018791198730469e+00,3.971594572067260742e+00,4.946573734283447266e+00
1.247078475952148438e+02,8.738270759582519531e+00,6.954879760742187500e+00,3.650225400924682617e+00,5.759835243225097656e-01,9.108926057815551758e-01,1.057031601667404175e-01,6.186059474945068359e+00,5.330390453338623047e+00,2.023814320564270020e-01,3.766565084457397461e+00,6.816830635070800781e+00,8.265714645385742188e+00,3.984067440032958984e+00,4.950456142425537109e+00
1.252086791992187500e+02,8.691228866577148438e+00,7.476061344146728516e+00,3.865911245346069336e+00,6.102837324142456055e-01,1.390186429023742676e+00,7.198572158813476562e-02,6.177660942077636719e+00,5.327422142028808594e+00,2.644380629062652588e-01,2.833783388137817383e+00,6.680390834808349609e+00,8.066080093383789062e+00,3.993748903274536133e+00,4.952937126159667969e+00
1.257095184326171875e+02,8.628902435302734375e+00,7.811538219451904297e+00,4.014941215515136719e+00,6.169140934944152832e-01,1.676779031753540039e+00,8.152516186237335205e-02,6.170995235443115234e+00,5.325330257415771484e+00,3.462883532047271729e-01,2.177148580551147461e+00,6.565560340881347656e+00,7.934598922729492188e+00,4.001685619354248047e+00,4.954758644104003906e+00
1.262103500366210938e+02,8.554942131042480469e+00,8.032632827758789062e+00,4.282026290893554688e+00,6.095864176750183105e-01,1.868113517761230469e+00,9.799590706825256348e-02,6.165489673614501953e+00,5.323695659637451172e+00,4.356580078601837158e-01,1.711791396141052246e+00,6.741213321685791016e+00,7.826276779174804688e+00,4.008643150329589844e+00,4.956243038177490234e+00
1.267111816406250000e+02,8.474642753601074219e+00,8.173497200012207031e+00,4.350395202636718750e+00,5.968319773674011230e-01,2.004066228866577148e+00,1.229096278548240662e-01,6.160641670227050781e+00,5.322270393371582031e+00,5.326848626136779785e-01,1.374795675277709961e+00,6.637061119079589844e+00,7.734786510467529297e+00,4.014797210693359375e+00,4.957451820373535156e+00
1.272120208740234375e+02,8.395521163940429688e+00,8.272994995117187500e+00,4.405171871185302734e+00,5.844534039497375488e-01,2.108862161636352539e+00,1.589138954877853394e-01,6.156227111816406250e+00,5.320999145507812500e+00,6.395561695098876953e-01,1.126206755638122559e+00,6.556303024291992188e+00,7.666782855987548828e+00,4.020133018493652344e+00,4.958443164825439453e+00
1.277128524780273438e+02,8.321651458740234375e+00,8.350099563598632812e+00,4.460084915161132812e+00,5.755545496940612793e-01,2.193804979324340820e+00,2.036478668451309204e-01,6.152301311492919922e+00,5.319882392883300781e+00,7.471175193786621094e-01,9.374381303787231445e-01,6.506393909454345703e+00,7.615042209625244141e+00,4.024693489074707031e+00,4.959251403808593750e+00
1.282136840820312500e+02,8.255369186401367188e+00,8.413954734802246094e+00,4.516871452331542969e+00,5.715480446815490723e-01,2.264843225479125977e+00,2.546418905258178711e-01,6.148915767669677734e+00,5.318914413452148438e+00,8.472757339477539062e-01,7.883952856063842773e-01,6.480170249938964844e+00,7.573769092559814453e+00,4.028480052947998047e+00,4.959894180297851562e+00
1.287145233154296875e+02,8.197651863098144531e+00,8.468408584594726562e+00,4.573447227478027344e+00,5.717408061027526855e-01,2.325136184692382812e+00,3.087268173694610596e-01,6.146094799041748047e+00,5.318099021911621094e+00,9.346399903297424316e-01,6.692674756050109863e-01,6.468618869781494141e+00,7.539534568786621094e+00,4.031504631042480469e+00,4.960377693176269531e+00
1.292153625488281250e+02,8.149161338806152344e+00,8.514440536499023438e+00,4.623300552368164062e+00,5.747483372688293457e-01,2.376384973526000977e+00,3.630098104476928711e-01,6.143844604492187500e+00,5.317424774169921875e+00,1.006391525268554688e+00,5.768433809280395508e-01,6.459199428558349609e+00,7.509446144104003906e+00,4.033797740936279297e+00,4.960716724395751953e+00
1.297161865234375000e+02,8.118670463562011719e+00,8.556752204895019531e+00,4.644782543182373047e+00,5.817387104034423828e-01,2.418843507766723633e+00,4.167509973049163818e-01,6.142204284667968750e+00,5.316914081573486328e+00,1.050900459289550781e+00,5.044592618942260742e-01,6.418210029602050781e+00,7.476210117340087891e+00,4.035427570343017578e+00,4.960945129394531250e+00
1.302170257568359375e+02,8.099009513854980469e+00,8.593955039978027344e+00,4.646108627319335938e+00,5.909590125083923340e-01,2.455878019332885742e+00,4.685828387737274170e-01,6.141055583953857422e+00,5.316523075103759766e+00,1.073545813560485840e+00,4.482435584068298340e-01,6.356909751892089844e+00,7.447646141052246094e+00,4.036397457122802734e+00,4.961040019989013672e+00
1.307178649902343750e+02,8.076385498046875000e+00,8.622389793395996094e+00,4.646094322204589844e+00,5.991122126579284668e-01,2.489195108413696289e+00,5.151805877685546875e-01,6.140328407287597656e+00,5.316223621368408203e+00,1.091495513916015625e+00,4.080567657947540283e-01,6.302495002746582031e+00,7.427162647247314453e+00,4.036787509918212891e+00,4.961020469665527344e+00
1.312187042236328125e+02,8.263298988342285156e+00,8.740764617919921875e+00,4.816962718963623047e+00,7.959457039833068848e-01,1.191165924072265625e+00,6.046168804168701172e-01,6.173020362854003906e+00,5.339919090270996094e+00,8.772795200347900391e-01,3.334544599056243896e-01,6.454425811767578125e+00,8.274773597717285156e+00,4.062043666839599609e+00,4.977039813995361328e+00
1.317195281982421875e+02,8.191231727600097656e+00,8.700686454772949219e+00,4.652385234832763672e+00,5.961415767669677734e-01,2.249494552612304688e+00,7.943188548088073730e-01,6.112320423126220703e+00,5.328619003295898438e+00,9.708317518234252930e-01,4.224564433097839355e-01,6.233449459075927734e+00,7.566791057586669922e+00,4.112235546112060547e+00,4.973517894744873047e+00
1.322203674316406250e+02,8.151563644409179688e+00,8.700238227844238281e+00,4.619152069091796875e+00,5.801255106925964355e-01,2.615358829498291016e+00,8.745378255844116211e-01,6.058989048004150391e+00,5.311419010162353516e+00,9.995604157447814941e-01,4.417072832584381104e-01,6.157568454742431641e+00,7.363670349121093750e+00,4.155344963073730469e+00,4.976715564727783203e+00
1.327212066650390625e+02,8.108691215515136719e+00,8.701304435729980469e+00,4.610736846923828125e+00,5.841717123985290527e-01,2.741222620010375977e+00,8.965146541595458984e-01,6.029065132141113281e+00,5.297774791717529297e+00,1.019902348518371582e+00,4.473451375961303711e-01,6.116699218750000000e+00,7.300347328186035156e+00,4.177800655364990234e+00,4.980986118316650391e+00
1.332220306396484375e+02,8.056901931762695312e+00,8.697995185852050781e+00,4.606867790222167969e+00,5.927848219871520996e-01,2.785498142242431641e+00,9.041369557380676270e-01,6.017946243286132812e+00,5.290046691894531250e+00,1.044598102569580078e+00,4.537922441959381104e-01,6.085617542266845703e+00,7.282102108001708984e+00,4.183447360992431641e+00,4.983375072479248047e+00
1.337228698730468750e+02,7.993984222412109375e+00,8.689139366149902344e+00,4.602941989898681641e+00,6.046289801597595215e-01,2.802089691162109375e+00,9.076262116432189941e-01,6.018540382385253906e+00,5.286981105804443359e+00,1.077759742736816406e+00,4.635725617408752441e-01,6.058058261871337891e+00,7.278702259063720703e+00,4.178672313690185547e+00,4.983762264251708984e+00
1.342237091064453125e+02,7.918424129486083984e+00,8.674142837524414062e+00,4.597286701202392578e+00,6.202839016914367676e-01,2.809340476989746094e+00,9.100203514099121094e-01,6.025629520416259766e+00,5.286890029907226562e+00,1.121964931488037109e+00,4.773524701595306396e-01,6.031692504882812500e+00,7.280148983001708984e+00,4.168212413787841797e+00,4.982748985290527344e+00
1.347245483398437500e+02,7.829305648803710938e+00,8.652295112609863281e+00,4.589353561401367188e+00,6.409916281700134277e-01,2.813484191894531250e+00,9.123301506042480469e-01,6.035923480987548828e+00,5.288486003875732422e+00,1.179519772529602051e+00,4.955549836158752441e-01,6.005918502807617188e+00,7.283070087432861328e+00,4.155072212219238281e+00,4.980937957763671875e+00
1.352253723144531250e+02,7.726110935211181641e+00,8.622751235961914062e+00,4.578483581542968750e+00,6.685533523559570312e-01,2.816627979278564453e+00,9.149305820465087891e-01,6.047471046447753906e+00,5.290926456451416016e+00,1.252755403518676758e+00,5.187501907348632812e-01,5.980413913726806641e+00,7.286293029785156250e+00,4.141038894653320312e+00,4.978749275207519531e+00
1.357262115478515625e+02,7.609048843383789062e+00,8.584433555603027344e+00,4.563986778259277344e+00,7.054664492607116699e-01,2.819493055343627930e+00,9.180042147636413574e-01,6.059169292449951172e+00,5.293712615966796875e+00,1.344161987304687500e+00,5.478929281234741211e-01,5.955573081970214844e+00,7.289417266845703125e+00,4.127125740051269531e+00,4.976453304290771484e+00
1.362270507812500000e+02,7.478588581085205078e+00,8.536108016967773438e+00,4.543828487396240234e+00,7.554994225502014160e-01,2.822319030761718750e+00,9.216861724853515625e-01,6.070423603057861328e+00,5.296549797058105469e+00,1.456270694732666016e+00,5.843780040740966797e-01,5.932117938995361328e+00,7.292251110076904297e+00,4.113873481750488281e+00,4.974194526672363281e+00
1.367278747558593750e+02,7.335947036743164062e+00,8.476244926452636719e+00,4.513139247894287109e+00,8.243891596794128418e-01,2.825201511383056641e+00,9.261240363121032715e-01,6.080936908721923828e+00,5.299284458160400391e+00,1.591514468193054199e+00,6.303466558456420898e-01,5.913511753082275391e+00,7.294708728790283203e+00,4.101552009582519531e+00,4.972052574157714844e+00
1.372287139892578125e+02,7.183153152465820312e+00,8.403010368347167969e+00,4.464085102081298828e+00,9.208536148071289062e-01,2.828191280364990234e+00,9.315298795700073242e-01,6.090586185455322266e+00,5.301840305328369141e+00,1.751982450485229492e+00,6.891172528266906738e-01,5.905722141265869141e+00,7.296735763549804688e+00,4.090261459350585938e+00,4.970075607299804688e+00
1.377295532226562500e+02,7.022163391113281250e+00,8.314079284667968750e+00,4.395709991455078125e+00,1.058430671691894531e+00,2.831327199935913086e+00,9.383481144905090332e-01,6.099349975585937500e+00,5.304185867309570312e+00,1.939078211784362793e+00,7.657299041748046875e-01,5.908268928527832031e+00,7.298252105712890625e+00,4.080005645751953125e+00,4.968264579772949219e+00
1.382303771972656250e+02,6.855047702789306641e+00,8.206202507019042969e+00,4.336317539215087891e+00,1.259019970893859863e+00,2.834722280502319336e+00,9.475299715995788574e-01,6.107257843017578125e+00,5.306313037872314453e+00,2.153703927993774414e+00,8.683087825775146484e-01,5.900096893310546875e+00,7.299141407012939453e+00,4.070739746093750000e+00,4.966619968414306641e+00
1.387312164306640625e+02,6.683261871337890625e+00,8.074731826782226562e+00,4.356631755828857422e+00,1.561946272850036621e+00,2.838670730590820312e+00,9.606400132179260254e-01,6.114376068115234375e+00,5.308243274688720703e+00,2.396811485290527344e+00,1.009541511535644531e+00,5.832873344421386719e+00,7.299175739288330078e+00,4.062388896942138672e+00,4.965131282806396484e+00
1.392320556640625000e+02,6.506430149078369141e+00,7.913998603820800781e+00,4.540590763092041016e+00,2.036958932876586914e+00,2.843701601028442383e+00,9.788743853569030762e-01,6.120767593383789062e+00,5.309982299804687500e+00,2.668723821640014648e+00,1.203933000564575195e+00,5.647220611572265625e+00,7.297940731048583984e+00,4.054871559143066406e+00,4.963784217834472656e+00
1.397328948974609375e+02,6.325078487396240234e+00,7.722116947174072266e+00,4.910099029541015625e+00,2.756487131118774414e+00,2.850073337554931641e+00,1.000068306922912598e+00,6.126479625701904297e+00,5.311537742614746094e+00,2.963637351989746094e+00,1.453288912773132324e+00,5.316902160644531250e+00,7.295222282409667969e+00,4.048142433166503906e+00,4.962576389312744141e+00
1.402337188720703125e+02,6.144066333770751953e+00,7.507104873657226562e+00,5.369114398956298828e+00,3.651905536651611328e+00,2.856421709060668945e+00,1.018003225326538086e+00,6.131537914276123047e+00,5.312903881072998047e+00,3.262691736221313477e+00,1.730410575866699219e+00,4.898068904876708984e+00,7.291888236999511719e+00,4.042181491851806641e+00,4.961512088775634766e+00
1.407345581054687500e+02,5.972312927246093750e+00,7.282068252563476562e+00,5.776607513427734375e+00,4.477865695953369141e+00,2.860795974731445312e+00,1.028660774230957031e+00,6.135992527008056641e+00,5.314101696014404297e+00,3.542487144470214844e+00,2.003875970840454102e+00,4.504384517669677734e+00,7.289213657379150391e+00,4.036936759948730469e+00,4.960590839385986328e+00
1.412353973388671875e+02,5.816143035888671875e+00,7.054692268371582031e+00,6.062419414520263672e+00,5.078034877777099609e+00,2.862921237945556641e+00,1.032862067222595215e+00,6.139917850494384766e+00,5.315144062042236328e+00,3.790078639984130859e+00,2.267671823501586914e+00,4.212108612060546875e+00,7.287253856658935547e+00,4.032319545745849609e+00,4.959786415100097656e+00
1.417362213134765625e+02,5.677714824676513672e+00,6.828495025634765625e+00,6.243585109710693359e+00,5.481717109680175781e+00,2.862285137176513672e+00,1.033348917961120605e+00,6.237501621246337891e+00,5.457439422607421875e+00,4.003500461578369141e+00,2.526823043823242188e+00,4.020368576049804688e+00,7.281943798065185547e+00,3.926640987396240234e+00,4.826566696166992188e+00
1.422370605468750000e+02,5.557804107666015625e+00,6.604845046997070312e+00,6.304185390472412109e+00,5.687331199645996094e+00,2.862233400344848633e+00,1.030496597290039062e+00,6.232128620147705078e+00,5.372067928314208984e+00,4.184864044189453125e+00,2.796071290969848633e+00,3.948227643966674805e+00,7.281600952148437500e+00,3.935621976852416992e+00,4.915952205657958984e+00
1.427378997802734375e+02,5.454441547393798828e+00,6.386805534362792969e+00,6.294823169708251953e+00,5.787162303924560547e+00,2.861099958419799805e+00,1.026239395141601562e+00,6.207806587219238281e+00,5.345812797546386719e+00,4.338464260101318359e+00,3.070605516433715820e+00,3.948622703552246094e+00,7.279746055603027344e+00,3.961375236511230469e+00,4.939583301544189453e+00
1.432387237548828125e+02,5.366263389587402344e+00,6.178369998931884766e+00,6.232781410217285156e+00,5.812874317169189453e+00,2.859184026718139648e+00,1.021200895309448242e+00,6.188977241516113281e+00,5.334480762481689453e+00,4.467611789703369141e+00,3.343584775924682617e+00,4.001806735992431641e+00,7.276568412780761719e+00,3.980424165725708008e+00,4.947713375091552734e+00
1.437395629882812500e+02,5.291988372802734375e+00,5.984077453613281250e+00,6.133893013000488281e+00,5.788351058959960938e+00,2.856596231460571289e+00,1.015836000442504883e+00,6.177165985107421875e+00,5.328627586364746094e+00,4.575356006622314453e+00,3.605992555618286133e+00,4.089623928070068359e+00,7.271939754486083984e+00,3.992098808288574219e+00,4.951319694519042969e+00
1.442404022216796875e+02,5.230202198028564453e+00,5.807829856872558594e+00,6.012238979339599609e+00,5.731575489044189453e+00,2.853365659713745117e+00,1.010484695434570312e+00,6.170323848724365234e+00,5.325374603271484375e+00,4.664360046386718750e+00,3.848711729049682617e+00,4.196441650390625000e+00,7.265617370605468750e+00,3.998712301254272461e+00,4.953159809112548828e+00
1.447412414550781250e+02,5.179607391357421875e+00,5.652635574340820312e+00,5.880548954010009766e+00,5.656524658203125000e+00,2.849476575851440430e+00,1.005394220352172852e+00,6.166611194610595703e+00,5.323553085327148438e+00,4.737045288085937500e+00,4.065072536468505859e+00,4.309506416320800781e+00,7.257328033447265625e+00,4.002185821533203125e+00,4.954132556915283203e+00
1.452420654296875000e+02,5.138820171356201172e+00,5.519834518432617188e+00,5.749254703521728516e+00,5.573868751525878906e+00,2.844873189926147461e+00,1.000715374946594238e+00,6.164780139923095703e+00,5.322560787200927734e+00,4.795655250549316406e+00,4.251513957977294922e+00,4.419402122497558594e+00,7.246757984161376953e+00,4.003783702850341797e+00,4.954624176025390625e+00
1.457429046630859375e+02,5.106471538543701172e+00,5.409237384796142578e+00,5.626136302947998047e+00,5.491403579711914062e+00,2.839461088180541992e+00,9.965364933013916016e-01,6.164057254791259766e+00,5.322064876556396484e+00,4.842303276062011719e+00,4.407581329345703125e+00,4.520003318786621094e+00,7.233566284179687500e+00,4.004291534423828125e+00,4.954844474792480469e+00
1.462437438964843750e+02,5.081148624420166016e+00,5.319175243377685547e+00,5.515869617462158203e+00,5.414246559143066406e+00,2.833108663558959961e+00,9.928811192512512207e-01,6.163967609405517578e+00,5.321852207183837891e+00,4.878972053527832031e+00,4.535054206848144531e+00,4.608133316040039062e+00,7.217364311218261719e+00,4.004182815551757812e+00,4.954905033111572266e+00
1.467445678710937500e+02,5.061566829681396484e+00,5.247250556945800781e+00,5.420655727386474609e+00,5.345312595367431641e+00,2.825663805007934570e+00,9.897410869598388672e-01,6.164227485656738281e+00,5.321802616119384766e+00,4.907474517822265625e+00,4.637155532836914062e+00,4.682813644409179688e+00,7.197749614715576172e+00,4.003745079040527344e+00,4.954873561859130859e+00
1.472454071044921875e+02,5.046587467193603516e+00,5.190733432769775391e+00,5.340761661529541016e+00,5.285789966583251953e+00,2.816962718963623047e+00,9.871092438697814941e-01,6.164665222167968750e+00,5.321849822998046875e+00,4.929419040679931641e+00,4.717708587646484375e+00,4.744534492492675781e+00,7.174350738525390625e+00,4.003146648406982422e+00,4.954802513122558594e+00
1.477462463378906250e+02,5.035210609436035156e+00,5.146840095520019531e+00,5.275134086608886719e+00,5.235702037811279297e+00,2.806818962097167969e+00,9.850381612777709961e-01,6.165182590484619141e+00,5.321941375732421875e+00,4.946183204650878906e+00,4.780511856079101562e+00,4.794602394104003906e+00,7.146780014038085938e+00,4.002486228942871094e+00,4.954705715179443359e+00
1.482470855712890625e+02,5.026624679565429688e+00,5.113073825836181641e+00,5.222103118896484375e+00,5.194347381591796875e+00,2.795045375823974609e+00,9.836881756782531738e-01,6.165718555450439453e+00,5.322056770324707031e+00,4.958914279937744141e+00,4.829061985015869141e+00,4.834670543670654297e+00,7.114753246307373047e+00,4.001822471618652344e+00,4.954599857330322266e+00
1.487479095458984375e+02,5.020171642303466797e+00,5.087270736694335938e+00,5.179746627807617188e+00,5.160665035247802734e+00,2.781434535980224609e+00,9.834629297256469727e-01,6.166242122650146484e+00,5.322173595428466797e+00,4.968541622161865234e+00,4.866370201110839844e+00,4.866434574127197266e+00,7.078105926513671875e+00,4.001182556152343750e+00,4.954494476318359375e+00
1.492487487792968750e+02,5.015341281890869141e+00,5.067649364471435547e+00,5.146181106567382812e+00,5.133465766906738281e+00,2.765760898590087891e+00,9.851351976394653320e-01,6.166737079620361328e+00,5.322297573089599609e+00,4.975799560546875000e+00,4.894943237304687500e+00,4.891471862792968750e+00,7.036908149719238281e+00,4.000586032867431641e+00,4.954394817352294922e+00
1.497495880126953125e+02,5.011725425720214844e+00,5.052751541137695312e+00,5.119667530059814453e+00,5.111585617065429688e+00,2.747730493545532227e+00,9.900255799293518066e-01,6.167194366455078125e+00,5.322413444519042969e+00,4.981268405914306641e+00,4.916801929473876953e+00,4.911169528961181641e+00,6.991446971893310547e+00,4.000035285949707031e+00,4.954301357269287109e+00
1.502504119873046875e+02,5.009018421173095703e+00,5.041436195373535156e+00,5.098705768585205078e+00,5.093950271606445312e+00,2.726999282836914062e+00,1.000096321105957031e+00,6.167613029479980469e+00,5.322519302368164062e+00,4.985394001007080078e+00,4.933556556701660156e+00,4.926702499389648438e+00,6.942389011383056641e+00,3.999533891677856445e+00,4.954212188720703125e+00
1.507512512207031250e+02,5.006989479064941406e+00,5.032823085784912109e+00,5.082048416137695312e+00,5.079628467559814453e+00,2.703134059906005859e+00,1.018031358718872070e+00,6.167992115020751953e+00,5.322621822357177734e+00,4.988514900207519531e+00,4.946461677551269531e+00,4.939029693603515625e+00,6.890769481658935547e+00,3.999078035354614258e+00,4.954137325286865234e+00
1.512520904541015625e+02,5.005460262298583984e+00,5.026221275329589844e+00,5.068674087524414062e+00,5.067849159240722656e+00,2.675572395324707031e+00,1.047137975692749023e+00,6.168335437774658203e+00,5.322713851928710938e+00,4.990891933441162109e+00,4.956484794616699219e+00,4.948925018310546875e+00,6.837974071502685547e+00,3.998665809631347656e+00,4.954064846038818359e+00
1.517529144287109375e+02,5.004300117492675781e+00,5.021117687225341797e+00,5.057787895202636719e+00,5.057997703552246094e+00,2.643553733825683594e+00,1.091256260871887207e+00,6.168644905090332031e+00,5.322794914245605469e+00,4.992716789245605469e+00,4.964361190795898438e+00,4.956985473632812500e+00,6.785753250122070312e+00,3.998292922973632812e+00,4.953997611999511719e+00
1.522537536621093750e+02,5.003414630889892578e+00,5.017133235931396484e+00,5.048791408538818359e+00,5.049612998962402344e+00,2.606006860733032227e+00,1.154539823532104492e+00,6.168923854827880859e+00,5.322875976562500000e+00,4.994132041931152344e+00,4.970633983612060547e+00,4.963656425476074219e+00,6.736176013946533203e+00,3.997958898544311523e+00,4.953940868377685547e+00
1.527545928955078125e+02,5.002730369567871094e+00,5.013983726501464844e+00,5.041254043579101562e+00,5.042377471923828125e+00,2.561427116394042969e+00,1.241232991218566895e+00,6.169174671173095703e+00,5.322946548461914062e+00,4.995242595672607422e+00,4.975696563720703125e+00,4.969256877899169922e+00,6.691462516784667969e+00,3.997658252716064453e+00,4.953888416290283203e+00
1.532554321289062500e+02,5.002198696136474609e+00,5.011471748352050781e+00,5.034882068634033203e+00,5.036089897155761719e+00,2.508031845092773438e+00,1.354892373085021973e+00,6.169397354125976562e+00,5.323011398315429688e+00,4.996123313903808594e+00,4.979827404022216797e+00,4.974003314971923828e+00,6.653807640075683594e+00,3.997388124465942383e+00,4.953840255737304688e+00
1.537562561035156250e+02,5.001781940460205078e+00,5.009455680847167969e+00,5.029488086700439453e+00,5.030637741088867188e+00,2.444480180740356445e+00,1.497154951095581055e+00,6.169596195220947266e+00,5.323066234588623047e+00,4.996824264526367188e+00,4.983214855194091797e+00,4.978029727935791016e+00,6.624840736389160156e+00,3.997148752212524414e+00,4.953794956207275391e+00
1.542570953369140625e+02,5.001455307006835938e+00,5.007838249206542969e+00,5.024951457977294922e+00,5.025959968566894531e+00,2.371360540390014648e+00,1.666035890579223633e+00,6.169772148132324219e+00,5.323119163513183594e+00,4.997385501861572266e+00,4.985988616943359375e+00,4.981424331665039062e+00,6.604882717132568359e+00,3.996937036514282227e+00,4.953761577606201172e+00
1.547579345703125000e+02,5.001199245452880859e+00,5.006542205810546875e+00,5.021174430847167969e+00,5.022010803222656250e+00,2.292974710464477539e+00,1.855381131172180176e+00,6.169924259185791016e+00,5.323163986206054688e+00,4.997831821441650391e+00,4.988249301910400391e+00,4.984254837036132812e+00,6.592106342315673828e+00,3.996754884719848633e+00,4.953730106353759766e+00
1.552587585449218750e+02,5.000998020172119141e+00,5.005506038665771484e+00,5.018055915832519531e+00,5.018716812133789062e+00,2.218439817428588867e+00,2.056317090988159180e+00,6.170056819915771484e+00,5.323198795318603516e+00,4.998188018798828125e+00,4.990082740783691406e+00,4.986594676971435547e+00,6.582191944122314453e+00,3.996595144271850586e+00,4.953701972961425781e+00
1.557595977783203125e+02,5.000839233398437500e+00,5.004671573638916016e+00,5.015473365783691406e+00,5.015969276428222656e+00,2.161069154739379883e+00,2.260927915573120117e+00,6.170174598693847656e+00,5.323235034942626953e+00,4.998473644256591797e+00,4.991578578948974609e+00,4.988533973693847656e+00,6.568729877471923828e+00,3.996456861495971680e+00,4.953680992126464844e+00
1.562604370117187500e+02,5.000710487365722656e+00,5.003984451293945312e+00,5.013288021087646484e+00,5.013635158538818359e+00,2.136003017425537109e+00,2.465851783752441406e+00,6.170277595520019531e+00,5.323264122009277344e+00,4.998707294464111328e+00,4.992822647094726562e+00,4.990173816680908203e+00,6.544356346130371094e+00,3.996332168579101562e+00,4.953660964965820312e+00
1.567612762451171875e+02,5.000603199005126953e+00,5.003398418426513672e+00,5.011378288269042969e+00,5.011588096618652344e+00,2.157109737396240234e+00,2.672044277191162109e+00,6.170370578765869141e+00,5.323290348052978516e+00,4.998904705047607422e+00,4.993890285491943359e+00,4.991605281829833984e+00,6.502415657043457031e+00,3.996223449707031250e+00,4.953643798828125000e+00
1.572621002197265625e+02,5.000510215759277344e+00,5.002882957458496094e+00,5.009654998779296875e+00,5.009740829467773438e+00,2.235086917877197266e+00,2.882863044738769531e+00,6.170452594757080078e+00,5.323311328887939453e+00,4.999076843261718750e+00,4.994837760925292969e+00,4.992895126342773438e+00,6.438096523284912109e+00,3.996123313903808594e+00,4.953624725341796875e+00
1.577629394531250000e+02,5.000427246093750000e+00,5.002418518066406250e+00,5.008076190948486328e+00,5.008051395416259766e+00,2.376043558120727539e+00,3.100693941116333008e+00,6.170528411865234375e+00,5.323337078094482422e+00,4.999230384826660156e+00,4.995692729949951172e+00,4.994074821472167969e+00,6.349247455596923828e+00,3.996032953262329102e+00,4.953611373901367188e+00
1.582637786865234375e+02,5.000353813171386719e+00,5.001997947692871094e+00,5.006631851196289062e+00,5.006518363952636719e+00,2.579582452774047852e+00,3.325168132781982422e+00,6.170596599578857422e+00,5.323357105255126953e+00,4.999367713928222656e+00,4.996466159820556641e+00,4.995149135589599609e+00,6.236851215362548828e+00,3.995950460433959961e+00,4.953597545623779297e+00
1.587646026611328125e+02,5.000288486480712891e+00,5.001622676849365234e+00,5.005339145660400391e+00,5.005162239074707031e+00,2.835656881332397461e+00,3.551643371582031250e+00,6.170655250549316406e+00,5.323372840881347656e+00,4.999489784240722656e+00,4.997154235839843750e+00,4.996109008789062500e+00,6.105664253234863281e+00,3.995878458023071289e+00,4.953581809997558594e+00
1.592654418945312500e+02,5.000231742858886719e+00,5.001295566558837891e+00,5.004216670989990234e+00,5.004004478454589844e+00,3.123828172683715820e+00,3.771929502487182617e+00,6.170707702636718750e+00,5.323390960693359375e+00,4.999595165252685547e+00,4.997748851776123047e+00,4.996937274932861328e+00,5.963888168334960938e+00,3.995816707611083984e+00,4.953573703765869141e+00
1.597662811279296875e+02,5.000183582305908203e+00,5.001018047332763672e+00,5.003276348114013672e+00,5.003054141998291016e+00,3.418306827545166016e+00,3.977189064025878906e+00,6.170750617980957031e+00,5.323403835296630859e+00,4.999683856964111328e+00,4.998247623443603516e+00,4.997630596160888672e+00,5.821210861206054688e+00,3.995765686035156250e+00,4.953566551208496094e+00
1.602671051025390625e+02,5.000144004821777344e+00,5.000790119171142578e+00,5.002511501312255859e+00,5.002298355102539062e+00,3.695880889892578125e+00,4.160437107086181641e+00,6.170785903930664062e+00,5.323410034179687500e+00,4.999756813049316406e+00,4.998652935028076172e+00,4.998190402984619141e+00,5.686340808868408203e+00,3.995723009109497070e+00,4.953557491302490234e+00
1.607679443359375000e+02,5.000112056732177734e+00,5.000607013702392578e+00,5.001905918121337891e+00,5.001711845397949219e+00,3.941761255264282227e+00,4.318165302276611328e+00,6.170814514160156250e+00,5.323419094085693359e+00,4.999814510345458984e+00,4.998975753784179688e+00,4.998632907867431641e+00,5.565146923065185547e+00,3.995691299438476562e+00,4.953557014465332031e+00
1.612687835693359375e+02,5.000086784362792969e+00,5.000463008880615234e+00,5.001435279846191406e+00,5.001265048980712891e+00,4.150247097015380859e+00,4.450267314910888672e+00,6.170837402343750000e+00,5.323425292968750000e+00,4.999859809875488281e+00,4.999227046966552734e+00,4.998975753784179688e+00,5.460300922393798828e+00,3.995665311813354492e+00,4.953554630279541016e+00
1.617696228027343750e+02,5.000067234039306641e+00,5.000351428985595703e+00,5.001073360443115234e+00,5.000928878784179688e+00,4.321970462799072266e+00,4.558774948120117188e+00,6.170856475830078125e+00,5.323429107666015625e+00,4.999895572662353516e+00,4.999420166015625000e+00,4.999237537384033203e+00,5.372051715850830078e+00,3.995643138885498047e+00,4.953553199768066406e+00
1.622704467773437500e+02,5.000051498413085938e+00,5.000265598297119141e+00,5.000799179077148438e+00,5.000678062438964844e+00,4.460837841033935547e+00,4.646734714508056641e+00,6.170871257781982422e+00,5.323429107666015625e+00,4.999922275543212891e+00,4.999567985534667969e+00,4.999435424804687500e+00,5.299190521240234375e+00,3.995625734329223633e+00,4.953549861907958984e+00
1.627712860107421875e+02,5.000040531158447266e+00,5.000200271606445312e+00,5.000592231750488281e+00,5.000492572784423828e+00,4.571898460388183594e+00,4.717429637908935547e+00,6.170885086059570312e+00,5.323433399200439453e+00,4.999943256378173828e+00,4.999678611755371094e+00,4.999585151672363281e+00,5.239824771881103516e+00,3.995612859725952148e+00,4.953552246093750000e+00
1.632721252441406250e+02,5.000031471252441406e+00,5.000150680541992188e+00,5.000437259674072266e+00,5.000355720520019531e+00,4.660162448883056641e+00,4.773968696594238281e+00,6.170896053314208984e+00,5.323435306549072266e+00,4.999958992004394531e+00,4.999763488769531250e+00,4.999696731567382812e+00,5.191882610321044922e+00,3.995601892471313477e+00,4.953553199768066406e+00
1.637729492187500000e+02,5.000024795532226562e+00,5.000113487243652344e+00,5.000321865081787109e+00,5.000255107879638672e+00,4.730062484741210938e+00,4.819046974182128906e+00,6.170904159545898438e+00,5.323433399200439453e+00,4.999970912933349609e+00,4.999825954437255859e+00,4.999780178070068359e+00,5.153402328491210938e+00,3.995591402053833008e+00,4.953551292419433594e+00
1.642737884521484375e+02,5.000020027160644531e+00,5.000085830688476562e+00,5.000235080718994141e+00,5.000181674957275391e+00,4.785331249237060547e+00,4.854934215545654297e+00,6.170912265777587891e+00,5.323437213897705078e+00,4.999979019165039062e+00,4.999873161315917969e+00,4.999841213226318359e+00,5.122637748718261719e+00,3.995582818984985352e+00,4.953553676605224609e+00
1.647746276855468750e+02,5.000015735626220703e+00,5.000064849853515625e+00,5.000172138214111328e+00,5.000127792358398438e+00,4.829011440277099609e+00,4.883491992950439453e+00,6.170918941497802734e+00,5.323438167572021484e+00,4.999986171722412109e+00,4.999907970428466797e+00,4.999887466430664062e+00,5.098103523254394531e+00,3.995577096939086914e+00,4.953553676605224609e+00
1.652754516601562500e+02,5.000013351440429688e+00,5.000048637390136719e+00,5.000124931335449219e+00,5.000089168548583984e+00,4.863541603088378906e+00,4.906223773956298828e+00,6.170924663543701172e+00,5.323435306549072266e+00,4.999990940093994141e+00,4.999933719635009766e+00,4.999920845031738281e+00,5.078566551208496094e+00,3.995570898056030273e+00,4.953551769256591797e+00
1.657762908935546875e+02,5.000010967254638672e+00,5.000037193298339844e+00,5.000090599060058594e+00,5.000061035156250000e+00,4.890858173370361328e+00,4.924328804016113281e+00,6.170930862426757812e+00,5.323438167572021484e+00,4.999994754791259766e+00,4.999953269958496094e+00,4.999945640563964844e+00,5.063019275665283203e+00,3.995564937591552734e+00,4.953555583953857422e+00
1.662771301269531250e+02,8.586217880249023438e+00,1.163438200950622559e+00,9.061501502990722656e+00,9.720260620117187500e+00,9.714307785034179688e+00,9.867303848266601562e+00,6.183625221252441406e+00,5.330106258392333984e+00,3.681546449661254883e-01,8.124882698059082031e+00,9.511788487434387207e-01,1.114519611001014709e-01,3.980765581130981445e+00,4.948021888732910156e+00
1.667779693603515625e+02,8.336100578308105469e+00,2.164300680160522461e+00,8.670658111572265625e+00,9.900019645690917969e+00,9.912792205810546875e+00,9.948359489440917969e+00,6.185311794281005859e+00,5.330517292022705078e+00,5.932982563972473145e-01,6.644594192504882812e+00,4.961620569229125977e-01,4.923222959041595459e-02,3.977251291275024414e+00,4.947476387023925781e+00
1.672787933349609375e+02,8.800858497619628906e+00,2.911639928817749023e+00,3.404997825622558594e+00,8.215807914733886719e+00,9.208223819732666016e-01,1.287322878837585449e+00,6.188430786132812500e+00,5.334695339202880859e+00,1.982634067535400391e-01,8.026468276977539062e+00,4.483313083648681641e+00,8.451636314392089844e+00,3.999908924102783203e+00,4.958982467651367188e+00
1.677796325683593750e+02,8.829792976379394531e+00,4.160784721374511719e+00,2.690810203552246094e+00,5.037419795989990234e-01,2.128693819046020508e+00,7.526428699493408203e-01,5.470194339752197266e+00,5.246576309204101562e+00,1.738659143447875977e-01,6.356728553771972656e+00,6.558593750000000000e+00,7.654307365417480469e+00,4.646288871765136719e+00,4.897157669067382812e+00
1.682804718017578125e+02,8.800448417663574219e+00,5.434739589691162109e+00,3.090627908706665039e+00,1.602238714694976807e-01,2.522516012191772461e+00,7.356036901473999023e-01,5.791047096252441406e+00,5.211411952972412109e+00,1.976073831319808960e-01,4.913026332855224609e+00,6.718189239501953125e+00,7.422821521759033203e+00,4.370762825012207031e+00,5.001001834869384766e+00
1.687812957763671875e+02,8.742695808410644531e+00,6.570362567901611328e+00,3.444177865982055664e+00,1.444006264209747314e-01,2.620708227157592773e+00,6.797013878822326660e-01,5.927510261535644531e+00,5.238159179687500000e+00,2.494114786386489868e-01,3.919621467590332031e+00,6.689584255218505859e+00,7.364632606506347656e+00,4.247908115386962891e+00,5.003206729888916016e+00
1.692821350097656250e+02,8.674720764160156250e+00,7.253703594207763672e+00,3.715225934982299805e+00,1.693491339683532715e-01,2.622937679290771484e+00,6.180138587951660156e-01,6.001788616180419922e+00,5.263630390167236328e+00,3.217238485813140869e-01,3.080661535263061523e+00,6.652505397796630859e+00,7.361836433410644531e+00,4.177276134490966797e+00,4.992183208465576172e+00
1.697829742431640625e+02,8.632781982421875000e+00,7.679037094116210938e+00,3.943341016769409180e+00,2.690137922763824463e-01,1.777393817901611328e+00,5.696584582328796387e-01,6.054553508758544922e+00,5.287145137786865234e+00,4.143254756927490234e-01,2.411059379577636719e+00,6.639263629913330078e+00,7.913474559783935547e+00,4.140250682830810547e+00,4.987146854400634766e+00
1.702838134765625000e+02,8.549814224243164062e+00,7.912054538726806641e+00,4.075129032135009766e+00,2.667903006076812744e-01,2.394519329071044922e+00,6.757680773735046387e-01,6.068280220031738281e+00,5.295820236206054688e+00,5.198751688003540039e-01,1.946316599845886230e+00,6.572098255157470703e+00,7.489829540252685547e+00,4.124036788940429688e+00,4.979731082916259766e+00
1.707846374511718750e+02,8.479046821594238281e+00,8.083311080932617188e+00,4.184291839599609375e+00,3.039240241050720215e-01,2.597327709197998047e+00,7.166559696197509766e-01,6.073343276977539062e+00,5.298860073089599609e+00,6.226097345352172852e-01,1.587872028350830078e+00,6.515486240386962891e+00,7.379116535186767578e+00,4.116593360900878906e+00,4.976329803466796875e+00
1.712854766845703125e+02,8.417224884033203125e+00,8.212793350219726562e+00,4.275653362274169922e+00,3.501693010330200195e-01,2.659613609313964844e+00,7.261734008789062500e-01,6.077782630920410156e+00,5.300216674804687500e+00,7.155333161354064941e-01,1.308214783668518066e+00,6.469591140747070312e+00,7.346976280212402344e+00,4.110233783721923828e+00,4.974585056304931641e+00
1.717863159179687500e+02,8.364291191101074219e+00,8.315930366516113281e+00,4.350266456604003906e+00,3.969662189483642578e-01,2.677512168884277344e+00,7.299374938011169434e-01,6.082911491394042969e+00,5.301384925842285156e+00,7.951241135597229004e-01,1.085298657417297363e+00,6.427672386169433594e+00,7.339193344116210938e+00,4.103456497192382812e+00,4.973258972167968750e+00
1.722871398925781250e+02,8.319883346557617188e+00,8.402419090270996094e+00,4.410515308380126953e+00,4.405551850795745850e-01,2.682572126388549805e+00,7.339158654212951660e-01,6.088501930236816406e+00,5.302667617797851562e+00,8.589248061180114746e-01,9.025380611419677734e-01,6.387168884277343750e+00,7.338581085205078125e+00,4.096388816833496094e+00,4.971994876861572266e+00
1.727879791259765625e+02,8.282703399658203125e+00,8.476206779479980469e+00,4.458865165710449219e+00,4.779599308967590332e-01,2.684751510620117188e+00,7.388427853584289551e-01,6.094186782836914062e+00,5.304042339324951172e+00,9.069175720214843750e-01,7.534373998641967773e-01,6.347762584686279297e+00,7.339823722839355469e+00,4.089346885681152344e+00,4.970744609832763672e+00
1.732888183593750000e+02,8.250376701354980469e+00,8.536797523498535156e+00,4.496683597564697266e+00,5.077025294303894043e-01,2.686955928802490234e+00,7.444348931312561035e-01,6.099722385406494141e+00,5.305425643920898438e+00,9.421494603157043457e-01,6.388981938362121582e-01,6.309438705444335938e+00,7.341387271881103516e+00,4.082549571990966797e+00,4.969521999359130859e+00
1.737896423339843750e+02,8.219934463500976562e+00,8.583920478820800781e+00,4.525453090667724609e+00,5.304029583930969238e-01,2.689920663833618164e+00,7.505179047584533691e-01,6.104986190795898438e+00,5.306765079498291016e+00,9.691945910453796387e-01,5.562504529953002930e-01,6.272577285766601562e+00,7.342843532562255859e+00,4.076105117797851562e+00,4.968347072601318359e+00
1.742904815673828125e+02,8.188561439514160156e+00,8.618941307067871094e+00,4.547067642211914062e+00,5.476423501968383789e-01,2.693742275238037109e+00,7.570300102233886719e-01,6.109930992126464844e+00,5.308040142059326172e+00,9.922245144844055176e-01,4.987130463123321533e-01,6.237654209136962891e+00,7.344086170196533203e+00,4.070053100585937500e+00,4.967238903045654297e+00
1.747913208007812500e+02,8.153801918029785156e+00,8.643897056579589844e+00,4.562887668609619141e+00,5.609351992607116699e-01,2.698307514190673828e+00,7.639161348342895508e-01,6.114549160003662109e+00,5.309230327606201172e+00,1.014505386352539062e+00,4.594293236732482910e-01,6.204370975494384766e+00,7.345061302185058594e+00,4.064393520355224609e+00,4.966197490692138672e+00
1.752921600341796875e+02,8.113461494445800781e+00,8.660461425781250000e+00,4.574314117431640625e+00,5.714176893234252930e-01,2.703450679779052734e+00,7.710907459259033203e-01,6.118852615356445312e+00,5.310339450836181641e+00,1.038602948188781738e+00,4.331699311733245850e-01,6.172871589660644531e+00,7.345754146575927734e+00,4.059109210968017578e+00,4.965222358703613281e+00
1.757929840087890625e+02,8.065512657165527344e+00,8.669791221618652344e+00,4.582278728485107422e+00,5.799052715301513672e-01,2.708989143371582031e+00,7.784644365310668945e-01,6.122860908508300781e+00,5.311366558074951172e+00,1.066737055778503418e+00,4.163629710674285889e-01,6.143055438995361328e+00,7.346125125885009766e+00,4.054176330566406250e+00,4.964311122894287109e+00
1.762938232421875000e+02,8.008130073547363281e+00,8.672476768493652344e+00,4.587715148925781250e+00,5.870118141174316406e-01,2.714772462844848633e+00,7.859591841697692871e-01,6.126596450805664062e+00,5.312325954437255859e+00,1.101000547409057617e+00,4.066490530967712402e-01,6.115169048309326172e+00,7.346171855926513672e+00,4.049574851989746094e+00,4.963466167449951172e+00
1.767946624755859375e+02,7.939569473266601562e+00,8.668790817260742188e+00,4.590776920318603516e+00,5.932607650756835938e-01,2.720665931701660156e+00,7.935252189636230469e-01,6.130078315734863281e+00,5.313215255737304688e+00,1.143518328666687012e+00,4.025225937366485596e-01,6.088643074035644531e+00,7.345860004425048828e+00,4.045278072357177734e+00,4.962677955627441406e+00
1.772954864501953125e+02,7.858397483825683594e+00,8.658613204956054688e+00,4.591550827026367188e+00,5.991730093955993652e-01,2.726567983627319336e+00,8.011400699615478516e-01,6.133325099945068359e+00,5.314042091369628906e+00,1.196492791175842285e+00,4.030511379241943359e-01,6.063024044036865234e+00,7.345180988311767578e+00,4.041268825531005859e+00,4.961939334869384766e+00
1.777963256835937500e+02,7.763744831085205078e+00,8.641499519348144531e+00,4.590075969696044922e+00,6.053256988525390625e-01,2.732423305511474609e+00,8.088114857673645020e-01,6.136353969573974609e+00,5.314811706542968750e+00,1.262260198593139648e+00,4.077378809452056885e-01,6.037960529327392578e+00,7.344174385070800781e+00,4.037528991699218750e+00,4.961260795593261719e+00
1.782971649169921875e+02,7.655118465423583984e+00,8.616836547851562500e+00,4.585716724395751953e+00,6.124185323715209961e-01,2.738188743591308594e+00,8.165785074234008789e-01,6.139180183410644531e+00,5.315532207489013672e+00,1.343219995498657227e+00,4.164347052574157715e-01,6.012332439422607422e+00,7.342845916748046875e+00,4.034041881561279297e+00,4.960622787475585938e+00
1.787980041503906250e+02,7.532921791076660156e+00,8.583755493164062500e+00,4.578067779541015625e+00,6.213563680648803711e-01,2.743845939636230469e+00,8.245095014572143555e-01,6.141813278198242188e+00,5.316199779510498047e+00,1.441704273223876953e+00,4.292940795421600342e-01,5.985480308532714844e+00,7.341208457946777344e+00,4.030793190002441406e+00,4.960033893585205078e+00
1.792988281250000000e+02,7.398302555084228516e+00,8.541262626647949219e+00,4.566637992858886719e+00,6.333736777305603027e-01,2.749392032623291016e+00,8.327234387397766113e-01,6.144264698028564453e+00,5.316819190979003906e+00,1.559740185737609863e+00,4.467512071132659912e-01,5.956787586212158203e+00,7.339241981506347656e+00,4.027771949768066406e+00,4.959483146667480469e+00
1.797996673583984375e+02,7.253548622131347656e+00,8.488310813903808594e+00,4.551398754119873047e+00,6.501796841621398926e-01,2.754831314086914062e+00,8.413869142532348633e-01,6.146545410156250000e+00,5.317401409149169922e+00,1.698699831962585449e+00,4.695694148540496826e-01,5.926499366760253906e+00,7.336893558502197266e+00,4.024962902069091797e+00,4.958976268768310547e+00
1.803005065917968750e+02,7.101257324218750000e+00,8.423875808715820312e+00,4.532007217407226562e+00,6.742618083953857422e-01,2.760180950164794922e+00,8.507474064826965332e-01,6.148663043975830078e+00,5.317940711975097656e+00,1.858800292015075684e+00,4.988969564437866211e-01,5.894831657409667969e+00,7.334050655364990234e+00,4.022356033325195312e+00,4.958504676818847656e+00
1.808013305664062500e+02,6.944731235504150391e+00,8.347023963928222656e+00,4.508197784423828125e+00,7.091971039772033691e-01,2.765474796295166016e+00,8.611249327659606934e-01,6.150629043579101562e+00,5.318439006805419922e+00,2.038754940032958984e+00,5.365018844604492188e-01,5.862992763519287109e+00,7.330580234527587891e+00,4.019939899444580078e+00,4.958065509796142578e+00
1.813021697998046875e+02,6.787703990936279297e+00,8.256975173950195312e+00,4.478863239288330078e+00,7.601718306541442871e-01,2.770773410797119141e+00,8.729184865951538086e-01,6.152449131011962891e+00,5.318907260894775391e+00,2.235648393630981445e+00,5.851649045944213867e-01,5.833591461181640625e+00,7.326349735260009766e+00,4.017704963684082031e+00,4.957663536071777344e+00
1.818030090332031250e+02,6.633141040802001953e+00,8.152833938598632812e+00,4.439553260803222656e+00,8.349621295928955078e-01,2.776144742965698242e+00,8.866142034530639648e-01,6.154132366180419922e+00,5.319339752197265625e+00,2.445151090621948242e+00,6.491422057151794434e-01,5.811045646667480469e+00,7.321176052093505859e+00,4.015638828277587891e+00,4.957289695739746094e+00
1.823038330078125000e+02,6.483618259429931641e+00,8.033457756042480469e+00,4.386045932769775391e+00,9.450786113739013672e-01,2.781650066375732422e+00,9.029303193092346191e-01,6.155688762664794922e+00,5.319737434387207031e+00,2.662406682968139648e+00,7.351362705230712891e-01,5.799789905548095703e+00,7.314877986907958984e+00,4.013731956481933594e+00,4.956943035125732422e+00
1.828046722412109375e+02,6.340743541717529297e+00,7.896928787231445312e+00,4.334196567535400391e+00,1.107949256896972656e+00,2.787431955337524414e+00,9.233343005180358887e-01,6.157129287719726562e+00,5.320111751556396484e+00,2.883512735366821289e+00,8.539654016494750977e-01,5.789636611938476562e+00,7.307224750518798828e+00,4.011969566345214844e+00,4.956626415252685547e+00
1.833055114746093750e+02,6.203581809997558594e+00,7.739039897918701172e+00,4.339626312255859375e+00,1.352555036544799805e+00,2.793952703475952148e+00,9.503915905952453613e-01,6.158457279205322266e+00,5.320459842681884766e+00,3.107431650161743164e+00,1.022616505622863770e+00,5.742166996002197266e+00,7.297717571258544922e+00,4.010342121124267578e+00,4.956326961517333984e+00
1.838063507080078125e+02,6.069314479827880859e+00,7.553468227386474609e+00,4.469562530517578125e+00,1.727380871772766113e+00,2.802110910415649414e+00,9.863344430923461914e-01,6.159689426422119141e+00,5.320782661437988281e+00,3.336259603500366211e+00,1.263961195945739746e+00,5.610670566558837891e+00,7.285614490509033203e+00,4.008833885192871094e+00,4.956050395965576172e+00
1.843071746826171875e+02,5.934571743011474609e+00,7.335357666015625000e+00,4.732093334197998047e+00,2.286785125732421875e+00,2.812319278717041016e+00,1.028505325317382812e+00,6.160820007324218750e+00,5.321079730987548828e+00,3.570707082748413086e+00,1.593295812606811523e+00,5.383717536926269531e+00,7.270483016967773438e+00,4.007449150085449219e+00,4.955792427062988281e+00
1.848080139160156250e+02,5.799836635589599609e+00,7.089622974395751953e+00,5.052742004394531250e+00,3.007565498352050781e+00,2.822473287582397461e+00,1.066386699676513672e+00,6.161842823028564453e+00,5.321350097656250000e+00,3.802965641021728516e+00,1.992815613746643066e+00,5.108045101165771484e+00,7.253487110137939453e+00,4.006203174591064453e+00,4.955566883087158203e+00
1.853088531494140625e+02,5.670030593872070312e+00,6.831088066101074219e+00,5.333229064941406250e+00,3.729818344116210938e+00,2.828769207000732422e+00,1.090155482292175293e+00,6.162750244140625000e+00,5.321582794189453125e+00,4.018487930297851562e+00,2.413566589355468750e+00,4.858201026916503906e+00,7.236637592315673828e+00,4.005101680755615234e+00,4.955371379852294922e+00
1.858096771240234375e+02,5.550958633422851562e+00,6.574684143066406250e+00,5.521547317504882812e+00,4.301999568939208984e+00,2.829914808273315430e+00,1.099452853202819824e+00,6.163556098937988281e+00,5.321782588958740234e+00,4.207064151763916016e+00,2.816062211990356445e+00,4.681774139404296875e+00,7.220239639282226562e+00,4.004128932952880859e+00,4.955199718475341797e+00
1.863105163574218750e+02,5.445943355560302734e+00,6.330257892608642578e+00,5.617576599121093750e+00,4.693591594696044922e+00,2.826954841613769531e+00,1.099018573760986328e+00,6.164277553558349609e+00,5.321963787078857422e+00,4.366468906402587891e+00,3.183905839920043945e+00,4.584069728851318359e+00,7.203152179718017578e+00,4.003262042999267578e+00,4.955053806304931641e+00
1.868113555908203125e+02,5.355805397033691406e+00,6.104158401489257812e+00,5.642701148986816406e+00,4.940529823303222656e+00,2.821105003356933594e+00,1.093257904052734375e+00,6.164926052093505859e+00,5.322122573852539062e+00,4.498608112335205078e+00,3.510976791381835938e+00,4.548662185668945312e+00,7.184104442596435547e+00,4.002482891082763672e+00,4.954922676086425781e+00
1.873121795654296875e+02,5.280248165130615234e+00,5.901223182678222656e+00,5.620782375335693359e+00,5.086840629577636719e+00,2.813118934631347656e+00,1.085038542747497559e+00,6.165513515472412109e+00,5.322264671325683594e+00,4.606620788574218750e+00,3.794914722442626953e+00,4.555155277252197266e+00,7.162162780761718750e+00,4.001779079437255859e+00,4.954801082611083984e+00
1.878130187988281250e+02,5.218304634094238281e+00,5.724621295928955078e+00,5.571712970733642578e+00,5.167147636413574219e+00,2.803377389907836914e+00,1.076093316078186035e+00,6.166045188903808594e+00,5.322399139404296875e+00,4.693780899047851562e+00,4.035618305206298828e+00,4.586133480072021484e+00,7.136700153350830078e+00,4.001142501831054688e+00,4.954695701599121094e+00
1.883138580322265625e+02,5.168456554412841797e+00,5.575260639190673828e+00,5.509942531585693359e+00,5.205660343170166016e+00,2.792018651962280273e+00,1.067503333091735840e+00,6.166527748107910156e+00,5.322518348693847656e+00,4.763196945190429688e+00,4.234869956970214844e+00,4.628834247589111328e+00,7.107232570648193359e+00,4.000564575195312500e+00,4.954597473144531250e+00
1.888146972656250000e+02,5.129044532775878906e+00,5.452216148376464844e+00,5.445301532745361328e+00,5.218657493591308594e+00,2.779037475585937500e+00,1.060052633285522461e+00,6.166965484619140625e+00,5.322627067565917969e+00,4.817797183990478516e+00,4.396497249603271484e+00,4.674839496612548828e+00,7.073517799377441406e+00,4.000040054321289062e+00,4.954509735107421875e+00
1.893155212402343750e+02,5.098333835601806641e+00,5.353056430816650391e+00,5.383697986602783203e+00,5.216794490814208984e+00,2.764316320419311523e+00,1.054556012153625488e+00,6.167361259460449219e+00,5.322723388671875000e+00,4.860260009765625000e+00,4.525384426116943359e+00,4.719167232513427734e+00,7.035499572753906250e+00,3.999566078186035156e+00,4.954425811767578125e+00
1.898163604736328125e+02,5.074707508087158203e+00,5.274582862854003906e+00,5.328185081481933594e+00,5.206792831420898438e+00,2.747650623321533203e+00,1.052085399627685547e+00,6.167721271514892578e+00,5.322817325592041016e+00,4.892971038818359375e+00,4.626878738403320312e+00,4.759316444396972656e+00,6.993402481079101562e+00,3.999136447906494141e+00,4.954354763031005859e+00
1.903171997070312500e+02,5.056686878204345703e+00,5.213280677795410156e+00,5.279811382293701172e+00,5.192761898040771484e+00,2.728734016418457031e+00,1.054247140884399414e+00,6.168046474456787109e+00,5.322900772094726562e+00,4.917981624603271484e+00,4.706043720245361328e+00,4.794372558593750000e+00,6.947696685791015625e+00,3.998745918273925781e+00,4.954288005828857422e+00
1.908180236816406250e+02,5.198976516723632812e+00,5.917483329772949219e+00,7.022078990936279297e+00,6.989360332489013672e+00,1.638548135757446289e+00,6.427784562110900879e-01,6.175289154052734375e+00,5.336915493011474609e+00,4.662935733795166016e+00,3.429194211959838867e+00,3.164750099182128906e+00,7.964337348937988281e+00,4.028327465057373047e+00,4.964314937591552734e+00
1.913188629150390625e+02,5.137018680572509766e+00,5.660059928894042969e+00,6.558715343475341797e+00,6.548836231231689453e+00,2.433765888214111328e+00,8.848963975906372070e-01,6.135635852813720703e+00,5.327723979949951172e+00,4.757451057434082031e+00,3.856952905654907227e+00,3.632340669631958008e+00,7.478929519653320312e+00,4.061646461486816406e+00,4.963652610778808594e+00
1.918197021484375000e+02,5.110249996185302734e+00,5.549053668975830078e+00,6.369882106781005859e+00,6.372755050659179688e+00,2.705930709838867188e+00,9.319894313812255859e-01,6.106161594390869141e+00,5.316931247711181641e+00,4.800620079040527344e+00,4.032916545867919922e+00,3.817927360534667969e+00,7.331812858581542969e+00,4.086253643035888672e+00,4.966521263122558594e+00
1.923205413818359375e+02,5.090324878692626953e+00,5.462549209594726562e+00,6.212155342102050781e+00,6.222123622894287109e+00,2.800932645797729492e+00,9.452232718467712402e-01,6.090978622436523438e+00,5.309395790100097656e+00,4.834931373596191406e+00,4.176447391510009766e+00,3.971888065338134766e+00,7.286316871643066406e+00,4.097734928131103516e+00,4.969061374664306641e+00
1.928213653564453125e+02,5.074025630950927734e+00,5.388332843780517578e+00,6.064158916473388672e+00,6.078548908233642578e+00,2.834812879562377930e+00,9.494265913963317871e-01,6.086037635803222656e+00,5.305391788482666016e+00,4.863829135894775391e+00,4.303306579589843750e+00,4.112813472747802734e+00,7.274165153503417969e+00,4.099761009216308594e+00,4.970263481140136719e+00
1.933222045898437500e+02,5.060411930084228516e+00,5.323599815368652344e+00,5.923423767089843750e+00,5.940451622009277344e+00,2.847582817077636719e+00,9.507824778556823730e-01,6.087267398834228516e+00,5.303939342498779297e+00,4.888344287872314453e+00,4.416104793548583984e+00,4.242809295654296875e+00,7.273138999938964844e+00,4.096147060394287109e+00,4.970318794250488281e+00
1.938230438232421875e+02,5.049005508422851562e+00,5.267303943634033203e+00,5.791135311126708984e+00,5.809446811676025391e+00,2.853016614913940430e+00,9.511880874633789062e-01,6.091842651367187500e+00,5.304056644439697266e+00,4.909067630767822266e+00,4.515435218811035156e+00,4.361249446868896484e+00,7.275724887847900391e+00,4.089558124542236328e+00,4.969625473022460938e+00
1.943238677978515625e+02,5.039505004882812500e+00,5.218887805938720703e+00,5.669209957122802734e+00,5.687679290771484375e+00,2.855850219726562500e+00,9.512786269187927246e-01,6.098010063171386719e+00,5.305044651031494141e+00,4.926441669464111328e+00,4.601664543151855469e+00,4.467245578765869141e+00,7.279332160949707031e+00,4.081649303436279297e+00,4.968524932861328125e+00
1.948247070312500000e+02,5.031668186187744141e+00,5.177813529968261719e+00,5.559239387512207031e+00,5.576942443847656250e+00,2.857709407806396484e+00,9.512646198272705078e-01,6.104737758636474609e+00,5.306465148925781250e+00,4.940867424011230469e+00,4.675409793853759766e+00,4.560349464416503906e+00,7.283059597015380859e+00,4.073395729064941406e+00,4.967252731323242188e+00
1.953255462646484375e+02,5.025243759155273438e+00,5.143348217010498047e+00,5.462004184722900391e+00,5.478322982788085938e+00,2.859137296676635742e+00,9.512205719947814941e-01,6.111441135406494141e+00,5.308041572570800781e+00,4.952748775482177734e+00,4.737641811370849609e+00,4.640745162963867188e+00,7.286561012268066406e+00,4.065341472625732422e+00,4.965941429138183594e+00
1.958263702392578125e+02,5.020016670227050781e+00,5.114758491516113281e+00,5.377658843994140625e+00,5.392221927642822266e+00,2.860319137573242188e+00,9.511690139770507812e-01,6.117813587188720703e+00,5.309626579284667969e+00,4.962450027465820312e+00,4.789502143859863281e+00,4.709069728851318359e+00,7.289704799652099609e+00,4.057769298553466797e+00,4.964669227600097656e+00
1.963272094726562500e+02,5.015801429748535156e+00,5.091310501098632812e+00,5.305786132812500000e+00,5.318406581878662109e+00,2.861313104629516602e+00,9.511220455169677734e-01,6.123706340789794922e+00,5.311143398284912109e+00,4.970307350158691406e+00,4.832225322723388672e+00,4.766297340393066406e+00,7.292435646057128906e+00,4.050808906555175781e+00,4.963483810424804688e+00
1.968280487060546875e+02,5.012419223785400391e+00,5.072236061096191406e+00,5.245454788208007812e+00,5.256147384643554688e+00,2.862125873565673828e+00,9.510778188705444336e-01,6.129062175750732422e+00,5.312546730041503906e+00,4.976630687713623047e+00,4.867080211639404297e+00,4.813638210296630859e+00,7.294695854187011719e+00,4.044502258300781250e+00,4.962396144866943359e+00
1.973288879394531250e+02,5.009721755981445312e+00,5.056852340698242188e+00,5.195516109466552734e+00,5.204399108886718750e+00,2.862752914428710938e+00,9.510387182235717773e-01,6.133878707885742188e+00,5.313823223114013672e+00,4.981685638427734375e+00,4.895260334014892578e+00,4.852355003356933594e+00,7.296447277069091797e+00,4.038840293884277344e+00,4.961411952972412109e+00
1.978297119140625000e+02,5.007581710815429688e+00,5.044536590576171875e+00,5.154677867889404297e+00,5.161940097808837891e+00,2.863178491592407227e+00,9.510053396224975586e-01,6.138179779052734375e+00,5.314967155456542969e+00,4.985702514648437500e+00,4.917865276336669922e+00,4.883706092834472656e+00,7.297636985778808594e+00,4.033786773681640625e+00,4.960529327392578125e+00
1.983305511474609375e+02,5.005894660949707031e+00,5.034750938415527344e+00,5.121650695800781250e+00,5.127500534057617188e+00,2.863389015197753906e+00,9.509738683700561523e-01,6.142002105712890625e+00,5.315993785858154297e+00,4.988876342773437500e+00,4.935862541198730469e+00,4.908863067626953125e+00,7.298228263854980469e+00,4.029294967651367188e+00,4.959746360778808594e+00
1.988313903808593750e+02,8.740757942199707031e+00,1.378201603889465332e+00,9.623317718505859375e+00,9.848095893859863281e+00,4.636084556579589844e+00,9.773956298828125000e+00,6.186723709106445312e+00,5.335626602172851562e+00,2.494862824678421021e-01,7.782679557800292969e+00,1.759302169084548950e-01,6.186668276786804199e-01,3.976147413253784180e+00,4.941828250885009766e+00
1.993322143554687500e+02,8.570443153381347656e+00,9.383318901062011719e+00,9.610245704650878906e+00,8.861299753189086914e-01,3.129920721054077148e+00,9.279861450195312500e+00,6.196248531341552734e+00,5.341874122619628906e+00,8.475714325904846191e-01,2.599077939987182617e+00,9.137705802917480469e+00,1.511183142662048340e+00,3.985821962356567383e+00,4.947366237640380859e+00
1.998330535888671875e+02,8.660124778747558594e+00,7.440023422241210938e+00,8.226411819458007812e+00,1.579935669898986816e+00,1.917973399162292480e+00,1.831685423851013184e+00,6.168168067932128906e+00,5.327951908111572266e+00,3.303205370903015137e-01,4.581522941589355469e+00,4.576791286468505859e+00,7.603691101074218750e+00,4.024156570434570312e+00,4.961240291595458984e+00
2.003338928222656250e+02,8.624525070190429688e+00,7.063882827758789062e+00,5.843151092529296875e+00,1.158528447151184082e+00,2.057969808578491211e+00,4.105837047100067139e-01,6.143705844879150391e+00,5.322834491729736328e+00,3.530364334583282471e-01,3.491002082824707031e+00,5.421996593475341797e+00,7.677272319793701172e+00,4.050096988677978516e+00,4.966767787933349609e+00
2.008347320556640625e+02,8.391437530517578125e+00,8.239095687866210938e+00,3.948587656021118164e+00,7.306771874427795410e-01,2.165594577789306641e+00,3.300105929374694824e-01,6.130322933197021484e+00,5.318407058715820312e+00,6.583551764488220215e-01,1.147022247314453125e+00,7.539927005767822266e+00,7.555815219879150391e+00,4.072086811065673828e+00,4.969486713409423828e+00
2.013355560302734375e+02,8.369559288024902344e+00,8.219833374023437500e+00,4.668683528900146484e+00,9.377419948577880859e-01,2.204347372055053711e+00,3.605525791645050049e-01,6.115159034729003906e+00,5.316234588623046875e+00,7.097617983818054199e-01,1.178509950637817383e+00,6.217889308929443359e+00,7.571283340454101562e+00,4.089025020599365234e+00,4.973662853240966797e+00
2.018363952636718750e+02,8.347693443298339844e+00,8.236618995666503906e+00,4.842751026153564453e+00,9.379045963287353516e-01,2.276009798049926758e+00,4.324949383735656738e-01,6.100890636444091797e+00,5.313311576843261719e+00,7.559156417846679688e-01,1.150778770446777344e+00,5.937275886535644531e+00,7.542305469512939453e+00,4.104907035827636719e+00,4.976460456848144531e+00
2.023372344970703125e+02,8.320449829101562500e+00,8.266873359680175781e+00,4.869342327117919922e+00,8.934746384620666504e-01,2.356687784194946289e+00,4.968026280403137207e-01,6.086959838867187500e+00,5.309554576873779297e+00,8.055014014244079590e-01,1.090526819229125977e+00,5.920507907867431641e+00,7.498116016387939453e+00,4.118948459625244141e+00,4.978314399719238281e+00
2.028380584716796875e+02,8.291086196899414062e+00,8.303753852844238281e+00,4.856354236602783203e+00,8.412365913391113281e-01,2.425977468490600586e+00,5.464037656784057617e-01,6.074893951416015625e+00,5.305768489837646484e+00,8.578632473945617676e-01,1.015354394912719727e+00,5.976897239685058594e+00,7.459266185760498047e+00,4.130092144012451172e+00,4.979695796966552734e+00
2.033388977050781250e+02,8.261357307434082031e+00,8.343428611755371094e+00,4.839226722717285156e+00,7.928755283355712891e-01,2.480585575103759766e+00,5.849827527999877930e-01,6.065744876861572266e+00,5.302486419677734375e+00,9.114079475402832031e-01,9.339475035667419434e-01,6.050419807434082031e+00,7.429238319396972656e+00,4.137721061706542969e+00,4.980635643005371094e+00
2.038397369384765625e+02,8.232471466064453125e+00,8.383868217468261719e+00,4.827973365783691406e+00,7.523174285888671875e-01,2.522848367691040039e+00,6.160758137702941895e-01,6.059793949127197266e+00,5.299975395202636719e+00,9.643464684486389160e-01,8.512960076332092285e-01,6.122530937194824219e+00,7.406743526458740234e+00,4.141839027404785156e+00,4.981100082397460938e+00
2.043405609130859375e+02,8.205406188964843750e+00,8.423889160156250000e+00,4.824635505676269531e+00,7.203134298324584961e-01,2.555904865264892578e+00,6.420305371284484863e-01,6.056820392608642578e+00,5.298296928405761719e+00,1.014780044555664062e+00,7.706924080848693848e-01,6.187655448913574219e+00,7.389834880828857422e+00,4.142845153808593750e+00,4.981108665466308594e+00
2.048414001464843750e+02,8.181225776672363281e+00,8.462665557861328125e+00,4.828201293945312500e+00,6.960987448692321777e-01,2.582310914993286133e+00,6.642650961875915527e-01,6.056363582611083984e+00,5.297397613525390625e+00,1.060671329498291016e+00,6.947820782661437988e-01,6.244112968444824219e+00,7.376859188079833984e+00,4.141304016113281250e+00,4.980718612670898438e+00
2.053422393798828125e+02,8.167750358581542969e+00,8.502236366271972656e+00,4.824807167053222656e+00,6.788114309310913086e-01,2.603360414505004883e+00,6.840100884437561035e-01,6.057978153228759766e+00,5.297182559967041016e+00,1.092776417732238770e+00,6.256365776062011719e-01,6.274844169616699219e+00,7.364613533020019531e+00,4.137838363647460938e+00,4.980033397674560547e+00
2.058430786132812500e+02,8.168005943298339844e+00,8.542017936706542969e+00,4.807479381561279297e+00,6.672156453132629395e-01,2.620613574981689453e+00,7.019598484039306641e-01,6.061114311218261719e+00,5.297483921051025391e+00,1.105334520339965820e+00,5.640763640403747559e-01,6.272958278656005859e+00,7.353079319000244141e+00,4.132923126220703125e+00,4.979095458984375000e+00
2.063439025878906250e+02,8.172798156738281250e+00,8.577919960021972656e+00,4.789696693420410156e+00,6.591368317604064941e-01,2.635662317276000977e+00,7.180101871490478516e-01,6.065249443054199219e+00,5.298130035400390625e+00,1.107651948928833008e+00,5.112726688385009766e-01,6.260429859161376953e+00,7.344269752502441406e+00,4.126953125000000000e+00,4.977943420410156250e+00
2.068447418212890625e+02,8.179208755493164062e+00,8.609302520751953125e+00,4.775281906127929688e+00,6.533033251762390137e-01,2.649111747741699219e+00,7.323924303054809570e-01,6.070070743560791016e+00,5.299036026000976562e+00,1.103510260581970215e+00,4.676372110843658447e-01,6.245303630828857422e+00,7.337793827056884766e+00,4.120301246643066406e+00,4.976670265197753906e+00
2.073455810546875000e+02,8.185498237609863281e+00,8.636384963989257812e+00,4.763903617858886719e+00,6.489062905311584473e-01,2.661355495452880859e+00,7.453671693801879883e-01,6.075332641601562500e+00,5.300130844116210938e+00,1.095563530921936035e+00,4.328308403491973877e-01,6.229249954223632812e+00,7.333201408386230469e+00,4.113261699676513672e+00,4.975333213806152344e+00
2.078464050292968750e+02,8.190302848815917969e+00,8.659474372863769531e+00,4.754447460174560547e+00,6.454516053199768066e-01,2.672667026519775391e+00,7.571659088134765625e-01,6.080844402313232422e+00,5.301352977752685547e+00,1.085894107818603516e+00,4.059897661209106445e-01,6.212311267852783203e+00,7.330129146575927734e+00,4.106050491333007812e+00,4.973979949951171875e+00
2.083472442626953125e+02,8.192497253417968750e+00,8.678844451904296875e+00,4.746046066284179688e+00,6.426373124122619629e-01,2.683242082595825195e+00,7.679819464683532715e-01,6.086456298828125000e+00,5.302655696868896484e+00,1.076062202453613281e+00,3.860195577144622803e-01,6.194439888000488281e+00,7.328288555145263672e+00,4.098831176757812500e+00,4.972640991210937500e+00
2.088480834960937500e+02,8.191089630126953125e+00,8.694842338562011719e+00,4.737704753875732422e+00,6.402633786201477051e-01,2.693197011947631836e+00,7.779630422592163086e-01,6.092053890228271484e+00,5.303987026214599609e+00,1.067293167114257812e+00,3.718646764755249023e-01,6.175114631652832031e+00,7.327404022216796875e+00,4.091718196868896484e+00,4.971327781677246094e+00
2.093489074707031250e+02,8.185061454772949219e+00,8.707636833190917969e+00,4.729100227355957031e+00,6.381942629814147949e-01,2.702609300613403320e+00,7.872268557548522949e-01,6.097549915313720703e+00,5.305315494537353516e+00,1.060623407363891602e+00,3.625815808773040771e-01,6.154513835906982422e+00,7.327239036560058594e+00,4.084799766540527344e+00,4.970052242279052734e+00
2.098497467041015625e+02,8.173303604125976562e+00,8.717207908630371094e+00,4.720496177673339844e+00,6.363348960876464844e-01,2.711522579193115234e+00,7.958661913871765137e-01,6.102883815765380859e+00,5.306622028350830078e+00,1.057054758071899414e+00,3.573807477951049805e-01,6.133465766906738281e+00,7.327577114105224609e+00,4.078133106231689453e+00,4.968831062316894531e+00
2.103505859375000000e+02,8.154534339904785156e+00,8.723544120788574219e+00,4.711875438690185547e+00,6.346289515495300293e-01,2.719945907592773438e+00,8.039593100547790527e-01,6.108008861541748047e+00,5.307886600494384766e+00,1.057679057121276855e+00,3.556533157825469971e-01,6.112300395965576172e+00,7.328188419342041016e+00,4.071756839752197266e+00,4.967664241790771484e+00
2.108514251708984375e+02,8.127307891845703125e+00,8.726449012756347656e+00,4.703589439392089844e+00,6.330733895301818848e-01,2.727882862091064453e+00,8.115764260292053223e-01,6.112895488739013672e+00,5.309100151062011719e+00,1.063708543777465820e+00,3.569101095199584961e-01,6.091758728027343750e+00,7.328882217407226562e+00,4.065701007843017578e+00,4.966559886932373047e+00
2.113522491455078125e+02,8.090026855468750000e+00,8.725661277770996094e+00,4.695707321166992188e+00,6.317504048347473145e-01,2.735339164733886719e+00,8.187965750694274902e-01,6.117526531219482422e+00,5.310256481170654297e+00,1.076530218124389648e+00,3.607890307903289795e-01,6.072138786315917969e+00,7.329504489898681641e+00,4.059978485107421875e+00,4.965514659881591797e+00
2.118530883789062500e+02,8.041081428527832031e+00,8.720749855041503906e+00,4.688369274139404297e+00,6.308491230010986328e-01,2.742335557937622070e+00,8.256977796554565430e-01,6.121892452239990234e+00,5.311355590820312500e+00,1.097722411155700684e+00,3.670372366905212402e-01,6.053779602050781250e+00,7.329967021942138672e+00,4.054597854614257812e+00,4.964540004730224609e+00
2.123539276123046875e+02,7.978813648223876953e+00,8.711260795593261719e+00,4.680926799774169922e+00,6.306657195091247559e-01,2.748908281326293945e+00,8.323611617088317871e-01,6.125991344451904297e+00,5.312391281127929688e+00,1.129116654396057129e+00,3.755551278591156006e-01,6.035958766937255859e+00,7.330236911773681641e+00,4.049557209014892578e+00,4.963625431060791016e+00
2.128547515869140625e+02,7.901796817779541016e+00,8.696511268615722656e+00,4.672689437866210938e+00,6.316462159156799316e-01,2.755107879638671875e+00,8.388740420341491699e-01,6.129822254180908203e+00,5.313355445861816406e+00,1.172814369201660156e+00,3.863991498947143555e-01,6.017891407012939453e+00,7.330333232879638672e+00,4.044854164123535156e+00,4.962775230407714844e+00
2.133555908203125000e+02,7.809141635894775391e+00,8.675566673278808594e+00,4.663038253784179688e+00,6.343801617622375488e-01,2.760991096496582031e+00,8.453187942504882812e-01,6.133391857147216797e+00,5.314264297485351562e+00,1.231171965599060059e+00,3.998139202594757080e-01,5.998925209045410156e+00,7.330298900604248047e+00,4.040481090545654297e+00,4.961987495422363281e+00
2.138564300537109375e+02,7.700369834899902344e+00,8.647399902343750000e+00,4.650936126708984375e+00,6.396391391754150391e-01,2.766604661941528320e+00,8.517868518829345703e-01,6.136704444885253906e+00,5.315107345581054688e+00,1.306727170944213867e+00,4.162265360355377197e-01,5.977901935577392578e+00,7.330136775970458984e+00,4.036426544189453125e+00,4.961256980895996094e+00
2.143572692871093750e+02,7.575973033905029297e+00,8.610780715942382812e+00,4.635868072509765625e+00,6.485188603401184082e-01,2.771983385086059570e+00,8.583880662918090820e-01,6.139774322509765625e+00,5.315891742706298828e+00,1.402022838592529297e+00,4.362435936927795410e-01,5.954444408416748047e+00,7.329809665679931641e+00,4.032675266265869141e+00,4.960581302642822266e+00
2.148580932617187500e+02,7.437293052673339844e+00,8.564418792724609375e+00,4.617400646209716797e+00,6.626213788986206055e-01,2.777155637741088867e+00,8.652751445770263672e-01,6.142608642578125000e+00,5.316614151000976562e+00,1.519317865371704102e+00,4.606690704822540283e-01,5.928447246551513672e+00,7.329235076904296875e+00,4.029216289520263672e+00,4.959956645965576172e+00
2.153589324951171875e+02,7.286888599395751953e+00,8.507009506225585938e+00,4.595471858978271484e+00,6.842519640922546387e-01,2.782163858413696289e+00,8.726487755775451660e-01,6.145220756530761719e+00,5.317286014556884766e+00,1.660241365432739258e+00,4.906523823738098145e-01,5.900650978088378906e+00,7.328336238861083984e+00,4.026030540466308594e+00,4.959387302398681641e+00
2.158597717285156250e+02,7.127691745758056641e+00,8.437274932861328125e+00,4.569370269775390625e+00,7.168267369270324707e-01,2.787055492401123047e+00,8.807720541954040527e-01,6.147622585296630859e+00,5.317903518676757812e+00,1.825274467468261719e+00,5.278412699699401855e-01,5.871716499328613281e+00,7.327002525329589844e+00,4.023103713989257812e+00,4.958861827850341797e+00
2.163605957031250000e+02,6.963334560394287109e+00,8.353934288024902344e+00,4.537618637084960938e+00,7.653917670249938965e-01,2.791898250579833984e+00,8.899700641632080078e-01,6.149827003479003906e+00,5.318469524383544922e+00,2.013356447219848633e+00,5.747680068016052246e-01,5.843657970428466797e+00,7.325124263763427734e+00,4.020419120788574219e+00,4.958376884460449219e+00
2.168614349365234375e+02,6.797857761383056641e+00,8.255760192871093750e+00,4.495890140533447266e+00,8.375826478004455566e-01,2.796772003173828125e+00,9.006238579750061035e-01,6.151848793029785156e+00,5.318994045257568359e+00,2.221669912338256836e+00,6.353884935379028320e-01,5.821358203887939453e+00,7.322602748870849609e+00,4.017961025238037109e+00,4.957938194274902344e+00
2.173622741699218750e+02,6.634418487548828125e+00,8.141200065612792969e+00,4.438231468200683594e+00,9.451795816421508789e-01,2.801750421524047852e+00,9.133303761482238770e-01,6.153697967529296875e+00,5.319472312927246094e+00,2.445803165435791016e+00,7.158109545707702637e-01,5.810093402862548828e+00,7.319283008575439453e+00,4.015713214874267578e+00,4.957534790039062500e+00
2.178630981445312500e+02,6.475504398345947266e+00,8.008044242858886719e+00,4.376619815826416016e+00,1.106324195861816406e+00,2.806959629058837891e+00,9.292832612991333008e-01,6.155390739440917969e+00,5.319911003112792969e+00,2.680978775024414062e+00,8.258901238441467285e-01,5.802073001861572266e+00,7.314977169036865234e+00,4.013656616210937500e+00,4.957161426544189453e+00
2.183639373779296875e+02,6.322000026702880859e+00,7.852534770965576172e+00,4.366726398468017578e+00,1.351263880729675293e+00,2.812776327133178711e+00,9.506946802139282227e-01,6.156940460205078125e+00,5.320318698883056641e+00,2.924156665802001953e+00,9.815953373908996582e-01,5.759350299835205078e+00,7.309335708618164062e+00,4.011775493621826172e+00,4.956823348999023438e+00
2.188647766113281250e+02,6.171771049499511719e+00,7.668486595153808594e+00,4.487707614898681641e+00,1.732963085174560547e+00,2.819982528686523438e+00,9.799338579177856445e-01,6.158359050750732422e+00,5.320693492889404297e+00,3.175183773040771484e+00,1.204895019531250000e+00,5.626910209655761719e+00,7.301694393157958984e+00,4.010049819946289062e+00,4.956508636474609375e+00
2.193656158447265625e+02,6.022148609161376953e+00,7.451239109039306641e+00,4.764650821685791016e+00,2.316787242889404297e+00,2.829130411148071289e+00,1.015377879142761230e+00,6.159654617309570312e+00,5.321036815643310547e+00,3.433021783828735352e+00,1.511819601058959961e+00,5.381460189819335938e+00,7.291571617126464844e+00,4.008476257324218750e+00,4.956220149993896484e+00
2.198664398193359375e+02,5.873692512512207031e+00,7.205717086791992188e+00,5.121440887451171875e+00,3.085696220397949219e+00,2.838575124740600586e+00,1.047855377197265625e+00,6.160818099975585938e+00,5.321340084075927734e+00,3.687815904617309570e+00,1.885680437088012695e+00,5.068747997283935547e+00,7.279887199401855469e+00,4.007064342498779297e+00,4.955962657928466797e+00
2.203672790527343750e+02,5.732232570648193359e+00,6.947446346282958984e+00,5.441102504730224609e+00,3.856859922409057617e+00,2.844885826110839844e+00,1.068211078643798828e+00,6.161849498748779297e+00,5.321610927581787109e+00,3.922861337661743164e+00,2.280682086944580078e+00,4.778247356414794922e+00,7.268636703491210938e+00,4.005819797515869141e+00,4.955743312835693359e+00
2.208681182861328125e+02,5.603466510772705078e+00,6.690462112426757812e+00,5.657413005828857422e+00,4.456013202667236328e+00,2.846869468688964844e+00,1.076039314270019531e+00,6.162762165069580078e+00,5.321843624114990234e+00,4.127312183380126953e+00,2.662766695022583008e+00,4.571564197540283203e+00,7.258202075958251953e+00,4.004722595214843750e+00,4.955551624298095703e+00
2.213689422607421875e+02,5.490191459655761719e+00,6.443022251129150391e+00,5.767861366271972656e+00,4.853791236877441406e+00,2.845468997955322266e+00,1.075519919395446777e+00,6.163575172424316406e+00,5.322045803070068359e+00,4.299715518951416016e+00,3.020402669906616211e+00,4.457873344421386719e+00,7.247549533843994141e+00,4.003747463226318359e+00,4.955381870269775391e+00
2.218697814941406250e+02,5.392947196960449219e+00,6.210747718811035156e+00,5.796059131622314453e+00,5.094261646270751953e+00,2.841735124588012695e+00,1.070384144783020020e+00,6.164303302764892578e+00,5.322230815887451172e+00,4.442984104156494141e+00,3.349436283111572266e+00,4.419124603271484375e+00,7.235592842102050781e+00,4.002876758575439453e+00,4.955236434936523438e+00
2.223706207275390625e+02,5.310995578765869141e+00,5.998239517211914062e+00,5.767944335937500000e+00,5.227054119110107422e+00,2.836277246475219727e+00,1.063053369522094727e+00,6.164958477020263672e+00,5.322395324707031250e+00,4.560788631439208984e+00,3.645312070846557617e+00,4.431845188140869141e+00,7.221452236175537109e+00,4.002092361450195312e+00,4.955101966857910156e+00
2.228714599609375000e+02,5.243253231048583984e+00,5.809442520141601562e+00,5.705724239349365234e+00,5.289999485015869141e+00,2.829391717910766602e+00,1.054967522621154785e+00,6.165549755096435547e+00,5.322541236877441406e+00,4.656626224517822266e+00,3.904374837875366211e+00,4.475425720214843750e+00,7.204455852508544922e+00,4.001387596130371094e+00,4.954983234405517578e+00
2.233722839355468750e+02,5.188281059265136719e+00,5.646643638610839844e+00,5.626492500305175781e+00,5.309502124786376953e+00,2.821174144744873047e+00,1.046979188919067383e+00,6.166079998016357422e+00,5.322672367095947266e+00,4.733650684356689453e+00,4.124895572662353516e+00,4.534134864807128906e+00,7.184030055999755859e+00,4.000753402709960938e+00,4.954871654510498047e+00
2.238731231689453125e+02,5.144492149353027344e+00,5.510270595550537109e+00,5.542583942413330078e+00,5.303474426269531250e+00,2.811613082885742188e+00,1.039575695991516113e+00,6.166560173034667969e+00,5.322794914245605469e+00,4.794775485992431641e+00,4.307866573333740234e+00,4.597128868103027344e+00,7.159713745117187500e+00,4.000181674957275391e+00,4.954777717590332031e+00
2.243739624023437500e+02,5.110133647918701172e+00,5.398823738098144531e+00,5.461878299713134766e+00,5.283789157867431641e+00,2.800604820251464844e+00,1.033076524734497070e+00,6.166992664337158203e+00,5.322904109954833984e+00,4.842673778533935547e+00,4.456232547760009766e+00,4.657691001892089844e+00,7.131089687347412109e+00,3.999665737152099609e+00,4.954689502716064453e+00
2.248747863769531250e+02,5.083544731140136719e+00,5.309670925140380859e+00,5.388868331909179688e+00,5.258028030395507812e+00,2.788008451461791992e+00,1.027777433395385742e+00,6.167379379272460938e+00,5.322999954223632812e+00,4.879785537719726562e+00,4.574360847473144531e+00,4.712241172790527344e+00,7.097887516021728516e+00,3.999202013015747070e+00,4.954606056213378906e+00
2.253756256103515625e+02,5.063214302062988281e+00,5.239591121673583984e+00,5.325512409210205078e+00,5.230751991271972656e+00,2.773643732070922852e+00,1.024127960205078125e+00,6.167728900909423828e+00,5.323090553283691406e+00,4.908264160156250000e+00,4.667119026184082031e+00,4.759362220764160156e+00,7.060025215148925781e+00,3.998785972595214844e+00,4.954536914825439453e+00
2.258764648437500000e+02,5.047791481018066406e+00,5.185192584991455078e+00,5.272009372711181641e+00,5.204486370086669922e+00,2.757272243499755859e+00,1.022955536842346191e+00,6.168043613433837891e+00,5.323172569274902344e+00,4.929950714111328125e+00,4.739184379577636719e+00,4.798967838287353516e+00,7.017601490020751953e+00,3.998410701751708984e+00,4.954471588134765625e+00
2.263772888183593750e+02,5.036168098449707031e+00,5.143359184265136719e+00,5.227620124816894531e+00,5.180410385131835938e+00,2.738608598709106445e+00,1.025604367256164551e+00,6.168325901031494141e+00,5.323242187500000000e+00,4.946376323699951172e+00,4.794805526733398438e+00,4.831707477569580078e+00,6.971037864685058594e+00,3.998073101043701172e+00,4.954410552978515625e+00
2.268781280517578125e+02,5.027450084686279297e+00,5.111390113830566406e+00,5.191146850585937500e+00,5.158884048461914062e+00,2.717304468154907227e+00,1.034078359603881836e+00,6.168578624725341797e+00,5.323310852050781250e+00,4.958776950836181641e+00,4.837617874145507812e+00,4.858558177947998047e+00,6.921110153198242188e+00,3.997769832611083984e+00,4.954359531402587891e+00
2.273789672851562500e+02,5.020919322967529297e+00,5.087002754211425781e+00,5.161208629608154297e+00,5.139810562133789062e+00,2.692920207977294922e+00,1.051055192947387695e+00,6.168807506561279297e+00,5.323371887207031250e+00,4.968133926391601562e+00,4.870589256286621094e+00,4.880572795867919922e+00,6.868915557861328125e+00,3.997495412826538086e+00,4.954311847686767578e+00
2.278798065185546875e+02,5.016026973724365234e+00,5.068386077880859375e+00,5.136523723602294922e+00,5.122886180877685547e+00,2.664905309677124023e+00,1.079805612564086914e+00,6.169013500213623047e+00,5.323425769805908203e+00,4.975206375122070312e+00,4.896095275878906250e+00,4.898731231689453125e+00,6.815944671630859375e+00,3.997247219085693359e+00,4.954268932342529297e+00
2.283806304931640625e+02,5.012351512908935547e+00,5.054114818572998047e+00,5.115972995758056641e+00,5.107761383056640625e+00,2.632512092590332031e+00,1.124075770378112793e+00,6.169198513031005859e+00,5.323472976684570312e+00,4.980576038360595703e+00,4.915977954864501953e+00,4.913867950439453125e+00,6.763986110687255859e+00,3.997023105621337891e+00,4.954228401184082031e+00
2.288814697265625000e+02,5.009582042694091797e+00,5.043111801147460938e+00,5.098675727844238281e+00,5.094135284423828125e+00,2.594681978225708008e+00,1.187874197959899902e+00,6.169367313385009766e+00,5.323522090911865234e+00,4.984678745269775391e+00,4.931636333465576172e+00,4.926640987396240234e+00,6.715116024017333984e+00,3.996820449829101562e+00,4.954194068908691406e+00
2.293823089599609375e+02,5.007482051849365234e+00,5.034557819366455078e+00,5.083959579467773438e+00,5.081804752349853516e+00,2.549964904785156250e+00,1.275191903114318848e+00,6.169517040252685547e+00,5.323565959930419922e+00,4.987836837768554688e+00,4.944099903106689453e+00,4.937537193298339844e+00,6.671497821807861328e+00,3.996637821197509766e+00,4.954160690307617188e+00
2.298831329345703125e+02,7.903806686401367188e+00,8.877987861633300781e+00,3.067020893096923828e+00,7.197504639625549316e-01,9.028923511505126953e-01,7.959837913513183594e+00,6.175865650177001953e+00,5.326718807220458984e+00,1.314179301261901855e+00,1.728504151105880737e-01,6.976929664611816406e+00,8.254988670349121094e+00,3.998488426208496094e+00,4.956148624420166016e+00
2.303839721679687500e+02,7.923311710357666016e+00,8.831946372985839844e+00,5.809372901916503906e+00,1.170263290405273438e+00,1.535717487335205078e+00,1.059550166130065918e+00,6.175083637237548828e+00,5.327074050903320312e+00,1.398373484611511230e+00,1.902875751256942749e-01,7.570415496826171875e+00,7.633481502532958984e+00,4.003268241882324219e+00,4.956937313079833984e+00
2.308848114013671875e+02,7.886317253112792969e+00,8.797688484191894531e+00,5.439180850982666016e+00,1.190715193748474121e+00,1.893179774284362793e+00,5.522422194480895996e-01,6.167700767517089844e+00,5.325738906860351562e+00,1.507031559944152832e+00,2.216559797525405884e-01,5.932137966156005859e+00,7.648478507995605469e+00,4.012499809265136719e+00,4.957960128784179688e+00
2.313856353759765625e+02,7.873055458068847656e+00,8.770706176757812500e+00,5.447844505310058594e+00,1.210021376609802246e+00,2.187298059463500977e+00,7.497778534889221191e-01,6.159429550170898438e+00,5.325395584106445312e+00,1.566232562065124512e+00,2.392002493143081665e-01,5.597291469573974609e+00,7.589774131774902344e+00,4.020971775054931641e+00,4.959549903869628906e+00
2.318864746093750000e+02,7.885354995727539062e+00,8.752816200256347656e+00,5.525341033935546875e+00,1.215110421180725098e+00,2.370767831802368164e+00,8.291882276535034180e-01,6.150674819946289062e+00,5.323275089263916016e+00,1.571021676063537598e+00,2.528673112392425537e-01,5.569008350372314453e+00,7.498750209808349609e+00,4.029875278472900391e+00,4.960515499114990234e+00
2.323873138427734375e+02,7.914277553558349609e+00,8.741598129272460938e+00,5.565181255340576172e+00,1.215221405029296875e+00,2.492653846740722656e+00,8.686757087707519531e-01,6.142920970916748047e+00,5.320869922637939453e+00,1.536767721176147461e+00,2.655940949916839600e-01,5.573415756225585938e+00,7.430090904235839844e+00,4.037373065948486328e+00,4.961422920227050781e+00
2.328881530761718750e+02,7.991353511810302734e+00,8.743083953857421875e+00,5.468338966369628906e+00,1.214369416236877441e+00,2.575168371200561523e+00,8.921468853950500488e-01,6.137032032012939453e+00,5.318692684173583984e+00,1.413479924201965332e+00,2.763217687606811523e-01,5.451601028442382812e+00,7.375998497009277344e+00,4.042703151702880859e+00,4.962129592895507812e+00
2.333889770507812500e+02,8.036613464355468750e+00,8.745093345642089844e+00,5.417496204376220703e+00,1.210967659950256348e+00,2.636869668960571289e+00,9.058752655982971191e-01,6.133032321929931641e+00,5.316936016082763672e+00,1.321005344390869141e+00,2.939091026782989502e-01,5.391287803649902344e+00,7.348223209381103516e+00,4.045714855194091797e+00,4.962535858154296875e+00
2.338898162841796875e+02,8.044818878173828125e+00,8.743014335632324219e+00,5.389490127563476562e+00,1.205230593681335449e+00,2.683926820755004883e+00,9.144930839538574219e-01,6.130939006805419922e+00,5.315759181976318359e+00,1.261742591857910156e+00,3.190393149852752686e-01,5.360393524169921875e+00,7.334414958953857422e+00,4.046782016754150391e+00,4.962715625762939453e+00
2.343906555175781250e+02,8.013118743896484375e+00,8.732357978820800781e+00,5.370996952056884766e+00,1.197023034095764160e+00,2.720094203948974609e+00,9.201777577400207520e-01,6.130422115325927734e+00,5.315079689025878906e+00,1.235087633132934570e+00,3.523279726505279541e-01,5.341985225677490234e+00,7.327151775360107422e+00,4.046287536621093750e+00,4.962657928466796875e+00
2.348914794921875000e+02,7.934349060058593750e+00,8.708371162414550781e+00,5.358993530273437500e+00,1.185890793800354004e+00,2.747771024703979492e+00,9.240483045578002930e-01,6.131091594696044922e+00,5.314810276031494141e+00,1.246310830116271973e+00,3.947982192039489746e-01,5.332033634185791016e+00,7.321956634521484375e+00,4.044630527496337891e+00,4.962409019470214844e+00
2.353923187255859375e+02,7.801204681396484375e+00,8.666241645812988281e+00,5.345162391662597656e+00,1.171019315719604492e+00,2.769947528839111328e+00,9.267418980598449707e-01,5.795904636383056641e+00,5.241311550140380859e+00,1.303201198577880859e+00,4.486327469348907471e-01,5.321218967437744141e+00,7.320146560668945312e+00,4.356692314147949219e+00,4.967288017272949219e+00
2.358931579589843750e+02,7.611016273498535156e+00,8.600739479064941406e+00,5.328594684600830078e+00,1.153139472007751465e+00,2.786587476730346680e+00,9.290038943290710449e-01,5.953898429870605469e+00,5.251140594482421875e+00,1.417193889617919922e+00,5.148350596427917480e-01,5.308401584625244141e+00,7.316390991210937500e+00,4.213595867156982422e+00,4.990018844604492188e+00
2.363939971923828125e+02,7.369074821472167969e+00,8.504291534423828125e+00,5.303997039794921875e+00,1.136835336685180664e+00,2.800160169601440430e+00,9.317498803138732910e-01,6.031287193298339844e+00,5.272948741912841797e+00,1.600563764572143555e+00,5.982219576835632324e-01,5.287236690521240234e+00,7.314037799835205078e+00,4.139677047729492188e+00,4.983572959899902344e+00
2.368948211669921875e+02,7.090657234191894531e+00,8.369846343994140625e+00,5.273497104644775391e+00,1.146378159523010254e+00,2.811724185943603516e+00,9.371940493583679199e-01,6.076280593872070312e+00,5.289551734924316406e+00,1.860740661621093750e+00,7.058730125427246094e-01,5.257632255554199219e+00,7.312165737152099609e+00,4.095190525054931641e+00,4.975163459777832031e+00
2.373956604003906250e+02,6.794720649719238281e+00,8.187097549438476562e+00,5.240093708038330078e+00,1.257695317268371582e+00,2.822665929794311523e+00,9.493777155876159668e-01,6.104175090789794922e+00,5.300514698028564453e+00,2.200211763381958008e+00,8.599507212638854980e-01,5.219293594360351562e+00,7.309858798980712891e+00,4.067021846771240234e+00,4.968975067138671875e+00
2.378964996337890625e+02,6.491736412048339844e+00,7.932476520538330078e+00,5.282947063446044922e+00,1.691165208816528320e+00,2.834994554519653320e+00,9.768369197845458984e-01,6.122101783752441406e+00,5.307569026947021484e+00,2.623247385025024414e+00,1.124720454216003418e+00,5.099805831909179688e+00,7.305723667144775391e+00,4.048591613769531250e+00,4.964808940887451172e+00
2.383973236083984375e+02,6.173190593719482422e+00,7.567796707153320312e+00,5.703340053558349609e+00,3.103980541229248047e+00,2.851808547973632812e+00,1.022759437561035156e+00,6.133975982666015625e+00,5.312143802642822266e+00,3.138670444488525391e+00,1.590477705001831055e+00,4.603773117065429688e+00,7.297649383544921875e+00,4.036158561706542969e+00,4.962014675140380859e+00
2.388981628417968750e+02,5.862930297851562500e+00,7.145529747009277344e+00,6.317222595214843750e+00,5.026942729949951172e+00,2.862836837768554688e+00,1.039634943008422852e+00,6.141943454742431641e+00,5.315109729766845703e+00,3.648085594177246094e+00,2.092617988586425781e+00,3.895634174346923828e+00,7.292601585388183594e+00,4.027703762054443359e+00,4.960175514221191406e+00
2.393990020751953125e+02,5.611939430236816406e+00,6.741575717926025391e+00,6.610141754150390625e+00,5.941183090209960938e+00,2.864965915679931641e+00,1.030756831169128418e+00,6.147434234619140625e+00,5.317065715789794922e+00,4.043902397155761719e+00,2.531617403030395508e+00,3.540835380554199219e+00,7.292557239532470703e+00,4.021796226501464844e+00,4.958935737609863281e+00
2.398998260498046875e+02,5.423444747924804688e+00,6.364421844482421875e+00,6.629533767700195312e+00,6.229903697967529297e+00,2.864450931549072266e+00,1.016388893127441406e+00,6.151396751403808594e+00,5.318406581878662109e+00,4.335262298583984375e+00,2.975008010864257812e+00,3.504369735717773438e+00,7.293159484863281250e+00,4.017465591430664062e+00,4.958058357238769531e+00
2.404006652832031250e+02,5.285986423492431641e+00,6.024669647216796875e+00,6.486803054809570312e+00,6.234901428222656250e+00,2.863115549087524414e+00,1.002412438392639160e+00,6.154375553131103516e+00,5.319372177124023438e+00,4.546792984008789062e+00,3.421791791915893555e+00,3.651448488235473633e+00,7.293068885803222656e+00,4.014155864715576172e+00,4.957413196563720703e+00
2.409015045166015625e+02,5.188368797302246094e+00,5.736705303192138672e+00,6.256569862365722656e+00,6.102401733398437500e+00,2.861442804336547852e+00,9.904841780662536621e-01,6.156697273254394531e+00,5.320091247558593750e+00,4.697484970092773438e+00,3.833185911178588867e+00,3.886028289794921875e+00,7.291789054870605469e+00,4.011535167694091797e+00,4.956914424896240234e+00
2.414023437500000000e+02,5.121329307556152344e+00,5.509593963623046875e+00,5.996932029724121094e+00,5.910870075225830078e+00,2.859561920166015625e+00,9.809929132461547852e-01,6.158569335937500000e+00,5.320646762847900391e+00,4.801980495452880859e+00,4.175011157989501953e+00,4.138935089111328125e+00,7.289063453674316406e+00,4.009395599365234375e+00,4.956517219543457031e+00
2.419031677246093750e+02,5.076858997344970703e+00,5.342192649841308594e+00,5.751365184783935547e+00,5.710138320922851562e+00,2.857439279556274414e+00,9.737805128097534180e-01,6.160115718841552734e+00,5.321091651916503906e+00,4.872320175170898438e+00,4.435431003570556641e+00,4.366535663604736328e+00,7.284679412841796875e+00,4.007608890533447266e+00,4.956187725067138672e+00
2.424040069580078125e+02,5.048235893249511719e+00,5.225359916687011719e+00,5.544647693634033203e+00,5.529785156250000000e+00,2.854953765869140625e+00,9.684357643127441406e-01,6.161422252655029297e+00,5.321461677551269531e+00,4.918419837951660156e+00,4.621665000915527344e+00,4.549831390380859375e+00,7.278461933135986328e+00,4.006089687347412109e+00,4.955914497375488281e+00
2.429048461914062500e+02,5.030176639556884766e+00,5.146820068359375000e+00,5.384037017822265625e+00,5.382697582244873047e+00,2.851926326751708984e+00,9.645094275474548340e-01,6.162540435791015625e+00,5.321771144866943359e+00,4.948060512542724609e+00,4.749420166015625000e+00,4.687293052673339844e+00,7.270157337188720703e+00,4.004782199859619141e+00,4.955681324005126953e+00
2.434056701660156250e+02,5.018911838531494141e+00,5.095254421234130859e+00,5.265882968902587891e+00,5.270310401916503906e+00,2.848172426223754883e+00,9.616089463233947754e-01,6.163506984710693359e+00,5.322031021118164062e+00,4.966900825500488281e+00,4.834881305694580078e+00,4.785799980163574219e+00,7.259480476379394531e+00,4.003644943237304688e+00,4.955476760864257812e+00
2.439065093994140625e+02,5.011918544769287109e+00,5.061837196350097656e+00,5.182045936584472656e+00,5.188127994537353516e+00,2.843503713607788086e+00,9.594285488128662109e-01,6.164348602294921875e+00,5.322260379791259766e+00,4.978817939758300781e+00,4.891267776489257812e+00,4.854418754577636719e+00,7.246082782745361328e+00,4.002654075622558594e+00,4.955303668975830078e+00
2.444073486328125000e+02,5.036118030548095703e+00,5.236772537231445312e+00,5.917238712310791016e+00,6.081966876983642578e+00,8.922592163085937500e+00,4.194591939449310303e-01,6.123177528381347656e+00,5.325461387634277344e+00,4.896230697631835938e+00,4.383145332336425781e+00,4.155652523040771484e+00,2.507711172103881836e+00,4.059277534484863281e+00,4.954292297363281250e+00
2.449081878662109375e+02,5.017204761505126953e+00,5.105178833007812500e+00,5.382859230041503906e+00,5.437976837158203125e+00,5.964381694793701172e+00,1.107114315032958984e+00,6.082136154174804688e+00,5.309486389160156250e+00,4.961483001708984375e+00,4.776316165924072266e+00,4.675418853759765625e+00,6.180861473083496094e+00,4.091987133026123047e+00,4.960501194000244141e+00
2.454090118408203125e+02,5.014278888702392578e+00,5.085446834564208984e+00,5.301962852478027344e+00,5.334646701812744141e+00,3.833076953887939453e+00,1.035730242729187012e+00,6.085368633270263672e+00,5.302344799041748047e+00,4.970936775207519531e+00,4.831843376159667969e+00,4.751587867736816406e+00,6.809909820556640625e+00,4.089338779449462891e+00,4.967062473297119141e+00
2.459098510742187500e+02,5.010755538940429688e+00,5.064311027526855469e+00,5.227966785430908203e+00,5.250346660614013672e+00,3.187930583953857422e+00,9.876803755760192871e-01,6.099150657653808594e+00,5.303622245788574219e+00,4.978739738464355469e+00,4.876455307006835938e+00,4.815344333648681641e+00,7.108685493469238281e+00,4.075222492218017578e+00,4.967458724975585938e+00
2.464106903076171875e+02,5.007704734802246094e+00,5.046251773834228516e+00,5.165665626525878906e+00,5.181763648986816406e+00,2.972534894943237305e+00,9.646426439285278320e-01,6.111993312835693359e+00,5.306833744049072266e+00,4.984904289245605469e+00,4.911776542663574219e+00,4.867017745971679688e+00,7.225779533386230469e+00,4.061664581298828125e+00,4.965914249420166016e+00
2.469115142822265625e+02,5.005388259887695312e+00,5.032480239868164062e+00,5.117505073547363281e+00,5.129058837890625000e+00,2.899536609649658203e+00,9.555853009223937988e-01,6.122200489044189453e+00,5.309891223907470703e+00,4.989470958709716797e+00,4.938160896301269531e+00,4.906228542327880859e+00,7.269310474395751953e+00,4.050658226013183594e+00,4.964102745056152344e+00
2.474123535156250000e+02,5.003726959228515625e+00,5.022535324096679688e+00,5.082159042358398438e+00,5.090335369110107422e+00,2.875089406967163086e+00,9.522964358329772949e-01,6.130098819732666016e+00,5.312368392944335938e+00,4.992726325988769531e+00,4.957117557525634766e+00,4.934702873229980469e+00,7.286167621612548828e+00,4.041989803314208984e+00,4.962518692016601562e+00
2.479131927490234375e+02,5.002561569213867188e+00,5.015522003173828125e+00,5.056909561157226562e+00,5.062621593475341797e+00,2.867197036743164062e+00,9.511294364929199219e-01,6.136271953582763672e+00,5.314289093017578125e+00,4.995005130767822266e+00,4.970468521118164062e+00,4.954903125762939453e+00,7.293405532836914062e+00,4.035109996795654297e+00,4.961229801177978516e+00
2.484140167236328125e+02,5.001753330230712891e+00,5.010637283325195312e+00,5.039154529571533203e+00,5.043103694915771484e+00,2.864873886108398438e+00,9.507121443748474121e-01,6.141192913055419922e+00,5.315789222717285156e+00,4.996585369110107422e+00,4.979765892028808594e+00,4.969040870666503906e+00,7.296978950500488281e+00,4.029551029205322266e+00,4.960183143615722656e+00
2.489148559570312500e+02,5.001196861267089844e+00,5.007263183593750000e+00,5.026801586151123047e+00,5.029505729675292969e+00,2.864335060119628906e+00,9.505568742752075195e-01,6.145203590393066406e+00,5.316983222961425781e+00,4.997673988342285156e+00,4.986191272735595703e+00,4.978846073150634766e+00,7.298932075500488281e+00,4.024971961975097656e+00,4.959336280822753906e+00
2.494156951904296875e+02,5.000815391540527344e+00,5.004942893981933594e+00,5.018268585205078125e+00,5.020109176635742188e+00,2.864264011383056641e+00,9.504942893981933594e-01,6.148535728454589844e+00,5.317949771881103516e+00,4.998421192169189453e+00,4.990608692169189453e+00,4.985602378845214844e+00,7.299914360046386719e+00,4.021134376525878906e+00,4.958633899688720703e+00
2.499165344238281250e+02,5.000554561614990234e+00,5.003355503082275391e+00,5.012411117553710938e+00,5.013657093048095703e+00,2.864188909530639648e+00,9.504637122154235840e-01,6.151344776153564453e+00,5.318748950958251953e+00,4.998930931091308594e+00,4.993630886077880859e+00,4.990231513977050781e+00,7.300109863281250000e+00,4.017875194549560547e+00,4.958042621612548828e+00
2.504173583984375000e+02,5.000377178192138672e+00,5.002273082733154297e+00,5.008409976959228516e+00,5.009250640869140625e+00,2.863930225372314453e+00,9.504469633102416992e-01,6.153744220733642578e+00,5.319417476654052734e+00,4.999278068542480469e+00,4.995691299438476562e+00,4.993389606475830078e+00,7.299520492553710938e+00,4.015079021453857422e+00,4.957537174224853516e+00
2.509181976318359375e+02,5.000256538391113281e+00,5.001538753509521484e+00,5.005688667297363281e+00,5.006253719329833984e+00,2.863399505615234375e+00,9.504367709159851074e-01,6.155810832977294922e+00,5.319990634918212891e+00,4.999514102935791016e+00,4.997089862823486328e+00,4.995535373687744141e+00,7.298080921173095703e+00,4.012660980224609375e+00,4.957108497619628906e+00
2.514190368652343750e+02,5.000174999237060547e+00,5.001040458679199219e+00,5.003842353820800781e+00,5.004222393035888672e+00,2.862526416778564453e+00,9.504276514053344727e-01,6.157602787017822266e+00,5.320481300354003906e+00,4.999673843383789062e+00,4.998037338256835938e+00,4.996989250183105469e+00,7.295656204223632812e+00,4.010557651519775391e+00,4.956734180450439453e+00
2.519198608398437500e+02,5.000119686126708984e+00,5.000703811645507812e+00,5.002594470977783203e+00,5.002849578857421875e+00,2.861247539520263672e+00,9.504222869873046875e-01,6.159164428710937500e+00,5.320902824401855469e+00,4.999781608581542969e+00,4.998677730560302734e+00,4.997972011566162109e+00,7.292085170745849609e+00,4.008720397949218750e+00,4.956407070159912109e+00
2.524207000732421875e+02,5.000082492828369141e+00,5.000476837158203125e+00,5.001752853393554688e+00,5.001923084259033203e+00,2.859492063522338867e+00,9.504174590110778809e-01,6.160529613494873047e+00,5.321275711059570312e+00,4.999854564666748047e+00,4.999109268188476562e+00,4.998633384704589844e+00,7.287180900573730469e+00,4.007112503051757812e+00,4.956123352050781250e+00
2.529215393066406250e+02,5.000057697296142578e+00,5.000323295593261719e+00,5.001185417175292969e+00,5.001300334930419922e+00,2.857166290283203125e+00,9.504126906394958496e-01,6.161725997924804688e+00,5.321597576141357422e+00,4.999903202056884766e+00,4.999399662017822266e+00,4.999079704284667969e+00,7.280682563781738281e+00,4.005701541900634766e+00,4.955874919891357422e+00
2.534223632812500000e+02,5.000040531158447266e+00,5.000220775604248047e+00,5.000803947448730469e+00,5.000880718231201172e+00,2.854161500930786133e+00,9.504110813140869141e-01,6.162776470184326172e+00,5.321876525878906250e+00,4.999936103820800781e+00,4.999595642089843750e+00,4.999379634857177734e+00,7.272288799285888672e+00,4.004461288452148438e+00,4.955654621124267578e+00
2.539232025146484375e+02,5.000029087066650391e+00,5.000151157379150391e+00,5.000546932220458984e+00,5.000598907470703125e+00,2.850356817245483398e+00,9.504117369651794434e-01,6.163701534271240234e+00,5.322125911712646484e+00,4.999958992004394531e+00,4.999727725982666016e+00,4.999581336975097656e+00,7.261663913726806641e+00,4.003369808197021484e+00,4.955464363098144531e+00
2.544240417480468750e+02,5.000021457672119141e+00,5.000104904174804688e+00,5.000373363494873047e+00,5.000409126281738281e+00,2.845600605010986328e+00,9.504198431968688965e-01,6.164512157440185547e+00,5.322345256805419922e+00,4.999973297119140625e+00,4.999816417694091797e+00,4.999716758728027344e+00,7.248384952545166016e+00,4.002410888671875000e+00,4.955294132232666016e+00
2.549248809814453125e+02,5.000016689300537109e+00,5.000072956085205078e+00,5.000257492065429688e+00,5.000281333923339844e+00,2.839725971221923828e+00,9.504422545433044434e-01,6.165228366851806641e+00,5.322534561157226562e+00,4.999983787536621094e+00,4.999876022338867188e+00,4.999808788299560547e+00,7.231995582580566406e+00,4.001564502716064453e+00,4.955145359039306641e+00
2.554257049560546875e+02,5.000012874603271484e+00,5.000052452087402344e+00,5.000178813934326172e+00,5.000195503234863281e+00,2.832548141479492188e+00,9.505016803741455078e-01,6.165857791900634766e+00,5.322700500488281250e+00,4.999990463256835938e+00,4.999916553497314453e+00,4.999869823455810547e+00,7.211991786956787109e+00,4.000818729400634766e+00,4.955011367797851562e+00
2.559265441894531250e+02,5.000010490417480469e+00,5.000037193298339844e+00,5.000124931335449219e+00,5.000136852264404297e+00,2.823877096176147461e+00,9.506430029869079590e-01,6.166413784027099609e+00,5.322850704193115234e+00,4.999994754791259766e+00,4.999943733215332031e+00,4.999911785125732422e+00,7.187892913818359375e+00,4.000161170959472656e+00,4.954898357391357422e+00
2.564273681640625000e+02,5.000015735626220703e+00,5.000079631805419922e+00,5.000331401824951172e+00,5.000406742095947266e+00,7.968184947967529297e+00,8.989059925079345703e-01,6.145332336425781250e+00,5.321911334991455078e+00,4.999976634979248047e+00,4.999826431274414062e+00,4.999735355377197266e+00,5.013947486877441406e+00,4.024351596832275391e+00,4.954255580902099609e+00
2.569282226562500000e+02,5.000014305114746094e+00,5.000059604644775391e+00,5.000217437744140625e+00,5.000245571136474609e+00,4.579849243164062500e+00,1.069928646087646484e+00,6.139673709869384766e+00,5.317463874816894531e+00,4.999987602233886719e+00,4.999894618988037109e+00,4.999837398529052734e+00,6.505908012390136719e+00,4.029571056365966797e+00,4.957793712615966797e+00
2.574290466308593750e+02,5.000012397766113281e+00,5.000049114227294922e+00,5.000169754028320312e+00,5.000186443328857422e+00,3.435163736343383789e+00,1.008615970611572266e+00,6.143153190612792969e+00,5.316641330718994141e+00,4.999990940093994141e+00,4.999920845031738281e+00,4.999876499176025391e+00,6.994183063507080078e+00,4.026060581207275391e+00,4.958790302276611328e+00
2.579298706054687500e+02,5.000010490417480469e+00,5.000038146972656250e+00,5.000126838684082031e+00,5.000138282775878906e+00,3.059576511383056641e+00,9.737884998321533203e-01,6.147793292999267578e+00,5.317469596862792969e+00,4.999994754791259766e+00,4.999943256378173828e+00,4.999911308288574219e+00,7.191679000854492188e+00,4.021127700805664062e+00,4.958520889282226562e+00
2.584307250976562500e+02,5.000009536743164062e+00,5.000029087066650391e+00,5.000092029571533203e+00,5.000100135803222656e+00,2.930899143218994141e+00,9.589255452156066895e-01,6.151752471923828125e+00,5.318552494049072266e+00,4.999998092651367188e+00,4.999961376190185547e+00,4.999938011169433594e+00,7.261502742767333984e+00,4.016835212707519531e+00,4.957923889160156250e+00
2.589315490722656250e+02,5.000008106231689453e+00,5.000021934509277344e+00,5.000067234039306641e+00,5.000072479248046875e+00,2.886141300201416016e+00,9.533807635307312012e-01,6.154866218566894531e+00,5.319487094879150391e+00,5.000000000000000000e+00,4.999973773956298828e+00,4.999957561492919922e+00,7.284202575683593750e+00,4.013402938842773438e+00,4.957327365875244141e+00
2.594323730468750000e+02,5.000007629394531250e+00,5.000017166137695312e+00,5.000049114227294922e+00,5.000052928924560547e+00,2.869934797286987305e+00,9.514212012290954590e-01,6.157297611236572266e+00,5.320235729217529297e+00,5.000001907348632812e+00,4.999982833862304688e+00,4.999971866607666016e+00,7.289734363555908203e+00,4.010682106018066406e+00,4.956827163696289062e+00
2.599332275390625000e+02,5.000006198883056641e+00,5.000013351440429688e+00,5.000036239624023438e+00,5.000039100646972656e+00,2.863231420516967773e+00,9.507414102554321289e-01,6.159229278564453125e+00,5.320826530456542969e+00,5.000002861022949219e+00,4.999989986419677734e+00,4.999981403350830078e+00,7.288474559783935547e+00,4.008496761322021484e+00,4.956426620483398438e+00
2.604340515136718750e+02,5.000006198883056641e+00,5.000010967254638672e+00,5.000027179718017578e+00,5.000029087066650391e+00,2.859416246414184570e+00,9.505068063735961914e-01,6.160789489746093750e+00,5.321286678314208984e+00,5.000002861022949219e+00,4.999993801116943359e+00,4.999988555908203125e+00,7.283817768096923828e+00,4.006705760955810547e+00,4.956087589263916016e+00
2.609349060058593750e+02,5.000005722045898438e+00,5.000009536743164062e+00,5.000021457672119141e+00,5.000022411346435547e+00,2.856163740158081055e+00,9.504279494285583496e-01,6.162083625793457031e+00,5.321664810180664062e+00,5.000004291534423828e+00,4.999997138977050781e+00,4.999993324279785156e+00,7.276792526245117188e+00,4.005213737487792969e+00,4.955821037292480469e+00
2.614357299804687500e+02,5.000005722045898438e+00,5.000008106231689453e+00,5.000016689300537109e+00,5.000017642974853516e+00,2.852568387985229492e+00,9.504032135009765625e-01,6.163167953491210938e+00,5.321967124938964844e+00,5.000004291534423828e+00,4.999999523162841797e+00,4.999997138977050781e+00,7.267461299896240234e+00,4.003952026367187500e+00,4.955585479736328125e+00
2.619365539550781250e+02,5.000005722045898438e+00,5.000007629394531250e+00,5.000013351440429688e+00,5.000014305114746094e+00,2.848245143890380859e+00,9.504007697105407715e-01,6.164090633392333984e+00,5.322226047515869141e+00,5.000004768371582031e+00,5.000000953674316406e+00,4.999999523162841797e+00,7.255632877349853516e+00,4.002872943878173828e+00,4.955391407012939453e+00
2.624374084472656250e+02,5.000005722045898438e+00,5.000007152557373047e+00,5.000010967254638672e+00,5.000011920928955078e+00,2.842940568923950195e+00,9.504124522209167480e-01,6.164885520935058594e+00,5.322450160980224609e+00,5.000004768371582031e+00,5.000002384185791016e+00,5.000000476837158203e+00,7.240913867950439453e+00,4.001941680908203125e+00,4.955228328704833984e+00
2.629382324218750000e+02,5.000005245208740234e+00,5.000006198883056641e+00,5.000010013580322266e+00,5.000010013580322266e+00,2.836437463760375977e+00,9.504504203796386719e-01,6.165574550628662109e+00,5.322630405426025391e+00,5.000005245208740234e+00,5.000002861022949219e+00,5.000001907348632812e+00,7.222808837890625000e+00,4.001131534576416016e+00,4.955079555511474609e+00
2.634390563964843750e+02,5.000005245208740234e+00,5.000006198883056641e+00,5.000008583068847656e+00,5.000008583068847656e+00,2.828547000885009766e+00,9.505444765090942383e-01,6.166172981262207031e+00,5.322792530059814453e+00,5.000005245208740234e+00,5.000004291534423828e+00,5.000002861022949219e+00,7.200856208801269531e+00,4.000426292419433594e+00,4.954954147338867188e+00
2.639399108886718750e+02,5.000005245208740234e+00,5.000005722045898438e+00,5.000007629394531250e+00,5.000008106231689453e+00,2.819064140319824219e+00,9.507638216018676758e-01,6.166697025299072266e+00,5.322939395904541016e+00,5.000005245208740234e+00,5.000004291534423828e+00,5.000003337860107422e+00,7.174550533294677734e+00,3.999808311462402344e+00,4.954849243164062500e+00
2.644407348632812500e+02,5.000005245208740234e+00,5.000005722045898438e+00,5.000007152557373047e+00,5.000007629394531250e+00,2.807764053344726562e+00,9.512775540351867676e-01,6.167155265808105469e+00,5.323057174682617188e+00,5.000005245208740234e+00,5.000004291534423828e+00,5.000004291534423828e+00,7.143403530120849609e+00,3.999265670776367188e+00,4.954747676849365234e+00
2.649415588378906250e+02,5.000005245208740234e+00,5.000005722045898438e+00,5.000006198883056641e+00,5.000007152557373047e+00,2.794445991516113281e+00,9.524190425872802734e-01,6.167559623718261719e+00,5.323163509368896484e+00,5.000005245208740234e+00,5.000004768371582031e+00,5.000004291534423828e+00,7.107126235961914062e+00,3.998788595199584961e+00,4.954664230346679688e+00
2.654424133300781250e+02,5.000005245208740234e+00,5.000005722045898438e+00,5.000006198883056641e+00,5.000006198883056641e+00,2.778882026672363281e+00,9.548396468162536621e-01,6.167914867401123047e+00,5.323263645172119141e+00,5.000005245208740234e+00,5.000004768371582031e+00,5.000004768371582031e+00,7.065598011016845703e+00,3.998369455337524414e+00,4.954594135284423828e+00
2.659432373046875000e+02,5.000005245208740234e+00,5.000005722045898438e+00,5.000006198883056641e+00,5.000006198883056641e+00,2.760797739028930664e+00,9.596829414367675781e-01,6.168227195739746094e+00,5.323340892791748047e+00,5.000005245208740234e+00,5.000004768371582031e+00,5.000004768371582031e+00,7.018948554992675781e+00,3.997997522354125977e+00,4.954523563385009766e+00
2.664440612792968750e+02,5.000005245208740234e+00,5.000005245208740234e+00,5.000005722045898438e+00,5.000005722045898438e+00,2.739908933639526367e+00,9.687300324440002441e-01,6.168501853942871094e+00,5.323416709899902344e+00,5.000005245208740234e+00,5.000005245208740234e+00,5.000004768371582031e+00,6.967791557312011719e+00,3.997671604156494141e+00,4.954463958740234375e+00
2.669449157714843750e+02,5.000005245208740234e+00,5.000005245208740234e+00,5.000005722045898438e+00,5.000005722045898438e+00,2.715849637985229492e+00,9.845191836357116699e-01,6.168748855590820312e+00,5.323486328125000000e+00,5.000005245208740234e+00,5.000005245208740234e+00,5.000005245208740234e+00,6.913135528564453125e+00,3.997379541397094727e+00,4.954419136047363281e+00
2.674457397460937500e+02,5.000005245208740234e+00,5.000005245208740234e+00,5.000005722045898438e+00,5.000005722045898438e+00,2.688143253326416016e+00,1.010346174240112305e+00,6.168963909149169922e+00,5.323540687561035156e+00,5.000005245208740234e+00,5.000005245208740234e+00,5.000005245208740234e+00,6.856424331665039062e+00,3.997121810913085938e+00,4.954368114471435547e+00
2.679465637207031250e+02,5.000005245208740234e+00,5.000005245208740234e+00,5.000005722045898438e+00,5.000005722045898438e+00,2.656175613403320312e+00,1.050127148628234863e+00,6.169156551361083984e+00,5.323593616485595703e+00,5.000005245208740234e+00,5.000005245208740234e+00,5.000005245208740234e+00,6.799621105194091797e+00,3.996890068054199219e+00,4.954327106475830078e+00
2.684474182128906250e+02,5.000005245208740234e+00,5.000005245208740234e+00,5.000005722045898438e+00,5.000005722045898438e+00,2.619008302688598633e+00,1.108279824256896973e+00,6.169328689575195312e+00,5.323647975921630859e+00,5.000005245208740234e+00,5.000005245208740234e+00,5.000005245208740234e+00,6.745020866394042969e+00,3.996687173843383789e+00,4.954294204711914062e+00
2.689482421875000000e+02,5.000005245208740234e+00,5.000005245208740234e+00,5.000005722045898438e+00,5.000005722045898438e+00,2.575216054916381836e+00,1.189574360847473145e+00,6.169480800628662109e+00,5.323685169219970703e+00,5.000005245208740234e+00,5.000005245208740234e+00,5.000005245208740234e+00,6.695135116577148438e+00,3.996500730514526367e+00,4.954257965087890625e+00
2.694490966796875000e+02,5.000005245208740234e+00,5.000005245208740234e+00,5.000005245208740234e+00,5.000005722045898438e+00,2.522926092147827148e+00,1.298269033432006836e+00,6.169615745544433594e+00,5.323729515075683594e+00,5.000005245208740234e+00,5.000005245208740234e+00,5.000005245208740234e+00,6.652609348297119141e+00,3.996338129043579102e+00,4.954232692718505859e+00
2.699499206542968750e+02,5.000005245208740234e+00,5.000005245208740234e+00,5.000005245208740234e+00,5.000005245208740234e+00,2.460285425186157227e+00,1.437314510345458984e+00,6.169735908508300781e+00,5.323759555816650391e+00,5.000005245208740234e+00,5.000005245208740234e+00,5.000005245208740234e+00,6.619538307189941406e+00,3.996194362640380859e+00,4.954201698303222656e+00
2.704507446289062500e+02,5.000005245208740234e+00,5.000005245208740234e+00,5.000005245208740234e+00,5.000005245208740234e+00,2.387002229690551758e+00,1.605957627296447754e+00,6.169839859008789062e+00,5.323790073394775391e+00,5.000005245208740234e+00,5.000005245208740234e+00,5.000005245208740234e+00,6.596850395202636719e+00,3.996068716049194336e+00,4.954178810119628906e+00
2.709515991210937500e+02,5.000005245208740234e+00,5.000005245208740234e+00,5.000005245208740234e+00,5.000005245208740234e+00,2.306446552276611328e+00,1.798681378364562988e+00,6.169931411743164062e+00,5.323822498321533203e+00,5.000005245208740234e+00,5.000005245208740234e+00,5.000005245208740234e+00,6.583148479461669922e+00,3.995959043502807617e+00,4.954163074493408203e+00
2.714524230957031250e+02,5.000005245208740234e+00,5.000005245208740234e+00,5.000005245208740234e+00,5.000005245208740234e+00,2.227376222610473633e+00,2.006252288818359375e+00,6.170010566711425781e+00,5.323839187622070312e+00,5.000005245208740234e+00,5.000005245208740234e+00,5.000005245208740234e+00,6.574128627777099609e+00,3.995862960815429688e+00,4.954144477844238281e+00
2.719532470703125000e+02,5.000005245208740234e+00,5.000005245208740234e+00,5.000005245208740234e+00,5.000005245208740234e+00,2.163615226745605469e+00,2.219157218933105469e+00,6.170079231262207031e+00,5.323859214782714844e+00,5.000005245208740234e+00,5.000005245208740234e+00,5.000005245208740234e+00,6.562967300415039062e+00,3.995780229568481445e+00,4.954130172729492188e+00
2.724541015625000000e+02,5.000005245208740234e+00,5.000005245208740234e+00,5.000005245208740234e+00,5.000005245208740234e+00,2.131524324417114258e+00,2.432377099990844727e+00,6.170139789581298828e+00,5.323882102966308594e+00,5.000005245208740234e+00,5.000005245208740234e+00,5.000005245208740234e+00,6.541560649871826172e+00,3.995708465576171875e+00,4.954123497009277344e+00
2.729549255371093750e+02,5.000005245208740234e+00,5.000005245208740234e+00,5.000005245208740234e+00,5.000005245208740234e+00,2.146566390991210938e+00,2.646441698074340820e+00,6.170193672180175781e+00,5.323891639709472656e+00,5.000005245208740234e+00,5.000005245208740234e+00,5.000005245208740234e+00,6.502312660217285156e+00,3.995643854141235352e+00,4.954109191894531250e+00
2.734557495117187500e+02,5.000005245208740234e+00,5.000005245208740234e+00,5.000005245208740234e+00,5.000005245208740234e+00,2.220654487609863281e+00,2.864458799362182617e+00,6.170241832733154297e+00,5.323905944824218750e+00,5.000005245208740234e+00,5.000005245208740234e+00,5.000005245208740234e+00,6.439758777618408203e+00,3.995584487915039062e+00,4.954098701477050781e+00
2.739566040039062500e+02,5.000005245208740234e+00,5.000005245208740234e+00,5.000005245208740234e+00,5.000005245208740234e+00,2.360935688018798828e+00,3.089367866516113281e+00,6.170286655426025391e+00,5.323924541473388672e+00,5.000005245208740234e+00,5.000005245208740234e+00,5.000005245208740234e+00,6.351240634918212891e+00,3.995532035827636719e+00,4.954094886779785156e+00
2.744574279785156250e+02,5.000005245208740234e+00,5.000005245208740234e+00,5.000005245208740234e+00,5.000005245208740234e+00,2.567648410797119141e+00,3.321174621582031250e+00,6.170325279235839844e+00,5.323929786682128906e+00,5.000005245208740234e+00,5.000005245208740234e+00,5.000005245208740234e+00,6.237531185150146484e+00,3.995484113693237305e+00,4.954082489013671875e+00
2.749582519531250000e+02,5.000005245208740234e+00,5.000005245208740234e+00,5.000005245208740234e+00,5.000005245208740234e+00,2.830283880233764648e+00,3.554802894592285156e+00,6.170359134674072266e+00,5.323941707611083984e+00,5.000005245208740234e+00,5.000005245208740234e+00,5.000005245208740234e+00,6.103695869445800781e+00,3.995444059371948242e+00,4.954074382781982422e+00
2.754591064453125000e+02,5.000005245208740234e+00,5.000005245208740234e+00,5.000005245208740234e+00,5.000005245208740234e+00,3.127062559127807617e+00,3.781681299209594727e+00,6.170388221740722656e+00,5.323955535888671875e+00,5.000005245208740234e+00,5.000005245208740234e+00,5.000005245208740234e+00,5.958491325378417969e+00,3.995407104492187500e+00,4.954072952270507812e+00
2.759599304199218750e+02,5.000005245208740234e+00,5.000005245208740234e+00,5.000005245208740234e+00,5.000005245208740234e+00,3.430101394653320312e+00,3.992358446121215820e+00,6.170413970947265625e+00,5.323956966400146484e+00,5.000005245208740234e+00,5.000005245208740234e+00,5.000005245208740234e+00,5.812383174896240234e+00,3.995376825332641602e+00,4.954063892364501953e+00
2.764607543945312500e+02,5.000005245208740234e+00,5.000005245208740234e+00,5.000005245208740234e+00,5.000005245208740234e+00,3.714344978332519531e+00,4.179259777069091797e+00,6.170433044433593750e+00,5.323963165283203125e+00,5.000005245208740234e+00,5.000005245208740234e+00,5.000005245208740234e+00,5.674794197082519531e+00,3.995354652404785156e+00,4.954059123992919922e+00
2.769616088867187500e+02,5.000005245208740234e+00,5.000005245208740234e+00,5.000005245208740234e+00,5.000005245208740234e+00,3.964406728744506836e+00,4.338960647583007812e+00,6.170449256896972656e+00,5.323972702026367188e+00,5.000005245208740234e+00,5.000005245208740234e+00,5.000005245208740234e+00,5.551851749420166016e+00,3.995336294174194336e+00,4.954061508178710938e+00
2.774624328613281250e+02,5.000005245208740234e+00,5.000005245208740234e+00,5.000005245208740234e+00,5.000005245208740234e+00,4.174837112426757812e+00,4.471719741821289062e+00,6.170461177825927734e+00,5.323969364166259766e+00,5.000005245208740234e+00,5.000005245208740234e+00,5.000005245208740234e+00,5.446181774139404297e+00,3.995321035385131836e+00,4.954056739807128906e+00
2.779632873535156250e+02,5.000005245208740234e+00,5.000005245208740234e+00,5.000005245208740234e+00,5.000005245208740234e+00,4.346739292144775391e+00,4.579802989959716797e+00,6.170473575592041016e+00,5.323977470397949219e+00,5.000005245208740234e+00,5.000005245208740234e+00,5.000005245208740234e+00,5.357902050018310547e+00,3.995308876037597656e+00,4.954060077667236328e+00
2.784641113281250000e+02,5.000005245208740234e+00,5.000005245208740234e+00,5.000005245208740234e+00,5.000005245208740234e+00,4.484701156616210938e+00,4.666735649108886719e+00,6.170479774475097656e+00,5.323974132537841797e+00,5.000005245208740234e+00,5.000005245208740234e+00,5.000005245208740234e+00,5.285531520843505859e+00,3.995301485061645508e+00,4.954054355621337891e+00
2.789649353027343750e+02,5.000005245208740234e+00,5.000005245208740234e+00,5.000005245208740234e+00,5.000005245208740234e+00,4.594196319580078125e+00,4.736016273498535156e+00,6.170487880706787109e+00,5.323975086212158203e+00,5.000005245208740234e+00,5.000005245208740234e+00,5.000005245208740234e+00,5.227003574371337891e+00,3.995293140411376953e+00,4.954054355621337891e+00
2.794657897949218750e+02,5.000005245208740234e+00,5.000005245208740234e+00,5.000005245208740234e+00,5.000005245208740234e+00,4.680575370788574219e+00,4.790956020355224609e+00,6.170494556427001953e+00,5.323981285095214844e+00,5.000005245208740234e+00,5.000005245208740234e+00,5.000005245208740234e+00,5.180085659027099609e+00,3.995286703109741211e+00,4.954060077667236328e+00
2.799666137695312500e+02,5.000005245208740234e+00,5.000005245208740234e+00,5.000005245208740234e+00,5.000005245208740234e+00,4.748504161834716797e+00,4.834416389465332031e+00,6.170500278472900391e+00,5.323974132537841797e+00,5.000005245208740234e+00,5.000005245208740234e+00,5.000005245208740234e+00,5.142693996429443359e+00,3.995280027389526367e+00,4.954057216644287109e+00
2.804674377441406250e+02,5.000005245208740234e+00,5.000005245208740234e+00,5.000005245208740234e+00,5.000005245208740234e+00,4.801815032958984375e+00,4.868706703186035156e+00,6.170503616333007812e+00,5.323976993560791016e+00,5.000005245208740234e+00,5.000005245208740234e+00,5.000005245208740234e+00,5.113027095794677734e+00,3.995276451110839844e+00,4.954055309295654297e+00
2.809682922363281250e+02,5.000005245208740234e+00,5.000005245208740234e+00,5.000005245208740234e+00,5.000005245208740234e+00,4.843642234802246094e+00,4.895757198333740234e+00,6.170507431030273438e+00,5.323981285095214844e+00,5.000005245208740234e+00,5.000005245208740234e+00,5.000005245208740234e+00,5.089543819427490234e+00,3.995272397994995117e+00,4.954061508178710938e+00
2.814691162109375000e+02,5.000005245208740234e+00,5.000005245208740234e+00,5.000005245208740234e+00,5.000005245208740234e+00,4.876465797424316406e+00,4.917100429534912109e+00,6.170510768890380859e+00,5.323976039886474609e+00,5.000005245208740234e+00,5.000005245208740234e+00,5.000005245208740234e+00,5.070985794067382812e+00,3.995268106460571289e+00,4.954057693481445312e+00
2.819699401855468750e+02,5.000005245208740234e+00,5.000005245208740234e+00,5.000005245208740234e+00,5.000005245208740234e+00,4.902230739593505859e+00,4.933941364288330078e+00,6.170513153076171875e+00,5.323976993560791016e+00,5.000005245208740234e+00,5.000005245208740234e+00,5.000005245208740234e+00,5.056334972381591797e+00,3.995266199111938477e+00,4.954057216644287109e+00
2.824707946777343750e+02,5.000005245208740234e+00,5.000005245208740234e+00,5.000005245208740234e+00,5.000005245208740234e+00,4.922474861145019531e+00,4.947242259979248047e+00,6.170516967773437500e+00,5.323982238769531250e+00,5.000005245208740234e+00,5.000005245208740234e+00,5.000005245208740234e+00,5.044770717620849609e+00,3.995264053344726562e+00,4.954062461853027344e+00
2.829716186523437500e+02,5.000005245208740234e+00,5.000005245208740234e+00,5.000005245208740234e+00,5.000005245208740234e+00,4.938401222229003906e+00,4.957764148712158203e+00,6.170518398284912109e+00,5.323977470397949219e+00,5.000005245208740234e+00,5.000005245208740234e+00,5.000005245208740234e+00,5.035639762878417969e+00,3.995261192321777344e+00,4.954057693481445312e+00
2.834724426269531250e+02,5.000005245208740234e+00,5.000005245208740234e+00,5.000005245208740234e+00,5.000005245208740234e+00,4.950942993164062500e+00,4.966094017028808594e+00,6.170520305633544922e+00,5.323978424072265625e+00,5.000005245208740234e+00,5.000005245208740234e+00,5.000005245208740234e+00,5.028429031372070312e+00,3.995259284973144531e+00,4.954056739807128906e+00
2.839732971191406250e+02,5.000005245208740234e+00,5.000005245208740234e+00,5.000005245208740234e+00,5.000005245208740234e+00,4.960835933685302734e+00,4.972703456878662109e+00,6.170521736145019531e+00,5.323983669281005859e+00,5.000005245208740234e+00,5.000005245208740234e+00,5.000005245208740234e+00,5.022726535797119141e+00,3.995258808135986328e+00,4.954062461853027344e+00
2.844741210937500000e+02,5.000005245208740234e+00,5.000005245208740234e+00,5.000005245208740234e+00,5.000005245208740234e+00,4.968650341033935547e+00,4.977956295013427734e+00,6.170523166656494141e+00,5.323976516723632812e+00,5.000005245208740234e+00,5.000005245208740234e+00,5.000005245208740234e+00,5.018214225769042969e+00,3.995256423950195312e+00,4.954059123992919922e+00
2.849749450683593750e+02,5.000005245208740234e+00,5.000005245208740234e+00,5.000005245208740234e+00,5.000005245208740234e+00,4.974833488464355469e+00,4.982138633728027344e+00,6.170523166656494141e+00,5.323978424072265625e+00,5.000005245208740234e+00,5.000005245208740234e+00,5.000005245208740234e+00,5.014637947082519531e+00,3.995256900787353516e+00,4.954057693481445312e+00
2.854757995605468750e+02,5.000005245208740234e+00,5.000005245208740234e+00,5.000005245208740234e+00,5.000005245208740234e+00,4.979736804962158203e+00,4.985478401184082031e+00,6.170525074005126953e+00,5.323983192443847656e+00,5.000005245208740234e+00,5.000005245208740234e+00,5.000005245208740234e+00,5.011797904968261719e+00,3.995254993438720703e+00,4.954063415527343750e+00
2.859766235351562500e+02,5.000005245208740234e+00,5.000005245208740234e+00,5.000005245208740234e+00,5.000005245208740234e+00,4.983632087707519531e+00,4.988150596618652344e+00,6.170525550842285156e+00,5.323977470397949219e+00,5.000005245208740234e+00,5.000005245208740234e+00,5.000005245208740234e+00,5.009539604187011719e+00,3.995254516601562500e+00,4.954058647155761719e+00
2.864774475097656250e+02,5.000005245208740234e+00,5.000005245208740234e+00,5.000005245208740234e+00,5.000005245208740234e+00,4.986734390258789062e+00,4.990295410156250000e+00,6.170527458190917969e+00,5.323976039886474609e+00,5.000005245208740234e+00,5.000005245208740234e+00,5.000005245208740234e+00,5.007739067077636719e+00,3.995251655578613281e+00,4.954061508178710938e+00
2.869783020019531250e+02,5.000005245208740234e+00,5.000005245208740234e+00,5.000005245208740234e+00,5.000005245208740234e+00,4.989210128784179688e+00,4.992021560668945312e+00,6.170528411865234375e+00,5.323981761932373047e+00,5.000005245208740234e+00,5.000005245208740234e+00,5.000005245208740234e+00,5.006300449371337891e+00,3.995251893997192383e+00,4.954064846038818359e+00
2.874791259765625000e+02,5.000005245208740234e+00,5.000005245208740234e+00,5.000005245208740234e+00,5.000005245208740234e+00,4.991193294525146484e+00,4.993415832519531250e+00,6.170528411865234375e+00,5.323977470397949219e+00,5.000005245208740234e+00,5.000005245208740234e+00,5.000005245208740234e+00,5.005147933959960938e+00,3.995250940322875977e+00,4.954059123992919922e+00
2.879799804687500000e+02,5.000005245208740234e+00,5.000005245208740234e+00,5.000005245208740234e+00,5.000005245208740234e+00,4.992784023284912109e+00,4.994545459747314453e+00,6.170528888702392578e+00,5.323983192443847656e+00,5.000005245208740234e+00,5.000005245208740234e+00,5.000005245208740234e+00,5.004222393035888672e+00,3.995250940322875977e+00,4.954064846038818359e+00
2.884808044433593750e+02,5.000005245208740234e+00,5.000005245208740234e+00,5.000005245208740234e+00,5.000005245208740234e+00,4.994065284729003906e+00,4.995463371276855469e+00,6.170528411865234375e+00,5.323978424072265625e+00,5.000005245208740234e+00,5.000005245208740234e+00,5.000005245208740234e+00,5.003476619720458984e+00,3.995250463485717773e+00,4.954058647155761719e+00
2.889816284179687500e+02,5.000005245208740234e+00,5.000005245208740234e+00,5.000005245208740234e+00,5.000005245208740234e+00,4.995100021362304688e+00,4.996212482452392578e+00,6.170528888702392578e+00,5.323978900909423828e+00,5.000005245208740234e+00,5.000005245208740234e+00,5.000005245208740234e+00,5.002873897552490234e+00,3.995250701904296875e+00,4.954057693481445312e+00
2.894824829101562500e+02,5.000005245208740234e+00,5.000005245208740234e+00,5.000005245208740234e+00,5.000005245208740234e+00,4.995938777923583984e+00,4.996825695037841797e+00,6.170530319213867188e+00,5.323982238769531250e+00,5.000005245208740234e+00,5.000005245208740234e+00,5.000005245208740234e+00,5.002385139465332031e+00,3.995250225067138672e+00,4.954064846038818359e+00
2.899833068847656250e+02,5.000005245208740234e+00,5.000005245208740234e+00,5.000005245208740234e+00,5.000005245208740234e+00,4.996621131896972656e+00,4.997329711914062500e+00,6.170530796051025391e+00,5.323976993560791016e+00,5.000005245208740234e+00,5.000005245208740234e+00,5.000005245208740234e+00,5.001986980438232422e+00,3.995249032974243164e+00,4.954059600830078125e+00
2.904841308593750000e+02,5.000005245208740234e+00,5.000005245208740234e+00,5.000005245208740234e+00,5.000005245208740234e+00,4.997176647186279297e+00,4.997745990753173828e+00,6.170530796051025391e+00,5.323977470397949219e+00,5.000005245208740234e+00,5.000005245208740234e+00,5.000005245208740234e+00,5.001662254333496094e+00,3.995249032974243164e+00,4.954059600830078125e+00
2.909849853515625000e+02,5.000005245208740234e+00,5.000005245208740234e+00,5.000005245208740234e+00,5.000005245208740234e+00,4.997632980346679688e+00,4.998090267181396484e+00,6.170532226562500000e+00,5.323984146118164062e+00,5.000005245208740234e+00,5.000005245208740234e+00,5.000005245208740234e+00,5.001396179199218750e+00,3.995248317718505859e+00,4.954063415527343750e+00
2.914858093261718750e+02,5.000005245208740234e+00,5.000005245208740234e+00,5.000005245208740234e+00,5.000005245208740234e+00,4.998008251190185547e+00,4.998377323150634766e+00,6.170532226562500000e+00,5.323978424072265625e+00,5.000005245208740234e+00,5.000005245208740234e+00,5.000005245208740234e+00,5.001176357269287109e+00,3.995248079299926758e+00,4.954059123992919922e+00
2.919866333007812500e+02,5.000005245208740234e+00,5.000005245208740234e+00,5.000005245208740234e+00,5.000005245208740234e+00,4.998317718505859375e+00,4.998616218566894531e+00,6.170532226562500000e+00,5.323977470397949219e+00,5.000005245208740234e+00,5.000005245208740234e+00,5.000005245208740234e+00,5.000995635986328125e+00,3.995248079299926758e+00,4.954059600830078125e+00
2.924874877929687500e+02,5.000005245208740234e+00,5.000005245208740234e+00,5.000005245208740234e+00,5.000005245208740234e+00,4.998574256896972656e+00,4.998816967010498047e+00,6.170532226562500000e+00,5.323983669281005859e+00,5.000005245208740234e+00,5.000005245208740234e+00,5.000005245208740234e+00,5.000845432281494141e+00,3.995248317718505859e+00,4.954063892364501953e+00
2.929883117675781250e+02,5.000005245208740234e+00,5.000005245208740234e+00,5.000005245208740234e+00,5.000005245208740234e+00,4.998788356781005859e+00,4.998986244201660156e+00,6.170532226562500000e+00,5.323978900909423828e+00,5.000005245208740234e+00,5.000005245208740234e+00,5.000005245208740234e+00,5.000720500946044922e+00,3.995247840881347656e+00,4.954058647155761719e+00
2.934891357421875000e+02,5.000005245208740234e+00,5.000005245208740234e+00,5.000005245208740234e+00,5.000005245208740234e+00,4.998966693878173828e+00,4.999128341674804688e+00,6.170532226562500000e+00,5.323978424072265625e+00,5.000005245208740234e+00,5.000005245208740234e+00,5.000005245208740234e+00,5.000615596771240234e+00,3.995248079299926758e+00,4.954059123992919922e+00
2.939899902343750000e+02,5.000005245208740234e+00,5.000005245208740234e+00,5.000005245208740234e+00,5.000005245208740234e+00,4.999116420745849609e+00,4.999249458312988281e+00,6.170532703399658203e+00,5.323983192443847656e+00,5.000005245208740234e+00,5.000005245208740234e+00,5.000005245208740234e+00,5.000527858734130859e+00,3.995246887207031250e+00,4.954064846038818359e+00
2.944908142089843750e+02,5.000005245208740234e+00,5.000005245208740234e+00,5.000005245208740234e+00,5.000005245208740234e+00,4.999242305755615234e+00,4.999351978302001953e+00,6.170532226562500000e+00,5.323977470397949219e+00,5.000005245208740234e+00,5.000005245208740234e+00,5.000005245208740234e+00,5.000453948974609375e+00,3.995246648788452148e+00,4.954059600830078125e+00
2.949916381835937500e+02,5.000005245208740234e+00,5.000005245208740234e+00,5.000005245208740234e+00,5.000005245208740234e+00,4.999348640441894531e+00,4.999439716339111328e+00,6.170532703399658203e+00,5.323978900909423828e+00,5.000005245208740234e+00,5.000005245208740234e+00,5.000005245208740234e+00,5.000391483306884766e+00,3.995246648788452148e+00,4.954059123992919922e+00
2.954924926757812500e+02,5.000005245208740234e+00,5.000005245208740234e+00,5.000005245208740234e+00,5.000005245208740234e+00,4.999439239501953125e+00,4.999514102935791016e+00,6.170533657073974609e+00,5.323983669281005859e+00,5.000005245208740234e+00,5.000005245208740234e+00,5.000005245208740234e+00,5.000338554382324219e+00,3.995247364044189453e+00,4.954063892364501953e+00
2.959933166503906250e+02,5.000005245208740234e+00,5.000005245208740234e+00,5.000005245208740234e+00,5.000005245208740234e+00,4.999515533447265625e+00,4.999578475952148438e+00,6.170532703399658203e+00,5.323978424072265625e+00,5.000005245208740234e+00,5.000005245208740234e+00,5.000005245208740234e+00,5.000293731689453125e+00,3.995247840881347656e+00,4.954059123992919922e+00
2.964941711425781250e+02,5.000005245208740234e+00,5.000005245208740234e+00,5.000005245208740234e+00,5.000005245208740234e+00,4.999580860137939453e+00,4.999633789062500000e+00,6.170532703399658203e+00,5.323983669281005859e+00,5.000005245208740234e+00,5.000005245208740234e+00,5.000005245208740234e+00,5.000255107879638672e+00,3.995247840881347656e+00,4.954063892364501953e+00
2.969949951171875000e+02,5.000005245208740234e+00,5.000005245208740234e+00,5.000005245208740234e+00,5.000005245208740234e+00,4.999637126922607422e+00,4.999680995941162109e+00,6.170532226562500000e+00,5.323978424072265625e+00,5.000005245208740234e+00,5.000005245208740234e+00,5.000005245208740234e+00,5.000222206115722656e+00,3.995247364044189453e+00,4.954059123992919922e+00
2.974958190917968750e+02,5.000005245208740234e+00,5.000005245208740234e+00,5.000005245208740234e+00,5.000005245208740234e+00,4.999685287475585938e+00,4.999722957611083984e+00,6.170532226562500000e+00,5.323978900909423828e+00,5.000005245208740234e+00,5.000005245208740234e+00,5.000005245208740234e+00,5.000193595886230469e+00,3.995247840881347656e+00,4.954059123992919922e+00
2.979966735839843750e+02,5.000005245208740234e+00,5.000005245208740234e+00,5.000005245208740234e+00,5.000005245208740234e+00,4.999726295471191406e+00,4.999758720397949219e+00,6.170534610748291016e+00,5.323982238769531250e+00,5.000005245208740234e+00,5.000005245208740234e+00,5.000005245208740234e+00,5.000169754028320312e+00,3.995246887207031250e+00,4.954065322875976562e+00
2.984974975585937500e+02,5.000005245208740234e+00,5.000005245208740234e+00,5.000005245208740234e+00,5.000005245208740234e+00,4.999762058258056641e+00,4.999789714813232422e+00,6.170533180236816406e+00,5.323976993560791016e+00,5.000005245208740234e+00,5.000005245208740234e+00,5.000005245208740234e+00,5.000148773193359375e+00,3.995246648788452148e+00,4.954061508178710938e+00
2.989983215332031250e+02,5.000005245208740234e+00,5.000005245208740234e+00,5.000005245208740234e+00,5.000005245208740234e+00,4.999793052673339844e+00,4.999815940856933594e+00,6.170533180236816406e+00,5.323976516723632812e+00,5.000005245208740234e+00,5.000005245208740234e+00,5.000005245208740234e+00,5.000130176544189453e+00,3.995246171951293945e+00,4.954061508178710938e+00
2.994991760253906250e+02,5.000005245208740234e+00,5.000005245208740234e+00,5.000005245208740234e+00,5.000005245208740234e+00,4.999820709228515625e+00,4.999839782714843750e+00,6.170532703399658203e+00,5.323983669281005859e+00,5.000005245208740234e+00,5.000005245208740234e+00,5.000005245208740234e+00,5.000114440917968750e+00,3.995247364044189453e+00,4.954063892364501953e+00
3.000000000000000000e+02,5.000005245208740234e+00,5.000005245208740234e+00,5.000005245208740234e+00,5.000005245208740234e+00,4.999843120574951172e+00,4.999859809875488281e+00,6.170532703399658203e+00,5.323978424072265625e+00,5.000005245208740234e+00,5.000005245208740234e+00,5.000005245208740234e+00,5.000100612640380859e+00,3.995246648788452148e+00,4.954059123992919922e+00
