time,true_A,true_D,true_G,true_H,true_J,true_K,true_L,true_M,onestep_A,onestep_D,onestep_G,onestep_H,onestep_J,onestep_K,onestep_L,onestep_M,rollout_A,rollout_D,rollout_G,rollout_H,rollout_J,rollout_K,rollout_L,rollout_M
5.008347034454345703e-01,0.000000000000000000e+00,0.000000000000000000e+00,0.000000000000000000e+00,0.000000000000000000e+00,0.000000000000000000e+00,0.000000000000000000e+00,0.000000000000000000e+00,0.000000000000000000e+00,0.000000000000000000e+00,0.000000000000000000e+00,0.000000000000000000e+00,0.000000000000000000e+00,0.000000000000000000e+00,0.000000000000000000e+00,0.000000000000000000e+00,0.000000000000000000e+00,0.000000000000000000e+00,0.000000000000000000e+00,0.000000000000000000e+00,0.000000000000000000e+00,0.000000000000000000e+00,0.000000000000000000e+00,0.000000000000000000e+00,0.000000000000000000e+00
1.001669406890869141e+00,0.000000000000000000e+00,0.000000000000000000e+00,0.000000000000000000e+00,0.000000000000000000e+00,0.000000000000000000e+00,0.000000000000000000e+00,0.000000000000000000e+00,0.000000000000000000e+00,0.000000000000000000e+00,0.000000000000000000e+00,0.000000000000000000e+00,0.000000000000000000e+00,0.000000000000000000e+00,0.000000000000000000e+00,0.000000000000000000e+00,0.000000000000000000e+00,0.000000000000000000e+00,0.000000000000000000e+00,0.000000000000000000e+00,0.000000000000000000e+00,0.000000000000000000e+00,0.000000000000000000e+00,0.000000000000000000e+00,0.000000000000000000e+00
1.502504229545593262e+00,0.000000000000000000e+00,0.000000000000000000e+00,0.000000000000000000e+00,0.000000000000000000e+00,0.000000000000000000e+00,0.000000000000000000e+00,0.000000000000000000e+00,0.000000000000000000e+00,0.000000000000000000e+00,0.000000000000000000e+00,0.000000000000000000e+00,0.000000000000000000e+00,0.000000000000000000e+00,0.000000000000000000e+00,0.000000000000000000e+00,0.000000000000000000e+00,0.000000000000000000e+00,0.000000000000000000e+00,0.000000000000000000e+00,0.000000000000000000e+00,0.000000000000000000e+00,0.000000000000000000e+00,0.000000000000000000e+00,0.000000000000000000e+00
2.003338813781738281e+00,0.000000000000000000e+00,0.000000000000000000e+00,0.000000000000000000e+00,0.000000000000000000e+00,0.000000000000000000e+00,0.000000000000000000e+00,0.000000000000000000e+00,0.000000000000000000e+00,0.000000000000000000e+00,0.000000000000000000e+00,0.000000000000000000e+00,0.000000000000000000e+00,0.000000000000000000e+00,0.000000000000000000e+00,0.000000000000000000e+00,0.000000000000000000e+00,0.000000000000000000e+00,0.000000000000000000e+00,0.000000000000000000e+00,0.000000000000000000e+00,0.000000000000000000e+00,0.000000000000000000e+00,0.000000000000000000e+00,0.000000000000000000e+00
2.504173517227172852e+00,0.000000000000000000e+00,0.000000000000000000e+00,0.000000000000000000e+00,0.000000000000000000e+00,0.000000000000000000e+00,0.000000000000000000e+00,0.000000000000000000e+00,0.000000000000000000e+00,0.000000000000000000e+00,0.000000000000000000e+00,0.000000000000000000e+00,0.000000000000000000e+00,0.000000000000000000e+00,0.000000000000000000e+00,0.000000000000000000e+00,0.000000000000000000e+00,0.000000000000000000e+00,0.000000000000000000e+00,0.000000000000000000e+00,0.000000000000000000e+00,0.000000000000000000e+00,0.000000000000000000e+00,0.000000000000000000e+00,0.000000000000000000e+00
3.005008459091186523e+00,0.000000000000000000e+00,0.000000000000000000e+00,0.000000000000000000e+00,0.000000000000000000e+00,0.000000000000000000e+00,0.000000000000000000e+00,0.000000000000000000e+00,0.000000000000000000e+00,0.000000000000000000e+00,0.000000000000000000e+00,0.000000000000000000e+00,0.000000000000000000e+00,0.000000000000000000e+00,0.000000000000000000e+00,0.000000000000000000e+00,0.000000000000000000e+00,0.000000000000000000e+00,0.000000000000000000e+00,0.000000000000000000e+00,0.000000000000000000e+00,0.000000000000000000e+00,0.000000000000000000e+00,0.000000000000000000e+00,0.000000000000000000e+00
3.505843162536621094e+00,0.000000000000000000e+00,0.000000000000000000e+00,0.000000000000000000e+00,0.000000000000000000e+00,0.000000000000000000e+00,0.000000000000000000e+00,0.000000000000000000e+00,0.000000000000000000e+00,0.000000000000000000e+00,0.000000000000000000e+00,0.000000000000000000e+00,0.000000000000000000e+00,0.000000000000000000e+00,0.000000000000000000e+00,0.000000000000000000e+00,0.000000000000000000e+00,0.000000000000000000e+00,0.000000000000000000e+00,0.000000000000000000e+00,0.000000000000000000e+00,0.000000000000000000e+00,0.000000000000000000e+00,0.000000000000000000e+00,0.000000000000000000e+00
4.006677627563476562e+00,0.000000000000000000e+00,0.000000000000000000e+00,0.000000000000000000e+00,0.000000000000000000e+00,0.000000000000000000e+00,0.000000000000000000e+00,0.000000000000000000e+00,0.000000000000000000e+00,0.000000000000000000e+00,0.000000000000000000e+00,0.000000000000000000e+00,0.000000000000000000e+00,0.000000000000000000e+00,0.000000000000000000e+00,0.000000000000000000e+00,0.000000000000000000e+00,0.000000000000000000e+00,0.000000000000000000e+00,0.000000000000000000e+00,0.000000000000000000e+00,0.000000000000000000e+00,0.000000000000000000e+00,0.000000000000000000e+00,0.000000000000000000e+00
4.507512569427490234e+00,0.000000000000000000e+00,0.000000000000000000e+00,0.000000000000000000e+00,0.000000000000000000e+00,0.000000000000000000e+00,0.000000000000000000e+00,0.000000000000000000e+00,0.000000000000000000e+00,0.000000000000000000e+00,0.000000000000000000e+00,0.000000000000000000e+00,0.000000000000000000e+00,0.000000000000000000e+00,0.000000000000000000e+00,0.000000000000000000e+00,0.000000000000000000e+00,0.000000000000000000e+00,0.000000000000000000e+00,0.000000000000000000e+00,0.000000000000000000e+00,0.000000000000000000e+00,0.000000000000000000e+00,0.000000000000000000e+00,0.000000000000000000e+00
5.008347034454345703e+00,0.000000000000000000e+00,0.000000000000000000e+00,0.000000000000000000e+00,0.000000000000000000e+00,0.000000000000000000e+00,0.000000000000000000e+00,0.000000000000000000e+00,0.000000000000000000e+00,0.000000000000000000e+00,0.000000000000000000e+00,0.000000000000000000e+00,0.000000000000000000e+00,0.000000000000000000e+00,0.000000000000000000e+00,0.000000000000000000e+00,0.000000000000000000e+00,0.000000000000000000e+00,0.000000000000000000e+00,0.000000000000000000e+00,0.000000000000000000e+00,0.000000000000000000e+00,0.000000000000000000e+00,0.000000000000000000e+00,0.000000000000000000e+00
5.509181976318359375e+00,0.000000000000000000e+00,0.000000000000000000e+00,0.000000000000000000e+00,0.000000000000000000e+00,0.000000000000000000e+00,0.000000000000000000e+00,0.000000000000000000e+00,0.000000000000000000e+00,0.000000000000000000e+00,0.000000000000000000e+00,0.000000000000000000e+00,0.000000000000000000e+00,0.000000000000000000e+00,0.000000000000000000e+00,0.000000000000000000e+00,0.000000000000000000e+00,0.000000000000000000e+00,0.000000000000000000e+00,0.000000000000000000e+00,0.000000000000000000e+00,0.000000000000000000e+00,0.000000000000000000e+00,0.000000000000000000e+00,0.000000000000000000e+00
6.010016918182373047e+00,0.000000000000000000e+00,0.000000000000000000e+00,0.000000000000000000e+00,0.000000000000000000e+00,0.000000000000000000e+00,0.000000000000000000e+00,0.000000000000000000e+00,0.000000000000000000e+00,0.000000000000000000e+00,0.000000000000000000e+00,0.000000000000000000e+00,0.000000000000000000e+00,0.000000000000000000e+00,0.000000000000000000e+00,0.000000000000000000e+00,0.000000000000000000e+00,0.000000000000000000e+00,0.000000000000000000e+00,0.000000000000000000e+00,0.000000000000000000e+00,0.000000000000000000e+00,0.000000000000000000e+00,0.000000000000000000e+00,0.000000000000000000e+00
6.510851383209228516e+00,0.000000000000000000e+00,0.000000000000000000e+00,0.000000000000000000e+00,0.000000000000000000e+00,0.000000000000000000e+00,0.000000000000000000e+00,0.000000000000000000e+00,0.000000000000000000e+00,0.000000000000000000e+00,0.000000000000000000e+00,0.000000000000000000e+00,0.000000000000000000e+00,0.000000000000000000e+00,0.000000000000000000e+00,0.000000000000000000e+00,0.000000000000000000e+00,0.000000000000000000e+00,0.000000000000000000e+00,0.000000000000000000e+00,0.000000000000000000e+00,0.000000000000000000e+00,0.000000000000000000e+00,0.000000000000000000e+00,0.000000000000000000e+00
7.011686325073242188e+00,0.000000000000000000e+00,0.000000000000000000e+00,0.000000000000000000e+00,0.000000000000000000e+00,0.000000000000000000e+00,0.000000000000000000e+00,0.000000000000000000e+00,0.000000000000000000e+00,0.000000000000000000e+00,0.000000000000000000e+00,0.000000000000000000e+00,0.000000000000000000e+00,0.000000000000000000e+00,0.000000000000000000e+00,0.000000000000000000e+00,0.000000000000000000e+00,0.000000000000000000e+00,0.000000000000000000e+00,0.000000000000000000e+00,0.000000000000000000e+00,0.000000000000000000e+00,0.000000000000000000e+00,0.000000000000000000e+00,0.000000000000000000e+00
7.512520790100097656e+00,0.000000000000000000e+00,0.000000000000000000e+00,0.000000000000000000e+00,0.000000000000000000e+00,0.000000000000000000e+00,0.000000000000000000e+00,0.000000000000000000e+00,0.000000000000000000e+00,0.000000000000000000e+00,0.000000000000000000e+00,0.000000000000000000e+00,0.000000000000000000e+00,0.000000000000000000e+00,0.000000000000000000e+00,0.000000000000000000e+00,0.000000000000000000e+00,0.000000000000000000e+00,0.000000000000000000e+00,0.000000000000000000e+00,0.000000000000000000e+00,0.000000000000000000e+00,0.000000000000000000e+00,0.000000000000000000e+00,0.000000000000000000e+00
8.013355255126953125e+00,0.000000000000000000e+00,0.000000000000000000e+00,0.000000000000000000e+00,0.000000000000000000e+00,0.000000000000000000e+00,0.000000000000000000e+00,0.000000000000000000e+00,0.000000000000000000e+00,0.000000000000000000e+00,0.000000000000000000e+00,0.000000000000000000e+00,0.000000000000000000e+00,0.000000000000000000e+00,0.000000000000000000e+00,0.000000000000000000e+00,0.000000000000000000e+00,0.000000000000000000e+00,0.000000000000000000e+00,0.000000000000000000e+00,0.000000000000000000e+00,0.000000000000000000e+00,0.000000000000000000e+00,0.000000000000000000e+00,0.000000000000000000e+00
8.514190673828125000e+00,0.000000000000000000e+00,0.000000000000000000e+00,0.000000000000000000e+00,0.000000000000000000e+00,0.000000000000000000e+00,0.000000000000000000e+00,0.000000000000000000e+00,0.000000000000000000e+00,0.000000000000000000e+00,0.000000000000000000e+00,0.000000000000000000e+00,0.000000000000000000e+00,0.000000000000000000e+00,0.000000000000000000e+00,0.000000000000000000e+00,0.000000000000000000e+00,0.000000000000000000e+00,0.000000000000000000e+00,0.000000000000000000e+00,0.000000000000000000e+00,0.000000000000000000e+00,0.000000000000000000e+00,0.000000000000000000e+00,0.000000000000000000e+00
9.015025138854980469e+00,0.000000000000000000e+00,0.000000000000000000e+00,0.000000000000000000e+00,0.000000000000000000e+00,0.000000000000000000e+00,0.000000000000000000e+00,0.000000000000000000e+00,0.000000000000000000e+00,0.000000000000000000e+00,0.000000000000000000e+00,0.000000000000000000e+00,0.000000000000000000e+00,0.000000000000000000e+00,0.000000000000000000e+00,0.000000000000000000e+00,0.000000000000000000e+00,0.000000000000000000e+00,0.000000000000000000e+00,0.000000000000000000e+00,0.000000000000000000e+00,0.000000000000000000e+00,0.000000000000000000e+00,0.000000000000000000e+00,0.000000000000000000e+00
9.515859603881835938e+00,0.000000000000000000e+00,0.000000000000000000e+00,0.000000000000000000e+00,0.000000000000000000e+00,4.296490252017974854e-01,1.275885105133056641e-01,1.434281375259160995e-02,1.866658800281584263e-03,1.350331027060747147e-02,1.349282264709472656e-02,1.762327179312705994e-02,1.741321012377738953e-02,4.617387056350708008e-01,1.474411338567733765e-01,3.039131127297878265e-02,1.752104610204696655e-02,1.362805999815464020e-02,1.359491236507892609e-02,1.753442175686359406e-02,1.733053848147392273e-02,4.617198407649993896e-01,1.474287956953048706e-01,3.037976846098899841e-02,1.750845089554786682e-02
1.001669406890869141e+01,0.000000000000000000e+00,0.000000000000000000e+00,0.000000000000000000e+00,0.000000000000000000e+00,1.991711705923080444e-01,2.014273554086685181e-01,6.013324484229087830e-02,2.181172743439674377e-02,8.540043607354164124e-03,8.609773591160774231e-03,1.160535309463739395e-02,1.131562795490026474e-02,2.136043161153793335e-01,2.159918099641799927e-01,7.144186645746231079e-02,3.233819082379341125e-02,2.606631256639957428e-02,2.606631256639957428e-02,2.606629580259323120e-02,2.606631442904472351e-02,2.369538396596908569e-01,2.393558025360107422e-01,8.949881047010421753e-02,4.905112460255622864e-02
1.051752948760986328e+01,0.000000000000000000e+00,0.000000000000000000e+00,0.000000000000000000e+00,0.000000000000000000e+00,1.211574524641036987e-01,2.068574726581573486e-01,9.609300643205642700e-02,5.356078222393989563e-02,9.841260034590959549e-04,9.758213127497583628e-05,2.277354011312127113e-03,3.402917180210351944e-03,1.205372959375381470e-01,2.063820064067840576e-01,9.568371623754501343e-02,5.317850038409233093e-02,2.667837776243686676e-02,2.667838521301746368e-02,2.667837962508201599e-02,2.667838148772716522e-02,1.548580378293991089e-01,2.460444718599319458e-01,1.282706409692764282e-01,8.323813229799270630e-02
1.101836395263671875e+01,0.000000000000000000e+00,0.000000000000000000e+00,0.000000000000000000e+00,0.000000000000000000e+00,9.033512324094772339e-02,1.986158341169357300e-01,1.217719316482543945e-01,8.548241853713989258e-02,5.072940257377922535e-04,0.000000000000000000e+00,1.172942575067281723e-03,2.174619352445006371e-03,8.498670905828475952e-02,1.925066411495208740e-01,1.163988560438156128e-01,8.044816553592681885e-02,2.453320659697055817e-02,2.453320473432540894e-02,2.453320100903511047e-02,2.453320659697055817e-02,1.195996552705764771e-01,2.341257184743881226e-01,1.527848690748214722e-01,1.144817620515823364e-01
1.151919841766357422e+01,0.000000000000000000e+00,0.000000000000000000e+00,0.000000000000000000e+00,0.000000000000000000e+00,7.466803491115570068e-02,1.901120841503143311e-01,1.413167119026184082e-01,1.133839264512062073e-01,1.003808138193562627e-04,9.926460916176438332e-05,1.467933907406404614e-04,2.204091986641287804e-03,6.861809641122817993e-02,1.830494254827499390e-01,1.348032504320144653e-01,1.071840003132820129e-01,2.185197360813617706e-02,2.185197360813617706e-02,2.185197547078132629e-02,2.185197733342647552e-02,9.996785223484039307e-02,2.212592363357543945e-01,1.699153482913970947e-01,1.405744850635528564e-01
1.202003383636474609e+01,0.000000000000000000e+00,0.000000000000000000e+00,0.000000000000000000e+00,0.000000000000000000e+00,6.434196233749389648e-02,1.838222891092300415e-01,1.571558862924575806e-01,1.367910951375961304e-01,8.188522770069539547e-05,9.153177234111353755e-05,1.241007848875597119e-04,2.003549830988049507e-03,5.865962430834770203e-02,1.771433651447296143e-01,1.507600694894790649e-01,1.306166350841522217e-01,1.926858350634574890e-02,1.926858164370059967e-02,1.926858350634574890e-02,1.926858536899089813e-02,8.621098846197128296e-02,2.109719514846801758e-01,1.830758005380630493e-01,1.617917269468307495e-01
1.252086830139160156e+01,0.000000000000000000e+00,0.000000000000000000e+00,0.000000000000000000e+00,0.000000000000000000e+00,5.629299208521842957e-02,1.795959174633026123e-01,1.704859286546707153e-01,1.563347578048706055e-01,8.848535071592777967e-05,1.019461778923869133e-04,1.368928351439535618e-04,1.894588815048336983e-03,5.119490250945091248e-02,1.735884845256805420e-01,1.645580381155014038e-01,1.505479067564010620e-01,1.693937741219997406e-02,1.693938486278057098e-02,1.693937927484512329e-02,1.693939045071601868e-02,7.522053271532058716e-02,2.032753527164459229e-01,1.937955319881439209e-01,1.790758520364761353e-01
1.302170276641845703e+01,0.000000000000000000e+00,0.000000000000000000e+00,0.000000000000000000e+00,0.000000000000000000e+00,4.951447248458862305e-02,1.768495440483093262e-01,1.819299757480621338e-01,1.727778464555740356e-01,1.079299254342913628e-04,1.241443242179229856e-04,1.667145988903939724e-04,1.808440196327865124e-03,4.498856887221336365e-02,1.715133339166641235e-01,1.765351742506027222e-01,1.674652844667434692e-01,1.488167233765125275e-02,1.488167233765125275e-02,1.488167233765125275e-02,1.488167699426412582e-02,6.592464447021484375e-02,1.975426822900772095e-01,2.028045803308486938e-01,1.933262050151824951e-01
1.352253723144531250e+01,0.000000000000000000e+00,0.000000000000000000e+00,0.000000000000000000e+00,0.000000000000000000e+00,4.363276064395904541e-02,1.750794500112533569e-01,1.918586790561676025e-01,1.867562830448150635e-01,1.321404852205887437e-04,1.520996593171730638e-04,2.034626959357410669e-04,1.722189830616116524e-03,3.961688652634620667e-02,1.703480780124664307e-01,1.869794577360153198e-01,1.819175481796264648e-01,1.307506579905748367e-02,1.307506393641233444e-02,1.307506579905748367e-02,1.307506300508975983e-02,5.788600817322731018e-02,1.931963413953781128e-01,2.105028778314590454e-01,2.052393406629562378e-01
1.402337265014648438e+01,0.000000000000000000e+00,0.000000000000000000e+00,0.000000000000000000e+00,0.000000000000000000e+00,3.847421705722808838e-02,1.739328205585479736e-01,2.005236148834228516e-01,1.987526267766952515e-01,1.685392344370484352e-04,1.934347383212298155e-04,2.586467890068888664e-04,1.612456399016082287e-03,3.489745780825614929e-02,1.697275936603546143e-01,1.961140334606170654e-01,1.943549960851669312e-01,1.148748211562633514e-02,1.151115633547306061e-02,1.146399416029453278e-02,1.154144760221242905e-02,5.085809901356697083e-02,1.898115575313568115e-01,2.171355485916137695e-01,2.153155505657196045e-01
1.452420711517333984e+01,0.000000000000000000e+00,0.000000000000000000e+00,0.000000000000000000e+00,0.000000000000000000e+00,3.393299132585525513e-02,1.731798648834228516e-01,2.081125080585479736e-01,2.091263234615325928e-01,2.176564885303378105e-04,2.480540133547037840e-04,3.326073056086897850e-04,1.476924284361302853e-03,3.072988614439964294e-02,1.694280058145523071e-01,2.041219770908355713e-01,2.051281780004501343e-01,1.010177936404943466e-02,1.011620089411735535e-02,1.008465327322483063e-02,1.014874596148729324e-02,4.472292587161064148e-02,1.871161907911300659e-01,2.228975743055343628e-01,2.239367663860321045e-01
1.502504158020019531e+01,0.000000000000000000e+00,0.000000000000000000e+00,0.000000000000000000e+00,0.000000000000000000e+00,2.993003092706203461e-02,1.726752370595932007e-01,2.147741168737411499e-01,2.181483358144760132e-01,2.738406183198094368e-04,3.083584015257656574e-04,4.164073034189641476e-04,1.328102080151438713e-03,2.704373374581336975e-02,1.693154573440551758e-01,2.111562490463256836e-01,2.145095169544219971e-01,8.883879519999027252e-03,8.902168832719326019e-03,8.860808797180652618e-03,8.942943066358566284e-03,3.933993726968765259e-02,1.849161088466644287e-01,2.279153913259506226e-01,2.313635647296905518e-01
1.552587604522705078e+01,0.000000000000000000e+00,0.000000000000000000e+00,0.000000000000000000e+00,0.000000000000000000e+00,2.639998123049736023e-02,1.723281741142272949e-01,2.206306159496307373e-01,2.260274589061737061e-01,3.260246012359857559e-04,3.610840358305722475e-04,4.936637706123292446e-04,1.184968627057969570e-03,2.378472685813903809e-02,1.693129688501358032e-01,2.173486053943634033e-01,2.227156758308410645e-01,7.814778946340084076e-03,7.835136726498603821e-03,7.788985036313533783e-03,7.872723974287509918e-03,3.462085127830505371e-02,1.830886602401733398e-01,2.323011755943298340e-01,2.378024905920028687e-01
1.602671051025390625e+01,0.000000000000000000e+00,0.000000000000000000e+00,0.000000000000000000e+00,0.000000000000000000e+00,2.328648790717124939e-02,1.720821559429168701e-01,2.257845848798751831e-01,2.329290360212326050e-01,3.653757157735526562e-04,3.971437108702957630e-04,5.517528625205159187e-04,1.059359405189752579e-03,2.090728282928466797e-02,1.693755835294723511e-01,2.228102833032608032e-01,2.299194633960723877e-01,6.879936903715133667e-03,6.881566252559423447e-03,6.878192536532878876e-03,6.882623303681612015e-03,3.049208410084247589e-02,1.815508753061294556e-01,2.361465692520141602e-01,2.434129714965820312e-01
1.652754592895507812e+01,0.000000000000000000e+00,0.000000000000000000e+00,0.000000000000000000e+00,0.000000000000000000e+00,2.054024301469326019e-02,1.719019562005996704e-01,2.303235232830047607e-01,2.389870733022689819e-01,3.896214475389569998e-04,4.158063675276935101e-04,5.874395137652754784e-04,9.527265210635960102e-04,1.837139576673507690e-02,1.694740802049636841e-01,2.276330292224884033e-01,2.362581789493560791e-01,6.074855104088783264e-03,6.004187744110822678e-03,6.136772688478231430e-03,5.956891924142837524e-03,2.687540091574192047e-02,1.802402436733245850e-01,2.395214438438415527e-01,2.483149766921997070e-01
1.702838134765625000e+01,0.000000000000000000e+00,0.000000000000000000e+00,0.000000000000000000e+00,0.000000000000000000e+00,1.811788789927959442e-02,1.717655509710311890e-01,2.343227714300155640e-01,2.443125694990158081e-01,4.006841627415269613e-04,4.205231380183249712e-04,6.035334081389009953e-04,8.619237923994660378e-04,1.614997908473014832e-02,1.695850193500518799e-01,2.318906038999557495e-01,2.418405264616012573e-01,5.357765592634677887e-03,5.275924690067768097e-03,5.393802188336849213e-03,5.245327018201351166e-03,2.366556227207183838e-02,1.791098564863204956e-01,2.424769997596740723e-01,2.525995373725891113e-01
1.752921485900878906e+01,0.000000000000000000e+00,0.000000000000000000e+00,7.579582929611206055e-01,3.613722324371337891e-02,1.598861441016197205e-02,1.716590970754623413e-01,2.378476709127426147e-01,2.489988952875137329e-01,1.883357763290405273e-03,1.304484251886606216e-02,7.519610524177551270e-01,3.401387855410575867e-02,1.332522276788949966e-02,1.688365340232849121e-01,2.346881628036499023e-01,2.457805126905441284e-01,2.751929219812154770e-03,1.526965480297803879e-02,7.669168114662170410e-01,3.915070742368698120e-02,1.865691132843494415e-02,1.756305992603302002e-01,2.422662079334259033e-01,2.534966766834259033e-01
1.803005027770996094e+01,0.000000000000000000e+00,0.000000000000000000e+00,4.509024620056152344e-01,2.352614402770996094e-01,2.395684830844402313e-02,1.729153990745544434e-01,2.410750240087509155e-01,2.531411945819854736e-01,1.110282354056835175e-02,1.187124289572238922e-02,4.663583934307098389e-01,2.471742630004882812e-01,3.407578170299530029e-02,1.823080331087112427e-01,2.517151534557342529e-01,2.639841735363006592e-01,1.393295545130968094e-02,1.473911758512258530e-02,4.757389426231384277e-01,2.536529302597045898e-01,3.797787427902221680e-02,1.884748190641403198e-01,2.586076557636260986e-01,2.710152566432952881e-01
1.853088569641113281e+01,0.000000000000000000e+00,0.000000000000000000e+00,3.040681183338165283e-01,2.283543348312377930e-01,4.928208142518997192e-02,1.816341280937194824e-01,2.453775107860565186e-01,2.571735084056854248e-01,8.846290409564971924e-03,1.286973338574171066e-02,3.213305175304412842e-01,2.435643672943115234e-01,6.048765406012535095e-02,1.957988739013671875e-01,2.611277103424072266e-01,2.732272148132324219e-01,2.276272512972354889e-02,2.286093682050704956e-02,3.431661725044250488e-01,2.629493772983551025e-01,7.437881082296371460e-02,2.136012911796569824e-01,2.809659540653228760e-01,2.934543490409851074e-01
1.903171920776367188e+01,0.000000000000000000e+00,0.000000000000000000e+00,2.167343795299530029e-01,1.828175932168960571e-01,7.667355239391326904e-02,1.992316246032714844e-01,2.527664601802825928e-01,2.623211443424224854e-01,4.539757501333951950e-03,9.988348931074142456e-03,2.270609289407730103e-01,1.926972568035125732e-01,8.483051508665084839e-02,2.093735486268997192e-01,2.638361155986785889e-01,2.735632061958312988e-01,3.017803840339183807e-02,3.018706478178501129e-02,2.618640363216400146e-01,2.253999710083007812e-01,1.117825657129287720e-01,2.430373728275299072e-01,3.006901741027832031e-01,3.110003769397735596e-01
1.953255462646484375e+01,0.000000000000000000e+00,0.000000000000000000e+00,1.578449457883834839e-01,1.386008858680725098e-01,9.749664366245269775e-02,2.221181094646453857e-01,2.640333771705627441e-01,2.699460685253143311e-01,2.224183874204754829e-03,6.527371238917112350e-03,1.627309471368789673e-01,1.434448957443237305e-01,1.019843444228172302e-01,2.276856750249862671e-01,2.699888050556182861e-01,2.759584784507751465e-01,3.423357009887695312e-02,3.423356637358665466e-02,2.041215896606445312e-01,1.833065450191497803e-01,1.389427036046981812e-01,2.738513648509979248e-01,3.194998800754547119e-01,3.259503543376922607e-01
2.003338813781738281e+01,0.000000000000000000e+00,0.000000000000000000e+00,1.158712878823280334e-01,1.031981632113456726e-01,1.100754663348197937e-01,2.462508231401443481e-01,2.787724733352661133e-01,2.807886004447937012e-01,9.965669596567749977e-04,4.140442237257957458e-03,1.172276809811592102e-01,1.046475842595100403e-01,1.115272194147109985e-01,2.480817139148712158e-01,2.806977033615112305e-01,2.827211022377014160e-01,3.571168333292007446e-02,3.571168333292007446e-02,1.606220901012420654e-01,1.469077318906784058e-01,1.543484479188919067e-01,3.024747967720031738e-01,3.380765914916992188e-01,3.402865529060363770e-01
2.053422355651855469e+01,0.000000000000000000e+00,0.000000000000000000e+00,8.530267328023910522e-02,7.635705173015594482e-02,1.155819296836853027e-01,2.688903212547302246e-01,2.960366904735565186e-01,2.948347628116607666e-01,4.588520678225904703e-04,2.612186828628182411e-03,8.450457453727722168e-02,7.569138705730438232e-02,1.148499175906181335e-01,2.679440081119537354e-01,2.950474917888641357e-01,2.938483655452728271e-01,3.543115407228469849e-02,3.543114289641380310e-02,1.272304356098175049e-01,1.175764203071594238e-01,1.599552482366561890e-01,3.267838954925537109e-01,3.565247654914855957e-01,3.552065193653106689e-01
2.103505897521972656e+01,0.000000000000000000e+00,0.000000000000000000e+00,6.286289542913436890e-02,5.637173354625701904e-02,1.158353835344314575e-01,2.886610627174377441e-01,3.148024678230285645e-01,3.115471005439758301e-01,2.765161916613578796e-04,1.641435315832495689e-03,6.080692261457443237e-02,5.445161461830139160e-02,1.136755794286727905e-01,2.857823371887207031e-01,3.118045032024383545e-01,3.085646033287048340e-01,3.403224423527717590e-02,3.403222933411598206e-02,1.014346033334732056e-01,9.446082264184951782e-02,1.584658175706863403e-01,3.460410535335540771e-01,3.746171891689300537e-01,3.710556030273437500e-01
2.153589248657226562e+01,0.000000000000000000e+00,0.000000000000000000e+00,4.634314402937889099e-02,4.158444702625274658e-02,1.124965399503707886e-01,3.051354885101318359e-01,3.341813385486602783e-01,3.301490247249603271e-01,2.619122969917953014e-04,9.927448118105530739e-04,4.360502585768699646e-02,3.897236287593841553e-02,1.094980761408805847e-01,3.010123372077941895e-01,3.298720717430114746e-01,3.258660733699798584e-01,3.197507560253143311e-02,3.197507932782173157e-02,8.142997324466705322e-02,7.634477317333221436e-02,1.522892862558364868e-01,3.604274988174438477e-01,3.920455276966094971e-01,3.876523971557617188e-01
2.203672790527343750e+01,0.000000000000000000e+00,0.000000000000000000e+00,3.416904062032699585e-02,3.066743910312652588e-02,1.068680509924888611e-01,3.184261023998260498e-01,3.534826040267944336e-01,3.498340845108032227e-01,2.873225312214344740e-04,6.867634365335106850e-04,3.108610957860946655e-02,2.771714515984058380e-02,1.034399941563606262e-01,3.135679662227630615e-01,3.483626246452331543e-01,3.447420895099639893e-01,2.957678399980068207e-02,2.957678586244583130e-02,6.585041433572769165e-02,6.212966889142990112e-02,1.432799696922302246e-01,3.705892562866210938e-01,4.085455238819122314e-01,4.045912027359008789e-01
2.253756332397460938e+01,0.000000000000000000e+00,0.000000000000000000e+00,2.519417926669120789e-02,2.261415496468544006e-02,9.990606456995010376e-02,3.289004862308502197e-01,3.722075223922729492e-01,3.698833882808685303e-01,3.296718932688236237e-04,6.563903298228979111e-04,2.193697914481163025e-02,1.961866952478885651e-02,9.630040824413299561e-02,3.236640393733978271e-01,3.666228353977203369e-01,3.643183112144470215e-01,2.704944461584091187e-02,2.704945206642150879e-02,5.365331470966339111e-02,5.092721432447433472e-02,1.327656060457229614e-01,3.773269951343536377e-01,4.239358901977539062e-01,4.214316904544830322e-01
2.303839683532714844e+01,0.000000000000000000e+00,0.000000000000000000e+00,1.857698522508144379e-02,1.667508482933044434e-02,9.228637814521789551e-02,3.370113372802734375e-01,3.900203704833984375e-01,3.897157013416290283e-01,4.493193700909614563e-04,7.396514993160963058e-04,1.500900648534297943e-02,1.440052781254053116e-02,8.854769170284271240e-02,3.315819203853607178e-01,3.841379284858703613e-01,3.838397562503814697e-01,2.453043684363365173e-02,2.453044056892395020e-02,4.404495283961296082e-02,4.204624146223068237e-02,1.216545999050140381e-01,3.814216852188110352e-01,4.381188154220581055e-01,4.377924799919128418e-01
2.353923225402832031e+01,0.000000000000000000e+00,0.000000000000000000e+00,1.369784679263830185e-02,1.229559630155563354e-02,8.447294682264328003e-02,3.432059586048126221e-01,4.067140817642211914e-01,4.088956117630004883e-01,2.847571624442934990e-03,0.000000000000000000e+00,9.905913844704627991e-03,9.018020704388618469e-03,8.126158267259597778e-02,3.381823599338531494e-01,4.012088775634765625e-01,4.033737480640411377e-01,2.210518717765808105e-02,2.210518345236778259e-02,3.642321377992630005e-02,3.495706990361213684e-02,1.105444058775901794e-01,3.835541009902954102e-01,4.510639607906341553e-01,4.533865451812744141e-01
2.404006767272949219e+01,0.000000000000000000e+00,0.000000000000000000e+00,1.010020356625318527e-02,9.066278114914894104e-03,7.677492499351501465e-02,3.478837311267852783e-01,4.221784174442291260e-01,4.271202981472015381e-01,2.493232255801558495e-03,0.000000000000000000e+00,7.413222920149564743e-03,6.001304835081100464e-03,7.381905615329742432e-02,3.431810736656188965e-01,4.169515073299407959e-01,4.218555986881256104e-01,1.982353255152702332e-02,1.982353813946247101e-02,3.033233806490898132e-02,2.925643138587474823e-02,9.981238096952438354e-02,3.842804431915283203e-01,4.627901613712310791e-01,4.680208563804626465e-01
2.454090118408203125e+01,0.000000000000000000e+00,0.000000000000000000e+00,7.447470910847187042e-03,6.685105618089437485e-03,6.939022243022918701e-02,3.513819277286529541e-01,4.363736212253570557e-01,4.441979229450225830e-01,2.127791987732052803e-03,0.000000000000000000e+00,5.513140931725502014e-03,4.408685956150293350e-03,6.634353101253509521e-02,3.466349542140960693e-01,4.310100376605987549e-01,4.387748539447784424e-01,1.771138422191143036e-02,1.771169155836105347e-02,2.542690187692642212e-02,2.463862672448158264e-02,8.968207985162734985e-02,3.840352594852447510e-01,4.733487963676452637e-01,4.815848767757415771e-01
2.504173660278320312e+01,0.000000000000000000e+00,0.000000000000000000e+00,5.491464864462614059e-03,4.929330665618181229e-03,6.243795529007911682e-02,3.539750874042510986e-01,4.493094980716705322e-01,4.600243568420410156e-01,1.934424391947686672e-03,0.000000000000000000e+00,4.207147751003503799e-03,3.477111691609025002e-03,5.931634828448295593e-02,3.491816818714141846e-01,4.438100159168243408e-01,4.544425606727600098e-01,1.577869430184364319e-02,1.578143239021301270e-02,2.144310437142848969e-02,2.087515592575073242e-02,8.027150481939315796e-02,3.831470310688018799e-01,4.828107953071594238e-01,4.940318465232849121e-01
2.554257011413574219e+01,0.000000000000000000e+00,0.000000000000000000e+00,4.049189388751983643e-03,3.634694265201687813e-03,5.598229169845581055e-02,3.558811843395233154e-01,4.610291719436645508e-01,4.745612144470214844e-01,1.631218125112354755e-03,2.082483551930636168e-04,2.793206833302974701e-03,3.290988504886627197e-03,5.288697779178619385e-02,3.510550260543823242e-01,4.554388523101806641e-01,4.688631296157836914e-01,1.402476802468299866e-02,1.403270103037357330e-02,1.818079128861427307e-02,1.778385043144226074e-02,7.163339853286743164e-02,3.818595409393310547e-01,4.912602603435516357e-01,5.053642392158508301e-01
2.604340553283691406e+01,0.000000000000000000e+00,0.000000000000000000e+00,2.985708415508270264e-03,2.680076286196708679e-03,5.004952847957611084e-02,3.572703897953033447e-01,4.715970158576965332e-01,4.878180921077728271e-01,1.496556913480162621e-03,8.689382812008261681e-04,1.993038458749651909e-03,3.041727468371391296e-03,4.693821072578430176e-02,3.525725901126861572e-01,4.660645127296447754e-01,4.821621775627136230e-01,1.244616322219371796e-02,1.244073640555143356e-02,1.551324035972356796e-02,1.517903152853250504e-02,6.378921121358871460e-02,3.803538084030151367e-01,4.987924993038177490e-01,5.156248807907104492e-01
2.654424095153808594e+01,0.000000000000000000e+00,0.000000000000000000e+00,2.201539697125554085e-03,1.976179191842675209e-03,4.464063793420791626e-02,3.582735955715179443e-01,4.810896813869476318e-01,4.998372495174407959e-01,1.558753894641995430e-03,1.082950271666049957e-03,1.753311255015432835e-03,2.558826468884944916e-03,4.162353649735450745e-02,3.537720739841461182e-01,4.757203757762908936e-01,4.943309724330902100e-01,1.104839146137237549e-02,1.095682941377162933e-02,1.338747423142194748e-02,1.289091352373361588e-02,5.672771483659744263e-02,3.787550330162048340e-01,5.054987072944641113e-01,5.248745679855346680e-01
2.704507446289062500e+01,0.000000000000000000e+00,0.000000000000000000e+00,1.623327261768281460e-03,1.457155565731227398e-03,3.974002227187156677e-02,3.589905202388763428e-01,4.895898401737213135e-01,5.106824636459350586e-01,1.593614928424358368e-03,1.164040411822497845e-03,1.606887788511812687e-03,2.153802895918488503e-03,3.686120361089706421e-02,3.547478318214416504e-01,4.844724237918853760e-01,5.054190158843994141e-01,9.825323708355426788e-03,9.595494717359542847e-03,1.165474765002727509e-02,1.092802081257104874e-02,5.037551000714302063e-02,3.771414160728454590e-01,5.114495754241943359e-01,5.331695675849914551e-01
2.754590988159179688e+01,0.000000000000000000e+00,0.000000000000000000e+00,1.196974888443946838e-03,1.074446598067879677e-03,3.532174602150917053e-02,3.594965636730194092e-01,4.971817135810852051e-01,5.204302072525024414e-01,1.562588033266365528e-03,1.161424559541046619e-03,1.489204354584217072e-03,1.848077517934143543e-03,3.262533992528915405e-02,3.555485010147094727e-01,4.923752546310424805e-01,5.154730081558227539e-01,8.721077814698219299e-03,8.472463116049766541e-03,1.007554773241281509e-02,9.371897205710411072e-03,4.464822635054588318e-02,3.755650222301483154e-01,5.167111158370971680e-01,5.405743122100830078e-01
2.804674530029296875e+01,0.000000000000000000e+00,0.000000000000000000e+00,8.825999102555215359e-04,7.922525983303785324e-04,3.135404735803604126e-02,3.598481416702270508e-01,5.039479732513427734e-01,5.291635394096374512e-01,1.483533531427383423e-03,1.110456767491996288e-03,1.390750869177281857e-03,1.619516406208276749e-03,2.891172096133232117e-02,3.561885356903076172e-01,4.994671642780303955e-01,5.245299935340881348e-01,7.651803549379110336e-03,7.705420255661010742e-03,8.547413162887096405e-03,8.246574550867080688e-03,3.949363529682159424e-02,3.740334808826446533e-01,5.213266611099243164e-01,5.471347570419311523e-01
2.854757881164550781e+01,0.000000000000000000e+00,0.000000000000000000e+00,6.507933139801025391e-04,5.841748788952827454e-04,2.780231460928916931e-02,3.600874841213226318e-01,5.099678635597229004e-01,5.369672775268554688e-01,1.383402035571634769e-03,1.039395923726260662e-03,1.308449311181902885e-03,1.446883077733218670e-03,2.572135068476200104e-02,3.566732406616210938e-01,5.057849884033203125e-01,5.326309204101562500e-01,6.697374396026134491e-03,7.109331432729959488e-03,7.315150927752256393e-03,7.348098792135715485e-03,3.490994498133659363e-02,3.725324273109436035e-01,5.253341794013977051e-01,5.528932213783264160e-01
2.904841423034667969e+01,0.000000000000000000e+00,0.000000000000000000e+00,4.798678855877369642e-04,4.307462368160486221e-04,2.463111095130443573e-02,3.602458238601684570e-01,5.153160095214843750e-01,5.439252853393554688e-01,1.281643402762711048e-03,9.653144516050815582e-04,1.240700017660856247e-03,1.315369154326617718e-03,2.303753234446048737e-02,3.570135831832885742e-01,5.113756656646728516e-01,5.398301482200622559e-01,5.966325756162405014e-03,6.453981623053550720e-03,6.409533321857452393e-03,6.519855465739965439e-03,3.088067844510078430e-02,3.711091279983520508e-01,5.288362503051757812e-01,5.579639673233032227e-01
2.954924964904785156e+01,0.000000000000000000e+00,0.000000000000000000e+00,3.538345044944435358e-04,3.176142636220902205e-04,2.180564031004905701e-02,3.603461980819702148e-01,5.200615525245666504e-01,5.501179695129394531e-01,1.188850030303001404e-03,8.966423338279128075e-04,1.186560140922665596e-03,1.215053955093026161e-03,2.081714943051338196e-02,3.572298586368560791e-01,5.162979960441589355e-01,5.461967587471008301e-01,5.334741435945034027e-03,5.914233624935150146e-03,5.617611110210418701e-03,5.838048178702592850e-03,2.739282138645648956e-02,3.697583973407745361e-01,5.318772196769714355e-01,5.624065995216369629e-01
3.005008316040039062e+01,0.000000000000000000e+00,0.000000000000000000e+00,2.609030052553862333e-04,2.341956715099513531e-04,1.929255761206150055e-02,3.604055643081665039e-01,5.242683291435241699e-01,5.556211471557617188e-01,1.109531731344759464e-03,8.365471730940043926e-04,1.145293703302741051e-03,1.138847554102540016e-03,1.899863407015800476e-02,3.573469221591949463e-01,5.206180810928344727e-01,5.518089532852172852e-01,4.807843826711177826e-03,5.447302479296922684e-03,4.926477093249559402e-03,5.314737558364868164e-03,2.442426420748233795e-02,3.684644997119903564e-01,5.344893932342529297e-01,5.662651062011718750e-01
3.055091857910156250e+01,0.000000000000000000e+00,0.000000000000000000e+00,1.923789241118356586e-04,1.726860646158456802e-04,1.706047728657722473e-02,3.604362905025482178e-01,5.279943346977233887e-01,5.605056285858154297e-01,1.044841017574071884e-03,7.854008581489324570e-04,1.116309664212167263e-03,1.081359689123928547e-03,1.751552149653434753e-02,3.573893904685974121e-01,5.244029760360717773e-01,5.567468404769897461e-01,4.368724767118692398e-03,5.035620648413896561e-03,4.314283840358257294e-03,4.930407274514436722e-03,2.193558402359485626e-02,3.672311305999755859e-01,5.367212891578674316e-01,5.696026682853698730e-01
3.105175209045410156e+01,0.000000000000000000e+00,0.000000000000000000e+00,1.418526662746444345e-04,1.273319358006119728e-04,1.508031599223613739e-02,3.604473173618316650e-01,5.312923789024353027e-01,5.648364424705505371e-01,9.942972101271152496e-04,7.422729395329952240e-04,1.099186949431896210e-03,1.038410235196352005e-03,1.630618609488010406e-02,3.573781549930572510e-01,5.277165770530700684e-01,5.610865950584411621e-01,4.001479130238294601e-03,4.672416951507329941e-03,3.765880595892667770e-03,4.660671576857566833e-03,1.986694522202014923e-02,3.660655915737152100e-01,5.386233925819396973e-01,5.724833607673645020e-01
3.155258750915527344e+01,0.000000000000000000e+00,0.000000000000000000e+00,1.045964381773956120e-04,9.388942999066784978e-05,1.332531869411468506e-02,3.604452013969421387e-01,5.342097878456115723e-01,5.686730146408081055e-01,9.569731191731989384e-04,7.054689340293407440e-04,1.094123581424355507e-03,1.006384729407727718e-03,1.531872432678937912e-02,3.573293387889862061e-01,5.306165814399719238e-01,5.648980140686035156e-01,3.693965496495366096e-03,4.355499520897865295e-03,3.271772060543298721e-03,4.483838099986314774e-03,1.814979687333106995e-02,3.649748861789703369e-01,5.402424931526184082e-01,5.749676227569580078e-01
3.205342102050781250e+01,0.000000000000000000e+00,0.000000000000000000e+00,7.712533260928466916e-05,6.923039472894743085e-05,1.177114248275756836e-02,3.604345321655273438e-01,5.367893576622009277e-01,5.720693469047546387e-01,9.319206001237034798e-04,6.730249151587486267e-04,1.101986039429903030e-03,9.821150451898574829e-04,1.451234053820371628e-02,3.572540581226348877e-01,5.331533551216125488e-01,5.682430267333984375e-01,3.437109757214784622e-03,4.083133302628993988e-03,2.826509298756718636e-03,4.381494596600532532e-03,1.671885140240192413e-02,3.639626801013946533e-01,5.416204929351806641e-01,5.771095156669616699e-01
3.255425643920898438e+01,0.000000000000000000e+00,0.000000000000000000e+00,5.686907388735562563e-05,5.104767478769645095e-05,1.039570011198520660e-02,3.604186177253723145e-01,5.390692949295043945e-01,5.750741958618164062e-01,9.186571696773171425e-04,6.427835323847830296e-04,1.124864444136619568e-03,9.623901569284498692e-04,1.385786198079586029e-02,3.571591675281524658e-01,5.353699922561645508e-01,5.711750388145446777e-01,3.223316278308629990e-03,3.852214431390166283e-03,2.425546525046229362e-03,4.337095655500888824e-03,1.551917847245931625e-02,3.630307018756866455e-01,5.427944660186767578e-01,5.789572596549987793e-01
3.305509185791015625e+01,0.000000000000000000e+00,0.000000000000000000e+00,4.193292261334136128e-05,3.764046414289623499e-05,9.179117158055305481e-03,3.603997826576232910e-01,5.410837531089782715e-01,5.777313709259033203e-01,9.169125696644186974e-04,6.136388983577489853e-04,1.165148918516933918e-03,9.449763456359505653e-04,1.333762984722852707e-02,3.570464849472045898e-01,5.373020172119140625e-01,5.737388730049133301e-01,3.046348923817276955e-03,3.659256268292665482e-03,2.062985440716147423e-03,4.334253259003162384e-03,1.450764201581478119e-02,3.621784746646881104e-01,5.437968969345092773e-01,5.805539488792419434e-01
3.355592727661132812e+01,0.000000000000000000e+00,0.000000000000000000e+00,3.091961480095051229e-05,2.775452958303503692e-05,8.103540167212486267e-03,3.603796064853668213e-01,5.428630709648132324e-01,5.800800919532775879e-01,9.262119419872760773e-04,5.887523875571787357e-04,1.222625258378684521e-03,9.327538427896797657e-04,1.294159982353448868e-02,3.569135665893554688e-01,5.389773249626159668e-01,5.759707689285278320e-01,2.901942702010273933e-03,3.500816412270069122e-03,1.730429357849061489e-03,4.357027355581521988e-03,1.365208532661199570e-02,3.614046871662139893e-01,5.446558594703674316e-01,5.819368958473205566e-01
3.405676269531250000e+01,0.000000000000000000e+00,0.000000000000000000e+00,2.279884574818424881e-05,2.046504232566803694e-05,7.152985781431198120e-03,3.603591918945312500e-01,5.444344282150268555e-01,5.821554660797119141e-01,9.450943907722830772e-04,5.798388738185167313e-04,1.288903411477804184e-03,9.419773705303668976e-04,1.264026015996932983e-02,3.567609488964080811e-01,5.404228568077087402e-01,5.779051780700683594e-01,2.787698060274124146e-03,3.372281789779663086e-03,1.423588022589683533e-03,4.394071642309427261e-03,1.292538736015558243e-02,3.607052862644195557e-01,5.453940033912658691e-01,5.831373333930969238e-01
3.455759429931640625e+01,2.317289352416992188e+00,4.336022306233644485e-03,1.711788354441523552e-05,1.510097081336425617e-05,6.313194520771503448e-03,3.603392839431762695e-01,5.458218455314636230e-01,5.839887261390686035e-01,2.716629743576049805e+00,5.618879944086074829e-02,4.628308489918708801e-02,2.217073738574981689e-02,3.857970610260963440e-02,3.673504292964935303e-01,5.565148591995239258e-01,5.951719284057617188e-01,2.723097085952758789e+00,5.615688487887382507e-02,4.606407135725021362e-02,2.234696596860885620e-02,3.937691077589988708e-02,3.708708882331848145e-01,5.610414743423461914e-01,5.999292731285095215e-01
3.505842971801757812e+01,1.567163825035095215e+00,8.320707082748413086e-02,2.815674815792590380e-04,4.360603998065926135e-05,5.571632646024227142e-03,3.603202700614929199e-01,5.470465421676635742e-01,5.856077671051025391e-01,1.897652745246887207e+00,1.380919218063354492e-01,6.729658693075180054e-02,5.985571071505546570e-02,6.481528282165527344e-02,3.858722448348999023e-01,5.821051001548767090e-01,6.224309802055358887e-01,2.166250944137573242e+00,1.682419925928115845e-01,9.858057647943496704e-02,9.354609996080398560e-02,9.994671493768692017e-02,4.403061866760253906e-01,6.538957357406616211e-01,6.981154680252075195e-01
3.555926513671875000e+01,1.205295324325561523e+00,2.015553265810012817e-01,3.348276717588305473e-03,6.704519619233906269e-04,4.927847534418106079e-03,3.603038191795349121e-01,5.481277704238891602e-01,5.870373845100402832e-01,1.299592733383178711e+00,2.283180356025695801e-01,2.881073020398616791e-02,2.695831842720508575e-02,3.260646760463714600e-02,3.697960674762725830e-01,5.618002414703369141e-01,6.013597249984741211e-01,1.710514307022094727e+00,3.293893039226531982e-01,9.015864878892898560e-02,8.637747913599014282e-02,9.665384888648986816e-02,5.231710672378540039e-01,7.656699419021606445e-01,8.169491291046142578e-01
3.606010055541992188e+01,9.670171737670898438e-01,2.966409325599670410e-01,1.379984151571989059e-02,3.691385267302393913e-03,4.467148333787918091e-03,3.603089153766632080e-01,5.490847229957580566e-01,5.882999897003173828e-01,1.010893583297729492e+00,3.154054880142211914e-01,2.787310630083084106e-02,2.264772355556488037e-02,1.882058940827846527e-02,3.646560907363891602e-01,5.557287335395812988e-01,5.952408909797668457e-01,1.414022326469421387e+00,4.686763286590576172e-01,1.143032759428024292e-01,1.020462289452552795e-01,1.029859632253646851e-01,5.516785383224487305e-01,8.054639101028442383e-01,8.597070574760437012e-01
3.656093597412109375e+01,7.855339646339416504e-01,3.542202711105346680e-01,3.453622013330459595e-02,1.129542011767625809e-02,4.493131302297115326e-03,3.604277372360229492e-01,5.499494075775146484e-01,5.894201397895812988e-01,8.105922937393188477e-01,3.683332204818725586e-01,4.310334473848342896e-02,2.445706352591514587e-02,1.749695092439651489e-02,3.652500808238983154e-01,5.571419000625610352e-01,5.969352722167968750e-01,1.180131077766418457e+00,5.625737309455871582e-01,1.493756622076034546e-01,1.205976232886314392e-01,1.122048795223236084e-01,5.709394216537475586e-01,8.333169221878051758e-01,8.897444605827331543e-01
3.706177139282226562e+01,6.403583884239196777e-01,3.795512914657592773e-01,6.531525403261184692e-02,2.470299042761325836e-02,5.568409804254770279e-03,3.609038293361663818e-01,5.507953166961669922e-01,5.904375314712524414e-01,6.558609604835510254e-01,3.903145492076873779e-01,7.179194688796997070e-02,3.367458656430244446e-02,1.436181832104921341e-02,3.664556741714477539e-01,5.587067008018493652e-01,5.987100601196289062e-01,9.883405566215515137e-01,6.124866604804992676e-01,1.960126310586929321e-01,1.447229534387588501e-01,1.207438707351684570e-01,5.867314934730529785e-01,8.558303713798522949e-01,9.140153527259826660e-01
3.756260299682617188e+01,5.225288867950439453e-01,3.815370500087738037e-01,1.035902351140975952e-01,4.368502646684646606e-02,8.394143544137477875e-03,3.621718287467956543e-01,5.517727136611938477e-01,5.914317965507507324e-01,5.314733386039733887e-01,3.888583481311798096e-01,1.082635521888732910e-01,4.859578981995582581e-02,1.286767609417438507e-02,3.680954575538635254e-01,5.597141385078430176e-01,5.997647047042846680e-01,8.300850391387939453e-01,6.270605921745300293e-01,2.515671253204345703e-01,1.744932532310485840e-01,1.296779811382293701e-01,5.998753309249877930e-01,8.733709454536437988e-01,9.327536821365356445e-01
3.806343841552734375e+01,4.264976680278778076e-01,3.680216073989868164e-01,1.458372771739959717e-01,6.687887012958526611e-02,1.361279562115669250e-02,3.648239374160766602e-01,5.531334877014160156e-01,5.925511717796325684e-01,4.313430488109588623e-01,3.724763989448547363e-01,1.489601284265518188e-01,6.959675997495651245e-02,1.606286875903606415e-02,3.692387640476226807e-01,5.588607192039489746e-01,5.985729694366455078e-01,6.994692087173461914e-01,6.158171296119689941e-01,3.116302788257598877e-01,2.083171308040618896e-01,1.399290859699249268e-01,6.112884283065795898e-01,8.862996101379394531e-01,9.461330175399780273e-01
3.856427383422851562e+01,3.481420278549194336e-01,3.449703454971313477e-01,1.885446906089782715e-01,9.236350655555725098e-02,2.164223417639732361e-02,3.695189058780670166e-01,5.552308559417724609e-01,5.940332412719726562e-01,3.503200411796569824e-01,3.471380472183227539e-01,1.902370303869247437e-01,9.379276633262634277e-02,2.289229072630405426e-02,3.717666566371917725e-01,5.581304430961608887e-01,5.970794558525085449e-01,5.917887687683105469e-01,5.873001813888549805e-01,3.714433908462524414e-01,2.437783777713775635e-01,1.521875113248825073e-01,6.221634149551391602e-01,8.954290151596069336e-01,9.547930955886840820e-01
3.906510925292968750e+01,2.841878831386566162e-01,3.166693747043609619e-01,2.287592589855194092e-01,1.181591227650642395e-01,3.259368613362312317e-02,3.768724799156188965e-01,5.584955811500549316e-01,5.962086319923400879e-01,2.844805717468261719e-01,3.169771432876586914e-01,2.290273010730743408e-01,1.183810755610466003e-01,3.278296068310737610e-02,3.772090375423431396e-01,5.589267611503601074e-01,5.966609716415405273e-01,5.030807852745056152e-01,5.484350919723510742e-01,4.267557263374328613e-01,2.783084511756896973e-01,1.667821556329727173e-01,6.337689161300659180e-01,9.019450545310974121e-01,9.598075151443481445e-01
3.956594467163085938e+01,2.319835424423217773e-01,2.860974371433258057e-01,2.642991542816162109e-01,1.425443589687347412e-01,4.627152532339096069e-02,3.873651623725891113e-01,5.633953213691711426e-01,5.994847416877746582e-01,2.309612333774566650e-01,2.849833071231842041e-01,2.632224261760711670e-01,1.416649520397186279e-01,4.553397372364997864e-02,3.860688507556915283e-01,5.617492794990539551e-01,5.977619290351867676e-01,4.299837648868560791e-01,5.044214129447937012e-01,4.742847383022308350e-01,3.096407949924468994e-01,1.836419701576232910e-01,6.472124457359313965e-01,9.071966409683227539e-01,9.625017642974853516e-01
4.006677627563476562e+01,1.893695592880249023e-01,2.552619278430938721e-01,2.937662899494171143e-01,1.642064750194549561e-01,6.222817674279212952e-02,4.012844562530517578e-01,5.703889727592468262e-01,6.043147444725036621e-01,1.874316483736038208e-01,2.531036734580993652e-01,2.914737462997436523e-01,1.623495966196060181e-01,6.068201735615730286e-02,3.985956311225891113e-01,5.670132040977478027e-01,6.007917523384094238e-01,3.696682453155517578e-01,4.589035212993621826e-01,5.118868350982666016e-01,3.360545635223388672e-01,2.023413330316543579e-01,6.632793545722961426e-01,9.124912619590759277e-01,9.642584323883056641e-01
4.056761169433593750e+01,1.545833200216293335e-01,2.254632115364074707e-01,3.164553940296173096e-01,1.822752356529235840e-01,7.984539121389389038e-02,4.187052547931671143e-01,5.798850655555725098e-01,6.111581325531005859e-01,1.520018726587295532e-01,2.225557118654251099e-01,3.131010234355926514e-01,1.795687377452850342e-01,7.758685946464538574e-02,4.148106873035430908e-01,5.750575661659240723e-01,6.061381101608276367e-01,3.197695910930633545e-01,4.142662286758422852e-01,5.385255813598632812e-01,3.564559519290924072e-01,2.221962362527847290e-01,6.823639273643493652e-01,9.189496040344238281e-01,9.663564562797546387e-01
4.106844711303710938e+01,1.261871606111526489e-01,1.974968165159225464e-01,3.322183787822723389e-01,1.962860226631164551e-01,9.841760993003845215e-02,4.395003318786621094e-01,5.922084450721740723e-01,6.204414963722229004e-01,1.231448501348495483e-01,1.940579414367675781e-01,3.279642462730407715e-01,1.928540617227554321e-01,9.552320837974548340e-02,4.345353245735168457e-01,5.861375331878662109e-01,6.141538023948669434e-01,2.783329784870147705e-01,3.719491958618164062e-01,5.541080832481384277e-01,3.703439831733703613e-01,2.423756122589111328e-01,7.044767737388610840e-01,9.274241924285888672e-01,9.698728919029235840e-01
4.156928253173828125e+01,1.030072495341300964e-01,1.718020588159561157e-01,3.413231372833251953e-01,2.061114460229873657e-01,1.172262132167816162e-01,4.633724689483642578e-01,6.075798869132995605e-01,6.325241923332214355e-01,9.962701052427291870e-02,1.679880917072296143e-01,3.363293111324310303e-01,2.020714581012725830e-01,1.137583926320075989e-01,4.574315249919891357e-01,6.004146933555603027e-01,6.251357197761535645e-01,2.437524050474166870e-01,3.327259123325347900e-01,5.592640042304992676e-01,3.777193725109100342e-01,2.620083987712860107e-01,7.293051481246948242e-01,9.384775757789611816e-01,9.756308794021606445e-01
4.207011795043945312e+01,2.457904100418090820e+00,1.499102711677551270e-01,3.443230688571929932e-01,2.118817120790481567e-01,1.355967074632644653e-01,4.898963868618011475e-01,6.261065006256103516e-01,6.476735472679138184e-01,2.626782655715942383e+00,1.677003204822540283e-01,3.687339127063751221e-01,2.316659241914749146e-01,1.529416143894195557e-01,5.199697613716125488e-01,6.620308756828308105e-01,6.845735311508178711e-01,3.610073089599609375e+00,2.425897866487503052e-01,4.737732112407684326e-01,3.155280947685241699e-01,2.258412986993789673e-01,6.515823602676391602e-01,8.218187689781188965e-01,8.491289615631103516e-01
4.257095336914062500e+01,1.628545761108398438e+00,1.928928792476654053e-01,3.421010076999664307e-01,2.139253914356231689e-01,1.529384404420852661e-01,5.185640454292297363e-01,6.477829813957214355e-01,6.660503149032592773e-01,1.871833205223083496e+00,2.393440306186676025e-01,4.013422429561614990e-01,2.620796859264373779e-01,1.962433308362960815e-01,5.950921773910522461e-01,7.384903430938720703e-01,7.588675022125244141e-01,2.765768051147460938e+00,3.580276072025299072e-01,5.572259426116943359e-01,3.856166005134582520e-01,3.060444295406341553e-01,8.039740920066833496e-01,9.931553006172180176e-01,1.020523786544799805e+00
4.307178497314453125e+01,1.243220925331115723e+00,2.871572375297546387e-01,3.374821245670318604e-01,2.130835652351379395e-01,1.687739938497543335e-01,5.488267540931701660e-01,6.724996566772460938e-01,6.877031922340393066e-01,1.296744585037231445e+00,3.045121133327484131e-01,3.562355935573577881e-01,2.284803986549377441e-01,1.830565780401229858e-01,5.740597248077392578e-01,7.019813656806945801e-01,7.177305817604064941e-01,2.169858455657958984e+00,5.191444158554077148e-01,5.909527540206909180e-01,4.156475961208343506e-01,3.549362123012542725e-01,9.069651365280151367e-01,1.103965401649475098e+00,1.128865599632263184e+00
4.357262039184570312e+01,9.951960444450378418e-01,3.663276433944702148e-01,3.356163203716278076e-01,2.114085257053375244e-01,1.828083992004394531e-01,5.801442861557006836e-01,7.000592350959777832e-01,7.125743031501770020e-01,1.011016607284545898e+00,3.737190961837768555e-01,3.426779210567474365e-01,2.172135412693023682e-01,1.883415579795837402e-01,5.900428295135498047e-01,7.115252614021301270e-01,7.242105603218078613e-01,1.733190894126892090e+00,6.527509093284606934e-01,6.071380376815795898e-01,4.279031157493591309e-01,3.877623379230499268e-01,9.862105250358581543e-01,1.186899781227111816e+00,1.208480119705200195e+00
4.407345581054687500e+01,8.079023957252502441e-01,4.120122492313385010e-01,3.404467999935150146e-01,2.115288227796554565e-01,1.950534582138061523e-01,6.120592951774597168e-01,7.302022576332092285e-01,7.405110597610473633e-01,8.139619231224060059e-01,4.157046079635620117e-01,3.437736928462982178e-01,2.142455428838729858e-01,1.976967006921768188e-01,6.168748140335083008e-01,7.357510328292846680e-01,7.461263537406921387e-01,1.399314165115356445e+00,7.320879101753234863e-01,6.233426928520202637e-01,4.349765479564666748e-01,4.115577638149261475e-01,1.054018616676330566e+00,1.258324980735778809e+00,1.276713132858276367e+00
4.457429122924804688e+01,6.584731340408325195e-01,4.277529418468475342e-01,3.528774380683898926e-01,2.152755409479141235e-01,2.058789432048797607e-01,6.442932486534118652e-01,7.626515626907348633e-01,7.712922692298889160e-01,6.601417660713195801e-01,4.289892911911010742e-01,3.539874553680419922e-01,2.161711305379867554e-01,2.067607939243316650e-01,6.459335088729858398e-01,7.645366191864013672e-01,7.731958031654357910e-01,1.138265371322631836e+00,7.598553895950317383e-01,6.449478268623352051e-01,4.425182342529296875e-01,4.290807247161865234e-01,1.113838553428649902e+00,1.323032259941101074e+00,1.338797450065612793e+00
4.507512664794921875e+01,5.372821092605590820e-01,4.217757284641265869e-01,3.713709115982055664e-01,2.230709940195083618e-01,2.159032970666885376e-01,6.768057346343994141e-01,7.971638441085815430e-01,8.046671748161315918e-01,5.360652208328247070e-01,4.207347929477691650e-01,3.704024851322174072e-01,2.223006337881088257e-01,2.151419371366500854e-01,6.753582358360290527e-01,7.955011725425720215e-01,8.029907345771789551e-01,9.319480657577514648e-01,7.484179139137268066e-01,6.710756421089172363e-01,4.522929787635803223e-01,4.420305490493774414e-01,1.166598081588745117e+00,1.382049441337585449e+00,1.395923137664794922e+00
4.557595825195312500e+01,4.385338127613067627e-01,4.015918374061584473e-01,3.932097554206848145e-01,2.341447770595550537e-01,2.257937043905258179e-01,7.097785472869873047e-01,8.335714340209960938e-01,8.404000997543334961e-01,4.353206157684326172e-01,3.985413014888763428e-01,3.901955187320709229e-01,2.317787110805511475e-01,2.234594225883483887e-01,7.052421569824218750e-01,8.283560276031494141e-01,8.351458907127380371e-01,7.678212523460388184e-01,7.110616564750671387e-01,6.982997655868530273e-01,4.638314247131347656e-01,4.519058167934417725e-01,1.213134050369262695e+00,1.435794711112976074e+00,1.448487162590026855e+00
4.607679367065429688e+01,3.579653799533843994e-01,3.729482591152191162e-01,4.154986739158630371e-01,2.470682859420776367e-01,2.360842078924179077e-01,7.435378432273864746e-01,8.718020319938659668e-01,8.783105015754699707e-01,3.534514904022216797e-01,3.683344125747680664e-01,4.105952382087707520e-01,2.432600110769271851e-01,2.323425561189651489e-01,7.361073493957519531e-01,8.632419109344482422e-01,8.696908950805664062e-01,6.365625858306884766e-01,6.588250994682312012e-01,7.227461338043212891e-01,4.755776226520538330e-01,4.599823355674743652e-01,1.254680633544921875e+00,1.484942674636840820e+00,1.497018933296203613e+00
4.657762908935546875e+01,2.922062277793884277e-01,3.399611413478851318e-01,4.357389211654663086e-01,2.602477669715881348e-01,2.470702379941940308e-01,7.784467339515686035e-01,9.118685722351074219e-01,9.182925820350646973e-01,2.869173884391784668e-01,3.342754244804382324e-01,4.292142987251281738e-01,2.552165091037750244e-01,2.421433627605438232e-01,7.684516906738281250e-01,9.003249406814575195e-01,9.066715240478515625e-01,5.310602188110351562e-01,5.997732877731323242e-01,7.411861419677734375e-01,4.857119917869567871e-01,4.671584367752075195e-01,1.292679548263549805e+00,1.530466794967651367e+00,1.542299509048461914e+00
4.707846450805664062e+01,2.385288029909133911e-01,3.054675757884979248e-01,4.520734846591949463e-01,2.722525894641876221e-01,2.587854266166687012e-01,8.148103952407836914e-01,9.538435935974121094e-01,9.603176712989807129e-01,2.328335940837860107e-01,2.991423904895782471e-01,4.442543387413024902e-01,2.662441432476043701e-01,2.529030442237854004e-01,8.026214241981506348e-01,9.397262930870056152e-01,9.461069703102111816e-01,4.458247423171997070e-01,5.392898321151733398e-01,7.514872550964355469e-01,4.926566779613494873e-01,4.738932251930236816e-01,1.328471422195434570e+00,1.573462843894958496e+00,1.585249900817871094e+00
4.757929992675781250e+01,1.947121918201446533e-01,2.713546454906463623e-01,4.633258581161499023e-01,2.819806635379791260e-01,2.710361778736114502e-01,8.528106808662414551e-01,9.978227615356445312e-01,1.004417181015014648e+00,1.888535469770431519e-01,2.647233605384826660e-01,4.545510411262512207e-01,2.752385139465332031e-01,2.644082605838775635e-01,8.387767076492309570e-01,9.815205931663513184e-01,9.880076050758361816e-01,3.765983581542968750e-01,4.806906878948211670e-01,7.526598572731018066e-01,4.953158795833587646e-01,4.802532494068145752e-01,1.363076210021972656e+00,1.614957213401794434e+00,1.626784682273864746e+00
4.808013534545898438e+01,1.589447259902954102e-01,2.388209253549575806e-01,4.689309000968933105e-01,2.887069284915924072e-01,2.834662795066833496e-01,8.924756050109863281e-01,1.043889403343200684e+00,1.050655007362365723e+00,1.530748456716537476e-01,2.321175336837768555e-01,4.595199525356292725e-01,2.814550995826721191e-01,2.762731015682220459e-01,8.768983483314514160e-01,1.025737643241882324e+00,1.032383561134338379e+00,3.200639486312866211e-01,4.258396327495574951e-01,7.446905970573425293e-01,4.931316971778869629e-01,4.860166609287261963e-01,1.397106289863586426e+00,1.655781030654907227e+00,1.667706608772277832e+00
4.858096694946289062e+01,1.297477334737777710e-01,2.085751295089721680e-01,4.688189327716827393e-01,2.920609414577484131e-01,2.956286966800689697e-01,9.336786270141601562e-01,1.092084884643554688e+00,1.099096298217773438e+00,1.239578798413276672e-01,2.019526809453964233e-01,4.590547084808349609e-01,2.844962179660797119e-01,2.880222499370574951e-01,9.168087244033813477e-01,1.072358608245849609e+00,1.079238653182983398e+00,2.736296355724334717e-01,3.756413757801055908e-01,7.282819151878356934e-01,4.860272109508514404e-01,4.908000826835632324e-01,1.430785059928894043e+00,1.696521997451782227e+00,1.708649396896362305e+00
4.908180236816406250e+01,1.059138476848602295e-01,1.809823662042617798e-01,4.632879793643951416e-01,2.919692695140838623e-01,3.070514202117919922e-01,9.761618971824645996e-01,1.142390370368957520e+00,1.149779915809631348e+00,1.002566441893577576e-01,1.745344251394271851e-01,4.534082412719726562e-01,2.842583954334259033e-01,2.991602718830108643e-01,9.582065939903259277e-01,1.121310830116271973e+00,1.128555655479431152e+00,2.352634519338607788e-01,3.303973972797393799e-01,7.045894265174865723e-01,4.743020236492156982e-01,4.941684901714324951e-01,1.464033722877502441e+00,1.737528443336486816e+00,1.750053763389587402e+00
4.958263778686523438e+01,8.645809441804885864e-02,1.561739593744277954e-01,4.528856575489044189e-01,2.885850071907043457e-01,3.172883987426757812e-01,1.019566535949707031e+00,1.194714903831481934e+00,1.202694654464721680e+00,8.096303790807723999e-02,1.499540954828262329e-01,4.430839419364929199e-01,2.808659672737121582e-01,3.092233240604400635e-01,1.000701546669006348e+00,1.172463059425354004e+00,1.180281877517700195e+00,2.033699005842208862e-01,2.900498807430267334e-01,6.749947071075439453e-01,4.585122168064117432e-01,4.957201778888702393e-01,1.496570587158203125e+00,1.778938293457031250e+00,1.792180776596069336e+00
5.008347320556640625e+01,7.057623565196990967e-02,1.341251283884048462e-01,4.383082389831542969e-01,2.822194397449493408e-01,3.259560763835906982e-01,1.063471078872680664e+00,1.248895287513732910e+00,1.257766604423522949e+00,6.525950878858566284e-02,1.281610876321792603e-01,4.287361800670623779e-01,2.746039628982543945e-01,3.178146481513977051e-01,1.043854355812072754e+00,1.225624203681945801e+00,1.234313130378723145e+00,1.766914129257202148e-01,2.543374001979827881e-01,6.409313082695007324e-01,4.393609762191772461e-01,4.951412081718444824e-01,1.528016448020935059e+00,1.820726156234741211e+00,1.835131645202636719e+00
5.058430862426757812e+01,1.450815200805664062e+00,1.459540426731109619e-01,4.203550815582275391e-01,2.732841670513153076e-01,3.327546715736389160e-01,1.107426285743713379e+00,1.304701566696166992e+00,1.314852595329284668e+00,1.608595848083496094e+00,1.787208169698715210e-01,4.712245464324951172e-01,3.139340281486511230e-01,3.773921728134155273e-01,1.222480297088623047e+00,1.443402528762817383e+00,1.454835653305053711e+00,2.165028095245361328e+00,2.697726488113403320e-01,6.188454031944274902e-01,4.291469454765319824e-01,5.051069855690002441e-01,1.600136995315551758e+00,1.917364001274108887e+00,1.934203386306762695e+00
5.108514022827148438e+01,1.078769326210021973e+00,2.164409905672073364e-01,4.008069932460784912e-01,2.624130547046661377e-01,3.374791443347930908e-01,1.150985240936279297e+00,1.361847996711730957e+00,1.373742222785949707e+00,1.105631947517395020e+00,2.255658060312271118e-01,4.129280745983123779e-01,2.722447812557220459e-01,3.485226631164550781e-01,1.179766416549682617e+00,1.396617293357849121e+00,1.408866643905639648e+00,1.602363228797912598e+00,3.690389394760131836e-01,6.096156835556030273e-01,4.280318021774291992e-01,5.257639884948730469e-01,1.720329999923706055e+00,2.081635475158691406e+00,2.102825164794921875e+00
5.158597564697265625e+01,8.565360903739929199e-01,2.857567965984344482e-01,3.836108446121215820e-01,2.510690987110137939e-01,3.400503695011138916e-01,1.193734049797058105e+00,1.420007467269897461e+00,1.434166431427001953e+00,8.587791323661804199e-01,2.868320643901824951e-01,3.848560750484466553e-01,2.520871162414550781e-01,3.412183821201324463e-01,1.196866989135742188e+00,1.423820972442626953e+00,1.438024401664733887e+00,1.256413578987121582e+00,4.585410058498382568e-01,5.870838165283203125e-01,4.137012660503387451e-01,5.294820070266723633e-01,1.792780756950378418e+00,2.187892913818359375e+00,2.213709115982055664e+00
5.208681106567382812e+01,6.937060952186584473e-01,3.295848965644836426e-01,3.725124895572662354e-01,2.414147704839706421e-01,3.406014144420623779e-01,1.235336303710937500e+00,1.478829383850097656e+00,1.495806932449340820e+00,6.912963986396789551e-01,3.280993103981018066e-01,3.709295988082885742e-01,2.401195615530014038e-01,3.390911519527435303e-01,1.231141805648803711e+00,1.473673105239868164e+00,1.490579962730407715e+00,1.009006738662719727e+00,5.118616819381713867e-01,5.681585669517517090e-01,3.980131447315216064e-01,5.262540578842163086e-01,1.847218871116638184e+00,2.273963212966918945e+00,2.305128335952758789e+00
5.258764648437500000e+01,5.650243163108825684e-01,3.477905392646789551e-01,3.689120411872863770e-01,2.352123856544494629e-01,3.395424485206604004e-01,1.275603175163269043e+00,1.537972807884216309e+00,1.558318853378295898e+00,5.614217519760131836e-01,3.451173901557922363e-01,3.661544919013977051e-01,2.329665422439575195e-01,3.369017839431762695e-01,1.267998576164245605e+00,1.528518915176391602e+00,1.548712849617004395e+00,8.196401596069335938e-01,5.298997759819030762e-01,5.574218034744262695e-01,3.854303061962127686e-01,5.191884636878967285e-01,1.891496658325195312e+00,2.349612236022949219e+00,2.386915206909179688e+00
5.308848190307617188e+01,4.609469175338745117e-01,3.466484844684600830e-01,3.719584047794342041e-01,2.331131249666213989e-01,3.375030159950256348e-01,1.314547419548034668e+00,1.597145676612854004e+00,1.621359229087829590e+00,4.567745923995971680e-01,3.431024253368377686e-01,3.682780265808105469e-01,2.301387339830398560e-01,3.340047597885131836e-01,1.304101467132568359e+00,1.584003925323486328e+00,1.607972621917724609e+00,6.706528067588806152e-01,5.216335654258728027e-01,5.543035864830017090e-01,3.772917687892913818e-01,5.098732113838195801e-01,1.927890896797180176e+00,2.416936635971069336e+00,2.461021900177001953e+00
5.358931732177734375e+01,3.762083351612091064e-01,3.325429260730743408e-01,3.795445859432220459e-01,2.346907109022140503e-01,3.351788222789764404e-01,1.352382421493530273e+00,1.656139969825744629e+00,1.684622049331665039e+00,3.718091249465942383e-01,3.280080854892730713e-01,3.755767345428466797e-01,2.301624119281768799e-01,3.315795361995697021e-01,1.338981509208679199e+00,1.639579534530639648e+00,1.667525291442871094e+00,5.519319772720336914e-01,4.962229728698730469e-01,5.562097430229187012e-01,3.732087612152099609e-01,4.995715022087097168e-01,1.957837343215942383e+00,2.476683616638183594e+00,2.527938604354858398e+00
5.409014892578125000e+01,3.070864677429199219e-01,3.105147778987884521e-01,3.892170488834381104e-01,2.388468831777572632e-01,3.331720829010009766e-01,1.389463663101196289e+00,1.714849591255187988e+00,1.747870802879333496e+00,3.024205267429351807e-01,3.058243393898010254e-01,3.839480876922607422e-01,2.346541881561279297e-01,3.283185660839080811e-01,1.373939156532287598e+00,1.694835424423217773e+00,1.727369546890258789e+00,4.566190540790557861e-01,4.609051346778869629e-01,5.601052641868591309e-01,3.719030320644378662e-01,4.893044531345367432e-01,1.982854962348937988e+00,2.529701232910156250e+00,2.588211774826049805e+00
5.459098434448242188e+01,2.506728470325469971e-01,2.842227518558502197e-01,3.987408280372619629e-01,2.442427426576614380e-01,3.318871557712554932e-01,1.426204085350036621e+00,1.773267626762390137e+00,1.810958385467529297e+00,2.459969967603683472e-01,2.792934477329254150e-01,3.928961753845214844e-01,2.396147400140762329e-01,3.265862464904785156e-01,1.408699631690979004e+00,1.750431776046752930e+00,1.787502050399780273e+00,3.796768188476562500e-01,4.208429157733917236e-01,5.633109211921691895e-01,3.718158602714538574e-01,4.797693192958831787e-01,2.004479885101318359e+00,2.577069282531738281e+00,2.642639875411987305e+00
5.509181976318359375e+01,2.046247571706771851e-01,2.562119662761688232e-01,4.063653945922851562e-01,2.496080249547958374e-01,3.314956724643707275e-01,1.462985515594482422e+00,1.831461787223815918e+00,1.873827695846557617e+00,2.000417709350585938e-01,2.512292563915252686e-01,4.001248180866241455e-01,2.446774244308471680e-01,3.258998692035675049e-01,1.443939924240112305e+00,1.806334972381591797e+00,1.847948312759399414e+00,3.172747492790222168e-01,3.794991374015808105e-01,5.638298392295837402e-01,3.715026080608367920e-01,4.713102281093597412e-01,2.024066686630249023e+00,2.619953870773315430e+00,2.692167758941650391e+00
5.559265518188476562e+01,1.670362353324890137e-01,2.281913310289382935e-01,4.108968079090118408e-01,2.539117038249969482e-01,3.319551050662994385e-01,1.500097632408142090e+00,1.889544725418090820e+00,1.936499118804931641e+00,1.626092195510864258e-01,2.232896685600280762e-01,4.044341444969177246e-01,2.488031536340713501e-01,3.261931240558624268e-01,1.479911565780639648e+00,1.862630605697631836e+00,1.908709406852722168e+00,2.664475142955780029e-01,3.390748500823974609e-01,5.604103207588195801e-01,3.698343634605407715e-01,4.639604687690734863e-01,2.042656660079956055e+00,2.659454345703125000e+00,2.737766742706298828e+00
5.609349060058593750e+01,1.363526284694671631e-01,2.012605667114257812e-01,4.116622209548950195e-01,2.564257383346557617e-01,3.330585360527038574e-01,1.537703037261962891e+00,1.947640538215637207e+00,1.999046921730041504e+00,1.321145445108413696e-01,1.965260505676269531e-01,4.051307141780853271e-01,2.512477934360504150e-01,3.272317945957183838e-01,1.516711473464965820e+00,1.919375419616699219e+00,1.969794869422912598e+00,2.248750776052474976e-01,3.008806407451629639e-01,5.524680018424987793e-01,3.660630583763122559e-01,4.575241804122924805e-01,2.060935497283935547e+00,2.696517467498779297e+00,2.780341386795043945e+00
5.659432220458984375e+01,1.113056242465972900e-01,1.760839819908142090e-01,4.084235131740570068e-01,2.567207813262939453e-01,3.344946205615997314e-01,1.575830340385437012e+00,2.005856037139892578e+00,2.061569929122924805e+00,1.072693318128585815e-01,1.715648472309112549e-01,4.019498527050018311e-01,2.515627741813659668e-01,3.286806643009185791e-01,1.554300189018249512e+00,1.976597666740417480e+00,2.031224966049194336e+00,1.907307803630828857e-01,2.656219899654388428e-01,5.399473905563354492e-01,3.598022162914276123e-01,4.516659677028656006e-01,2.079261302947998047e+00,2.731894493103027344e+00,2.820681095123291016e+00
5.709515762329101562e+01,9.085942804813385010e-02,1.530192792415618896e-01,4.012752473354339600e-01,2.546259164810180664e-01,3.359050750732421875e-01,1.614387273788452148e+00,2.064262628555297852e+00,2.124165773391723633e+00,8.702541887760162354e-02,1.487371623516082764e-01,3.949583172798156738e-01,2.495583295822143555e-01,3.301619887351989746e-01,1.592526078224182129e+00,2.034294605255126953e+00,2.093023300170898438e+00,1.625677943229675293e-01,2.336032241582870483e-01,5.231730937957763672e-01,3.509660661220550537e-01,4.459916651248931885e-01,2.097730398178100586e+00,2.766140937805175781e+00,2.859431982040405273e+00
5.759599304199218750e+01,7.416906952857971191e-02,1.322140246629714966e-01,3.905462324619293213e-01,2.501738071441650391e-01,3.369315266609191895e-01,1.653184056282043457e+00,2.122878074645996094e+00,2.186905860900878906e+00,7.053138315677642822e-02,1.281736493110656738e-01,3.844592571258544922e-01,2.452504187822341919e-01,3.313034176826477051e-01,1.631154894828796387e+00,2.092426061630249023e+00,2.155201673507690430e+00,1.392366290092468262e-01,2.048733234405517578e-01,5.027119517326354980e-01,3.396949768066406250e-01,4.401110410690307617e-01,2.116252899169921875e+00,2.799631834030151367e+00,2.897092819213867188e+00
5.809682846069335938e+01,6.054462492465972900e-02,1.136744841933250427e-01,3.767132163047790527e-01,2.435439527034759521e-01,3.372503817081451416e-01,1.691963911056518555e+00,2.181667327880859375e+00,2.249821662902832031e+00,5.709421634674072266e-02,1.098706275224685669e-01,3.709072768688201904e-01,2.388040125370025635e-01,3.317715823650360107e-01,1.669898033142089844e+00,2.150911808013916016e+00,2.217744827270507812e+00,1.198206841945648193e-01,1.793232262134552002e-01,4.792595505714416504e-01,3.262804746627807617e-01,4.336802065372467041e-01,2.134624481201171875e+00,2.832593679428100586e+00,2.934023380279541016e+00
5.859766387939453125e+01,4.942291229963302612e-02,9.731599688529968262e-02,3.603309094905853271e-01,2.350116819143295288e-01,3.365947306156158447e-01,1.730432152748107910e+00,2.240540027618408203e+00,2.312894582748413086e+00,4.615008831024169922e-02,9.373836964368820190e-02,3.548391759395599365e-01,2.304825931787490845e-01,3.312924504280090332e-01,1.708440542221069336e+00,2.209633588790893555e+00,2.280602693557739258e+00,1.035870313644409180e-01,1.567531228065490723e-01,4.535553455352783203e-01,3.111031949520111084e-01,4.264267981052398682e-01,2.152585983276367188e+00,2.865134954452514648e+00,2.970459222793579102e+00
5.909849929809570312e+01,4.034418985247612000e-02,8.299881964921951294e-02,3.419784605503082275e-01,2.249052375555038452e-01,3.347658812999725342e-01,1.768282890319824219e+00,2.299359321594238281e+00,2.376053810119628906e+00,3.723967075347900391e-02,7.963514328002929688e-02,3.368194699287414551e-01,2.206048816442489624e-01,3.296620249748229980e-01,1.746462941169738770e+00,2.268434286117553711e+00,2.343684673309326172e+00,8.994837850332260132e-02,1.369165182113647461e-01,4.263212084770202637e-01,2.945811152458190918e-01,4.181606173515319824e-01,2.169871807098388672e+00,2.897274971008300781e+00,3.006531476974487305e+00
5.959933090209960938e+01,3.293322771787643433e-02,7.055337727069854736e-02,3.222206830978393555e-01,2.135725915431976318e-01,3.316363692283630371e-01,1.805219531059265137e+00,2.357948303222656250e+00,2.439179658889770508e+00,2.998881414532661438e-02,6.739103794097900391e-02,3.174017965793609619e-01,2.095112800598144531e-01,3.267488479614257812e-01,1.783660650253295898e+00,2.327126741409301758e+00,2.406859397888183594e+00,7.843329012393951416e-02,1.195490360260009766e-01,3.982227742671966553e-01,2.771330475807189941e-01,4.087737202644348145e-01,2.186239242553710938e+00,2.928971290588378906e+00,3.042284011840820312e+00
6.010016632080078125e+01,2.688356675207614899e-02,5.979724228382110596e-02,3.015812933444976807e-01,2.013563662767410278e-01,3.271466493606567383e-01,1.840972304344177246e+00,2.416104555130004883e+00,2.502110719680786133e+00,2.409207634627819061e-02,5.682431533932685852e-02,2.971014678478240967e-01,1.975383609533309937e-01,3.224895000457763672e-01,1.819758415222167969e+00,2.385501384735107422e+00,2.469958305358886719e+00,6.866212189197540283e-02,1.043861955404281616e-01,3.698456287384033203e-01,2.591522634029388428e-01,3.982323110103607178e-01,2.201487302780151367e+00,2.960144758224487305e+00,3.077695846557617188e+00
6.060100173950195312e+01,2.194519340991973877e-02,5.054733157157897949e-02,2.805280089378356934e-01,1.885775476694107056e-01,3.212981820106506348e-01,1.875307440757751465e+00,2.473606824874877930e+00,2.564652442932128906e+00,1.930058002471923828e-02,4.775293171405792236e-02,2.763797938823699951e-01,1.850024610757827759e-01,3.168823421001434326e-01,1.854518175125122070e+00,2.443333864212036133e+00,2.532782554626464844e+00,6.032898649573326111e-02,9.117523580789566040e-02,3.416868448257446289e-01,2.409918457269668579e-01,3.865664303302764893e-01,2.215467691421508789e+00,2.990689039230346680e+00,3.112700223922729492e+00
6.110183715820312500e+01,1.791397109627723694e-02,4.262701794505119324e-02,2.594636380672454834e-01,1.755243390798568726e-01,3.141436874866485596e-01,1.908033609390258789e+00,2.530227899551391602e+00,2.626586437225341797e+00,1.541105378419160843e-02,4.000130295753479004e-02,2.556352317333221436e-01,1.721882224082946777e-01,3.099765777587890625e-01,1.887744069099426270e+00,2.500394105911254883e+00,2.595112562179565430e+00,5.318672209978103638e-02,7.968095690011978149e-02,3.141524493694305420e-01,2.229555994272232056e-01,3.738574683666229248e-01,2.228084325790405273e+00,3.020493745803833008e+00,3.147195100784301758e+00
6.160267257690429688e+01,1.462328433990478516e-02,3.587083518505096436e-02,2.387239485979080200e-01,1.624466478824615479e-01,3.057769536972045898e-01,1.939004540443420410e+00,2.585743427276611328e+00,2.687682628631591797e+00,1.226021163165569305e-02,3.340350836515426636e-02,2.352005541324615479e-01,1.593425124883651733e-01,3.018626868724822998e-01,1.919283747673034668e+00,2.556453466415405273e+00,2.656713962554931641e+00,4.703499376773834229e-02,6.968878209590911865e-02,2.875616848468780518e-01,2.052956223487854004e-01,3.602234423160552979e-01,2.239291191101074219e+00,3.049447298049926758e+00,3.181062936782836914e+00
6.210350418090820312e+01,1.193709485232830048e-02,3.012690320611000061e-02,2.185795754194259644e-01,1.495540589094161987e-01,2.963224649429321289e-01,1.968118309974670410e+00,2.639939308166503906e+00,2.747708082199096680e+00,9.767008945345878601e-03,2.778247743844985962e-02,2.153463810682296753e-01,1.466680616140365601e-01,2.926645576953887939e-01,1.949019193649291992e+00,2.611284255981445312e+00,2.717340230941772461e+00,4.171108454465866089e-02,6.100581213831901550e-02,2.621550559997558594e-01,1.882130205631256104e-01,3.458083868026733398e-01,2.249083757400512695e+00,3.077448844909667969e+00,3.214179754257202148e+00
6.260433959960937500e+01,9.744321927428245544e-03,2.525796182453632355e-02,1.992396861314773560e-01,1.370161324739456177e-01,2.859251201152801514e-01,1.995315074920654297e+00,2.692619085311889648e+00,2.806436777114868164e+00,7.900995202362537384e-03,2.294958010315895081e-02,1.962935775518417358e-01,1.342930346727371216e-01,2.825431525707244873e-01,1.976871371269226074e+00,2.664682626724243164e+00,2.776751041412353516e+00,3.708236292004585266e-02,5.346034839749336243e-02,2.381025701761245728e-01,1.718613058328628540e-01,3.307699561119079590e-01,2.257497072219848633e+00,3.104407548904418945e+00,3.246424198150634766e+00
6.310517501831054688e+01,7.954346947371959686e-03,2.114168740808963776e-02,1.808590590953826904e-01,1.249652951955795288e-01,2.747421860694885254e-01,2.020571947097778320e+00,2.743607282638549805e+00,2.863655090332031250e+00,6.520306225866079330e-03,1.876642182469367981e-02,1.782476902008056641e-01,1.221747100353240967e-01,2.717581391334533691e-01,2.002793550491333008e+00,2.716526985168457031e+00,2.834766626358032227e+00,3.304054215550422668e-02,4.690136387944221497e-02,2.155153453350067139e-01,1.563519537448883057e-01,3.152725100517272949e-01,2.264591693878173828e+00,3.130252361297607422e+00,3.277679681777954102e+00
6.360601043701171875e+01,6.493180058896541595e-03,1.767001859843730927e-02,1.635441184043884277e-01,1.134999543428421021e-01,2.629354596138000488e-01,2.043898344039916992e+00,2.792752265930175781e+00,2.919168710708618164e+00,5.462185479700565338e-03,1.537847798317670822e-02,1.611569374799728394e-01,1.108556315302848816e-01,2.602210640907287598e-01,2.026830673217773438e+00,2.766497373580932617e+00,2.891094207763671875e+00,2.949671074748039246e-02,4.119636118412017822e-02,1.944542378187179565e-01,1.417591869831085205e-01,2.994781136512756348e-01,2.270447254180908203e+00,3.154924392700195312e+00,3.307849407196044922e+00
6.410684204101562500e+01,5.300427787005901337e-03,1.474832650274038315e-02,1.473603695631027222e-01,1.026886776089668274e-01,2.506653666496276855e-01,2.065332174301147461e+00,2.839929342269897461e+00,2.972805738449096680e+00,4.712844267487525940e-03,1.276010274887084961e-02,1.451309770345687866e-01,1.002680361270904541e-01,2.481474876403808594e-01,2.048964262008666992e+00,2.814460992813110352e+00,2.945517301559448242e+00,2.637878432869911194e-02,3.622816503047943115e-02,1.749398410320281982e-01,1.281251162290573120e-01,2.835426330566406250e-01,2.275161743164062500e+00,3.178385257720947266e+00,3.336843967437744141e+00
6.460768127441406250e+01,4.326764494180679321e-03,1.229423191398382187e-02,1.323385685682296753e-01,9.257410466670989990e-02,2.380858212709426880e-01,2.196950197219848633e+00,3.669219255447387695e+00,3.292901992797851562e+00,4.554933868348598480e-03,1.127662695944309235e-02,1.305660754442214966e-01,9.068393707275390625e-02,2.362226545810699463e-01,2.182881832122802734e+00,3.639543771743774414e+00,3.267775774002075195e+00,2.069569379091262817e-02,2.774354629218578339e-02,1.534168869256973267e-01,1.096438765525817871e-01,2.633809447288513184e-01,2.368100643157958984e+00,4.050054550170898438e+00,3.611244201660156250e+00
6.510851287841796875e+01,3.531967988237738609e-03,1.023661531507968903e-02,1.184822916984558105e-01,8.317779749631881714e-02,2.253413349390029907e-01,2.312588453292846680e+00,3.434001445770263672e+00,3.522777080535888672e+00,4.217346664518117905e-03,9.723613038659095764e-03,1.168992817401885986e-01,8.080761134624481201e-02,2.239283323287963867e-01,2.298156261444091797e+00,3.408637285232543945e+00,3.496321439743041992e+00,1.856606639921665192e-02,2.385483868420124054e-02,1.381416767835617065e-01,9.673856198787689209e-02,2.491991519927978516e-01,2.481708765029907227e+00,3.747227191925048828e+00,3.848844289779663086e+00
6.560935211181640625e+01,2.883160952478647232e-03,8.514172397553920746e-03,1.057723239064216614e-01,7.450328767299652100e-02,2.125635743141174316e-01,2.361623764038085938e+00,3.416411638259887695e+00,3.595549821853637695e+00,4.029323812574148178e-03,8.686705492436885834e-03,1.044072732329368591e-01,7.165405899286270142e-02,2.115141898393630981e-01,2.347485303878784180e+00,3.392649650573730469e+00,3.569710493087768555e+00,1.669137366116046906e-02,2.100074291229248047e-02,1.237824037671089172e-01,8.582000434398651123e-02,2.341263592243194580e-01,2.520773649215698242e+00,3.699468851089477539e+00,3.902617216110229492e+00
6.611018371582031250e+01,2.353543648496270180e-03,7.074495311826467514e-03,9.417325258255004883e-02,6.654062867164611816e-02,1.998710781335830688e-01,2.390925884246826172e+00,3.441707372665405273e+00,3.639102935791015625e+00,3.903635777533054352e-03,8.016863837838172913e-03,9.290668368339538574e-02,6.356400251388549805e-02,1.990184485912322998e-01,2.377281427383422852e+00,3.418958425521850586e+00,3.614172697067260742e+00,1.485981978476047516e-02,1.860770396888256073e-02,1.104316934943199158e-01,7.618865370750427246e-02,2.193818390369415283e-01,2.538615942001342773e+00,3.702282428741455078e+00,3.923912286758422852e+00
6.661101531982421875e+01,1.921213581226766109e-03,5.872788839042186737e-03,8.363654464483261108e-02,5.926867574453353882e-02,1.873670816421508789e-01,2.411975383758544922e+00,3.474455118179321289e+00,3.677455425262451172e+00,3.849661676213145256e-03,7.596409413963556290e-03,8.244373649358749390e-02,5.619991570711135864e-02,1.867013424634933472e-01,2.398875236511230469e+00,3.452611446380615234e+00,3.653471469879150391e+00,1.324270293116569519e-02,1.665958203375339508e-02,9.829816967248916626e-02,6.740797311067581177e-02,2.050238400697708130e-01,2.548140048980712891e+00,3.714864492416381836e+00,3.940643787384033203e+00
6.711185455322265625e+01,1.568294363096356392e-03,4.870969802141189575e-03,7.410496473312377930e-02,5.265828967094421387e-02,1.751399934291839600e-01,2.428381681442260742e+00,3.507330656051635742e+00,3.714436054229736328e+00,3.866624319925904274e-03,7.374079897999763489e-03,7.296768575906753540e-02,4.956069961190223694e-02,1.746653318405151367e-01,2.415813684463500977e+00,3.486341476440429688e+00,3.691362619400024414e+00,1.189427170902490616e-02,1.511992421001195908e-02,8.733799308538436890e-02,5.942587554454803467e-02,1.911431252956390381e-01,2.553365468978881836e+00,3.728841066360473633e+00,3.957152843475341797e+00
6.761268615722656250e+01,1.280208933167159557e-03,4.036788828670978546e-03,6.551603227853775024e-02,4.667496681213378906e-02,1.632642745971679688e-01,2.441700220108032227e+00,3.538749456405639648e+00,3.750221014022827148e+00,3.954900428652763367e-03,7.313411217182874680e-03,6.442239135503768921e-02,4.363185167312622070e-02,1.630204617977142334e-01,2.429604768753051758e+00,3.518555402755737305e+00,3.727988004684448242e+00,1.083462592214345932e-02,1.395465061068534851e-02,7.747380435466766357e-02,5.223153159022331238e-02,1.778169721364974976e-01,2.555989742279052734e+00,3.742392539978027344e+00,3.973587036132812500e+00
6.811352539062500000e+01,1.045039505697786808e-03,3.342923242598772049e-03,5.780360475182533264e-02,4.128008335828781128e-02,1.517997384071350098e-01,2.452783346176147461e+00,3.568348884582519531e+00,3.784504890441894531e+00,4.118999931961297989e-03,7.389788515865802765e-03,5.676040798425674438e-02,3.837125003337860107e-02,1.518770009279251099e-01,2.441053867340087891e+00,3.548861742019653320e+00,3.763009548187255859e+00,1.005964912474155426e-02,1.311883609741926193e-02,6.863851100206375122e-02,4.580061882734298706e-02,1.651287972927093506e-01,2.556905031204223633e+00,3.755079030990600586e+00,3.989551067352294922e+00
6.861435699462890625e+01,8.530723280273377895e-04,2.766367746517062187e-03,5.090096965432167053e-02,3.643326088786125183e-02,1.407939940690994263e-01,2.462161540985107422e+00,3.596053361892700195e+00,3.817038536071777344e+00,4.367596935480833054e-03,7.591125089675188065e-03,4.995466023683547974e-02,3.372579067945480347e-02,1.413330435752868652e-01,2.450649738311767578e+00,3.577149868011474609e+00,3.796136617660522461e+00,9.546727873384952545e-03,1.256681513041257858e-02,6.077728793025016785e-02,4.010592773556709290e-02,1.531653553247451782e-01,2.556627273559570312e+00,3.766772985458374023e+00,4.004719257354736328e+00
6.911518859863281250e+01,6.963682826608419418e-04,2.287727780640125275e-03,4.474153742194175720e-02,3.209305554628372192e-02,1.302822232246398926e-01,2.470189094543457031e+00,3.621873855590820312e+00,3.847684144973754883e+00,4.714302252978086472e-03,7.914018817245960236e-03,4.399401694536209106e-02,2.963745035231113434e-02,1.314590722322463989e-01,2.458713054656982422e+00,3.603387832641601562e+00,3.827181100845336914e+00,9.271860122680664062e-03,1.225718203932046890e-02,5.385836958885192871e-02,3.510795906186103821e-02,1.420010626316070557e-01,2.555479526519775391e+00,3.777429819107055664e+00,4.018876075744628906e+00
6.961602783203125000e+01,5.684486241079866886e-04,1.890717074275016785e-03,3.926050290465354919e-02,2.821826003491878510e-02,1.202890351414680481e-01,2.477113723754882812e+00,3.645858764648437500e+00,3.876388549804687500e+00,5.175129044800996780e-03,8.357445709407329559e-03,3.884016722440719604e-02,2.605000883340835571e-02,1.222966536879539490e-01,2.465478897094726562e+00,3.627592563629150391e+00,3.856057167053222656e+00,9.212119504809379578e-03,1.215524505823850632e-02,4.786208644509315491e-02,3.076088428497314453e-02,1.316868066787719727e-01,2.553670644760131836e+00,3.787036895751953125e+00,4.031897068023681641e+00
7.011685943603515625e+01,4.640287952497601509e-04,1.561689889058470726e-03,3.439583629369735718e-02,2.476876229047775269e-02,1.108299791812896729e-01,2.483115911483764648e+00,3.668073415756225586e+00,3.903154373168945312e+00,5.763893947005271912e-03,8.909934200346469879e-03,3.440010175108909607e-02,2.290802448987960815e-02,1.138669252395629883e-01,2.471142292022705078e+00,3.649829626083374023e+00,3.882767200469970703e+00,9.346498176455497742e-03,1.222930010408163071e-02,4.275816679000854492e-02,2.701354771852493286e-02,1.222488880157470703e-01,2.551354169845581055e+00,3.795605182647705078e+00,4.043725967407226562e+00
7.061769866943359375e+01,3.787896130234003067e-04,1.289205509237945080e-03,3.008846752345561981e-02,2.170580253005027771e-02,1.019118502736091614e-01,4.570797443389892578e+00,4.333499908447265625e+00,4.123597145080566406e+00,1.021790783852338791e-02,9.644082747399806976e-03,3.283319622278213501e-02,3.132358565926551819e-02,1.116261407732963562e-01,4.538735389709472656e+00,4.311740398406982422e+00,4.103184700012207031e+00,1.270379032939672470e-02,1.312741450965404510e-02,3.754857182502746582e-02,3.535550087690353394e-02,1.172837391495704651e-01,4.667725563049316406e+00,4.430762767791748047e+00,4.212715148925781250e+00
7.111853027343750000e+01,3.092085244134068489e-04,1.063709845766425133e-03,2.628309838473796844e-02,1.899268291890621185e-02,9.353476017713546753e-02,4.020424365997314453e+00,4.586964607238769531e+00,4.466998577117919922e+00,1.045801583677530289e-02,1.054379995912313461e-02,2.911224216222763062e-02,2.485169097781181335e-02,1.062718033790588379e-01,3.993346929550170898e+00,4.564373016357421875e+00,4.444310665130615234e+00,1.254677679389715195e-02,1.450775377452373505e-02,3.532612323760986328e-02,3.572967275977134705e-02,1.080721020698547363e-01,4.086891174316406250e+00,4.679354667663574219e+00,4.554794311523437500e+00
7.161936187744140625e+01,2.524089941289275885e-04,8.772237924858927727e-04,2.292819507420063019e-02,1.659484021365642548e-02,8.569267392158508301e-02,3.698001384735107422e+00,4.693444728851318359e+00,4.725575447082519531e+00,1.112161204218864441e-02,1.151458360254764557e-02,2.618669345974922180e-02,2.069981396198272705e-02,1.001763492822647095e-01,3.673511266708374023e+00,4.670363903045654297e+00,4.700996398925781250e+00,1.246274914592504501e-02,1.491032261401414871e-02,3.220159560441970825e-02,3.400181233882904053e-02,1.011143326759338379e-01,3.746642827987670898e+00,4.776746273040771484e+00,4.809143543243408203e+00
7.212020111083984375e+01,2.060424885712563992e-04,7.230933406390249729e-04,1.997613534331321716e-02,1.448006276041269302e-02,7.837461680173873901e-02,3.504393100738525391e+00,4.753004550933837891e+00,4.898650169372558594e+00,1.193546969443559647e-02,1.216546725481748581e-02,2.341820672154426575e-02,1.797568053007125854e-02,9.460559487342834473e-02,3.481074810028076172e+00,4.729557991027832031e+00,4.872633457183837891e+00,1.253738626837730408e-02,1.525754388421773911e-02,2.921144478023052216e-02,3.233817964792251587e-02,9.498771280050277710e-02,3.541198968887329102e+00,4.826499938964843750e+00,4.975192070007324219e+00
7.262103271484375000e+01,1.681938156252726912e-04,5.957836983725428581e-04,1.738335005939006805e-02,1.261864788830280304e-02,7.156595587730407715e-02,3.387362003326416016e+00,4.792117595672607422e+00,5.012233257293701172e+00,1.272059883922338486e-02,1.243405696004629135e-02,2.097721956670284271e-02,1.612136140465736389e-02,8.972397446632385254e-02,3.364383697509765625e+00,4.768338680267333984e+00,4.985108375549316406e+00,1.278242096304893494e-02,1.562873460352420807e-02,2.668842673301696777e-02,3.113055601716041565e-02,8.956624567508697510e-02,3.415374755859375000e+00,4.855895996093750000e+00,5.080156326293945312e+00
7.312187194824218750e+01,1.372972765238955617e-04,4.906828980892896652e-04,1.510992180556058884e-02,1.098320167511701584e-02,6.524851173162460327e-02,3.316639661788940430e+00,4.820041179656982422e+00,5.087574481964111328e+00,1.337754167616367340e-02,1.236686483025550842e-02,1.893917657434940338e-02,1.489308662712574005e-02,8.549427241086959839e-02,3.293494224548339844e+00,4.795940399169921875e+00,5.059539318084716797e+00,1.313734706491231918e-02,1.600092835724353790e-02,2.461678534746170044e-02,3.038727678358554840e-02,8.476030826568603516e-02,3.337577104568481445e+00,4.874484539031982422e+00,5.146259307861328125e+00
7.362270355224609375e+01,1.120767556130886078e-04,4.039650666527450085e-04,1.311976462602615356e-02,9.548812173306941986e-03,5.940215289592742920e-02,3.274063587188720703e+00,4.841071128845214844e+00,5.138767719268798828e+00,1.387516222894191742e-02,1.207090541720390320e-02,1.730255596339702606e-02,1.412101089954376221e-02,8.184038102626800537e-02,3.250439167022705078e+00,4.816648006439208984e+00,5.109928131103515625e+00,1.354767940938472748e-02,1.635837554931640625e-02,2.291834354400634766e-02,3.001974895596504211e-02,8.048566430807113647e-02,3.289001464843750000e+00,4.886696815490722656e+00,5.188195705413818359e+00
7.412354278564453125e+01,9.148877143161371350e-05,3.324476419948041439e-04,1.138014066964387894e-02,8.292747661471366882e-03,5.400464311242103577e-02,3.248599052429199219e+00,4.857586383819580078e+00,5.174689769744873047e+00,1.421172544360160828e-02,1.165115740150213242e-02,1.603185012936592102e-02,1.370252389460802078e-02,7.867471873760223389e-02,3.224296092987060547e+00,4.832832336425781250e+00,5.145089149475097656e+00,1.397879887372255325e-02,1.669202372431755066e-02,2.152340672910213470e-02,2.994128875434398651e-02,7.666443288326263428e-02,3.258277654647827148e+00,4.894968032836914062e+00,5.215178012847900391e+00
7.462437438964843750e+01,7.468292460544034839e-05,2.734954468905925751e-04,9.861702099442481995e-03,7.194541394710540771e-03,4.903294891119003296e-02,3.233522415161132812e+00,4.871015548706054688e+00,5.200843334197998047e+00,1.440213993191719055e-02,1.120875403285026550e-02,1.506211329251527786e-02,1.357382815331220627e-02,7.590511441230773926e-02,3.208422660827636719e+00,4.845917701721191406e+00,5.170484542846679688e+00,1.440845988690853119e-02,1.700364239513874054e-02,2.037020027637481689e-02,3.007183037698268890e-02,7.323831319808959961e-02,3.238505363464355469e+00,4.900744915008544922e+00,5.232880115509033203e+00
7.512520599365234375e+01,6.096419019741006196e-05,2.249214740004390478e-04,8.538066409528255463e-03,6.235706619918346405e-03,4.446313530206680298e-02,3.224731206893920898e+00,4.882248401641845703e+00,5.220637321472167969e+00,1.446680165827274323e-02,1.081970054656267166e-02,1.431888714432716370e-02,1.371253374963998795e-02,7.343631237745285034e-02,3.198764801025390625e+00,4.856794834136962891e+00,5.189505100250244141e+00,1.482511591166257858e-02,1.729276590049266815e-02,1.941607333719730377e-02,3.035454452037811279e-02,7.015441358089447021e-02,3.225478887557983398e+00,4.904913902282714844e+00,5.244786739349365234e+00
7.562604522705078125e+01,4.976533091394230723e-05,1.849148538894951344e-04,7.385669276118278503e-03,5.399667192250490189e-03,4.027104750275611877e-02,3.219725608825683594e+00,4.891853332519531250e+00,5.236189842224121094e+00,1.442968193441629410e-02,1.053999643772840500e-02,1.371674798429012299e-02,1.411805208772420883e-02,7.116585224866867065e-02,3.192873716354370117e+00,4.866028785705566406e+00,5.204266548156738281e+00,1.522247679531574249e-02,1.756109669804573059e-02,1.862714067101478577e-02,3.074479848146438599e-02,6.737090647220611572e-02,3.216634273529052734e+00,4.908021926879882812e+00,5.253040790557861328e+00
7.612687683105468750e+01,4.062377774971537292e-05,1.519785000709816813e-04,6.383573636412620544e-03,4.671640694141387939e-03,3.643281012773513794e-02,3.216984272003173828e+00,4.900200843811035156e+00,5.248824596405029297e+00,1.431349106132984161e-02,1.040598470717668533e-02,1.316577568650245667e-02,1.479900907725095749e-02,6.898581236600875854e-02,3.189285039901733398e+00,4.873991966247558594e+00,5.216113567352294922e+00,1.559679489582777023e-02,1.781193353235721588e-02,1.797365024685859680e-02,3.120497055351734161e-02,6.485606729984283447e-02,3.210405826568603516e+00,4.910415172576904297e+00,5.258959293365478516e+00
7.662771606445312500e+01,3.316135553177446127e-05,1.248722255695611238e-04,5.513121373951435089e-03,4.038409329950809479e-03,3.292467072606086731e-02,3.215583324432373047e+00,4.907541751861572266e+00,5.259379863739013672e+00,1.413814164698123932e-02,1.043315697461366653e-02,1.259711757302284241e-02,1.576211303472518921e-02,6.679967790842056274e-02,3.187130689620971680e+00,4.880919933319091797e+00,5.225909233093261719e+00,1.594142429530620575e-02,1.804084330797195435e-02,1.742419600486755371e-02,3.170608729124069214e-02,6.258419901132583618e-02,3.205841064453125000e+00,4.912317752838134766e+00,5.263367652893066406e+00
7.712854766845703125e+01,2.706983286770991981e-05,1.025726378429681063e-04,4.757838323712348938e-03,3.488267306238412857e-03,2.972369641065597534e-02,3.214963197708129883e+00,4.914047718048095703e+00,5.268391609191894531e+00,1.392229460179805756e-02,1.060939766466617584e-02,1.197986491024494171e-02,1.696304231882095337e-02,6.455935537815093994e-02,3.185895204544067383e+00,4.886979579925537109e+00,5.234230518341064453e+00,1.626204140484333038e-02,1.825431548058986664e-02,1.696971431374549866e-02,3.222878649830818176e-02,6.052573397755622864e-02,3.202349424362182617e+00,4.913866996765136719e+00,5.266766071319580078e+00
7.762937927246093750e+01,2.209727972513064742e-05,8.423327381024137139e-05,4.103128798305988312e-03,3.010812215507030487e-03,2.680754475295543671e-02,3.214787006378173828e+00,4.919846057891845703e+00,5.276212692260742188e+00,1.368581410497426987e-02,1.089246384799480438e-02,1.134763285517692566e-02,1.831074617803096771e-02,6.228405982255935669e-02,3.185246229171752930e+00,4.892299652099609375e+00,5.241435527801513672e+00,1.656143367290496826e-02,1.845291629433631897e-02,1.660253480076789856e-02,3.276523575186729431e-02,5.865639448165893555e-02,3.199568510055541992e+00,4.915147781372070312e+00,5.269467830657958984e+00
7.813021850585937500e+01,1.803809391276445240e-05,6.915543781360611320e-05,3.536127507686614990e-03,2.596851671114563942e-03,2.415479533374309540e-02,3.214853525161743164e+00,4.925030708312988281e+00,5.283080101013183594e+00,1.344650611281394958e-02,1.122565846890211105e-02,1.076156459748744965e-02,1.968847773969173431e-02,6.004120409488677979e-02,3.184949636459350586e+00,4.896998405456542969e+00,5.247761726379394531e+00,1.683895476162433624e-02,1.863726042211055756e-02,1.630672067403793335e-02,3.330338746309280396e-02,5.696036666631698608e-02,3.197273015975952148e+00,4.916225910186767578e+00,5.271677017211914062e+00
7.863105010986328125e+01,1.472461099183419719e-05,5.676324144587852061e-05,3.045538440346717834e-03,2.238294575363397598e-03,2.174512669444084167e-02,3.215043067932128906e+00,4.929676055908203125e+00,5.289159774780273438e+00,1.321444101631641388e-02,1.156096532940864563e-02,1.026256103068590164e-02,2.100260555744171143e-02,5.790084600448608398e-02,3.184852361679077148e+00,4.901178359985351562e+00,5.253367900848388672e+00,1.709546707570552826e-02,1.880893856287002563e-02,1.606969349086284637e-02,3.383176401257514954e-02,5.542314797639846802e-02,3.195325851440429688e+00,4.917143344879150391e+00,5.273524761199951172e+00
7.913188934326171875e+01,1.201975373987806961e-05,4.658096440834924579e-05,2.621410181745886803e-03,1.927996403537690639e-03,1.955912075936794281e-02,3.215286493301391602e+00,4.933844089508056641e+00,5.294569969177246094e+00,1.299432665109634399e-02,1.187215931713581085e-02,9.866616688668727875e-03,2.221759408712387085e-02,5.589846521615982056e-02,3.184855222702026367e+00,4.904916286468505859e+00,5.258358478546142578e+00,1.733436249196529388e-02,1.896783523261547089e-02,1.588796265423297882e-02,3.434881567955017090e-02,5.402537435293197632e-02,3.193635463714599609e+00,4.917929172515869141e+00,5.275093555450439453e+00
7.963272094726562500e+01,9.811814379645511508e-06,3.821712016360834241e-05,2.255046507343649864e-03,1.659700879827141762e-03,1.757858693599700928e-02,3.215544223785400391e+00,4.937584400177001953e+00,5.299402713775634766e+00,1.278407406061887741e-02,1.214695721864700317e-02,9.555458091199398041e-03,2.331808395683765411e-02,5.405331403017044067e-02,3.184910058975219727e+00,4.908273696899414062e+00,5.262826442718505859e+00,1.755348034203052521e-02,1.911567710340023041e-02,1.574478298425674438e-02,3.484398871660232544e-02,5.276134610176086426e-02,3.192147731781005859e+00,4.918607711791992188e+00,5.276447772979736328e+00
8.013355255126953125e+01,8.009455996216274798e-06,3.134857979603111744e-05,1.938813948072493076e-03,1.427905401214957237e-03,1.578632369637489319e-02,3.215794563293457031e+00,4.940942764282226562e+00,5.303727626800537109e+00,1.258258055895566940e-02,1.238342095166444778e-02,9.313355199992656708e-03,2.431499212980270386e-02,5.236253887414932251e-02,3.184987306594848633e+00,4.911295890808105469e+00,5.266832351684570312e+00,1.775539666414260864e-02,1.925190165638923645e-02,1.563697494566440582e-02,3.531642258167266846e-02,5.161504447460174561e-02,3.190822839736938477e+00,4.919197559356689453e+00,5.277626037597656250e+00
8.063439178466796875e+01,6.538157322211191058e-06,2.570935066614765674e-05,1.666046679019927979e-03,1.227795495651662350e-03,1.416625082492828369e-02,3.216026782989501953e+00,4.943956375122070312e+00,5.307603359222412109e+00,1.238811388611793518e-02,1.258283201605081558e-02,9.121198207139968872e-03,2.521804161369800568e-02,5.082071572542190552e-02,3.185071945190429688e+00,4.914017200469970703e+00,5.270437240600585938e+00,1.794191449880599976e-02,1.937738247215747833e-02,1.556020695716142654e-02,3.576533868908882141e-02,5.057514458894729614e-02,3.189634561538696289e+00,4.919709682464599609e+00,5.278657913208007812e+00
8.113522338867187500e+01,5.337144102668389678e-06,2.108065018546767533e-05,1.430939184501767159e-03,1.055171131156384945e-03,1.270344853401184082e-02,3.216236114501953125e+00,4.946660518646240234e+00,5.311079025268554688e+00,1.219900324940681458e-02,1.274806354194879532e-02,8.958749473094940186e-03,2.603133022785186768e-02,4.942437633872032166e-02,3.185159206390380859e+00,4.916471481323242188e+00,5.273685455322265625e+00,1.811207830905914307e-02,1.949355565011501312e-02,1.550389174371957779e-02,3.618541732430458069e-02,4.963716119527816772e-02,3.188565254211425781e+00,4.920158386230468750e+00,5.279566287994384766e+00
8.163606262207031250e+01,4.356735189503524452e-06,1.728214374452363700e-05,1.228418201208114624e-03,9.063559118658304214e-04,1.138396095484495163e-02,3.216421127319335938e+00,4.949085712432861328e+00,5.314195632934570312e+00,1.201665587723255157e-02,1.288248039782047272e-02,8.818155154585838318e-03,2.676740102469921112e-02,4.816210269927978516e-02,3.185242652893066406e+00,4.918684959411621094e+00,5.276617050170898438e+00,1.826868951320648193e-02,1.959971897304058075e-02,1.546873245388269424e-02,3.658002242445945740e-02,4.878648743033409119e-02,3.187598705291748047e+00,4.920548915863037109e+00,5.280370712280273438e+00
8.213689422607421875e+01,3.556433057383401319e-06,1.416569921275367960e-05,1.054080785252153873e-03,7.781545282341539860e-04,1.019494142383337021e-02,3.216583013534545898e+00,4.951259613037109375e+00,5.316990852355957031e+00,1.184111740440130234e-02,1.299135666340589523e-02,8.692066185176372528e-03,2.742927707731723785e-02,4.702736064791679382e-02,3.185322523117065430e+00,4.920680046081542969e+00,5.279258728027343750e+00,1.841142401099205017e-02,1.969771273434162140e-02,1.544702984392642975e-02,3.694600239396095276e-02,4.802021011710166931e-02,3.186726570129394531e+00,4.920892238616943359e+00,5.281080722808837891e+00
8.263772583007812500e+01,2.903140966736827977e-06,1.160932970378780738e-05,9.040911099873483181e-04,6.677789497189223766e-04,9.124461561441421509e-03,3.216722965240478516e+00,4.953207492828369141e+00,5.319496154785156250e+00,1.167408749461174011e-02,1.307820901274681091e-02,8.580261841416358948e-03,2.802719920873641968e-02,4.600693657994270325e-02,3.185394287109375000e+00,4.922477245330810547e+00,5.281640052795410156e+00,1.854138635098934174e-02,1.978700608015060425e-02,1.543687749654054642e-02,3.728520497679710388e-02,4.732834175229072571e-02,3.185937881469726562e+00,4.921194076538085938e+00,5.281711578369140625e+00
8.313856506347656250e+01,2.369846242800122127e-06,9.512766155239660293e-06,7.751194643788039684e-04,5.728059331886470318e-04,8.161537349224090576e-03,3.216843605041503906e+00,4.954951286315917969e+00,5.321742057800292969e+00,1.151642203330993652e-02,1.314668729901313782e-02,8.480947464704513550e-03,2.856714650988578796e-02,4.509107023477554321e-02,3.185458421707153320e+00,4.924092292785644531e+00,5.283783912658691406e+00,1.866030134260654449e-02,1.986831799149513245e-02,1.543753128498792648e-02,3.759951889514923096e-02,4.670281708240509033e-02,3.185225009918212891e+00,4.921457767486572266e+00,5.282270431518554688e+00
8.363939666748046875e+01,1.934521151270018891e-06,7.793680197210051119e-06,6.642835214734077454e-04,4.911349969916045666e-04,7.296114228665828705e-03,3.216946840286254883e+00,4.956512451171875000e+00,5.323752880096435547e+00,1.136851869523525238e-02,1.320063322782516479e-02,8.387459442019462585e-03,2.904958836734294891e-02,4.427437484264373779e-02,3.185516595840454102e+00,4.925547122955322266e+00,5.285713672637939453e+00,1.876782439649105072e-02,1.994291320443153381e-02,1.544336974620819092e-02,3.788733854889869690e-02,4.614150896668434143e-02,3.184579849243164062e+00,4.921689033508300781e+00,5.282770156860351562e+00
8.414023590087890625e+01,1.579157583364576567e-06,6.384319476637756452e-06,5.690786638297140598e-04,4.209388571325689554e-04,6.518916226923465729e-03,3.217034816741943359e+00,4.957908153533935547e+00,5.325553417205810547e+00,1.123122218996286392e-02,1.324190758168697357e-02,8.304640650749206543e-03,2.948528900742530823e-02,4.354283958673477173e-02,3.185567140579223633e+00,4.926853179931640625e+00,5.287447929382324219e+00,1.886582188308238983e-02,2.001019567251205444e-02,1.545604225248098373e-02,3.815271705389022827e-02,4.563401639461517334e-02,3.183998107910156250e+00,4.921892642974853516e+00,5.283211708068847656e+00
8.464106750488281250e+01,1.289080273636500351e-06,5.229129783401731402e-06,4.873437283094972372e-04,3.606388927437365055e-04,5.821506492793560028e-03,5.250480651855468750e+00,5.315425395965576172e+00,5.384401321411132812e+00,1.279248576611280441e-02,1.528779231011867523e-02,1.177116762846708298e-02,3.696380928158760071e-02,4.970780387520790100e-02,5.190315723419189453e+00,5.287446975708007812e+00,5.350605010986328125e+00,2.299430035054683685e-02,2.226200141012668610e-02,1.875687204301357269e-02,4.522464796900749207e-02,5.193886160850524902e-02,5.186271667480468750e+00,5.280837535858154297e+00,5.345812797546386719e+00
8.514190673828125000e+01,1.052281731972470880e-06,4.282374902686569840e-06,4.172016633674502373e-04,3.088626544922590256e-04,5.196115933358669281e-03,4.660183906555175781e+00,5.638930320739746094e+00,5.653812885284423828e+00,1.238532364368438721e-02,1.505963690578937531e-02,1.082739233970642090e-02,3.636355698108673096e-02,4.860800504684448242e-02,4.609289646148681641e+00,5.606996536254882812e+00,5.617453098297119141e+00,2.324022538959980011e-02,2.307374030351638794e-02,1.991535909473896027e-02,4.676174744963645935e-02,5.119546130299568176e-02,4.603648662567138672e+00,5.597121238708496094e+00,5.609142780303955078e+00
8.564273834228515625e+01,8.589846061113348696e-07,3.506601842673262581e-06,3.570374392438679934e-04,2.644278865773230791e-04,4.635716322809457779e-03,4.320602893829345703e+00,5.747823715209960938e+00,5.886837959289550781e+00,1.213086955249309540e-02,1.494923979043960571e-02,9.731954894959926605e-03,3.540850058197975159e-02,4.779969528317451477e-02,4.275171279907226562e+00,5.715098381042480469e+00,5.848565101623535156e+00,2.286976762115955353e-02,2.304068580269813538e-02,1.970760524272918701e-02,4.651216045022010803e-02,5.021597445011138916e-02,4.269437789916992188e+00,5.703846454620361328e+00,5.838469028472900391e+00
8.614356994628906250e+01,7.011947786850214470e-07,2.871016704375506379e-06,3.054525586776435375e-04,2.263100323034450412e-04,4.133876413106918335e-03,4.117175579071044922e+00,5.796808719635009766e+00,6.043365001678466797e+00,1.192815601825714111e-02,1.487729419022798538e-02,9.181229397654533386e-03,3.499849513173103333e-02,4.692934826016426086e-02,4.074913978576660156e+00,5.763853073120117188e+00,6.003843784332275391e+00,2.251285314559936523e-02,2.287738770246505737e-02,1.926482096314430237e-02,4.593388736248016357e-02,4.936476051807403564e-02,4.069306373596191406e+00,5.752057552337646484e+00,5.992782115936279297e+00
8.664440917968750000e+01,5.723880462937813718e-07,2.350354179725400172e-06,2.612407843116670847e-04,1.936245389515534043e-04,3.684753086417913437e-03,3.993590354919433594e+00,5.823435306549072266e+00,6.142182350158691406e+00,1.177503168582916260e-02,1.483750902116298676e-02,8.858468383550643921e-03,3.484219312667846680e-02,4.621448740363121033e-02,3.953204154968261719e+00,5.790398120880126953e+00,6.101888656616210938e+00,2.225770056247711182e-02,2.275086194276809692e-02,1.888703368604183197e-02,4.546789824962615967e-02,4.871180281043052673e-02,3.947645425796508789e+00,5.778234481811523438e+00,6.090144157409667969e+00
8.714524078369140625e+01,4.672440923059184570e-07,1.923907120726653375e-06,2.233640552731230855e-04,1.656094682402908802e-04,3.283061319962143898e-03,3.918163061141967773e+00,5.839226245880126953e+00,6.203475475311279297e+00,1.165706943720579147e-02,1.481801643967628479e-02,8.649131283164024353e-03,3.481636196374893188e-02,4.565113782882690430e-02,3.878897428512573242e+00,5.806148052215576172e+00,6.162712574005126953e+00,2.209853567183017731e-02,2.267454378306865692e-02,1.862130127847194672e-02,4.517359659075737000e-02,4.821979999542236328e-02,3.873295783996582031e+00,5.793632984161376953e+00,6.150382995605468750e+00
8.764608001708984375e+01,3.814135425272979774e-07,1.574663315295765642e-06,1.909256388898938894e-04,1.416061277268454432e-04,2.923987340182065964e-03,3.872057199478149414e+00,5.848941326141357422e+00,6.241342067718505859e+00,1.156380027532577515e-02,1.480849459767341614e-02,8.514187298715114594e-03,3.486841917037963867e-02,4.519509896636009216e-02,3.833465576171875000e+00,5.815835952758789062e+00,6.200288295745849609e+00,2.201046049594879150e-02,2.263554558157920837e-02,1.845331490039825439e-02,4.501906782388687134e-02,4.783805087208747864e-02,3.827755212783813477e+00,5.802960395812988281e+00,6.187427520751953125e+00
8.814691162109375000e+01,3.113501350071601337e-07,1.288687485612172168e-06,1.026791706681251526e-01,2.000357389450073242e+00,6.551796104758977890e-03,3.843949556350708008e+00,5.855032920837402344e+00,6.264760494232177734e+00,1.210706308484077454e-02,2.427848614752292633e-02,1.063938587903976440e-01,2.006932258605957031e+00,7.624667137861251831e-03,3.871363162994384766e+00,5.906129837036132812e+00,6.322995662689208984e+00,1.462798658758401871e-02,2.756075002253055573e-02,1.099858507513999939e-01,2.004575252532958984e+00,8.189009502530097961e-03,3.870385885238647461e+00,5.908975124359130859e+00,6.322024345397949219e+00
8.864774322509765625e+01,2.541571291203581495e-07,1.054545577972021420e-06,3.955786824226379395e-01,8.570798635482788086e-01,1.343625187873840332e-01,3.852485895156860352e+00,5.861921310424804688e+00,6.279787063598632812e+00,8.364146575331687927e-03,2.147253043949604034e-02,4.039750695228576660e-01,8.738861680030822754e-01,1.408331543207168579e-01,3.970752716064453125e+00,6.102543354034423828e+00,6.551505565643310547e+00,7.725699339061975479e-03,2.397954277694225311e-02,4.065712094306945801e-01,8.785433173179626465e-01,1.425576806068420410e-01,4.004332542419433594e+00,6.172158718109130859e+00,6.630456924438476562e+00
8.914858245849609375e+01,2.074695828468975378e-07,8.628619525552494451e-07,3.758445382118225098e-01,4.694249927997589111e-01,2.514532208442687988e-01,3.912322044372558594e+00,5.881572723388671875e+00,6.294406890869140625e+00,4.274004604667425156e-03,1.387484371662139893e-02,3.779985308647155762e-01,4.722577631473541260e-01,2.537675201892852783e-01,3.945018053054809570e+00,5.946573734283447266e+00,6.367452144622802734e+00,8.364288136363029480e-03,1.730884425342082977e-02,3.899345099925994873e-01,4.858181774616241455e-01,2.635394632816314697e-01,4.103899002075195312e+00,6.267362594604492188e+00,6.730098724365234375e+00
8.964941406250000000e+01,1.693589410933782347e-07,7.059593372105155140e-07,2.992841601371765137e-01,3.033797144889831543e-01,3.132714033126831055e-01,3.990897417068481445e+00,5.916885375976562500e+00,6.316827774047851562e+00,3.276930423453450203e-03,9.256100282073020935e-03,2.994854450225830078e-01,3.037104904651641846e-01,3.138481080532073975e-01,3.996827363967895508e+00,5.928650379180908203e+00,6.329970836639404297e+00,7.720374036580324173e-03,1.335910707712173462e-02,3.124507069587707520e-01,3.167070746421813965e-01,3.269850909709930420e-01,4.196116924285888672e+00,6.321279525756835938e+00,6.771706104278564453e+00
9.015025329589843750e+01,1.382485237400032929e-07,5.775361273663293105e-07,2.265155464410781860e-01,2.124565094709396362e-01,3.370272219181060791e-01,4.066632270812988281e+00,5.963572978973388672e+00,6.350313663482666016e+00,3.162917215377092361e-03,4.543858114629983902e-03,2.261854559183120728e-01,2.122034579515457153e-01,3.368087708950042725e-01,4.061954498291015625e+00,5.954969406127929688e+00,6.340718269348144531e+00,8.201037533581256866e-03,8.876038715243339539e-03,2.380985617637634277e-01,2.238100469112396240e-01,3.508783578872680664e-01,4.273570537567138672e+00,6.364105701446533203e+00,6.798784732818603516e+00
9.065108489990234375e+01,1.128532574057317106e-07,4.724369375708192820e-07,1.685661226511001587e-01,1.537044942378997803e-01,3.387403190135955811e-01,4.131358623504638672e+00,6.016676902770996094e+00,6.393954277038574219e+00,3.508852329105138779e-03,5.934415850788354874e-03,1.678169518709182739e-01,1.530971229076385498e-01,3.381828963756561279e-01,4.120280742645263672e+00,5.996339797973632812e+00,6.371358871459960938e+00,7.855923846364021301e-03,1.013740804046392441e-02,1.784446686506271362e-01,1.634013652801513672e-01,3.519705832004547119e-01,4.331915855407714844e+00,6.400502204895019531e+00,6.822097301483154297e+00
9.115191650390625000e+01,9.212291729454591405e-08,3.864327311475790339e-07,1.247058063745498657e-01,1.125632971525192261e-01,3.280335068702697754e-01,4.183606624603271484e+00,6.072415828704833984e+00,6.445014953613281250e+00,3.787306370213627815e-03,6.017017178237438202e-03,1.237385496497154236e-01,1.117799654603004456e-01,3.273586630821228027e-01,4.169035911560058594e+00,6.045789241790771484e+00,6.415494441986083984e+00,7.748322561383247375e-03,1.014738995581865311e-02,1.331336647272109985e-01,1.209038048982620239e-01,3.402369320392608643e-01,4.373452186584472656e+00,6.433693408966064453e+00,6.847009658813476562e+00
9.165275573730468750e+01,7.520030465002491837e-08,3.160597543683252297e-07,9.206601232290267944e-02,8.279982209205627441e-02,3.104201257228851318e-01,5.355904579162597656e+00,6.499832153320312500e+00,6.620851993560791016e+00,4.986938554793596268e-03,5.944293458014726639e-03,9.107966721057891846e-02,8.222730457782745361e-02,3.101063370704650879e-01,5.334147930145263672e+00,6.470632076263427734e+00,6.590620040893554688e+00,8.330418728291988373e-03,9.564661420881748199e-03,9.836746752262115479e-02,8.932557702064514160e-02,3.203437030315399170e-01,5.585159778594970703e+00,6.823412895202636719e+00,6.955224514007568359e+00
9.215358734130859375e+01,6.138650832099301624e-08,2.584841354291711468e-07,6.791992485523223877e-02,6.100401282310485840e-02,2.891791760921478271e-01,5.089775562286376953e+00,6.675367832183837891e+00,6.854241371154785156e+00,5.744796246290206909e-03,6.458617281168699265e-03,6.659078598022460938e-02,6.101837754249572754e-02,2.891690433025360107e-01,5.068573474884033203e+00,6.643516540527343750e+00,6.820803165435791016e+00,8.918005041778087616e-03,9.746843017637729645e-03,7.310369610786437988e-02,6.676894426345825195e-02,2.983262538909912109e-01,5.278230190277099609e+00,6.980533599853515625e+00,7.174101829528808594e+00
9.265442657470703125e+01,5.011004589050571667e-08,2.113813195592229022e-07,5.009384453296661377e-02,4.497146978974342346e-02,2.663495540618896484e-01,4.938130378723144531e+00,6.773814678192138672e+00,7.039685249328613281e+00,6.915941834449768066e-03,7.316640112549066544e-03,5.036047846078872681e-02,4.457696527242660522e-02,2.663761377334594727e-01,4.917375564575195312e+00,6.740623474121093750e+00,7.003943443298339844e+00,9.396627545356750488e-03,1.023245602846145630e-02,5.352683737874031067e-02,5.186751112341880798e-02,2.746855616569519043e-01,5.097528934478759766e+00,7.053314208984375000e+00,7.339176177978515625e+00
9.315525817871093750e+01,4.090516370069963159e-08,1.728507896814335254e-07,3.694366291165351868e-02,3.315981477499008179e-02,2.432331293821334839e-01,4.849983692169189453e+00,6.845248699188232422e+00,7.177668094635009766e+00,8.277258835732936859e-03,8.710817433893680573e-03,4.096994176506996155e-02,3.261203691363334656e-02,2.432552129030227661e-01,4.828850269317626953e+00,6.810774803161621094e+00,7.139595031738281250e+00,1.066850963979959488e-02,1.131254993379116058e-02,4.359731450676918030e-02,3.914478793740272522e-02,2.507741749286651611e-01,4.985879898071289062e+00,7.096968173980712891e+00,7.451382160186767578e+00
9.365608978271484375e+01,3.339118848089128733e-08,1.413345103173924144e-07,2.724520489573478699e-02,2.445266582071781158e-02,2.206587642431259155e-01,4.798696517944335938e+00,6.902935504913330078e+00,7.281636714935302734e+00,1.035170257091522217e-02,1.016428694128990173e-02,3.346829488873481750e-02,2.407187409698963165e-02,2.212817966938018799e-01,4.777023315429687500e+00,6.867685794830322266e+00,7.242190361022949219e+00,1.223430316895246506e-02,1.285988837480545044e-02,3.813471272587776184e-02,3.137431666254997253e-02,2.270504087209701538e-01,4.914803981781005859e+00,7.126427650451660156e+00,7.526842594146728516e+00
9.415692901611328125e+01,2.725738745823491627e-08,1.155570714672649046e-07,2.009288966655731201e-02,1.803255639970302582e-02,1.991399675607681274e-01,4.769070148468017578e+00,6.951586723327636719e+00,7.362472534179687500e+00,1.291061006486415863e-02,1.157932914793491364e-02,2.804889716207981110e-02,1.828786730766296387e-02,2.005653530359268188e-01,4.746570587158203125e+00,6.915742397308349609e+00,7.321920871734619141e+00,1.391921192407608032e-02,1.378775201737880707e-02,3.525132685899734497e-02,2.474069409072399139e-02,2.059652805328369141e-01,4.867377758026123047e+00,7.148867607116699219e+00,7.579818248748779297e+00
9.465776062011718750e+01,2.225040240944053949e-08,9.447568771747683058e-08,1.481854915618896484e-02,1.329852454364299774e-02,1.789760738611221313e-01,4.752161502838134766e+00,6.993486881256103516e+00,7.427412033081054688e+00,1.503526605665683746e-02,1.221866533160209656e-02,2.399247139692306519e-02,1.457645744085311890e-02,1.817241013050079346e-01,4.728684902191162109e+00,6.957681179046630859e+00,7.386482238769531250e+00,1.547613926231861115e-02,1.489168871194124222e-02,3.340000659227371216e-02,1.963773928582668304e-02,1.872678697109222412e-01,4.834526062011718750e+00,7.166238307952880859e+00,7.618290901184082031e+00
9.515859985351562500e+01,1.816310479796356958e-08,7.723552641891728854e-08,1.092896051704883575e-02,9.807525202631950378e-03,1.603178232908248901e-01,4.742666721343994141e+00,7.030005931854248047e+00,7.481075763702392578e+00,1.618776656687259674e-02,1.226233877241611481e-02,2.066649124026298523e-02,1.277446188032627106e-02,1.649116873741149902e-01,4.718183040618896484e+00,6.994738578796386719e+00,7.440429210662841797e+00,1.687296479940414429e-02,1.629539392888545990e-02,3.124841675162315369e-02,1.726028695702552795e-02,1.705145239830017090e-01,4.810633659362792969e+00,7.179923057556152344e+00,7.646981239318847656e+00
9.565943145751953125e+01,1.482667144614424615e-08,6.313807432434259681e-08,8.060617372393608093e-03,7.233191281557083130e-03,1.432172954082489014e-01,4.737448215484619141e+00,7.062065601348876953e+00,7.526411533355712891e+00,1.656370423734188080e-02,1.208097580820322037e-02,1.815473102033138275e-02,1.196952722966670990e-02,1.502003669738769531e-01,4.711843013763427734e+00,7.027606487274169922e+00,7.486382961273193359e+00,1.852951757609844208e-02,1.760631985962390900e-02,3.094893880188465118e-02,1.527548767626285553e-02,1.559450179338455200e-01,4.791865825653076172e+00,7.190877914428710938e+00,7.668680667877197266e+00
9.616027069091796875e+01,1.210307676302591062e-08,5.161085425697820028e-08,5.945281125605106354e-03,5.334731191396713257e-03,1.276591569185256958e-01,4.734659194946289062e+00,7.090334415435791016e+00,7.565339088439941406e+00,1.646725088357925415e-02,1.164769753813743591e-02,1.657661050558090210e-02,1.139162946492433548e-02,1.377664208412170410e-01,4.707657814025878906e+00,7.056858062744140625e+00,7.526071548461914062e+00,1.993195898830890656e-02,1.881579123437404633e-02,3.085842169821262360e-02,1.406335365027189255e-02,1.436180621385574341e-01,4.776666164398193359e+00,7.199864864349365234e+00,7.685910701751708984e+00
9.666110229492187500e+01,9.879824958147764846e-09,4.218613725015529781e-08,4.385284148156642914e-03,3.934714477509260178e-03,1.135864555835723877e-01,4.733221530914306641e+00,7.115323066711425781e+00,7.599145412445068359e+00,1.611372828483581543e-02,1.108410954475402832e-02,1.564737968146800995e-02,1.093641482293605804e-02,1.274354755878448486e-01,4.704596996307373047e+00,7.082845687866210938e+00,7.560612201690673828e+00,2.123128250241279602e-02,1.982149109244346619e-02,3.104522451758384705e-02,1.323417201638221741e-02,1.332065612077713013e-01,4.763898849487304688e+00,7.207381725311279297e+00,7.699909210205078125e+00
9.716193389892578125e+01,8.064968248788773053e-09,3.448077379175629176e-08,3.234784584492444992e-03,2.902234205976128578e-03,1.009155586361885071e-01,4.732515811920166016e+00,7.137442111968994141e+00,7.628727436065673828e+00,1.566609181463718414e-02,1.053709629923105240e-02,1.510845217853784561e-02,1.062263268977403641e-02,1.188868060708045959e-01,4.702136039733886719e+00,7.105855464935302734e+00,7.590784549713134766e+00,2.241755090653896332e-02,2.069225162267684937e-02,3.136648237705230713e-02,1.268090307712554932e-02,1.244615092873573303e-01,4.752923011779785156e+00,7.213697910308837891e+00,7.711488723754882812e+00
9.766277313232421875e+01,6.583466660714520913e-09,2.818138078453102935e-08,2.386254025623202324e-03,2.140775090083479881e-03,8.954866975545883179e-02,4.732190608978271484e+00,7.157033443450927734e+00,7.654741764068603516e+00,1.522835344076156616e-02,1.007578521966934204e-02,1.481772400438785553e-02,1.044538337737321854e-02,1.118248328566551208e-01,4.699983119964599609e+00,7.126177787780761719e+00,7.617184162139892578e+00,2.350477129220962524e-02,2.141643874347209930e-02,3.178386390209197998e-02,1.232525426894426346e-02,1.171285957098007202e-01,4.743326663970947266e+00,7.219037055969238281e+00,7.721205234527587891e+00
9.816360473632812500e+01,5.374126921253719047e-09,2.303186086294317647e-08,1.760433311574161053e-03,1.579196890816092491e-03,7.938224077224731445e-02,4.732050895690917969e+00,7.174386501312255859e+00,7.677686691284179688e+00,1.485405862331390381e-02,9.715681895613670349e-03,1.469847466796636581e-02,1.039528846740722656e-02,1.060059517621994019e-01,4.697976589202880859e+00,7.144104480743408203e+00,7.640290737152099609e+00,2.450605481863021851e-02,2.202284522354602814e-02,3.226320445537567139e-02,1.210315525531768799e-02,1.109771952033042908e-01,4.734856128692626953e+00,7.223567962646484375e+00,7.729432106018066406e+00
9.866444396972656250e+01,4.386921048649128352e-09,1.882241562611852714e-08,1.298836898058652878e-03,1.165005262009799480e-03,7.031121850013732910e-02,4.731992244720458984e+00,7.189756393432617188e+00,7.697960853576660156e+00,1.456552743911743164e-02,9.449137374758720398e-03,1.470940001308917999e-02,1.046696770936250687e-02,1.012329086661338806e-01,4.696010112762451172e+00,7.159908294677734375e+00,7.660503864288330078e+00,2.543270960450172424e-02,2.252289839088916779e-02,3.278990089893341064e-02,1.197243947535753250e-02,1.058101356029510498e-01,4.727329254150390625e+00,7.227420806884765625e+00,7.736450195312500000e+00
9.916527557373046875e+01,3.581072993696921003e-09,1.538171545689692721e-08,9.583658538758754730e-04,8.595171966589987278e-04,6.223382055759429932e-02,4.731960773468017578e+00,7.203364849090576172e+00,7.715890407562255859e+00,1.436291541904211044e-02,9.263030253350734711e-03,1.481733471155166626e-02,1.066993083804845810e-02,9.733833372592926025e-02,4.694022655487060547e+00,7.173856258392333984e+00,7.678154945373535156e+00,2.629323117434978485e-02,2.294844202697277069e-02,3.334370627999305725e-02,1.190203521400690079e-02,1.014579758048057556e-01,4.720621109008789062e+00,7.230704784393310547e+00,7.742456912994384766e+00
9.966610717773437500e+01,2.923255637554689201e-09,1.256946635663780398e-08,7.072194712236523628e-04,6.341906264424324036e-04,5.505276471376419067e-02,4.731932163238525391e+00,7.215409755706787109e+00,7.731754302978515625e+00,1.423603668808937073e-02,9.146051481366157532e-03,1.499409414827823639e-02,1.102500967681407928e-02,9.417521953582763672e-02,4.691965103149414062e+00,7.186197280883789062e+00,7.693529605865478516e+00,2.709501236677169800e-02,2.330537326633930206e-02,3.391782566905021667e-02,1.187387946993112564e-02,9.778329730033874512e-02,4.714631080627441406e+00,7.233505249023437500e+00,7.747616291046142578e+00
1.001669464111328125e+02,2.386266961806882136e-09,1.027094942429584989e-08,5.219480372034013271e-04,4.679792036768049002e-04,4.867699369788169861e-02,4.731895923614501953e+00,7.226066112518310547e+00,7.745790958404541016e+00,1.416376419365406036e-02,9.092431515455245972e-03,1.519494596868753433e-02,1.157633680850267410e-02,9.159471839666366577e-02,4.689803600311279297e+00,7.197193145751953125e+00,7.706871986389160156e+00,2.784275449812412262e-02,2.361518144607543945e-02,3.449987620115280151e-02,1.187183149158954620e-02,9.467071294784545898e-02,4.709278583526611328e+00,7.235892772674560547e+00,7.752055644989013672e+00
1.006677780151367188e+02,1.947926264733723656e-09,8.392460948414282029e-09,3.852675727102905512e-04,3.453705867286771536e-04,4.302261397242546082e-02,4.731849193572998047e+00,7.235491275787353516e+00,7.758208751678466797e+00,1.410753838717937469e-02,9.112042374908924103e-03,1.532339770346879959e-02,1.241124980151653290e-02,8.939312398433685303e-02,4.687559604644775391e+00,7.207101821899414062e+00,7.718411922454833984e+00,2.853965573012828827e-02,2.389204315841197968e-02,3.507946804165840149e-02,1.188713312149047852e-02,9.202548116445541382e-02,4.704496860504150391e+00,7.237930297851562500e+00,7.755876541137695312e+00
1.011686172485351562e+02,1.590100939807825853e-09,6.857265866244688368e-09,2.844230330083519220e-04,2.549175987951457500e-04,3.801241517066955566e-02,4.731793880462646484e+00,7.243824005126953125e+00,7.769193172454833984e+00,1.400803215801715851e-02,9.278474375605583191e-03,1.516488660126924515e-02,1.372138969600200653e-02,8.720866590738296509e-02,4.685408592224121094e+00,7.216097831726074219e+00,7.728414535522460938e+00,2.919010818004608154e-02,2.413104102015495300e-02,3.565454483032226562e-02,1.191512309014797211e-02,8.977270871400833130e-02,4.700223922729492188e+00,7.239666938781738281e+00,7.759172916412353516e+00
1.016694488525390625e+02,1.298010254835446631e-09,5.602719177488779678e-09,2.100142155541107059e-04,1.881839853012934327e-04,3.357649222016334534e-02,4.731732368469238281e+00,7.251188755035400391e+00,7.778906345367431641e+00,1.379559375345706940e-02,9.791560471057891846e-03,1.431649643927812576e-02,1.586641930043697357e-02,8.445401489734649658e-02,4.683922290802001953e+00,7.223910808563232422e+00,7.737305641174316406e+00,2.979338914155960083e-02,2.436015382409095764e-02,3.621088340878486633e-02,1.194692868739366531e-02,8.784586191177368164e-02,4.696411609649658203e+00,7.241147994995117188e+00,7.762011051177978516e+00
1.021702804565429688e+02,1.059574428197151974e-09,4.577539680639119979e-09,1.551043969811871648e-04,1.389446406392380595e-04,2.965141274034976959e-02,4.731667041778564453e+00,7.257695674896240234e+00,7.787493228912353516e+00,1.348838023841381073e-02,1.077424548566341400e-02,1.267236750572919846e-02,1.893057301640510559e-02,8.085933327674865723e-02,4.683605194091796875e+00,7.229971885681152344e+00,7.745499610900878906e+00,3.035518340766429901e-02,2.455517835915088654e-02,3.675268590450286865e-02,1.198568381369113922e-02,8.619691431522369385e-02,4.693006992340087891e+00,7.242413520812988281e+00,7.764461994171142578e+00
1.026711196899414062e+02,8.649349569900266488e-10,3.739814236070060360e-09,1.145783753599971533e-04,1.026093232212588191e-04,2.618011087179183960e-02,4.731600761413574219e+00,7.263444423675537109e+00,7.795082092285156250e+00,1.321673952043056488e-02,1.190974842756986618e-02,1.096857246011495590e-02,2.211036533117294312e-02,7.705545425415039062e-02,4.683911800384521484e+00,7.234694957733154297e+00,7.752934455871582031e+00,3.087385371327400208e-02,2.474570088088512421e-02,3.726864606142044067e-02,1.202221028506755829e-02,8.477929234504699707e-02,4.689973831176757812e+00,7.243491649627685547e+00,7.766572952270507812e+00
1.031719512939453125e+02,7.060520501589451214e-10,3.055313335664777696e-09,8.466502913506701589e-05,7.579399243695661426e-05,2.311153896152973175e-02,4.731535434722900391e+00,7.268520355224609375e+00,7.801786899566650391e+00,1.305028982460498810e-02,1.287249755114316940e-02,9.786944836378097534e-03,2.473270520567893982e-02,7.366453856229782104e-02,4.684157371520996094e+00,7.238806247711181641e+00,7.759454250335693359e+00,3.135276585817337036e-02,2.491785958409309387e-02,3.775909915566444397e-02,1.205994095653295517e-02,8.355944603681564331e-02,4.687271595001220703e+00,7.244411468505859375e+00,7.768396377563476562e+00
1.036727905273437500e+02,5.763530763758240028e-10,2.496014728237128111e-09,6.258094799704849720e-05,5.600111762760207057e-05,2.039987593889236450e-02,4.731471538543701172e+00,7.273003101348876953e+00,7.807710170745849609e+00,1.296923775225877762e-02,1.361910160630941391e-02,9.108133614063262939e-03,2.679635770618915558e-02,7.077264785766601562e-02,4.684200763702392578e+00,7.242532730102539062e+00,7.765115261077880859e+00,3.179420903325080872e-02,2.507414668798446655e-02,3.822287917137145996e-02,1.209647860378026962e-02,8.250752091407775879e-02,4.684864997863769531e+00,7.245197296142578125e+00,7.769972324371337891e+00
1.041736221313476562e+02,4.704806544353345998e-10,2.039047819479833379e-09,4.627446105587296188e-05,4.138984513701871037e-05,1.800439693033695221e-02,4.731411457061767578e+00,7.276960372924804688e+00,7.812941074371337891e+00,1.293284632265567780e-02,1.419792696833610535e-02,8.745729923248291016e-03,2.846427261829376221e-02,6.828847527503967285e-02,4.684121131896972656e+00,7.245904445648193359e+00,7.770048141479492188e+00,3.219687566161155701e-02,2.523025125265121460e-02,3.865348175168037415e-02,1.212860550731420517e-02,8.159685879945755005e-02,4.682726383209228516e+00,7.245865345001220703e+00,7.771331787109375000e+00
1.046744537353515625e+02,3.840563145285358360e-10,1.665695248398435524e-09,3.423126690904609859e-05,3.060157541767694056e-05,1.588872820138931274e-02,4.731354713439941406e+00,7.280453681945800781e+00,7.817560195922851562e+00,1.291770488023757935e-02,1.465754583477973938e-02,8.570176549255847931e-03,2.987100183963775635e-02,6.611595302820205688e-02,4.683982849121093750e+00,7.248923301696777344e+00,7.774366378784179688e+00,3.256785497069358826e-02,2.535697631537914276e-02,3.905878961086273193e-02,1.216240879148244858e-02,8.081035315990447998e-02,4.680824279785156250e+00,7.246439933776855469e+00,7.772508144378662109e+00
1.051752929687500000e+02,3.135067205839447979e-10,1.360664358962537790e-09,2.533447877794969827e-05,2.263431633764412254e-05,1.402055379003286362e-02,4.731302738189697266e+00,7.283536911010742188e+00,7.821638107299804688e+00,1.290931738913059235e-02,1.502853631973266602e-02,8.500555530190467834e-03,3.109129518270492554e-02,6.419447064399719238e-02,4.683827400207519531e+00,7.251612186431884766e+00,7.778158664703369141e+00,3.290360420942306519e-02,2.549243532121181488e-02,3.943023458123207092e-02,1.218870375305414200e-02,8.012621849775314331e-02,4.679134845733642578e+00,7.246928215026855469e+00,7.773524284362792969e+00
1.056761245727539062e+02,2.559178702288278373e-10,1.111468361791878579e-09,1.876043825177475810e-05,1.674922714300919324e-05,1.237126160413026810e-02,4.731254577636718750e+00,7.286258220672607422e+00,7.825238227844238281e+00,1.289779040962457657e-02,1.532962732017040253e-02,8.482760749757289886e-03,3.216021135449409485e-02,6.249161437153816223e-02,4.683678627014160156e+00,7.253998756408691406e+00,7.781506538391113281e+00,3.321051225066184998e-02,2.560274302959442139e-02,3.977515920996665955e-02,1.221614703536033630e-02,7.953364402055740356e-02,4.677635669708251953e+00,7.247346878051757812e+00,7.774408817291259766e+00
1.061769638061523438e+02,2.089069750521588276e-10,9.078856555433389985e-10,1.390097349940333515e-05,1.240080655406927690e-05,1.091536786407232285e-02,4.731211185455322266e+00,7.288659572601318359e+00,7.828415393829345703e+00,1.288297120481729507e-02,1.557626947760581970e-02,8.499293588101863861e-03,3.311317414045333862e-02,6.097184121608734131e-02,4.683541774749755859e+00,7.256115913391113281e+00,7.784457206726074219e+00,3.348767012357711792e-02,2.571455202996730804e-02,4.008980840444564819e-02,1.223800610750913620e-02,7.901696115732192993e-02,4.676304817199707031e+00,7.247707366943359375e+00,7.775170803070068359e+00
1.066777954101562500e+02,1.705322827394439855e-10,7.415768554785984179e-10,1.030768635246204212e-05,9.186915121972560883e-06,9.630388580262660980e-03,4.731171131134033203e+00,7.290778636932373047e+00,7.831219673156738281e+00,1.286084391176700592e-02,1.577727124094963074e-02,8.523980155587196350e-03,3.395638987421989441e-02,5.962424352765083313e-02,4.683424949645996094e+00,7.257987022399902344e+00,7.787073135375976562e+00,3.373831883072853088e-02,2.581236697733402252e-02,4.037745296955108643e-02,1.225872803479433060e-02,7.856740057468414307e-02,4.675127029418945312e+00,7.248013019561767578e+00,7.775835990905761719e+00
1.071786346435546875e+02,1.392062853877717998e-10,6.057170875983786118e-10,7.649454346392303705e-06,6.810632385167991742e-06,8.496341295540332794e-03,4.731135368347167969e+00,7.292647838592529297e+00,7.833694458007812500e+00,1.283487491309642792e-02,1.594201847910881042e-02,8.558556437492370605e-03,3.471283987164497375e-02,5.842250213027000427e-02,4.683321952819824219e+00,7.259644031524658203e+00,7.789382934570312500e+00,3.396562859416007996e-02,2.589938230812549591e-02,4.064078629016876221e-02,1.227729581296443939e-02,7.817590236663818359e-02,4.674080371856689453e+00,7.248279571533203125e+00,7.776411056518554688e+00
1.076794662475585938e+02,1.136350666341989779e-10,4.947379728115208763e-10,5.682063147105509415e-06,5.052997494203737006e-06,7.495610974729061127e-03,4.731103420257568359e+00,7.294297695159912109e+00,7.835877895355224609e+00,1.280327420681715012e-02,1.607593894004821777e-02,8.586870506405830383e-03,3.538075089454650879e-02,5.736189335584640503e-02,4.683238506317138672e+00,7.261110782623291016e+00,7.791430473327636719e+00,3.416719287633895874e-02,2.599183470010757446e-02,4.087571054697036743e-02,1.229087915271520615e-02,7.783265411853790283e-02,4.673157215118408203e+00,7.248503208160400391e+00,7.776910305023193359e+00
1.081802978515625000e+02,9.276109047551273079e-11,4.040837942032027286e-10,4.225135853630490601e-06,3.752320935745956376e-06,6.612574215978384018e-03,4.731074333190917969e+00,7.295753002166748047e+00,7.837804794311523438e+00,1.276940293610095978e-02,1.618521474301815033e-02,8.615142665803432465e-03,3.597683459520339966e-02,5.642071366310119629e-02,4.683166027069091797e+00,7.262408733367919922e+00,7.793243885040283203e+00,3.435247763991355896e-02,2.605203725397586823e-02,4.109370335936546326e-02,1.230793073773384094e-02,7.753527909517288208e-02,4.672337055206298828e+00,7.248701572418212891e+00,7.777348518371582031e+00
1.086811370849609375e+02,7.572128341015726960e-11,3.300330009281537968e-10,3.145528353343252093e-06,2.789274276437936351e-06,5.833425093442201614e-03,4.731048583984375000e+00,7.297037124633789062e+00,7.839504718780517578e+00,1.273445598781108856e-02,1.627427525818347931e-02,8.642497472465038300e-03,3.650882840156555176e-02,5.558635294437408447e-02,4.683103561401367188e+00,7.263556003570556641e+00,7.794846534729003906e+00,3.451402112841606140e-02,2.613778039813041687e-02,4.128435626626014709e-02,1.231564115732908249e-02,7.727172225713729858e-02,4.671611309051513672e+00,7.248869419097900391e+00,7.777724742889404297e+00
1.091819686889648438e+02,6.181179179609586072e-11,2.695479672798484216e-10,2.344965878364746459e-06,2.075802058243425563e-06,5.145994946360588074e-03,4.731025695800781250e+00,7.298169612884521484e+00,7.841004371643066406e+00,1.269794628024101257e-02,1.634669862687587738e-02,8.660377003252506256e-03,3.697491437196731567e-02,5.485511943697929382e-02,4.683053493499755859e+00,7.264571666717529297e+00,7.796269893646240234e+00,3.466384857892990112e-02,2.617927454411983490e-02,4.146304354071617126e-02,1.233038678765296936e-02,7.704506069421768188e-02,4.670970916748046875e+00,7.249016761779785156e+00,7.778059959411621094e+00
1.096828079223632812e+02,5.045722173413480505e-11,2.201431398285436103e-10,1.750815613377199043e-06,1.546842327115882654e-06,4.539494402706623077e-03,4.731005191802978516e+00,7.299168586730957031e+00,7.842327594757080078e+00,1.266283169388771057e-02,1.640569046139717102e-02,8.680001832544803619e-03,3.739264607429504395e-02,5.420548841357231140e-02,4.683008193969726562e+00,7.265470027923583984e+00,7.797525405883789062e+00,3.479107096791267395e-02,2.626143395900726318e-02,4.161459952592849731e-02,1.233314722776412964e-02,7.684167474508285522e-02,4.670403957366943359e+00,7.249139785766601562e+00,7.778344631195068359e+00
1.101836395263671875e+02,4.118856297696815716e-11,1.797908488754274003e-10,1.309457047682371922e-06,1.154378423962043598e-06,4.004430491477251053e-03,4.730987071990966797e+00,7.300050258636474609e+00,7.843495368957519531e+00,1.262789964675903320e-02,1.645385473966598511e-02,8.690833114087581635e-03,3.775644302368164062e-02,5.363819003105163574e-02,4.682971477508544922e+00,7.266264438629150391e+00,7.798641204833984375e+00,3.491353988647460938e-02,2.627766132354736328e-02,4.176224395632743835e-02,1.234822534024715424e-02,7.666970044374465942e-02,4.669901847839355469e+00,7.249253749847412109e+00,7.778603076934814453e+00
1.106844711303710938e+02,3.362249020866237004e-11,1.468325599995878861e-10,9.812425787458778359e-07,8.629196486253931653e-07,3.532395232468843460e-03,4.730970859527587891e+00,7.300827980041503906e+00,7.844525337219238281e+00,1.259506866335868835e-02,1.649323850870132446e-02,8.701707236468791962e-03,3.808037564158439636e-02,5.313638597726821899e-02,4.682940483093261719e+00,7.266967296600341797e+00,7.799625396728515625e+00,3.500862047076225281e-02,2.637573331594467163e-02,4.187595844268798828e-02,1.234307326376438141e-02,7.650964707136154175e-02,4.669458866119384766e+00,7.249339580535888672e+00,7.778818607330322266e+00
1.111853103637695312e+02,2.744618074479454606e-11,1.199136623331042983e-10,7.368699925791588612e-07,6.462466330958704930e-07,3.115968313068151474e-03,4.730956554412841797e+00,7.301514148712158203e+00,7.845433712005615234e+00,1.256451569497585297e-02,1.652536354959011078e-02,8.713079616427421570e-03,3.836910054087638855e-02,5.269206315279006958e-02,4.682912826538085938e+00,7.267585754394531250e+00,7.800495624542236328e+00,3.511718660593032837e-02,2.632993832230567932e-02,4.200806841254234314e-02,1.236739754676818848e-02,7.638397812843322754e-02,4.669065475463867188e+00,7.249434471130371094e+00,7.779023170471191406e+00
1.116861419677734375e+02,2.240451921209363206e-11,9.792859578805490628e-11,5.546792749555606861e-07,4.849875381296442356e-07,2.748618135228753090e-03,4.730944156646728516e+00,7.302119255065917969e+00,7.846234798431396484e+00,1.253539137542247772e-02,1.655205897986888885e-02,8.717163465917110443e-03,3.861852362751960754e-02,5.230599641799926758e-02,4.682888984680175781e+00,7.268137454986572266e+00,7.801266670227050781e+00,3.517473116517066956e-02,2.650828100740909576e-02,4.207642748951911926e-02,1.234120689332485199e-02,7.624939829111099243e-02,4.668722629547119141e+00,7.249485015869140625e+00,7.779172420501708984e+00
1.121869812011718750e+02,1.828891552091427286e-11,7.997278533844465187e-11,4.186335615941061405e-07,3.648075335149769671e-07,2.424555364996194839e-03,4.730932712554931641e+00,7.302652835845947266e+00,7.846941947937011719e+00,1.250909641385078430e-02,1.657372713088989258e-02,8.725179359316825867e-03,3.884381428360939026e-02,5.196123197674751282e-02,4.682868003845214844e+00,7.268622398376464844e+00,7.801943778991699219e+00,3.528887778520584106e-02,2.631019987165927887e-02,4.221612215042114258e-02,1.239590626209974289e-02,7.617060095071792603e-02,4.668413639068603516e+00,7.249584197998046875e+00,7.779350280761718750e+00
1.126878128051757812e+02,1.492937370950464526e-11,6.530848778441011859e-11,3.168727289448725060e-07,2.751117165189498337e-07,2.138692187145352364e-03,4.730922698974609375e+00,7.303123474121093750e+00,7.847565650939941406e+00,1.248443499207496643e-02,1.659206300973892212e-02,8.726621046662330627e-03,3.903718292713165283e-02,5.166285485029220581e-02,4.682851314544677734e+00,7.269051551818847656e+00,7.802546977996826172e+00,3.528937697410583496e-02,2.670792490243911743e-02,4.221225529909133911e-02,1.232000067830085754e-02,7.603751122951507568e-02,4.668148517608642578e+00,7.249580383300781250e+00,7.779433727264404297e+00
1.131886444091796875e+02,1.218695457050333886e-11,5.333234201487790926e-11,2.406077896921487991e-07,2.080545300486846827e-07,1.886524725705385208e-03,4.730914115905761719e+00,7.303539276123046875e+00,7.848115921020507812e+00,1.246219873428344727e-02,1.660711131989955902e-02,8.729814551770687103e-03,3.921013325452804565e-02,5.139794573187828064e-02,4.682836055755615234e+00,7.269429206848144531e+00,7.803078174591064453e+00,3.545219078660011292e-02,2.612976916134357452e-02,4.240753129124641418e-02,1.245794538408517838e-02,7.602228969335556030e-02,4.667906761169433594e+00,7.249725341796875000e+00,7.779627799987792969e+00
1.136894836425781250e+02,9.948266169179653673e-12,4.355161023483766769e-11,1.833265486084201257e-07,1.578275004021634231e-07,1.664079958572983742e-03,4.730906486511230469e+00,7.303905487060546875e+00,7.848600864410400391e+00,1.244223956018686295e-02,1.661934703588485718e-02,8.734958246350288391e-03,3.936531394720077515e-02,5.116200819611549377e-02,4.682821750640869141e+00,7.269764900207519531e+00,7.803546428680419922e+00,3.534082695841789246e-02,2.708373963832855225e-02,4.225498065352439880e-02,1.226385962218046188e-02,7.584488391876220703e-02,4.667703628540039062e+00,7.249624729156494141e+00,7.779612541198730469e+00
1.141903152465820312e+02,8.120839070646646007e-12,3.556421823702748952e-11,1.402017062446248019e-07,1.201289450136755477e-07,1.467862166464328766e-03,4.730899333953857422e+00,7.304228782653808594e+00,7.849029064178466797e+00,1.242377609014511108e-02,1.663013175129890442e-02,8.734197355806827545e-03,3.949690982699394226e-02,5.095937848091125488e-02,4.682810783386230469e+00,7.270060062408447266e+00,7.803960800170898438e+00,3.566499799489974976e-02,2.551110833883285522e-02,4.259917140007019043e-02,1.264103315770626068e-02,7.594686001539230347e-02,4.667514801025390625e+00,7.249931812286376953e+00,7.779919624328613281e+00
1.146911544799804688e+02,6.629075326863853590e-12,2.904124336844393639e-11,1.076475157901768398e-07,9.176704196534046787e-08,1.294775283895432949e-03,4.730893611907958984e+00,7.304513931274414062e+00,7.849406719207763672e+00,1.240753754973411560e-02,1.663860678672790527e-02,8.738277480006217957e-03,3.961808979511260986e-02,5.077594518661499023e-02,4.682799816131591797e+00,7.270319938659667969e+00,7.804327011108398438e+00,3.528574109077453613e-02,2.785256505012512207e-02,4.208221286535263062e-02,1.216699555516242981e-02,7.561740279197692871e-02,4.667371273040771484e+00,7.249627113342285156e+00,7.779726028442382812e+00
1.151919860839843750e+02,5.411359294688056210e-12,2.371444707272019059e-11,8.300202125610667281e-08,7.037510840746108443e-08,1.142097753472626209e-03,4.730887889862060547e+00,7.304765224456787109e+00,7.849739551544189453e+00,1.239258423447608948e-02,1.664635725319385529e-02,8.736742660403251648e-03,3.971972316503524780e-02,5.061943084001541138e-02,4.682791709899902344e+00,7.270553112030029297e+00,7.804650306701660156e+00,3.611677139997482300e-02,2.350117266178131104e-02,4.236502572894096375e-02,1.350472494959831238e-02,7.590094208717346191e-02,4.667302608489990234e+00,7.250522136688232422e+00,7.780516624450683594e+00
1.156928176879882812e+02,4.417328482164695203e-12,1.936446662742508096e-11,6.428407317571327440e-08,5.419417803409487533e-08,1.007421757094562054e-03,4.730883598327636719e+00,7.304986953735351562e+00,7.850033760070800781e+00,1.237935572862625122e-02,1.665263436734676361e-02,8.737560361623764038e-03,3.981173783540725708e-02,5.047921836376190186e-02,4.682784557342529297e+00,7.270755290985107422e+00,7.804934024810791016e+00,3.499229252338409424e-02,2.869785018265247345e-02,4.127357900142669678e-02,1.241557486355304718e-02,7.524847984313964844e-02,4.667138576507568359e+00,7.249939918518066406e+00,7.780025005340576172e+00
1.161936569213867188e+02,3.605882953339190067e-12,1.581217622115271837e-11,5.001862746212282218e-08,4.191668168118667381e-08,8.886235300451517105e-04,4.730879306793212891e+00,7.305182456970214844e+00,7.850292682647705078e+00,1.236771978437900543e-02,1.665763743221759796e-02,8.740757592022418976e-03,3.989563882350921631e-02,5.035323277115821838e-02,4.682776451110839844e+00,7.270935058593750000e+00,7.805185317993164062e+00,3.054477088153362274e-02,3.009738028049468994e-02,2.107566222548484802e-02,3.009887039661407471e-02,6.952172517776489258e-02,4.671148777008056641e+00,7.252675533294677734e+00,7.784568786621093750e+00
1.166944885253906250e+02,2.943505682251323918e-12,1.291142279896684286e-11,3.910628976200314355e-08,3.256976199850214471e-08,7.838347810320556164e-04,4.730875492095947266e+00,7.305355548858642578e+00,7.850521564483642578e+00,1.235701236873865128e-02,1.666254363954067230e-02,8.738592267036437988e-03,3.996443748474121094e-02,5.024709552526473999e-02,4.682771205902099609e+00,7.271094322204589844e+00,7.805408477783203125e+00,2.426558174192905426e-02,2.506137825548648834e-02,1.870041154325008392e-02,4.949402809143066406e-02,5.679859966039657593e-02,4.674643993377685547e+00,7.253393650054931641e+00,7.787373542785644531e+00
1.171953277587890625e+02,2.402796061076739598e-12,1.054267263767005858e-11,3.072530674330664624e-08,2.542769017566115508e-08,6.914008990861475468e-04,4.730872154235839844e+00,7.305507183074951172e+00,7.850722789764404297e+00,1.234776340425014496e-02,1.666604727506637573e-02,8.741475641727447510e-03,4.003015905618667603e-02,5.014869943261146545e-02,4.682763576507568359e+00,7.271233558654785156e+00,7.805604457855224609e+00,2.503869310021400452e-02,2.533468976616859436e-02,2.096515335142612457e-02,5.152942985296249390e-02,5.236875638365745544e-02,4.675013065338134766e+00,7.252723217010498047e+00,7.786758422851562500e+00
1.176961593627929688e+02,1.961419525062235714e-12,8.608438614721158899e-12,2.426135203847934463e-08,1.994914633485223021e-08,6.098679732531309128e-04,4.730869293212890625e+00,7.305642127990722656e+00,7.850901126861572266e+00,1.233922131359577179e-02,1.666971296072006226e-02,8.739075623452663422e-03,4.008293151855468750e-02,5.006676539778709412e-02,4.682760715484619141e+00,7.271358013153076172e+00,7.805777072906494141e+00,2.547744102776050568e-02,2.563801035284996033e-02,2.176243811845779419e-02,5.239960178732872009e-02,5.209256336092948914e-02,4.674573421478271484e+00,7.251908302307128906e+00,7.785879135131835938e+00
1.181969985961914062e+02,1.601115832798594152e-12,7.028980696099917935e-12,1.925347525855158892e-08,1.572896657364708517e-08,5.379482754506170750e-04,4.730866909027099609e+00,7.305760383605957031e+00,7.851057529449462891e+00,1.233193464577198029e-02,1.667217351496219635e-02,8.741837926208972931e-03,4.013461619615554810e-02,4.998983070254325867e-02,4.682756423950195312e+00,7.271467208862304688e+00,7.805928707122802734e+00,2.564417570829391479e-02,2.576155588030815125e-02,2.205455861985683441e-02,5.277783051133155823e-02,5.205522105097770691e-02,4.674341201782226562e+00,7.251567840576171875e+00,7.785528659820556641e+00
1.186978302001953125e+02,1.307002032643889144e-12,5.739279711203248979e-12,1.535569893462707114e-08,1.246389835785066680e-08,4.745103360619395971e-04,4.730864524841308594e+00,7.305864334106445312e+00,7.851196289062500000e+00,1.232520304620265961e-02,1.667505875229835510e-02,8.739337325096130371e-03,4.017518833279609680e-02,4.992685839533805847e-02,4.682752609252929688e+00,7.271563529968261719e+00,7.806065559387207031e+00,2.571028284728527069e-02,2.581067383289337158e-02,2.216581068933010101e-02,5.293591693043708801e-02,5.202180147171020508e-02,4.674222946166992188e+00,7.251446723937988281e+00,7.785417079925537109e+00
1.191986618041992188e+02,1.066914785685657563e-12,4.686173324386366801e-12,1.230726454082287091e-08,9.926088395673104969e-09,4.185531288385391235e-04,4.730862617492675781e+00,7.305956840515136719e+00,7.851318359375000000e+00,1.231932640075683594e-02,1.667715609073638916e-02,8.739390410482883453e-03,4.021320864558219910e-02,4.986900463700294495e-02,4.682748794555664062e+00,7.271648406982421875e+00,7.806184291839599609e+00,2.573943510651588440e-02,2.583231963217258453e-02,2.221188135445117950e-02,5.300909653306007385e-02,5.198648571968078613e-02,4.674150943756103516e+00,7.251409530639648438e+00,7.785391807556152344e+00
1.196995010375976562e+02,8.709271368326221285e-13,3.826256152195117721e-12,9.911291343200900883e-09,7.944093383116523910e-09,3.691938181873410940e-04,4.730861186981201172e+00,7.306037902832031250e+00,7.851426124572753906e+00,1.231426466256380081e-02,1.667860709130764008e-02,8.741996251046657562e-03,4.024953022599220276e-02,4.981553927063941956e-02,4.682746410369873047e+00,7.271722793579101562e+00,7.806288242340087891e+00,2.575511671602725983e-02,2.584378048777580261e-02,2.223488129675388336e-02,5.305026844143867493e-02,5.195163190364837646e-02,4.674099445343017578e+00,7.251400947570800781e+00,7.785395145416259766e+00
1.202003326416015625e+02,7.109436737234853254e-13,3.124116633793083686e-12,8.018759878325454338e-09,6.388632289855422641e-09,3.256558266002684832e-04,4.730859279632568359e+00,7.306109905242919922e+00,7.851521015167236328e+00,1.230949070304632187e-02,1.668054610490798950e-02,8.739402517676353455e-03,4.027631133794784546e-02,4.977304115891456604e-02,4.682744503021240234e+00,7.271790027618408203e+00,7.806381225585937500e+00,2.576379105448722839e-02,2.585077844560146332e-02,2.224558964371681213e-02,5.307587236166000366e-02,5.192402377724647522e-02,4.674058437347412109e+00,7.251403331756591797e+00,7.785408973693847656e+00
1.207011718750000000e+02,5.803462094569611374e-13,2.550794428110569889e-12,6.516329698058598296e-09,5.161782112850232807e-09,2.872514887712895870e-04,4.730858325958251953e+00,7.306172847747802734e+00,7.851604461669921875e+00,1.230558287352323532e-02,1.668158359825611115e-02,8.742032572627067566e-03,4.030527174472808838e-02,4.973109811544418335e-02,4.682742118835449219e+00,7.271846294403076172e+00,7.806462764739990234e+00,2.577103860676288605e-02,2.585603855550289154e-02,2.225467748939990997e-02,5.309665575623512268e-02,5.189583450555801392e-02,4.674025058746337891e+00,7.251406192779541016e+00,7.785425662994384766e+00
1.212020034790039062e+02,4.737404045440651856e-13,2.082674961309538553e-12,5.317668971827060886e-09,4.189285363054295885e-09,2.533764927648007870e-04,4.730856895446777344e+00,7.306228637695312500e+00,7.851678371429443359e+00,1.230181008577346802e-02,1.668313518166542053e-02,8.739414624869823456e-03,4.032544046640396118e-02,4.969858378171920776e-02,4.682739734649658203e+00,7.271898746490478516e+00,7.806536674499511719e+00,2.577579952776432037e-02,2.586010098457336426e-02,2.225944586098194122e-02,5.311213433742523193e-02,5.187428370118141174e-02,4.673995494842529297e+00,7.251411437988281250e+00,7.785442829132080078e+00
1.217028350830078125e+02,3.867173779554394786e-13,1.700450977942802311e-12,4.356643934499970783e-09,3.414535321155653946e-09,2.234962594229727983e-04,4.730855941772460938e+00,7.306278228759765625e+00,7.851743698120117188e+00,1.229862496256828308e-02,1.668419688940048218e-02,8.739406242966651917e-03,4.034579172730445862e-02,4.966782778501510620e-02,4.682737827301025391e+00,7.271943569183349609e+00,7.806600093841552734e+00,2.578008174896240234e-02,2.586347050964832306e-02,2.226400375366210938e-02,5.312560126185417175e-02,5.185373872518539429e-02,4.673968315124511719e+00,7.251417636871337891e+00,7.785458564758300781e+00
1.222036743164062500e+02,3.156794216221253668e-13,6.202031373977661133e-01,3.073670202866196632e-03,2.722108038142323494e-04,1.977669599000364542e-04,4.730854988098144531e+00,7.306321620941162109e+00,7.851801395416259766e+00,5.097056180238723755e-02,7.463383674621582031e-01,7.525931298732757568e-02,1.221527159214019775e-01,8.310313522815704346e-02,4.719101428985595703e+00,7.361830711364746094e+00,7.910948753356933594e+00,5.134841427206993103e-02,7.426872849464416504e-01,7.335923612117767334e-02,1.335302144289016724e-01,1.014737039804458618e-01,4.711127281188964844e+00,7.354682445526123047e+00,7.902125835418701172e+00
1.227045059204101562e+02,2.576914376328787171e-13,3.004086315631866455e-01,3.044729493558406830e-02,6.901873275637626648e-03,2.978367847390472889e-04,4.735710620880126953e+00,7.420017242431640625e+00,8.474330902099609375e+00,3.594448789954185486e-02,3.600015342235565186e-01,7.650406658649444580e-02,8.806529641151428223e-02,6.044688820838928223e-02,4.709606647491455078e+00,7.434657096862792969e+00,8.488475799560546875e+00,4.194035753607749939e-02,3.569935858249664307e-01,7.363986968994140625e-02,1.235363781452178955e-01,1.107143685221672058e-01,4.778266906738281250e+00,7.612841129302978516e+00,8.713378906250000000e+00
1.232053451538085938e+02,2.103546015760210386e-13,2.022219747304916382e-01,7.055932283401489258e-02,2.384463325142860413e-02,1.315681845881044865e-03,4.782459735870361328e+00,7.564517974853515625e+00,8.283404350280761719e+00,1.953914947807788849e-02,2.271164208650588989e-01,9.230566024780273438e-02,6.713441014289855957e-02,4.117460176348686218e-02,4.739219665527343750e+00,7.536917209625244141e+00,8.244707107543945312e+00,3.048786707222461700e-02,2.422588765621185303e-01,1.062181070446968079e-01,9.512352943420410156e-02,6.167965009808540344e-02,4.864348888397216797e+00,7.825078487396240234e+00,8.586117744445800781e+00
1.237061767578125000e+02,1.717138800941264698e-13,1.529112607240676880e-01,1.082787886261940002e-01,4.572527483105659485e-02,4.418147262185811996e-03,4.827875137329101562e+00,7.586832523345947266e+00,8.216938018798828125e+00,1.504447683691978455e-02,1.700749099254608154e-01,1.247061118483543396e-01,7.931823283433914185e-02,3.347481414675712585e-02,4.784882068634033203e+00,7.550734519958496094e+00,8.170087814331054688e+00,2.300359494984149933e-02,1.802718043327331543e-01,1.345715671777725220e-01,9.751216322183609009e-02,4.976027086377143860e-02,4.923701763153076172e+00,7.866592884063720703e+00,8.535899162292480469e+00
1.242070083618164062e+02,1.401711591849513772e-13,1.191981956362724304e-01,1.382334977388381958e-01,6.699058413505554199e-02,1.022520288825035095e-02,4.860744953155517578e+00,7.587707519531250000e+00,8.186568260192871094e+00,1.395464129745960236e-02,1.333963274955749512e-01,1.533403545618057251e-01,9.441708028316497803e-02,3.273520618677139282e-02,4.821230411529541016e+00,7.552315235137939453e+00,8.141590118408203125e+00,1.907912082970142365e-02,1.398987472057342529e-01,1.598648279905319214e-01,1.080068871378898621e-01,4.591289907693862915e-02,4.962442398071289062e+00,7.869912147521972656e+00,8.506196975708007812e+00
1.247078475952148438e+02,1.144222791602672595e-13,9.359502047300338745e-02,1.594864130020141602e-01,8.464446663856506348e-02,1.858668774366378784e-02,4.884607791900634766e+00,7.586641788482666016e+00,8.170536994934082031e+00,1.282321661710739136e-02,1.045954748988151550e-01,1.722702234983444214e-01,1.079097092151641846e-01,3.738683834671974182e-02,4.849238872528076172e+00,7.554911613464355469e+00,8.130531311035156250e+00,1.666207425296306610e-02,1.100143939256668091e-01,1.780942380428314209e-01,1.187296211719512939e-01,4.778356850147247314e-02,4.989067077636718750e+00,7.865414619445800781e+00,8.485548019409179688e+00
1.252086791992187500e+02,9.340364446512941510e-14,7.361609488725662231e-02,1.726741939783096313e-01,9.763818979263305664e-02,2.884633652865886688e-02,4.903615474700927734e+00,7.587236881256103516e+00,8.162164688110351562e+00,1.153870951384305954e-02,8.167288452386856079e-02,1.827101856470108032e-01,1.176961883902549744e-01,4.531919211149215698e-02,4.872128963470458984e+00,7.559610366821289062e+00,8.127423286437988281e+00,1.496518962085247040e-02,8.696518093347549438e-02,1.887961030006408691e-01,1.264863163232803345e-01,5.352284386754035950e-02,5.009269714355468750e+00,7.860568523406982422e+00,8.470739364624023438e+00
1.257095184326171875e+02,7.624585370621245195e-14,5.792450904846191406e-02,1.789612919092178345e-01,1.059844493865966797e-01,4.015952721238136292e-02,4.920517921447753906e+00,7.590083599090576172e+00,8.158814430236816406e+00,1.068988908082246780e-02,6.407505273818969727e-02,1.870968192815780640e-01,1.232594400644302368e-01,5.468849837779998779e-02,4.892256736755371094e+00,7.565622806549072266e+00,8.128102302551269531e+00,1.376592181622982025e-02,6.904126703739166260e-02,1.930451840162277222e-01,1.307515203952789307e-01,6.157498434185981750e-02,5.026271820068359375e+00,7.856935501098632812e+00,8.459927558898925781e+00
1.262103500366210938e+02,6.224004872688176926e-14,4.558195546269416809e-02,1.796430498361587524e-01,1.101892068982124329e-01,5.170476064085960388e-02,4.936816215515136719e+00,7.595224380493164062e+00,8.159243583679199219e+00,1.018689945340156555e-02,5.044403299689292908e-02,1.864365488290786743e-01,1.252353340387344360e-01,6.471849977970123291e-02,4.911052703857421875e+00,7.572983264923095703e+00,8.131387710571289062e+00,1.294566411525011063e-02,5.508455261588096619e-02,1.921060234308242798e-01,1.318465024232864380e-01,7.078528404235839844e-02,5.041707992553710938e+00,7.854802131652832031e+00,8.452034950256347656e+00
1.267111816406250000e+02,5.080700468088235333e-14,3.587009757757186890e-02,1.759731918573379517e-01,1.109466031193733215e-01,6.279218941926956177e-02,4.953183174133300781e+00,7.602584838867187500e+00,8.162795066833496094e+00,9.882149286568164825e-03,3.986650332808494568e-02,1.818015724420547485e-01,1.243194490671157837e-01,7.471578568220138550e-02,4.929217338562011719e+00,7.581777095794677734e+00,8.136823654174804688e+00,1.239072158932685852e-02,4.424243792891502380e-02,1.871768087148666382e-01,1.303067952394485474e-01,8.024089038372039795e-02,5.056322097778320312e+00,7.854176521301269531e+00,8.446457862854003906e+00
1.272120208740234375e+02,4.147399248035157915e-14,2.822751738131046295e-02,1.690815538167953491e-01,1.089816316962242126e-01,7.290057837963104248e-02,4.969797611236572266e+00,7.612032413482666016e+00,8.169075012207031250e+00,9.662836790084838867e-03,3.176757320761680603e-02,1.742305308580398560e-01,1.211718171834945679e-01,8.410603553056716919e-02,4.947003364562988281e+00,7.592011928558349609e+00,8.144191741943359375e+00,1.199481915682554245e-02,3.590697050094604492e-02,1.793235540390014648e-01,1.267064213752746582e-01,8.925537019968032837e-02,5.070357799530029297e+00,7.854953765869140625e+00,8.442815780639648438e+00
1.277128524780273438e+02,3.385551387846685856e-14,2.221338637173175812e-02,1.599398702383041382e-01,1.049723252654075623e-01,8.167590945959091187e-02,4.986571311950683594e+00,7.623383045196533203e+00,8.177796363830566406e+00,9.478968568146228790e-03,2.574586309492588043e-02,1.646281033754348755e-01,1.163893640041351318e-01,9.247336536645889282e-02,4.964408874511718750e+00,7.603621482849121094e+00,8.153349876403808594e+00,1.169794425368309021e-02,2.963958494365215302e-02,1.694601476192474365e-01,1.215942502021789551e-01,9.735020995140075684e-02,5.083786964416503906e+00,7.856954574584960938e+00,8.440829277038574219e+00
1.282136840820312500e+02,2.763644890192706871e-14,1.748059317469596863e-02,1.493529677391052246e-01,9.951384365558624268e-02,8.891281485557556152e-02,5.003295898437500000e+00,7.636413574218750000e+00,8.188703536987304688e+00,9.342998266220092773e-03,2.142619527876377106e-02,1.537514328956604004e-01,1.104964166879653931e-01,9.955592453479766846e-02,4.981321811676025391e+00,7.616486072540283203e+00,8.164171218872070312e+00,1.149540580809116364e-02,2.506889775395393372e-02,1.583483070135116577e-01,1.154679879546165466e-01,1.042248755693435669e-01,5.096468925476074219e+00,7.859967231750488281e+00,8.440272331237792969e+00
1.287145233154296875e+02,2.255975862662431414e-14,1.375614758580923080e-02,1.379668712615966797e-01,9.310634434223175049e-02,9.452721476554870605e-02,5.019728660583496094e+00,7.650868415832519531e+00,8.201538085937500000e+00,9.282806888222694397e-03,1.841916702687740326e-02,1.422174572944641113e-01,1.039438769221305847e-01,1.052280589938163757e-01,4.997588634490966797e+00,7.630462646484375000e+00,8.176529884338378906e+00,1.140486728399991989e-02,2.183810062706470490e-02,1.466089338064193726e-01,1.087648272514343262e-01,1.097284182906150818e-01,5.108240127563476562e+00,7.863787651062011719e+00,8.440940856933593750e+00
1.292153625488281250e+02,1.841563129745781013e-14,1.082523725926876068e-02,1.262846291065216064e-01,8.615563064813613892e-02,9.852886945009231567e-02,5.035637855529785156e+00,7.666476249694824219e+00,8.216030120849609375e+00,9.309072047472000122e-03,1.637153327465057373e-02,1.305117309093475342e-01,9.710472077131271362e-02,1.094716042280197144e-01,5.013060092926025391e+00,7.645380973815917969e+00,8.190281867980957031e+00,1.143511570990085602e-02,1.961944624781608582e-02,1.347341388463973999e-01,1.018524244427680969e-01,1.138225272297859192e-01,5.118956089019775391e+00,7.868222236633300781e+00,8.442671775817871094e+00
1.297161865234375000e+02,1.503285275666725596e-14,8.518853224813938141e-03,1.146858185529708862e-01,7.898073643445968628e-02,1.009959653019905090e-01,5.050831794738769531e+00,7.682960510253906250e+00,8.231895446777343750e+00,9.416310116648674011e-03,1.500572357326745987e-02,1.190006807446479797e-01,9.027194231748580933e-02,1.123438253998756409e-01,5.027608394622802734e+00,7.661049365997314453e+00,8.205241203308105469e+00,1.157999224960803986e-02,1.814197003841400146e-02,1.230995208024978638e-01,9.502468258142471313e-02,1.165490001440048218e-01,5.128520965576171875e+00,7.873099327087402344e+00,8.445298194885253906e+00
1.302170257568359375e+02,1.227138220005015087e-14,6.703807972371578217e-03,1.034452319145202637e-01,7.182371616363525391e-02,1.020533293485641479e-01,5.065163135528564453e+00,7.700054645538330078e+00,8.248847961425781250e+00,9.593605063855648041e-03,1.411906164139509201e-02,1.079462319612503052e-01,8.366185426712036133e-02,1.139531061053276062e-01,5.041138172149658203e+00,7.677261352539062500e+00,8.221195220947265625e+00,1.182484440505504608e-02,1.719903945922851562e-02,1.119783297181129456e-01,8.850239962339401245e-02,1.180045604705810547e-01,5.136877059936523438e+00,7.878263473510742188e+00,8.448664665222167969e+00
1.307178649902343750e+02,1.001718104081880667e-14,5.275479517877101898e-03,9.275411069393157959e-02,6.486268341541290283e-02,1.018539592623710632e-01,5.078532218933105469e+00,7.717506408691406250e+00,8.266602516174316406e+00,9.824486449360847473e-03,1.356706209480762482e-02,9.751898050308227539e-02,7.741471379995346069e-02,1.144528388977050781e-01,5.053586959838867188e+00,7.693815231323242188e+00,8.237911224365234375e+00,1.214963663369417191e-02,1.663782447576522827e-02,1.015527173876762390e-01,8.243110030889511108e-02,1.183343604207038879e-01,5.144012451171875000e+00,7.883581161499023438e+00,8.452614784240722656e+00
1.312187042236328125e+02,8.177069725544619527e-15,4.151477944105863571e-03,8.273578435182571411e-02,5.822228267788887024e-02,1.961411356925964355e+00,5.492782592773437500e+00,7.769457340240478516e+00,8.288252830505371094e+00,9.942109696567058563e-03,8.327981457114219666e-03,9.131950139999389648e-02,6.666278094053268433e-02,1.974039673805236816e+00,5.571758747100830078e+00,7.912659168243408203e+00,8.449183464050292969e+00,1.127004902809858322e-02,1.071297936141490936e-02,9.460277110338211060e-02,6.977093964815139771e-02,1.992224097251892090e+00,5.663658142089843750e+00,8.083657264709472656e+00,8.641923904418945312e+00
1.317195281982421875e+02,6.675022388530306092e-15,3.266981570050120354e-03,7.346139848232269287e-02,5.198468640446662903e-02,9.311618208885192871e-01,5.859865665435791016e+00,7.960897922515869141e+00,8.372876167297363281e+00,8.577060885727405548e-03,5.789490416646003723e-03,7.937389612197875977e-02,5.831990391016006470e-02,9.356840848922729492e-01,5.942188262939453125e+00,8.100871086120605469e+00,8.526209831237792969e+00,1.048506889492273331e-02,9.585590101778507233e-03,8.384197950363159180e-02,6.252406537532806396e-02,9.498231410980224609e-01,6.131102561950683594e+00,8.431146621704101562e+00,8.889310836791992188e+00
1.322203674316406250e+02,5.448851564854350141e-15,2.570913406088948250e-03,6.496103852987289429e-02,4.619786515831947327e-02,5.847832560539245605e-01,5.907745361328125000e+00,8.122402191162109375e+00,8.510416030883789062e+00,1.131707057356834412e-02,5.547175649553537369e-03,6.488145142793655396e-02,4.767981171607971191e-02,5.845686793327331543e-01,5.907282352447509766e+00,8.122153282165527344e+00,8.510086059570312500e+00,1.305896975100040436e-02,9.488080628216266632e-03,7.141217589378356934e-02,5.360358953475952148e-02,5.982241630554199219e-01,6.179120063781738281e+00,8.605569839477539062e+00,9.037342071533203125e+00
1.327212066650390625e+02,4.447922471962836855e-15,2.023149980232119560e-03,5.723606422543525696e-02,4.088471829891204834e-02,4.491597414016723633e-01,5.887809276580810547e+00,8.241918563842773438e+00,8.652579307556152344e+00,9.279909543693065643e-03,1.164633687585592270e-02,5.449039861559867859e-02,5.363184213638305664e-02,4.457094967365264893e-01,5.863381862640380859e+00,8.197022438049316406e+00,8.603914260864257812e+00,1.172993984073400497e-02,1.526591368019580841e-02,6.127506121993064880e-02,5.959550291299819946e-02,4.569367170333862305e-01,6.132199764251708984e+00,8.688827514648437500e+00,9.141988754272460938e+00
1.332220306396484375e+02,3.630881267304916782e-15,1.592105603776872158e-03,5.026645585894584656e-02,3.604891151189804077e-02,3.804680407047271729e-01,5.862697124481201172e+00,8.335616111755371094e+00,8.780008316040039062e+00,1.190466806292533875e-02,5.030749365687370300e-03,4.933974891901016235e-02,3.697780892252922058e-02,3.797772228717803955e-01,5.835163116455078125e+00,8.286963462829589844e+00,8.726453781127929688e+00,1.142326835542917252e-02,1.629666052758693695e-02,5.203603580594062805e-02,5.528008565306663513e-02,3.861254155635833740e-01,6.078974246978759766e+00,8.740926742553710938e+00,9.226757049560546875e+00
1.337228698730468750e+02,2.963904231230831202e-15,1.252888352610170841e-03,4.401695355772972107e-02,3.167980909347534180e-02,3.347885608673095703e-01,5.844819068908691406e+00,8.413590431213378906e+00,8.889603614807128906e+00,1.181635446846485138e-02,4.428156651556491852e-03,4.324322938919067383e-02,3.267290815711021423e-02,3.343129158020019531e-01,5.818100929260253906e+00,8.365633010864257812e+00,8.836489677429199219e+00,1.427480392158031464e-02,1.019169762730598450e-02,4.932523518800735474e-02,3.836695849895477295e-02,3.424794673919677734e-01,6.034467220306396484e+00,8.781747817993164062e+00,9.296966552734375000e+00
1.342237091064453125e+02,2.419447758120001589e-15,9.859453421086072922e-04,3.844352066516876221e-02,2.775760926306247711e-02,2.985378503799438477e-01,5.834274768829345703e+00,8.480805397033691406e+00,8.983407020568847656e+00,1.171099767088890076e-02,5.467799492180347443e-03,3.838067129254341125e-02,2.921810746192932129e-02,2.986526191234588623e-01,5.808490753173828125e+00,8.435242652893066406e+00,8.932588577270507812e+00,1.351854950189590454e-02,9.055317379534244537e-03,4.366286471486091614e-02,3.424985706806182861e-02,3.055138587951660156e-01,6.000824928283691406e+00,8.810914039611816406e+00,9.350081443786621094e+00
1.347245483398437500e+02,1.975005335530933930e-15,7.758776191622018814e-04,3.349646925926208496e-02,2.425604127347469330e-02,2.673566639423370361e-01,5.828935623168945312e+00,8.539798736572265625e+00,9.064273834228515625e+00,1.138085126876831055e-02,7.710376288741827011e-03,3.460158035159111023e-02,2.650977671146392822e-02,2.684597373008728027e-01,5.803352355957031250e+00,8.496552467346191406e+00,9.015645027160644531e+00,1.303264591842889786e-02,1.076983287930488586e-02,3.935737535357475281e-02,3.126352652907371521e-02,2.743577659130096436e-01,5.973650455474853516e+00,8.833732604980468750e+00,9.391655921936035156e+00
1.352253723144531250e+02,1.612214983233049501e-15,6.105719367042183876e-04,2.912375144660472870e-02,2.114518731832504272e-02,2.397096455097198486e-01,5.826866149902343750e+00,8.592044830322265625e+00,9.134649276733398438e+00,1.177053712308406830e-02,9.732663631439208984e-03,3.200131654739379883e-02,2.412390708923339844e-02,2.417793273925781250e-01,5.801213264465332031e+00,8.550598144531250000e+00,9.087674140930175781e+00,1.290336623787879944e-02,1.276651211082935333e-02,3.695963323116302490e-02,2.924475260078907013e-02,2.467052042484283447e-01,5.951990604400634766e+00,8.852245330810546875e+00,9.425005912780761719e+00
1.357262115478515625e+02,1.316058595313292744e-15,4.804825293831527233e-04,2.527268417179584503e-02,1.839303784072399139e-02,2.149369418621063232e-01,5.826707363128662109e+00,8.638537406921386719e+00,9.196412086486816406e+00,1.339624822139739990e-02,1.168123632669448853e-02,3.207543864846229553e-02,2.027916349470615387e-02,2.183715254068374634e-01,5.800003528594970703e+00,8.598283767700195312e+00,9.150058746337890625e+00,1.430907286703586578e-02,1.404885575175285339e-02,3.901940211653709412e-02,2.505698613822460175e-02,2.230445891618728638e-01,5.932724952697753906e+00,8.867825508117675781e+00,9.451792716979980469e+00
1.362270507812500000e+02,1.074304698375956341e-15,3.781101549975574017e-04,2.189223095774650574e-02,1.596746966242790222e-02,1.926666349172592163e-01,5.827588081359863281e+00,8.680018424987792969e+00,9.250966072082519531e+00,1.518470887094736099e-02,1.293745078146457672e-02,3.096185438334941864e-02,1.728228665888309479e-02,1.982869952917098999e-01,5.799256801605224609e+00,8.641286849975585938e+00,9.205542564392089844e+00,1.526348665356636047e-02,1.480126194655895233e-02,3.785314410924911499e-02,2.296752296388149261e-02,2.030639648437500000e-01,5.916400909423828125e+00,8.881879806518554688e+00,9.475590705871582031e+00
1.367278747558593750e+02,8.769651857861359909e-16,2.975515380967408419e-04,1.893364265561103821e-02,1.383694261312484741e-02,1.726299375295639038e-01,5.828976631164550781e+00,8.717079162597656250e+00,9.299368858337402344e+00,1.659119129180908203e-02,1.339559815824031830e-02,2.911351621150970459e-02,1.534172799438238144e-02,1.811187267303466797e-01,5.798726558685302734e+00,8.680052757263183594e+00,9.255137443542480469e+00,1.682320982217788696e-02,1.595797389745712280e-02,3.839227557182312012e-02,2.043499797582626343e-02,1.857877373695373535e-01,5.901474475860595703e+00,8.893764495849609375e+00,9.495184898376464844e+00
1.372287139892578125e+02,7.158705306466823723e-16,2.341546642128378153e-04,1.635089702904224396e-02,1.197104807943105698e-02,1.546024978160858154e-01,5.830558300018310547e+00,8.750217437744140625e+00,9.342453002929687500e+00,1.772130653262138367e-02,1.382342912256717682e-02,2.662896364927291870e-02,1.442274264991283417e-02,1.662990450859069824e-01,5.798330783843994141e+00,8.714586257934570312e+00,9.299310684204101562e+00,1.819561980664730072e-02,1.710582338273525238e-02,3.828444704413414001e-02,1.882893405854701996e-02,1.712231338024139404e-01,5.888111114501953125e+00,8.903944015502929688e+00,9.512128829956054688e+00
1.377295532226562500e+02,5.843681891294194141e-16,1.842651981860399246e-04,1.410163659602403641e-02,1.034134440124034882e-02,1.383892297744750977e-01,5.832155704498291016e+00,8.779858589172363281e+00,9.380877494812011719e+00,1.857346296310424805e-02,1.406970899552106857e-02,2.439686842262744904e-02,1.390839647501707077e-02,1.535853594541549683e-01,5.797822475433349609e+00,8.745414733886718750e+00,9.338616371154785156e+00,1.965680904686450958e-02,1.823638938367366791e-02,3.842555359005928040e-02,1.752162538468837738e-02,1.588262468576431274e-01,5.875894069671630859e+00,8.912688255310058594e+00,9.526570320129394531e+00
1.382303771972656250e+02,4.770251860315396272e-16,1.450063282391056418e-04,1.214702147990465164e-02,8.921399712562561035e-03,1.238150894641876221e-01,5.833670616149902344e+00,8.806370735168457031e+00,9.415188789367675781e+00,1.915145851671695709e-02,1.408591866493225098e-02,2.259956672787666321e-02,1.354122627526521683e-02,1.428297758102416992e-01,5.797078609466552734e+00,8.772990226745605469e+00,9.373630523681640625e+00,2.108550257980823517e-02,1.934351213276386261e-02,3.859874978661537170e-02,1.654514670372009277e-02,1.483568102121353149e-01,5.864756107330322266e+00,8.920159339904785156e+00,9.538974761962890625e+00
1.387312164306640625e+02,3.893976159348325281e-16,1.141109605669043958e-04,1.045161485671997070e-02,7.686828728765249252e-03,1.107206419110298157e-01,5.835057258605957031e+00,8.830084800720214844e+00,9.445851325988769531e+00,1.945488154888153076e-02,1.386978477239608765e-02,2.123197726905345917e-02,1.325619686394929886e-02,1.338435858488082886e-01,5.796077728271484375e+00,8.797684669494628906e+00,9.404840469360351562e+00,2.247648313641548157e-02,2.036361955106258392e-02,3.883276134729385376e-02,1.581394299864768982e-02,1.395045965909957886e-01,5.854597568511962891e+00,8.926567077636718750e+00,9.549663543701171875e+00
1.392320556640625000e+02,3.178668482095093391e-16,8.979820995591580868e-05,8.983652107417583466e-03,6.615571677684783936e-03,9.896267950534820557e-02,5.836297512054443359e+00,8.851289749145507812e+00,9.473259925842285156e+00,1.951470412313938141e-02,1.350269094109535217e-02,2.020391076803207397e-02,1.308294758200645447e-02,1.263682544231414795e-01,5.794865131378173828e+00,8.819788932800292969e+00,9.432640075683593750e+00,2.417193539440631866e-02,2.107285335659980774e-02,3.978777676820755005e-02,1.494430191814899445e-02,1.320803165435791016e-01,5.845031738281250000e+00,8.932084083557128906e+00,9.558648109436035156e+00
1.397328948974609375e+02,2.594759702460441029e-16,7.066557736834511161e-05,7.714632898569107056e-03,5.687677767127752304e-03,8.841087669134140015e-02,5.837388992309570312e+00,8.870244979858398438e+00,9.497761726379394531e+00,1.938467472791671753e-02,1.307465322315692902e-02,1.943631842732429504e-02,1.304803509265184402e-02,1.201502531766891479e-01,5.793483257293701172e+00,8.839557647705078125e+00,9.457365036010742188e+00,2.552613615989685059e-02,2.230907604098320007e-02,4.025109484791755676e-02,1.435080636292695999e-02,1.257648915052413940e-01,5.836586952209472656e+00,8.936573982238769531e+00,9.566458702087402344e+00
1.402337188720703125e+02,2.118125395664279659e-16,5.560979479923844337e-05,6.619205232709646225e-03,4.885281436145305634e-03,7.894728332757949829e-02,5.838338851928710938e+00,8.887182235717773438e+00,9.519662857055664062e+00,1.912165433168411255e-02,1.265215594321489334e-02,1.886021904647350311e-02,1.316751353442668915e-02,1.149717420339584351e-01,5.791958332061767578e+00,8.857235908508300781e+00,9.479311943054199219e+00,2.678097225725650787e-02,2.308902516961097717e-02,4.074074700474739075e-02,1.404943875968456268e-02,1.204052567481994629e-01,5.828917503356933594e+00,8.940541267395019531e+00,9.573296546936035156e+00
1.407345581054687500e+02,1.729033664502524340e-16,4.376142169348895550e-05,5.674805957823991776e-03,4.192386753857135773e-03,7.046405971050262451e-02,5.839159011840820312e+00,8.902311325073242188e+00,9.539236068725585938e+00,1.877181604504585266e-02,1.227091625332832336e-02,1.842286251485347748e-02,1.345622818917036057e-02,1.106553971767425537e-01,5.790293216705322266e+00,8.873065948486328125e+00,9.498756408691406250e+00,2.794968709349632263e-02,2.383333072066307068e-02,4.116827994585037231e-02,1.382300630211830139e-02,1.158086359500885010e-01,5.821983337402343750e+00,8.943993568420410156e+00,9.579261779785156250e+00
1.412353973388671875e+02,1.411416955710251037e-16,3.443750028964132071e-05,4.861615598201751709e-03,3.594870911911129951e-03,6.286426633596420288e-02,5.839862346649169922e+00,8.915820121765136719e+00,9.556721687316894531e+00,1.836299151182174683e-02,1.194880157709121704e-02,1.805505342781543732e-02,1.394125632941722870e-02,1.070417165756225586e-01,5.788504123687744141e+00,8.887279510498046875e+00,9.515948295593261719e+00,2.904355339705944061e-02,2.445860765874385834e-02,4.161013662815093994e-02,1.367016322910785675e-02,1.118757426738739014e-01,5.815716266632080078e+00,8.946987152099609375e+00,9.584460258483886719e+00
1.417362213134765625e+02,1.152154464236694619e-16,2.710043190745636821e-05,4.162194672971963882e-03,3.080251393839716911e-03,5.605999380350112915e-02,5.900233268737792969e+00,9.411005973815917969e+00,1.066887950897216797e+01,1.808472350239753723e-02,1.198935508728027344e-02,1.776785962283611298e-02,1.582349091768264771e-02,1.052390038967132568e-01,5.845934867858886719e+00,9.384493827819824219e+00,1.062386703491210938e+01,3.018423914909362793e-02,2.546483092010021210e-02,4.197964072227478027e-02,1.423565391451120377e-02,1.097243130207061768e-01,5.867282867431640625e+00,9.432126998901367188e+00,1.068626308441162109e+01
1.422370605468750000e+02,9.405086578119777421e-17,2.132635745510924608e-05,3.561184043064713478e-03,2.637489931657910347e-03,4.997092485427856445e-02,6.009789943695068359e+00,9.547282218933105469e+00,1.044825458526611328e+01,1.769779622554779053e-02,1.180897280573844910e-02,1.743268221616744995e-02,1.624681241810321808e-02,1.033235713839530945e-01,5.951312541961669922e+00,9.521176338195800781e+00,1.040444850921630859e+01,3.123292513191699982e-02,2.579918690025806427e-02,4.250724613666534424e-02,1.432442385703325272e-02,1.075598895549774170e-01,5.970466136932373047e+00,9.560679435729980469e+00,1.045469188690185547e+01
1.427378997802734375e+02,7.677412004450902207e-17,1.678251646808348596e-05,3.045230871066451073e-03,2.256955718621611595e-03,4.452503845095634460e-02,6.092226982116699219e+00,9.570291519165039062e+00,1.036527252197265625e+01,1.707639917731285095e-02,1.175413653254508972e-02,1.663234643638134003e-02,1.779350265860557556e-02,1.011476889252662659e-01,6.030119895935058594e+00,9.545456886291503906e+00,1.032153701782226562e+01,3.216835856437683105e-02,2.634179592132568359e-02,4.300969094038009644e-02,1.429106760770082474e-02,1.054641380906105042e-01,6.047231674194335938e+00,9.576272010803222656e+00,1.036248302459716797e+01
1.432387237548828125e+02,6.267141851941894688e-17,1.320689079875592142e-05,2.602682448923587799e-03,1.930218772031366825e-03,3.965712338685989380e-02,6.145829200744628906e+00,9.574339866638183594e+00,1.032763385772705078e+01,1.634646207094192505e-02,1.203504949808120728e-02,1.515514217317104340e-02,2.028908208012580872e-02,9.827731549739837646e-02,6.081416130065917969e+00,9.550304412841796875e+00,1.028381061553955078e+01,3.305443748831748962e-02,2.657762169837951660e-02,4.362063109874725342e-02,1.433211378753185272e-02,1.035628318786621094e-01,6.095797538757324219e+00,9.573604583740234375e+00,1.031671333312988281e+01
1.437395629882812500e+02,5.115896359936722339e-17,1.039301059790886939e-05,2.223365940153598785e-03,1.649897312745451927e-03,3.530781716108322144e-02,6.179323673248291016e+00,9.576656341552734375e+00,1.030964660644531250e+01,1.566416397690773010e-02,1.273800805211067200e-02,1.318252552300691605e-02,2.346752397716045380e-02,9.467250108718872070e-02,6.114178657531738281e+00,9.552180290222167969e+00,1.026592159271240234e+01,3.384557738900184631e-02,2.697499655187129974e-02,4.414485394954681396e-02,1.432826276868581772e-02,1.018285527825355530e-01,6.124856948852539062e+00,9.569842338562011719e+00,1.029144096374511719e+01
1.442404022216796875e+02,4.176129848570327174e-17,8.178659300028812140e-06,1.898487564176321030e-03,1.409594318829476833e-03,3.142393752932548523e-02,6.200009346008300781e+00,9.579686164855957031e+00,1.030179500579833984e+01,1.514423824846744537e-02,1.358664222061634064e-02,1.140759605914354324e-02,2.652497589588165283e-02,9.096033126115798950e-02,6.134862422943115234e+00,9.554154396057128906e+00,1.025817775726318359e+01,3.458686172962188721e-02,2.717970497906208038e-02,4.469039663672447205e-02,1.436098758131265640e-02,1.003037691116333008e-01,6.141625881195068359e+00,9.567434310913085938e+00,1.027708148956298828e+01
1.447412414550781250e+02,3.408993614938033735e-17,6.436100647988496348e-06,1.620415714569389820e-03,1.203745836392045021e-03,2.795736491680145264e-02,6.212749004364013672e+00,9.583327293395996094e+00,1.029953098297119141e+01,1.478772796690464020e-02,1.432773750275373459e-02,1.020474359393119812e-02,2.898428216576576233e-02,8.764479309320449829e-02,6.147582054138183594e+00,9.556838035583496094e+00,1.025586128234863281e+01,3.524193540215492249e-02,2.753007970750331879e-02,4.514858499169349670e-02,1.435170508921146393e-02,9.893324226140975952e-02,6.150915622711181641e+00,9.566171646118164062e+00,1.026896953582763672e+01
1.452420654296875000e+02,2.782793737561505237e-17,5.064850029157241806e-06,1.382556161843240261e-03,1.027533784508705139e-03,2.486479468643665314e-02,6.220596313476562500e+00,9.587214469909667969e+00,1.030035209655761719e+01,1.454128883779048920e-02,1.492117717862129211e-02,9.472134523093700409e-03,3.090422600507736206e-02,8.478691428899765015e-02,6.155267715454101562e+00,9.559998512268066406e+00,1.025650310516357422e+01,3.585911169648170471e-02,2.768296375870704651e-02,4.562864080071449280e-02,1.438021752983331680e-02,9.774244576692581177e-02,6.155708789825439453e+00,9.565690040588378906e+00,1.026457023620605469e+01
1.457429046630859375e+02,2.271606706915574813e-17,3.985723196819890290e-06,1.179193845018744469e-03,8.767743711359798908e-04,2.210696227848529816e-02,6.225439071655273438e+00,9.591083526611328125e+00,1.030280780792236328e+01,1.436620950698852539e-02,1.540314313024282455e-02,9.047200903296470642e-03,3.247427195310592651e-02,8.229260891675949097e-02,6.159850120544433594e+00,9.563315391540527344e+00,1.025869464874267578e+01,3.639836981892585754e-02,2.800735644996166229e-02,4.602412506937980652e-02,1.436332054436206818e-02,9.667102247476577759e-02,6.157851219177246094e+00,9.565623283386230469e+00,1.026232337951660156e+01
1.462437438964843750e+02,1.854322212023399154e-17,3.136517079838085920e-06,1.005419762805104256e-03,7.478679763153195381e-04,1.964878849685192108e-02,6.228435039520263672e+00,9.594778060913085938e+00,1.030604362487792969e+01,1.423410605639219284e-02,1.580234244465827942e-02,8.802520111203193665e-03,3.379829227924346924e-02,8.009128272533416748e-02,6.162558078765869141e+00,9.566567420959472656e+00,1.026164340972900391e+01,3.691792860627174377e-02,2.808604761958122253e-02,4.645980149507522583e-02,1.439588516950607300e-02,9.575369209051132202e-02,6.158444881439208984e+00,9.565829277038574219e+00,1.026137638092041016e+01
1.467445678710937500e+02,1.513700319994270568e-17,2.468261982357944362e-06,8.570024510845541954e-04,6.377071258611977100e-04,1.745869778096675873e-02,6.230295181274414062e+00,9.598217010498046875e+00,1.030956459045410156e+01,1.413002237677574158e-02,1.613980717957019806e-02,8.667018264532089233e-03,3.494581580162048340e-02,7.812969386577606201e-02,6.164133071899414062e+00,9.569643020629882812e+00,1.026487350463867188e+01,3.734700009226799011e-02,2.845516055822372437e-02,4.677717760205268860e-02,1.436148956418037415e-02,9.491242468357086182e-02,6.158187866210937500e+00,9.566101074218750000e+00,1.026112174987792969e+01
1.472454071044921875e+02,1.235639752053752571e-17,1.942368498930591159e-06,7.302890880964696407e-04,5.436050705611705780e-04,1.550812553614377975e-02,6.231455802917480469e+00,9.601369857788085938e+00,1.031308841705322266e+01,1.404992304742336273e-02,1.643178425729274750e-02,8.614532649517059326e-03,3.597525134682655334e-02,7.635818421840667725e-02,6.165017604827880859e+00,9.572478294372558594e+00,1.026810550689697266e+01,3.779873251914978027e-02,2.836085669696331024e-02,4.719881713390350342e-02,1.442297175526618958e-02,9.422027319669723511e-02,6.157440662384033203e+00,9.566502571105957031e+00,1.026132011413574219e+01
1.477462463378906250e+02,1.008657586938384033e-17,1.528522602711746003e-06,6.221525254659354687e-04,4.632588243111968040e-04,1.377161033451557159e-02,6.232184410095214844e+00,9.604228973388671875e+00,1.031646156311035156e+01,1.398298330605030060e-02,1.668407581746578217e-02,8.603431284427642822e-03,3.689331561326980591e-02,7.476369291543960571e-02,6.165500164031982422e+00,9.575063705444335938e+00,1.027120590209960938e+01,3.811697661876678467e-02,2.891062758862972260e-02,4.740852862596511841e-02,1.434323377907276154e-02,9.354090690612792969e-02,6.156504631042480469e+00,9.566793441772460938e+00,1.026164627075195312e+01
1.482470855712890625e+02,8.233710322419147059e-18,1.202851649395597633e-06,5.299031618051230907e-04,3.946854849345982075e-04,1.222624164074659348e-02,6.232644557952880859e+00,9.606804847717285156e+00,1.031960582733154297e+01,1.392688229680061340e-02,1.690395548939704895e-02,8.621724322438240051e-03,3.772224858403205872e-02,7.332319766283035278e-02,6.165741443634033203e+00,9.577395439147949219e+00,1.027409839630126953e+01,3.854260593652725220e-02,2.844429761171340942e-02,4.786982759833335876e-02,1.447892654687166214e-02,9.304894506931304932e-02,6.155442237854003906e+00,9.567252159118652344e+00,1.026218605041503906e+01
1.487479095458984375e+02,6.721250690625644777e-18,9.465758239457500167e-07,4.512358282227069139e-04,3.361835260875523090e-04,1.085151173174381256e-02,6.232938766479492188e+00,9.609113693237304688e+00,1.032248973846435547e+01,1.387681812047958374e-02,1.709499210119247437e-02,8.651217445731163025e-03,3.846643120050430298e-02,7.202699780464172363e-02,6.165845870971679688e+00,9.579484939575195312e+00,1.027675914764404297e+01,3.870741277933120728e-02,2.951832301914691925e-02,4.787070676684379578e-02,1.428737211972475052e-02,9.244975447654724121e-02,6.154451370239257812e+00,9.567404747009277344e+00,1.026257610321044922e+01
1.492487487792968750e+02,5.486581883174906950e-18,7.448957148881163448e-07,3.841677680611610413e-04,2.862880064640194178e-04,9.628928266465663910e-03,6.233128070831298828e+00,9.611177444458007812e+00,1.032510471343994141e+01,1.383655518293380737e-02,1.726380363106727600e-02,8.703617379069328308e-03,3.915403783321380615e-02,7.084497064352035522e-02,6.165866851806640625e+00,9.581347465515136719e+00,1.027916431427001953e+01,3.922086581587791443e-02,2.799707278609275818e-02,4.852142930030822754e-02,1.465779170393943787e-02,9.218786656856536865e-02,6.153388977050781250e+00,9.568016052246093750e+00,1.026327514648437500e+01
1.497495880126953125e+02,4.478721863783146546e-18,5.861870135959179606e-07,3.270073793828487396e-04,2.437479270156472921e-04,8.542051538825035095e-03,6.233251571655273438e+00,9.613016128540039062e+00,1.032746124267578125e+01,1.379896514117717743e-02,1.741052418947219849e-02,8.753960952162742615e-03,3.977183997631072998e-02,6.978373229503631592e-02,6.165847778320312500e+00,9.583008766174316406e+00,1.028133487701416016e+01,3.908751532435417175e-02,3.059188090264797211e-02,4.801353067159652710e-02,1.416348386555910110e-02,9.151688963174819946e-02,6.152575016021728516e+00,9.567858695983886719e+00,1.026345920562744141e+01
1.502504119873046875e+02,3.656023742969543729e-18,4.612964517036743928e-07,2.783052332233637571e-04,2.074905933113768697e-04,7.576150819659233093e-03,6.233333587646484375e+00,9.614653587341308594e+00,1.032957458496093750e+01,1.376306451857089996e-02,1.753770187497138977e-02,8.798201568424701691e-03,4.032469168305397034e-02,6.883378326892852783e-02,6.165812015533447266e+00,9.584485054016113281e+00,1.028328800201416016e+01,4.004381597042083740e-02,2.568778023123741150e-02,4.885726794600486755e-02,1.557429600507020950e-02,9.159510582685470581e-02,6.151632308959960938e+00,9.569203376770019531e+00,1.026467132568359375e+01
1.507512512207031250e+02,2.984428772602533859e-18,3.630118499131640419e-07,2.368174173170700669e-04,1.765945780789479613e-04,6.717969663441181183e-03,6.233388423919677734e+00,9.616108894348144531e+00,1.033146095275878906e+01,1.373404823243618011e-02,1.765050739049911499e-02,8.855242282152175903e-03,4.083877801895141602e-02,6.796627491712570190e-02,6.165760040283203125e+00,9.585793495178222656e+00,1.028502559661865234e+01,3.905842825770378113e-02,3.217328339815139771e-02,4.721434041857719421e-02,1.427827030420303345e-02,9.053095430135726929e-02,6.151063442230224609e+00,9.568512916564941406e+00,1.026443386077880859e+01
1.512520904541015625e+02,2.436202620718979610e-18,2.856679088836244773e-07,2.014845085795968771e-04,1.502746163168922067e-04,5.955743603408336639e-03,6.233426094055175781e+00,9.617401123046875000e+00,1.033314418792724609e+01,1.370566338300704956e-02,1.774809136986732483e-02,8.902551606297492981e-03,4.129715263843536377e-02,6.719278544187545776e-02,6.165710926055908203e+00,9.586953163146972656e+00,1.028658008575439453e+01,3.123577497899532318e-02,3.446843847632408142e-02,1.710546948015689850e-02,4.266138747334480286e-02,8.108934015035629272e-02,6.158195018768310547e+00,9.570861816406250000e+00,1.027164936065673828e+01
1.517529144287109375e+02,1.988695014195647702e-18,2.248045802843989804e-07,1.714006211841478944e-04,1.278587878914549947e-04,5.278951954096555710e-03,6.233451843261718750e+00,9.618548393249511719e+00,1.033464145660400391e+01,1.367772556841373444e-02,1.783236488699913025e-02,8.939094841480255127e-03,4.170356690883636475e-02,6.650620698928833008e-02,6.165664672851562500e+00,9.587983131408691406e+00,1.028797149658203125e+01,2.769103087484836578e-02,2.787073329091072083e-02,2.297244966030120850e-02,5.727258697152137756e-02,6.696797162294387817e-02,6.160909175872802734e+00,9.570652961730957031e+00,1.027292823791503906e+01
1.522537536621093750e+02,1.623380105841070820e-18,1.769072497381785070e-07,1.457893959013745189e-04,1.087709460989572108e-04,4.678145051002502441e-03,6.233469963073730469e+00,9.619566917419433594e+00,1.033597183227539062e+01,1.365562435239553452e-02,1.790738478302955627e-02,8.986600674688816071e-03,4.208378866314888000e-02,6.587707996368408203e-02,6.165619850158691406e+00,9.588894844055175781e+00,1.028919601440429688e+01,2.877782098948955536e-02,2.832813560962677002e-02,2.503451891243457794e-02,5.955851823091506958e-02,6.385237723588943481e-02,6.160474777221679688e+00,9.569423675537109375e+00,1.027181529998779297e+01
1.527545928955078125e+02,1.325171879041083415e-18,1.392150039691841812e-07,1.239905250258743763e-04,9.252074960386380553e-05,4.144946578890085220e-03,6.233482837677001953e+00,9.620469093322753906e+00,1.033715343475341797e+01,1.363362185657024384e-02,1.797205023467540741e-02,9.022989310324192047e-03,4.241922497749328613e-02,6.532078236341476440e-02,6.165579319000244141e+00,9.589699745178222656e+00,1.029029369354248047e+01,2.931806445121765137e-02,2.875815518200397491e-02,2.589971944689750671e-02,6.067050620913505554e-02,6.328562647104263306e-02,6.159646511077880859e+00,9.568614006042480469e+00,1.027107429504394531e+01
1.532554321289062500e+02,1.081743274717113990e-18,1.095535395734259509e-07,1.054396270774304867e-04,7.868889224482700229e-05,3.671865211799740791e-03,6.233491897583007812e+00,9.621270179748535156e+00,1.033820247650146484e+01,1.361349411308765411e-02,1.802848093211650848e-02,9.055712260305881500e-03,4.272069782018661499e-02,6.482377648353576660e-02,6.165543556213378906e+00,9.590413093566894531e+00,1.029126739501953125e+01,2.958346158266067505e-02,2.897240780293941498e-02,2.628736197948455811e-02,6.126752495765686035e-02,6.294044852256774902e-02,6.159058094024658203e+00,9.568299293518066406e+00,1.027085781097412109e+01
1.537562561035156250e+02,8.830367071987068525e-19,8.621242386652738787e-08,8.965565211838111281e-05,6.691783346468582749e-05,3.252234775573015213e-03,6.233498573303222656e+00,9.621978759765625000e+00,1.033913230895996094e+01,1.359332446008920670e-02,1.807693019509315491e-02,9.077532216906547546e-03,4.298330470919609070e-02,6.438797712326049805e-02,6.165515422821044922e+00,9.591049194335937500e+00,1.029213714599609375e+01,2.972742356359958649e-02,2.909000776708126068e-02,2.647237107157707214e-02,6.161189451813697815e-02,6.265047937631607056e-02,6.158619880676269531e+00,9.568216323852539062e+00,1.027087783813476562e+01
1.542570953369140625e+02,7.208263305831167027e-19,6.784377859503365471e-08,7.622700650244951248e-05,5.690148827852681279e-05,2.880077809095382690e-03,6.233502864837646484e+00,9.622607231140136719e+00,1.033995723724365234e+01,1.357838325202465057e-02,1.812061481177806854e-02,9.111192077398300171e-03,4.323327913880348206e-02,6.398466974496841431e-02,6.165488243103027344e+00,9.591605186462402344e+00,1.029289722442626953e+01,2.982013113796710968e-02,2.916547842323780060e-02,2.657798863947391510e-02,6.184407323598861694e-02,6.238741800189018250e-02,6.158267021179199219e+00,9.568222999572753906e+00,1.027098274230957031e+01
1.547579345703125000e+02,5.884132226795828459e-19,5.338880626482023217e-08,6.480411684606224298e-05,4.837981032324023545e-05,2.550106029957532883e-03,6.233505725860595703e+00,9.623164176940917969e+00,1.034068870544433594e+01,1.356315799057483673e-02,1.815804094076156616e-02,9.134404361248016357e-03,4.344984143972396851e-02,6.363198161125183105e-02,6.165462017059326172e+00,9.592099189758300781e+00,1.029358196258544922e+01,2.988609299063682556e-02,2.922028116881847382e-02,2.664405852556228638e-02,6.201725453138351440e-02,6.215846911072731018e-02,6.157967090606689453e+00,9.568261146545410156e+00,1.027111434936523438e+01
1.552587585449218750e+02,4.803268762057741183e-19,4.201394077085751633e-08,5.508885078597813845e-05,4.113094473723322153e-05,2.257607411593198776e-03,6.233507633209228516e+00,9.623657226562500000e+00,1.034133625030517578e+01,1.354770548641681671e-02,1.819010637700557709e-02,9.147542528808116913e-03,4.363556951284408569e-02,6.332622468471527100e-02,6.165443420410156250e+00,9.592540740966796875e+00,1.029419040679931641e+01,2.993604540824890137e-02,2.926285192370414734e-02,2.668817900121212006e-02,6.215423345565795898e-02,6.196041032671928406e-02,6.157708644866943359e+00,9.568312644958496094e+00,1.027124595642089844e+01
1.557595977783203125e+02,3.920932004753619046e-19,3.306240259348669497e-08,4.682642975240014493e-05,3.496521458146162331e-05,1.998363528400659561e-03,6.233509063720703125e+00,9.624094009399414062e+00,1.034191036224365234e+01,1.353704556822776794e-02,1.821942441165447235e-02,9.173425845801830292e-03,4.381640627980232239e-02,6.303917616605758667e-02,6.165424823760986328e+00,9.592925071716308594e+00,1.029471969604492188e+01,2.998027205467224121e-02,2.929938212037086487e-02,2.672843076288700104e-02,6.227450072765350342e-02,6.177617236971855164e-02,6.157481193542480469e+00,9.568358421325683594e+00,1.027137088775634766e+01
1.562604370117187500e+02,3.200676635588317070e-19,2.601809256930209813e-08,3.980051042162813246e-05,2.972152105940040201e-05,1.768643618561327457e-03,6.233509540557861328e+00,9.624480247497558594e+00,1.034241867065429688e+01,1.352587714791297913e-02,1.824442856013774872e-02,9.189682081341743469e-03,4.397050663828849792e-02,6.279085576534271240e-02,6.165408134460449219e+00,9.593269348144531250e+00,1.029519557952880859e+01,3.001788817346096039e-02,2.933107316493988037e-02,2.676130644977092743e-02,6.237843632698059082e-02,6.161658838391304016e-02,6.157279491424560547e+00,9.568404197692871094e+00,1.027147960662841797e+01
1.567612762451171875e+02,2.612728029919047603e-19,2.047464597865200631e-08,3.382662180229090154e-05,2.526245225453749299e-05,1.565122744068503380e-03,6.233510017395019531e+00,9.624822616577148438e+00,1.034286880493164062e+01,1.351592037826776505e-02,1.826640404760837555e-02,9.204130619764328003e-03,4.410800337791442871e-02,6.257049739360809326e-02,6.165394783020019531e+00,9.593570709228515625e+00,1.029561710357666016e+01,3.005054220557212830e-02,2.935864962637424469e-02,2.678952738642692566e-02,6.246953085064888000e-02,6.147528439760208130e-02,6.157104015350341797e+00,9.568442344665527344e+00,1.027157878875732422e+01
1.572621002197265625e+02,2.132795899811220275e-19,1.611240740828634443e-08,2.874783967854455113e-05,2.147108716599177569e-05,1.384849660098552704e-03,6.233510017395019531e+00,9.625124931335449219e+00,1.034326744079589844e+01,1.350533217191696167e-02,1.828500069677829742e-02,9.209387004375457764e-03,4.422226548194885254e-02,6.238283589482307434e-02,6.165384769439697266e+00,9.593843460083007812e+00,1.029599285125732422e+01,3.007737174630165100e-02,2.938208170235157013e-02,2.681072615087032318e-02,6.254682689905166626e-02,6.135450303554534912e-02,6.156946659088134766e+00,9.568480491638183594e+00,1.027166843414306641e+01
1.577629394531250000e+02,1.741011366951311361e-19,1.267947524752344179e-08,2.443014091113582253e-05,1.824754144763574004e-05,1.225186162628233433e-03,6.233509540557861328e+00,9.625392913818359375e+00,1.034362030029296875e+01,1.349898241460323334e-02,1.830242387950420380e-02,9.228299371898174286e-03,4.433915764093399048e-02,6.220071017742156982e-02,6.165371894836425781e+00,9.594077110290527344e+00,1.029631900787353516e+01,3.010381013154983521e-02,2.940376475453376770e-02,2.683509513735771179e-02,6.261951476335525513e-02,6.123911589384078979e-02,6.156806468963623047e+00,9.568512916564941406e+00,1.027174568176269531e+01
1.582637786865234375e+02,1.421195683286578620e-19,9.977966008989369584e-09,2.075987686112057418e-05,1.550709930597804487e-05,1.083803479559719563e-03,6.233509063720703125e+00,9.625630378723144531e+00,1.034393215179443359e+01,1.349187921732664108e-02,1.831722445785999298e-02,9.238354861736297607e-03,4.443598538637161255e-02,6.204653531312942505e-02,6.165363311767578125e+00,9.594287872314453125e+00,1.029660987854003906e+01,3.012666292488574982e-02,2.942308038473129272e-02,2.685543522238731384e-02,6.268345564603805542e-02,6.114067137241363525e-02,6.156682968139648438e+00,9.568541526794433594e+00,1.027181434631347656e+01
1.587646026611328125e+02,1.160135801754223838e-19,7.852101191474503139e-09,1.764027547324076295e-05,1.317760870733764023e-05,9.586314554326236248e-04,6.233508586883544922e+00,9.625840187072753906e+00,1.034420776367187500e+01,1.348396576941013336e-02,1.832964085042476654e-02,9.239774197340011597e-03,4.451390355825424194e-02,6.191794946789741516e-02,6.165357589721679688e+00,9.594474792480468750e+00,1.029687404632568359e+01,3.014482557773590088e-02,2.943917736411094666e-02,2.686962671577930450e-02,6.273675709962844849e-02,6.105816364288330078e-02,6.156574726104736328e+00,9.568567276000976562e+00,1.027187824249267578e+01
1.592654418945312500e+02,9.470239614163881499e-20,6.179118106075520700e-09,1.498873643868137151e-05,1.119746593758463860e-05,8.478211238980293274e-04,6.233508110046386719e+00,9.626026153564453125e+00,1.034445285797119141e+01,1.347988285124301910e-02,1.834153383970260620e-02,9.255173616111278534e-03,4.459828138351440430e-02,6.178810447454452515e-02,6.165346622467041016e+00,9.594636917114257812e+00,1.029709911346435547e+01,3.016356937587261200e-02,2.945437841117382050e-02,2.688766829669475555e-02,6.278812885284423828e-02,6.097651645541191101e-02,6.156476020812988281e+00,9.568590164184570312e+00,1.027193260192871094e+01
1.597662811279296875e+02,7.730598006608169667e-20,4.862583224962691020e-09,1.273524139833170921e-05,9.514450539427343756e-06,7.497418555431067944e-04,6.233507156372070312e+00,9.626189231872558594e+00,1.034466934204101562e+01,1.347492635250091553e-02,1.835159212350845337e-02,9.262228384613990784e-03,4.466624557971954346e-02,6.168063730001449585e-02,6.165340423583984375e+00,9.594780921936035156e+00,1.029730415344238281e+01,3.017964027822017670e-02,2.946796454489231110e-02,2.690242603421211243e-02,6.283310800790786743e-02,6.090814620256423950e-02,6.156389713287353516e+00,9.568608283996582031e+00,1.027197933197021484e+01
1.602671051025390625e+02,6.310559600697341017e-20,3.826579053622936044e-09,1.082020116882631555e-05,8.084107321337796748e-06,6.629452691413462162e-04,6.233506679534912109e+00,9.626334190368652344e+00,1.034486007690429688e+01,1.346895843744277954e-02,1.835988834500312805e-02,9.260949678719043732e-03,4.471832141280174255e-02,6.159367039799690247e-02,6.165337085723876953e+00,9.594911575317382812e+00,1.029748630523681641e+01,3.019173443317413330e-02,2.947891689836978912e-02,2.691155113279819489e-02,6.286942213773727417e-02,6.085191294550895691e-02,6.156314849853515625e+00,9.568625450134277344e+00,1.027202606201171875e+01
1.607679443359375000e+02,5.151336088685883671e-20,3.011279670062094738e-09,9.192768629873171449e-06,6.868497621326241642e-06,5.861388053745031357e-04,6.233505725860595703e+00,9.626463890075683594e+00,1.034502983093261719e+01,1.346661150455474854e-02,1.836816966533660889e-02,9.274039417505264282e-03,4.477988928556442261e-02,6.150079891085624695e-02,6.165328979492187500e+00,9.595022201538085938e+00,1.029764175415039062e+01,3.020511195063591003e-02,2.948959544301033020e-02,2.692504599690437317e-02,6.290575861930847168e-02,6.079397350549697876e-02,6.156247138977050781e+00,9.568642616271972656e+00,1.027206039428710938e+01
1.612687835693359375e+02,4.205056977561705381e-20,2.369689333647784224e-09,7.809862836438696831e-06,5.835474894411163405e-06,5.181833985261619091e-04,6.233505249023437500e+00,9.626577377319335938e+00,1.034517955780029297e+01,1.346316188573837280e-02,1.837501116096973419e-02,9.278949350118637085e-03,4.482730105519294739e-02,6.142602115869522095e-02,6.165325641632080078e+00,9.595124244689941406e+00,1.029778003692626953e+01,3.021642565727233887e-02,2.949914336204528809e-02,2.693570405244827271e-02,6.293740868568420410e-02,6.074645370244979858e-02,6.156186580657958984e+00,9.568654060363769531e+00,1.027209281921386719e+01
1.617696228027343750e+02,3.432607287226131627e-20,1.864799648032544610e-09,6.634800229221582413e-06,4.957659712090389803e-06,4.580663226079195738e-04,6.233504295349121094e+00,9.626677513122558594e+00,1.034531116485595703e+01,1.346014533191919327e-02,1.838108152151107788e-02,9.283337742090225220e-03,4.486945644021034241e-02,6.135989725589752197e-02,6.165320873260498047e+00,9.595211982727050781e+00,1.029790687561035156e+01,3.022618032991886139e-02,2.950740605592727661e-02,2.694479934871196747e-02,6.296501308679580688e-02,6.070451810956001282e-02,6.156132698059082031e+00,9.568665504455566406e+00,1.027212333679199219e+01
1.622704467773437500e+02,2.802070770731686685e-20,1.467493238038741765e-09,5.636408786813262850e-06,4.211785380903165787e-06,4.048910341225564480e-04,6.233503818511962891e+00,9.626766204833984375e+00,1.034542846679687500e+01,1.345589384436607361e-02,1.838582381606101990e-02,9.279712103307247162e-03,4.489833489060401917e-02,6.130948290228843689e-02,6.165320396423339844e+00,9.595293998718261719e+00,1.029801940917968750e+01,3.023284487426280975e-02,2.951375581324100494e-02,2.694915235042572021e-02,6.298620998859405518e-02,6.067192554473876953e-02,6.156087398529052734e+00,9.568677902221679688e+00,1.027215003967285156e+01
1.627712860107421875e+02,2.287342932727646791e-20,1.154826678728682054e-09,4.788108071807073429e-06,3.578009454940911382e-06,3.578583709895610809e-04,6.233503341674804688e+00,9.626844406127929688e+00,1.034553146362304688e+01,1.345505937933921814e-02,1.839101687073707581e-02,9.290648624300956726e-03,4.493957757949829102e-02,6.124914065003395081e-02,6.165314674377441406e+00,9.595359802246093750e+00,1.029811286926269531e+01,3.024147637188434601e-02,2.952042222023010254e-02,2.695846557617187500e-02,6.300929933786392212e-02,6.063471734523773193e-02,6.156047344207763672e+00,9.568688392639160156e+00,1.027217102050781250e+01
1.632721252441406250e+02,1.867168139528240142e-20,9.087772201432642305e-10,4.067383542860625312e-06,3.039523335246485658e-06,3.162644279655069113e-04,6.233502388000488281e+00,9.626914024353027344e+00,1.034562397003173828e+01,1.345300115644931793e-02,1.839517429471015930e-02,9.293759241700172424e-03,4.496890679001808167e-02,6.120325252413749695e-02,6.165309906005859375e+00,9.595419883728027344e+00,1.029820060729980469e+01,3.024859353899955750e-02,2.952641621232032776e-02,2.696545608341693878e-02,6.302905082702636719e-02,6.060538813471794128e-02,6.156008243560791016e+00,9.568694114685058594e+00,1.027219486236572266e+01
1.637729492187500000e+02,1.524186907379790405e-20,7.151566006058374114e-10,3.455086925896466710e-06,2.582029310360667296e-06,2.794851607177406549e-04,6.233501911163330078e+00,9.626975059509277344e+00,1.034570407867431641e+01,1.344962604343891144e-02,1.839830353856086731e-02,9.288942441344261169e-03,4.498651251196861267e-02,6.117092072963714600e-02,6.165311813354492188e+00,9.595477104187011719e+00,1.029827880859375000e+01,3.025275282561779022e-02,2.953063696622848511e-02,2.696765959262847900e-02,6.304313987493515015e-02,6.058431416749954224e-02,6.155978202819824219e+00,9.568704605102539062e+00,1.027221298217773438e+01
1.642737884521484375e+02,1.244200244859298708e-20,5.627838750577041083e-10,2.934890289907343686e-06,2.193335376432514749e-06,2.469643950462341309e-04,6.233501434326171875e+00,9.627028465270996094e+00,1.034577560424804688e+01,1.344949938356876373e-02,1.840197294950485229e-02,9.298847988247871399e-03,4.501762241125106812e-02,6.112644821405410767e-02,6.165307521820068359e+00,9.595523834228515625e+00,1.029834270477294922e+01,3.025911748409271240e-02,2.953536435961723328e-02,2.697502076625823975e-02,6.305968016386032104e-02,6.055709719657897949e-02,6.155949592590332031e+00,9.568710327148437500e+00,1.027222728729248047e+01
1.647746276855468750e+02,1.015645798746278957e-20,4.428759026176010138e-10,2.492967496436904185e-06,1.863116267486475408e-06,2.182126918341964483e-04,6.233500957489013672e+00,9.627077102661132812e+00,1.034583950042724609e+01,1.344807632267475128e-02,1.840480044484138489e-02,9.301006793975830078e-03,4.503791034221649170e-02,6.109456717967987061e-02,6.165306091308593750e+00,9.595563888549804688e+00,1.029840183258056641e+01,3.026420064270496368e-02,2.953963913023471832e-02,2.698017098009586334e-02,6.307369470596313477e-02,6.053687632083892822e-02,6.155923366546630859e+00,9.568715095520019531e+00,1.027224159240722656e+01
1.652754516601562500e+02,8.290809469192688835e-21,3.485182975548895001e-10,2.117561052727978677e-06,1.582591039550607093e-06,1.927962584886699915e-04,6.233500480651855469e+00,9.627120018005371094e+00,1.034589481353759766e+01,1.344533450901508331e-02,1.840684004127979279e-02,9.295427240431308746e-03,4.504767060279846191e-02,6.107492372393608093e-02,6.165305614471435547e+00,9.595605850219726562e+00,1.029845905303955078e+01,3.026655316352844238e-02,2.954233437776565552e-02,2.698073349893093109e-02,6.308263540267944336e-02,6.052358448505401611e-02,6.155902385711669922e+00,9.568722724914550781e+00,1.027225399017333984e+01
1.657762908935546875e+02,6.767820115775896344e-21,2.742621130202849145e-10,1.798647645046003163e-06,1.344273300674103666e-06,1.703287416603416204e-04,6.233500003814697266e+00,9.627157211303710938e+00,1.034594440460205078e+01,1.344574056565761566e-02,1.840954646468162537e-02,9.304594248533248901e-03,4.507187381386756897e-02,6.104161590337753296e-02,6.165301799774169922e+00,9.595636367797851562e+00,1.029850101470947266e+01,3.027131408452987671e-02,2.954570017755031586e-02,2.698663063347339630e-02,6.309457868337631226e-02,6.050340831279754639e-02,6.155880928039550781e+00,9.568726539611816406e+00,1.027226543426513672e+01
1.662771301269531250e+02,5.524606429199909171e-21,6.270692944526672363e-01,1.059767790138721466e-03,6.800237315474078059e-05,1.505469845142215490e-04,6.233500003814697266e+00,9.627189636230468750e+00,1.034598731994628906e+01,4.649570956826210022e-02,7.513972520828247070e-01,5.967964231967926025e-02,9.510666131973266602e-02,6.853394955396652222e-02,6.189398765563964844e+00,9.643822669982910156e+00,1.035824775695800781e+01,5.116410925984382629e-02,7.575354576110839844e-01,6.844303756952285767e-02,1.146199777722358704e-01,8.221327513456344604e-02,6.175309658050537109e+00,9.626097679138183594e+00,1.033780002593994141e+01
1.667779693603515625e+02,4.509762446348181128e-21,2.804925143718719482e-01,2.075194194912910461e-02,4.258964676409959793e-03,1.936296612257137895e-04,6.233505725860595703e+00,9.627219200134277344e+00,1.034602642059326172e+01,4.565872251987457275e-02,3.459677696228027344e-01,7.157615572214126587e-02,1.051126271486282349e-01,6.444035470485687256e-02,6.191175460815429688e+00,9.647909164428710938e+00,1.036318492889404297e+01,4.946715757250785828e-02,3.353845179080963135e-01,6.271282583475112915e-02,1.450687497854232788e-01,1.131893992424011230e-01,6.231396675109863281e+00,9.772596359252929688e+00,1.050336742401123047e+01
1.672787933349609375e+02,3.681352775883044633e-21,1.819401234388351440e-01,1.728333979845046997e-01,9.296281933784484863e-01,1.216826587915420532e-02,6.234255790710449219e+00,9.627283096313476562e+00,1.034606456756591797e+01,1.797282695770263672e-02,1.809182167053222656e-01,1.740576773881912231e-01,9.333201646804809570e-01,1.303850859403610229e-02,6.278351306915283203e+00,9.723711967468261719e+00,1.045596885681152344e+01,1.791162602603435516e-02,1.843487471342086792e-01,1.770580410957336426e-01,9.415464997291564941e-01,1.530606672167778015e-02,6.397773742675781250e+00,9.986860275268554688e+00,1.075726890563964844e+01
1.677796325683593750e+02,3.005111016643028695e-21,1.361114680767059326e-01,3.097224235534667969e-01,4.474496841430664062e-01,9.144855290651321411e-02,8.173652648925781250e+00,9.659085273742675781e+00,1.034704303741455078e+01,7.735547143965959549e-03,1.369576752185821533e-01,3.115221858024597168e-01,4.504013359546661377e-01,9.301175177097320557e-02,8.241871833801269531e+00,9.755242347717285156e+00,1.045547962188720703e+01,8.995970711112022400e-03,1.406126767396926880e-01,3.162747919559478760e-01,4.563121199607849121e-01,9.636127948760986328e-02,8.485237121582031250e+00,1.008802032470703125e+01,1.083430862426757812e+01
1.682804718017578125e+02,2.453085087831089938e-21,1.058244481682777405e-01,3.135786354541778564e-01,2.891159951686859131e-01,1.544060111045837402e-01,7.610404968261718750e+00,1.011113548278808594e+01,1.051795959472656250e+01,5.811707116663455963e-03,1.064480543136596680e-01,3.148771226406097412e-01,2.919244766235351562e-01,1.564957350492477417e-01,7.617421150207519531e+00,1.013208961486816406e+01,1.053944492340087891e+01,7.470218464732170105e-03,1.109001487493515015e-01,3.210579752922058105e-01,2.979716956615447998e-01,1.613389104604721069e-01,7.891238689422607422e+00,1.059653282165527344e+01,1.103961277008056641e+01
1.687812957763671875e+02,2.002475823813735537e-21,8.304350078105926514e-02,2.898496985435485840e-01,2.250146269798278809e-01,1.903450489044189453e-01,7.323135375976562500e+00,1.026288318634033203e+01,1.073640823364257812e+01,5.938580259680747986e-03,8.341144025325775146e-02,2.909516096115112305e-01,2.276125550270080566e-01,1.925279498100280762e-01,7.314641952514648438e+00,1.025764846801757812e+01,1.072969245910644531e+01,7.917900569736957550e-03,8.785045892000198364e-02,2.971669435501098633e-01,2.333100736141204834e-01,1.978986412286758423e-01,7.579870223999023438e+00,1.075310802459716797e+01,1.126900100708007812e+01
1.692821350097656250e+02,1.634629251646257687e-21,6.530737131834030151e-02,2.635339796543121338e-01,1.912676692008972168e-01,2.090635299682617188e-01,7.171606063842773438e+00,1.034307956695556641e+01,1.090330505371093750e+01,7.164363283663988113e-03,6.526266783475875854e-02,2.645644247531890869e-01,1.938404440879821777e-01,2.112731784582138062e-01,7.157536506652832031e+00,1.032673835754394531e+01,1.088430023193359375e+01,8.741900324821472168e-03,6.961996853351593018e-02,2.704559266567230225e-01,1.991441398859024048e-01,2.167340815067291260e-01,7.409233093261718750e+00,1.082151889801025391e+01,1.143067455291748047e+01
1.697829742431640625e+02,1.334357539605519358e-21,5.138521268963813782e-02,3.429804146289825439e-01,7.969424128532409668e-01,2.303718775510787964e-01,7.094848632812500000e+00,1.040205383300781250e+01,1.102391147613525391e+01,6.498569622635841370e-03,5.136205628514289856e-02,3.437024950981140137e-01,7.983330488204956055e-01,2.310024648904800415e-01,7.121148586273193359e+00,1.045465278625488281e+01,1.108239364624023438e+01,7.644867990165948868e-03,5.530656129121780396e-02,3.499348461627960205e-01,8.094913959503173828e-01,2.362181991338729858e-01,7.357421875000000000e+00,1.093413162231445312e+01,1.161790752410888672e+01
1.702838134765625000e+02,1.089241972315875492e-21,4.043557122349739075e-02,3.839707374572753906e-01,4.416451454162597656e-01,2.914463281631469727e-01,7.075791835784912109e+00,1.045489120483398438e+01,1.111445426940917969e+01,4.627722315490245819e-03,4.036353528499603271e-02,3.847475051879882812e-01,4.425474703311920166e-01,2.921370863914489746e-01,7.100869655609130859e+00,1.050580883026123047e+01,1.117139148712158203e+01,6.303085014224052429e-03,4.465239495038986206e-02,3.920245170593261719e-01,4.504368305206298828e-01,2.984691560268402100e-01,7.360660552978515625e+00,1.104172706604003906e+01,1.177378273010253906e+01
1.707846374511718750e+02,8.891584730027879085e-22,3.182026371359825134e-02,3.444419801235198975e-01,3.056366443634033203e-01,3.322626948356628418e-01,7.095856666564941406e+00,1.050978755950927734e+01,1.118901348114013672e+01,5.087015684694051743e-03,3.083984367549419403e-02,3.444532752037048340e-01,3.057422041893005371e-01,3.322979211807250977e-01,7.093669414520263672e+00,1.050592327117919922e+01,1.118462371826171875e+01,7.050738669931888580e-03,3.557027131319046021e-02,3.519770205020904541e-01,3.128306269645690918e-01,3.396906256675720215e-01,7.378355026245117188e+00,1.109465217590332031e+01,1.184792900085449219e+01
1.712854766845703125e+02,7.258238759436911490e-22,2.504052780568599701e-02,2.942991554737091064e-01,2.368678152561187744e-01,3.493273258209228516e-01,7.132411003112792969e+00,1.056817436218261719e+01,1.125705718994140625e+01,6.423676386475563049e-03,2.285546436905860901e-02,2.941080629825592041e-01,2.368637919425964355e-01,3.491662740707397461e-01,7.121081829071044922e+00,1.054611587524414062e+01,1.123220443725585938e+01,8.390105329453945160e-03,2.776513621211051941e-02,3.010199964046478271e-01,2.431646138429641724e-01,3.566838502883911133e-01,7.404839515686035156e+00,1.113266563415527344e+01,1.189352703094482422e+01
1.717863159179687500e+02,5.924930543674855396e-22,1.970533095300197601e-02,2.492589056491851807e-01,1.928322762250900269e-01,3.511015474796295166e-01,7.172873497009277344e+00,1.062870502471923828e+01,1.132322311401367188e+01,6.667484994977712631e-03,1.727136783301830292e-02,2.490513026714324951e-01,1.929297298192977905e-01,3.509768843650817871e-01,7.157456398010253906e+00,1.059904670715332031e+01,1.128977870941162109e+01,8.735980838537216187e-03,2.180387265980243683e-02,2.552327811717987061e-01,1.985421478748321533e-01,3.581995368003845215e-01,7.431723117828369141e+00,1.116543960571289062e+01,1.192837905883789062e+01
1.722871398925781250e+02,4.836575124798703487e-22,1.550698000937700272e-02,2.115317136049270630e-01,1.605480909347534180e-01,3.438290953636169434e-01,7.211638927459716797e+00,1.068975830078125000e+01,1.138906097412109375e+01,6.538838148117065430e-03,1.350810099393129349e-02,2.114118784666061401e-01,1.609172821044921875e-01,3.438236713409423828e-01,7.193946361541748047e+00,1.065627765655517578e+01,1.135127639770507812e+01,8.644773624837398529e-03,1.744676940143108368e-02,2.169091105461120605e-01,1.659283936023712158e-01,3.505882322788238525e-01,7.454890727996826172e+00,1.119502830505371094e+01,1.195862102508544922e+01
1.727879791259765625e+02,3.948115544692617944e-22,1.220302563160657883e-02,1.803047955036163330e-01,1.353052407503128052e-01,3.312088847160339355e-01,7.246602535247802734e+00,1.075005531311035156e+01,1.145461845397949219e+01,6.320451851934194565e-03,1.187149155884981155e-02,1.803508698940277100e-01,1.361770778894424438e-01,3.313519954681396484e-01,7.227352619171142578e+00,1.071424198150634766e+01,1.141420841217041016e+01,8.347922004759311676e-03,1.468938775360584259e-02,1.852451413869857788e-01,1.406469792127609253e-01,3.375771045684814453e-01,7.473123073577880859e+00,1.122192668914794922e+01,1.198650074005126953e+01
1.732888183593750000e+02,3.222861819545897092e-22,9.603017941117286682e-03,1.543527394533157349e-01,1.149328202009201050e-01,3.154378831386566162e-01,7.277241230010986328e+00,1.080867290496826172e+01,1.151935386657714844e+01,6.273119710385799408e-03,1.094667520374059677e-02,1.545630097389221191e-01,1.164739876985549927e-01,3.157142400741577148e-01,7.257061481475830078e+00,1.077165317535400391e+01,1.147761154174804688e+01,8.119800128042697906e-03,1.339139230549335480e-02,1.589003056287765503e-01,1.204231157898902893e-01,3.214331567287445068e-01,7.486513137817382812e+00,1.124643039703369141e+01,1.201284694671630859e+01
1.737896423339843750e+02,2.630850866476584700e-22,7.557028904557228088e-03,1.326087415218353271e-01,9.818138182163238525e-02,2.978936433792114258e-01,7.303705692291259766e+00,1.086498355865478516e+01,1.158259582519531250e+01,6.331584416329860687e-03,1.027707755565643311e-02,1.328226476907730103e-01,1.001857817173004150e-01,2.985596358776092529e-01,7.282857418060302734e+00,1.082789039611816406e+01,1.154067039489746094e+01,8.104605600237846375e-03,1.244512852281332016e-02,1.367135345935821533e-01,1.037286892533302307e-01,3.037933707237243652e-01,7.495598316192626953e+00,1.126929664611816406e+01,1.203837680816650391e+01
1.742904815673828125e+02,2.147573218921570857e-22,5.946907214820384979e-03,1.142371594905853271e-01,8.422368019819259644e-02,2.794835269451141357e-01,7.326404571533203125e+00,1.091857337951660156e+01,1.164373970031738281e+01,6.519054062664508820e-03,9.957524016499519348e-03,1.142997071146965027e-01,8.625921607017517090e-02,2.810926139354705811e-01,7.304620742797851562e+00,1.088234329223632812e+01,1.160243320465087891e+01,8.260582573711872101e-03,1.198133639991283417e-02,1.179059296846389771e-01,8.977090567350387573e-02,2.857628166675567627e-01,7.500794410705566406e+00,1.129060649871826172e+01,1.206297588348388672e+01
1.747913208007812500e+02,1.753073220333660670e-22,4.679847043007612228e-03,9.860207140445709229e-02,7.247431576251983643e-02,2.608268558979034424e-01,7.345814228057861328e+00,1.096918964385986328e+01,1.170230484008789062e+01,6.861866451799869537e-03,9.935952723026275635e-03,9.858006238937377930e-02,7.429662346839904785e-02,2.639728486537933350e-01,7.322550296783447266e+00,1.093438243865966797e+01,1.166202735900878906e+01,8.594094775617122650e-03,1.193651277571916580e-02,1.019759178161621094e-01,7.832545787096023560e-02,2.679340839385986328e-01,7.502718925476074219e+00,1.131021595001220703e+01,1.208635711669921875e+01
1.752921600341796875e+02,1.431041771031697688e-22,3.682751907035708427e-03,8.521663397550582886e-02,6.250237673521041870e-02,2.423504143953323364e-01,7.362396240234375000e+00,1.101670265197753906e+01,1.175794982910156250e+01,7.369116879999637604e-03,1.014369726181030273e-02,8.541528880596160889e-02,6.416694074869155884e-02,2.475252151489257812e-01,7.337052345275878906e+00,1.098347854614257812e+01,1.171874046325683594e+01,9.093745611608028412e-03,1.222557015717029572e-02,8.851905167102813721e-02,6.933335214853286743e-02,2.506266236305236816e-01,7.502042770385742188e+00,1.132797336578369141e+01,1.210824394226074219e+01
1.757929840087890625e+02,1.168173122572882896e-22,2.898119855672121048e-03,7.370446622371673584e-02,5.398381501436233521e-02,2.243482619524002075e-01,7.376567840576171875e+00,1.106107044219970703e+01,1.181045627593994141e+01,8.046789094805717468e-03,1.053852867335081100e-02,7.459361106157302856e-02,5.565478652715682983e-02,2.319565713405609131e-01,7.348569869995117188e+00,1.102933597564697266e+01,1.177210426330566406e+01,9.738839231431484222e-03,1.279768068343400955e-02,7.724032551050186157e-02,6.267030537128448486e-02,2.340395003557205200e-01,7.499354839324951172e+00,1.134380435943603516e+01,1.212841129302978516e+01
1.762938232421875000e+02,9.535849703241286463e-23,2.280641347169876099e-03,6.376872211694717407e-02,4.666944593191146851e-02,2.070177644491195679e-01,7.388689994812011719e+00,1.110232257843017578e+01,1.185971546173095703e+01,8.904781192541122437e-03,1.110554300248622894e-02,6.582462042570114136e-02,4.855079948902130127e-02,2.173759043216705322e-01,7.357565879821777344e+00,1.107182788848876953e+01,1.182187461853027344e+01,1.051374152302742004e-02,1.360261067748069763e-02,6.803635507822036743e-02,5.800665915012359619e-02,2.183227241039276123e-01,7.495097160339355469e+00,1.135775089263916016e+01,1.214672660827636719e+01
1.767946624755859375e+02,7.784155664205441793e-23,1.794723561033606529e-03,5.517291650176048279e-02,4.036531597375869751e-02,1.904891580343246460e-01,7.399070262908935547e+00,1.114053249359130859e+01,1.190569591522216797e+01,9.949507191777229309e-03,1.184125989675521851e-02,5.869137495756149292e-02,4.263213276863098145e-02,2.038502693176269531e-01,7.364508152008056641e+00,1.111098194122314453e+01,1.186801052093505859e+01,1.142466440796852112e-02,1.451440900564193726e-02,6.072847917675971985e-02,5.458208918571472168e-02,2.037540227174758911e-01,7.489572048187255859e+00,1.137017440795898438e+01,1.216330528259277344e+01
1.772954864501953125e+02,6.354279009176319330e-23,1.412346377037465572e-03,4.772458970546722412e-02,3.491712734103202820e-02,1.748423427343368530e-01,7.407968044281005859e+00,1.117580795288085938e+01,1.194843196868896484e+01,1.118133775889873505e-02,1.272945851087570190e-02,5.273915082216262817e-02,3.770919144153594971e-02,1.914040297269821167e-01,7.369817733764648438e+00,1.114692306518554688e+01,1.191061592102050781e+01,1.245792116969823837e-02,1.541918888688087463e-02,5.474094301462173462e-02,5.181590095162391663e-02,1.905535012483596802e-01,7.483164787292480469e+00,1.138143825531005859e+01,1.217846584320068359e+01
1.777963256835937500e+02,5.187024246914858527e-23,1.111428951844573021e-03,4.126406088471412659e-02,3.019958734512329102e-02,1.601189672946929932e-01,7.415601253509521484e+00,1.120828151702880859e+01,1.198800659179687500e+01,1.258903928101062775e-02,1.372130867093801498e-02,4.757406190037727356e-02,3.361085802316665649e-02,1.800374984741210938e-01,7.373839378356933594e+00,1.117985820770263672e+01,1.194987392425537109e+01,1.356337405741214752e-02,1.632126793265342712e-02,4.971012100577354431e-02,4.963940009474754333e-02,1.786503195762634277e-01,7.476255893707275391e+00,1.139160537719726562e+01,1.219231224060058594e+01
1.782971649169921875e+02,4.234189136212796766e-23,8.746252860873937607e-04,3.565813601016998291e-02,2.611011639237403870e-02,1.463351100683212280e-01,7.422153949737548828e+00,1.123809909820556641e+01,1.202453422546386719e+01,1.414326485246419907e-02,1.474402751773595810e-02,4.290296509861946106e-02,3.018073365092277527e-02,1.697430312633514404e-01,7.376844406127929688e+00,1.121001625061035156e+01,1.198600959777832031e+01,1.470374874770641327e-02,1.723311096429824829e-02,4.549126327037811279e-02,4.805007949471473694e-02,1.679199188947677612e-01,7.469104766845703125e+00,1.140068817138671875e+01,1.220486640930175781e+01
1.787980041503906250e+02,3.456385536528086838e-23,6.882755551487207413e-04,3.079365752637386322e-02,2.256298996508121490e-02,1.334866285324096680e-01,7.427780628204345703e+00,1.126541423797607422e+01,1.205815219879150391e+01,1.578486897051334381e-02,1.568293944001197815e-02,3.855260461568832397e-02,2.732787467539310455e-02,1.604983657598495483e-01,7.379030227661132812e+00,1.123765182495117188e+01,1.201923656463623047e+01,1.585181429982185364e-02,1.814298890531063080e-02,4.196297749876976013e-02,4.700845852494239807e-02,1.582537442445755005e-01,7.461903572082519531e+00,1.140875434875488281e+01,1.221617889404296875e+01
1.792988281250000000e+02,2.821478410025645609e-23,5.416337517090141773e-04,2.657387591898441315e-02,1.948588341474533081e-02,1.215553954243659973e-01,7.432612895965576172e+00,1.129038238525390625e+01,1.208901214599609375e+01,1.741887070238590240e-02,1.641146652400493622e-02,3.448409587144851685e-02,2.499951422214508057e-02,1.522672176361083984e-01,7.380536556243896484e+00,1.126298618316650391e+01,1.204977321624755859e+01,1.698145642876625061e-02,1.903742365539073944e-02,3.900650888681411743e-02,4.644066840410232544e-02,1.495544016361236572e-01,7.454798221588134766e+00,1.141588878631591797e+01,1.222634887695312500e+01
1.797996673583984375e+02,2.303183542432233139e-23,4.262318543624132872e-04,2.291497774422168732e-02,1.681681908667087555e-02,1.105119362473487854e-01,7.436761856079101562e+00,1.131316471099853516e+01,1.211727714538574219e+01,1.891364529728889465e-02,1.681321114301681519e-02,3.077795356512069702e-02,2.317567169666290283e-02,1.449974477291107178e-01,7.381447792053222656e+00,1.128624153137207031e+01,1.207779598236083984e+01,1.807492412626743317e-02,1.989886909723281860e-02,3.652922064065933228e-02,4.627713188529014587e-02,1.417195498943328857e-01,7.447889328002929688e+00,1.142219543457031250e+01,1.223547267913818359e+01
1.803005065917968750e+02,1.880097244123030850e-23,3.354177169967442751e-04,1.974462904036045074e-02,1.450274232774972916e-02,1.003207638859748840e-01,7.440323829650878906e+00,1.133391475677490234e+01,1.214311027526855469e+01,2.013975381851196289e-02,1.685738563537597656e-02,2.753953263163566589e-02,2.182068489491939545e-02,1.386199891567230225e-01,7.381857872009277344e+00,1.130757808685302734e+01,1.210345935821533203e+01,1.911591365933418274e-02,2.072104066610336304e-02,3.444391116499900818e-02,4.643537104129791260e-02,1.346642673015594482e-01,7.441266059875488281e+00,1.142776107788085938e+01,1.224364852905273438e+01
1.808013305664062500e+02,1.534741512881962004e-23,2.639549784362316132e-04,1.699982397258281708e-02,1.249771378934383392e-02,9.094148129224777222e-02,7.443378925323486328e+00,1.135278129577636719e+01,1.216667556762695312e+01,2.099809050559997559e-02,1.658801734447479248e-02,2.483267709612846375e-02,2.089622803032398224e-02,1.330534815788269043e-01,7.381832599639892578e+00,1.132714843750000000e+01,1.212690258026123047e+01,2.009543590247631073e-02,2.149735763669013977e-02,3.268495947122573853e-02,4.684613272547721863e-02,1.283063739538192749e-01,7.434976577758789062e+00,1.143267726898193359e+01,1.225097274780273438e+01
1.813021697998046875e+02,1.252817219282718973e-23,2.077164390357211232e-04,1.462531276047229767e-02,1.076161488890647888e-02,8.232985436916351318e-02,7.445998668670654297e+00,1.136991214752197266e+01,1.218813323974609375e+01,2.144824340939521790e-02,1.610600948333740234e-02,2.264333888888359070e-02,2.036483399569988251e-02,1.282072961330413818e-01,7.381436824798583984e+00,1.134508323669433594e+01,1.214825057983398438e+01,2.101198770105838776e-02,2.222088910639286041e-02,3.120931424200534821e-02,4.746057093143463135e-02,1.225627362728118896e-01,7.429049015045166016e+00,1.143701267242431641e+01,1.225752925872802734e+01
1.818030090332031250e+02,1.022680934136420669e-23,1.634601358091458678e-04,1.257302705198526382e-02,9.259643964469432831e-03,7.444086670875549316e-02,7.448242664337158203e+00,1.138544178009033203e+01,1.220764160156250000e+01,2.151766046881675720e-02,1.554086897522211075e-02,2.087220922112464905e-02,2.018340118229389191e-02,1.239761486649513245e-01,7.380748271942138672e+00,1.136149692535400391e+01,1.216763210296630859e+01,2.186291106045246124e-02,2.289485186338424683e-02,2.997013553977012634e-02,4.822150245308876038e-02,1.173726171255111694e-01,7.423500537872314453e+00,1.144083786010742188e+01,1.226339435577392578e+01
1.823038330078125000e+02,8.348245958385287572e-24,1.286340411752462387e-04,1.080090552568435669e-02,7.961384020745754242e-03,6.722894310951232910e-02,7.450162887573242188e+00,1.139950370788574219e+01,1.222534942626953125e+01,2.126860246062278748e-02,1.499248109757900238e-02,1.939205639064311981e-02,2.033230662345886230e-02,1.202476248145103455e-01,7.379848957061767578e+00,1.137650012969970703e+01,1.218518066406250000e+01,2.264924719929695129e-02,2.352020889520645142e-02,2.893251553177833557e-02,4.908552393317222595e-02,1.126795560121536255e-01,7.418332576751708984e+00,1.144421386718750000e+01,1.226864051818847656e+01
1.828046722412109375e+02,6.814712980410124158e-24,1.012270950013771653e-04,9.271999821066856384e-03,6.840138696134090424e-03,6.064810603857040405e-02,7.451805114746093750e+00,1.141221904754638672e+01,1.224140167236328125e+01,2.077437378466129303e-02,1.452978327870368958e-02,1.807156018912792206e-02,2.082326263189315796e-02,1.168991103768348694e-01,7.378820419311523438e+00,1.139018726348876953e+01,1.220102882385253906e+01,2.337662316858768463e-02,2.409601584076881409e-02,2.807703800499439240e-02,5.002760142087936401e-02,1.084223911166191101e-01,7.413541793823242188e+00,1.144718742370605469e+01,1.227332592010498047e+01
1.833055114746093750e+02,5.562882231689384060e-24,7.965949043864384294e-05,7.954158820211887360e-03,5.872672423720359802e-03,5.465396866202354431e-02,7.453207969665527344e+00,1.142370414733886719e+01,1.225593280792236328e+01,2.010968513786792755e-02,1.421039551496505737e-02,1.677027158439159393e-02,2.167659252882003784e-02,1.137818247079849243e-01,7.377814769744873047e+00,1.140258789062500000e+01,1.221533584594726562e+01,2.404676005244255066e-02,2.462863177061080933e-02,2.737345732748508453e-02,5.101172626018524170e-02,1.045645400881767273e-01,7.409116744995117188e+00,1.144980621337890625e+01,1.227750587463378906e+01
1.838063507080078125e+02,4.541006408992831956e-24,6.268711149459704757e-05,6.819238420575857162e-03,5.038638133555650711e-03,4.920324310660362244e-02,7.454404830932617188e+00,1.143406581878662109e+01,1.226907157897949219e+01,1.934159360826015472e-02,1.408422831445932388e-02,1.537483651190996170e-02,2.293285354971885681e-02,1.107372492551803589e-01,7.377017498016357422e+00,1.141364860534667969e+01,1.222826957702636719e+01,2.466392517089843750e-02,2.511991374194622040e-02,2.680226601660251617e-02,5.201614275574684143e-02,1.010650992393493652e-01,7.405042171478271484e+00,1.145211124420166016e+01,1.228123188018798828e+01
1.843071746826171875e+02,3.706866859964397126e-24,4.933124000672250986e-05,5.842708982527256012e-03,4.320281557738780975e-03,4.425447806715965271e-02,7.455424785614013672e+00,1.144340324401855469e+01,1.228093624114990234e+01,1.853686571121215820e-02,1.418396085500717163e-02,1.383480802178382874e-02,2.458136156201362610e-02,1.076422929763793945e-01,7.376609802246093750e+00,1.142327880859375000e+01,1.223999786376953125e+01,2.523102425038814545e-02,2.557358890771865845e-02,2.634206414222717285e-02,5.301869660615921021e-02,9.789303690195083618e-02,7.401300430297851562e+00,1.145413970947265625e+01,1.228455448150634766e+01
1.848080139160156250e+02,3.025931790123708693e-24,3.882063174387440085e-05,5.003097467124462128e-03,3.702045185491442680e-03,3.976769745349884033e-02,7.456293582916259766e+00,1.145181083679199219e+01,1.229163932800292969e+01,1.775881275534629822e-02,1.448495406657457352e-02,1.223113201558589935e-02,2.650670520961284637e-02,1.044916138052940369e-01,7.376590728759765625e+00,1.143153667449951172e+01,1.225063133239746094e+01,2.575487270951271057e-02,2.599046006798744202e-02,2.598569169640541077e-02,5.401430651545524597e-02,9.500776976346969604e-02,7.397872447967529297e+00,1.145591640472412109e+01,1.228750896453857422e+01
1.853088531494140625e+02,2.470081069212805860e-24,3.054942862945608795e-05,4.281795583665370941e-03,3.170427400618791580e-03,3.570545092225074768e-02,7.457031726837158203e+00,1.145937347412109375e+01,1.230128383636474609e+01,1.705580204725265503e-02,1.489351410418748856e-02,1.073603052645921707e-02,2.845855429768562317e-02,1.014152094721794128e-01,7.376786231994628906e+00,1.143867206573486328e+01,1.226023769378662109e+01,2.623669244349002838e-02,2.637584693729877472e-02,2.571120671927928925e-02,5.498390644788742065e-02,9.239243716001510620e-02,7.394735813140869141e+00,1.145747852325439453e+01,1.229013633728027344e+01
1.858096771240234375e+02,2.016350167419799752e-24,2.404067708994261920e-05,3.662610193714499474e-03,2.713663270696997643e-03,3.203240409493446350e-02,7.457659244537353516e+00,1.146617031097412109e+01,1.230996608734130859e+01,1.644672825932502747e-02,1.531546749174594879e-02,9.481039829552173615e-03,3.024603240191936493e-02,9.855113178491592407e-02,7.376999378204345703e+00,1.144497871398925781e+01,1.226885986328125000e+01,2.667785249650478363e-02,2.673096396028995514e-02,2.550183609127998352e-02,5.591498315334320068e-02,9.002533555030822754e-02,7.391876697540283203e+00,1.145885086059570312e+01,1.229247283935546875e+01
1.863105163574218750e+02,1.645955024692407095e-24,1.891851388791110367e-05,3.131426405161619186e-03,2.321483334526419640e-03,2.871507778763771057e-02,7.458191394805908203e+00,1.147227287292480469e+01,1.231777572631835938e+01,1.592946611344814301e-02,1.570394262671470642e-02,8.496591821312904358e-03,3.182106837630271912e-02,9.595212340354919434e-02,7.377121448516845703e+00,1.145064258575439453e+01,1.227656173706054688e+01,2.707471512258052826e-02,2.705068327486515045e-02,2.533642947673797607e-02,5.679859593510627747e-02,8.788522332906723022e-02,7.389271736145019531e+00,1.146006774902343750e+01,1.229456520080566406e+01
1.868113555908203125e+02,1.343600416939297691e-24,1.488770249125082046e-05,2.676056930795311928e-03,1.985005568712949753e-03,2.572254464030265808e-02,7.458642482757568359e+00,1.147774887084960938e+01,1.232479190826416016e+01,1.549015194177627563e-02,1.604410447180271149e-02,7.739756256341934204e-03,3.318163752555847168e-02,9.362267702817916870e-02,7.377155303955078125e+00,1.145575332641601562e+01,1.228344058990478516e+01,2.743963524699211121e-02,2.734501101076602936e-02,2.522182650864124298e-02,5.763484537601470947e-02,8.594363182783126831e-02,7.386910915374755859e+00,1.146113395690917969e+01,1.229642009735107422e+01
1.873121795654296875e+02,1.096794041473004748e-24,1.171579151559853926e-05,2.285937778651714325e-03,1.696521416306495667e-03,2.302599698305130005e-02,7.459024429321289062e+00,1.148265647888183594e+01,1.233109283447265625e+01,1.511544920504093170e-02,1.633948832750320435e-02,7.157739717513322830e-03,3.436607867479324341e-02,9.153734147548675537e-02,7.377114772796630859e+00,1.146036624908447266e+01,1.228958511352539062e+01,2.777477167546749115e-02,2.761708199977874756e-02,2.514764107763767242e-02,5.842252820730209351e-02,8.418892323970794678e-02,7.384762287139892578e+00,1.146206665039062500e+01,1.229806995391845703e+01
1.878130187988281250e+02,8.953179802034268064e-25,9.219605999533087015e-06,1.951896585524082184e-03,1.449326751753687859e-03,2.059848420321941376e-02,7.459347248077392578e+00,1.148705482482910156e+01,1.233674430847167969e+01,1.479722186923027039e-02,1.659850776195526123e-02,6.715408526360988617e-03,3.542632237076759338e-02,8.965530991554260254e-02,7.377018928527832031e+00,1.146452426910400391e+01,1.229505920410156250e+01,2.808411419391632080e-02,2.786638215184211731e-02,2.511333487927913666e-02,5.916883796453475952e-02,8.259420841932296753e-02,7.382814407348632812e+00,1.146288204193115234e+01,1.229952621459960938e+01
1.883138580322265625e+02,7.308520185555847023e-25,7.255260243255179375e-06,1.666040974669158459e-03,1.237645861692726612e-03,1.841534115374088287e-02,7.459619045257568359e+00,1.149099159240722656e+01,1.234181118011474609e+01,1.452416181564331055e-02,1.682569831609725952e-02,6.371126510202884674e-03,3.637082502245903015e-02,8.796072006225585938e-02,7.376895904541015625e+00,1.146825885772705078e+01,1.229994869232177734e+01,2.836689166724681854e-02,2.809546515345573425e-02,2.510409429669380188e-02,5.986505746841430664e-02,8.115600049495697021e-02,7.381050109863281250e+00,1.146359443664550781e+01,1.230081653594970703e+01
1.888146972656250000e+02,5.965976546406706030e-25,5.709440301870927215e-06,1.421548309735953808e-03,1.056478940881788731e-03,1.645376160740852356e-02,7.459848880767822266e+00,1.149451351165771484e+01,1.234634971618652344e+01,1.429019682109355927e-02,1.702653057873249054e-02,6.103876046836376190e-03,3.722334280610084534e-02,8.642826229333877563e-02,7.376755714416503906e+00,1.147161102294921875e+01,1.230430984497070312e+01,2.862570062279701233e-02,2.830553613603115082e-02,2.511572837829589844e-02,6.051268801093101501e-02,7.985740154981613159e-02,7.379453659057617188e+00,1.146421813964843750e+01,1.230195999145507812e+01
1.893155212402343750e+02,4.870082595226558457e-25,4.493008418648969382e-06,1.212541712448000908e-03,9.015136747620999813e-04,1.469283364713191986e-02,7.460042476654052734e+00,1.149766254425048828e+01,1.235041236877441406e+01,1.408828981220722198e-02,1.720435172319412231e-02,5.891960579901933670e-03,3.799045085906982422e-02,8.504513651132583618e-02,7.376616001129150391e+00,1.147460937500000000e+01,1.230820465087890625e+01,2.885978296399116516e-02,2.849706076085567474e-02,2.513797394931316376e-02,6.110820919275283813e-02,7.869149744510650635e-02,7.378015041351318359e+00,1.146476364135742188e+01,1.230297470092773438e+01
1.898163604736328125e+02,3.975468722684847980e-25,3.535718406055821106e-06,1.033941865898668766e-03,7.690183701924979687e-04,1.311322860419750214e-02,7.460205078125000000e+00,1.150047588348388672e+01,1.235404777526855469e+01,1.391762681305408478e-02,1.736374385654926300e-02,5.734767764806747437e-03,3.870058804750442505e-02,8.378368616104125977e-02,7.376465797424316406e+00,1.147729015350341797e+01,1.231167221069335938e+01,2.907490730285644531e-02,2.867119573056697845e-02,2.517786435782909393e-02,6.166283786296844482e-02,7.763234525918960571e-02,7.376712322235107422e+00,1.146524047851562500e+01,1.230387687683105469e+01
1.903171997070312500e+02,3.245191339994910208e-25,2.782390083666541614e-06,8.813956519588828087e-04,6.557912565767765045e-04,1.169742271304130554e-02,7.460341453552246094e+00,1.150298881530761719e+01,1.235729694366455078e+01,1.377011649310588837e-02,1.750545762479305267e-02,5.609877873212099075e-03,3.934175148606300354e-02,8.264437317848205566e-02,7.376323223114013672e+00,1.147968673706054688e+01,1.231476593017578125e+01,2.927057631313800812e-02,2.883056364953517914e-02,2.522497437894344330e-02,6.217184290289878845e-02,7.668201625347137451e-02,7.375538825988769531e+00,1.146566009521484375e+01,1.230466938018798828e+01
1.908180236816406250e+02,2.649073066265581099e-25,2.189577571698464453e-06,4.123212099075317383e-01,1.273246645927429199e+00,1.059397384524345398e-01,7.473406314849853516e+00,1.150631523132324219e+01,1.236032485961914062e+01,9.492806158959865570e-03,2.631435915827751160e-02,4.143189787864685059e-01,1.282492399215698242e+00,1.084675118327140808e-01,7.611685276031494141e+00,1.181224727630615234e+01,1.271038246154785156e+01,5.244121886789798737e-03,2.894561365246772766e-02,4.144448935985565186e-01,1.282921671867370605e+00,1.085699498653411865e-01,7.617727756500244141e+00,1.182580184936523438e+01,1.272593021392822266e+01
1.913188629150390625e+02,2.162451151371257244e-25,1.723063292047299910e-06,4.555115401744842529e-01,6.464175581932067871e-01,2.590964138507843018e-01,7.540842533111572266e+00,1.152161502838134766e+01,1.236646080017089844e+01,4.666724707931280136e-03,1.683538593351840973e-02,4.565506875514984131e-01,6.483927965164184570e-01,2.605504393577575684e-01,7.596399307250976562e+00,1.164317607879638672e+01,1.250498485565185547e+01,5.932784639298915863e-03,1.869161054491996765e-02,4.607690274715423584e-01,6.538153290748596191e-01,2.637161612510681152e-01,7.747231483459472656e+00,1.197478771209716797e+01,1.288464164733886719e+01
1.918197021484375000e+02,1.765219256471085223e-25,1.355944846181955654e-06,3.757788836956024170e-01,3.997465372085571289e-01,3.493383526802062988e-01,7.636770248413085938e+00,1.155624198913574219e+01,1.238320732116699219e+01,3.950831014662981033e-03,1.171753462404012680e-02,3.758306205272674561e-01,4.000619947910308838e-01,3.499435186386108398e-01,7.649307250976562500e+00,1.158423042297363281e+01,1.241490364074707031e+01,5.237601231783628464e-03,1.386178471148014069e-02,3.810835182666778564e-01,4.055064320564270020e-01,3.550042510032653809e-01,7.863078594207763672e+00,1.204513072967529297e+01,1.294068241119384766e+01
1.923205413818359375e+02,1.440956625525307472e-25,1.067045104718999937e-06,2.876245975494384766e-01,2.745583951473236084e-01,3.882375657558441162e-01,7.732192516326904297e+00,1.160646724700927734e+01,1.241467571258544922e+01,4.188397433608770370e-03,7.739620283246040344e-03,2.874375283718109131e-01,2.745694518089294434e-01,3.884700834751129150e-01,7.728960990905761719e+00,1.160115432739257812e+01,1.240856361389160156e+01,5.816446151584386826e-03,9.932355955243110657e-03,2.923589050769805908e-01,2.793954610824584961e-01,3.942020833492279053e-01,7.961850643157958984e+00,1.209555244445800781e+01,1.297047710418701172e+01
1.928213653564453125e+02,1.176266674730041039e-25,8.397047395192203112e-07,2.148938626050949097e-01,1.971631646156311035e-01,3.965412676334381104e-01,7.814780235290527344e+00,1.166615390777587891e+01,1.246006488800048828e+01,4.282464273273944855e-03,5.969311576336622238e-03,2.146251797676086426e-01,1.971341371536254883e-01,3.966552615165710449e-01,7.803747653961181641e+00,1.164513683319091797e+01,1.243620681762695312e+01,6.235723849385976791e-03,7.963908836245536804e-03,2.189843952655792236e-01,2.013682574033737183e-01,4.024156630039215088e-01,8.038702964782714844e+00,1.213858604431152344e+01,1.299532890319824219e+01
1.933222045898437500e+02,9.601918179629749681e-26,6.607957061532943044e-07,1.592238992452621460e-01,1.440120786428451538e-01,3.875634968280792236e-01,7.881777286529541016e+00,1.173030185699462891e+01,1.251603794097900391e+01,4.072232171893119812e-03,4.351151175796985626e-03,1.589529514312744141e-01,1.440809518098831177e-01,3.875765800476074219e-01,7.866653442382812500e+00,1.170100212097167969e+01,1.248290920257568359e+01,6.374192424118518829e-03,6.708641070872545242e-03,1.627167314291000366e-01,1.477282196283340454e-01,3.930082619190216064e-01,8.094870567321777344e+00,1.217702007293701172e+01,1.302116012573242188e+01
1.938230438232421875e+02,7.838087441611369879e-26,5.200052441978186835e-07,1.176339685916900635e-01,1.058482751250267029e-01,3.689318597316741943e-01,7.934304714202880859e+00,1.179542160034179688e+01,1.257870960235595703e+01,4.904898814857006073e-03,5.352315492928028107e-03,1.171554252505302429e-01,1.009429320693016052e-01,3.711820542812347412e-01,7.915353298187255859e+00,1.176283359527587891e+01,1.254119014739990234e+01,6.726144813001155853e-03,6.776095367968082428e-03,1.204925626516342163e-01,1.040813177824020386e-01,3.762844502925872803e-01,8.131711959838867188e+00,1.221347045898437500e+01,1.305004405975341797e+01
1.943238677978515625e+02,6.398304123423062222e-26,4.092148344625456957e-07,8.682177215814590454e-02,7.797599583864212036e-02,3.451103568077087402e-01,7.974669933319091797e+00,1.185921669006347656e+01,1.264462566375732422e+01,5.957889370620250702e-03,6.808826234191656113e-03,8.602944016456604004e-02,7.771911472082138062e-02,3.463129401206970215e-01,7.953557968139648438e+00,1.182213687896728516e+01,1.260232830047607422e+01,7.625220343470573425e-03,8.344769477844238281e-03,8.905771374702453613e-02,8.042735606431961060e-02,3.509216606616973877e-01,8.155120849609375000e+00,1.224199008941650391e+01,1.307610034942626953e+01
1.948247070312500000e+02,5.222962388104392819e-26,3.220266080461442471e-07,6.405949592590332031e-02,5.749126896262168884e-02,3.188348412513732910e-01,8.005282402038574219e+00,1.192023372650146484e+01,1.271106910705566406e+01,7.349233608692884445e-03,8.600510656833648682e-03,6.280234456062316895e-02,6.201954931020736694e-02,3.197930455207824707e-01,7.981761455535888672e+00,1.188046741485595703e+01,1.266562652587890625e+01,8.864776231348514557e-03,1.031795516610145569e-02,6.564603000879287720e-02,6.494353711605072021e-02,3.238052427768707275e-01,8.166986465454101562e+00,1.226713562011718750e+01,1.310188674926757812e+01
1.953255462646484375e+02,4.263525719568892309e-26,2.534148961785831489e-07,4.726168513298034668e-02,4.240241646766662598e-02,2.918411493301391602e-01,8.028273582458496094e+00,1.197759342193603516e+01,1.277605915069580078e+01,9.456815198063850403e-03,1.059206016361713409e-02,4.530737176537513733e-02,4.999573528766632080e-02,2.937660217285156250e-01,8.001949310302734375e+00,1.193677234649658203e+01,1.272913265228271484e+01,1.059926673769950867e-02,1.257128175348043442e-02,4.818861186504364014e-02,5.378967523574829102e-02,2.971335351467132568e-01,8.170367240905761719e+00,1.228960895538330078e+01,1.312732791900634766e+01
1.958263702392578125e+02,3.480357555114698071e-26,1.994233969071501633e-07,3.487000986933708191e-02,3.127921372652053833e-02,2.652382254600524902e-01,8.045404434204101562e+00,1.203082847595214844e+01,1.283823966979980469e+01,1.263323705643415451e-02,1.180410105735063553e-02,3.583474829792976379e-02,3.819803148508071899e-02,2.696521580219268799e-01,8.014936447143554688e+00,1.198992347717285156e+01,1.279044914245605469e+01,1.316025108098983765e-02,1.479734946042299271e-02,3.809275105595588684e-02,4.407891258597373962e-02,2.721132934093475342e-01,8.167104721069335938e+00,1.230910587310791016e+01,1.315113639831542969e+01
1.963272094726562500e+02,2.841032013751733296e-26,1.569339218576715211e-07,2.572890929877758026e-02,2.307619899511337280e-02,2.397188395261764526e-01,8.058080673217773438e+00,1.207975387573242188e+01,1.289676284790039062e+01,1.565022952854633331e-02,1.307025644928216934e-02,3.151095658540725708e-02,2.935089170932769775e-02,2.466515302658081055e-01,8.023277282714843750e+00,1.203865242004394531e+01,1.284769630432128906e+01,1.580910757184028625e-02,1.622474752366542816e-02,3.525218367576599121e-02,3.568980097770690918e-02,2.492867261171340942e-01,8.158790588378906250e+00,1.232597255706787109e+01,1.317256355285644531e+01
1.968280487060546875e+02,2.319147061132777797e-26,1.234973154851104482e-07,1.898591034114360809e-02,1.702607609331607819e-02,2.156970649957656860e-01,8.067398071289062500e+00,1.212437343597412109e+01,1.295114803314208984e+01,1.834420859813690186e-02,1.475910563021898270e-02,2.778583206236362457e-02,2.377081848680973053e-02,2.251682281494140625e-01,8.028602600097656250e+00,1.208342838287353516e+01,1.290126132965087891e+01,1.772394776344299316e-02,1.737078279256820679e-02,3.440384566783905029e-02,3.033983521163463593e-02,2.285699248313903809e-01,8.147878646850585938e+00,1.234102153778076172e+01,1.319228267669677734e+01
1.973288879394531250e+02,1.893129970764761268e-26,9.718475268982729176e-08,1.401168946176767349e-02,1.256343629211187363e-02,1.933937966823577881e-01,8.074202537536621094e+00,1.216481781005859375e+01,1.300119018554687500e+01,2.019954845309257507e-02,1.579833962023258209e-02,2.438742853701114655e-02,2.039828710258007050e-02,2.059669792652130127e-01,8.031478881835937500e+00,1.212489128112792969e+01,1.295150756835937500e+01,1.952357031404972076e-02,1.887999847531318665e-02,3.380987793207168579e-02,2.696618996560573578e-02,2.103060036897659302e-01,8.135480880737304688e+00,1.235418605804443359e+01,1.321043872833251953e+01
1.978297119140625000e+02,1.545379745923126535e-26,7.647894051387993386e-08,1.034214906394481659e-02,9.271607734262943268e-03,1.728996187448501587e-01,8.079135894775390625e+00,1.220129680633544922e+01,1.304687786102294922e+01,2.104878053069114685e-02,1.593557000160217285e-02,2.178380638360977173e-02,1.834001392126083374e-02,1.894000470638275146e-01,8.032279968261718750e+00,1.216315841674804688e+01,1.299823474884033203e+01,2.140260301530361176e-02,2.035271748900413513e-02,3.401359915733337402e-02,2.452288940548896790e-02,1.944757848978042603e-01,8.122242927551269531e+00,1.236575317382812500e+01,1.322682666778564453e+01
1.983305511474609375e+02,1.261500060273579010e-26,6.018417764153127791e-08,7.634718436747789383e-03,6.843102164566516876e-03,1.542156785726547241e-01,8.082683563232421875e+00,1.223407459259033203e+01,1.308833312988281250e+01,2.114415541291236877e-02,1.541881076991558075e-02,2.007035166025161743e-02,1.695830561220645905e-02,1.754523813724517822e-01,8.031433105468750000e+00,1.219817066192626953e+01,1.304117774963378906e+01,2.317533083260059357e-02,2.163206227123737335e-02,3.459997102618217468e-02,2.279843203723430634e-02,1.809659153223037720e-01,8.108846664428710938e+00,1.237595462799072266e+01,1.324161624908447266e+01
1.988313903808593750e+02,1.029765929351886978e-26,1.338724851608276367e+00,1.028307806700468063e-02,5.419583525508642197e-03,1.372886151075363159e-01,8.085211753845214844e+00,1.226342964172363281e+01,1.312575912475585938e+01,6.332799792289733887e-02,1.679957985877990723e+00,1.320816874504089355e-01,1.591033935546875000e-01,2.114229053258895874e-01,8.068651199340820312e+00,1.239228820800781250e+01,1.326325035095214844e+01,6.508345901966094971e-02,1.689347028732299805e+00,1.365827918052673340e-01,1.661066561937332153e-01,2.212397903203964233e-01,8.135620117187500000e+00,1.255009555816650391e+01,1.344181156158447266e+01
1.993322143554687500e+02,8.406062517064236299e-27,6.300054788589477539e-01,1.211923882365226746e-01,2.146446704864501953e+00,1.235199868679046631e-01,8.087031364440917969e+00,1.228965282440185547e+01,1.315940856933593750e+01,3.131112456321716309e-02,6.298923492431640625e-01,1.216580569744110107e-01,2.162304401397705078e+00,1.254293918609619141e-01,8.203330039978027344e+00,1.254324913024902344e+01,1.344759941101074219e+01,3.468393906950950623e-02,6.368222832679748535e-01,1.249903887510299683e-01,2.189962625503540039e+00,1.288942545652389526e-01,8.445248603820800781e+00,1.308099079132080078e+01,1.406295108795166016e+01
1.998330535888671875e+02,6.861901191461126905e-27,4.186421334743499756e-01,5.333834886550903320e-01,9.469081163406372070e-01,2.339877784252166748e-01,8.111445426940917969e+00,1.231559658050537109e+01,1.318996334075927734e+01,1.494478620588779449e-02,4.210623204708099365e-01,5.373136401176452637e-01,9.534248709678649902e-01,2.365034818649291992e-01,8.249562263488769531e+00,1.261441707611083984e+01,1.353003025054931641e+01,1.688755303621292114e-02,4.291632771492004395e-01,5.466986298561096191e-01,9.686286449432373047e-01,2.425670325756072998e-01,8.610853195190429688e+00,1.342685413360595703e+01,1.446289157867431641e+01
2.003338928222656250e+02,5.601395450299236137e-27,3.153970539569854736e-01,5.984582304954528809e-01,5.775221586227416992e-01,3.487933576107025146e-01,8.182764053344726562e+00,1.235286331176757812e+01,1.322205924987792969e+01,1.049570646136999130e-02,3.154339790344238281e-01,5.992639064788818359e-01,5.785139203071594238e-01,3.494023084640502930e-01,8.207696914672851562e+00,1.240638256072998047e+01,1.328273963928222656e+01,1.309774070978164673e-02,3.251335620880126953e-01,6.135137081146240234e-01,5.923756957054138184e-01,3.595265150070190430e-01,8.713609695434570312e+00,1.352429771423339844e+01,1.456299114227294922e+01
2.008347320556640625e+02,4.572466221952388750e-27,1.035183072090148926e+00,5.889684557914733887e-01,4.469122290611267090e-01,4.145207405090332031e-01,8.273192405700683594e+00,1.240535640716552734e+01,1.326249504089355469e+01,2.340704947710037231e-02,1.041707277297973633e+00,5.937175750732421875e-01,4.532851576805114746e-01,4.194225966930389404e-01,8.397435188293457031e+00,1.267816352844238281e+01,1.357095241546630859e+01,2.604104578495025635e-02,1.064802527427673340e+00,6.078028678894042969e-01,4.649184644222259521e-01,4.305167496204376221e-01,8.924412727355957031e+00,1.385071754455566406e+01,1.491556549072265625e+01
2.013355560302734375e+02,3.732548528719682445e-27,5.844135880470275879e-01,5.972778201103210449e-01,3.984816968441009521e-01,4.474921524524688721e-01,8.363166809082031250e+00,1.246965312957763672e+01,1.331430244445800781e+01,1.686502806842327118e-02,5.850631594657897949e-01,5.986409187316894531e-01,4.001911282539367676e-01,4.488074779510498047e-01,8.404781341552734375e+00,1.255815029144287109e+01,1.341412925720214844e+01,1.991913095116615295e-02,6.024736166000366211e-01,6.162796616554260254e-01,4.136818051338195801e-01,4.632986783981323242e-01,9.070096969604492188e+00,1.401703834533691406e+01,1.508198833465576172e+01
2.018363952636718750e+02,3.046896668474427099e-27,4.179640412330627441e-01,6.195246577262878418e-01,3.880908191204071045e-01,4.638905823230743408e-01,8.445946693420410156e+00,1.254161643981933594e+01,1.337688446044921875e+01,1.246523298323154449e-02,4.170823097229003906e-01,6.190744042396545410e-01,3.880563378334045410e-01,4.635919034481048584e-01,8.428854942321777344e+00,1.250740528106689453e+01,1.333825778961181641e+01,1.587274856865406036e-02,4.319706261157989502e-01,6.384404301643371582e-01,4.022233188152313232e-01,4.793801903724670410e-01,9.147062301635742188e+00,1.406110191345214844e+01,1.510872364044189453e+01
2.023372344970703125e+02,2.487195426581247133e-27,3.212743699550628662e-01,6.381283402442932129e-01,3.926764130592346191e-01,4.734365046024322510e-01,8.521249771118164062e+00,1.261832237243652344e+01,1.344810295104980469e+01,1.030727941542863846e-02,3.202225267887115479e-01,6.372597813606262207e-01,3.922331631183624268e-01,4.727668762207031250e-01,8.489786148071289062e+00,1.255478668212890625e+01,1.337655544281005859e+01,1.357523351907730103e-02,3.328806757926940918e-01,6.566297411918640137e-01,4.061786830425262451e-01,4.884130656719207764e-01,9.199938774108886719e+00,1.407838535308837891e+01,1.510877418518066406e+01
2.028380584716796875e+02,2.030321125162857198e-27,2.514338195323944092e-01,6.461288332939147949e-01,3.993964493274688721e-01,4.808454811573028564e-01,8.591036796569824219e+00,1.269808006286621094e+01,1.352570247650146484e+01,8.825880475342273712e-03,2.504297196865081787e-01,6.451613903045654297e-01,3.988252580165863037e-01,4.800834953784942627e-01,8.556056976318359375e+00,1.262749481201171875e+01,1.344631290435791016e+01,1.196933165192604065e-02,2.612986862659454346e-01,6.638631820678710938e-01,4.122940897941589355e-01,4.951972961425781250e-01,9.242169380187988281e+00,1.409078598022460938e+01,1.510719680786132812e+01
2.033388977050781250e+02,1.657359976607408007e-27,1.976094543933868408e-01,6.422216296195983887e-01,4.022625386714935303e-01,4.877490699291229248e-01,8.657424926757812500e+00,1.278002357482910156e+01,1.360790348052978516e+01,7.594904862344264984e-03,1.966919600963592529e-01,6.412565708160400391e-01,4.016537368297576904e-01,4.869734346866607666e-01,8.622044563293457031e+00,1.270868587493896484e+01,1.352772331237792969e+01,1.060351449996232986e-02,2.061482816934585571e-01,6.589134335517883301e-01,4.144881665706634521e-01,5.014483928680419922e-01,9.279380798339843750e+00,1.410416221618652344e+01,1.510962963104248047e+01
2.038397369384765625e+02,1.352909933963645957e-27,1.554602086544036865e-01,6.274053454399108887e-01,3.991720378398895264e-01,4.941876232624053955e-01,8.721900939941406250e+00,1.286370658874511719e+01,1.369346809387207031e+01,6.420080550014972687e-03,1.546388417482376099e-01,6.264830231666564941e-01,3.985615074634552002e-01,4.934239387512207031e-01,8.687165260314941406e+00,1.279369068145751953e+01,1.361481285095214844e+01,9.310431778430938721e-03,1.629693657159805298e-01,6.428704261779785156e-01,4.106424748897552490e-01,5.072264671325683594e-01,9.314396858215332031e+00,1.412025833129882812e+01,1.511710071563720703e+01
2.043405609130859375e+02,1.104392845061275230e-27,1.223299950361251831e-01,6.035628318786621094e-01,3.899891078472137451e-01,4.995544552803039551e-01,8.785205841064453125e+00,1.294884109497070312e+01,1.378158378601074219e+01,5.257015582174062729e-03,1.216071397066116333e-01,6.026998162269592285e-01,3.893934488296508789e-01,4.988111853599548340e-01,8.751473426818847656e+00,1.288083934783935547e+01,1.370522117614746094e+01,8.055450394749641418e-03,1.290261149406433105e-01,6.177020668983459473e-01,4.006391465663909912e-01,5.119234919548034668e-01,9.348483085632324219e+00,1.413950061798095703e+01,1.512944507598876953e+01
2.048414001464843750e+02,9.015207773233680894e-28,9.626460820436477661e-02,5.728259682655334473e-01,3.754843175411224365e-01,5.031114220619201660e-01,8.847489356994628906e+00,1.303516006469726562e+01,1.387169742584228516e+01,4.214051179587841034e-03,9.562958776950836182e-02,5.720282793045043945e-01,3.749127686023712158e-01,5.023926496505737305e-01,8.814835548400878906e+00,1.296930122375488281e+01,1.379775238037109375e+01,6.955111864954233170e-03,1.022965013980865479e-01,5.856118202209472656e-01,3.852806091308593750e-01,5.147957801818847656e-01,9.381946563720703125e+00,1.416175174713134766e+01,1.514613819122314453e+01
2.053422393798828125e+02,7.359155984540997917e-28,7.575404644012451172e-02,5.372677445411682129e-01,3.567809164524078369e-01,5.042327642440795898e-01,8.908509254455566406e+00,1.312232685089111328e+01,1.396336078643798828e+01,3.536336123943328857e-03,7.517337799072265625e-02,5.365367531776428223e-01,3.562414646148681641e-01,5.035395622253417969e-01,8.876870155334472656e+00,1.305846405029296875e+01,1.389167022705078125e+01,6.195710971951484680e-03,8.121419697999954224e-02,5.487296581268310547e-01,3.657228648662567139e-01,5.152152180671691895e-01,9.414547920227050781e+00,1.418657112121582031e+01,1.516657733917236328e+01
2.058430786132812500e+02,6.007312534284056392e-28,5.961371585726737976e-02,4.987420439720153809e-01,3.350659608840942383e-01,5.024991035461425781e-01,8.967823982238769531e+00,1.320993995666503906e+01,1.405614852905273438e+01,3.097399836406111717e-03,5.906442925333976746e-02,4.980763792991638184e-01,3.345630764961242676e-01,5.018343329429626465e-01,8.937128067016601562e+00,1.314793014526367188e+01,1.398653888702392578e+01,5.511307623237371445e-03,6.459157913923263550e-02,5.089464783668518066e-01,3.431743979454040527e-01,5.127636194229125977e-01,9.445893287658691406e+00,1.421357917785644531e+01,1.519031524658203125e+01
2.063439025878906250e+02,4.903825935558112576e-28,4.691264405846595764e-02,4.588166773319244385e-01,3.114453852176666260e-01,4.977113306522369385e-01,9.024932861328125000e+00,1.329752826690673828e+01,1.414961338043212891e+01,3.633805550634860992e-03,4.623375833034515381e-02,4.582187235355377197e-01,3.109948933124542236e-01,4.970862567424774170e-01,8.994966506958007812e+00,1.323702526092529297e+01,1.408167457580566406e+01,5.461032036691904068e-03,5.139485746622085571e-02,4.678614735603332520e-01,3.187724947929382324e-01,5.072589516639709473e-01,9.475356101989746094e+00,1.424206829071044922e+01,1.521660232543945312e+01
2.068447418212890625e+02,4.003014574529759525e-28,3.691734373569488525e-02,4.187530279159545898e-01,2.868739664554595947e-01,4.898656308650970459e-01,9.079364776611328125e+00,1.338459491729736328e+01,1.424327278137207031e+01,4.332773853093385696e-03,3.607508540153503418e-02,4.182171523571014404e-01,2.864856719970703125e-01,4.892983734607696533e-01,9.050065040588378906e+00,1.332554912567138672e+01,1.417693710327148438e+01,6.154374685138463974e-03,4.082999378442764282e-02,4.267469942569732666e-01,2.934877872467041016e-01,4.987094104290008545e-01,9.502471923828125000e+00,1.427149105072021484e+01,1.524488353729248047e+01
2.073455810546875000e+02,3.267677910616942536e-28,2.905165962874889374e-02,3.795280754566192627e-01,2.621364891529083252e-01,4.791156053543090820e-01,9.130730628967285156e+00,1.347061729431152344e+01,1.433660888671875000e+01,4.761437885463237762e-03,2.817671932280063629e-02,3.790428340435028076e-01,2.618132531642913818e-01,4.786238670349121094e-01,9.102120399475097656e+00,1.341312694549560547e+01,1.427197647094726562e+01,6.473667919635772705e-03,3.253624588251113892e-02,3.865719139575958252e-01,2.680956423282623291e-01,4.872743189334869385e-01,9.527114868164062500e+00,1.430168247222900391e+01,1.527502727508544922e+01
2.078464050292968750e+02,2.667435602653168207e-28,2.286201901733875275e-02,3.418618738651275635e-01,2.378472834825515747e-01,4.657296240329742432e-01,9.178742408752441406e+00,1.355509185791015625e+01,1.442908191680908203e+01,5.253324285149574280e-03,2.191432565450668335e-02,3.414238095283508301e-01,2.375949025154113770e-01,4.653174281120300293e-01,9.150852203369140625e+00,1.349921703338623047e+01,1.436621570587158203e+01,6.834965664893388748e-03,2.588148415088653564e-02,3.480625152587890625e-01,2.432146668434143066e-01,4.732130467891693115e-01,9.549065589904785156e+00,1.433207893371582031e+01,1.530642318725585938e+01
2.083472442626953125e+02,2.177438580272223274e-28,1.799098402261734009e-02,3.062515258789062500e-01,2.144626080989837646e-01,4.500498175621032715e-01,9.223229408264160156e+00,1.363755035400390625e+01,1.452017116546630859e+01,5.728468298912048340e-03,1.684831455349922180e-02,3.058465123176574707e-01,2.142460346221923828e-01,4.496970772743225098e-01,9.196219444274902344e+00,1.358341407775878906e+01,1.445921611785888672e+01,7.207905407994985580e-03,2.028897963464260101e-02,3.116599023342132568e-01,2.189870476722717285e-01,4.569648504257202148e-01,9.568292617797851562e+00,1.436262321472167969e+01,1.533874893188476562e+01
2.088480834960937500e+02,1.777451699401538671e-28,1.415778230875730515e-02,2.730168700218200684e-01,1.923057734966278076e-01,4.324607849121093750e-01,9.264114379882812500e+00,1.371756839752197266e+01,1.460937023162841797e+01,5.866460036486387253e-03,1.289404090493917465e-02,2.724917829036712646e-01,1.910643726587295532e-01,4.326336383819580078e-01,9.237741470336914062e+00,1.366621589660644531e+01,1.455079841613769531e+01,7.252593059092760086e-03,1.552274357527494431e-02,2.777347564697265625e-01,1.926063597202301025e-01,4.407814741134643555e-01,9.582548141479492188e+00,1.439592933654785156e+01,1.537239646911621094e+01
2.093489074707031250e+02,1.450949758894542771e-28,1.114137005060911179e-02,2.423328906297683716e-01,1.715872287750244141e-01,4.133613109588623047e-01,9.301410675048828125e+00,1.379477882385253906e+01,1.469621086120605469e+01,5.669035483151674271e-03,1.009496580809354782e-02,2.418422549962997437e-01,1.656481921672821045e-01,4.161477982997894287e-01,9.273633956909179688e+00,1.374886226654052734e+01,1.464109611511230469e+01,6.928052287548780441e-03,1.204760279506444931e-02,2.470351755619049072e-01,1.642889529466629028e-01,4.254274666309356689e-01,9.592390060424804688e+00,1.442928600311279297e+01,1.540737056732177734e+01
2.098497467041015625e+02,1.184415860177796805e-28,8.767561055719852448e-03,2.142599523067474365e-01,1.524245887994766235e-01,3.931418955326080322e-01,9.335207939147949219e+00,1.386888504028320312e+01,1.478028774261474609e+01,5.498196929693222046e-03,8.423889055848121643e-03,2.139272540807723999e-01,1.424771845340728760e-01,3.982879519462585449e-01,9.306683540344238281e+00,1.382677364349365234e+01,1.472875308990478516e+01,6.712645292282104492e-03,1.015129499137401581e-02,2.177735716104507446e-01,1.434962004423141479e-01,4.054886698722839355e-01,9.603896141052246094e+00,1.445660686492919922e+01,1.544064807891845703e+01
2.103505859375000000e+02,9.668430728778846743e-29,6.899519823491573334e-03,1.887770891189575195e-01,1.348663419485092163e-01,3.721731603145599365e-01,9.365646362304687500e+00,1.393964862823486328e+01,1.486125087738037109e+01,5.448357202112674713e-03,7.367917336523532867e-03,1.882465630769729614e-01,1.239088177680969238e-01,3.780851662158966064e-01,9.337726593017578125e+00,1.389955139160156250e+01,1.481263923645019531e+01,6.727545522153377533e-03,9.019094519317150116e-03,1.915221214294433594e-01,1.257639527320861816e-01,3.838609457015991211e-01,9.612984657287597656e+00,1.448270511627197266e+01,1.547218990325927734e+01
2.108514251708984375e+02,7.892381467488686552e-29,5.429494660347700119e-03,1.658015400171279907e-01,1.189064085483551025e-01,3.507938385009765625e-01,9.392907142639160156e+00,1.400689697265625000e+01,1.493881416320800781e+01,5.447358824312686920e-03,6.490803323686122894e-03,1.651842892169952393e-01,1.082265749573707581e-01,3.570341765880584717e-01,9.365410804748535156e+00,1.396870899200439453e+01,1.489275836944580078e+01,6.835687439888715744e-03,8.176229894161224365e-03,1.681053787469863892e-01,1.100640669465065002e-01,3.620217442512512207e-01,9.619204521179199219e+00,1.450776767730712891e+01,1.550259780883789062e+01
2.113522491455078125e+02,6.442627470348365207e-29,4.272709600627422333e-03,1.452091038227081299e-01,1.044997498393058777e-01,3.293058872222900391e-01,9.417199134826660156e+00,1.407051753997802734e+01,1.501275730133056641e+01,5.301812198013067245e-03,5.376400426030158997e-03,1.447115242481231689e-01,9.478839486837387085e-02,3.359787762165069580e-01,9.389569282531738281e+00,1.403453254699707031e+01,1.496928977966308594e+01,7.012020796537399292e-03,7.508965674787759781e-03,1.473291367292404175e-01,9.649811685085296631e-02,3.403872549533843994e-01,9.622740745544433594e+00,1.453156852722167969e+01,1.553172779083251953e+01
2.118530883789062500e+02,5.259146528787946880e-29,3.362358780577778816e-03,1.268467307090759277e-01,9.157256782054901123e-02,3.079692721366882324e-01,9.438748359680175781e+00,1.413045310974121094e+01,1.508292865753173828e+01,5.777893122285604477e-03,5.972325336188077927e-03,1.265912652015686035e-01,8.344995230436325073e-02,3.154154419898986816e-01,9.409651756286621094e+00,1.409598541259765625e+01,1.504091739654541016e+01,7.253079209476709366e-03,7.010764442384243011e-03,1.289998292922973633e-01,8.498557657003402710e-02,3.193219900131225586e-01,9.623797416687011719e+00,1.455398368835449219e+01,1.555942058563232422e+01
2.123539276123046875e+02,4.293064258423405926e-29,2.645968925207853317e-03,1.105480566620826721e-01,8.003447204828262329e-02,2.870054841041564941e-01,9.457783699035644531e+00,1.418669700622558594e+01,1.514923286437988281e+01,6.340734194964170456e-03,6.669171620160341263e-03,1.106695234775543213e-01,7.381463050842285156e-02,2.956590652465820312e-01,9.426422119140625000e+00,1.415378952026367188e+01,1.510851669311523438e+01,7.818073965609073639e-03,7.743918336927890778e-03,1.128618419170379639e-01,7.529698312282562256e-02,2.991709709167480469e-01,9.622331619262695312e+00,1.457451343536376953e+01,1.558503437042236328e+01
2.128547515869140625e+02,3.504468770422854987e-29,2.082228893414139748e-03,9.614005684852600098e-02,6.978441774845123291e-02,2.665967047214508057e-01,9.474534034729003906e+00,1.423927879333496094e+01,1.521162605285644531e+01,7.013575639575719833e-03,7.503045257180929184e-03,9.676189720630645752e-02,6.559000164270401001e-02,2.769627869129180908e-01,9.440143585205078125e+00,1.420792484283447266e+01,1.517204761505126953e+01,8.528857491910457611e-03,8.664966560900211334e-03,9.877812862396240234e-02,6.722402572631835938e-02,2.801525890827178955e-01,9.618864059448242188e+00,1.459355068206787109e+01,1.560900878906250000e+01
2.133555908203125000e+02,2.860712843889946119e-29,1.638584886677563190e-03,8.344846218824386597e-02,6.071563810110092163e-02,2.468866109848022461e-01,9.489223480224609375e+00,1.428827285766601562e+01,1.527011966705322266e+01,7.797238882631063461e-03,8.461931720376014709e-03,8.474421501159667969e-02,5.850777029991149902e-02,2.594855725765228271e-01,9.451119422912597656e+00,1.425842761993408203e+01,1.523149776458740234e+01,9.334431029856204987e-03,9.715433232486248016e-03,8.659865707159042358e-02,6.042361259460449219e-02,2.624500095844268799e-01,9.613723754882812500e+00,1.461116027832031250e+01,1.563136672973632812e+01
2.138564300537109375e+02,2.335211724281397828e-29,1.289464416913688183e-03,7.230515778064727783e-02,5.272173881530761719e-02,2.279872447252273560e-01,9.502063751220703125e+00,1.433377552032470703e+01,1.532475948333740234e+01,8.706061169505119324e-03,9.548354893922805786e-03,7.455236464738845825e-02,5.233805999159812927e-02,2.433034777641296387e-01,9.459656715393066406e+00,1.430533885955810547e+01,1.528686237335205078e+01,1.023973617702722549e-02,1.088165212422609329e-02,7.624742388725280762e-02,5.464248359203338623e-02,2.461531609296798706e-01,9.607198715209960938e+00,1.462734031677246094e+01,1.565207099914550781e+01
2.143572692871093750e+02,1.906243028310398766e-29,1.014728215523064137e-03,6.254951655864715576e-02,4.569848254323005676e-02,2.099801003932952881e-01,9.513255119323730469e+00,1.437591075897216797e+01,1.537563037872314453e+01,9.771681390702724457e-03,1.078137289732694626e-02,6.605985760688781738e-02,4.689838737249374390e-02,2.284272760152816772e-01,9.466075897216796875e+00,1.434871578216552734e+01,1.533817100524902344e+01,1.126951538026332855e-02,1.216371916234493256e-02,6.766351312398910522e-02,4.967499151825904846e-02,2.312834113836288452e-01,9.599579811096191406e+00,1.464207935333251953e+01,1.567105960845947266e+01
2.148580932617187500e+02,1.556083385663725395e-29,7.985336123965680599e-04,5.403117835521697998e-02,3.954636305570602417e-02,1.929208487272262573e-01,9.522982597351074219e+00,1.441481781005859375e+01,1.542284393310546875e+01,1.103866379708051682e-02,1.218480896204710007e-02,5.892644450068473816e-02,4.206238687038421631e-02,2.148379981517791748e-01,9.470735549926757812e+00,1.438869571685791016e+01,1.538555717468261719e+01,1.245552767068147659e-02,1.355907879769802094e-02,6.071126088500022888e-02,4.536747932434082031e-02,2.178205996751785278e-01,9.591135978698730469e+00,1.465539264678955078e+01,1.568833160400390625e+01
2.153589324951171875e+02,1.270236863317771850e-29,6.283960537984967232e-04,4.661021381616592407e-02,3.417129814624786377e-02,1.768411546945571899e-01,9.531416893005371094e+00,1.445065116882324219e+01,1.546653842926025391e+01,1.255763694643974304e-02,1.375092286616563797e-02,5.268667638301849365e-02,3.774345293641090393e-02,2.024986445903778076e-01,9.473981857299804688e+00,1.442548656463623047e+01,1.542923545837402344e+01,1.382277999073266983e-02,1.502901501953601837e-02,5.523340404033660889e-02,4.160634055733680725e-02,2.057103216648101807e-01,9.582118034362792969e+00,1.466733932495117188e+01,1.570391464233398438e+01
2.158597717285156250e+02,1.036899165809490332e-29,4.945083055645227432e-04,4.015917330980300903e-02,2.948653325438499451e-02,1.617551594972610474e-01,9.538712501525878906e+00,1.448357486724853516e+01,1.550686454772949219e+01,1.436594780534505844e-02,1.542713213711977005e-02,4.694212973117828369e-02,3.388892114162445068e-02,1.913511753082275391e-01,9.476127624511718750e+00,1.445930671691894531e+01,1.546944713592529297e+01,1.536833588033914566e-02,1.651331037282943726e-02,5.108830332756042480e-02,3.832946345210075378e-02,1.948663443326950073e-01,9.572762489318847656e+00,1.467799568176269531e+01,1.571785163879394531e+01
2.163605957031250000e+02,8.464298852926459375e-30,3.891498490702360868e-04,3.456224501132965088e-02,2.541236579418182373e-02,1.476610898971557617e-01,9.545009613037109375e+00,1.451375389099121094e+01,1.554398536682128906e+01,1.642779819667339325e-02,1.705468632280826569e-02,4.149452969431877136e-02,3.049691766500473022e-02,1.813319474458694458e-01,9.477395057678222656e+00,1.449039936065673828e+01,1.550644588470458984e+01,1.705239899456501007e-02,1.793308742344379425e-02,4.810186102986335754e-02,3.552243858575820923e-02,1.851921826601028442e-01,9.563257217407226562e+00,1.468746089935302734e+01,1.573025512695312500e+01
2.168614349365234375e+02,6.909445955941265137e-30,3.062369360122829676e-04,2.971455454826354980e-02,2.187596820294857025e-02,1.345431059598922729e-01,9.550436019897460938e+00,1.454136085510253906e+01,1.557807731628417969e+01,1.857620850205421448e-02,1.837017945945262909e-02,3.636831045150756836e-02,2.762861922383308411e-02,1.723845601081848145e-01,9.477926254272460938e+00,1.451902484893798828e+01,1.554049587249755859e+01,1.881330274045467377e-02,1.921986043453216553e-02,4.604808241128921509e-02,3.317734971642494202e-02,1.765931099653244019e-01,9.553787231445312500e+00,1.469586086273193359e+01,1.574127483367919922e+01
2.173622741699218750e+02,5.640215992872543239e-30,2.409897861070930958e-04,2.552260830998420715e-02,1.881191693246364594e-02,1.223764345049858093e-01,9.555100440979003906e+00,1.456656551361083984e+01,1.560931873321533203e+01,2.056212723255157471e-02,1.915381476283073425e-02,3.171039372682571411e-02,2.534508146345615387e-02,1.644511222839355469e-01,9.477841377258300781e+00,1.454541969299316406e+01,1.557183074951171875e+01,2.059213817119598389e-02,2.036342583596706390e-02,4.467641934752464294e-02,3.125190734863281250e-02,1.689753830432891846e-01,9.544518470764160156e+00,1.470331859588623047e+01,1.575107955932617188e+01
2.178630981445312500e+02,4.604164612396775554e-30,1.896455942187458277e-04,2.190304920077323914e-02,1.616149768233299255e-02,1.111283004283905029e-01,9.559103965759277344e+00,1.458952999114990234e+01,1.563788414001464844e+01,2.214556559920310974e-02,1.931927539408206940e-02,2.771036885678768158e-02,2.364942058920860291e-02,1.574663370847702026e-01,9.477243423461914062e+00,1.456975555419921875e+01,1.560064697265625000e+01,2.234632894396781921e-02,2.137288637459278107e-02,4.378603771328926086e-02,2.968624047935009003e-02,1.622425764799118042e-01,9.535577774047851562e+00,1.470993804931640625e+01,1.575982475280761719e+01
2.183639373779296875e+02,3.758402257432119771e-30,1.492394512752071023e-04,1.878166757524013519e-02,1.387212052941322327e-02,1.007591187953948975e-01,9.562534332275390625e+00,1.461042213439941406e+01,1.566395664215087891e+01,2.318221516907215118e-02,1.894197613000869751e-02,2.447907254099845886e-02,2.248336188495159149e-02,1.513596326112747192e-01,9.476197242736816406e+00,1.459219169616699219e+01,1.562706375122070312e+01,2.404826693236827850e-02,2.224895730614662170e-02,4.323697462677955627e-02,2.842795662581920624e-02,1.562978923320770264e-01,9.527043342590332031e+00,1.471583652496337891e+01,1.576763725280761719e+01
2.188647766113281250e+02,3.068001699431463425e-30,1.174422868643887341e-04,1.609324291348457336e-02,1.189733669161796570e-02,9.122619032859802246e-02,9.565469741821289062e+00,1.462939453125000000e+01,1.568770694732666016e+01,2.366121299564838409e-02,1.822472922503948212e-02,2.196600660681724548e-02,2.175441384315490723e-02,1.460408270359039307e-01,9.474794387817382812e+00,1.461283206939697266e+01,1.565120124816894531e+01,2.567790634930133820e-02,2.302001416683197021e-02,4.291874542832374573e-02,2.741705626249313354e-02,1.510499417781829834e-01,9.518982887268066406e+00,1.472108364105224609e+01,1.577462673187255859e+01
2.193656158447265625e+02,2.504424004426898823e-30,9.241985389962792397e-05,1.378028094768524170e-02,1.019601617008447647e-02,8.248381316661834717e-02,9.567977905273437500e+00,1.464659881591796875e+01,1.570930767059326172e+01,2.365511283278465271e-02,1.737171597778797150e-02,2.002341486513614655e-02,2.139330469071865082e-02,1.414111256599426270e-01,9.473090171813964844e+00,1.463179111480712891e+01,1.567316913604736328e+01,2.722471021115779877e-02,2.368545345962047577e-02,4.275520145893096924e-02,2.662180364131927490e-02,1.464141905307769775e-01,9.511415481567382812e+00,1.472576904296875000e+01,1.578089332580566406e+01
2.198664398193359375e+02,2.044385544554626489e-30,7.272925722645595670e-05,1.179242134094238281e-02,8.731986396014690399e-03,7.448500394821166992e-02,9.570116996765136719e+00,1.466217708587646484e+01,1.572891807556152344e+01,2.327215299010276794e-02,1.653746142983436584e-02,1.846552267670631409e-02,2.135485969483852386e-02,1.373579055070877075e-01,9.471179008483886719e+00,1.464918994903564453e+01,1.569307994842529297e+01,2.868165262043476105e-02,2.425309829413890839e-02,4.268034920096397400e-02,2.601665072143077850e-02,1.423126757144927979e-01,9.504364013671875000e+00,1.472996425628662109e+01,1.578650569915771484e+01
2.203672790527343750e+02,1.668841242461267918e-30,5.723342837882228196e-05,1.008545327931642532e-02,7.473376579582691193e-03,6.718160957098007202e-02,9.571938514709472656e+00,1.467626380920410156e+01,1.574669837951660156e+01,2.261624485254287720e-02,1.581470482051372528e-02,1.712004840373992920e-02,2.163167670369148254e-02,1.337602585554122925e-01,9.469141006469726562e+00,1.466513347625732422e+01,1.571107578277587891e+01,3.005168400704860687e-02,2.468488924205303192e-02,4.262251034379005432e-02,2.562460303306579590e-02,1.386673003435134888e-01,9.497808456420898438e+00,1.473376750946044922e+01,1.579155063629150391e+01
2.208681182861328125e+02,1.362282283958910309e-30,4.503916352405212820e-05,8.620984852313995361e-03,6.392424926161766052e-03,6.052647531032562256e-02,9.573490142822265625e+00,1.468898582458496094e+01,1.576279544830322266e+01,2.177648246288299561e-02,1.526847481727600098e-02,1.582505740225315094e-02,2.223650179803371429e-02,1.304739862680435181e-01,9.467154502868652344e+00,1.467963981628417969e+01,1.572732257843017578e+01,3.133888542652130127e-02,2.496624551713466644e-02,4.244616627693176270e-02,2.550401166081428528e-02,1.353911161422729492e-01,9.491765022277832031e+00,1.473725795745849609e+01,1.579610919952392578e+01
2.213689422607421875e+02,1.112043798872246270e-30,3.544328865245915949e-05,7.365586236119270325e-03,5.464888177812099457e-03,5.447332561016082764e-02,9.574807167053222656e+00,1.470046138763427734e+01,1.577734756469726562e+01,2.082369849085807800e-02,1.495021674782037735e-02,1.443837303668260574e-02,2.321313135325908661e-02,1.273414790630340576e-01,9.465435028076171875e+00,1.469265365600585938e+01,1.574200153350830078e+01,3.257726505398750305e-02,2.497184649109840393e-02,4.170131683349609375e-02,2.602326683700084686e-02,1.323083788156509399e-01,9.486262321472167969e+00,1.474063014984130859e+01,1.580030632019042969e+01
2.218697814941406250e+02,9.077660144281568839e-31,2.789166137517895550e-05,6.290121003985404968e-03,4.669580142945051193e-03,4.897671937942504883e-02,9.575925827026367188e+00,1.471080112457275391e+01,1.579048919677734375e+01,1.981739699840545654e-02,1.490262523293495178e-02,1.285562198609113693e-02,2.461153268814086914e-02,1.242160797119140625e-01,9.464218139648437500e+00,1.470403003692626953e+01,1.575530624389648438e+01,3.371652588248252869e-02,2.517303824424743652e-02,3.609077632427215576e-02,3.069959580898284912e-02,1.279539018869400024e-01,9.482394218444824219e+00,1.474414730072021484e+01,1.580460643768310547e+01
2.223706207275390625e+02,7.410132070069491516e-31,2.194900116592179984e-05,5.369440652430057526e-03,3.988173324614763260e-03,4.399355128407478333e-02,9.576872825622558594e+00,1.472010803222656250e+01,1.580234146118164062e+01,1.881419308483600616e-02,1.511907577514648438e-02,1.108038239181041718e-02,2.637550607323646545e-02,1.210363209247589111e-01,9.463638305664062500e+00,1.471370601654052734e+01,1.576741218566894531e+01,2.773905918002128601e-02,2.733491361141204834e-02,2.127401344478130341e-02,4.945736750960350037e-02,1.184064596891403198e-01,9.485490798950195312e+00,1.474327468872070312e+01,1.581180286407470703e+01
2.228714599609375000e+02,6.048923717749492449e-31,1.727250855765305459e-05,4.581751767545938492e-03,3.404751885682344437e-03,3.948253020644187927e-02,9.577675819396972656e+00,1.472847652435302734e+01,1.581301879882812500e+01,1.786798797547817230e-02,1.551409997045993805e-02,9.262534789741039276e-03,2.832106873393058777e-02,1.178790479898452759e-01,9.463532447814941406e+00,1.472191238403320312e+01,1.577840614318847656e+01,2.615927904844284058e-02,2.658781409263610840e-02,1.999907568097114563e-02,5.519001185894012451e-02,1.105326116085052490e-01,9.485106468200683594e+00,1.474510574340820312e+01,1.581610012054443359e+01
2.233722839355468750e+02,4.937795205798570445e-31,1.359250018140301108e-05,3.908239770680665970e-03,2.905549248680472374e-03,3.540467098355293274e-02,9.578354835510253906e+00,1.473599529266357422e+01,1.582262802124023438e+01,1.701704040169715881e-02,1.596530899405479431e-02,7.597659714519977570e-03,3.020795807242393494e-02,1.148912608623504639e-01,9.463618278503417969e+00,1.472903442382812500e+01,1.578832626342773438e+01,2.654602378606796265e-02,2.663606964051723480e-02,1.963062211871147156e-02,5.661093071103096008e-02,1.071464493870735168e-01,9.482151985168457031e+00,1.474697303771972656e+01,1.581908607482910156e+01
2.238731231689453125e+02,4.030744738291646103e-31,1.069645986717659980e-05,3.332617925480008125e-03,2.478626556694507599e-03,3.172291442751884460e-02,9.578927040100097656e+00,1.474274253845214844e+01,1.583126831054687500e+01,1.627543196082115173e-02,1.639063842594623566e-02,6.192328408360481262e-03,3.190847113728523254e-02,1.121659204363822937e-01,9.463674545288085938e+00,1.473538684844970703e+01,1.579721641540527344e+01,2.690649032592773438e-02,2.688891440629959106e-02,1.932716183364391327e-02,5.761575698852539062e-02,1.047362834215164185e-01,9.479093551635742188e+00,1.474858093261718750e+01,1.582163238525390625e+01
2.243739624023437500e+02,3.290314952640897070e-31,8.417452590947505087e-06,2.840909874066710472e-03,2.113722963258624077e-03,2.840290591120719910e-02,9.579411506652832031e+00,1.474879455566406250e+01,1.583902835845947266e+01,1.563660800457000732e-02,1.675637252628803253e-02,5.053585860878229141e-03,3.337569534778594971e-02,1.097344309091567993e-01,9.463640213012695312e+00,1.474112606048583984e+01,1.580515861511230469e+01,2.721937745809555054e-02,2.712599374353885651e-02,1.906643435359001160e-02,5.852740257978439331e-02,1.026197746396064758e-01,9.476300239562988281e+00,1.475001621246337891e+01,1.582390594482421875e+01
2.248747863769531250e+02,2.685914783860524133e-31,6.624062734772451222e-06,2.421079901978373528e-03,1.801989972591400146e-03,2.541257627308368683e-02,9.579818725585937500e+00,1.475421619415283203e+01,1.584599399566650391e+01,1.508727949112653732e-02,1.706204190850257874e-02,4.138962365686893463e-03,3.463403880596160889e-02,1.075780838727951050e-01,9.463516235351562500e+00,1.474632835388183594e+01,1.581225490570068359e+01,2.749698236584663391e-02,2.734034880995750427e-02,1.884629763662815094e-02,5.936885252594947815e-02,1.007153764367103577e-01,9.473775863647460938e+00,1.475129127502441406e+01,1.582594680786132812e+01
2.253756256103515625e+02,2.192523834693274904e-31,5.212726591707905754e-06,2.062744460999965668e-03,1.535783172585070133e-03,2.272189036011695862e-02,9.580162048339843750e+00,1.475907135009765625e+01,1.585223960876464844e+01,1.459616236388683319e-02,1.727472804486751556e-02,3.277774201706051826e-03,3.563515096902847290e-02,1.057210713624954224e-01,9.463355064392089844e+00,1.475111007690429688e+01,1.581870174407958984e+01,2.774574793875217438e-02,2.752980217337608337e-02,1.867396570742130280e-02,6.015958264470100403e-02,9.898936003446578979e-02,9.471487045288085938e+00,1.475242519378662109e+01,1.582777214050292969e+01
2.258764648437500000e+02,1.789766321160866015e-31,4.102091679669683799e-06,1.757021411322057247e-03,1.308555598370730877e-03,2.030331082642078400e-02,9.580450057983398438e+00,1.476341629028320312e+01,1.585783576965332031e+01,1.417757105082273483e-02,1.747501268982887268e-02,2.620734740048646927e-03,3.655394911766052246e-02,1.040431037545204163e-01,9.463132858276367188e+00,1.475539398193359375e+01,1.582440090179443359e+01,2.796875685453414917e-02,2.770218253135681152e-02,1.853653974831104279e-02,6.089122220873832703e-02,9.743405878543853760e-02,9.469422340393066406e+00,1.475343322753906250e+01,1.582939338684082031e+01
2.263772888183593750e+02,1.461002532980232576e-31,3.228114337616716512e-06,1.496283686719834805e-03,1.114679267629981041e-03,1.813142560422420502e-02,9.580693244934082031e+00,1.476730155944824219e+01,1.586284637451171875e+01,1.381427608430385590e-02,1.764813065528869629e-02,2.074826974421739578e-03,3.736516833305358887e-02,1.025468707084655762e-01,9.462889671325683594e+00,1.475924491882324219e+01,1.582948970794677734e+01,2.816827781498432159e-02,2.785919979214668274e-02,1.842776127159595490e-02,6.156452000141143799e-02,9.603603184223175049e-02,9.467559814453125000e+00,1.475431728363037109e+01,1.583084869384765625e+01
2.268781280517578125e+02,1.192622243909248895e-31,2.540324430810869671e-06,1.273969653993844986e-03,9.493074612691998482e-04,1.618267595767974854e-02,9.580896377563476562e+00,1.477077293395996094e+01,1.586732959747314453e+01,1.349923573434352875e-02,1.780026219785213470e-02,1.609742292203009129e-03,3.810432180762290955e-02,1.012021005153656006e-01,9.462636947631835938e+00,1.476271343231201172e+01,1.583402252197265625e+01,2.834829688072204590e-02,2.799783833324909210e-02,1.835387386381626129e-02,6.219506263732910156e-02,9.476793557405471802e-02,9.465882301330566406e+00,1.475510215759277344e+01,1.583213424682617188e+01
2.273789672851562500e+02,9.735421291370344106e-32,1.999076403080835007e-06,1.084479154087603092e-03,8.083000429905951023e-04,1.443564519286155701e-02,9.581066131591796875e+00,1.477387332916259766e+01,1.587133884429931641e+01,1.322235912084579468e-02,1.793971471488475800e-02,1.194932032376527786e-03,3.878256306052207947e-02,9.999013692140579224e-02,9.462433815002441406e+00,1.476575946807861328e+01,1.583808612823486328e+01,2.850984036922454834e-02,2.812419831752777100e-02,1.829841919243335724e-02,6.277264654636383057e-02,9.362983703613281250e-02,9.464372634887695312e+00,1.475579643249511719e+01,1.583327674865722656e+01
2.278798065185546875e+02,7.947061214101366794e-32,1.573147869748936500e-06,9.230104624293744564e-04,6.881036097183823586e-04,1.287068147212266922e-02,9.581209182739257812e+00,1.477664089202880859e+01,1.587491989135742188e+01,1.297534722834825516e-02,1.808014884591102600e-02,7.920765783637762070e-04,3.944681584835052490e-02,9.887493401765823364e-02,9.462292671203613281e+00,1.476838397979736328e+01,1.584176349639892578e+01,2.865478582680225372e-02,2.823808416724205017e-02,1.826092787086963654e-02,6.330275535583496094e-02,9.260629117488861084e-02,9.463010787963867188e+00,1.475641059875488281e+01,1.583429527282714844e+01
2.283806304931640625e+02,6.487255922117446718e-32,1.237977699020120781e-06,7.854581926949322224e-04,5.856781499460339546e-04,1.146988756954669952e-02,9.581327438354492188e+00,1.477910995483398438e+01,1.587811851501464844e+01,1.274915225803852081e-02,1.823374629020690918e-02,3.641658695414662361e-04,4.012993350625038147e-02,9.782689064741134644e-02,9.462127685546875000e+00,1.477088451385498047e+01,1.584493541717529297e+01,2.878421731293201447e-02,2.834184840321540833e-02,1.823377609252929688e-02,6.378317624330520630e-02,9.169083088636398315e-02,9.461789131164550781e+00,1.475694847106933594e+01,1.583520698547363281e+01
2.288814697265625000e+02,5.295575014084336311e-32,9.742118436406599358e-07,6.683006067760288715e-04,4.984136903658509254e-04,1.021684240549802780e-02,9.581426620483398438e+00,1.478131103515625000e+01,1.588097381591796875e+01,1.255274005234241486e-02,1.837104558944702148e-02,0.000000000000000000e+00,4.076333343982696533e-02,9.687338024377822876e-02,9.461806297302246094e+00,1.477323913574218750e+01,1.584780502319335938e+01,2.890078537166118622e-02,2.843219786882400513e-02,1.822380535304546356e-02,6.422909349203109741e-02,9.086120873689651489e-02,9.460693359375000000e+00,1.475743198394775391e+01,1.583600711822509766e+01
2.293823089599609375e+02,4.322802598648220334e-32,7.666447459087066818e-07,5.685384967364370823e-04,4.240860871504992247e-04,9.096735157072544098e-03,9.581509590148925781e+00,1.478327369689941406e+01,1.588352108001708984e+01,1.239080075174570084e-02,1.846658810973167419e-02,0.000000000000000000e+00,4.124907031655311584e-02,9.606493264436721802e-02,9.461606025695800781e+00,1.477522850036621094e+01,1.585036087036132812e+01,2.900540456175804138e-02,2.851488068699836731e-02,1.822062581777572632e-02,6.463286280632019043e-02,9.011986851692199707e-02,9.459709167480468750e+00,1.475785350799560547e+01,1.583672332763671875e+01
2.298831329345703125e+02,3.528752050437537244e-32,6.033079671396990307e-07,1.354867458343505859e+00,5.481619238853454590e-01,1.952518895268440247e-02,9.582667350769042969e+00,1.478509140014648438e+01,1.588579845428466797e+01,3.079188428819179535e-02,3.916778787970542908e-02,1.500081300735473633e+00,6.184531450271606445e-01,4.865203797817230225e-02,9.321048736572265625e+00,1.494972229003906250e+01,1.581874847412109375e+01,4.927431046962738037e-02,4.956280440092086792e-02,1.658040285110473633e+00,6.494843959808349609e-01,6.212170422077178955e-02,9.080644607543945312e+00,1.509816646575927734e+01,1.570575809478759766e+01
2.303839721679687500e+02,2.880535388504981082e-32,4.747659829718031688e-07,8.871192336082458496e-01,6.205222010612487793e-01,7.896737009286880493e-02,9.598188400268554688e+00,1.478893852233886719e+01,1.588830947875976562e+01,8.019654080271720886e-03,2.443600259721279144e-02,8.895294070243835449e-01,6.260303854942321777e-01,8.150278776884078979e-02,9.636691093444824219e+00,1.489874553680419922e+01,1.601115798950195312e+01,8.169298060238361359e-03,3.006330318748950958e-02,8.968020081520080566e-01,6.425145268440246582e-01,8.850921690464019775e-02,9.643792152404785156e+00,1.496290206909179688e+01,1.608029937744140625e+01
2.308848114013671875e+02,2.351393218638051736e-32,3.736113569630106213e-07,6.247159838676452637e-01,5.144838094711303711e-01,1.552978605031967163e-01,9.637678146362304688e+00,1.480010795593261719e+01,1.589351558685302734e+01,6.325071211904287338e-03,1.929568313062191010e-02,6.256991028785705566e-01,5.173524022102355957e-01,1.571946889162063599e-01,9.668039321899414062e+00,1.488231849670410156e+01,1.598582172393798828e+01,7.274390198290348053e-03,2.126854844391345978e-02,6.278089880943298340e-01,5.196876525878906250e-01,1.585527360439300537e-01,9.750086784362792969e+00,1.506902027130126953e+01,1.619935035705566406e+01
2.313856353759765625e+02,1.919463843836950155e-32,2.940110448435007129e-07,4.529335200786590576e-01,3.943611979484558105e-01,2.186380326747894287e-01,9.694338798522949219e+00,1.482174968719482422e+01,1.590500640869140625e+01,5.789763294160366058e-03,1.495475973933935165e-02,4.535622894763946533e-01,3.965508043766021729e-01,2.205883562564849854e-01,9.709105491638183594e+00,1.486846160888671875e+01,1.595678615570068359e+01,6.103119812905788422e-03,1.679776608943939209e-02,4.559175670146942139e-01,3.989697098731994629e-01,2.224526405334472656e-01,9.833241462707519531e+00,1.514574718475341797e+01,1.627382278442382812e+01
2.318864746093750000e+02,1.566866084847349261e-32,2.313683609145300579e-07,3.319684267044067383e-01,2.947484552860260010e-01,2.603465914726257324e-01,9.757210731506347656e+00,1.485352611541748047e+01,1.592521953582763672e+01,5.743965040892362595e-03,1.114119775593280792e-02,3.325783908367156982e-01,2.969314754009246826e-01,2.626450359821319580e-01,9.758818626403808594e+00,1.487320995330810547e+01,1.594595909118652344e+01,6.618559360504150391e-03,1.286706328392028809e-02,3.349258899688720703e-01,2.993588745594024658e-01,2.649679481983184814e-01,9.907996177673339844e+00,1.520340728759765625e+01,1.632290840148925781e+01
2.323873138427734375e+02,1.279038946208819525e-32,1.820724406798035488e-07,2.442712187767028809e-01,2.183921337127685547e-01,2.820596396923065186e-01,9.817975997924804688e+00,1.489317893981933594e+01,1.595459842681884766e+01,5.679368972778320312e-03,8.500318974256515503e-03,2.450501769781112671e-01,2.210070043802261353e-01,2.850174903869628906e-01,9.809368133544921875e+00,1.489439487457275391e+01,1.595400238037109375e+01,7.166230119764804840e-03,1.008696667850017548e-02,2.472493350505828857e-01,2.233110815286636353e-01,2.875920534133911133e-01,9.970644950866699219e+00,1.524892520904541016e+01,1.635807228088378906e+01
2.328881530761718750e+02,1.044084367975925460e-32,1.432796210565356887e-07,1.799980551004409790e-01,1.613235026597976685e-01,2.883664667606353760e-01,9.872053146362304688e+00,1.493796539306640625e+01,1.599201011657714844e+01,5.615986417979001999e-03,7.566916756331920624e-03,1.810396015644073486e-01,1.646879166364669800e-01,2.920897901058197021e-01,9.855819702148437500e+00,1.492666816711425781e+01,1.597698974609375000e+01,7.259222213178873062e-03,9.059986099600791931e-03,1.830401867628097534e-01,1.668169796466827393e-01,2.947411537170410156e-01,1.002009582519531250e+01,1.528602981567382812e+01,1.638600349426269531e+01
2.333889770507812500e+02,8.522953382047673926e-33,1.127528932443055965e-07,1.327073574066162109e-01,1.190410628914833069e-01,2.838484346866607666e-01,9.917689323425292969e+00,1.498538208007812500e+01,1.603548622131347656e+01,5.401843227446079254e-03,6.148454733192920685e-03,1.327993422746658325e-01,1.206750944256782532e-01,2.886717915534973145e-01,9.897509574890136719e+00,1.496779823303222656e+01,1.601271247863769531e+01,7.260756567120552063e-03,7.847894914448261261e-03,1.344569176435470581e-01,1.223864257335662842e-01,2.913607954978942871e-01,1.005851459503173828e+01,1.531910896301269531e+01,1.641211318969726562e+01
2.338898162841796875e+02,6.957319068343192569e-33,8.872947176996603957e-08,9.786032885313034058e-02,8.780761063098907471e-02,2.722221016883850098e-01,9.954840660095214844e+00,1.503342533111572266e+01,1.608285331726074219e+01,5.980124697089195251e-03,5.730360746383666992e-03,9.889725595712661743e-02,7.967525720596313477e-02,2.846360206604003906e-01,9.923993110656738281e+00,1.501682090759277344e+01,1.605842208862304688e+01,7.771898992359638214e-03,6.741128396242856979e-03,1.004834994673728943e-01,8.148878812789916992e-02,2.872900664806365967e-01,1.007740974426269531e+01,1.535225296020507812e+01,1.643961143493652344e+01
2.343906555175781250e+02,5.679292222770431033e-33,6.982464384464037721e-08,7.217038422822952271e-02,6.476170569658279419e-02,2.562635242938995361e-01,9.984316825866699219e+00,1.508061027526855469e+01,1.613209724426269531e+01,7.602769415825605392e-03,7.718709297478199005e-03,7.383931428194046021e-02,6.254003942012786865e-02,2.694301903247833252e-01,9.947495460510253906e+00,1.505863380432128906e+01,1.610174942016601562e+01,9.107784368097782135e-03,8.741912432014942169e-03,7.526061683893203735e-02,6.392420083284378052e-02,2.720224261283874512e-01,1.009129905700683594e+01,1.537340831756591797e+01,1.645928764343261719e+01
2.348914794921875000e+02,4.636061190224805628e-33,5.494809229844577203e-08,5.322783812880516052e-02,4.776373133063316345e-02,2.379595488309860229e-01,1.000726222991943359e+01,1.512590503692626953e+01,1.618153762817382812e+01,9.588344022631645203e-03,1.015043538063764572e-02,5.623631179332733154e-02,5.087196826934814453e-02,2.527182996273040771e-01,9.963990211486816406e+00,1.510023689270019531e+01,1.614642524719238281e+01,1.093401387333869934e-02,1.136990729719400406e-02,5.783979594707489014e-02,5.319207906723022461e-02,2.551551759243011475e-01,1.009635162353515625e+01,1.539131164550781250e+01,1.647689819335937500e+01
2.353923187255859375e+02,3.784440512309013302e-33,4.324079583284401451e-08,3.925854712724685669e-02,3.522735089063644409e-02,2.186887711286544800e-01,1.165766811370849609e+01,1.545128440856933594e+01,1.627469444274902344e+01,1.207121089100837708e-02,1.188551913946866989e-02,4.377511516213417053e-02,4.269008338451385498e-02,2.394603341817855835e-01,1.159377861022949219e+01,1.542869949340820312e+01,1.624154281616210938e+01,1.331539731472730637e-02,1.319279801100492477e-02,4.695356264710426331e-02,4.610970988869667053e-02,2.418845891952514648e-01,1.174141597747802734e+01,1.568578052520751953e+01,1.652464294433593750e+01
2.358931579589843750e+02,3.089255357284620262e-33,3.402783121941865829e-08,2.895664423704147339e-02,2.598204649984836578e-02,1.993837356567382812e-01,1.119636344909667969e+01,1.575131702423095703e+01,1.653545379638671875e+01,1.660292223095893860e-02,1.589529588818550110e-02,3.287404403090476990e-02,3.496764600276947021e-02,2.234709113836288452e-01,1.112836933135986328e+01,1.572602844238281250e+01,1.649861145019531250e+01,1.615236513316631317e-02,1.680677570402622223e-02,3.889152780175209045e-02,4.031696170568466187e-02,2.262602746486663818e-01,1.124958038330078125e+01,1.596520996093750000e+01,1.676007652282714844e+01
2.363939971923828125e+02,2.521772235113714216e-33,2.677779242787892144e-08,2.135911770164966583e-02,1.916385628283023834e-02,1.806535273790359497e-01,1.093341350555419922e+01,1.587494564056396484e+01,1.676519012451171875e+01,2.097233384847640991e-02,1.822718791663646698e-02,2.594600990414619446e-02,2.829631790518760681e-02,2.084917128086090088e-01,1.086076164245605469e+01,1.584886455535888672e+01,1.672589874267578125e+01,1.927326619625091553e-02,2.011044882237911224e-02,3.463156521320343018e-02,3.556307405233383179e-02,2.118021398782730103e-01,1.096246433258056641e+01,1.606482887268066406e+01,1.696461868286132812e+01
2.368948211669921875e+02,2.058546094640136958e-33,2.107261387607195502e-08,1.575601287186145782e-02,1.413565408438444138e-02,1.628774404525756836e-01,1.077735805511474609e+01,1.594718551635742188e+01,1.693071937561035156e+01,2.303310669958591461e-02,1.838261634111404419e-02,2.177074551582336426e-02,2.423545718193054199e-02,1.950752884149551392e-01,1.069942855834960938e+01,1.592208766937255859e+01,1.689071464538574219e+01,2.181561291217803955e-02,2.215232327580451965e-02,3.302405774593353271e-02,3.237330541014671326e-02,1.990056782960891724e-01,1.078538990020751953e+01,1.611428642272949219e+01,1.710524368286132812e+01
2.373956604003906250e+02,1.680399663885184446e-33,1.658283643735103396e-08,1.162338629364967346e-02,1.042719557881355286e-02,1.462714076042175293e-01,1.068351459503173828e+01,1.599842739105224609e+01,1.704684638977050781e+01,2.337664365768432617e-02,1.740802265703678131e-02,1.940325088798999786e-02,2.176627516746520996e-02,1.835527569055557251e-01,1.059975624084472656e+01,1.597544193267822266e+01,1.700732803344726562e+01,2.387276664376258850e-02,2.345658466219902039e-02,3.258300945162773132e-02,3.022028319537639618e-02,1.878274381160736084e-01,1.067286396026611328e+01,1.614480590820312500e+01,1.719766235351562500e+01
2.378964996337890625e+02,1.371716867740167222e-33,1.304965646653499789e-08,8.575324900448322296e-03,7.692107465118169785e-03,1.309409290552139282e-01,1.062689781188964844e+01,1.603808975219726562e+01,1.712972450256347656e+01,2.285092696547508240e-02,1.609685830771923065e-02,1.810193248093128204e-02,2.015634998679161072e-02,1.738222837448120117e-01,1.053699207305908203e+01,1.601779174804687500e+01,1.709129905700683594e+01,2.566096931695938110e-02,2.442818321287631989e-02,3.267393261194229126e-02,2.870712615549564362e-02,1.781140863895416260e-01,1.059947109222412109e+01,1.616576194763183594e+01,1.725847434997558594e+01
2.383973236083984375e+02,1.119744786360113521e-33,1.026933915682093357e-08,6.327159237116575241e-03,5.674889311194419861e-03,1.169152483344078064e-01,1.059274387359619141e+01,1.607016944885253906e+01,1.719073486328125000e+01,2.197804115712642670e-02,1.484050601720809937e-02,1.734448783099651337e-02,1.908150874078273773e-02,1.656379848718643188e-01,1.049660873413085938e+01,1.605281448364257812e+01,1.715361595153808594e+01,2.727648057043552399e-02,2.517437189817428589e-02,3.302783146500587463e-02,2.769696898758411407e-02,1.696940511465072632e-01,1.055018997192382812e+01,1.618101882934570312e+01,1.729921340942382812e+01
2.388981628417968750e+02,9.140519175719332794e-34,8.081326718922809960e-09,4.668793641030788422e-03,4.186973441392183304e-03,1.041718125343322754e-01,1.057216358184814453e+01,1.609683609008789062e+01,1.723721694946289062e+01,2.101455256342887878e-02,1.375811640173196793e-02,1.686342805624008179e-02,1.837960444390773773e-02,1.587662398815155029e-01,1.046984577178955078e+01,1.608253860473632812e+01,1.720140266418457031e+01,2.877192012965679169e-02,2.570013701915740967e-02,3.337683901190757751e-02,2.722688764333724976e-02,1.623482555150985718e-01,1.051597881317138672e+01,1.619265365600585938e+01,1.732723617553710938e+01
2.393990020751953125e+02,7.461440289939892578e-34,6.359497373153999433e-09,3.445470239967107773e-03,3.089462872594594955e-03,9.265730530023574829e-02,1.055977916717529297e+01,1.611941909790039062e+01,1.727381515502929688e+01,2.007625252008438110e-02,1.286905258893966675e-02,1.652821898460388184e-02,1.795940287411212921e-02,1.529951095581054688e-01,1.045140552520751953e+01,1.610825157165527344e+01,1.723915863037109375e+01,3.016535378992557526e-02,2.623755298554897308e-02,3.252504020929336548e-02,2.816115878522396088e-02,1.555097699165344238e-01,1.049166679382324219e+01,1.620187759399414062e+01,1.734714889526367188e+01
2.398998260498046875e+02,6.090843264239875901e-34,5.004566538957533339e-09,2.543034963309764862e-03,2.279904438182711601e-03,8.229897916316986084e-02,1.055233478546142578e+01,1.613880538940429688e+01,1.730346679687500000e+01,1.921753399074077606e-02,1.215892843902111053e-02,1.626911014318466187e-02,1.777135580778121948e-02,1.481516659259796143e-01,1.043801021575927734e+01,1.613089370727539062e+01,1.726973342895507812e+01,2.836714126169681549e-02,3.104707226157188416e-02,2.157408557832241058e-02,3.890560194849967957e-02,1.461994647979736328e-01,1.047772121429443359e+01,1.620639610290527344e+01,1.736308097839355469e+01
2.404006652832031250e+02,4.971986618963106313e-34,3.938288362093089745e-09,1.877226051874458790e-03,1.682674628682434559e-03,7.301292568445205688e-02,1.054785919189453125e+01,1.615560531616210938e+01,1.732806396484375000e+01,1.845046877861022949e-02,1.161361299455165863e-02,1.601327210664749146e-02,1.781656220555305481e-02,1.440659016370773315e-01,1.042764663696289062e+01,1.615118026733398438e+01,1.729494285583496094e+01,2.644960768520832062e-02,2.843950688838958740e-02,1.830529421567916870e-02,4.590241611003875732e-02,1.383205950260162354e-01,1.046621990203857422e+01,1.621322059631347656e+01,1.737643432617187500e+01
2.409015045166015625e+02,4.058657354910440266e-34,3.099192236177827908e-09,1.385969808325171471e-03,1.242065685801208019e-03,6.471204757690429688e-02,1.054516506195068359e+01,1.617025756835937500e+01,1.734884643554687500e+01,1.774508506059646606e-02,1.126587670296430588e-02,1.561384834349155426e-02,1.818403974175453186e-02,1.404834091663360596e-01,1.041929435729980469e+01,1.616953086853027344e+01,1.731598663330078125e+01,2.670773677527904510e-02,2.788277342915534973e-02,1.669904962182044983e-02,4.782458767294883728e-02,1.323432326316833496e-01,1.045647144317626953e+01,1.621887588500976562e+01,1.738648796081542969e+01
2.414023437500000000e+02,3.313101670022587179e-34,2.438874435739535329e-09,1.023469259962439537e-03,9.169781696982681751e-04,5.730899795889854431e-02,1.054353427886962891e+01,1.618309593200683594e+01,1.736664581298828125e+01,1.704568974673748016e-02,1.125055178999900818e-02,1.477526500821113586e-02,1.911638863384723663e-02,1.370158791542053223e-01,1.041282844543457031e+01,1.618571472167968750e+01,1.733386039733886719e+01,2.702487632632255554e-02,2.786781825125217438e-02,1.576093211770057678e-02,4.934616014361381531e-02,1.276127099990844727e-01,1.044805908203125000e+01,1.622335624694824219e+01,1.739426612854003906e+01
2.419031677246093750e+02,2.704517709299416404e-34,1.919258529881062714e-09,7.559552905149757862e-04,6.771080079488456249e-04,5.071934685111045837e-02,1.054253768920898438e+01,1.619437789916992188e+01,1.738204002380371094e+01,1.629013009369373322e-02,1.176595594733953476e-02,1.311353407800197601e-02,2.095484733581542969e-02,1.332326680421829224e-01,1.040883541107177734e+01,1.619882583618164062e+01,1.734950828552246094e+01,2.729446440935134888e-02,2.788319811224937439e-02,1.511196419596672058e-02,5.090538412332534790e-02,1.234854161739349365e-01,1.044095039367675781e+01,1.622707939147949219e+01,1.740058326721191406e+01
2.424040069580078125e+02,2.207710404369983052e-34,1.510338298871261031e-09,5.585010512731969357e-04,5.000866949558258057e-04,4.486248269677162170e-02,1.054191780090332031e+01,1.620431137084960938e+01,1.739544677734375000e+01,1.548867113888263702e-02,1.280196662992238998e-02,1.064501609653234482e-02,2.367691509425640106e-02,1.290673911571502686e-01,1.040726184844970703e+01,1.620858192443847656e+01,1.736358451843261719e+01,2.753161266446113586e-02,2.788692899048328400e-02,1.460682787001132965e-02,5.243272706866264343e-02,1.198147162795066833e-01,1.043489456176757812e+01,1.623025703430175781e+01,1.740586853027343750e+01
2.429048461914062500e+02,1.802164279364442875e-34,1.188543041763523433e-09,4.127420252189040184e-04,3.694356419146060944e-04,3.966374695301055908e-02,1.054152202606201172e+01,1.621306610107421875e+01,1.740717887878417969e+01,1.473388168960809708e-02,1.400901377201080322e-02,8.007770404219627380e-03,2.664581686258316040e-02,1.249331608414649963e-01,1.040697479248046875e+01,1.621611404418945312e+01,1.737617683410644531e+01,2.774531394243240356e-02,2.789812907576560974e-02,1.419662963598966599e-02,5.386817827820777893e-02,1.165503412485122681e-01,1.042968750000000000e+01,1.623298645019531250e+01,1.741036033630371094e+01
2.434056701660156250e+02,1.471123948008770374e-34,9.353168239911724413e-10,3.051285457331687212e-04,2.729971311055123806e-04,3.505419567227363586e-02,1.054125976562500000e+01,1.622078895568847656e+01,1.741747856140136719e+01,1.410103496164083481e-02,1.506812870502471924e-02,5.769712850451469421e-03,2.927752397954463959e-02,1.212266013026237488e-01,1.040689182281494141e+01,1.622263336181640625e+01,1.738724327087402344e+01,2.793767862021923065e-02,2.791939675807952881e-02,1.386256981641054153e-02,5.519687384366989136e-02,1.136503964662551880e-01,1.042517185211181641e+01,1.623534774780273438e+01,1.741420555114746094e+01
2.439065093994140625e+02,1.200885028800048918e-34,7.360364540076602680e-10,2.256574371131137013e-04,2.017962542595341802e-04,3.097037971019744873e-02,1.054107666015625000e+01,1.622760581970214844e+01,1.742653846740722656e+01,1.358753722161054611e-02,1.587567850947380066e-02,4.015020094811916351e-03,3.140731900930404663e-02,1.180623322725296021e-01,1.040663051605224609e+01,1.622865486145019531e+01,1.739692687988281250e+01,2.810950763523578644e-02,2.794017456471920013e-02,1.359910331666469574e-02,5.643216520547866821e-02,1.110668331384658813e-01,1.042122459411621094e+01,1.623739242553710938e+01,1.741752815246582031e+01
2.444073486328125000e+02,9.802849171802746741e-35,5.792131774207120998e-10,1.669573248364031315e-04,1.492197770858183503e-04,2.735503204166889191e-02,1.234065151214599609e+01,1.651780700683593750e+01,1.747524452209472656e+01,1.273546367883682251e-02,1.704384386539459229e-02,5.039721727371215820e-04,3.468579798936843872e-02,1.202945634722709656e-01,1.217860126495361328e+01,1.652982521057128906e+01,1.745754432678222656e+01,2.866325527429580688e-02,2.697152085602283478e-02,1.056800317019224167e-02,5.872051045298576355e-02,1.146637275815010071e-01,1.219104957580566406e+01,1.653554153442382812e+01,1.747173309326171875e+01
2.449081878662109375e+02,8.002115230290964579e-35,4.558053656733562775e-10,1.235897070728242397e-04,1.103889953810721636e-04,2.415642701089382172e-02,1.181276321411132812e+01,1.682079505920410156e+01,1.771238517761230469e+01,1.241636648774147034e-02,1.763461902737617493e-02,0.000000000000000000e+00,3.633473813533782959e-02,1.171463578939437866e-01,1.165664768218994141e+01,1.682987785339355469e+01,1.769202041625976562e+01,2.891487628221511841e-02,2.730519697070121765e-02,9.856794029474258423e-03,5.907366797327995300e-02,1.119279339909553528e-01,1.166590690612792969e+01,1.683267784118652344e+01,1.770224761962890625e+01
2.454090118408203125e+02,6.532206036307624033e-35,3.586934915755790598e-10,9.154036524705588818e-05,8.170317596523091197e-05,2.132797427475452423e-02,1.151002979278564453e+01,1.692365074157714844e+01,1.792307472229003906e+01,1.217295601963996887e-02,1.789395511150360107e-02,0.000000000000000000e+00,3.711733967065811157e-02,1.146949753165245056e-01,1.135752487182617188e+01,1.693121337890625000e+01,1.790098953247070312e+01,2.897849306464195251e-02,2.768282219767570496e-02,9.872368536889553070e-03,5.958280712366104126e-02,1.094533205032348633e-01,1.136463451385498047e+01,1.693040275573730469e+01,1.790730476379394531e+01
2.459098510742187500e+02,5.332271390098440127e-35,2.822697631188475498e-10,6.784592551412060857e-05,6.050455340300686657e-05,1.882773078978061676e-02,1.132884693145751953e+01,1.697101402282714844e+01,1.806643867492675781e+01,1.194419991225004196e-02,1.818345114588737488e-02,0.000000000000000000e+00,3.806150704622268677e-02,1.125408709049224854e-01,1.117843627929687500e+01,1.697765350341796875e+01,1.804334640502929688e+01,2.901920489966869354e-02,2.786074392497539520e-02,1.001748256385326385e-02,6.030297651886940002e-02,1.073997244238853455e-01,1.118369007110595703e+01,1.697364807128906250e+01,1.804597473144531250e+01
2.464106903076171875e+02,4.352758292866188270e-35,2.221289263637515887e-10,5.032219632994383574e-05,4.483437078306451440e-05,1.661844737827777863e-02,1.121879100799560547e+01,1.699773788452148438e+01,1.815819740295410156e+01,1.173565350472927094e-02,1.845553144812583923e-02,0.000000000000000000e+00,3.898429870605468750e-02,1.107101291418075562e-01,1.106950759887695312e+01,1.700384902954101562e+01,1.813454055786132812e+01,2.907666750252246857e-02,2.796603739261627197e-02,1.010936498641967773e-02,6.102244928479194641e-02,1.056906208395957947e-01,1.107318973541259766e+01,1.699702453613281250e+01,1.813383293151855469e+01
2.469115142822265625e+02,3.553198572271073155e-35,1.748030609149964221e-10,3.735673089977353811e-05,3.324684803374111652e-05,1.466688327491283417e-02,1.115160465240478516e+01,1.701439857482910156e+01,1.821615791320800781e+01,1.154884044080972672e-02,1.869860664010047913e-02,0.000000000000000000e+00,3.983895480632781982e-02,1.091527938842773438e-01,1.100285530090332031e+01,1.702023124694824219e+01,1.819220733642578125e+01,2.914069779217243195e-02,2.804019488394260406e-02,1.014686655253171921e-02,6.168548017740249634e-02,1.042569205164909363e-01,1.100519466400146484e+01,1.701092338562011719e+01,1.818852424621582031e+01
2.474123535156250000e+02,2.900492132624425305e-35,1.375592001418013410e-10,2.775837674562353641e-05,2.467411468387581408e-05,1.294328458607196808e-02,1.111051368713378906e+01,1.702532958984375000e+01,1.825288009643554688e+01,1.138515770435333252e-02,1.891121640801429749e-02,0.000000000000000000e+00,4.062663763761520386e-02,1.078108176589012146e-01,1.096194648742675781e+01,1.703104019165039062e+01,1.822878074645996094e+01,2.920342609286308289e-02,2.808815985918045044e-02,1.015670783817768097e-02,6.229734420776367188e-02,1.030298247933387756e-01,1.096312713623046875e+01,1.701953887939453125e+01,1.822246932983398438e+01
2.479131927490234375e+02,2.367684538339060565e-35,1.082505751703877195e-10,2.064883301500231028e-05,1.832893394748680294e-05,1.142137870192527771e-02,1.108536624908447266e+01,1.703276062011718750e+01,1.827638816833496094e+01,1.124073471873998642e-02,1.909507624804973602e-02,0.000000000000000000e+00,4.133145511150360107e-02,1.066522747278213501e-01,1.093678188323974609e+01,1.703843498229980469e+01,1.825223731994628906e+01,2.926418371498584747e-02,2.812677435576915741e-02,1.014396362006664276e-02,6.284324079751968384e-02,1.019774004817008972e-01,1.093695545196533203e+01,1.702499389648437500e+01,1.824360656738281250e+01
2.484140167236328125e+02,1.932762964478871189e-35,8.518710736815648943e-11,1.537940988782793283e-05,1.362999319098889828e-05,1.007782667875289917e-02,1.106996917724609375e+01,1.703798103332519531e+01,1.829167556762695312e+01,1.111338660120964050e-02,1.925357431173324585e-02,0.000000000000000000e+00,4.195692762732505798e-02,1.056471690535545349e-01,1.092126655578613281e+01,1.704366111755371094e+01,1.826752853393554688e+01,2.932083979249000549e-02,2.816060371696949005e-02,1.011825911700725555e-02,6.332554668188095093e-02,1.010698378086090088e-01,1.092055702209472656e+01,1.702850914001464844e+01,1.825684928894042969e+01
2.489148559570312500e+02,1.577722631543194759e-35,6.703695931697950527e-11,1.147065540862968192e-05,1.014775261864997447e-05,8.891819976270198822e-03,1.106053638458251953e+01,1.704177665710449219e+01,1.830182266235351562e+01,1.100352592766284943e-02,1.938969269394874573e-02,0.000000000000000000e+00,4.252371564507484436e-02,1.047642827033996582e-01,1.091165256500244141e+01,1.704750823974609375e+01,1.827769088745117188e+01,2.937165647745132446e-02,2.818324789404869080e-02,1.009400375187397003e-02,6.376536190509796143e-02,1.002722829580307007e-01,1.091017055511474609e+01,1.703083992004394531e+01,1.826521301269531250e+01
2.494156951904296875e+02,1.287901428598556992e-35,5.275391581904820271e-11,8.568827070121187717e-06,7.565386567875975743e-06,7.845043204724788666e-03,1.105475521087646484e+01,1.704462623596191406e+01,1.830873107910156250e+01,1.090674661099910736e-02,1.950693875551223755e-02,0.000000000000000000e+00,4.302288591861724854e-02,1.039930731058120728e-01,1.090567398071289062e+01,1.705041313171386719e+01,1.828463363647460938e+01,2.941840328276157379e-02,2.820487134158611298e-02,1.006701216101646423e-02,6.415339559316635132e-02,9.957716614007949829e-02,1.090351200103759766e+01,1.703240585327148438e+01,1.827057075500488281e+01
2.499165344238281250e+02,1.051319702157073426e-35,4.151406302055349329e-11,6.412438779079820961e-06,5.648774276778567582e-06,6.921241991221904755e-03,1.105120944976806641e+01,1.704683685302734375e+01,1.831357765197753906e+01,1.082207635045051575e-02,1.960784383118152618e-02,0.000000000000000000e+00,4.346531257033348083e-02,1.033152192831039429e-01,1.090192794799804688e+01,1.705268096923828125e+01,1.828952407836914062e+01,2.946016937494277954e-02,2.822376415133476257e-02,1.004176400601863861e-02,6.449819356203079224e-02,9.896706789731979370e-02,1.089916992187500000e+01,1.703348731994628906e+01,1.827405929565429688e+01
2.504173583984375000e+02,8.582024246105023783e-36,3.266925271971921063e-11,4.808262474398361519e-06,4.224977146805031225e-06,6.106059066951274872e-03,1.104903125762939453e+01,1.704859924316406250e+01,1.831708717346191406e+01,1.074724551290273666e-02,1.969537883996963501e-02,0.000000000000000000e+00,4.385209083557128906e-02,1.027222350239753723e-01,1.089955806732177734e+01,1.705450630187988281e+01,1.829307746887207031e+01,2.949793450534343719e-02,2.824321202933788300e-02,1.001490466296672821e-02,6.479860097169876099e-02,9.843519330024719238e-02,1.089627265930175781e+01,1.703427124023437500e+01,1.827637481689453125e+01
2.509181976318359375e+02,7.005545268069956070e-36,2.570868865015007998e-11,3.613314675021683797e-06,3.166081569361267611e-06,5.386727862060070038e-03,1.104769134521484375e+01,1.705004310607910156e+01,1.831971549987792969e+01,1.068323291838169098e-02,1.977030560374259949e-02,0.000000000000000000e+00,4.420441016554832458e-02,1.021944284439086914e-01,1.089803218841552734e+01,1.705600929260253906e+01,1.829574012756347656e+01,2.953066118061542511e-02,2.825536206364631653e-02,9.996819309890270233e-03,6.507502496242523193e-02,9.795938432216644287e-02,1.089428520202636719e+01,1.703484916687011719e+01,1.827795600891113281e+01
2.514190368652343750e+02,5.718658406464500761e-36,2.023115008853437757e-11,2.721973260122467764e-06,2.377643568252096884e-06,4.752034787088632584e-03,1.104686450958251953e+01,1.705124664306640625e+01,1.832174873352050781e+01,1.062642782926559448e-02,1.983549445867538452e-02,0.000000000000000000e+00,4.451126605272293091e-02,1.017318293452262878e-01,1.089703750610351562e+01,1.705727005004882812e+01,1.829780578613281250e+01,2.956046164035797119e-02,2.826852723956108093e-02,9.979077614843845367e-03,6.531678140163421631e-02,9.754292666912078857e-02,1.089288520812988281e+01,1.703529357910156250e+01,1.827906036376953125e+01
2.519198608398437500e+02,4.668194496337249616e-36,1.592078031908972235e-11,2.056059202004689723e-06,1.789799284779292066e-06,4.192064516246318817e-03,1.104635334014892578e+01,1.705226516723632812e+01,1.832336807250976562e+01,1.057579368352890015e-02,1.989254914224147797e-02,0.000000000000000000e+00,4.477711021900177002e-02,1.013268381357192993e-01,1.089638137817382812e+01,1.705833244323730469e+01,1.829946327209472656e+01,2.958711236715316772e-02,2.828318439424037933e-02,9.960129857063293457e-03,6.552521139383316040e-02,9.718046337366104126e-02,1.089186477661132812e+01,1.703563690185546875e+01,1.827987098693847656e+01
2.524207000732421875e+02,3.810667277862952594e-36,1.252866647233341624e-11,1.557641780891572125e-06,1.350813136014039628e-06,3.698009066283702850e-03,1.104603576660156250e+01,1.705313873291015625e+01,1.832468795776367188e+01,1.053301990032196045e-02,1.994124054908752441e-02,0.000000000000000000e+00,4.502237588167190552e-02,1.009639874100685120e-01,1.089592170715332031e+01,1.705925178527832031e+01,1.830081176757812500e+01,2.960979007184505463e-02,2.829119004309177399e-02,9.950071573257446289e-03,6.571962684392929077e-02,9.685296565294265747e-02,1.089109325408935547e+01,1.703591918945312500e+01,1.828047370910644531e+01
2.529215393066406250e+02,3.110663405300498067e-36,9.859281793755947376e-12,1.183859808406850789e-06,1.022436094899603631e-06,3.262138459831476212e-03,1.104583549499511719e+01,1.705389213562011719e+01,1.832578659057617188e+01,1.049466431140899658e-02,1.998398452997207642e-02,0.000000000000000000e+00,4.523407667875289917e-02,1.006461977958679199e-01,1.089560222625732422e+01,1.706004714965820312e+01,1.830193710327148438e+01,2.963057160377502441e-02,2.830063924193382263e-02,9.939343668520450592e-03,6.588822603225708008e-02,9.656665474176406860e-02,1.089049339294433594e+01,1.703614997863769531e+01,1.828094100952148438e+01
2.534223632812500000e+02,2.539263127571680182e-36,7.758698197801727758e-12,9.029311627273273189e-07,7.763306939523317851e-07,2.877622144296765327e-03,1.104571056365966797e+01,1.705454826354980469e+01,1.832671737670898438e+01,1.046013459563255310e-02,2.002182602882385254e-02,0.000000000000000000e+00,4.541567340493202209e-02,1.003692075610160828e-01,1.089537143707275391e+01,1.706073951721191406e+01,1.830289077758789062e+01,2.964918129146099091e-02,2.831190451979637146e-02,9.926316328346729279e-03,6.603153049945831299e-02,9.631922841072082520e-02,1.089001274108886719e+01,1.703634452819824219e+01,1.828131294250488281e+01
2.539232025146484375e+02,2.072810553570458258e-36,6.105611242285258200e-12,6.912567869221675210e-07,5.914760663472407032e-07,2.538396744057536125e-03,1.104562950134277344e+01,1.705512046813964844e+01,1.832751274108886719e+01,1.043140143156051636e-02,2.005379833281040192e-02,0.000000000000000000e+00,4.558645561337471008e-02,1.001189947128295898e-01,1.089519119262695312e+01,1.706134796142578125e+01,1.830370330810546875e+01,2.966479398310184479e-02,2.831700257956981659e-02,9.921007789671421051e-03,6.616768985986709595e-02,9.609294682741165161e-02,1.088961696624755859e+01,1.703651428222656250e+01,1.828161239624023438e+01
2.544240417480468750e+02,1.692043367343897072e-36,4.804734301394608664e-12,5.313366386872075964e-07,4.523012648860458285e-07,2.239143708720803261e-03,1.104557609558105469e+01,1.705562210083007812e+01,1.832819938659667969e+01,1.040540076792240143e-02,2.008223161101341248e-02,0.000000000000000000e+00,4.573239758610725403e-02,9.990083426237106323e-02,1.089505481719970703e+01,1.706187438964843750e+01,1.830440711975097656e+01,2.967926301062107086e-02,2.832380868494510651e-02,9.914267808198928833e-03,6.628461182117462158e-02,9.589623659849166870e-02,1.088928985595703125e+01,1.703665161132812500e+01,1.828186607360839844e+01
2.549248809814453125e+02,1.381221467075886543e-36,3.781024538601629459e-12,4.101568435999070061e-07,3.472415244232252007e-07,1.975156599655747414e-03,1.104554176330566406e+01,1.705606269836425781e+01,1.832879447937011719e+01,1.038247346878051758e-02,2.010700851678848267e-02,0.000000000000000000e+00,4.586100205779075623e-02,9.970801323652267456e-02,1.089494419097900391e+01,1.706234550476074219e+01,1.830501937866210938e+01,2.969192713499069214e-02,2.832998149096965790e-02,9.908451698720455170e-03,6.638775765895843506e-02,9.572322666645050049e-02,1.088900852203369141e+01,1.703678131103515625e+01,1.828207397460937500e+01
2.554257049560546875e+02,1.127503219114701474e-36,2.975451048742305815e-12,3.180366547894664109e-07,2.677065538136957912e-07,1.742289983667433262e-03,1.104551792144775391e+01,1.705644798278808594e+01,1.832931709289550781e+01,1.036153919994831085e-02,2.012951672077178955e-02,0.000000000000000000e+00,4.596939682960510254e-02,9.954173862934112549e-02,1.089485740661621094e+01,1.706274604797363281e+01,1.830555725097656250e+01,2.970338240265846252e-02,2.833806164562702179e-02,9.899634867906570435e-03,6.647303700447082520e-02,9.557478129863739014e-02,1.088877201080322266e+01,1.703688240051269531e+01,1.828226280212402344e+01
2.559265441894531250e+02,9.203855663689836361e-37,2.341495053403974680e-12,2.477568443737254711e-07,2.073006299951885012e-07,1.536865136586129665e-03,1.104550075531005859e+01,1.705678749084472656e+01,1.832977294921875000e+01,1.034468598663806915e-02,2.014790475368499756e-02,0.000000000000000000e+00,4.607525467872619629e-02,9.938846528530120850e-02,1.089477729797363281e+01,1.706310653686523438e+01,1.830602836608886719e+01,2.971269190311431885e-02,2.834039740264415741e-02,9.898199699819087982e-03,6.655815988779067993e-02,9.543602913618087769e-02,1.088856410980224609e+01,1.703697204589843750e+01,1.828242492675781250e+01
2.564273681640625000e+02,7.513203191570464959e-37,1.842628263512557929e-12,1.939397122896480141e-07,1.612681188589704107e-07,3.373104333877563477e-01,1.120499038696289062e+01,1.708346557617187500e+01,1.833532714843750000e+01,1.846424303948879242e-02,1.344565115869045258e-02,1.448090001940727234e-02,3.102413006126880646e-02,3.365062773227691650e-01,1.121335792541503906e+01,1.713129043579101562e+01,1.838613700866699219e+01,2.105098962783813477e-02,2.558322623372077942e-02,1.896349899470806122e-02,4.326206818222999573e-02,3.374091684818267822e-01,1.120504856109619141e+01,1.712227249145507812e+01,1.837542533874511719e+01
2.569282226562500000e+02,6.133022855622408612e-37,1.450023694865576473e-12,1.525578881000910769e-07,1.260550561710260808e-07,1.689013689756393433e-01,1.124922561645507812e+01,1.712771606445312500e+01,1.836009407043457031e+01,1.817047782242298126e-02,1.309389155358076096e-02,1.427963562309741974e-02,2.128404937684535980e-02,2.012962996959686279e-01,1.118439388275146484e+01,1.714361763000488281e+01,1.836495780944824219e+01,2.562511898577213287e-02,2.919816598296165466e-02,1.846039108932018280e-02,3.290098533034324646e-02,2.033262550830841064e-01,1.120685958862304688e+01,1.720120811462402344e+01,1.843143653869628906e+01
2.574290466308593750e+02,5.006443910554000358e-37,1.141087007869301395e-12,1.206058612979177269e-07,9.901501840658966103e-08,1.099818199872970581e-01,1.124824047088623047e+01,1.716030883789062500e+01,1.839262771606445312e+01,1.728932186961174011e-02,1.174950692802667618e-02,1.491156592965126038e-02,1.832720451056957245e-02,1.652702093124389648e-01,1.114472389221191406e+01,1.716031265258789062e+01,1.837335205078125000e+01,2.780244871973991394e-02,3.144961968064308167e-02,1.680633984506130219e-02,3.602672740817070007e-02,1.652804017066955566e-01,1.117707633972167969e+01,1.723443222045898438e+01,1.846014022827148438e+01
2.579298706054687500e+02,4.086806480619538170e-37,8.979710963523401812e-13,9.582210935832335963e-08,7.816205283006638638e-08,8.518512547016143799e-02,1.123942089080810547e+01,1.718391799926757812e+01,1.842357444763183594e+01,1.688273623585700989e-02,1.071534957736730576e-02,1.556695252656936646e-02,1.742989756166934967e-02,1.534084975719451904e-01,1.111691284179687500e+01,1.718308830261230469e+01,1.839715385437011719e+01,2.756400406360626221e-02,3.029431402683258057e-02,1.625014282763004303e-02,4.128485172986984253e-02,1.498761326074600220e-01,1.115265083312988281e+01,1.725062751770019531e+01,1.848046875000000000e+01
2.584307250976562500e+02,3.336056232098554439e-37,7.066421558142577108e-13,7.650739775044712587e-08,6.200824032021046150e-08,7.155238091945648193e-02,1.123153877258300781e+01,1.720226097106933594e+01,1.845017051696777344e+01,1.659731566905975342e-02,1.014103647321462631e-02,1.584655977785587311e-02,1.735601387917995453e-02,1.478542983531951904e-01,1.109731578826904297e+01,1.720550155639648438e+01,1.842148590087890625e+01,2.759259566664695740e-02,2.949836477637290955e-02,1.515890192240476608e-02,4.483413696289062500e-02,1.411190330982208252e-01,1.113468933105468750e+01,1.726013374328613281e+01,1.849598884582519531e+01
2.589315490722656250e+02,2.723255858015071583e-37,5.560881074194445883e-13,6.138411379197350470e-08,4.943826326098132995e-08,6.202691048383712769e-02,1.122591876983642578e+01,1.721732521057128906e+01,1.847241401672363281e+01,1.626658439636230469e-02,1.009470038115978241e-02,1.544484682381153107e-02,1.799539476633071899e-02,1.437428593635559082e-01,1.108386707305908203e+01,1.722527503967285156e+01,1.844283485412597656e+01,2.771990746259689331e-02,2.905311994254589081e-02,1.416193041950464249e-02,4.736750945448875427e-02,1.350071430206298828e-01,1.112111568450927734e+01,1.726670074462890625e+01,1.850788879394531250e+01
2.594323730468750000e+02,2.223021229051415553e-37,4.376105326633211723e-13,4.948342180455256312e-08,3.960944283676326449e-08,5.438241735100746155e-02,1.122219085693359375e+01,1.723009490966796875e+01,1.849102401733398438e+01,1.579467579722404480e-02,1.069510914385318756e-02,1.399833429604768753e-02,1.965463533997535706e-02,1.396299451589584351e-01,1.107560253143310547e+01,1.724099349975585938e+01,1.846131706237792969e+01,2.787141501903533936e-02,2.876413986086845398e-02,1.333457045257091522e-02,4.943798854947090149e-02,1.301487237215042114e-01,1.111060523986816406e+01,1.727172660827636719e+01,1.851712608337402344e+01
2.599332275390625000e+02,1.814652140084825859e-37,3.443702300317402765e-13,4.007138088013562083e-08,3.188587172076040588e-08,4.786880314350128174e-02,1.121977806091308594e+01,1.724109840393066406e+01,1.850673103332519531e+01,1.516724191606044769e-02,1.191299501806497574e-02,1.147910766303539276e-02,2.237985841929912567e-02,1.351710259914398193e-01,1.107162761688232422e+01,1.725229263305664062e+01,1.847766113281250000e+01,2.802913449704647064e-02,2.855117991566658020e-02,1.264187041670084000e-02,5.126264318823814392e-02,1.260283738374710083e-01,1.110226631164550781e+01,1.727578735351562500e+01,1.852444648742675781e+01
2.604340515136718750e+02,1.481318436039375717e-37,2.710002361405727811e-13,3.259132341781878495e-08,2.578717506196426257e-08,4.219337180256843567e-02,1.121822071075439453e+01,1.725066566467285156e+01,1.852012443542480469e+01,1.449098996818065643e-02,1.336205191910266876e-02,8.568879216909408569e-03,2.552710473537445068e-02,1.307140886783599854e-01,1.107015132904052734e+01,1.726058006286621094e+01,1.849208259582519531e+01,2.819403819739818573e-02,2.841249294579029083e-02,1.204654667526483536e-02,5.288062989711761475e-02,1.224566996097564697e-01,1.109550094604492188e+01,1.727916717529296875e+01,1.853035545349121094e+01
2.609349060058593750e+02,1.209199838836630906e-37,2.132589759082023639e-13,2.661651699042977270e-08,2.094685491726977489e-08,3.720807656645774841e-02,1.121720886230468750e+01,1.725902557373046875e+01,1.853164863586425781e+01,1.388550363481044769e-02,1.464830152690410614e-02,5.967655219137668610e-03,2.840077131986618042e-02,1.267047971487045288e-01,1.106943988800048828e+01,1.726754570007324219e+01,1.850461196899414062e+01,2.835085988044738770e-02,2.829870767891407013e-02,1.155010424554347992e-02,5.436810106039047241e-02,1.193101927638053894e-01,1.108988666534423828e+01,1.728202438354492188e+01,1.853522682189941406e+01
2.614357299804687500e+02,9.870815887107841959e-38,1.678229088900376476e-13,2.182145308893268520e-08,1.708665386956909060e-08,3.281738609075546265e-02,1.121654033660888672e+01,1.726635169982910156e+01,1.854163360595703125e+01,1.337455399334430695e-02,1.563519611954689026e-02,3.892966313287615776e-03,3.074227273464202881e-02,1.232866346836090088e-01,1.106882858276367188e+01,1.727388191223144531e+01,1.851544952392578125e+01,2.850596979260444641e-02,2.823357284069061279e-02,1.112194359302520752e-02,5.569436028599739075e-02,1.165464892983436584e-01,1.108516025543212891e+01,1.728446006774902344e+01,1.853929328918457031e+01
2.619365539550781250e+02,8.057642172954817355e-38,1.320672358365998500e-13,1.795475057519979600e-08,1.399284066394557158e-08,2.894641831517219543e-02,1.121608924865722656e+01,1.727278709411621094e+01,1.855033111572265625e+01,1.295376475900411606e-02,1.638017781078815460e-02,2.273061778396368027e-03,3.264555707573890686e-02,1.203896030783653259e-01,1.106816005706787109e+01,1.727971458435058594e+01,1.852482604980468750e+01,2.864921092987060547e-02,2.818603627383708954e-02,1.076628826558589935e-02,5.690414458513259888e-02,1.141023859381675720e-01,1.108112335205078125e+01,1.728655433654785156e+01,1.854273033142089844e+01
2.624374084472656250e+02,6.577448923530355893e-38,1.039279949534462066e-13,1.482232114824455493e-08,1.150130479743438627e-08,2.553234621882438660e-02,1.121577644348144531e+01,1.727844810485839844e+01,1.855793190002441406e+01,1.259653735905885696e-02,1.697330735623836517e-02,9.360793046653270721e-04,3.427860513329505920e-02,1.178915947675704956e-01,1.106753635406494141e+01,1.728493309020996094e+01,1.853300857543945312e+01,2.878077514469623566e-02,2.814913354814052582e-02,1.047277636826038361e-02,5.800890177488327026e-02,1.119346991181373596e-01,1.107764434814453125e+01,1.728835868835449219e+01,1.854566955566406250e+01
2.629382324218750000e+02,5.369233693046698177e-38,8.178549661510062241e-14,1.227402535164401343e-08,9.485808583065136190e-09,2.252126298844814301e-02,1.121555233001708984e+01,1.728343009948730469e+01,1.856459426879882812e+01,1.226954627782106400e-02,1.751236058771610260e-02,0.000000000000000000e+00,3.582109510898590088e-02,1.156588643789291382e-01,1.106685256958007812e+01,1.728979873657226562e+01,1.854008674621582031e+01,2.890498377382755280e-02,2.814151346683502197e-02,1.021792460232973099e-02,5.898309871554374695e-02,1.100311726331710815e-01,1.107462882995605469e+01,1.728992080688476562e+01,1.854818916320800781e+01
2.634390563964843750e+02,4.382955552823419258e-38,6.436057876967396507e-14,1.019228434984142950e-08,7.848108829477951076e-09,1.986532844603061676e-02,1.121538639068603516e+01,1.728781700134277344e+01,1.857044792175292969e+01,1.198572758585214615e-02,1.797155290842056274e-02,0.000000000000000000e+00,3.720463439822196960e-02,1.136831566691398621e-01,1.106607627868652344e+01,1.729431724548339844e+01,1.854625511169433594e+01,2.901556156575679779e-02,2.813738211989402771e-02,1.000976562500000000e-02,5.986794829368591309e-02,1.083436533808708191e-01,1.107199859619140625e+01,1.729127120971679688e+01,1.855037117004394531e+01
2.639399108886718750e+02,3.577803086385523164e-38,5.064739995669712003e-14,8.485031344207527582e-09,6.511755579197142652e-09,1.752248778939247131e-02,1.121525955200195312e+01,1.729168319702148438e+01,1.857559394836425781e+01,1.174456067383289337e-02,1.834669709205627441e-02,0.000000000000000000e+00,3.840711340308189392e-02,1.119516640901565552e-01,1.106537342071533203e+01,1.729833602905273438e+01,1.855165100097656250e+01,2.911455370485782623e-02,2.813301794230937958e-02,9.841192513704299927e-03,6.067442521452903748e-02,1.068437397480010986e-01,1.106969165802001953e+01,1.729245567321777344e+01,1.855225944519042969e+01
2.644407348632812500e+02,2.920593265838105363e-38,3.985664066580990594e-14,7.080049879704120031e-09,5.417149395725573413e-09,1.545607205480337143e-02,1.121515941619873047e+01,1.729509162902832031e+01,1.858012390136718750e+01,1.153487153351306915e-02,1.865415275096893311e-02,0.000000000000000000e+00,3.943272307515144348e-02,1.104431897401809692e-01,1.106475734710693359e+01,1.730188179016113281e+01,1.855639648437500000e+01,2.920657396316528320e-02,2.814737707376480103e-02,9.690644219517707825e-03,6.137626990675926208e-02,1.055307388305664062e-01,1.106767559051513672e+01,1.729347991943359375e+01,1.855390548706054688e+01
2.649415588378906250e+02,2.384107550069813473e-38,3.136493208167820401e-14,5.919909895624186902e-09,4.517211493748618523e-09,1.363334897905588150e-02,1.121507930755615234e+01,1.729809761047363281e+01,1.858411216735839844e+01,1.135518308728933334e-02,1.890975609421730042e-02,0.000000000000000000e+00,4.033474624156951904e-02,1.091152429580688477e-01,1.106420040130615234e+01,1.730503082275390625e+01,1.856056022644042969e+01,2.928688377141952515e-02,2.815867774188518524e-02,9.569827467203140259e-03,6.201272457838058472e-02,1.043651551008224487e-01,1.106589984893798828e+01,1.729437828063964844e+01,1.855534172058105469e+01
2.654424133300781250e+02,1.946144887250656550e-38,2.468207760300111103e-14,4.958972787960647111e-09,3.774766277331309539e-09,1.202548481523990631e-02,1.121501255035400391e+01,1.730074691772460938e+01,1.858762931823730469e+01,1.120113953948020935e-02,1.912338100373744965e-02,0.000000000000000000e+00,4.113372415304183960e-02,1.079426705837249756e-01,1.106369590759277344e+01,1.730781936645507812e+01,1.856421852111816406e+01,2.935792878270149231e-02,2.816502004861831665e-02,9.474398568272590637e-03,6.259329617023468018e-02,1.033264026045799255e-01,1.106433868408203125e+01,1.729516792297363281e+01,1.855659294128417969e+01
2.659432373046875000e+02,1.588655992640745223e-38,1.942340229898077003e-14,4.160918276596703436e-09,3.160412376246313215e-09,1.060732640326023102e-02,1.121495628356933594e+01,1.730308341979980469e+01,1.859072875976562500e+01,1.106461323797702789e-02,1.930310018360614777e-02,0.000000000000000000e+00,4.181583970785140991e-02,1.069200113415718079e-01,1.106325912475585938e+01,1.731027221679687500e+01,1.856745147705078125e+01,2.942389808595180511e-02,2.818517759442329407e-02,9.384391829371452332e-03,6.309109926223754883e-02,1.024221554398536682e-01,1.106296634674072266e+01,1.729584884643554688e+01,1.855769538879394531e+01
2.664440612792968750e+02,1.296834186146637743e-38,1.528511949715032070e-14,3.496421152604511917e-09,2.650564434603097652e-09,9.356411173939704895e-03,1.121490859985351562e+01,1.730514526367187500e+01,1.859346008300781250e+01,1.094705518335103989e-02,1.945519819855690002e-02,0.000000000000000000e+00,4.242420569062232971e-02,1.060151234269142151e-01,1.106286430358886719e+01,1.731244468688964844e+01,1.857028961181640625e+01,2.948071062564849854e-02,2.819975838065147400e-02,9.313352406024932861e-03,6.354259699583053589e-02,1.016177833080291748e-01,1.106175422668457031e+01,1.729644775390625000e+01,1.855865859985351562e+01
2.669449157714843750e+02,1.058604338771400730e-38,1.202834727165921075e-14,2.941836996228630596e-09,2.226322015630444184e-09,8.252951316535472870e-03,1.121486759185791016e+01,1.730696296691894531e+01,1.859586906433105469e+01,1.084614358842372894e-02,1.958409138023853302e-02,0.000000000000000000e+00,4.296994209289550781e-02,1.052117720246315002e-01,1.106250953674316406e+01,1.731437110900878906e+01,1.857278060913085938e+01,2.953049726784229279e-02,2.820765599608421326e-02,9.259999729692935944e-03,6.395649909973144531e-02,1.008975878357887268e-01,1.106068611145019531e+01,1.729697990417480469e+01,1.855949783325195312e+01
2.674457397460937500e+02,8.641481126948959194e-39,9.465626219851749207e-15,2.478094396352048534e-09,1.872525690060911074e-09,7.279684767127037048e-03,1.121483135223388672e+01,1.730856704711914062e+01,1.859799385070800781e+01,1.075499504804611206e-02,1.969496160745620728e-02,0.000000000000000000e+00,4.343118891119956970e-02,1.045136228203773499e-01,1.106220340728759766e+01,1.731606292724609375e+01,1.857498931884765625e+01,2.957716770470142365e-02,2.822726219892501831e-02,9.204352274537086487e-03,6.430471688508987427e-02,1.002764403820037842e-01,1.105974674224853516e+01,1.729743957519531250e+01,1.856024169921875000e+01
2.679465637207031250e+02,7.054116851232628588e-39,7.448909382107987698e-15,2.089575623642758728e-09,1.576833441596647845e-09,6.421194877475500107e-03,1.121479988098144531e+01,1.730998039245605469e+01,1.859986686706542969e+01,1.067665405571460724e-02,1.978963240981101990e-02,0.000000000000000000e+00,4.384694248437881470e-02,1.038929224014282227e-01,1.106192779541015625e+01,1.731755828857421875e+01,1.857692718505859375e+01,2.961672283709049225e-02,2.824048697948455811e-02,9.162231348454952240e-03,6.462190300226211548e-02,9.972202032804489136e-02,1.105891799926757812e+01,1.729784393310546875e+01,1.856089401245117188e+01
2.684474182128906250e+02,5.758266096348254001e-39,5.861781397190242437e-15,1.763527657239194468e-09,1.329220733481406569e-09,5.663902498781681061e-03,1.121477317810058594e+01,1.731122779846191406e+01,1.860151863098144531e+01,1.060968451201915741e-02,1.987033523619174957e-02,0.000000000000000000e+00,4.422441124916076660e-02,1.033397465944290161e-01,1.106167602539062500e+01,1.731888771057128906e+01,1.857863044738769531e+01,2.965121716260910034e-02,2.824670635163784027e-02,9.132824838161468506e-03,6.491553038358688354e-02,9.922324120998382568e-02,1.105818367004394531e+01,1.729820632934570312e+01,1.856145858764648438e+01
2.689482421875000000e+02,4.700522575223488007e-39,4.612886797121821744e-15,1.489540935040167824e-09,1.121543746762654337e-09,4.995960742235183716e-03,1.121474933624267578e+01,1.731232643127441406e+01,1.860297584533691406e+01,1.054789312183856964e-02,1.994132250547409058e-02,0.000000000000000000e+00,4.453714191913604736e-02,1.028621569275856018e-01,1.106146621704101562e+01,1.732004737854003906e+01,1.858014106750488281e+01,2.968412637710571289e-02,2.826379612088203430e-02,9.096583351492881775e-03,6.515607982873916626e-02,9.879750758409500122e-02,1.105753898620605469e+01,1.729851531982421875e+01,1.856196403503417969e+01
2.694490966796875000e+02,3.837028448521892480e-39,3.630024493478769057e-15,1.258977255780280302e-09,9.470777495579341121e-10,4.406754858791828156e-03,1.121472835540771484e+01,1.731329727172851562e+01,1.860426330566406250e+01,1.049678493291139603e-02,2.000120282173156738e-02,0.000000000000000000e+00,4.483366385102272034e-02,1.024301871657371521e-01,1.106126880645751953e+01,1.732108306884765625e+01,1.858146095275878906e+01,2.971052378416061401e-02,2.826862782239913940e-02,9.077385999262332916e-03,6.538851559162139893e-02,9.840710461139678955e-02,1.105696868896484375e+01,1.729879188537597656e+01,1.856240463256835938e+01
2.699499206542968750e+02,3.132199143040403015e-39,2.856620943955732843e-15,1.064757060298404667e-09,8.003336327000454276e-10,3.887068014591932297e-03,1.121470928192138672e+01,1.731415367126464844e+01,1.860539627075195312e+01,1.044880226254463196e-02,2.005477622151374817e-02,0.000000000000000000e+00,4.507469013333320618e-02,1.020599827170372009e-01,1.106110954284667969e+01,1.732198143005371094e+01,1.858263969421386719e+01,2.973652444779872894e-02,2.828377112746238708e-02,9.049481712281703949e-03,6.557523459196090698e-02,9.807701408863067627e-02,1.105647182464599609e+01,1.729902839660644531e+01,1.856279563903808594e+01
2.704507446289062500e+02,2.556840006573276374e-39,2.247996431134469640e-15,9.009757939715257180e-10,6.767522098272138464e-10,3.428666852414608002e-03,1.121469306945800781e+01,1.731490898132324219e+01,1.860639572143554688e+01,1.040808856487274170e-02,2.010046876966953278e-02,0.000000000000000000e+00,4.529694467782974243e-02,1.017276942729949951e-01,1.106095790863037109e+01,1.732278633117675781e+01,1.858366966247558594e+01,2.975781448185443878e-02,2.829268947243690491e-02,9.030389599502086639e-03,6.574842333793640137e-02,9.778000414371490479e-02,1.105602836608886719e+01,1.729924201965332031e+01,1.856313896179199219e+01
2.709515991210937500e+02,2.087147182107026888e-39,1.769022169351738664e-15,7.627339870808214073e-10,5.725636631481734184e-10,3.024304518476128578e-03,1.121467876434326172e+01,1.731557273864746094e+01,1.860727882385253906e+01,1.037401147186756134e-02,2.013920992612838745e-02,0.000000000000000000e+00,4.550436884164810181e-02,1.014287695288658142e-01,1.106081867218017578e+01,1.732349777221679688e+01,1.858457756042480469e+01,2.977600693702697754e-02,2.829476073384284973e-02,9.021451696753501892e-03,6.591396778821945190e-02,9.750778228044509888e-02,1.105563545227050781e+01,1.729943084716796875e+01,1.856343650817871094e+01
2.714524230957031250e+02,1.703760330058542887e-39,1.392122577493202541e-15,6.459714985140863064e-10,4.846538725900018107e-10,2.667651977390050888e-03,1.121466636657714844e+01,1.731616210937500000e+01,1.860805702209472656e+01,1.034092344343662262e-02,2.017503418028354645e-02,0.000000000000000000e+00,4.566657543182373047e-02,1.011763662099838257e-01,1.106070899963378906e+01,1.732411384582519531e+01,1.858538436889648438e+01,2.979443594813346863e-02,2.830741554498672485e-02,9.001692757010459900e-03,6.604067236185073853e-02,9.728331118822097778e-02,1.105529594421386719e+01,1.729958915710449219e+01,1.856370544433593750e+01
2.719532470703125000e+02,1.390795732334702567e-39,1.095523191342031785e-15,5.472768349612522343e-10,4.104142858896153712e-10,2.353058895096182823e-03,1.121465587615966797e+01,1.731667900085449219e+01,1.860874366760253906e+01,1.031323429197072983e-02,2.020526677370071411e-02,0.000000000000000000e+00,4.581936448812484741e-02,1.009481400251388550e-01,1.106060409545898438e+01,1.732466888427734375e+01,1.858608818054199219e+01,2.980906330049037933e-02,2.831407822668552399e-02,8.989145979285240173e-03,6.616022437810897827e-02,9.707957506179809570e-02,1.105498695373535156e+01,1.729973983764648438e+01,1.856394004821777344e+01
2.724541015625000000e+02,1.135306792423608944e-39,8.621033045122896473e-16,4.637994155398672547e-10,3.476711141203736588e-10,2.075549447908997536e-03,1.121464538574218750e+01,1.731713676452636719e+01,1.860934829711914062e+01,1.029056496918201447e-02,2.023051865398883820e-02,0.000000000000000000e+00,4.596558585762977600e-02,1.007406562566757202e-01,1.106050491333007812e+01,1.732515716552734375e+01,1.858670997619628906e+01,2.982139214873313904e-02,2.831416390836238861e-02,8.985689841210842133e-03,6.627802550792694092e-02,9.688960015773773193e-02,1.105471611022949219e+01,1.729986953735351562e+01,1.856414222717285156e+01
2.729549255371093750e+02,9.267613510673966932e-40,6.784273333341876190e-16,3.931645842225606202e-10,2.946174415541236158e-10,1.830782159231603146e-03,1.121463680267333984e+01,1.731754112243652344e+01,1.860988235473632812e+01,1.026741787791252136e-02,2.025483362376689911e-02,0.000000000000000000e+00,4.607335850596427917e-02,1.005691960453987122e-01,1.106043529510498047e+01,1.732558250427246094e+01,1.858725929260253906e+01,2.983450144529342651e-02,2.832477353513240814e-02,8.970770984888076782e-03,6.636248528957366943e-02,9.673765301704406738e-02,1.105448532104492188e+01,1.729998016357421875e+01,1.856432342529296875e+01
2.734557495117187500e+02,7.565246071288962913e-40,5.338843901983526732e-16,3.333651688031125104e-10,2.497294870895672148e-10,1.614879933185875416e-03,1.121462917327880859e+01,1.731789588928222656e+01,1.861035346984863281e+01,1.024857256561517715e-02,2.027513831853866577e-02,0.000000000000000000e+00,4.617857560515403748e-02,1.004125848412513733e-01,1.106036186218261719e+01,1.732596015930175781e+01,1.858775138854980469e+01,2.984443865716457367e-02,2.832960337400436401e-02,8.962404914200305939e-03,6.644457578659057617e-02,9.659783542156219482e-02,1.105427646636962891e+01,1.730007743835449219e+01,1.856448554992675781e+01
2.739566040039062500e+02,6.175508319294825583e-40,4.201310152858727396e-16,2.827159339968687846e-10,2.117301473036903303e-10,1.424427842721343040e-03,1.121462249755859375e+01,1.731820869445800781e+01,1.861076736450195312e+01,1.023367792367935181e-02,2.029157802462577820e-02,0.000000000000000000e+00,4.628258943557739258e-02,1.002680063247680664e-01,1.106029701232910156e+01,1.732629776000976562e+01,1.858816719055175781e+01,2.985262311995029449e-02,2.832806482911109924e-02,8.962680585682392120e-03,6.652934849262237549e-02,9.646437317132949829e-02,1.105409145355224609e+01,1.730016899108886719e+01,1.856461906433105469e+01
2.744574279785156250e+02,5.041129186454599668e-40,3.306195645051332715e-16,2.398069520737067251e-10,1.795528031811599590e-10,1.256446470506489277e-03,1.121461677551269531e+01,1.731848526000976562e+01,1.861113548278808594e+01,1.021731272339820862e-02,2.030845172703266144e-02,0.000000000000000000e+00,4.635314270853996277e-02,1.001522466540336609e-01,1.106024646759033203e+01,1.732658576965332031e+01,1.858855056762695312e+01,2.986206300556659698e-02,2.833715640008449554e-02,8.950815536081790924e-03,6.658473610877990723e-02,9.636272490024566650e-02,1.105393218994140625e+01,1.730023956298828125e+01,1.856474876403808594e+01
2.749582519531250000e+02,4.115123135259474051e-40,2.601790075922651721e-16,2.034418744578658789e-10,1.522937054243556076e-10,1.108274795114994049e-03,1.121461105346679688e+01,1.731872940063476562e+01,1.861145782470703125e+01,1.020442228764295578e-02,2.032211422920227051e-02,0.000000000000000000e+00,4.642533138394355774e-02,1.000445410609245300e-01,1.106019878387451172e+01,1.732684707641601562e+01,1.858888053894042969e+01,2.986877970397472382e-02,2.834063209593296051e-02,8.945130743086338043e-03,6.664097309112548828e-02,9.626698493957519531e-02,1.105378723144531250e+01,1.730031013488769531e+01,1.856485366821289062e+01
2.754591064453125000e+02,3.359164652710164986e-40,2.047432422933129778e-16,1.726127712986524898e-10,1.291925039170749301e-10,9.775694925338029861e-04,1.121460723876953125e+01,1.731894493103027344e+01,1.861174201965332031e+01,1.019477285444736481e-02,2.033274061977863312e-02,0.000000000000000000e+00,4.650038480758666992e-02,9.994316846132278442e-02,1.106014633178710938e+01,1.732708168029785156e+01,1.858917045593261719e+01,2.987410686910152435e-02,2.833791635930538177e-02,8.947724476456642151e-03,6.670285761356353760e-02,9.617231786251068115e-02,1.105365562438964844e+01,1.730037307739257812e+01,1.856495094299316406e+01
2.759599304199218750e+02,2.742116886929375037e-40,1.611213763819615316e-16,1.464740134737851918e-10,1.096119306431830864e-10,8.622855530120432377e-04,1.121460247039794922e+01,1.731913566589355469e+01,1.861199569702148438e+01,1.018309313803911209e-02,2.034470625221729279e-02,0.000000000000000000e+00,4.654542356729507446e-02,9.986590594053268433e-02,1.106011676788330078e+01,1.732727813720703125e+01,1.858943176269531250e+01,2.988100796937942505e-02,2.834585681557655334e-02,8.937871083617210388e-03,6.673779338598251343e-02,9.610498696565628052e-02,1.105355167388916016e+01,1.730042076110839844e+01,1.856503677368164062e+01
2.764607543945312500e+02,2.238420153927819541e-40,1.267934074307904848e-16,1.243060931965800364e-10,9.301033554454107843e-11,7.605969440191984177e-04,1.121459960937500000e+01,1.731930160522460938e+01,1.861221694946289062e+01,1.017427351325750351e-02,2.035397104918956757e-02,0.000000000000000000e+00,4.659499228000640869e-02,9.979209303855895996e-02,1.106008052825927734e+01,1.732745552062988281e+01,1.858966636657714844e+01,2.988550998270511627e-02,2.834836021065711975e-02,8.933781646192073822e-03,6.677621603012084961e-02,9.603966772556304932e-02,1.105344963073730469e+01,1.730046844482421875e+01,1.856511688232421875e+01
2.769616088867187500e+02,1.827223132556345220e-40,9.977792023538011577e-17,1.055014825501743303e-10,7.893080633536442292e-11,6.708954460918903351e-04,1.121459579467773438e+01,1.731945037841796875e+01,1.861241149902343750e+01,1.016818080097436905e-02,2.036066725850105286e-02,0.000000000000000000e+00,4.665003716945648193e-02,9.972014278173446655e-02,1.106004619598388672e+01,1.732761383056640625e+01,1.858986282348632812e+01,2.988889813423156738e-02,2.834480628371238708e-02,8.937911130487918854e-03,6.682229787111282349e-02,9.597197175025939941e-02,1.105336284637451172e+01,1.730051040649414062e+01,1.856518173217773438e+01
2.774624328613281250e+02,1.491584124381265035e-40,7.851970274756742531e-17,8.954935404315023106e-11,6.698943483263164467e-11,5.917775561101734638e-04,1.121459293365478516e+01,1.731958007812500000e+01,1.861258506774902344e+01,1.015961077064275742e-02,2.036923170089721680e-02,0.000000000000000000e+00,4.667727276682853699e-02,9.966900944709777832e-02,1.106002616882324219e+01,1.732775115966796875e+01,1.859004402160644531e+01,2.989404462277889252e-02,2.835195511579513550e-02,8.929223753511905670e-03,6.684334576129913330e-02,9.592814743518829346e-02,1.105328559875488281e+01,1.730054664611816406e+01,1.856524085998535156e+01
2.779632873535156250e+02,1.217574222667190305e-40,6.178974986555582616e-17,7.601354268249593815e-11,5.685863932458623538e-11,5.219859303906559944e-04,1.121459102630615234e+01,1.731969451904296875e+01,1.861273574829101562e+01,1.015530712902545929e-02,2.037417516112327576e-02,0.000000000000000000e+00,4.672286659479141235e-02,9.961205720901489258e-02,1.105999660491943359e+01,1.732787895202636719e+01,1.859019279479980469e+01,2.989607863128185272e-02,2.834822423756122589e-02,8.933656848967075348e-03,6.688068062067031860e-02,9.587402641773223877e-02,1.105321979522705078e+01,1.730057907104492188e+01,1.856528854370117188e+01
2.784641113281250000e+02,9.939129747763062521e-41,4.862509762488048605e-17,6.452811895929499997e-11,4.826376104327678718e-11,4.604287096299231052e-04,1.121458911895751953e+01,1.731979560852050781e+01,1.861287117004394531e+01,1.014825887978076935e-02,2.038113027811050415e-02,0.000000000000000000e+00,4.674148559570312500e-02,9.957364201545715332e-02,1.105998134613037109e+01,1.732797622680664062e+01,1.859033966064453125e+01,2.990037016570568085e-02,2.835493162274360657e-02,8.925291709601879120e-03,6.689477711915969849e-02,9.584204107522964478e-02,1.105316066741943359e+01,1.730060195922851562e+01,1.856533813476562500e+01
2.789649353027343750e+02,8.113518108440690841e-41,3.826524278780505176e-17,5.478086734234111077e-11,4.097057762497691158e-11,4.061308281961828470e-04,1.121458721160888672e+01,1.731988525390625000e+01,1.861298942565917969e+01,1.014356408268213272e-02,2.038601785898208618e-02,0.000000000000000000e+00,4.676797986030578613e-02,9.953418374061584473e-02,1.105996417999267578e+01,1.732807350158691406e+01,1.859046173095703125e+01,2.990258112549781799e-02,2.835637703537940979e-02,8.922780863940715790e-03,6.691451370716094971e-02,9.580764919519424438e-02,1.105310630798339844e+01,1.730062866210937500e+01,1.856538200378417969e+01
2.794657897949218750e+02,6.622956931938382922e-41,3.011217347612308681e-17,4.650755128232653135e-11,3.478095242370748963e-11,3.582335193641483784e-04,1.121458530426025391e+01,1.731996345520019531e+01,1.861309432983398438e+01,1.014114823192358017e-02,2.038886398077011108e-02,0.000000000000000000e+00,4.680272191762924194e-02,9.949275106191635132e-02,1.105994319915771484e+01,1.732816505432128906e+01,1.859056282043457031e+01,2.990395203232765198e-02,2.835191972553730011e-02,8.928244002163410187e-03,6.694425642490386963e-02,9.576695412397384644e-02,1.105306148529052734e+01,1.730065155029296875e+01,1.856541061401367188e+01
2.799666137695312500e+02,5.406489735058009223e-41,2.369659373238630629e-17,3.948561269617734126e-11,2.952806749112468765e-11,3.159873886033892632e-04,1.121458339691162109e+01,1.732003593444824219e+01,1.861318778991699219e+01,1.013577636331319809e-02,2.039411477744579315e-02,0.000000000000000000e+00,4.681202024221420288e-02,9.946858882904052734e-02,1.105993270874023438e+01,1.732823562622070312e+01,1.859066009521484375e+01,2.990735135972499847e-02,2.835826203227043152e-02,8.920689113438129425e-03,6.695117801427841187e-02,9.574763476848602295e-02,1.105302047729492188e+01,1.730067062377929688e+01,1.856544113159179688e+01
2.804674377441406250e+02,4.413389513391011365e-41,1.864789024622400145e-17,3.352498487152466566e-11,2.506950202985080978e-11,2.787232806440442801e-04,1.121458244323730469e+01,1.732009696960449219e+01,1.861326789855957031e+01,1.013251207768917084e-02,2.039738185703754425e-02,0.000000000000000000e+00,4.683005064725875854e-02,9.944107383489608765e-02,1.105992317199707031e+01,1.732829856872558594e+01,1.859074783325195312e+01,2.990871854126453400e-02,2.835929952561855316e-02,8.918838575482368469e-03,6.696429103612899780e-02,9.572406113147735596e-02,1.105298519134521484e+01,1.730068588256835938e+01,1.856546974182128906e+01
2.809682922363281250e+02,3.602598221932672208e-41,1.467462743549903938e-17,2.846468720452133283e-11,2.128467541107070815e-11,2.458518138155341148e-04,1.121458148956298828e+01,1.732015037536621094e+01,1.861334037780761719e+01,1.013141870498657227e-02,2.039889991283416748e-02,0.000000000000000000e+00,4.685759544372558594e-02,9.941089153289794922e-02,1.105990600585937500e+01,1.732835960388183594e+01,1.859081268310546875e+01,2.990935184061527252e-02,2.835450321435928345e-02,8.924791589379310608e-03,6.698815524578094482e-02,9.569325298070907593e-02,1.105295276641845703e+01,1.730070495605468750e+01,1.856549072265625000e+01
2.814691162109375000e+02,2.940905087078493587e-41,1.154810557727214642e-17,2.416903829849381680e-11,1.807197620717904130e-11,2.168587379856035113e-04,1.121458053588867188e+01,1.732019805908203125e+01,1.861340332031250000e+01,1.012721098959445953e-02,2.040299400687217712e-02,0.000000000000000000e+00,4.686043784022331238e-02,9.939654916524887085e-02,1.105990314483642578e+01,1.732840728759765625e+01,1.859088516235351562e+01,2.991214208304882050e-02,2.836054004728794098e-02,8.917689323425292969e-03,6.698992103338241577e-02,9.568279236555099487e-02,1.105292415618896484e+01,1.730071449279785156e+01,1.856551551818847656e+01
2.819699401855468750e+02,2.400564399234844124e-41,9.087707303250531338e-18,2.052209444047825571e-11,1.534459885543792979e-11,1.912847656058147550e-04,1.121457958221435547e+01,1.732024002075195312e+01,1.861345863342285156e+01,1.012498512864112854e-02,2.040524221956729889e-02,0.000000000000000000e+00,4.687286540865898132e-02,9.937770664691925049e-02,1.105989360809326172e+01,1.732845306396484375e+01,1.859094047546386719e+01,2.991294302046298981e-02,2.836133167147636414e-02,8.916197344660758972e-03,6.699860841035842896e-02,9.566704183816909790e-02,1.105290222167968750e+01,1.730072975158691406e+01,1.856553077697753906e+01
2.824707946777343750e+02,1.959715902358256674e-41,7.151406529439451824e-18,1.742560262751879918e-11,1.302899281518943297e-11,1.687254116404801607e-04,1.121457862854003906e+01,1.732027626037597656e+01,1.861350822448730469e+01,1.012478489428758621e-02,2.040579169988632202e-02,0.000000000000000000e+00,4.689532145857810974e-02,9.935473650693893433e-02,1.105987834930419922e+01,1.732849693298339844e+01,1.859099006652832031e+01,2.991308085620403290e-02,2.835629880428314209e-02,8.922535926103591919e-03,6.701838970184326172e-02,9.564270824193954468e-02,1.105287551879882812e+01,1.730074119567871094e+01,1.856554985046386719e+01
2.829716186523437500e+02,1.599722326873211168e-41,5.627754730367800801e-18,1.479671593584974687e-11,1.106315559995518782e-11,1.488277484895661473e-04,1.121457767486572266e+01,1.732031059265136719e+01,1.861355209350585938e+01,1.012135297060012817e-02,2.040907181799411774e-02,0.000000000000000000e+00,4.689368233084678650e-02,9.934691339731216431e-02,1.105987739562988281e+01,1.732852172851562500e+01,1.859104347229003906e+01,2.991537004709243774e-02,2.836208418011665344e-02,8.915671147406101227e-03,6.701644510030746460e-02,9.563781321048736572e-02,1.105285835266113281e+01,1.730074310302734375e+01,1.856557083129882812e+01
2.834724426269531250e+02,1.305729909057864547e-41,4.428726653970135277e-18,1.256460994275565568e-11,9.394086203373674948e-12,1.312765816692262888e-04,1.121457672119140625e+01,1.732033920288085938e+01,1.861359024047851562e+01,1.011983864009380341e-02,2.041063085198402405e-02,0.000000000000000000e+00,4.690224304795265198e-02,9.933421760797500610e-02,1.105987453460693359e+01,1.732855987548828125e+01,1.859107589721679688e+01,2.991584315896034241e-02,2.836271561682224274e-02,8.914353325963020325e-03,6.702206283807754517e-02,9.562768787145614624e-02,1.105284309387207031e+01,1.730075263977050781e+01,1.856558227539062500e+01
2.839732971191406250e+02,1.065967741811888346e-41,3.485106721720161832e-18,1.066924413400949234e-11,7.976862226310998949e-12,1.157943188445642591e-04,1.121457672119140625e+01,1.732036399841308594e+01,1.861362266540527344e+01,1.012025587260723114e-02,2.041054517030715942e-02,0.000000000000000000e+00,4.692130535840988159e-02,9.931643307209014893e-02,1.105986404418945312e+01,1.732859230041503906e+01,1.859110260009765625e+01,2.991567738354206085e-02,2.835756167769432068e-02,8.920923806726932526e-03,6.703925877809524536e-02,9.560841321945190430e-02,1.105282878875732422e+01,1.730076599121093750e+01,1.856558418273925781e+01
2.844741210937500000e+02,8.700662164992789193e-42,2.742582047802495530e-18,9.059980196624017879e-12,6.773599476456171331e-12,1.021387579385191202e-04,1.121457576751708984e+01,1.732038688659667969e+01,1.861365318298339844e+01,1.011729799211025238e-02,2.041320130228996277e-02,0.000000000000000000e+00,4.691644012928009033e-02,9.931287169456481934e-02,1.105986595153808594e+01,1.732860755920410156e+01,1.859114074707031250e+01,2.991765923798084259e-02,2.836318872869014740e-02,8.914276957511901855e-03,6.703488528728485107e-02,9.560749679803848267e-02,1.105281543731689453e+01,1.730076789855957031e+01,1.856559944152832031e+01
2.849749450683593750e+02,7.103181915662497733e-42,2.158256700011361463e-18,7.693515095830161243e-12,5.751905896023146170e-12,9.009358473122119904e-05,1.121457576751708984e+01,1.732040596008300781e+01,1.861367988586425781e+01,1.011626236140727997e-02,2.041425555944442749e-02,0.000000000000000000e+00,4.692230373620986938e-02,9.930405020713806152e-02,1.105986118316650391e+01,1.732862663269042969e+01,1.859116935729980469e+01,2.991781756281852722e-02,2.836366929113864899e-02,8.913110010325908661e-03,6.703821569681167603e-02,9.560053795576095581e-02,1.105280685424804688e+01,1.730077362060546875e+01,1.856560707092285156e+01
2.854757995605468750e+02,5.798573045376093039e-42,1.698400631111108251e-18,6.533133842939742308e-12,4.884317342940258655e-12,7.946828554850071669e-05,1.121457481384277344e+01,1.732042312622070312e+01,1.861370277404785156e+01,1.011705957353115082e-02,2.041370980441570282e-02,0.000000000000000000e+00,4.693889245390892029e-02,9.928964078426361084e-02,1.105985069274902344e+01,1.732865142822265625e+01,1.859118843078613281e+01,2.991739660501480103e-02,2.835836820304393768e-02,8.919869549572467804e-03,6.705331057310104370e-02,9.558412432670593262e-02,1.105279254913330078e+01,1.730078125000000000e+01,1.856561470031738281e+01
2.859766235351562500e+02,4.733586212489232066e-42,1.336544681885498423e-18,5.547861649246588200e-12,4.147667018866707522e-12,7.009661931078881025e-05,1.121457481384277344e+01,1.732044029235839844e+01,1.861372375488281250e+01,1.011452078819274902e-02,2.041602134704589844e-02,0.000000000000000000e+00,4.693200066685676575e-02,9.928940981626510620e-02,1.105985164642333984e+01,1.732866477966308594e+01,1.859121513366699219e+01,2.991916798055171967e-02,2.836390025913715363e-02,8.913303725421428680e-03,6.704727560281753540e-02,9.558624774217605591e-02,1.105278301239013672e+01,1.730078315734863281e+01,1.856562232971191406e+01
2.864774475097656250e+02,3.863379866143520665e-42,1.051784447291668434e-18,4.711207986229926092e-12,3.522143731185534143e-12,6.183015648275613785e-05,1.121457481384277344e+01,1.732045364379882812e+01,1.861374092102050781e+01,1.011383533477783203e-02,2.041679993271827698e-02,0.000000000000000000e+00,4.693613946437835693e-02,9.928359091281890869e-02,1.105984973907470703e+01,1.732867813110351562e+01,1.859123420715332031e+01,2.991915494203567505e-02,2.836429513990879059e-02,8.912255987524986267e-03,6.704916059970855713e-02,9.558189660310745239e-02,1.105277538299560547e+01,1.730078506469726562e+01,1.856563186645507812e+01
2.869783020019531250e+02,3.152921544730838410e-42,8.276821424981762325e-19,4.000708184875856332e-12,2.990946466191468645e-12,5.453812627820298076e-05,1.121457481384277344e+01,1.732046508789062500e+01,1.861375617980957031e+01,1.011494360864162445e-02,2.041596733033657074e-02,0.000000000000000000e+00,4.695117473602294922e-02,9.927175194025039673e-02,1.105984115600585938e+01,1.732869720458984375e+01,1.859124374389648438e+01,2.991861104965209961e-02,2.835896424949169159e-02,8.919050917029380798e-03,6.706318259239196777e-02,9.556806087493896484e-02,1.105276584625244141e+01,1.730079460144042969e+01,1.856562995910644531e+01
2.874791259765625000e+02,2.574185278964688959e-42,6.513384545389284826e-19,3.397408222804987332e-12,2.539901665724042523e-12,4.810646350961178541e-05,1.121457386016845703e+01,1.732047653198242188e+01,1.861377143859863281e+01,1.011264324188232422e-02,2.041802182793617249e-02,0.000000000000000000e+00,4.694287851452827454e-02,9.927348792552947998e-02,1.105984497070312500e+01,1.732870674133300781e+01,1.859125900268554688e+01,2.992026880383491516e-02,2.836444601416587830e-02,8.912660181522369385e-03,6.705602258443832397e-02,9.557209908962249756e-02,1.105276298522949219e+01,1.730079650878906250e+01,1.856563568115234375e+01
2.879799804687500000e+02,2.101947696487225606e-42,5.125584340629974027e-19,2.885067401994789726e-12,2.156864530727942153e-12,4.243295552441850305e-05,1.121457386016845703e+01,1.732048416137695312e+01,1.861378288269042969e+01,1.011389680206775665e-02,2.041701972484588623e-02,0.000000000000000000e+00,4.695706069469451904e-02,9.926282614469528198e-02,1.105984020233154297e+01,1.732871627807617188e+01,1.859126853942871094e+01,2.991924248635768890e-02,2.835932001471519470e-02,8.919154293835163116e-03,6.706853955984115601e-02,9.556014090776443481e-02,1.105275440216064453e+01,1.730079650878906250e+01,1.856564140319824219e+01
2.884808044433593750e+02,1.715189320333576095e-42,4.033539978949584045e-19,2.450022172986732194e-12,1.831617973610533134e-12,3.742884655366651714e-05,1.121457386016845703e+01,1.732049369812011719e+01,1.861379432678222656e+01,1.011174917221069336e-02,2.041900530457496643e-02,0.000000000000000000e+00,4.694817587733268738e-02,9.926585108041763306e-02,1.105984115600585938e+01,1.732872200012207031e+01,1.859128379821777344e+01,2.992079034447669983e-02,2.836470119655132294e-02,8.912581950426101685e-03,6.706046313047409058e-02,9.556526690721511841e-02,1.105275344848632812e+01,1.730079650878906250e+01,1.856564331054687500e+01
2.889816284179687500e+02,1.401298464324817071e-42,3.174171959304528104e-19,2.080587221606200465e-12,1.555425059585058278e-12,3.301490141893737018e-05,1.121457386016845703e+01,1.732050132751464844e+01,1.861380386352539062e+01,1.011133007705211639e-02,2.041934803128242493e-02,0.000000000000000000e+00,4.695021361112594604e-02,9.926261007785797119e-02,1.105984401702880859e+01,1.732873153686523438e+01,1.859129333496093750e+01,2.992060594260692596e-02,2.836500108242034912e-02,8.911564946174621582e-03,6.706073135137557983e-02,9.556353092193603516e-02,1.105274772644042969e+01,1.730080032348632812e+01,1.856564521789550781e+01
2.894824829101562500e+02,1.143459546889050730e-42,2.497861335662929992e-19,1.766846326363424868e-12,1.320871146834323717e-12,2.912127092713490129e-05,1.121457386016845703e+01,1.732050704956054688e+01,1.861381149291992188e+01,1.011276245117187500e-02,2.041823044419288635e-02,0.000000000000000000e+00,4.696360230445861816e-02,9.925308823585510254e-02,1.105983352661132812e+01,1.732874107360839844e+01,1.859129714965820312e+01,2.991986088454723358e-02,2.835958823561668396e-02,8.918401785194873810e-03,6.707336008548736572e-02,9.555163979530334473e-02,1.105274009704589844e+01,1.730080223083496094e+01,1.856564903259277344e+01
2.899833068847656250e+02,9.332647772403281692e-43,1.965678274211659288e-19,1.500433783295507251e-12,1.121701364605043327e-12,2.568703166616614908e-05,1.121457386016845703e+01,1.732051277160644531e+01,1.861381912231445312e+01,1.011071912944316864e-02,2.042003534734249115e-02,0.000000000000000000e+00,4.695389419794082642e-02,9.925730526447296143e-02,1.105983924865722656e+01,1.732874298095703125e+01,1.859131240844726562e+01,2.992135845124721527e-02,2.836497500538825989e-02,8.912110701203346252e-03,6.706485897302627563e-02,9.555749595165252686e-02,1.105274200439453125e+01,1.730080032348632812e+01,1.856565093994140625e+01
2.904841308593750000e+02,7.609050661283756695e-43,1.546879444262446316e-19,1.274194617005564023e-12,9.525659341175218842e-13,2.265778857690747827e-05,1.121457290649414062e+01,1.732051849365234375e+01,1.861382675170898438e+01,1.011045929044485092e-02,2.042029052972793579e-02,0.000000000000000000e+00,4.695534333586692810e-02,9.925506263971328735e-02,1.105983734130859375e+01,1.732875251770019531e+01,1.859131813049316406e+01,2.992107532918453217e-02,2.836523205041885376e-02,8.911227807402610779e-03,6.706462055444717407e-02,9.555651247501373291e-02,1.105273437500000000e+01,1.730080413818359375e+01,1.856565666198730469e+01
2.909849853515625000e+02,6.221765181602187795e-43,1.217290233919487419e-19,1.082059246891586834e-12,8.089269813889299332e-13,1.998562765948008746e-05,1.121457290649414062e+01,1.732052230834960938e+01,1.861383247375488281e+01,1.011196337640285492e-02,2.041903138160705566e-02,0.000000000000000000e+00,4.696804285049438477e-02,9.924650937318801880e-02,1.105982780456542969e+01,1.732876014709472656e+01,1.859132194519042969e+01,2.992028556764125824e-02,2.835978567600250244e-02,8.918111212551593781e-03,6.707683950662612915e-02,9.554555267095565796e-02,1.105273056030273438e+01,1.730080604553222656e+01,1.856565666198730469e+01
2.914858093261718750e+02,5.072700440855837797e-43,9.579394497043349743e-20,9.189064439918404048e-13,6.869556464471349155e-13,1.762874308042228222e-05,1.121457290649414062e+01,1.732052612304687500e+01,1.861383819580078125e+01,1.011002343147993088e-02,2.042073383927345276e-02,0.000000000000000000e+00,4.695777967572212219e-02,9.925138950347900391e-02,1.105983352661132812e+01,1.732875442504882812e+01,1.859133338928222656e+01,2.992173284292221069e-02,2.836515940725803375e-02,8.911775425076484680e-03,6.706800311803817749e-02,9.555213898420333862e-02,1.105272865295410156e+01,1.730080223083496094e+01,1.856566238403320312e+01
2.919866333007812500e+02,4.133830469758210359e-43,7.538447181486369124e-20,7.803546220666590649e-13,5.833761750582977523e-13,1.554980190121568739e-05,1.121457290649414062e+01,1.732052993774414062e+01,1.861384201049804688e+01,1.010983996093273163e-02,2.042092382907867432e-02,0.000000000000000000e+00,4.695880413055419922e-02,9.924989938735961914e-02,1.105983352661132812e+01,1.732876396179199219e+01,1.859133720397949219e+01,2.992141246795654297e-02,2.836539596319198608e-02,8.910940960049629211e-03,6.706740707159042358e-02,9.555179625749588013e-02,1.105272769927978516e+01,1.730080604553222656e+01,1.856566047668457031e+01
2.924874877929687500e+02,3.377129299022809141e-43,5.932249193781067367e-20,6.626876781698487484e-13,4.954101907352070899e-13,1.371592406940180808e-05,1.121457290649414062e+01,1.732053184509277344e+01,1.861384582519531250e+01,1.011143624782562256e-02,2.041958831250667572e-02,0.000000000000000000e+00,4.697113111615180969e-02,9.924196451902389526e-02,1.105982589721679688e+01,1.732876968383789062e+01,1.859133720397949219e+01,2.992058545351028442e-02,2.835993841290473938e-02,8.917892351746559143e-03,6.707929819822311401e-02,9.554141759872436523e-02,1.105272674560546875e+01,1.730080604553222656e+01,1.856565856933593750e+01
2.929883117675781250e+02,2.760557974719889630e-43,4.668346298368451148e-20,5.627693948871692609e-13,4.207130520697544007e-13,1.209841775562381372e-05,1.121457290649414062e+01,1.732053565979003906e+01,1.861384963989257812e+01,1.010954752564430237e-02,2.042123302817344666e-02,0.000000000000000000e+00,4.696051403880119324e-02,9.924735873937606812e-02,1.105983161926269531e+01,1.732877159118652344e+01,1.859133911132812500e+01,2.992201037704944611e-02,2.836528420448303223e-02,8.911685086786746979e-03,6.707017868757247925e-02,9.554857015609741211e-02,1.105272483825683594e+01,1.730080795288085938e+01,1.856565856933593750e+01
2.934891357421875000e+02,2.256090527562955484e-43,3.673725589023937517e-20,4.779168597326965973e-13,3.572789308327328772e-13,1.067166158463805914e-05,1.121457290649414062e+01,1.732053756713867188e+01,1.861385345458984375e+01,1.010941714048385620e-02,2.042135410010814667e-02,0.000000000000000000e+00,4.696116596460342407e-02,9.924633055925369263e-02,1.105983161926269531e+01,1.732877159118652344e+01,1.859134864807128906e+01,2.992164157330989838e-02,2.836551330983638763e-02,8.910792879760265350e-03,6.706940382719039917e-02,9.554851055145263672e-02,1.105272483825683594e+01,1.730080795288085938e+01,1.856566047668457031e+01
2.939899902343750000e+02,1.835700988265510363e-43,2.890972330183250113e-20,4.058543865564923081e-13,3.034064969750782659e-13,9.413089173904154450e-06,1.121457290649414062e+01,1.732053947448730469e+01,1.861385536193847656e+01,1.011107116937637329e-02,2.041998505592346191e-02,0.000000000000000000e+00,4.697326198220252991e-02,9.923879057168960571e-02,1.105982685089111328e+01,1.732877731323242188e+01,1.859134292602539062e+01,2.992079406976699829e-02,2.836002781987190247e-02,8.917787112295627594e-03,6.708100438117980957e-02,9.553865343332290649e-02,1.105272006988525391e+01,1.730080986022949219e+01,1.856565856933593750e+01
2.944908142089843750e+02,1.499389356827554266e-43,2.275031674091244766e-20,3.446614467352698830e-13,2.576599686648223253e-13,8.303010872623417526e-06,1.121457290649414062e+01,1.732054138183593750e+01,1.861385726928710938e+01,1.010920479893684387e-02,2.042154222726821899e-02,0.000000000000000000e+00,4.696228355169296265e-02,9.924460202455520630e-02,1.105983161926269531e+01,1.732877349853515625e+01,1.859135437011718750e+01,2.992218732833862305e-02,2.836537174880504608e-02,8.911552838981151581e-03,6.707170605659484863e-02,9.554605185985565186e-02,1.105272006988525391e+01,1.730080604553222656e+01,1.856566429138183594e+01
2.949916381835937500e+02,1.233142648605839022e-43,1.790323868415630817e-20,2.926952300322249734e-13,2.188112294436092564e-13,7.323846148210577667e-06,1.121457290649414062e+01,1.732054328918457031e+01,1.861385917663574219e+01,1.010913215577602386e-02,2.042164653539657593e-02,0.000000000000000000e+00,4.696280136704444885e-02,9.924386441707611084e-02,1.105983161926269531e+01,1.732877540588378906e+01,1.859135437011718750e+01,2.992181666195392609e-02,2.836558781564235687e-02,8.910774253308773041e-03,6.707069277763366699e-02,9.554640203714370728e-02,1.105272006988525391e+01,1.730080604553222656e+01,1.856566429138183594e+01
2.954924926757812500e+02,9.949219096706201204e-44,1.408865328410253984e-20,2.485618861344102148e-13,1.858181848408274606e-13,6.460104486905038357e-06,1.121457290649414062e+01,1.732054519653320312e+01,1.861386108398437500e+01,1.011079549789428711e-02,2.042022906243801117e-02,0.000000000000000000e+00,4.697468876838684082e-02,9.923665970563888550e-02,1.105982303619384766e+01,1.732877922058105469e+01,1.859135246276855469e+01,2.992093190550804138e-02,2.836008742451667786e-02,8.917697705328464508e-03,6.708209216594696045e-02,9.553670138120651245e-02,1.105271816253662109e+01,1.730080986022949219e+01,1.856566238403320312e+01
2.959933166503906250e+02,8.127531093083939011e-44,1.108698851676449587e-20,2.110852589725861761e-13,1.578015604471183497e-13,5.698271706933155656e-06,1.121457290649414062e+01,1.732054519653320312e+01,1.861386299133300781e+01,1.010899618268013000e-02,2.042179927229881287e-02,0.000000000000000000e+00,4.696362093091011047e-02,9.924265742301940918e-02,1.105983161926269531e+01,1.732877731323242188e+01,1.859136009216308594e+01,2.992231026291847229e-02,2.836543135344982147e-02,8.911442942917346954e-03,6.707271188497543335e-02,9.554429352283477783e-02,1.105271911621093750e+01,1.730080604553222656e+01,1.856566810607910156e+01
2.964941711425781250e+02,6.726232628759121940e-44,8.724716591471469468e-21,1.792573793395202397e-13,1.340078493051316544e-13,5.026241979066981003e-06,1.121457290649414062e+01,1.732054710388183594e+01,1.861386489868164062e+01,1.011068467050790787e-02,2.042035385966300964e-02,0.000000000000000000e+00,4.697536304593086243e-02,9.923560172319412231e-02,1.105982398986816406e+01,1.732878303527832031e+01,1.859135437011718750e+01,2.992103435099124908e-02,2.836016938090324402e-02,8.918077684938907623e-03,6.708312779664993286e-02,9.553559124469757080e-02,1.105271625518798828e+01,1.730081176757812500e+01,1.856566619873046875e+01
2.969949951171875000e+02,5.465064010866786577e-44,6.865865656067221986e-21,1.522301300857856199e-13,1.138029828793435394e-13,4.433502908796072006e-06,1.121457290649414062e+01,1.732054710388183594e+01,1.861386680603027344e+01,1.010889001190662384e-02,2.042188867926597595e-02,0.000000000000000000e+00,4.696420207619667053e-02,9.924177080392837524e-02,1.105983161926269531e+01,1.732877731323242188e+01,1.859136199951171875e+01,2.992238290607929230e-02,2.836547419428825378e-02,8.911617100238800049e-03,6.707337498664855957e-02,9.554358571767807007e-02,1.105271911621093750e+01,1.730080795288085938e+01,1.856566810607910156e+01
2.974958190917968750e+02,4.484155085839414627e-44,5.403052884420095312e-21,1.292778953549192367e-13,9.664450094154161675e-14,3.910664418071974069e-06,1.121457290649414062e+01,1.732054901123046875e+01,1.861386680603027344e+01,1.010884158313274384e-02,2.042194828391075134e-02,0.000000000000000000e+00,4.696448892354965210e-02,9.924144297838211060e-02,1.105983066558837891e+01,1.732878303527832031e+01,1.859136009216308594e+01,2.992197871208190918e-02,2.836566604673862457e-02,8.910713717341423035e-03,6.707206368446350098e-02,9.554419666528701782e-02,1.105271625518798828e+01,1.730081176757812500e+01,1.856566619873046875e+01
2.979966735839843750e+02,3.643376007244524384e-44,4.251838403286840606e-21,1.097851667973374912e-13,8.207226131345946030e-14,3.449457153692492284e-06,1.121457290649414062e+01,1.732054901123046875e+01,1.861386871337890625e+01,1.011055242270231247e-02,2.042050100862979889e-02,0.000000000000000000e+00,4.697616770863533020e-02,9.923450648784637451e-02,1.105982398986816406e+01,1.732878875732421875e+01,1.859135437011718750e+01,2.992108091711997986e-02,2.836016751825809479e-02,8.917650207877159119e-03,6.708334386348724365e-02,9.553465992212295532e-02,1.105271434783935547e+01,1.730081558227539062e+01,1.856566429138183594e+01
2.984974975585937500e+02,2.942726775082115849e-44,3.345958300525676349e-21,9.323252348099331233e-14,6.969796376328496468e-14,3.042665866814786568e-06,1.121457290649414062e+01,1.732054901123046875e+01,1.861386871337890625e+01,1.010877545922994614e-02,2.042202651500701904e-02,0.000000000000000000e+00,4.696491733193397522e-02,9.924079477787017822e-02,1.105982971191406250e+01,1.732878494262695312e+01,1.859136199951171875e+01,2.992244251072406769e-02,2.836549654603004456e-02,8.911406621336936951e-03,6.707376241683959961e-02,9.554259479045867920e-02,1.105271720886230469e+01,1.730081176757812500e+01,1.856566810607910156e+01
2.989983215332031250e+02,2.382207389352189021e-44,2.633081083540727611e-21,7.917558481670278203e-14,5.918938164031425919e-14,2.683847014850471169e-06,1.121457290649414062e+01,1.732055091857910156e+01,1.861387062072753906e+01,1.010874286293983459e-02,2.042205259203910828e-02,0.000000000000000000e+00,4.696509987115859985e-02,9.924054890871047974e-02,1.105982875823974609e+01,1.732878303527832031e+01,1.859136581420898438e+01,2.992202900350093842e-02,2.836569584906101227e-02,8.910595439374446869e-03,6.707251071929931641e-02,9.554329514503479004e-02,1.105271530151367188e+01,1.730080986022949219e+01,1.856567192077636719e+01
2.994991760253906250e+02,1.961817850054743899e-44,2.072056132444615156e-21,6.723738726161984647e-14,5.026471724739120517e-14,2.367325123486807570e-06,1.121457290649414062e+01,1.732055091857910156e+01,1.861387062072753906e+01,1.011045183986425400e-02,2.042059227824211121e-02,0.000000000000000000e+00,4.697667807340621948e-02,9.923368692398071289e-02,1.105982112884521484e+01,1.732878875732421875e+01,1.859136199951171875e+01,2.992113493382930756e-02,2.836019918322563171e-02,8.917593397200107574e-03,6.708377599716186523e-02,9.553398936986923218e-02,1.105271530151367188e+01,1.730081367492675781e+01,1.856567001342773438e+01
3.000000000000000000e+02,1.541428310757298778e-44,1.630581902953269038e-21,5.709960228163918350e-14,4.268599837205060143e-14,2.088142537104431540e-06,1.121457290649414062e+01,1.732055091857910156e+01,1.861387062072753906e+01,1.010870188474655151e-02,2.042211964726448059e-02,0.000000000000000000e+00,4.696541652083396912e-02,9.924006462097167969e-02,1.105982971191406250e+01,1.732878303527832031e+01,1.859136772155761719e+01,2.992249280214309692e-02,2.836552448570728302e-02,8.911361917853355408e-03,6.707412749528884888e-02,9.554196149110794067e-02,1.105271625518798828e+01,1.730080986022949219e+01,1.856567382812500000e+01
