time,theta_0,theta_1,theta_2,theta_3,theta_4,theta_5,theta_6,theta_7,theta_8,theta_9,theta_10,theta_11,theta_12,theta_13
5.008347034454345703e-01,5.000005245208740234e+00,5.000005245208740234e+00,5.000005245208740234e+00,5.000005245208740234e+00,5.000005245208740234e+00,5.000005245208740234e+00,5.000005245208740234e+00,5.000005245208740234e+00,5.000005245208740234e+00,5.000005245208740234e+00,5.000005245208740234e+00,5.000005245208740234e+00,5.000005245208740234e+00,5.000005245208740234e+00
1.001669406890869141e+00,5.000005245208740234e+00,5.000005245208740234e+00,5.000005245208740234e+00,5.000005245208740234e+00,5.000005245208740234e+00,5.000005245208740234e+00,5.000005245208740234e+00,5.000005245208740234e+00,5.000005245208740234e+00,5.000005245208740234e+00,5.000005245208740234e+00,5.000005245208740234e+00,5.000005245208740234e+00,5.000005245208740234e+00
1.502504229545593262e+00,5.000005245208740234e+00,5.000005245208740234e+00,5.000005245208740234e+00,5.000005245208740234e+00,5.000005245208740234e+00,5.000005245208740234e+00,5.000005245208740234e+00,5.000005245208740234e+00,5.000005245208740234e+00,5.000005245208740234e+00,5.000005245208740234e+00,5.000005245208740234e+00,5.000005245208740234e+00,5.000005245208740234e+00
2.003338813781738281e+00,5.000005245208740234e+00,5.000005245208740234e+00,5.000005245208740234e+00,5.000005245208740234e+00,5.000005245208740234e+00,5.000005245208740234e+00,5.000005245208740234e+00,5.000005245208740234e+00,5.000005245208740234e+00,5.000005245208740234e+00,5.000005245208740234e+00,5.000005245208740234e+00,5.000005245208740234e+00,5.000005245208740234e+00
2.504173517227172852e+00,5.000005245208740234e+00,5.000005245208740234e+00,5.000005245208740234e+00,5.000005245208740234e+00,5.000005245208740234e+00,5.000005245208740234e+00,5.000005245208740234e+00,5.000005245208740234e+00,5.000005245208740234e+00,5.000005245208740234e+00,5.000005245208740234e+00,5.000005245208740234e+00,5.000005245208740234e+00,5.000005245208740234e+00
3.005008459091186523e+00,5.000005245208740234e+00,5.000005245208740234e+00,5.000005245208740234e+00,5.000005245208740234e+00,5.000005245208740234e+00,5.000005245208740234e+00,5.000005245208740234e+00,5.000005245208740234e+00,5.000005245208740234e+00,5.000005245208740234e+00,5.000005245208740234e+00,5.000005245208740234e+00,5.000005245208740234e+00,5.000005245208740234e+00
3.505843162536621094e+00,5.000005245208740234e+00,5.000005245208740234e+00,5.000005245208740234e+00,5.000005245208740234e+00,5.000005245208740234e+00,5.000005245208740234e+00,5.000005245208740234e+00,5.000005245208740234e+00,5.000005245208740234e+00,5.000005245208740234e+00,5.000005245208740234e+00,5.000005245208740234e+00,5.000005245208740234e+00,5.000005245208740234e+00
4.006677627563476562e+00,5.000005245208740234e+00,5.000005245208740234e+00,5.000005245208740234e+00,5.000005245208740234e+00,5.000005245208740234e+00,5.000005245208740234e+00,5.000005245208740234e+00,5.000005245208740234e+00,5.000005245208740234e+00,5.000005245208740234e+00,5.000005245208740234e+00,5.000005245208740234e+00,5.000005245208740234e+00,5.000005245208740234e+00
4.507512569427490234e+00,5.000005245208740234e+00,5.000005245208740234e+00,5.000005245208740234e+00,5.000005245208740234e+00,5.000005245208740234e+00,5.000005245208740234e+00,5.000005245208740234e+00,5.000005245208740234e+00,5.000005245208740234e+00,5.000005245208740234e+00,5.000005245208740234e+00,5.000005245208740234e+00,5.000005245208740234e+00,5.000005245208740234e+00
5.008347034454345703e+00,5.000005245208740234e+00,5.000005245208740234e+00,5.000005245208740234e+00,5.000005245208740234e+00,5.000005245208740234e+00,5.000005245208740234e+00,5.000005245208740234e+00,5.000005245208740234e+00,5.000005245208740234e+00,5.000005245208740234e+00,5.000005245208740234e+00,5.000005245208740234e+00,5.000005245208740234e+00,5.000005245208740234e+00
5.509181976318359375e+00,5.000005245208740234e+00,5.000005245208740234e+00,5.000005245208740234e+00,5.000005245208740234e+00,5.000005245208740234e+00,5.000005245208740234e+00,5.000005245208740234e+00,5.000005245208740234e+00,5.000005245208740234e+00,5.000005245208740234e+00,5.000005245208740234e+00,5.000005245208740234e+00,5.000005245208740234e+00,5.000005245208740234e+00
6.010016918182373047e+00,5.000005245208740234e+00,5.000005245208740234e+00,5.000005245208740234e+00,5.000005245208740234e+00,5.000005245208740234e+00,5.000005245208740234e+00,5.000005245208740234e+00,5.000005245208740234e+00,5.000005245208740234e+00,5.000005245208740234e+00,5.000005245208740234e+00,5.000005245208740234e+00,5.000005245208740234e+00,5.000005245208740234e+00
6.510851383209228516e+00,5.000005245208740234e+00,5.000005245208740234e+00,5.000005245208740234e+00,5.000005245208740234e+00,5.000005245208740234e+00,5.000005245208740234e+00,5.000005245208740234e+00,5.000005245208740234e+00,5.000005245208740234e+00,5.000005245208740234e+00,5.000005245208740234e+00,5.000005245208740234e+00,5.000005245208740234e+00,5.000005245208740234e+00
7.011686325073242188e+00,5.000005245208740234e+00,5.000005245208740234e+00,5.000005245208740234e+00,5.000005245208740234e+00,5.000005245208740234e+00,5.000005245208740234e+00,5.000005245208740234e+00,5.000005245208740234e+00,5.000005245208740234e+00,5.000005245208740234e+00,5.000005245208740234e+00,5.000005245208740234e+00,5.000005245208740234e+00,5.000005245208740234e+00
7.512520790100097656e+00,5.000005245208740234e+00,5.000005245208740234e+00,5.000005245208740234e+00,5.000005245208740234e+00,5.000005245208740234e+00,5.000005245208740234e+00,5.000005245208740234e+00,5.000005245208740234e+00,5.000005245208740234e+00,5.000005245208740234e+00,5.000005245208740234e+00,5.000005245208740234e+00,5.000005245208740234e+00,5.000005245208740234e+00
8.013355255126953125e+00,5.000005245208740234e+00,5.000005245208740234e+00,5.000005245208740234e+00,5.000005245208740234e+00,5.000005245208740234e+00,5.000005245208740234e+00,5.000005245208740234e+00,5.000005245208740234e+00,5.000005245208740234e+00,5.000005245208740234e+00,5.000005245208740234e+00,5.000005245208740234e+00,5.000005245208740234e+00,5.000005245208740234e+00
8.514190673828125000e+00,5.000005245208740234e+00,5.000005245208740234e+00,5.000005245208740234e+00,5.000005245208740234e+00,5.000005245208740234e+00,5.000005245208740234e+00,5.000005245208740234e+00,5.000005245208740234e+00,5.000005245208740234e+00,5.000005245208740234e+00,5.000005245208740234e+00,5.000005245208740234e+00,5.000005245208740234e+00,5.000005245208740234e+00
9.015025138854980469e+00,5.000005245208740234e+00,5.000005245208740234e+00,5.000005245208740234e+00,5.000005245208740234e+00,5.000005245208740234e+00,5.000005245208740234e+00,5.000005245208740234e+00,5.000005245208740234e+00,5.000005245208740234e+00,5.000005245208740234e+00,5.000005245208740234e+00,5.000005245208740234e+00,5.000005245208740234e+00,5.000005245208740234e+00
9.515859603881835938e+00,3.150784015655517578e+00,3.946964740753173828e-01,7.243649959564208984e+00,8.462898254394531250e+00,2.564073085784912109e+00,1.868793368339538574e+00,4.514856338500976562e+00,4.650692462921142578e+00,8.619038581848144531e+00,5.707844257354736328e+00,6.248266100883483887e-01,7.553521633148193359e+00,7.735530853271484375e+00,5.898555278778076172e+00
1.001669406890869141e+01,3.647985458374023438e+00,4.547616839408874512e-01,6.992421627044677734e+00,8.427876472473144531e+00,7.153989315032958984e+00,2.559973478317260742e+00,3.619430780410766602e+00,4.688397407531738281e+00,8.159963607788085938e+00,5.098284244537353516e+00,9.063170552253723145e-01,6.490454196929931641e+00,7.607475280761718750e+00,6.598705768585205078e+00
1.051752948760986328e+01,4.317907810211181641e+00,4.485695362091064453e+00,9.119434356689453125e+00,8.848571777343750000e+00,7.066238403320312500e+00,3.410788774490356445e+00,3.875292778015136719e+00,5.186095714569091797e+00,8.609910011291503906e+00,2.821008205413818359e+00,3.602969348430633545e-01,3.974241256713867188e+00,6.975427150726318359e+00,6.475728511810302734e+00
1.101836395263671875e+01,4.594351291656494141e+00,7.104423999786376953e+00,9.204648017883300781e+00,8.890357017517089844e+00,7.275157451629638672e+00,4.039339542388916016e+00,4.357717037200927734e+00,7.133252143859863281e+00,8.640233039855957031e+00,1.522014617919921875e+00,2.957133352756500244e-01,3.124455451965332031e+00,6.448673725128173828e+00,6.060709953308105469e+00
1.151919841766357422e+01,4.186226367950439453e+00,4.266367912292480469e+00,8.194097518920898438e+00,8.828040122985839844e+00,7.410995483398437500e+00,5.162502765655517578e+00,4.695266723632812500e+00,6.485875129699707031e+00,7.030585765838623047e+00,7.493721842765808105e-01,2.910919487476348877e-01,2.732315063476562500e+00,6.872826576232910156e+00,5.779618263244628906e+00
1.202003383636474609e+01,4.165466308593750000e+00,3.849927186965942383e+00,7.366155624389648438e+00,8.793985366821289062e+00,7.548364162445068359e+00,5.311904907226562500e+00,4.902299404144287109e+00,6.310931205749511719e+00,6.668996810913085938e+00,6.870034933090209961e-01,3.086767494678497314e-01,2.466225147247314453e+00,6.147972106933593750e+00,5.573802471160888672e+00
1.252086830139160156e+01,4.146018028259277344e+00,3.736001729965209961e+00,6.672438621520996094e+00,8.756116867065429688e+00,7.660409450531005859e+00,5.318212032318115234e+00,5.148856163024902344e+00,6.275877952575683594e+00,6.570000171661376953e+00,7.670255303382873535e-01,3.357473611831665039e-01,2.234496355056762695e+00,5.542952537536621094e+00,5.567652702331542969e+00
1.302170276641845703e+01,4.117435932159423828e+00,3.688075065612792969e+00,6.415719032287597656e+00,8.708042144775390625e+00,7.771133422851562500e+00,5.471179008483886719e+00,5.389005184173583984e+00,6.296621322631835938e+00,6.567818641662597656e+00,9.626024365425109863e-01,3.674192726612091064e-01,2.020976066589355469e+00,5.267505645751953125e+00,5.637004852294921875e+00
1.352253723144531250e+01,4.100418090820312500e+00,3.639467954635620117e+00,6.106762886047363281e+00,8.647790908813476562e+00,7.878365039825439453e+00,5.600713253021240234e+00,5.206486225128173828e+00,6.310086250305175781e+00,6.587666034698486328e+00,1.208127021789550781e+00,4.009512960910797119e-01,1.820610404014587402e+00,5.066571712493896484e+00,5.317036151885986328e+00
1.402337265014648438e+01,4.088507652282714844e+00,3.606686592102050781e+00,5.849429130554199219e+00,8.582386016845703125e+00,7.979612827301025391e+00,5.704452991485595703e+00,5.213454246520996094e+00,6.322296142578125000e+00,6.612370967864990234e+00,1.608191370964050293e+00,4.333813488483428955e-01,1.634211897850036621e+00,4.910393238067626953e+00,5.233958721160888672e+00
1.452420711517333984e+01,4.081205844879150391e+00,3.581118822097778320e+00,5.617086887359619141e+00,8.516821861267089844e+00,8.073728561401367188e+00,5.789782524108886719e+00,5.233171939849853516e+00,6.332312583923339844e+00,6.645891189575195312e+00,2.209975719451904297e+00,4.636753201484680176e-01,1.462606191635131836e+00,4.786516666412353516e+00,5.186630725860595703e+00
1.502504158020019531e+01,4.077126979827880859e+00,3.555834054946899414e+00,5.378589630126953125e+00,8.455429077148437500e+00,8.160448074340820312e+00,5.861708641052246094e+00,5.252792358398437500e+00,6.340369224548339844e+00,6.689181804656982422e+00,2.993912458419799805e+00,4.932617843151092529e-01,1.305859327316284180e+00,4.686902523040771484e+00,5.154300689697265625e+00
1.552587604522705078e+01,4.075116157531738281e+00,3.528970956802368164e+00,5.124825000762939453e+00,8.400246620178222656e+00,8.240052223205566406e+00,5.923159122467041016e+00,5.270271301269531250e+00,6.346929550170898438e+00,6.738543033599853516e+00,3.839715003967285156e+00,5.248939990997314453e-01,1.163401842117309570e+00,4.605496883392333984e+00,5.130372524261474609e+00
1.602671051025390625e+01,4.074407100677490234e+00,3.503040790557861328e+00,4.869117736816406250e+00,8.351730346679687500e+00,8.313082695007324219e+00,5.976118564605712891e+00,5.285470485687255859e+00,6.352642059326171875e+00,6.788593292236328125e+00,4.606223583221435547e+00,5.602566599845886230e-01,1.034469842910766602e+00,4.537965774536132812e+00,5.111840724945068359e+00
1.652754592895507812e+01,4.074525833129882812e+00,3.481451988220214844e+00,4.631492614746093750e+00,8.310293197631835938e+00,8.380089759826660156e+00,6.022050857543945312e+00,5.298621177673339844e+00,6.358226776123046875e+00,6.836033821105957031e+00,5.227325916290283203e+00,5.992355942726135254e-01,9.183515310287475586e-01,4.481249332427978516e+00,5.097069740295410156e+00
1.702838134765625000e+01,4.075154304504394531e+00,3.466201066970825195e+00,4.426327705383300781e+00,8.276739120483398438e+00,8.441337585449218750e+00,6.062085151672363281e+00,5.309995651245117188e+00,6.364210128784179688e+00,6.880008220672607422e+00,5.707262039184570312e+00,6.407323479652404785e-01,8.147653937339782715e-01,4.433137416839599609e+00,5.085066795349121094e+00
1.752921485900878906e+01,7.882878303527832031e+00,8.848754882812500000e+00,4.080619513988494873e-01,2.681013584136962891e+00,8.210753440856933594e+00,5.917098045349121094e+00,5.302347183227539062e+00,1.221537232398986816e+00,1.585767418146133423e-01,8.595321655273437500e+00,7.692745685577392578e+00,5.822312235832214355e-01,4.295561313629150391e+00,5.041857242584228516e+00
1.803005027770996094e+01,8.517136573791503906e+00,8.961171150207519531e+00,9.840600967407226562e+00,6.946070194244384766e-01,7.575345039367675781e+00,5.215828895568847656e+00,5.248835563659667969e+00,3.362602233886718750e+00,5.712698698043823242e-01,9.497586250305175781e+00,7.766169071197509766e+00,2.624801099300384521e-01,3.715908050537109375e+00,4.773748397827148438e+00
1.853088569641113281e+01,7.445021629333496094e+00,8.739157676696777344e+00,9.636280059814453125e+00,1.693885684013366699e+00,7.968643188476562500e+00,5.889352798461914062e+00,5.408311367034912109e+00,3.928858041763305664e+00,5.206236243247985840e-01,9.080324172973632812e+00,7.757009029388427734e+00,1.065725207328796387e+00,4.305057525634765625e+00,4.841003894805908203e+00
1.903171920776367188e+01,6.812645912170410156e+00,8.698164939880371094e+00,5.500758171081542969e+00,3.520421504974365234e+00,7.281141757965087891e+00,5.946864604949951172e+00,5.286545276641845703e+00,3.350703716278076172e+00,3.940713405609130859e-01,6.198049068450927734e+00,6.428204536437988281e+00,2.437671661376953125e+00,4.305270195007324219e+00,4.951967716217041016e+00
1.953255462646484375e+01,7.200884819030761719e+00,8.738968849182128906e+00,5.357527256011962891e+00,4.307158470153808594e+00,7.137777805328369141e+00,5.748989582061767578e+00,5.235966205596923828e+00,2.601563453674316406e+00,3.534493148326873779e-01,5.719202041625976562e+00,5.044074058532714844e+00,2.776113271713256836e+00,4.521874904632568359e+00,4.989404201507568359e+00
2.003338813781738281e+01,7.526672840118408203e+00,8.783035278320312500e+00,5.190265655517578125e+00,5.637441158294677734e+00,7.126811504364013672e+00,5.602883815765380859e+00,5.192651271820068359e+00,1.891046285629272461e+00,3.064408600330352783e-01,5.429477691650390625e+00,4.548395633697509766e+00,2.897258281707763672e+00,4.685034275054931641e+00,5.044263362884521484e+00
2.053422355651855469e+01,7.691736698150634766e+00,8.831521987915039062e+00,5.254460334777832031e+00,6.404644012451171875e+00,7.188498973846435547e+00,5.520204067230224609e+00,5.176452159881591797e+00,1.391728997230529785e+00,2.661598920822143555e-01,5.423634052276611328e+00,3.667212486267089844e+00,2.837133169174194336e+00,4.801394939422607422e+00,5.098368167877197266e+00
2.103505897521972656e+01,7.544042110443115234e+00,8.877195358276367188e+00,5.301106929779052734e+00,7.053368568420410156e+00,7.301056861877441406e+00,5.504484176635742188e+00,5.177191257476806641e+00,1.303433060646057129e+00,2.321332544088363647e-01,5.423647880554199219e+00,2.946837663650512695e+00,2.711353540420532227e+00,4.874183177947998047e+00,5.144537925720214844e+00
2.153589248657226562e+01,7.146470546722412109e+00,8.909970283508300781e+00,5.343826770782470703e+00,7.539292335510253906e+00,7.427953243255615234e+00,5.525461196899414062e+00,5.185862064361572266e+00,1.947200894355773926e+00,1.974095553159713745e-01,5.428452968597412109e+00,2.337386608123779297e+00,2.549226045608520508e+00,4.902685642242431641e+00,5.173936367034912109e+00
2.203672790527343750e+01,6.724185466766357422e+00,8.846769332885742188e+00,5.255382061004638672e+00,7.901746749877929688e+00,7.554697990417480469e+00,5.569432258605957031e+00,5.197014331817626953e+00,2.937715291976928711e+00,1.926481723785400391e-01,5.279544830322265625e+00,1.836243391036987305e+00,2.370497703552246094e+00,4.899232864379882812e+00,5.186223030090332031e+00
2.253756332397460938e+01,6.698736667633056641e+00,8.710009574890136719e+00,5.470987796783447266e+00,8.175062179565429688e+00,7.670607089996337891e+00,5.625369548797607422e+00,5.209558486938476562e+00,3.508091926574707031e+00,2.576376497745513916e-01,5.456206321716308594e+00,1.434896349906921387e+00,2.186361789703369141e+00,4.872742652893066406e+00,5.186706542968750000e+00
2.303839683532714844e+01,6.901873111724853516e+00,8.705225944519042969e+00,6.358113288879394531e+00,8.355296134948730469e+00,7.781647205352783203e+00,5.684857368469238281e+00,5.224777221679687500e+00,4.294639587402343750e+00,4.280066192150115967e-01,5.973151683807373047e+00,1.179390907287597656e+00,2.002596378326416016e+00,4.832333564758300781e+00,5.181175231933593750e+00
2.353923225402832031e+01,8.121384620666503906e+00,9.264805793762207031e+00,8.915718078613281250e+00,8.322068214416503906e+00,7.911464214324951172e+00,5.723754405975341797e+00,5.249432563781738281e+00,6.087639808654785156e+00,2.855101585388183594e+00,3.525601625442504883e+00,1.250470042228698730e+00,1.768831729888916016e+00,4.799549102783203125e+00,5.161949157714843750e+00
2.404006767272949219e+01,7.339300632476806641e+00,8.950839042663574219e+00,8.840886116027832031e+00,8.403106689453125000e+00,8.004539489746093750e+00,5.784254550933837891e+00,5.264241695404052734e+00,5.149252891540527344e+00,4.621251583099365234e+00,1.934103012084960938e+00,1.049329161643981934e+00,1.603746891021728516e+00,4.742409229278564453e+00,5.150773048400878906e+00
2.454090118408203125e+01,6.575080871582031250e+00,8.435862541198730469e+00,8.650485038757324219e+00,8.494213104248046875e+00,8.085467338562011719e+00,5.843528270721435547e+00,5.275735378265380859e+00,5.431766033172607422e+00,5.016133785247802734e+00,1.986478924751281738e+00,8.683800101280212402e-01,1.462075233459472656e+00,4.683203697204589844e+00,5.141735553741455078e+00
2.504173660278320312e+01,5.858601570129394531e+00,7.762276172637939453e+00,8.347249031066894531e+00,8.530900955200195312e+00,8.161224365234375000e+00,5.897411346435546875e+00,5.286766052246093750e+00,5.864634990692138672e+00,5.329617977142333984e+00,2.426565408706665039e+00,7.537288069725036621e-01,1.327967882156372070e+00,4.626743793487548828e+00,5.132318496704101562e+00
2.554257011413574219e+01,5.133699417114257812e+00,6.821331977844238281e+00,7.859226703643798828e+00,8.527647018432617188e+00,8.229164123535156250e+00,5.947881698608398438e+00,5.296899795532226562e+00,6.094202041625976562e+00,5.488621234893798828e+00,3.029978752136230469e+00,6.869637966156005859e-01,1.208177089691162109e+00,4.572641372680664062e+00,5.123387813568115234e+00
2.604340553283691406e+01,4.513439178466796875e+00,5.634714603424072266e+00,7.158035278320312500e+00,8.500619888305664062e+00,8.295469284057617188e+00,5.992940902709960938e+00,5.306916236877441406e+00,6.134386539459228516e+00,5.629542350769042969e+00,3.702847957611083984e+00,6.544721722602844238e-01,1.091297030448913574e+00,4.523679733276367188e+00,5.114428997039794922e+00
2.654424095153808594e+01,4.098798274993896484e+00,4.710066318511962891e+00,6.407314300537109375e+00,8.469182014465332031e+00,8.359062194824218750e+00,6.032770156860351562e+00,5.316791534423828125e+00,6.313024520874023438e+00,6.002508640289306641e+00,4.503656864166259766e+00,6.420199871063232422e-01,9.802467226982116699e-01,4.480194091796875000e+00,5.105591297149658203e+00
2.704507446289062500e+01,3.805544137954711914e+00,4.051091194152832031e+00,5.670909881591796875e+00,8.438856124877929688e+00,8.418669700622558594e+00,6.068856239318847656e+00,5.326088905334472656e+00,6.505192756652832031e+00,6.373275279998779297e+00,5.257643699645996094e+00,6.457972526550292969e-01,8.778470754623413086e-01,4.440939426422119141e+00,5.097342967987060547e+00
2.754590988159179688e+01,3.597053527832031250e+00,3.609775066375732422e+00,5.036937236785888672e+00,8.413373947143554688e+00,8.474181175231933594e+00,6.101644039154052734e+00,5.334717273712158203e+00,6.665021896362304688e+00,6.666800022125244141e+00,5.863410949707031250e+00,6.629375815391540527e-01,7.845913767814636230e-01,4.405588150024414062e+00,5.089806079864501953e+00
2.804674530029296875e+01,3.450264453887939453e+00,3.325078248977661133e+00,4.546178817749023438e+00,8.395330429077148438e+00,8.525219917297363281e+00,6.131385326385498047e+00,5.342606544494628906e+00,6.787354469299316406e+00,6.881407737731933594e+00,6.316978931427001953e+00,6.900159120559692383e-01,7.012681365013122559e-01,4.373882293701171875e+00,5.083034515380859375e+00
2.854757881164550781e+01,3.347170114517211914e+00,3.144801378250122070e+00,4.191151618957519531e+00,8.386335372924804688e+00,8.571218490600585938e+00,6.158321857452392578e+00,5.349732875823974609e+00,6.879252433776855469e+00,7.036278724670410156e+00,6.653263092041015625e+00,7.241233587265014648e-01,6.286945939064025879e-01,4.345581054687500000e+00,5.077056884765625000e+00
2.904841423034667969e+01,3.273928165435791016e+00,3.032671213150024414e+00,3.946613311767578125e+00,8.387477874755859375e+00,8.611805915832519531e+00,6.182704448699951172e+00,5.356115341186523438e+00,6.949237823486328125e+00,7.150498867034912109e+00,6.908363342285156250e+00,7.633000612258911133e-01,5.670719146728515625e-01,4.320458889007568359e+00,5.071864604949951172e+00
2.954924964904785156e+01,3.220412254333496094e+00,2.965520620346069336e+00,3.787796258926391602e+00,8.399523735046386719e+00,8.647001266479492188e+00,6.204739570617675781e+00,5.361797809600830078e+00,7.004331111907958984e+00,7.238246917724609375e+00,7.109393119812011719e+00,8.064845800399780273e-01,5.157847404479980469e-01,4.298274993896484375e+00,5.067401409149169922e+00
3.005008316040039062e+01,3.179400682449340820e+00,2.929051399230957031e+00,3.696485757827758789e+00,8.423075675964355469e+00,8.677202224731445312e+00,6.224658012390136719e+00,5.366851329803466797e+00,7.049685001373291016e+00,7.309152126312255859e+00,7.275063991546630859e+00,8.532726168632507324e-01,4.736337363719940186e-01,4.278800964355468750e+00,5.063601970672607422e+00
3.055091857910156250e+01,3.145684957504272461e+00,2.914559125900268555e+00,3.661173820495605469e+00,8.458652496337890625e+00,8.703021049499511719e+00,6.242708683013916016e+00,5.371364116668701172e+00,7.088962078094482422e+00,7.369615554809570312e+00,7.418241024017333984e+00,9.037283062934875488e-01,4.392000734806060791e-01,4.261827945709228516e+00,5.060399055480957031e+00
3.105175209045410156e+01,3.115394353866577148e+00,2.916779518127441406e+00,3.675552606582641602e+00,8.506637573242187500e+00,8.725183486938476562e+00,6.259102821350097656e+00,5.375400066375732422e+00,7.124765396118164062e+00,7.423916816711425781e+00,7.547810554504394531e+00,9.582665562629699707e-01,4.111156463623046875e-01,4.247125148773193359e+00,5.057719707489013672e+00
3.155258750915527344e+01,3.085084676742553711e+00,2.932643651962280273e+00,3.738322734832763672e+00,8.567554473876953125e+00,8.744426727294921875e+00,6.274110317230224609e+00,5.379044055938720703e+00,7.158898830413818359e+00,7.474805831909179688e+00,7.670489311218261719e+00,1.017588019371032715e+00,3.881965577602386475e-01,4.234526634216308594e+00,5.055516242980957031e+00
3.205342102050781250e+01,3.051186561584472656e+00,2.960099935531616211e+00,3.851402282714843750e+00,8.641889572143554688e+00,8.761504173278808594e+00,6.287940502166748047e+00,5.382353782653808594e+00,7.192494869232177734e+00,7.523685455322265625e+00,7.791320323944091797e+00,1.082659721374511719e+00,3.694986701011657715e-01,4.223846435546875000e+00,5.053731441497802734e+00
3.255425643920898438e+01,3.008439302444458008e+00,2.996799945831298828e+00,4.019271850585937500e+00,8.730409622192382812e+00,8.777213096618652344e+00,6.300881862640380859e+00,5.385403156280517578e+00,7.225744724273681641e+00,7.569905281066894531e+00,7.914488315582275391e+00,1.154752850532531738e+00,3.543362021446228027e-01,4.214986801147460938e+00,5.052345752716064453e+00
3.305509185791015625e+01,2.948210239410400391e+00,3.037395954132080078e+00,4.242753505706787109e+00,8.833350181579589844e+00,8.792388916015625000e+00,6.313160419464111328e+00,5.388237476348876953e+00,7.256948471069335938e+00,7.608529567718505859e+00,8.042310714721679688e+00,1.235321044921875000e+00,3.423152863979339600e-01,4.207828044891357422e+00,5.051327705383300781e+00
3.355592727661132812e+01,2.856440782546997070e+00,3.070630311965942383e+00,4.508678436279296875e+00,8.948630332946777344e+00,8.807529449462890625e+00,6.324922084808349609e+00,5.390868186950683594e+00,7.280568599700927734e+00,7.626141071319580078e+00,8.173346519470214844e+00,1.326403021812438965e+00,3.333062827587127686e-01,4.202203273773193359e+00,5.050650119781494141e+00
3.405676269531250000e+01,2.724682092666625977e+00,3.084203004837036133e+00,4.781486988067626953e+00,9.065617561340332031e+00,8.821411132812500000e+00,6.335828781127929688e+00,5.393197059631347656e+00,7.287220954895019531e+00,7.604825973510742188e+00,8.298223495483398438e+00,1.433394312858581543e+00,3.268512785434722900e-01,4.197625160217285156e+00,5.050206661224365234e+00
3.455759429931640625e+01,3.341706693172454834e-01,6.190506935119628906e+00,9.194880485534667969e+00,7.610455989837646484e+00,8.941674232482910156e+00,6.192502498626708984e+00,5.453460216522216797e+00,8.827327728271484375e+00,6.598618984222412109e+00,2.523382604122161865e-01,9.344452023506164551e-01,2.420747131109237671e-01,3.980545997619628906e+00,5.005485057830810547e+00
3.505842971801757812e+01,9.260306954383850098e-01,5.729812622070312500e+00,9.631454467773437500e+00,9.321763038635253906e+00,9.282343864440917969e+00,6.357303142547607422e+00,5.511470794677734375e+00,8.411299705505371094e+00,3.475021600723266602e+00,1.679897457361221313e-01,5.376909375190734863e-01,1.853494793176651001e-01,3.802309751510620117e+00,4.947704792022705078e+00
3.555926513671875000e+01,1.588413238525390625e+00,1.971591353416442871e+00,9.231000900268554688e+00,8.999082565307617188e+00,9.035064697265625000e+00,6.364863872528076172e+00,5.451508045196533203e+00,8.038496017456054688e+00,7.649479389190673828e+00,5.836842656135559082e-01,8.291669487953186035e-01,2.436631619930267334e-01,4.002763748168945312e+00,5.013838291168212891e+00
3.606010055541992188e+01,2.427401304244995117e+00,1.328772068023681641e+00,6.765735626220703125e+00,9.151407241821289062e+00,8.925923347473144531e+00,6.448025226593017578e+00,5.437514781951904297e+00,7.531896114349365234e+00,8.215853691101074219e+00,8.257431030273437500e+00,9.409650564193725586e-01,3.135164380073547363e-01,4.081331729888916016e+00,5.053836345672607422e+00
3.656093597412109375e+01,3.233078479766845703e+00,1.469314932823181152e+00,4.827275753021240234e+00,9.365786552429199219e+00,8.944315910339355469e+00,6.518357753753662109e+00,5.441967487335205078e+00,6.957521915435791016e+00,8.231862068176269531e+00,8.880798339843750000e+00,1.722492575645446777e+00,3.313181698322296143e-01,4.108409881591796875e+00,5.062458515167236328e+00
3.706177139282226562e+01,3.889125585556030273e+00,2.000892400741577148e+00,3.232794284820556641e+00,9.469784736633300781e+00,8.920212745666503906e+00,6.614996910095214844e+00,5.435127735137939453e+00,6.448595046997070312e+00,7.930595874786376953e+00,8.504281997680664062e+00,3.140163898468017578e+00,4.136947393417358398e-01,4.108501911163330078e+00,5.081571102142333984e+00
3.756260299682617188e+01,4.399866104125976562e+00,2.695427417755126953e+00,2.428227424621582031e+00,9.368508338928222656e+00,8.795297622680664062e+00,6.741192340850830078e+00,5.420585155487060547e+00,5.988254547119140625e+00,7.423930168151855469e+00,7.722853660583496094e+00,4.152737140655517578e+00,6.333243846893310547e-01,4.086194038391113281e+00,5.118683815002441406e+00
3.806343841552734375e+01,4.794709682464599609e+00,3.432605504989624023e+00,2.100907325744628906e+00,9.101161956787109375e+00,8.558436393737792969e+00,6.780114173889160156e+00,5.364652633666992188e+00,5.585048675537109375e+00,6.758745670318603516e+00,7.169422626495361328e+00,4.788802623748779297e+00,1.043403625488281250e+00,3.996811866760253906e+00,5.136187553405761719e+00
3.856427383422851562e+01,5.085363864898681641e+00,4.119868278503417969e+00,2.103505849838256836e+00,8.468637466430664062e+00,8.295206069946289062e+00,6.735394477844238281e+00,5.317312240600585938e+00,5.201633930206298828e+00,6.030044078826904297e+00,6.983643531799316406e+00,5.380084037780761719e+00,1.453955173492431641e+00,3.910736560821533203e+00,5.149086952209472656e+00
3.906510925292968750e+01,5.358282089233398438e+00,4.794036388397216797e+00,2.380549430847167969e+00,7.421802043914794922e+00,8.104647636413574219e+00,6.632418632507324219e+00,5.294057369232177734e+00,4.898407936096191406e+00,5.430500984191894531e+00,7.039663314819335938e+00,6.139451980590820312e+00,1.682486772537231445e+00,3.905927658081054688e+00,5.145020961761474609e+00
3.956594467163085938e+01,5.547142505645751953e+00,5.333893299102783203e+00,2.728394746780395508e+00,6.600051879882812500e+00,7.994936943054199219e+00,6.528471469879150391e+00,5.282242298126220703e+00,4.566060543060302734e+00,4.844948768615722656e+00,7.052532196044921875e+00,6.726535797119140625e+00,1.831577777862548828e+00,3.961103916168212891e+00,5.135630607604980469e+00
4.006677627563476562e+01,5.852646350860595703e+00,5.852730751037597656e+00,3.015064477920532227e+00,6.205183982849121094e+00,7.915453433990478516e+00,6.448511123657226562e+00,5.271532058715820312e+00,4.403512954711914062e+00,4.334411621093750000e+00,7.065638542175292969e+00,6.928344249725341797e+00,2.002475976943969727e+00,4.038838863372802734e+00,5.132952213287353516e+00
4.056761169433593750e+01,6.036162376403808594e+00,6.391331195831298828e+00,3.243618965148925781e+00,6.048923015594482422e+00,7.825026512145996094e+00,6.354890346527099609e+00,5.263940334320068359e+00,4.180572986602783203e+00,3.931324720382690430e+00,7.004339218139648438e+00,6.987541675567626953e+00,2.147402524948120117e+00,4.127020359039306641e+00,5.132121562957763672e+00
4.106844711303710938e+01,6.216482639312744141e+00,6.696672916412353516e+00,3.483597278594970703e+00,5.946034908294677734e+00,7.770871162414550781e+00,6.248206615447998047e+00,5.255095481872558594e+00,3.966753959655761719e+00,3.492045640945434570e+00,6.933122158050537109e+00,7.015455245971679688e+00,2.232791185379028320e+00,4.232845783233642578e+00,5.122786045074462891e+00
4.156928253173828125e+01,6.390547275543212891e+00,6.987653255462646484e+00,3.678928852081298828e+00,5.953905105590820312e+00,7.711242198944091797e+00,6.132519721984863281e+00,5.250861167907714844e+00,3.779895544052124023e+00,3.124435186386108398e+00,6.835265636444091797e+00,6.975698947906494141e+00,2.287297487258911133e+00,4.331550598144531250e+00,5.118609428405761719e+00
4.207011795043945312e+01,1.309227824211120605e+00,5.736048698425292969e+00,6.641344070434570312e+00,2.806440591812133789e+00,7.955211639404296875e+00,5.625198364257812500e+00,5.338488578796386719e+00,8.267995834350585938e+00,8.358116149902343750e+00,2.760980129241943359e+00,3.448966979980468750e+00,1.279275894165039062e+00,4.168640613555908203e+00,4.917536735534667969e+00
4.257095336914062500e+01,2.004579305648803711e+00,7.312746524810791016e+00,5.952142715454101562e+00,4.108586311340332031e+00,8.222921371459960938e+00,5.774809837341308594e+00,5.402045249938964844e+00,7.846517086029052734e+00,6.488281250000000000e+00,2.598903656005859375e+00,2.495350360870361328e+00,1.116533517837524414e+00,4.059712886810302734e+00,4.849052429199218750e+00
4.307178497314453125e+01,2.144932746887207031e+00,6.317155361175537109e+00,4.876972675323486328e+00,5.030871868133544922e+00,7.837446689605712891e+00,5.808504581451416016e+00,5.329222679138183594e+00,7.664634227752685547e+00,4.531635761260986328e+00,5.409734725952148438e+00,4.498653411865234375e+00,1.796028375625610352e+00,4.447445869445800781e+00,5.021642208099365234e+00
4.357262039184570312e+01,2.889711856842041016e+00,5.224849224090576172e+00,4.476810455322265625e+00,5.549713134765625000e+00,7.735549449920654297e+00,5.792097091674804688e+00,5.310486793518066406e+00,7.136121749877929688e+00,5.036532878875732422e+00,5.578639984130859375e+00,5.217354774475097656e+00,1.996563196182250977e+00,4.594897747039794922e+00,5.086083889007568359e+00
4.407345581054687500e+01,3.577942371368408203e+00,4.844619274139404297e+00,4.640554904937744141e+00,6.128239631652832031e+00,7.732908248901367188e+00,5.770471572875976562e+00,5.299791336059570312e+00,6.539079666137695312e+00,5.321276187896728516e+00,6.072311401367187500e+00,5.777655124664306641e+00,2.052417516708374023e+00,4.669552803039550781e+00,5.107600688934326172e+00
4.457429122924804688e+01,4.118543624877929688e+00,4.944215297698974609e+00,4.542685508728027344e+00,7.159711837768554688e+00,7.678373813629150391e+00,5.802288532257080078e+00,5.268322944641113281e+00,6.041805267333984375e+00,5.340434551239013672e+00,6.691051006317138672e+00,6.022658348083496094e+00,2.231283187866210938e+00,4.668564319610595703e+00,5.136662006378173828e+00
4.507512664794921875e+01,4.593152523040771484e+00,5.109057426452636719e+00,4.336501121520996094e+00,7.098587036132812500e+00,7.645884037017822266e+00,5.793770790100097656e+00,5.248797893524169922e+00,5.619410991668701172e+00,5.193981647491455078e+00,6.670446872711181641e+00,5.847330570220947266e+00,2.268070697784423828e+00,4.687329769134521484e+00,5.141743183135986328e+00
4.557595825195312500e+01,4.981302738189697266e+00,5.393728256225585938e+00,4.162385940551757812e+00,7.143898010253906250e+00,7.618616580963134766e+00,5.798845767974853516e+00,5.231163978576660156e+00,5.256670951843261719e+00,4.940557003021240234e+00,6.672655582427978516e+00,5.832668304443359375e+00,2.315488815307617188e+00,4.700997829437255859e+00,5.147376537322998047e+00
4.607679367065429688e+01,5.308369636535644531e+00,5.784815788269042969e+00,3.984819412231445312e+00,7.270241260528564453e+00,7.579410076141357422e+00,5.819958686828613281e+00,5.221086025238037109e+00,4.961178302764892578e+00,4.636939048767089844e+00,6.681489944458007812e+00,5.799628734588623047e+00,2.389935016632080078e+00,4.704291820526123047e+00,5.164095878601074219e+00
4.657762908935546875e+01,5.431541919708251953e+00,6.663142681121826172e+00,3.830945014953613281e+00,7.343784809112548828e+00,7.533565998077392578e+00,5.840288639068603516e+00,5.212782382965087891e+00,4.600529193878173828e+00,4.598430633544921875e+00,6.710790634155273438e+00,5.669524669647216797e+00,2.467692375183105469e+00,4.698356151580810547e+00,5.181074619293212891e+00
4.707846450805664062e+01,5.784858226776123047e+00,6.450170040130615234e+00,3.836630344390869141e+00,7.420069694519042969e+00,7.519295215606689453e+00,5.843834400177001953e+00,5.208519935607910156e+00,4.428398132324218750e+00,3.868391990661621094e+00,6.725353717803955078e+00,5.743480682373046875e+00,2.493138551712036133e+00,4.706441402435302734e+00,5.185789585113525391e+00
4.757929992675781250e+01,6.016754627227783203e+00,6.663882732391357422e+00,3.887370586395263672e+00,7.349530696868896484e+00,7.535748481750488281e+00,5.828979492187500000e+00,5.212582588195800781e+00,4.207817077636718750e+00,3.495132446289062500e+00,6.651216030120849609e+00,5.845276832580566406e+00,2.467024803161621094e+00,4.726640224456787109e+00,5.184062480926513672e+00
4.808013534545898438e+01,6.218130111694335938e+00,6.935475349426269531e+00,4.006699085235595703e+00,7.183875560760498047e+00,7.571472167968750000e+00,5.793896198272705078e+00,5.221035957336425781e+00,3.995468854904174805e+00,3.204998970031738281e+00,6.580890178680419922e+00,5.941445350646972656e+00,2.402674674987792969e+00,4.747968673706054688e+00,5.176419258117675781e+00
4.858096694946289062e+01,6.400238037109375000e+00,7.172658443450927734e+00,4.216760158538818359e+00,6.870610237121582031e+00,7.620537281036376953e+00,5.760705947875976562e+00,5.233238697052001953e+00,3.795221328735351562e+00,2.937692642211914062e+00,6.607886791229248047e+00,5.893143177032470703e+00,2.320671319961547852e+00,4.775259971618652344e+00,5.168339252471923828e+00
4.908180236816406250e+01,6.548666000366210938e+00,7.381325721740722656e+00,4.366668224334716797e+00,6.768332481384277344e+00,7.647258281707763672e+00,5.755105972290039062e+00,5.238532543182373047e+00,3.624876976013183594e+00,2.657055377960205078e+00,6.730588912963867188e+00,5.679244041442871094e+00,2.297001361846923828e+00,4.784553050994873047e+00,5.169254779815673828e+00
4.958263778686523438e+01,6.678069114685058594e+00,7.572073936462402344e+00,4.493732929229736328e+00,6.779910087585449219e+00,7.667891025543212891e+00,5.754909038543701172e+00,5.242155551910400391e+00,3.470325946807861328e+00,2.398837089538574219e+00,6.859259605407714844e+00,5.466386795043945312e+00,2.278102636337280273e+00,4.786067008972167969e+00,5.171304225921630859e+00
5.008347320556640625e+01,6.796593189239501953e+00,7.734495162963867188e+00,4.608787059783935547e+00,6.677846431732177734e+00,7.688591957092285156e+00,5.749107837677001953e+00,5.246374130249023438e+00,3.319080352783203125e+00,2.172990798950195312e+00,6.911458015441894531e+00,5.190837860107421875e+00,2.235619783401489258e+00,4.785132884979248047e+00,5.169795036315917969e+00
5.058430862426757812e+01,2.434731245040893555e+00,7.919344902038574219e+00,6.327429771423339844e+00,5.224479675292968750e+00,8.147527694702148438e+00,5.660966873168945312e+00,5.360540390014648438e+00,7.666028499603271484e+00,5.884801387786865234e+00,1.772968649864196777e+00,2.394957304000854492e+00,1.271211981773376465e+00,4.354705810546875000e+00,4.968063354492187500e+00
5.108514022827148438e+01,2.055977344512939453e+00,7.580609321594238281e+00,5.167030811309814453e+00,6.043277263641357422e+00,7.865060329437255859e+00,5.712628364562988281e+00,5.292706489562988281e+00,7.712640285491943359e+00,3.237975120544433594e+00,5.419360637664794922e+00,3.436058282852172852e+00,1.829838037490844727e+00,4.598559856414794922e+00,5.096467494964599609e+00
5.158597564697265625e+01,2.738851785659790039e+00,6.254923343658447266e+00,4.574713230133056641e+00,6.323978900909423828e+00,7.812034130096435547e+00,5.736274719238281250e+00,5.289854526519775391e+00,7.227692127227783203e+00,4.033854484558105469e+00,5.478361129760742188e+00,3.837375164031982422e+00,1.925748109817504883e+00,4.676178932189941406e+00,5.142589092254638672e+00
5.208681106567382812e+01,3.448609590530395508e+00,5.682630538940429688e+00,4.714583873748779297e+00,6.580771923065185547e+00,7.833622455596923828e+00,5.759324550628662109e+00,5.293925762176513672e+00,6.663498878479003906e+00,4.517605304718017578e+00,5.973720073699951172e+00,3.991706609725952148e+00,1.909566760063171387e+00,4.693634510040283203e+00,5.155213356018066406e+00
5.258764648437500000e+01,4.035998344421386719e+00,5.500034809112548828e+00,4.836515903472900391e+00,6.800713062286376953e+00,7.871209621429443359e+00,5.783935546875000000e+00,5.296455860137939453e+00,6.116222858428955078e+00,4.729591846466064453e+00,6.388148784637451172e+00,4.100433349609375000e+00,1.872547268867492676e+00,4.693298339843750000e+00,5.158284187316894531e+00
5.308848190307617188e+01,4.512637615203857422e+00,5.560012817382812500e+00,4.903427124023437500e+00,6.978159904479980469e+00,7.911250591278076172e+00,5.810621261596679688e+00,5.297927379608154297e+00,5.642614364624023438e+00,4.776373863220214844e+00,6.730959892272949219e+00,4.256111145019531250e+00,1.831498622894287109e+00,4.690058231353759766e+00,5.157898426055908203e+00
5.358931732177734375e+01,4.857823848724365234e+00,5.840585708618164062e+00,4.964417934417724609e+00,7.201932907104492188e+00,7.947755336761474609e+00,5.841206073760986328e+00,5.299442768096923828e+00,5.200193881988525391e+00,4.745292663574218750e+00,7.111614227294921875e+00,4.483151435852050781e+00,1.797976493835449219e+00,4.685231208801269531e+00,5.157632350921630859e+00
5.409014892578125000e+01,5.298076629638671875e+00,6.345508575439453125e+00,4.649437904357910156e+00,7.577312946319580078e+00,7.952625274658203125e+00,5.891465663909912109e+00,5.294394493103027344e+00,5.088975906372070312e+00,4.535339355468750000e+00,7.428208351135253906e+00,4.426588058471679688e+00,1.836207866668701172e+00,4.658016681671142578e+00,5.166661262512207031e+00
5.459098434448242188e+01,5.645912170410156250e+00,6.777393341064453125e+00,4.404047012329101562e+00,7.681051254272460938e+00,7.959863662719726562e+00,5.928472995758056641e+00,5.296207904815673828e+00,4.921379566192626953e+00,4.248415946960449219e+00,7.479147911071777344e+00,4.389681816101074219e+00,1.843781232833862305e+00,4.638111591339111328e+00,5.173695564270019531e+00
5.509181976318359375e+01,6.364580631256103516e+00,7.308042526245117188e+00,4.190785884857177734e+00,7.764264583587646484e+00,7.961679935455322266e+00,5.962218284606933594e+00,5.297782421112060547e+00,5.191265583038330078e+00,3.939135551452636719e+00,7.529902458190917969e+00,4.315320014953613281e+00,1.853906989097595215e+00,4.616951465606689453e+00,5.179906845092773438e+00
5.559265518188476562e+01,6.059522151947021484e+00,8.370173454284667969e+00,4.002574443817138672e+00,7.812883377075195312e+00,7.961668491363525391e+00,5.989407539367675781e+00,5.300008773803710938e+00,4.649521350860595703e+00,3.850094556808471680e+00,7.545944213867187500e+00,4.212444305419921875e+00,1.860120654106140137e+00,4.595735549926757812e+00,5.185119152069091797e+00
5.609349060058593750e+01,6.312639713287353516e+00,7.661009788513183594e+00,4.162445545196533203e+00,7.865506172180175781e+00,7.990628719329833984e+00,5.999519824981689453e+00,5.305432319641113281e+00,4.321972846984863281e+00,3.209827661514282227e+00,7.619790077209472656e+00,4.388193607330322266e+00,1.821693062782287598e+00,4.589845657348632812e+00,5.181580066680908203e+00
5.659432220458984375e+01,6.459553718566894531e+00,7.636491775512695312e+00,4.217831611633300781e+00,7.875466823577880859e+00,8.009280204772949219e+00,6.008017539978027344e+00,5.309208869934082031e+00,4.094771385192871094e+00,2.831453561782836914e+00,7.668814182281494141e+00,4.401516914367675781e+00,1.793564915657043457e+00,4.578789234161376953e+00,5.179239749908447266e+00
5.709515762329101562e+01,6.565522193908691406e+00,7.731857776641845703e+00,4.279127597808837891e+00,7.875441551208496094e+00,8.027786254882812500e+00,6.014144420623779297e+00,5.313858985900878906e+00,3.888046264648437500e+00,2.536136150360107422e+00,7.724930286407470703e+00,4.367765426635742188e+00,1.762541532516479492e+00,4.568612098693847656e+00,5.177483081817626953e+00
5.759599304199218750e+01,6.649094104766845703e+00,7.850805759429931641e+00,4.355648040771484375e+00,7.871754169464111328e+00,8.047810554504394531e+00,6.018836021423339844e+00,5.319188594818115234e+00,3.697189569473266602e+00,2.284815311431884766e+00,7.788589954376220703e+00,4.306780338287353516e+00,1.726682782173156738e+00,4.560068130493164062e+00,5.175823688507080078e+00
5.809682846069335938e+01,6.722379207611083984e+00,7.971700668334960938e+00,4.443712711334228516e+00,7.868970394134521484e+00,8.069497108459472656e+00,6.023064136505126953e+00,5.324984550476074219e+00,3.523516178131103516e+00,2.065559148788452148e+00,7.858153343200683594e+00,4.224146366119384766e+00,1.686297416687011719e+00,4.552729129791259766e+00,5.174235820770263672e+00
5.859766387939453125e+01,6.785500049591064453e+00,8.087518692016601562e+00,4.538163661956787109e+00,7.870795726776123047e+00,8.092764854431152344e+00,6.027424812316894531e+00,5.331103324890136719e+00,3.362658977508544922e+00,1.872264027595520020e+00,7.930886745452880859e+00,4.123886585235595703e+00,1.642033815383911133e+00,4.545861721038818359e+00,5.172764301300048828e+00
5.909849929809570312e+01,6.821921348571777344e+00,8.195893287658691406e+00,4.635113239288330078e+00,7.879186153411865234e+00,8.117604255676269531e+00,6.032336235046386719e+00,5.337506771087646484e+00,3.202307224273681641e+00,1.701157450675964355e+00,8.002884864807128906e+00,4.010934352874755859e+00,1.594331860542297363e+00,4.538924217224121094e+00,5.171441078186035156e+00
5.959933090209960938e+01,6.728264331817626953e+00,8.295373916625976562e+00,4.733543872833251953e+00,7.894403457641601562e+00,8.144105911254882812e+00,6.038054466247558594e+00,5.344192504882812500e+00,2.988616228103637695e+00,1.549882650375366211e+00,8.070267677307128906e+00,3.891421079635620117e+00,1.543345451354980469e+00,4.531628131866455078e+00,5.170233726501464844e+00
6.010016632080078125e+01,6.748061656951904297e+00,8.392152786254882812e+00,4.826399803161621094e+00,7.918458461761474609e+00,8.171972274780273438e+00,6.045080661773681641e+00,5.350954055786132812e+00,2.845777034759521484e+00,1.414856910705566406e+00,8.128586769104003906e+00,3.766482353210449219e+00,1.489934444427490234e+00,4.523708343505859375e+00,5.169062137603759766e+00
6.060100173950195312e+01,7.014519214630126953e+00,8.492994308471679688e+00,4.909109115600585938e+00,7.952611923217773438e+00,8.200480461120605469e+00,6.053623676300048828e+00,5.357635021209716797e+00,2.824284553527832031e+00,1.293835282325744629e+00,8.181077003479003906e+00,3.634992122650146484e+00,1.434948444366455078e+00,4.514853954315185547e+00,5.167888641357421875e+00
6.110183715820312500e+01,7.122066497802734375e+00,8.602185249328613281e+00,4.987790584564208984e+00,7.991611957550048828e+00,8.229863166809082031e+00,6.063634395599365234e+00,5.364677906036376953e+00,2.729289531707763672e+00,1.187433838844299316e+00,8.231486320495605469e+00,3.500973701477050781e+00,1.378242850303649902e+00,4.505266666412353516e+00,5.167011737823486328e+00
6.160267257690429688e+01,7.241280078887939453e+00,8.723570823669433594e+00,5.062066555023193359e+00,8.033622741699218750e+00,8.260207176208496094e+00,6.074987888336181641e+00,5.371970653533935547e+00,2.640141010284423828e+00,1.093431591987609863e+00,8.275969505310058594e+00,3.367703437805175781e+00,1.320025444030761719e+00,4.495031356811523438e+00,5.166278839111328125e+00
6.210350418090820312e+01,7.312216758728027344e+00,8.688666343688964844e+00,5.172433376312255859e+00,8.055047988891601562e+00,8.292449951171875000e+00,6.085410118103027344e+00,5.379452228546142578e+00,2.533877849578857422e+00,9.952483773231506348e-01,8.287555694580078125e+00,3.266587495803833008e+00,1.256519436836242676e+00,4.484715938568115234e+00,5.164705276489257812e+00
6.260433959960937500e+01,7.252608776092529297e+00,8.638589859008789062e+00,5.356072902679443359e+00,8.014290809631347656e+00,8.327190399169921875e+00,6.092063903808593750e+00,5.387164592742919922e+00,2.419726133346557617e+00,9.134203791618347168e-01,8.197666168212890625e+00,3.229367494583129883e+00,1.184037327766418457e+00,4.474424362182617188e+00,5.161475658416748047e+00
6.310517501831054688e+01,7.211994647979736328e+00,8.583781242370605469e+00,5.471995353698730469e+00,7.948360919952392578e+00,8.360680580139160156e+00,6.100873947143554688e+00,5.394876003265380859e+00,2.389701843261718750e+00,8.331457972526550293e-01,7.998064041137695312e+00,3.174231767654418945e+00,1.113523960113525391e+00,4.463425159454345703e+00,5.158752441406250000e+00
6.360601043701171875e+01,7.163627147674560547e+00,8.535718917846679688e+00,5.454413414001464844e+00,7.896256923675537109e+00,8.391034126281738281e+00,6.112908840179443359e+00,5.401897430419921875e+00,2.405390977859497070e+00,7.588844299316406250e-01,7.742465019226074219e+00,3.065886735916137695e+00,1.050459027290344238e+00,4.450485229492187500e+00,5.157047271728515625e+00
6.410684204101562500e+01,7.097576141357421875e+00,8.492317199707031250e+00,5.396127223968505859e+00,7.890775203704833984e+00,8.419871330261230469e+00,6.127556324005126953e+00,5.408491134643554688e+00,2.476707458496093750e+00,6.988360881805419922e-01,7.554200172424316406e+00,2.934765100479125977e+00,9.929602146148681641e-01,4.436651229858398438e+00,5.156151771545410156e+00
6.460768127441406250e+01,7.067950248718261719e+00,8.425670623779296875e+00,5.181893348693847656e+00,7.651061058044433594e+00,8.479339599609375000e+00,6.446829319000244141e+00,5.036285400390625000e+00,2.711073160171508789e+00,6.986845731735229492e-01,7.009939670562744141e+00,2.803577184677124023e+00,8.866929411888122559e-01,3.855394601821899414e+00,5.584271430969238281e+00
6.510851287841796875e+01,6.915017127990722656e+00,8.370478630065917969e+00,5.298094749450683594e+00,7.847386837005615234e+00,8.525299072265625000e+00,6.214468955993652344e+00,5.359839916229248047e+00,2.880075693130493164e+00,6.708706021308898926e-01,7.246092319488525391e+00,2.699005365371704102e+00,8.060383200645446777e-01,4.179996490478515625e+00,5.206451892852783203e+00
6.560935211181640625e+01,6.750760078430175781e+00,8.318658828735351562e+00,5.379822254180908203e+00,8.089969635009765625e+00,8.557543754577636719e+00,6.230681419372558594e+00,5.433069705963134766e+00,3.078889846801757812e+00,6.644799709320068359e-01,7.620391845703125000e+00,2.553298234939575195e+00,7.553865313529968262e-01,4.298985004425048828e+00,5.155408859252929688e+00
6.611018371582031250e+01,6.632303714752197266e+00,8.265101432800292969e+00,5.358311176300048828e+00,8.181035041809082031e+00,8.585982322692871094e+00,6.243512630462646484e+00,5.451530933380126953e+00,3.240289449691772461e+00,6.900971531867980957e-01,7.704695224761962891e+00,2.420117616653442383e+00,7.070485949516296387e-01,4.329077243804931641e+00,5.151370525360107422e+00
6.661101531982421875e+01,6.530567169189453125e+00,8.211751937866210938e+00,5.328163623809814453e+00,8.242820739746093750e+00,8.613086700439453125e+00,6.256249427795410156e+00,5.458786010742187500e+00,3.385682582855224609e+00,7.415783405303955078e-01,7.740031719207763672e+00,2.300822257995605469e+00,6.610366702079772949e-01,4.335621356964111328e+00,5.153763771057128906e+00
6.711185455322265625e+01,6.438669204711914062e+00,8.156969070434570312e+00,5.299414634704589844e+00,8.298188209533691406e+00,8.639390945434570312e+00,6.269798278808593750e+00,5.463939189910888672e+00,3.521064996719360352e+00,8.199117183685302734e-01,7.773537158966064453e+00,2.192295074462890625e+00,6.173747181892395020e-01,4.334610462188720703e+00,5.156101226806640625e+00
6.761268615722656250e+01,6.354180335998535156e+00,8.098130226135253906e+00,5.275043010711669922e+00,8.350375175476074219e+00,8.665006637573242188e+00,6.283792495727539062e+00,5.468677520751953125e+00,3.651241064071655273e+00,9.288840889930725098e-01,7.812349319458007812e+00,2.094867229461669922e+00,5.760141611099243164e-01,4.330470085144042969e+00,5.157626152038574219e+00
6.811352539062500000e+01,6.273256301879882812e+00,8.031025886535644531e+00,5.255125999450683594e+00,8.401060104370117188e+00,8.689877510070800781e+00,6.298046112060546875e+00,5.473313808441162109e+00,3.782026290893554688e+00,1.074046373367309570e+00,7.860394477844238281e+00,2.008794784545898438e+00,5.370721817016601562e-01,4.324965953826904297e+00,5.158575534820556641e+00
6.861435699462890625e+01,6.193054199218750000e+00,7.951123714447021484e+00,5.233903408050537109e+00,8.449637413024902344e+00,8.713849067687988281e+00,6.312160968780517578e+00,5.477797985076904297e+00,3.918651580810546875e+00,1.263464212417602539e+00,7.916022777557373047e+00,1.934725642204284668e+00,5.007111430168151855e-01,4.318816661834716797e+00,5.159151077270507812e+00
6.911518859863281250e+01,6.108920097351074219e+00,7.852118015289306641e+00,5.199557304382324219e+00,8.496907234191894531e+00,8.736759185791015625e+00,6.326082706451416016e+00,5.482128143310546875e+00,4.066034317016601562e+00,1.506756782531738281e+00,7.981432914733886719e+00,1.873304605484008789e+00,4.671180844306945801e-01,4.312570095062255859e+00,5.159574031829833984e+00
6.961602783203125000e+01,6.016417026519775391e+00,7.726385116577148438e+00,5.137847423553466797e+00,8.543142318725585938e+00,8.758479118347167969e+00,6.339714527130126953e+00,5.486275196075439453e+00,4.228029251098632812e+00,1.814958930015563965e+00,8.056963920593261719e+00,1.825585603713989258e+00,4.363925158977508545e-01,4.306526184082031250e+00,5.159961700439453125e+00
7.011685943603515625e+01,5.910902976989746094e+00,7.564434051513671875e+00,5.039103507995605469e+00,8.588367462158203125e+00,8.778936386108398438e+00,6.352880001068115234e+00,5.490193843841552734e+00,4.407949447631835938e+00,2.198925256729125977e+00,8.140753746032714844e+00,1.792437672615051270e+00,4.085298478603363037e-01,4.300786018371582031e+00,5.160344123840332031e+00
7.061769866943359375e+01,3.141145944595336914e+00,5.685085296630859375e+00,4.507459640502929688e+00,8.894917488098144531e+00,8.930620193481445312e+00,6.628320693969726562e+00,6.192050457000732422e+00,5.899693012237548828e+00,1.928137660026550293e+00,9.198969841003417969e+00,1.931643009185791016e+00,2.459367215633392334e-01,6.685003757476806641e+00,6.729171276092529297e+00
7.111853027343750000e+01,3.645318984985351562e+00,5.898797035217285156e+00,4.833981037139892578e+00,8.903362274169921875e+00,8.925052642822265625e+00,6.320823669433593750e+00,5.593543052673339844e+00,5.748042106628417969e+00,2.624006986618041992e+00,9.169140815734863281e+00,1.989100098609924316e+00,2.532358467578887939e-01,5.486450672149658203e+00,5.730542182922363281e+00
7.161936187744140625e+01,3.918389081954956055e+00,5.803808689117431641e+00,4.606110095977783203e+00,8.906965255737304688e+00,8.923027038574218750e+00,6.338694095611572266e+00,5.527334690093994141e+00,5.748430728912353516e+00,3.339849710464477539e+00,9.098871231079101562e+00,1.998343706130981445e+00,2.585274279117584229e-01,4.966362476348876953e+00,5.478552818298339844e+00
7.212020111083984375e+01,3.964370965957641602e+00,5.523933887481689453e+00,4.355600833892822266e+00,8.917471885681152344e+00,8.924607276916503906e+00,6.380840778350830078e+00,5.523929119110107422e+00,5.859400272369384766e+00,4.025804996490478516e+00,9.054512023925781250e+00,2.022834062576293945e+00,2.586694657802581787e-01,4.688828468322753906e+00,5.355214595794677734e+00
7.262103271484375000e+01,3.850534439086914062e+00,5.142754077911376953e+00,4.140175342559814453e+00,8.934785842895507812e+00,8.928960800170898438e+00,6.416503906250000000e+00,5.529069423675537109e+00,6.029243946075439453e+00,4.628885746002197266e+00,9.035918235778808594e+00,2.065185785293579102e+00,2.554968297481536865e-01,4.526703834533691406e+00,5.286774635314941406e+00
7.312187194824218750e+01,3.624040603637695312e+00,4.724931716918945312e+00,3.970593214035034180e+00,8.958618164062500000e+00,8.935102462768554688e+00,6.443709373474121094e+00,5.534524440765380859e+00,6.221838951110839844e+00,5.114493846893310547e+00,9.035757064819335938e+00,2.125245809555053711e+00,2.506158649921417236e-01,4.428955078125000000e+00,5.247435092926025391e+00
7.362270355224609375e+01,3.331122636795043945e+00,4.321982860565185547e+00,3.848317146301269531e+00,8.986734390258789062e+00,8.942151069641113281e+00,6.464052677154541016e+00,5.538961887359619141e+00,6.414981365203857422e+00,5.489548683166503906e+00,9.045950889587402344e+00,2.202104806900024414e+00,2.450914233922958374e-01,4.368997097015380859e+00,5.224427700042724609e+00
7.412354278564453125e+01,3.007887363433837891e+00,3.963788032531738281e+00,3.770626306533813477e+00,9.017860412597656250e+00,8.949528694152832031e+00,6.479784965515136719e+00,5.542490005493164062e+00,6.596698760986328125e+00,5.769780635833740234e+00,9.061422348022460938e+00,2.294935464859008789e+00,2.395749241113662720e-01,4.331925392150878906e+00,5.210970401763916016e+00
7.462437438964843750e+01,2.688396453857421875e+00,3.662909507751464844e+00,3.733596086502075195e+00,9.050198554992675781e+00,8.956831932067871094e+00,6.492224216461181641e+00,5.545258045196533203e+00,6.762140750885009766e+00,5.979648590087890625e+00,9.078934669494628906e+00,2.403135061264038086e+00,2.344083189964294434e-01,4.308689117431640625e+00,5.203129768371582031e+00
7.512520599365234375e+01,2.393347740173339844e+00,3.418131113052368164e+00,3.730575323104858398e+00,9.083144187927246094e+00,8.963869094848632812e+00,6.502579212188720703e+00,5.547507286071777344e+00,6.909210681915283203e+00,6.133496284484863281e+00,9.097054481506347656e+00,2.526078701019287109e+00,2.297551631927490234e-01,4.294006347656250000e+00,5.198705673217773438e+00
7.562604522705078125e+01,2.134678602218627930e+00,3.221798658370971680e+00,3.750758647918701172e+00,9.115813255310058594e+00,8.970522880554199219e+00,6.511513233184814453e+00,5.549372196197509766e+00,7.037579059600830078e+00,6.243036746978759766e+00,9.114580154418945312e+00,2.662297010421752930e+00,2.256472110748291016e-01,4.284599304199218750e+00,5.196355819702148438e+00
7.612687683105468750e+01,1.916724920272827148e+00,3.063587427139282227e+00,3.776895761489868164e+00,9.147010803222656250e+00,8.976699829101562500e+00,6.519288063049316406e+00,5.550902843475341797e+00,7.147809982299804688e+00,6.317855358123779297e+00,9.130352973937988281e+00,2.808562994003295898e+00,2.220317572355270386e-01,4.278363704681396484e+00,5.195225715637207031e+00
7.662771606445312500e+01,1.736270904541015625e+00,2.931585073471069336e+00,3.783524990081787109e+00,9.176278114318847656e+00,8.982410430908203125e+00,6.526365280151367188e+00,5.552240371704101562e+00,7.239768505096435547e+00,6.359344959259033203e+00,9.143649101257324219e+00,2.960102796554565430e+00,2.188410907983779907e-01,4.274213790893554688e+00,5.194874286651611328e+00
7.712854766845703125e+01,1.589864492416381836e+00,2.816674947738647461e+00,3.747332334518432617e+00,9.202596664428710938e+00,8.987615585327148438e+00,6.532678604125976562e+00,5.553386211395263672e+00,7.314848899841308594e+00,6.373903751373291016e+00,9.153792381286621094e+00,3.110562562942504883e+00,2.160007208585739136e-01,4.271269321441650391e+00,5.194920539855957031e+00
7.762937927246093750e+01,1.471450924873352051e+00,2.712424993515014648e+00,3.654676675796508789e+00,9.225914001464843750e+00,8.992361068725585938e+00,6.538495063781738281e+00,5.554428577423095703e+00,7.374380111694335938e+00,6.363518238067626953e+00,9.160780906677246094e+00,3.254720211029052734e+00,2.134799510240554810e-01,4.269186973571777344e+00,5.195221424102783203e+00
7.813021850585937500e+01,1.375845074653625488e+00,2.616683721542358398e+00,3.509775876998901367e+00,9.246271133422851562e+00,8.996676445007324219e+00,6.543889045715332031e+00,5.555388927459716797e+00,7.420893669128417969e+00,6.333712100982666016e+00,9.164958953857421875e+00,3.389271736145019531e+00,2.112615704536437988e-01,4.267673015594482422e+00,5.195666313171386719e+00
7.863105010986328125e+01,1.298775196075439453e+00,2.529937505722045898e+00,3.330329895019531250e+00,9.263726234436035156e+00,9.000575065612792969e+00,6.548748016357421875e+00,5.556229114532470703e+00,7.457530021667480469e+00,6.292588710784912109e+00,9.166838645935058594e+00,3.512580871582031250e+00,2.093198597431182861e-01,4.266438007354736328e+00,5.196144104003906250e+00
7.913188934326171875e+01,1.235821604728698730e+00,2.451953172683715820e+00,3.132198095321655273e+00,9.278866767883300781e+00,9.004119873046875000e+00,6.553340911865234375e+00,5.557014942169189453e+00,7.486162662506103516e+00,6.242123126983642578e+00,9.166961669921875000e+00,3.624686241149902344e+00,2.076389640569686890e-01,4.265501499176025391e+00,5.196681976318359375e+00
7.963272094726562500e+01,1.184361100196838379e+00,2.383266687393188477e+00,2.932698726654052734e+00,9.291739463806152344e+00,9.007304191589355469e+00,6.557464122772216797e+00,5.557693004608154297e+00,7.509184360504150391e+00,6.189015865325927734e+00,9.165699958801269531e+00,3.725280761718750000e+00,2.061784267425537109e-01,4.264648914337158203e+00,5.197187900543212891e+00
8.013355255126953125e+01,1.141712546348571777e+00,2.322948217391967773e+00,2.739972352981567383e+00,9.302783966064453125e+00,9.010178565979003906e+00,6.561316013336181641e+00,5.558316230773925781e+00,7.527589797973632812e+00,6.133578300476074219e+00,9.163349151611328125e+00,3.814855575561523438e+00,2.049162983894348145e-01,4.263939857482910156e+00,5.197697639465332031e+00
8.063439178466796875e+01,1.106099128723144531e+00,2.270253419876098633e+00,2.560040473937988281e+00,9.312222480773925781e+00,9.012770652770996094e+00,6.564912796020507812e+00,5.558895587921142578e+00,7.542379379272460938e+00,6.077589511871337891e+00,9.160127639770507812e+00,3.893791675567626953e+00,2.038249820470809937e-01,4.263344287872314453e+00,5.198195457458496094e+00
8.113522338867187500e+01,1.076378583908081055e+00,2.224712371826171875e+00,2.397932052612304688e+00,9.320121765136718750e+00,9.015071868896484375e+00,6.568097591400146484e+00,5.559388160705566406e+00,7.554641246795654297e+00,6.024484634399414062e+00,9.156272888183593750e+00,3.962516069412231445e+00,2.028699070215225220e-01,4.262739658355712891e+00,5.198628425598144531e+00
8.163606262207031250e+01,1.050794363021850586e+00,2.184166908264160156e+00,2.252839565277099609e+00,9.326919555664062500e+00,9.017162322998046875e+00,6.571137428283691406e+00,5.559871196746826172e+00,7.564499855041503906e+00,5.972852230072021484e+00,9.151922225952148438e+00,4.021604061126708984e+00,2.020414471626281738e-01,4.262264728546142578e+00,5.199060916900634766e+00
8.213689422607421875e+01,1.029316186904907227e+00,2.149434089660644531e+00,2.125714302062988281e+00,9.332568168640136719e+00,9.019008636474609375e+00,6.573791503906250000e+00,5.560276031494140625e+00,7.572759151458740234e+00,5.925151824951171875e+00,9.147301673889160156e+00,4.072475433349609375e+00,2.013122588396072388e-01,4.261761188507080078e+00,5.199424266815185547e+00
8.263772583007812500e+01,1.010954022407531738e+00,2.119178056716918945e+00,2.013835430145263672e+00,9.337368965148925781e+00,9.020661354064941406e+00,6.576262474060058594e+00,5.560657501220703125e+00,7.579428195953369141e+00,5.879701137542724609e+00,9.142494201660156250e+00,4.116078853607177734e+00,2.006753683090209961e-01,4.261331558227539062e+00,5.199769496917724609e+00
8.313856506347656250e+01,9.952536225318908691e-01,2.092895507812500000e+00,1.915675044059753418e+00,9.341445922851562500e+00,9.022142410278320312e+00,6.578567028045654297e+00,5.561018943786621094e+00,7.584772586822509766e+00,5.836534976959228516e+00,9.137608528137207031e+00,4.153397083282470703e+00,2.001194357872009277e-01,4.260976314544677734e+00,5.200097084045410156e+00
8.363939666748046875e+01,9.819166064262390137e-01,2.070359468460083008e+00,1.831346273422241211e+00,9.344828605651855469e+00,9.023442268371582031e+00,6.580540657043457031e+00,5.561314582824707031e+00,7.589324951171875000e+00,5.797854900360107422e+00,9.132826805114746094e+00,4.185312271118164062e+00,1.996248364448547363e-01,4.260581970214843750e+00,5.200361251831054688e+00
8.414023590087890625e+01,9.703126549720764160e-01,2.050481557846069336e+00,1.757239222526550293e+00,9.347757339477539062e+00,9.024620056152343750e+00,6.582442760467529297e+00,5.561613559722900391e+00,7.592852115631103516e+00,5.760910987854003906e+00,9.128107070922851562e+00,4.212499618530273438e+00,1.991947144269943237e-01,4.260292053222656250e+00,5.200631141662597656e+00
8.464106750488281250e+01,9.799311161041259766e-01,1.852397084236145020e+00,1.191545724868774414e+00,9.243342399597167969e+00,9.073957443237304688e+00,6.359802246093750000e+00,5.964071750640869141e+00,7.605490684509277344e+00,4.956490993499755859e+00,9.374881744384765625e+00,4.088312625885009766e+00,1.480212807655334473e-01,6.179686546325683594e+00,5.944025039672851562e+00
8.514190673828125000e+01,9.735319018363952637e-01,1.885725259780883789e+00,1.281724691390991211e+00,9.262413024902343750e+00,9.065727233886718750e+00,6.559195041656494141e+00,5.683860778808593750e+00,7.580561637878417969e+00,5.015424251556396484e+00,9.339436531066894531e+00,4.035942554473876953e+00,1.620007008314132690e-01,5.348958969116210938e+00,5.686541080474853516e+00
8.564273834228515625e+01,9.595485925674438477e-01,1.914036154747009277e+00,1.460085630416870117e+00,9.281437873840332031e+00,9.060301780700683594e+00,6.535420417785644531e+00,5.590615272521972656e+00,7.586949825286865234e+00,5.269426822662353516e+00,9.309527397155761719e+00,4.096749782562255859e+00,1.702168583869934082e-01,4.868720054626464844e+00,5.470414161682128906e+00
8.614356994628906250e+01,9.512562751770019531e-01,1.927424073219299316e+00,1.503184080123901367e+00,9.294466018676757812e+00,9.056226730346679688e+00,6.554388999938964844e+00,5.577166557312011719e+00,7.593398571014404297e+00,5.397400856018066406e+00,9.283028602600097656e+00,4.142249584197998047e+00,1.758392900228500366e-01,4.622957706451416016e+00,5.364806175231933594e+00
8.664440917968750000e+01,9.455864429473876953e-01,1.933508634567260742e+00,1.507421851158142090e+00,9.303250312805175781e+00,9.053483963012695312e+00,6.573051929473876953e+00,5.576332092285156250e+00,7.598396301269531250e+00,5.467165946960449219e+00,9.264129638671875000e+00,4.176779270172119141e+00,1.794722974300384521e-01,4.481730461120605469e+00,5.305108070373535156e+00
8.714524078369140625e+01,9.412339329719543457e-01,1.935401439666748047e+00,1.499030947685241699e+00,9.309071540832519531e+00,9.051775932312011719e+00,6.586457252502441406e+00,5.577438831329345703e+00,7.602159976959228516e+00,5.505890846252441406e+00,9.251316070556640625e+00,4.202478885650634766e+00,1.817366033792495728e-01,4.397302150726318359e+00,5.270115375518798828e+00
8.764608001708984375e+01,9.375260472297668457e-01,1.934638619422912598e+00,1.483776807785034180e+00,9.313064575195312500e+00,9.050814628601074219e+00,6.595592498779296875e+00,5.578601837158203125e+00,7.604625701904296875e+00,5.523314476013183594e+00,9.242537498474121094e+00,4.221636295318603516e+00,1.831178218126296997e-01,4.346223831176757812e+00,5.249334335327148438e+00
8.814691162109375000e+01,2.004514932632446289e+00,7.187381744384765625e+00,8.339057922363281250e+00,7.820703983306884766e+00,7.360905647277832031e+00,7.042933464050292969e+00,5.160974502563476562e+00,3.226760149002075195e+00,8.682518601417541504e-01,1.354428172111511230e+00,7.569539546966552734e+00,3.088178634643554688e+00,3.219232320785522461e+00,5.377062797546386719e+00
8.864774322509765625e+01,1.267427682876586914e+00,8.744570732116699219e+00,4.082156181335449219e+00,8.051976203918457031e+00,8.459678649902343750e+00,7.200190544128417969e+00,5.444470882415771484e+00,1.584330320358276367e+00,3.869183659553527832e-01,3.400997638702392578e+00,6.004024028778076172e+00,1.380061507225036621e+00,3.866328716278076172e+00,5.343759059906005859e+00
8.914858245849609375e+01,2.648838758468627930e+00,8.872563362121582031e+00,3.796896457672119141e+00,9.083664894104003906e+00,8.651619911193847656e+00,6.858536720275878906e+00,5.500300884246826172e+00,1.478437423706054688e+00,2.367183268070220947e-01,6.464379310607910156e+00,3.737744808197021484e+00,1.102835416793823242e+00,4.141864776611328125e+00,5.276855468750000000e+00
8.964941406250000000e+01,3.971277952194213867e+00,8.884991645812988281e+00,3.668951272964477539e+00,8.975466728210449219e+00,8.627763748168945312e+00,6.583347320556640625e+00,5.495466709136962891e+00,2.205137729644775391e+00,1.873292326927185059e-01,8.665123939514160156e+00,2.262649536132812500e+00,9.583854079246520996e-01,4.222879886627197266e+00,5.212262153625488281e+00
9.015025329589843750e+01,4.057778358459472656e+00,8.797930717468261719e+00,4.091122150421142578e+00,8.765696525573730469e+00,8.620943069458007812e+00,6.440573692321777344e+00,5.497739315032958984e+00,4.817128658294677734e+00,1.268501430749893188e-01,9.091157913208007812e+00,1.935409903526306152e+00,8.587988018989562988e-01,4.269763469696044922e+00,5.193961143493652344e+00
9.065108489990234375e+01,4.827265262603759766e+00,8.465353965759277344e+00,4.909072875976562500e+00,8.466151237487792969e+00,8.618807792663574219e+00,6.346354961395263672e+00,5.498264312744140625e+00,4.187109947204589844e+00,2.348316013813018799e-01,8.963313102722167969e+00,1.907975196838378906e+00,7.697494029998779297e-01,4.293132781982421875e+00,5.185839653015136719e+00
9.115191650390625000e+01,5.156806945800781250e+00,8.177376747131347656e+00,5.799479007720947266e+00,8.286700248718261719e+00,8.635169029235839844e+00,6.309155464172363281e+00,5.502641677856445312e+00,4.370655536651611328e+00,3.490579426288604736e-01,8.579020500183105469e+00,1.869684338569641113e+00,6.963078379631042480e-01,4.314364910125732422e+00,5.186625480651855469e+00
9.165275573730468750e+01,4.264248371124267578e+00,7.471620559692382812e+00,5.710702419281005859e+00,8.401546478271484375e+00,8.743007659912109375e+00,6.175082206726074219e+00,5.549567699432373047e+00,5.210228919982910156e+00,4.532281458377838135e-01,8.712537765502929688e+00,1.468018293380737305e+00,5.185541510581970215e-01,5.036842823028564453e+00,5.441817283630371094e+00
9.215358734130859375e+01,4.419008255004882812e+00,7.291051864624023438e+00,6.503311634063720703e+00,8.389039039611816406e+00,8.752900123596191406e+00,6.239489078521728516e+00,5.518031597137451172e+00,5.272317886352539062e+00,7.384598255157470703e-01,8.181995391845703125e+00,1.443529009819030762e+00,4.983976483345031738e-01,4.731611728668212891e+00,5.361914157867431641e+00
9.265442657470703125e+01,4.719832420349121094e+00,7.176835536956787109e+00,8.163533210754394531e+00,8.433301925659179688e+00,8.770006179809570312e+00,6.289254665374755859e+00,5.524132728576660156e+00,5.325416564941406250e+00,1.275447130203247070e+00,8.792656898498535156e+00,1.415286779403686523e+00,4.682339429855346680e-01,4.574514389038085938e+00,5.305530548095703125e+00
9.315525817871093750e+01,4.733775138854980469e+00,6.547416687011718750e+00,7.581964492797851562e+00,8.465270042419433594e+00,8.787862777709960938e+00,6.330115795135498047e+00,5.533339500427246094e+00,5.323932170867919922e+00,1.895561337471008301e+00,8.652359008789062500e+00,1.273609280586242676e+00,4.386373758316040039e-01,4.481890201568603516e+00,5.271329402923583984e+00
9.365608978271484375e+01,4.718221187591552734e+00,5.892767429351806641e+00,7.033937454223632812e+00,8.434054374694824219e+00,8.809961318969726562e+00,6.361798286437988281e+00,5.542076587677001953e+00,5.453266620635986328e+00,2.924257516860961914e+00,8.153399467468261719e+00,1.221402406692504883e+00,4.056758284568786621e-01,4.424829483032226562e+00,5.250755786895751953e+00
9.415692901611328125e+01,4.545037269592285156e+00,5.115419387817382812e+00,6.421107292175292969e+00,8.416335105895996094e+00,8.833192825317382812e+00,6.388305664062500000e+00,5.549324035644531250e+00,5.715695858001708984e+00,4.215281009674072266e+00,8.116484642028808594e+00,1.204499483108520508e+00,3.740769624710083008e-01,4.388122558593750000e+00,5.238884925842285156e+00
9.465776062011718750e+01,4.199219226837158203e+00,4.294332504272460938e+00,5.738633155822753906e+00,8.409079551696777344e+00,8.856517791748046875e+00,6.411398887634277344e+00,5.555500507354736328e+00,6.056136608123779297e+00,5.359532833099365234e+00,8.305348396301269531e+00,1.218324184417724609e+00,3.445027470588684082e-01,4.363429069519042969e+00,5.232078075408935547e+00
9.515859985351562500e+01,3.760441780090332031e+00,3.600058078765869141e+00,5.007367610931396484e+00,8.409325599670410156e+00,8.879060745239257812e+00,6.432260036468505859e+00,5.560984611511230469e+00,6.387082099914550781e+00,6.137473106384277344e+00,8.504482269287109375e+00,1.258390665054321289e+00,3.176470398902893066e-01,4.346184253692626953e+00,5.228271007537841797e+00
9.565943145751953125e+01,3.325471162796020508e+00,3.083372354507446289e+00,4.238246440887451172e+00,8.415058135986328125e+00,8.900322914123535156e+00,6.451200008392333984e+00,5.565877914428710938e+00,6.655343055725097656e+00,6.610853672027587891e+00,8.654351234436035156e+00,1.318099617958068848e+00,2.937523424625396729e-01,4.333611965179443359e+00,5.226220607757568359e+00
9.616027069091796875e+01,2.945173025131225586e+00,2.729599475860595703e+00,3.586045503616333008e+00,8.427648544311523438e+00,8.919963836669921875e+00,6.468644618988037109e+00,5.570322036743164062e+00,6.859541416168212891e+00,6.894862651824951172e+00,8.765270233154296875e+00,1.393248438835144043e+00,2.729134857654571533e-01,4.324143886566162109e+00,5.225238323211669922e+00
9.666110229492187500e+01,2.630934953689575195e+00,2.496683835983276367e+00,3.126093626022338867e+00,8.448293685913085938e+00,8.937746047973632812e+00,6.484567165374755859e+00,5.574313163757324219e+00,7.014610290527343750e+00,7.067296981811523438e+00,8.851862907409667969e+00,1.480786442756652832e+00,2.551186382770538330e-01,4.316671371459960938e+00,5.224853992462158203e+00
9.716193389892578125e+01,2.375432014465332031e+00,2.342576503753662109e+00,2.832246780395507812e+00,8.477804183959960938e+00,8.953661918640136719e+00,6.499196529388427734e+00,5.577922344207763672e+00,7.132958889007568359e+00,7.169639110565185547e+00,8.923911094665527344e+00,1.578193783760070801e+00,2.401578277349472046e-01,4.310688972473144531e+00,5.224867343902587891e+00
9.766277313232421875e+01,2.167778968811035156e+00,2.238388299942016602e+00,2.662874460220336914e+00,8.516007423400878906e+00,8.967869758605957031e+00,6.512662410736083984e+00,5.581184387207031250e+00,7.224423408508300781e+00,7.226945400238037109e+00,8.987466812133789062e+00,1.684081315994262695e+00,2.277241349220275879e-01,4.305840492248535156e+00,5.225150108337402344e+00
9.816360473632812500e+01,1.997195839881896973e+00,2.167202472686767578e+00,2.589711904525756836e+00,8.562134742736816406e+00,8.980572700500488281e+00,6.524965286254882812e+00,5.584089279174804688e+00,7.297291278839111328e+00,7.255210399627685547e+00,9.046122550964355469e+00,1.798040986061096191e+00,2.175007909536361694e-01,4.301803588867187500e+00,5.225594997406005859e+00
9.866444396972656250e+01,1.852698564529418945e+00,2.119179964065551758e+00,2.596542358398437500e+00,8.615928649902343750e+00,8.991949081420898438e+00,6.536361217498779297e+00,5.586700439453125000e+00,7.357469081878662109e+00,7.261365890502929688e+00,9.101846694946289062e+00,1.920254349708557129e+00,2.091971635818481445e-01,4.298483371734619141e+00,5.226195812225341797e+00
9.916527557373046875e+01,1.727620720863342285e+00,2.089741945266723633e+00,2.681390762329101562e+00,8.675936698913574219e+00,9.002090454101562500e+00,6.546742916107177734e+00,5.588958263397216797e+00,7.410065650939941406e+00,7.252021312713623047e+00,9.155323028564453125e+00,2.051556110382080078e+00,2.025517672300338745e-01,4.295589447021484375e+00,5.226871013641357422e+00
9.966610717773437500e+01,1.616835236549377441e+00,2.075991153717041016e+00,2.850046396255493164e+00,8.740951538085937500e+00,9.011089324951171875e+00,6.556332111358642578e+00,5.590898513793945312e+00,7.457786560058593750e+00,7.229596138000488281e+00,9.206860542297363281e+00,2.193239688873291016e+00,1.973293274641036987e-01,4.293059825897216797e+00,5.227646350860595703e+00
1.001669464111328125e+02,1.517863988876342773e+00,2.076722621917724609e+00,3.117747783660888672e+00,8.809124946594238281e+00,9.019039154052734375e+00,6.565245628356933594e+00,5.592505455017089844e+00,7.502517700195312500e+00,7.197398185729980469e+00,9.256463050842285156e+00,2.346939086914062500e+00,1.933000385761260986e-01,4.290760993957519531e+00,5.228536605834960938e+00
1.006677780151367188e+02,1.429584980010986328e+00,2.091666460037231445e+00,3.500692367553710938e+00,8.877962112426757812e+00,9.026017189025878906e+00,6.573451519012451172e+00,5.593712806701660156e+00,7.545479774475097656e+00,7.159418106079101562e+00,9.303580284118652344e+00,2.513442993164062500e+00,1.901784390211105347e-01,4.288476467132568359e+00,5.229522228240966797e+00
1.011686172485351562e+02,1.350631475448608398e+00,2.117423295974731445e+00,3.974699735641479492e+00,8.944888114929199219e+00,9.032123565673828125e+00,6.581173896789550781e+00,5.594592571258544922e+00,7.585377693176269531e+00,7.113207340240478516e+00,9.346597671508789062e+00,2.690283060073852539e+00,1.875619441270828247e-01,4.286275863647460938e+00,5.230639457702636719e+00
1.016694488525390625e+02,1.281774282455444336e+00,2.142352581024169922e+00,4.399610519409179688e+00,9.004767417907714844e+00,9.037404060363769531e+00,6.587971210479736328e+00,5.595336437225341797e+00,7.618496417999267578e+00,7.051647663116455078e+00,9.381573677062988281e+00,2.866206407546997070e+00,1.849923133850097656e-01,4.284318923950195312e+00,5.231634140014648438e+00
1.021702804565429688e+02,1.223743796348571777e+00,2.146839857101440430e+00,4.554760932922363281e+00,9.053197860717773438e+00,9.041976928710937500e+00,6.593667507171630859e+00,5.596381187438964844e+00,7.639085292816162109e+00,6.958797454833984375e+00,9.404720306396484375e+00,3.024529457092285156e+00,1.824121326208114624e-01,4.283193111419677734e+00,5.232261180877685547e+00
1.026711196899414062e+02,1.176722407341003418e+00,2.127831697463989258e+00,4.413046836853027344e+00,9.090177536010742188e+00,9.045997619628906250e+00,6.598578453063964844e+00,5.597604274749755859e+00,7.647381305694580078e+00,6.837635517120361328e+00,9.417402267456054688e+00,3.159663915634155273e+00,1.801420897245407104e-01,4.282680511474609375e+00,5.232669353485107422e+00
1.031719512939453125e+02,1.139296174049377441e+00,2.098675251007080078e+00,4.125645160675048828e+00,9.118957519531250000e+00,9.049580574035644531e+00,6.602972507476806641e+00,5.598667621612548828e+00,7.648778438568115234e+00,6.708168506622314453e+00,9.424205780029296875e+00,3.277678012847900391e+00,1.783151477575302124e-01,4.282229900360107422e+00,5.233068943023681641e+00
1.036727905273437500e+02,1.108941555023193359e+00,2.068581342697143555e+00,3.804192781448364258e+00,9.142683029174804688e+00,9.052840232849121094e+00,6.607160568237304688e+00,5.599574565887451172e+00,7.646910667419433594e+00,6.580407619476318359e+00,9.428277015686035156e+00,3.384506225585937500e+00,1.768731474876403809e-01,4.281841278076171875e+00,5.233558177947998047e+00
1.041736221313476562e+02,1.084151506423950195e+00,2.041423559188842773e+00,3.498165130615234375e+00,9.162460327148437500e+00,9.055763244628906250e+00,6.610916614532470703e+00,5.600298404693603516e+00,7.644154071807861328e+00,6.461678504943847656e+00,9.430833816528320312e+00,3.481460094451904297e+00,1.757139563560485840e-01,4.281393051147460938e+00,5.234041690826416016e+00
1.046744537353515625e+02,1.063464760780334473e+00,2.017632007598876953e+00,3.219848632812500000e+00,9.179299354553222656e+00,9.058391571044921875e+00,6.614391803741455078e+00,5.600924968719482422e+00,7.641045093536376953e+00,6.351288318634033203e+00,9.432418823242187500e+00,3.569317102432250977e+00,1.747730672359466553e-01,4.280999183654785156e+00,5.234535217285156250e+00
1.051752929687500000e+02,1.045952558517456055e+00,1.996919155120849609e+00,2.972280979156494141e+00,9.193683624267578125e+00,9.060752868652343750e+00,6.617598056793212891e+00,5.601478099822998047e+00,7.637945175170898438e+00,6.249418735504150391e+00,9.433259963989257812e+00,3.648083686828613281e+00,1.740013659000396729e-01,4.280671596527099609e+00,5.235020160675048828e+00
1.056761245727539062e+02,1.031157374382019043e+00,1.979154706001281738e+00,2.757040739059448242e+00,9.205760002136230469e+00,9.062833786010742188e+00,6.620379924774169922e+00,5.601931095123291016e+00,7.635251998901367188e+00,6.158020973205566406e+00,9.433470726013183594e+00,3.717538833618164062e+00,1.733549088239669800e-01,4.280308246612548828e+00,5.235437393188476562e+00
1.061769638061523438e+02,1.018418431282043457e+00,1.963699817657470703e+00,2.568393230438232422e+00,9.216124534606933594e+00,9.064691543579101562e+00,6.622982978820800781e+00,5.602354526519775391e+00,7.632655620574951172e+00,6.073765754699707031e+00,9.433212280273437500e+00,3.778748989105224609e+00,1.728177815675735474e-01,4.280042171478271484e+00,5.235852241516113281e+00
1.066777954101562500e+02,1.007576942443847656e+00,1.950482249259948730e+00,2.406922340393066406e+00,9.224770545959472656e+00,9.066309928894042969e+00,6.625201225280761719e+00,5.602701187133789062e+00,7.630506515502929688e+00,5.999150276184082031e+00,9.432565689086914062e+00,3.831782102584838867e+00,1.723582893610000610e-01,4.279739379882812500e+00,5.236192226409912109e+00
1.071786346435546875e+02,9.981582760810852051e-01,1.938960075378417969e+00,2.266279220581054688e+00,9.232202529907226562e+00,9.067748069763183594e+00,6.627290725708007812e+00,5.603034019470214844e+00,7.628443717956542969e+00,5.930616855621337891e+00,9.431649208068847656e+00,3.877948760986328125e+00,1.719738543033599854e-01,4.279530525207519531e+00,5.236529827117919922e+00
1.076794662475585938e+02,9.900919795036315918e-01,1.929046154022216797e+00,2.147057771682739258e+00,9.238373756408691406e+00,9.068999290466308594e+00,6.629040718078613281e+00,5.603299617767333984e+00,7.626779556274414062e+00,5.870708942413330078e+00,9.430535316467285156e+00,3.917492866516113281e+00,1.716393232345581055e-01,4.279279232025146484e+00,5.236798763275146484e+00
1.081802978515625000e+02,9.830802679061889648e-01,1.920413494110107422e+00,2.044031381607055664e+00,9.243650436401367188e+00,9.070102691650390625e+00,6.630648612976074219e+00,5.603549957275390625e+00,7.625235080718994141e+00,5.816513061523437500e+00,9.429300308227539062e+00,3.951608180999755859e+00,1.713542491197586060e-01,4.279083251953125000e+00,5.237052917480468750e+00
1.086811370849609375e+02,9.769651293754577637e-01,1.912873864173889160e+00,1.954850077629089355e+00,9.248180389404296875e+00,9.071078300476074219e+00,6.632134437561035156e+00,5.603785991668701172e+00,7.623801231384277344e+00,5.767439365386962891e+00,9.427997589111328125e+00,3.981006622314453125e+00,1.711118221282958984e-01,4.278942108154296875e+00,5.237294673919677734e+00
1.091819686889648438e+02,9.717279076576232910e-01,1.906423449516296387e+00,1.879788756370544434e+00,9.251921653747558594e+00,9.071918487548828125e+00,6.633341312408447266e+00,5.603966712951660156e+00,7.622681140899658203e+00,5.725274562835693359e+00,9.426688194274902344e+00,4.006066799163818359e+00,1.708961725234985352e-01,4.278750896453857422e+00,5.237475872039794922e+00
1.096828079223632812e+02,9.670897126197814941e-01,1.900677800178527832e+00,1.813880324363708496e+00,9.255208969116210938e+00,9.072669029235839844e+00,6.634521961212158203e+00,5.604156017303466797e+00,7.621547222137451172e+00,5.686404705047607422e+00,9.425382614135742188e+00,4.027736186981201172e+00,1.707147657871246338e-01,4.278645038604736328e+00,5.237668514251708984e+00
1.101836395263671875e+02,9.631243944168090820e-01,1.895758628845214844e+00,1.758608222007751465e+00,9.257916450500488281e+00,9.073313713073730469e+00,6.635457515716552734e+00,5.604295730590820312e+00,7.620690822601318359e+00,5.653422832489013672e+00,9.424136161804199219e+00,4.046215534210205078e+00,1.705505847930908203e-01,4.278486251831054688e+00,5.237805366516113281e+00
1.106844711303710938e+02,9.596254825592041016e-01,1.891414403915405273e+00,1.710322260856628418e+00,9.260279655456542969e+00,9.073883056640625000e+00,6.636335849761962891e+00,5.604432106018066406e+00,7.619866371154785156e+00,5.623537063598632812e+00,9.422944068908691406e+00,4.062190532684326172e+00,1.704103648662567139e-01,4.278375148773193359e+00,5.237942218780517578e+00
1.111853103637695312e+02,9.565376639366149902e-01,1.887572288513183594e+00,1.667925953865051270e+00,9.262352943420410156e+00,9.074395179748535156e+00,6.637172698974609375e+00,5.604569911956787109e+00,7.619065284729003906e+00,5.596325397491455078e+00,9.421808242797851562e+00,4.076018333435058594e+00,1.702911555767059326e-01,4.278312206268310547e+00,5.238078594207763672e+00
1.116861419677734375e+02,9.539052248001098633e-01,1.884301185607910156e+00,1.632605552673339844e+00,9.264048576354980469e+00,9.074827194213867188e+00,6.637803554534912109e+00,5.604660511016845703e+00,7.618496894836425781e+00,5.573728561401367188e+00,9.420777320861816406e+00,4.087855815887451172e+00,1.701808869838714600e-01,4.278189659118652344e+00,5.238167762756347656e+00
1.121869812011718750e+02,9.515385031700134277e-01,1.881348609924316406e+00,1.600694894790649414e+00,9.265597343444824219e+00,9.075221061706542969e+00,6.638469219207763672e+00,5.604770183563232422e+00,7.617857933044433594e+00,5.552303314208984375e+00,9.419798851013183594e+00,4.098189353942871094e+00,1.700901389122009277e-01,4.278145313262939453e+00,5.238278865814208984e+00
1.126878128051757812e+02,9.495276212692260742e-01,1.878847002983093262e+00,1.574314951896667480e+00,9.266844749450683594e+00,9.075554847717285156e+00,6.638948440551757812e+00,5.604838848114013672e+00,7.617431640625000000e+00,5.534842967987060547e+00,9.418929100036621094e+00,4.107059001922607422e+00,1.700047850608825684e-01,4.278042793273925781e+00,5.238343715667724609e+00
1.131886444091796875e+02,9.477385878562927246e-01,1.876614212989807129e+00,1.550786375999450684e+00,9.267969131469726562e+00,9.075854301452636719e+00,6.639420986175537109e+00,5.604913234710693359e+00,7.616988182067871094e+00,5.518742084503173828e+00,9.418123245239257812e+00,4.114794254302978516e+00,1.699326932430267334e-01,4.277980327606201172e+00,5.238415718078613281e+00
1.136894836425781250e+02,9.461341500282287598e-01,1.874614119529724121e+00,1.529630661010742188e+00,9.268985748291015625e+00,9.076124191284179688e+00,6.639900207519531250e+00,5.604994297027587891e+00,7.616525650024414062e+00,5.503754615783691406e+00,9.417374610900878906e+00,4.121555805206298828e+00,1.698720902204513550e-01,4.277960777282714844e+00,5.238496780395507812e+00
1.141903152465820312e+02,9.447920322418212891e-01,1.872937083244323730e+00,1.512458205223083496e+00,9.269786834716796875e+00,9.076346397399902344e+00,6.640212059020996094e+00,5.605036735534667969e+00,7.616254329681396484e+00,5.491985321044921875e+00,9.416730880737304688e+00,4.127376556396484375e+00,1.698133349418640137e-01,4.277878761291503906e+00,5.238536357879638672e+00
1.146911544799804688e+02,9.435476064682006836e-01,1.871381282806396484e+00,1.496225953102111816e+00,9.270565986633300781e+00,9.076559066772460938e+00,6.640596389770507812e+00,5.605104923248291016e+00,7.615876674652099609e+00,5.480144500732421875e+00,9.416115760803222656e+00,4.132507324218750000e+00,1.697672605514526367e-01,4.277870178222656250e+00,5.238602638244628906e+00
1.151919860839843750e+02,9.425187110900878906e-01,1.870097398757934570e+00,1.483284950256347656e+00,9.271162033081054688e+00,9.076728820800781250e+00,6.640825748443603516e+00,5.605133056640625000e+00,7.615682125091552734e+00,5.471152782440185547e+00,9.415596961975097656e+00,4.136934757232666016e+00,1.697211116552352905e-01,4.277797222137451172e+00,5.238629817962646484e+00
1.156928176879882812e+02,9.415851831436157227e-01,1.868930935859680176e+00,1.471390485763549805e+00,9.271720886230468750e+00,9.076888084411621094e+00,6.641080379486083984e+00,5.605173587799072266e+00,7.615444660186767578e+00,5.462538242340087891e+00,9.415117263793945312e+00,4.140826225280761719e+00,1.696830987930297852e-01,4.277764797210693359e+00,5.238669395446777344e+00
1.161936569213867188e+02,9.407289624214172363e-01,1.867850780487060547e+00,1.460335373878479004e+00,9.272254943847656250e+00,9.077033996582031250e+00,6.641366004943847656e+00,5.605224132537841797e+00,7.615160942077636719e+00,5.454175949096679688e+00,9.414668083190917969e+00,4.144247531890869141e+00,1.696529686450958252e-01,4.277770042419433594e+00,5.238719463348388672e+00
1.166944885253906250e+02,9.400371909141540527e-01,1.866981983184814453e+00,1.451861858367919922e+00,9.272640228271484375e+00,9.077148437500000000e+00,6.641504764556884766e+00,5.605239868164062500e+00,7.615046977996826172e+00,5.448242664337158203e+00,9.414305686950683594e+00,4.147205352783203125e+00,1.696206629276275635e-01,4.277709484100341797e+00,5.238732814788818359e+00
1.171953277587890625e+02,9.393666982650756836e-01,1.866132497787475586e+00,1.443232536315917969e+00,9.273056983947753906e+00,9.077263832092285156e+00,6.641739845275878906e+00,5.605282783508300781e+00,7.614813327789306641e+00,5.441569805145263672e+00,9.413942337036132812e+00,4.149829387664794922e+00,1.695977747440338135e-01,4.277719974517822266e+00,5.238775253295898438e+00
1.176961593627929688e+02,9.388384222984313965e-01,1.865471243858337402e+00,1.436858654022216797e+00,9.273343086242675781e+00,9.077351570129394531e+00,6.641835689544677734e+00,5.605290412902832031e+00,7.614740371704101562e+00,5.437126159667968750e+00,9.413657188415527344e+00,4.152100086212158203e+00,1.695716232061386108e-01,4.277666091918945312e+00,5.238782405853271484e+00
1.181969985961914062e+02,9.383104443550109863e-01,1.864802241325378418e+00,1.430067896842956543e+00,9.273671150207519531e+00,9.077441215515136719e+00,6.642031669616699219e+00,5.605328083038330078e+00,7.614546298980712891e+00,5.431760787963867188e+00,9.413366317749023438e+00,4.154121875762939453e+00,1.695545166730880737e-01,4.277683258056640625e+00,5.238820552825927734e+00
1.186978302001953125e+02,9.379076957702636719e-01,1.864299535751342773e+00,1.425293564796447754e+00,9.273882865905761719e+00,9.077508926391601562e+00,6.642090797424316406e+00,5.605331420898437500e+00,7.614499092102050781e+00,5.428474426269531250e+00,9.413146972656250000e+00,4.155869483947753906e+00,1.695341020822525024e-01,4.277631282806396484e+00,5.238820552825927734e+00
1.191986618041992188e+02,9.375252127647399902e-01,1.863814234733581543e+00,1.420543193817138672e+00,9.274104118347167969e+00,9.077574729919433594e+00,6.642198085784912109e+00,5.605348110198974609e+00,7.614403724670410156e+00,5.424897670745849609e+00,9.412932395935058594e+00,4.157417297363281250e+00,1.695182919502258301e-01,4.277617454528808594e+00,5.238836765289306641e+00
1.196995010375976562e+02,9.371559619903564453e-01,1.863345861434936523e+00,1.415740251541137695e+00,9.274339675903320312e+00,9.077638626098632812e+00,6.642351150512695312e+00,5.605378627777099609e+00,7.614243984222412109e+00,5.420978069305419922e+00,9.412723541259765625e+00,4.158787727355957031e+00,1.695076376199722290e-01,4.277640342712402344e+00,5.238867759704589844e+00
1.202003326416015625e+02,9.368909597396850586e-01,1.863012552261352539e+00,1.412695527076721191e+00,9.274469375610351562e+00,9.077682495117187500e+00,6.642375469207763672e+00,5.605375766754150391e+00,7.614236831665039062e+00,5.418961524963378906e+00,9.412576675415039062e+00,4.159972190856933594e+00,1.694919914007186890e-01,4.277595520019531250e+00,5.238863945007324219e+00
1.207011718750000000e+02,9.365967512130737305e-01,1.862638831138610840e+00,1.408835053443908691e+00,9.274662017822265625e+00,9.077734947204589844e+00,6.642506599426269531e+00,5.605404376983642578e+00,7.614096164703369141e+00,5.415740013122558594e+00,9.412405967712402344e+00,4.161033630371093750e+00,1.694850027561187744e-01,4.277620792388916016e+00,5.238891124725341797e+00
1.212020034790039062e+02,9.363974928855895996e-01,1.862391233444213867e+00,1.406619429588317871e+00,9.274750709533691406e+00,9.077766418457031250e+00,6.642512321472167969e+00,5.605398178100585938e+00,7.614109992980957031e+00,5.414343357086181641e+00,9.412295341491699219e+00,4.161949157714843750e+00,1.694719940423965454e-01,4.277576923370361328e+00,5.238883018493652344e+00
1.217028350830078125e+02,9.361944198608398438e-01,1.862134337425231934e+00,1.404112577438354492e+00,9.274869918823242188e+00,9.077800750732421875e+00,6.642568111419677734e+00,5.605407238006591797e+00,7.614057540893554688e+00,5.412432670593261719e+00,9.412178993225097656e+00,4.162763595581054688e+00,1.694638133049011230e-01,4.277569293975830078e+00,5.238891601562500000e+00
1.222036743164062500e+02,8.466117858886718750e+00,2.125486612319946289e+00,6.718157768249511719e+00,9.418072700500488281e+00,9.213386535644531250e+00,6.745480537414550781e+00,5.620985031127929688e+00,5.770247578620910645e-01,8.339600563049316406e+00,5.730575561523437500e+00,5.936290025711059570e-01,1.415269970893859863e-01,4.236330986022949219e+00,5.232411861419677734e+00
1.227045059204101562e+02,8.937856674194335938e+00,3.899178743362426758e+00,3.807285785675048828e+00,9.382432937622070312e+00,9.164577484130859375e+00,6.733946800231933594e+00,5.755249023437500000e+00,9.799115061759948730e-01,8.586258888244628906e+00,8.428947448730468750e+00,1.086297035217285156e+00,1.546938717365264893e-01,4.214941501617431641e+00,5.054259777069091797e+00
1.232053451538085938e+02,8.822938919067382812e+00,4.454271316528320312e+00,1.144546389579772949e+00,9.455225944519042969e+00,9.107254028320312500e+00,6.743368148803710938e+00,5.647459983825683594e+00,8.736821413040161133e-01,8.022250175476074219e+00,9.220582962036132812e+00,4.092988967895507812e+00,1.784783154726028442e-01,4.225066184997558594e+00,5.189803123474121094e+00
1.237061767578125000e+02,8.287296295166015625e+00,5.862015247344970703e+00,4.917868077754974365e-01,9.460729598999023438e+00,9.091312408447265625e+00,6.731743812561035156e+00,5.619921684265136719e+00,8.890485167503356934e-01,6.166004657745361328e+00,9.103935241699218750e+00,4.289784908294677734e+00,2.009329497814178467e-01,4.241548538208007812e+00,5.225159168243408203e+00
1.242070083618164062e+02,7.928046703338623047e+00,6.646733760833740234e+00,5.668500065803527832e-01,9.495230674743652344e+00,9.085988998413085938e+00,6.739242076873779297e+00,5.613630771636962891e+00,1.022323012351989746e+00,4.486701488494873047e+00,9.075494766235351562e+00,3.988141059875488281e+00,2.203513830900192261e-01,4.264216899871826172e+00,5.242573261260986328e+00
1.247078475952148438e+02,7.751759052276611328e+00,7.104869842529296875e+00,8.181886076927185059e-01,9.521576881408691406e+00,9.080751419067382812e+00,6.746604442596435547e+00,5.611717224121093750e+00,1.177317976951599121e+00,3.314715623855590820e+00,9.107201576232910156e+00,3.664115667343139648e+00,2.383753508329391479e-01,4.280584335327148438e+00,5.251997947692871094e+00
1.252086791992187500e+02,7.654253005981445312e+00,7.386129379272460938e+00,1.081192731857299805e+00,9.528899192810058594e+00,9.073352813720703125e+00,6.746783733367919922e+00,5.609993457794189453e+00,1.341553092002868652e+00,2.507335186004638672e+00,9.153518676757812500e+00,3.401232242584228516e+00,2.543723583221435547e-01,4.290200233459472656e+00,5.256285667419433594e+00
1.257095184326171875e+02,7.524439334869384766e+00,7.566330909729003906e+00,1.295099854469299316e+00,9.523756027221679688e+00,9.063792228698730469e+00,6.739213466644287109e+00,5.607657432556152344e+00,1.562503218650817871e+00,1.950680613517761230e+00,9.207120895385742188e+00,3.196371793746948242e+00,2.680665552616119385e-01,4.295374870300292969e+00,5.257307529449462891e+00
1.262103500366210938e+02,7.332930564880371094e+00,7.690311908721923828e+00,1.477884411811828613e+00,9.510788917541503906e+00,9.052835464477539062e+00,6.725376129150390625e+00,5.604867458343505859e+00,1.855848312377929688e+00,1.555856227874755859e+00,9.264898300170898438e+00,3.029820919036865234e+00,2.792162895202636719e-01,4.297650337219238281e+00,5.256217956542968750e+00
1.267111816406250000e+02,7.070976734161376953e+00,7.769947052001953125e+00,1.641552448272705078e+00,9.492002487182617188e+00,9.041476249694824219e+00,6.707684993743896484e+00,5.602018833160400391e+00,2.220192670822143555e+00,1.268214464187622070e+00,9.322265625000000000e+00,2.890715360641479492e+00,2.876507043838500977e-01,4.298367977142333984e+00,5.254021644592285156e+00
1.272120208740234375e+02,6.735739231109619141e+00,7.808005809783935547e+00,1.792423963546752930e+00,9.468593597412109375e+00,9.030493736267089844e+00,6.688050270080566406e+00,5.599356651306152344e+00,2.633225440979003906e+00,1.058240652084350586e+00,9.375673294067382812e+00,2.774458646774291992e+00,2.933388650417327881e-01,4.298303604125976562e+00,5.251354694366455078e+00
1.277128524780273438e+02,6.340126991271972656e+00,7.806730270385742188e+00,1.934057354927062988e+00,9.441589355468750000e+00,9.020409584045410156e+00,6.667767047882080078e+00,5.596960544586181641e+00,3.056098461151123047e+00,9.106409549713134766e-01,9.423200607299804688e+00,2.679205179214477539e+00,2.963843345642089844e-01,4.297796249389648438e+00,5.248546123504638672e+00
1.282136840820312500e+02,5.912866115570068359e+00,7.768700122833251953e+00,2.067766666412353516e+00,9.411936759948730469e+00,9.011597633361816406e+00,6.648175716400146484e+00,5.594934940338134766e+00,3.453509092330932617e+00,8.151900172233581543e-01,9.463829040527343750e+00,2.602308750152587891e+00,2.970291674137115479e-01,4.297220230102539062e+00,5.245874881744384766e+00
1.287145233154296875e+02,5.488722801208496094e+00,7.698840618133544922e+00,2.195206403732299805e+00,9.380568504333496094e+00,9.004271507263183594e+00,6.630088806152343750e+00,5.593294620513916016e+00,3.807807445526123047e+00,7.627581357955932617e-01,9.497467041015625000e+00,2.542097806930541992e+00,2.955508232116699219e-01,4.296709060668945312e+00,5.243454933166503906e+00
1.292153625488281250e+02,5.096292495727539062e+00,7.603424072265625000e+00,2.318528890609741211e+00,9.348393440246582031e+00,8.998510360717773438e+00,6.613906860351562500e+00,5.592003345489501953e+00,4.116043090820312500e+00,7.453128099441528320e-01,9.524545669555664062e+00,2.497611045837402344e+00,2.922456860542297363e-01,4.296248435974121094e+00,5.241293430328369141e+00
1.297161865234375000e+02,4.752475261688232422e+00,7.488492488861083984e+00,2.439482450485229492e+00,9.316302299499511719e+00,8.994329452514648438e+00,6.599873065948486328e+00,5.591029644012451172e+00,4.382560253143310547e+00,7.567362189292907715e-01,9.545730590820312500e+00,2.467982769012451172e+00,2.874319255352020264e-01,4.295822620391845703e+00,5.239390373229980469e+00
1.302170257568359375e+02,4.461632251739501953e+00,7.357576370239257812e+00,2.557654142379760742e+00,9.285264968872070312e+00,8.991717338562011719e+00,6.588459968566894531e+00,5.590446472167968750e+00,4.614154815673828125e+00,7.926745414733886719e-01,9.561668395996093750e+00,2.450983524322509766e+00,2.814637422561645508e-01,4.295630931854248047e+00,5.237849712371826172e+00
1.307178649902343750e+02,4.223293304443359375e+00,7.215692043304443359e+00,2.675460100173950195e+00,9.256046295166015625e+00,8.990558624267578125e+00,6.579288959503173828e+00,5.590142726898193359e+00,4.818170070648193359e+00,8.506848216056823730e-01,9.573512077331542969e+00,2.447231054306030273e+00,2.746047377586364746e-01,4.295460224151611328e+00,5.236560344696044922e+00
1.312187042236328125e+02,6.490792751312255859e+00,4.394038677215576172e+00,9.420187950134277344e+00,8.860324859619140625e+00,7.626493930816650391e+00,6.105287551879882812e+00,5.520854473114013672e+00,1.148798465728759766e+00,8.690437316894531250e+00,1.889385581016540527e+00,5.693745613098144531e-01,2.581698894500732422e+00,4.291105270385742188e+00,5.110101699829101562e+00
1.317195281982421875e+02,6.850316047668457031e+00,5.927173614501953125e+00,9.423755645751953125e+00,8.550659179687500000e+00,8.319159507751464844e+00,6.035601615905761719e+00,5.494614124298095703e+00,1.343151926994323730e+00,7.313060283660888672e+00,2.300233364105224609e+00,9.603237509727478027e-01,1.211622476577758789e+00,4.399253368377685547e+00,5.156873703002929688e+00
1.322203674316406250e+02,7.402968883514404297e+00,8.589505195617675781e+00,8.525773048400878906e+00,8.387219429016113281e+00,8.548578262329101562e+00,6.147110462188720703e+00,5.510270595550537109e+00,4.537820816040039062e+00,2.959781646728515625e+00,5.347669124603271484e+00,1.027125954627990723e+00,8.052250146865844727e-01,4.462081432342529297e+00,5.232460021972656250e+00
1.327212066650390625e+02,6.707727909088134766e+00,8.215354919433593750e+00,5.769963741302490234e+00,8.314690589904785156e+00,8.640644073486328125e+00,6.228108882904052734e+00,5.523880481719970703e+00,5.227082729339599609e+00,2.249344587326049805e+00,5.647111415863037109e+00,1.078571438789367676e+00,6.510090827941894531e-01,4.448347568511962891e+00,5.252553462982177734e+00
1.332220306396484375e+02,6.828731060028076172e+00,8.121504783630371094e+00,8.217114448547363281e+00,8.231138229370117188e+00,8.706858634948730469e+00,6.278719902038574219e+00,5.538969039916992188e+00,5.003849506378173828e+00,3.658349275588989258e+00,5.291699409484863281e+00,1.236279845237731934e+00,5.466631054878234863e-01,4.424169063568115234e+00,5.249976158142089844e+00
1.337228698730468750e+02,6.464423179626464844e+00,7.618334293365478516e+00,8.424269676208496094e+00,8.199976921081542969e+00,8.749750137329101562e+00,6.319428920745849609e+00,5.549729824066162109e+00,4.814059257507324219e+00,4.294618129730224609e+00,4.844069480895996094e+00,1.301867961883544922e+00,4.843200147151947021e-01,4.400143623352050781e+00,5.245913982391357422e+00
1.342237091064453125e+02,5.994739532470703125e+00,7.094954013824462891e+00,8.353726387023925781e+00,8.210469245910644531e+00,8.785165786743164062e+00,6.354924201965332031e+00,5.558859825134277344e+00,5.100823402404785156e+00,4.272323131561279297e+00,5.123096466064453125e+00,1.311090826988220215e+00,4.371174573898315430e-01,4.381637573242187500e+00,5.243058681488037109e+00
1.347245483398437500e+02,5.413522243499755859e+00,6.449657440185546875e+00,7.956699371337890625e+00,8.244067192077636719e+00,8.816763877868652344e+00,6.386643886566162109e+00,5.566616058349609375e+00,5.364530086517333984e+00,3.924611568450927734e+00,5.913838386535644531e+00,1.287564158439636230e+00,3.986316323280334473e-01,4.367697715759277344e+00,5.241659641265869141e+00
1.352253723144531250e+02,4.969429016113281250e+00,5.777985095977783203e+00,7.205519199371337891e+00,8.274068832397460938e+00,8.845676422119140625e+00,6.413116931915283203e+00,5.572867393493652344e+00,5.517302036285400391e+00,3.850676536560058594e+00,6.689514636993408203e+00,1.267854094505310059e+00,3.648158013820648193e-01,4.356309413909912109e+00,5.240794658660888672e+00
1.357262115478515625e+02,4.578270912170410156e+00,5.190256118774414062e+00,6.224138259887695312e+00,8.311911582946777344e+00,8.872590065002441406e+00,6.436377525329589844e+00,5.578190803527832031e+00,5.696727275848388672e+00,4.008735656738281250e+00,7.781185150146484375e+00,1.266592025756835938e+00,3.344087898731231689e-01,4.347716331481933594e+00,5.240568161010742188e+00
1.362270507812500000e+02,4.261773109436035156e+00,4.742468833923339844e+00,5.497683525085449219e+00,8.349946975708007812e+00,8.896995544433593750e+00,6.456932544708251953e+00,5.583005428314208984e+00,5.900382041931152344e+00,4.417288303375244141e+00,8.486296653747558594e+00,1.297293543815612793e+00,3.074788153171539307e-01,4.340158939361572266e+00,5.240617275238037109e+00
1.367278747558593750e+02,3.769727468490600586e+00,4.236166477203369141e+00,4.927840709686279297e+00,8.410224914550781250e+00,8.920534133911132812e+00,6.477643966674804688e+00,5.587181568145751953e+00,6.135775566101074219e+00,4.639033794403076172e+00,9.028881072998046875e+00,1.339818596839904785e+00,2.843070030212402344e-01,4.334754943847656250e+00,5.240694522857666016e+00
1.372287139892578125e+02,3.475022792816162109e+00,3.870656013488769531e+00,4.424682617187500000e+00,8.448570251464843750e+00,8.940294265747070312e+00,6.495045661926269531e+00,5.591458797454833984e+00,6.319612503051757812e+00,5.074778079986572266e+00,9.186920166015625000e+00,1.405025482177734375e+00,2.642595469951629639e-01,4.329299926757812500e+00,5.241291046142578125e+00
1.377295532226562500e+02,3.181752920150756836e+00,3.528514623641967773e+00,3.927311658859252930e+00,8.486373901367187500e+00,8.957953453063964844e+00,6.510876655578613281e+00,5.595348834991455078e+00,6.491564750671386719e+00,5.447723865509033203e+00,9.277173042297363281e+00,1.479291677474975586e+00,2.471451461315155029e-01,4.324512958526611328e+00,5.242007255554199219e+00
1.382303771972656250e+02,2.895929574966430664e+00,3.221852779388427734e+00,3.479636192321777344e+00,8.524726867675781250e+00,8.973757743835449219e+00,6.525346279144287109e+00,5.598869800567626953e+00,6.649430274963378906e+00,5.748153686523437500e+00,9.337368965148925781e+00,1.561250448226928711e+00,2.325993329286575317e-01,4.320275783538818359e+00,5.242780685424804688e+00
1.387312164306640625e+02,2.625608682632446289e+00,2.960797071456909180e+00,3.130123853683471680e+00,8.564829826354980469e+00,8.987889289855957031e+00,6.538819789886474609e+00,5.602120876312255859e+00,6.792419433593750000e+00,5.979847431182861328e+00,9.382104873657226562e+00,1.650169134140014648e+00,2.203101217746734619e-01,4.316641807556152344e+00,5.243642807006835938e+00
1.392320556640625000e+02,2.380064725875854492e+00,2.747924327850341797e+00,2.894847393035888672e+00,8.606532096862792969e+00,9.000503540039062500e+00,6.551144123077392578e+00,5.605040073394775391e+00,6.921164035797119141e+00,6.157033443450927734e+00,9.417675971984863281e+00,1.745589494705200195e+00,2.099933922290802002e-01,4.313380718231201172e+00,5.244502067565917969e+00
1.397328948974609375e+02,2.162826538085937500e+00,2.578596353530883789e+00,2.766087055206298828e+00,8.650106430053710938e+00,9.011771202087402344e+00,6.562481880187988281e+00,5.607667922973632812e+00,7.036069393157958984e+00,6.289155483245849609e+00,9.447652816772460938e+00,1.847090363502502441e+00,2.013893574476242065e-01,4.310488700866699219e+00,5.245378971099853516e+00
1.402337188720703125e+02,1.974936842918395996e+00,2.446504831314086914e+00,2.733644008636474609e+00,8.695251464843750000e+00,9.021843910217285156e+00,6.572837352752685547e+00,5.609983921051025391e+00,7.138172149658203125e+00,6.386421680450439453e+00,9.473965644836425781e+00,1.954504251480102539e+00,1.942657232284545898e-01,4.307853698730468750e+00,5.246249198913574219e+00
1.407345581054687500e+02,1.813365459442138672e+00,2.344925403594970703e+00,2.791048765182495117e+00,8.742226600646972656e+00,9.030865669250488281e+00,6.582562923431396484e+00,5.612073898315429688e+00,7.228258609771728516e+00,6.452708721160888672e+00,9.497858047485351562e+00,2.067841053009033203e+00,1.884229928255081177e-01,4.305578231811523438e+00,5.247194290161132812e+00
1.412353973388671875e+02,1.676131725311279297e+00,2.269380092620849609e+00,2.942373752593994141e+00,8.789907455444335938e+00,9.038924217224121094e+00,6.591475963592529297e+00,5.613857269287109375e+00,7.308063507080078125e+00,6.496867656707763672e+00,9.519690513610839844e+00,2.187071084976196289e+00,1.836723387241363525e-01,4.303424358367919922e+00,5.248145103454589844e+00
1.417362213134765625e+02,1.528926372528076172e+00,2.231049060821533203e+00,3.351541519165039062e+00,8.853985786437988281e+00,9.047415733337402344e+00,6.702210903167724609e+00,5.739983081817626953e+00,7.404509544372558594e+00,6.471807003021240234e+00,9.556511878967285156e+00,2.365830183029174805e+00,1.817836910486221313e-01,4.190393924713134766e+00,5.089340686798095703e+00
1.422370605468750000e+02,1.449907064437866211e+00,2.161319971084594727e+00,3.551579713821411133e+00,8.873060226440429688e+00,9.056890487670898438e+00,6.663422107696533203e+00,5.651505947113037109e+00,7.455795288085937500e+00,6.542963981628417969e+00,9.588312149047851562e+00,2.453316926956176758e+00,1.760377287864685059e-01,4.179697513580322266e+00,5.184016704559326172e+00
1.427378997802734375e+02,1.362021923065185547e+00,2.126642942428588867e+00,4.037735939025878906e+00,8.914999008178710938e+00,9.064581871032714844e+00,6.647967338562011719e+00,5.632488727569580078e+00,7.506182670593261719e+00,6.516615867614746094e+00,9.610758781433105469e+00,2.567798852920532227e+00,1.716424524784088135e-01,4.212469577789306641e+00,5.218119144439697266e+00
1.432387237548828125e+02,1.289101481437683105e+00,2.106115341186523438e+00,4.521774768829345703e+00,8.956376075744628906e+00,9.070576667785644531e+00,6.644728183746337891e+00,5.628615379333496094e+00,7.546778202056884766e+00,6.462935924530029297e+00,9.624757766723632812e+00,2.686197280883789062e+00,1.681042909622192383e-01,4.242362499237060547e+00,5.235417366027832031e+00
1.437395629882812500e+02,1.232293248176574707e+00,2.081477403640747070e+00,4.735518455505371094e+00,8.990828514099121094e+00,9.075439453125000000e+00,6.645149707794189453e+00,5.628474712371826172e+00,7.574132442474365234e+00,6.388048648834228516e+00,9.632632255554199219e+00,2.794558525085449219e+00,1.651381999254226685e-01,4.263083934783935547e+00,5.245357990264892578e+00
1.442404022216796875e+02,1.188567161560058594e+00,2.049514770507812500e+00,4.662400245666503906e+00,9.018482208251953125e+00,9.079532623291015625e+00,6.646808624267578125e+00,5.629227638244628906e+00,7.591045379638671875e+00,6.301403045654296875e+00,9.636898040771484375e+00,2.891427278518676758e+00,1.627305448055267334e-01,4.276350498199462891e+00,5.251367092132568359e+00
1.447412414550781250e+02,1.154204964637756348e+00,2.015814781188964844e+00,4.447417259216308594e+00,9.041733741760253906e+00,9.083109855651855469e+00,6.649216651916503906e+00,5.630086898803710938e+00,7.601500511169433594e+00,6.213576793670654297e+00,9.639706611633300781e+00,2.980746984481811523e+00,1.608248502016067505e-01,4.284518241882324219e+00,5.255218505859375000e+00
1.452420654296875000e+02,1.126609206199645996e+00,1.984636306762695312e+00,4.194864749908447266e+00,9.061818122863769531e+00,9.086280822753906250e+00,6.651885986328125000e+00,5.630842685699462891e+00,7.608519077301025391e+00,6.132122993469238281e+00,9.642010688781738281e+00,3.064472913742065430e+00,1.592995524406433105e-01,4.289367675781250000e+00,5.257758140563964844e+00
1.457429046630859375e+02,1.103734254837036133e+00,1.956839323043823242e+00,3.942130565643310547e+00,9.079911231994628906e+00,9.089142799377441406e+00,6.654866218566894531e+00,5.631569385528564453e+00,7.613092422485351562e+00,6.054375648498535156e+00,9.644018173217773438e+00,3.143889665603637695e+00,1.580693870782852173e-01,4.292338848114013672e+00,5.259570121765136719e+00
1.462437438964843750e+02,1.084675312042236328e+00,1.932791709899902344e+00,3.706434249877929688e+00,9.095851898193359375e+00,9.091701507568359375e+00,6.657688140869140625e+00,5.632186412811279297e+00,7.616485118865966797e+00,5.984024524688720703e+00,9.645798683166503906e+00,3.218135356903076172e+00,1.570522338151931763e-01,4.294034481048583984e+00,5.260845184326171875e+00
1.467445678710937500e+02,1.068621873855590820e+00,1.912096619606018066e+00,3.491558313369750977e+00,9.109869956970214844e+00,9.093990325927734375e+00,6.660261631011962891e+00,5.632700920104980469e+00,7.619114398956298828e+00,5.920565128326416016e+00,9.647344589233398438e+00,3.286945343017578125e+00,1.561998128890991211e-01,4.294932365417480469e+00,5.261762142181396484e+00
1.472454071044921875e+02,1.054798126220703125e+00,1.894040226936340332e+00,3.292917728424072266e+00,9.122630119323730469e+00,9.096069335937500000e+00,6.662865161895751953e+00,5.633218288421630859e+00,7.620793342590332031e+00,5.859362602233886719e+00,9.648650169372558594e+00,3.351142883300781250e+00,1.554922461509704590e-01,4.295519828796386719e+00,5.262531757354736328e+00
1.477462463378906250e+02,1.042988061904907227e+00,1.878512024879455566e+00,3.114587068557739258e+00,9.133799552917480469e+00,9.097922325134277344e+00,6.665162086486816406e+00,5.633648395538330078e+00,7.622154235839843750e+00,5.804180145263671875e+00,9.649741172790527344e+00,3.409756660461425781e+00,1.548888981342315674e-01,4.295783519744873047e+00,5.263122558593750000e+00
1.482470855712890625e+02,1.032798647880554199e+00,1.865071892738342285e+00,2.953848600387573242e+00,9.143679618835449219e+00,9.099580764770507812e+00,6.667258262634277344e+00,5.634030342102050781e+00,7.623165607452392578e+00,5.753332614898681641e+00,9.650629043579101562e+00,3.463191509246826172e+00,1.543761938810348511e-01,4.295894622802734375e+00,5.263610839843750000e+00
1.487479095458984375e+02,1.024033427238464355e+00,1.853490233421325684e+00,2.811347484588623047e+00,9.152246475219726562e+00,9.101055145263671875e+00,6.669048786163330078e+00,5.634339332580566406e+00,7.624058723449707031e+00,5.707992553710937500e+00,9.651340484619140625e+00,3.511268377304077148e+00,1.539328098297119141e-01,4.295853137969970703e+00,5.263987541198730469e+00
1.492487487792968750e+02,1.016311764717102051e+00,1.843302130699157715e+00,2.680307626724243164e+00,9.160092353820800781e+00,9.102396011352539062e+00,6.670873165130615234e+00,5.634674072265625000e+00,7.624474048614501953e+00,5.663651466369628906e+00,9.651891708374023438e+00,3.555295228958129883e+00,1.535625904798507690e-01,4.295894622802734375e+00,5.264375209808349609e+00
1.497495880126953125e+02,1.009640693664550781e+00,1.834509253501892090e+00,2.565023899078369141e+00,9.166858673095703125e+00,9.103577613830566406e+00,6.672416210174560547e+00,5.634943485260009766e+00,7.624873161315917969e+00,5.624372482299804688e+00,9.652311325073242188e+00,3.594503641128540039e+00,1.532397270202636719e-01,4.295844554901123047e+00,5.264684677124023438e+00
1.502504119873046875e+02,1.003863334655761719e+00,1.826917409896850586e+00,2.464320182800292969e+00,9.172661781311035156e+00,9.104619026184082031e+00,6.673690319061279297e+00,5.635152339935302734e+00,7.625291824340820312e+00,5.589952945709228516e+00,9.652619361877441406e+00,3.629225254058837891e+00,1.529550701379776001e-01,4.295719146728515625e+00,5.264920234680175781e+00
1.507512512207031250e+02,9.987233281135559082e-01,1.820193290710449219e+00,2.371284008026123047e+00,9.178037643432617188e+00,9.105569839477539062e+00,6.675041198730468750e+00,5.635397434234619141e+00,7.625351905822753906e+00,5.555841445922851562e+00,9.652832031250000000e+00,3.660859346389770508e+00,1.527194231748580933e-01,4.295719146728515625e+00,5.265192985534667969e+00
1.512520904541015625e+02,9.942691326141357422e-01,1.814383387565612793e+00,2.290505170822143555e+00,9.182629585266113281e+00,9.106402397155761719e+00,6.676150798797607422e+00,5.635588169097900391e+00,7.625478744506835938e+00,5.526162147521972656e+00,9.652969360351562500e+00,3.688684701919555664e+00,1.525100320577621460e-01,4.295657157897949219e+00,5.265403747558593750e+00
1.517529144287109375e+02,9.904075860977172852e-01,1.809372067451477051e+00,2.220927715301513672e+00,9.186516761779785156e+00,9.107129096984863281e+00,6.677031040191650391e+00,5.635726451873779297e+00,7.625681877136230469e+00,5.500724315643310547e+00,9.653054237365722656e+00,3.713042736053466797e+00,1.523224562406539917e-01,4.295532226562500000e+00,5.265554428100585938e+00
1.522537536621093750e+02,9.869370460510253906e-01,1.804893851280212402e+00,2.155774831771850586e+00,9.190196990966796875e+00,9.107798576354980469e+00,6.678027153015136719e+00,5.635908603668212891e+00,7.625584125518798828e+00,5.474922657012939453e+00,9.653080940246582031e+00,3.735285520553588867e+00,1.521695405244827271e-01,4.295542716979980469e+00,5.265757083892822266e+00
1.527545928955078125e+02,9.839301705360412598e-01,1.801030278205871582e+00,2.099914312362670898e+00,9.193304061889648438e+00,9.108382225036621094e+00,6.678812980651855469e+00,5.636044025421142578e+00,7.625588893890380859e+00,5.452951908111572266e+00,9.653077125549316406e+00,3.754672527313232422e+00,1.520312279462814331e-01,4.295491695404052734e+00,5.265903472900390625e+00
1.532554321289062500e+02,9.812886714935302734e-01,1.797652482986450195e+00,2.050588846206665039e+00,9.196034431457519531e+00,9.108898162841796875e+00,6.679515361785888672e+00,5.636164188385009766e+00,7.625566959381103516e+00,5.433151245117187500e+00,9.653047561645507812e+00,3.771820306777954102e+00,1.519107520580291748e-01,4.295446872711181641e+00,5.266033172607421875e+00
1.537562561035156250e+02,9.790102243423461914e-01,1.794750332832336426e+00,2.008963346481323242e+00,9.198296546936035156e+00,9.109340667724609375e+00,6.680027484893798828e+00,5.636237144470214844e+00,7.625652790069580078e+00,5.416812419891357422e+00,9.653007507324218750e+00,3.786649465560913086e+00,1.517993658781051636e-01,4.295339584350585938e+00,5.266113281250000000e+00
1.542570953369140625e+02,9.769240617752075195e-01,1.792119503021240234e+00,1.968624830245971680e+00,9.200539588928222656e+00,9.109759330749511719e+00,6.680693626403808594e+00,5.636364459991455078e+00,7.625483512878417969e+00,5.399327278137207031e+00,9.652939796447753906e+00,3.800369977951049805e+00,1.517131328582763672e-01,4.295370101928710938e+00,5.266252517700195312e+00
1.547579345703125000e+02,9.751252532005310059e-01,1.789858102798461914e+00,1.934717774391174316e+00,9.202392578125000000e+00,9.110119819641113281e+00,6.681188583374023438e+00,5.636451244354248047e+00,7.625427722930908203e+00,5.384966850280761719e+00,9.652870178222656250e+00,3.812199115753173828e+00,1.516318172216415405e-01,4.295336723327636719e+00,5.266343116760253906e+00
1.552587585449218750e+02,9.735851883888244629e-01,1.787927150726318359e+00,1.906690120697021484e+00,9.203891754150390625e+00,9.110421180725097656e+00,6.681512832641601562e+00,5.636491775512695312e+00,7.625487327575683594e+00,5.373579025268554688e+00,9.652810096740722656e+00,3.822330236434936523e+00,1.515547782182693481e-01,4.295240402221679688e+00,5.266387462615966797e+00
1.557595977783203125e+02,9.721491932868957520e-01,1.786146402359008789e+00,1.878386497497558594e+00,9.205459594726562500e+00,9.110717773437500000e+00,6.682014942169189453e+00,5.636592388153076172e+00,7.625304698944091797e+00,5.360573768615722656e+00,9.652725219726562500e+00,3.831870555877685547e+00,1.514987200498580933e-01,4.295281887054443359e+00,5.266496181488037109e+00
1.562604370117187500e+02,9.709197282791137695e-01,1.784633040428161621e+00,1.855076193809509277e+00,9.206724166870117188e+00,9.110965728759765625e+00,6.682362556457519531e+00,5.636650562286376953e+00,7.625240325927734375e+00,5.350270271301269531e+00,9.652651786804199219e+00,3.840016841888427734e+00,1.514436602592468262e-01,4.295259475708007812e+00,5.266558647155761719e+00
1.567612762451171875e+02,9.698400497436523438e-01,1.783302187919616699e+00,1.834500193595886230e+00,9.207836151123046875e+00,9.111186027526855469e+00,6.682668209075927734e+00,5.636704444885253906e+00,7.625180721282958984e+00,5.341065883636474609e+00,9.652582168579101562e+00,3.847209930419921875e+00,1.513958871364593506e-01,4.295239448547363281e+00,5.266614913940429688e+00
1.572621002197265625e+02,9.689283967018127441e-01,1.782179832458496094e+00,1.818207740783691406e+00,9.208690643310546875e+00,9.111367225646972656e+00,6.682826519012451172e+00,5.636717319488525391e+00,7.625236034393310547e+00,5.334333896636962891e+00,9.652525901794433594e+00,3.853257894515991211e+00,1.513474136590957642e-01,4.295154571533203125e+00,5.266629219055175781e+00
1.577629394531250000e+02,9.680436849594116211e-01,1.781113147735595703e+00,1.800283312797546387e+00,9.209687232971191406e+00,9.111554145812988281e+00,6.683180809020996094e+00,5.636792182922363281e+00,7.625061511993408203e+00,5.325510501861572266e+00,9.652449607849121094e+00,3.859171867370605469e+00,1.513161361217498779e-01,4.295204162597656250e+00,5.266708850860595703e+00
1.582637786865234375e+02,9.673029780387878418e-01,1.780217528343200684e+00,1.786120295524597168e+00,9.210448265075683594e+00,9.111706733703613281e+00,6.683394432067871094e+00,5.636828422546386719e+00,7.625004291534423828e+00,5.318978786468505859e+00,9.652390480041503906e+00,3.864124536514282227e+00,1.512834578752517700e-01,4.295189857482910156e+00,5.266749382019042969e+00
1.587646026611328125e+02,9.666902422904968262e-01,1.779474139213562012e+00,1.775461912155151367e+00,9.210995674133300781e+00,9.111826896667480469e+00,6.683470249176025391e+00,5.636828422546386719e+00,7.625070095062255859e+00,5.314644336700439453e+00,9.652347564697265625e+00,3.868206024169921875e+00,1.512484252452850342e-01,4.295111656188964844e+00,5.266746997833251953e+00
1.592654418945312500e+02,9.660720825195312500e-01,1.778738498687744141e+00,1.762549161911010742e+00,9.211716651916503906e+00,9.111962318420410156e+00,6.683751583099365234e+00,5.636890888214111328e+00,7.624899387359619141e+00,5.307972431182861328e+00,9.652283668518066406e+00,3.872365474700927734e+00,1.512285470962524414e-01,4.295165538787841797e+00,5.266814231872558594e+00
1.597662811279296875e+02,9.655638337135314941e-01,1.778134346008300781e+00,1.752779364585876465e+00,9.212242126464843750e+00,9.112068176269531250e+00,6.683900833129882812e+00,5.636916637420654297e+00,7.624857425689697266e+00,5.303358078002929688e+00,9.652235984802246094e+00,3.875780344009399414e+00,1.512064039707183838e-01,4.295156478881835938e+00,5.266839981079101562e+00
1.602671051025390625e+02,9.651563167572021484e-01,1.777644991874694824e+00,1.745998620986938477e+00,9.212578773498535156e+00,9.112146377563476562e+00,6.683919429779052734e+00,5.636905670166015625e+00,7.624932289123535156e+00,5.300745964050292969e+00,9.652209281921386719e+00,3.878506422042846680e+00,1.511805355548858643e-01,4.295081615447998047e+00,5.266828060150146484e+00
1.607679443359375000e+02,9.647198915481567383e-01,1.777135848999023438e+00,1.736513257026672363e+00,9.213114738464355469e+00,9.112242698669433594e+00,6.684151172637939453e+00,5.636959075927734375e+00,7.624774932861328125e+00,5.295605182647705078e+00,9.652156829833984375e+00,3.881464004516601562e+00,1.511691063642501831e-01,4.295140743255615234e+00,5.266885280609130859e+00
1.612687835693359375e+02,9.643714427947998047e-01,1.776724696159362793e+00,1.729774236679077148e+00,9.213476181030273438e+00,9.112317085266113281e+00,6.684255123138427734e+00,5.636975765228271484e+00,7.624738693237304688e+00,5.292364120483398438e+00,9.652121543884277344e+00,3.883818149566650391e+00,1.511537879705429077e-01,4.295134544372558594e+00,5.266904830932617188e+00
1.617696228027343750e+02,9.640625715255737305e-01,1.776365637779235840e+00,1.723815202713012695e+00,9.213796615600585938e+00,9.112382888793945312e+00,6.684346199035644531e+00,5.636993408203125000e+00,7.624703884124755859e+00,5.289483070373535156e+00,9.652091026306152344e+00,3.885898113250732422e+00,1.511406600475311279e-01,4.295127868652343750e+00,5.266921520233154297e+00
1.622704467773437500e+02,9.638326168060302734e-01,1.776090979576110840e+00,1.720388531684875488e+00,9.213953971862792969e+00,9.112424850463867188e+00,6.684311866760253906e+00,5.636972427368164062e+00,7.624793052673339844e+00,5.288416385650634766e+00,9.652076721191406250e+00,3.887451648712158203e+00,1.511221230030059814e-01,4.295055389404296875e+00,5.266900062561035156e+00
1.627712860107421875e+02,9.635514616966247559e-01,1.775771260261535645e+00,1.713892579078674316e+00,9.214327812194824219e+00,9.112488746643066406e+00,6.684497833251953125e+00,5.637019157409667969e+00,7.624648094177246094e+00,5.284657001495361328e+00,9.652037620544433594e+00,3.889362335205078125e+00,1.511177271604537964e-01,4.295116901397705078e+00,5.266949653625488281e+00
1.632721252441406250e+02,9.633383154869079590e-01,1.775528073310852051e+00,1.709769964218139648e+00,9.214550018310546875e+00,9.112536430358886719e+00,6.684561252593994141e+00,5.637031078338623047e+00,7.624622344970703125e+00,5.282638072967529297e+00,9.652015686035156250e+00,3.890798330307006836e+00,1.511087864637374878e-01,4.295111656188964844e+00,5.266960620880126953e+00
1.637729492187500000e+02,9.631937146186828613e-01,1.775353193283081055e+00,1.707973480224609375e+00,9.214620590209960938e+00,9.112558364868164062e+00,6.684503078460693359e+00,5.637005805969238281e+00,7.624714851379394531e+00,5.282345771789550781e+00,9.652009010314941406e+00,3.891783714294433594e+00,1.510941684246063232e-01,4.295042514801025391e+00,5.266934871673583984e+00
1.642737884521484375e+02,9.629870057106018066e-01,1.775121688842773438e+00,1.702923059463500977e+00,9.214916229248046875e+00,9.112608909606933594e+00,6.684667110443115234e+00,5.637048244476318359e+00,7.624577045440673828e+00,5.279266834259033203e+00,9.651976585388183594e+00,3.893187284469604492e+00,1.510929018259048462e-01,4.295105457305908203e+00,5.266980171203613281e+00
1.647746276855468750e+02,9.628409743309020996e-01,1.774956703186035156e+00,1.700078487396240234e+00,9.215067863464355469e+00,9.112639427185058594e+00,6.684710025787353516e+00,5.637055873870849609e+00,7.624559402465820312e+00,5.277860164642333984e+00,9.651961326599121094e+00,3.894179582595825195e+00,1.510864347219467163e-01,4.295103073120117188e+00,5.266987800598144531e+00
1.652754516601562500e+02,9.627535939216613770e-01,1.774852156639099121e+00,1.699400544166564941e+00,9.215078353881835938e+00,9.112651824951171875e+00,6.684637546539306641e+00,5.637028694152832031e+00,7.624657630920410156e+00,5.278107643127441406e+00,9.651961326599121094e+00,3.894772291183471680e+00,1.510748714208602905e-01,4.295033931732177734e+00,5.266959190368652344e+00
1.657762908935546875e+02,9.626005887985229492e-01,1.774682998657226562e+00,1.695348381996154785e+00,9.215322494506835938e+00,9.112689971923828125e+00,6.684786319732666016e+00,5.637068748474121094e+00,7.624528408050537109e+00,5.275512695312500000e+00,9.651933670043945312e+00,3.895826578140258789e+00,1.510761529207229614e-01,4.295098304748535156e+00,5.267002105712890625e+00
1.662771301269531250e+02,8.559725761413574219e+00,1.572593331336975098e+00,4.788042545318603516e+00,9.303565025329589844e+00,9.177633285522460938e+00,6.750123977661132812e+00,5.644736289978027344e+00,5.440739989280700684e-01,8.373089790344238281e+00,8.708294868469238281e+00,1.177102446556091309e+00,1.326918452978134155e-01,4.294136524200439453e+00,5.263566493988037109e+00
1.667779693603515625e+02,9.345416069030761719e+00,7.820870399475097656e+00,2.375766277313232422e+00,9.264798164367675781e+00,9.183254241943359375e+00,6.744123935699462891e+00,5.643277645111083984e+00,3.155517339706420898e+00,7.894517421722412109e+00,7.328865528106689453e+00,1.008377909660339355e+00,1.434336006641387939e-01,4.275935173034667969e+00,5.267361640930175781e+00
1.672787933349609375e+02,8.412188529968261719e+00,5.675693035125732422e+00,5.196953773498535156e+00,9.023979187011718750e+00,8.788130760192871094e+00,7.291573524475097656e+00,5.577365875244140625e+00,1.044891834259033203e+00,3.003069639205932617e+00,3.000082731246948242e+00,5.957553386688232422e+00,1.006305932998657227e+00,4.106375217437744141e+00,5.444864749908447266e+00
1.677796325683593750e+02,8.731252670288085938e+00,5.878927707672119141e+00,2.893416404724121094e+00,9.483633995056152344e+00,9.082527160644531250e+00,6.897746086120605469e+00,5.865545749664306641e+00,5.893480777740478516e-01,1.512485623359680176e+00,7.375052928924560547e+00,2.817662477493286133e+00,4.364946484565734863e-01,5.425980567932128906e+00,5.659202098846435547e+00
1.682804718017578125e+02,8.392283439636230469e+00,8.099420547485351562e+00,2.350930213928222656e+00,9.384821891784667969e+00,9.036080360412597656e+00,6.804855346679687500e+00,5.677621841430664062e+00,5.791993141174316406e-01,1.695193290710449219e+00,8.932162284851074219e+00,2.091823339462280273e+00,3.856451511383056641e-01,4.920491695404052734e+00,5.530201911926269531e+00
1.687812957763671875e+02,8.523702621459960938e+00,8.605608940124511719e+00,2.369547843933105469e+00,9.299658775329589844e+00,8.997270584106445312e+00,6.672114372253417969e+00,5.615642547607421875e+00,7.645119428634643555e-01,1.620818972587585449e+00,9.394703865051269531e+00,2.017556428909301758e+00,3.812411725521087646e-01,4.642541408538818359e+00,5.404757499694824219e+00
1.692821350097656250e+02,8.789279937744140625e+00,9.098934173583984375e+00,2.486546039581298828e+00,9.232209205627441406e+00,8.972463607788085938e+00,6.621646404266357422e+00,5.604468345642089844e+00,1.251896739006042480e+00,1.505418539047241211e+00,9.543271064758300781e+00,2.036807298660278320e+00,3.806577026844024658e-01,4.507231235504150391e+00,5.343003273010253906e+00
1.697829742431640625e+02,7.108000278472900391e+00,7.985289573669433594e+00,4.669442176818847656e+00,8.953770637512207031e+00,8.813225746154785156e+00,6.967659473419189453e+00,5.574316501617431641e+00,1.158416271209716797e+00,7.499265074729919434e-01,4.903894424438476562e+00,5.085526466369628906e+00,8.922476172447204590e-01,4.350206851959228516e+00,5.421652317047119141e+00
1.702838134765625000e+02,6.547121047973632812e+00,8.504291534423828125e+00,3.326043367385864258e+00,9.177394866943359375e+00,8.867847442626953125e+00,6.766854286193847656e+00,5.587652683258056641e+00,9.455301761627197266e-01,5.632782578468322754e-01,7.851800918579101562e+00,2.716004610061645508e+00,6.588096022605895996e-01,4.349815368652343750e+00,5.334097862243652344e+00
1.707846374511718750e+02,7.082172393798828125e+00,8.807422637939453125e+00,3.206374168395996094e+00,9.020686149597167969e+00,8.840966224670410156e+00,6.603478431701660156e+00,5.580402374267578125e+00,1.457768678665161133e+00,5.232244729995727539e-01,8.979187965393066406e+00,2.184542179107666016e+00,5.803964734077453613e-01,4.336666107177734375e+00,5.281867027282714844e+00
1.712854766845703125e+02,7.357601165771484375e+00,9.020071029663085938e+00,3.454582929611206055e+00,8.876749992370605469e+00,8.828975677490234375e+00,6.528749465942382812e+00,5.580471038818359375e+00,2.660531520843505859e+00,4.770412743091583252e-01,9.285721778869628906e+00,2.077404975891113281e+00,5.381252765655517578e-01,4.330440521240234375e+00,5.263185501098632812e+00
1.717863159179687500e+02,7.132868766784667969e+00,8.785307884216308594e+00,3.774130582809448242e+00,8.753661155700683594e+00,8.827660560607910156e+00,6.489580154418945312e+00,5.582115173339843750e+00,3.545484066009521484e+00,4.292756617069244385e-01,9.369935989379882812e+00,2.031278610229492188e+00,5.033906698226928711e-01,4.328248977661132812e+00,5.255479335784912109e+00
1.722871398925781250e+02,6.774337291717529297e+00,8.733556747436523438e+00,4.080481052398681641e+00,8.656868934631347656e+00,8.834068298339843750e+00,6.468908309936523438e+00,5.585055828094482422e+00,4.273483753204345703e+00,4.045613408088684082e-01,9.369617462158203125e+00,1.991563796997070312e+00,4.710499942302703857e-01,4.327909469604492188e+00,5.252813339233398438e+00
1.727879791259765625e+02,6.376950263977050781e+00,8.511651992797851562e+00,4.384962081909179688e+00,8.567700386047363281e+00,8.843334197998046875e+00,6.457297325134277344e+00,5.587981700897216797e+00,4.313276767730712891e+00,4.326772093772888184e-01,9.337086677551269531e+00,1.968398332595825195e+00,4.396892786026000977e-01,4.327201366424560547e+00,5.251623153686523438e+00
1.732888183593750000e+02,6.110443115234375000e+00,8.267332077026367188e+00,4.670493602752685547e+00,8.498753547668457031e+00,8.855341911315917969e+00,6.453652858734130859e+00,5.591421604156494141e+00,4.400132656097412109e+00,4.797087013721466064e-01,9.292778015136718750e+00,1.949120402336120605e+00,4.096430540084838867e-01,4.326939582824707031e+00,5.251588344573974609e+00
1.737896423339843750e+02,5.898289680480957031e+00,8.088887214660644531e+00,4.933726310729980469e+00,8.454183578491210938e+00,8.869933128356933594e+00,6.456140995025634766e+00,5.595480918884277344e+00,4.561290264129638672e+00,5.404803752899169922e-01,9.240790367126464844e+00,1.926148533821105957e+00,3.811363279819488525e-01,4.326939582824707031e+00,5.252449035644531250e+00
1.742904815673828125e+02,5.711246490478515625e+00,7.937907218933105469e+00,5.162907600402832031e+00,8.429715156555175781e+00,8.885830879211425781e+00,6.462901592254638672e+00,5.599779605865478516e+00,4.699753761291503906e+00,6.278085112571716309e-01,9.186930656433105469e+00,1.892614483833312988e+00,3.545925915241241455e-01,4.326768875122070312e+00,5.253767967224121094e+00
1.747913208007812500e+02,5.533901214599609375e+00,7.787670612335205078e+00,5.351805210113525391e+00,8.420804977416992188e+00,8.902165412902832031e+00,6.472291469573974609e+00,5.603998661041259766e+00,4.815432071685791016e+00,7.480954527854919434e-01,9.135618209838867188e+00,1.852132320404052734e+00,3.302216231822967529e-01,4.326146602630615234e+00,5.255217075347900391e+00
1.752921600341796875e+02,5.356185436248779297e+00,7.619305610656738281e+00,5.492762565612792969e+00,8.424391746520996094e+00,8.918398857116699219e+00,6.483351707458496094e+00,5.608065605163574219e+00,4.924787521362304688e+00,9.046449661254882812e-01,9.096118927001953125e+00,1.811802506446838379e+00,3.080995678901672363e-01,4.325170516967773438e+00,5.256738185882568359e+00
1.757929840087890625e+02,5.176232814788818359e+00,7.423558235168457031e+00,5.573560714721679688e+00,8.436310768127441406e+00,8.934186935424804688e+00,6.495266437530517578e+00,5.611917495727539062e+00,5.039660930633544922e+00,1.100719571113586426e+00,9.074153900146484375e+00,1.777805089950561523e+00,2.881554663181304932e-01,4.323893547058105469e+00,5.258279800415039062e+00
1.762938232421875000e+02,4.993313312530517578e+00,7.195343494415283203e+00,5.575498104095458984e+00,8.453518867492675781e+00,8.949304580688476562e+00,6.507712364196777344e+00,5.615599632263183594e+00,5.165920734405517578e+00,1.339412450790405273e+00,9.070614814758300781e+00,1.753657579421997070e+00,2.702926695346832275e-01,4.322547435760498047e+00,5.259886741638183594e+00
1.767946624755859375e+02,4.810942649841308594e+00,6.934523582458496094e+00,5.492885589599609375e+00,8.472315788269042969e+00,8.963613510131835938e+00,6.520081520080566406e+00,5.619026184082031250e+00,5.302917003631591797e+00,1.626038789749145508e+00,9.080031394958496094e+00,1.741394281387329102e+00,2.543464303016662598e-01,4.321073532104492188e+00,5.261451244354248047e+00
1.772954864501953125e+02,4.627668857574462891e+00,6.639641761779785156e+00,5.333628654479980469e+00,8.491345405578613281e+00,8.977042198181152344e+00,6.532100677490234375e+00,5.622197151184082031e+00,5.449373245239257812e+00,1.965854287147521973e+00,9.097989082336425781e+00,1.741343498229980469e+00,2.401516288518905640e-01,4.319522380828857422e+00,5.262932300567626953e+00
1.777963256835937500e+02,4.434714317321777344e+00,6.304520130157470703e+00,5.116057395935058594e+00,8.511153221130371094e+00,8.989598274230957031e+00,6.543826103210449219e+00,5.625195980072021484e+00,5.605134963989257812e+00,2.360629081726074219e+00,9.122056961059570312e+00,1.752703189849853516e+00,2.275397777557373047e-01,4.318064212799072266e+00,5.264379024505615234e+00
1.782971649169921875e+02,4.225376605987548828e+00,5.925057888031005859e+00,4.866296768188476562e+00,8.531306266784667969e+00,9.001293182373046875e+00,6.554955005645751953e+00,5.627968788146972656e+00,5.768906593322753906e+00,2.810795545578002930e+00,9.149284362792968750e+00,1.774290084838867188e+00,2.163363397121429443e-01,4.316579341888427734e+00,5.265705585479736328e+00
1.787980041503906250e+02,3.988839864730834961e+00,5.496281623840332031e+00,4.612396240234375000e+00,8.552664756774902344e+00,9.012193679809570312e+00,6.565561294555664062e+00,5.630560874938964844e+00,5.941225051879882812e+00,3.306045293807983398e+00,9.179187774658203125e+00,1.804844737052917480e+00,2.064008563756942749e-01,4.315129280090332031e+00,5.266951560974121094e+00
1.792988281250000000e+02,3.719674348831176758e+00,5.023623943328857422e+00,4.379016399383544922e+00,8.575420379638671875e+00,9.022347450256347656e+00,6.575593471527099609e+00,5.632966995239257812e+00,6.121510505676269531e+00,3.825923681259155273e+00,9.210859298706054688e+00,1.843438029289245605e+00,1.976112574338912964e-01,4.313671588897705078e+00,5.268103599548339844e+00
1.797996673583984375e+02,3.416590929031372070e+00,4.525762557983398438e+00,4.182580947875976562e+00,8.600312232971191406e+00,9.031809806823730469e+00,6.585312843322753906e+00,5.635262489318847656e+00,6.307264328002929688e+00,4.334381103515625000e+00,9.243446350097656250e+00,1.889473199844360352e+00,1.898723244667053223e-01,4.312335968017578125e+00,5.269251823425292969e+00
1.803005065917968750e+02,3.094178438186645508e+00,4.039608955383300781e+00,4.032976150512695312e+00,8.626409530639648438e+00,9.040597915649414062e+00,6.594480991363525391e+00,5.637367725372314453e+00,6.492660999298095703e+00,4.802554607391357422e+00,9.275106430053710938e+00,1.942469120025634766e+00,1.830900162458419800e-01,4.310968399047851562e+00,5.270328044891357422e+00
1.808013305664062500e+02,2.771561145782470703e+00,3.600441455841064453e+00,3.936912059783935547e+00,8.653365135192871094e+00,9.048716545104980469e+00,6.603092193603515625e+00,5.639271736145019531e+00,6.671053886413574219e+00,5.208054065704345703e+00,9.304733276367187500e+00,2.001866579055786133e+00,1.771803498268127441e-01,4.309555053710937500e+00,5.271336078643798828e+00
1.813021697998046875e+02,2.467001438140869141e+00,3.228874921798706055e+00,3.900211811065673828e+00,8.681522369384765625e+00,9.056195259094238281e+00,6.611380100250244141e+00,5.641048908233642578e+00,6.836221218109130859e+00,5.538444995880126953e+00,9.331893920898437500e+00,2.067067861557006836e+00,1.720662266016006470e-01,4.308243751525878906e+00,5.272358894348144531e+00
1.818030090332031250e+02,2.197408199310302734e+00,2.930543899536132812e+00,3.927996397018432617e+00,8.709986686706542969e+00,9.063041687011718750e+00,6.619102001190185547e+00,5.642619609832763672e+00,6.984205722808837891e+00,5.801729202270507812e+00,9.356292724609375000e+00,2.137176990509033203e+00,1.676581352949142456e-01,4.306890487670898438e+00,5.273323059082031250e+00
1.823038330078125000e+02,1.968950867652893066e+00,2.698235273361206055e+00,4.022967338562011719e+00,8.738502502441406250e+00,9.069275856018066406e+00,6.626254558563232422e+00,5.643987655639648438e+00,7.113265037536621094e+00,6.006608009338378906e+00,9.378016471862792969e+00,2.211189031600952148e+00,1.638683080673217773e-01,4.305499076843261719e+00,5.274233341217041016e+00
1.828046722412109375e+02,1.779832363128662109e+00,2.519588947296142578e+00,4.182281970977783203e+00,8.767329216003417969e+00,9.074955940246582031e+00,6.633100986480712891e+00,5.645245075225830078e+00,7.223003864288330078e+00,6.158586502075195312e+00,9.397115707397460938e+00,2.288079261779785156e+00,1.606127470731735229e-01,4.304242610931396484e+00,5.275170803070068359e+00
1.833055114746093750e+02,1.626947879791259766e+00,2.383092880249023438e+00,4.391166210174560547e+00,8.795303344726562500e+00,9.080076217651367188e+00,6.639363288879394531e+00,5.646338462829589844e+00,7.314596652984619141e+00,6.270083427429199219e+00,9.413396835327148438e+00,2.366089820861816406e+00,1.577846407890319824e-01,4.303005218505859375e+00,5.276037216186523438e+00
1.838063507080078125e+02,1.504286646842956543e+00,2.276866436004638672e+00,4.614494800567626953e+00,8.821987152099609375e+00,9.084685325622558594e+00,6.645081520080566406e+00,5.647350788116455078e+00,7.389069557189941406e+00,6.345491886138916016e+00,9.426733016967773438e+00,2.443341970443725586e+00,1.552919447422027588e-01,4.301919460296630859e+00,5.276827335357666016e+00
1.843071746826171875e+02,1.406614542007446289e+00,2.190563440322875977e+00,4.798732280731201172e+00,8.846576690673828125e+00,9.088810920715332031e+00,6.650118827819824219e+00,5.648320198059082031e+00,7.447836399078369141e+00,6.389811992645263672e+00,9.437140464782714844e+00,2.517688035964965820e+00,1.530594527721405029e-01,4.301028728485107422e+00,5.277471542358398438e+00
1.848080139160156250e+02,1.328553318977355957e+00,2.115601062774658203e+00,4.895852088928222656e+00,8.869324684143066406e+00,9.092528343200683594e+00,6.654767036437988281e+00,5.649357795715332031e+00,7.492151260375976562e+00,6.402880191802978516e+00,9.445014953613281250e+00,2.588123083114624023e+00,1.510630398988723755e-01,4.300519943237304688e+00,5.278053283691406250e+00
1.853088531494140625e+02,1.266561269760131836e+00,2.048669576644897461e+00,4.897414684295654297e+00,8.889727592468261719e+00,9.095878601074218750e+00,6.658856391906738281e+00,5.650342464447021484e+00,7.524921894073486328e+00,6.394859790802001953e+00,9.451123237609863281e+00,2.654118061065673828e+00,1.492881029844284058e-01,4.300148963928222656e+00,5.278526306152343750e+00
1.858096771240234375e+02,1.217067718505859375e+00,1.989002466201782227e+00,4.828011035919189453e+00,8.908121109008789062e+00,9.098918914794921875e+00,6.662497043609619141e+00,5.651226043701171875e+00,7.548925876617431641e+00,6.373326778411865234e+00,9.456241607666015625e+00,2.716219425201416016e+00,1.477282643318176270e-01,4.299818992614746094e+00,5.278939723968505859e+00
1.863105163574218750e+02,1.176869511604309082e+00,1.936113238334655762e+00,4.716078758239746094e+00,8.925345420837402344e+00,9.101707458496093750e+00,6.666029930114746094e+00,5.652072429656982422e+00,7.566093444824218750e+00,6.340510845184326172e+00,9.460838317871093750e+00,2.775503396987915039e+00,1.463755965232849121e-01,4.299634456634521484e+00,5.279404163360595703e+00
1.868113555908203125e+02,1.144156932830810547e+00,1.890350103378295898e+00,4.587000846862792969e+00,8.941038131713867188e+00,9.104249954223632812e+00,6.669207096099853516e+00,5.652798652648925781e+00,7.578766345977783203e+00,6.304582595825195312e+00,9.465146064758300781e+00,2.831769466400146484e+00,1.451967060565948486e-01,4.299416065216064453e+00,5.279831409454345703e+00
1.873121795654296875e+02,1.117267966270446777e+00,1.851081013679504395e+00,4.454193115234375000e+00,8.955313682556152344e+00,9.106561660766601562e+00,6.672038555145263672e+00,5.653412342071533203e+00,7.588227748870849609e+00,6.267974853515625000e+00,9.469223022460937500e+00,2.885019779205322266e+00,1.441695392131805420e-01,4.299153327941894531e+00,5.280214309692382812e+00
1.878130187988281250e+02,1.094711661338806152e+00,1.817052602767944336e+00,4.321100234985351562e+00,8.968790054321289062e+00,9.108689308166503906e+00,6.674821376800537109e+00,5.654013633728027344e+00,7.594898700714111328e+00,6.227977275848388672e+00,9.473059654235839844e+00,2.935827255249023438e+00,1.432819366455078125e-01,4.299020290374755859e+00,5.280644893646240234e+00
1.883138580322265625e+02,1.075849056243896484e+00,1.787994742393493652e+00,4.194571018218994141e+00,8.980979919433593750e+00,9.110619544982910156e+00,6.677280902862548828e+00,5.654519557952880859e+00,7.599907875061035156e+00,6.189616680145263672e+00,9.476655960083007812e+00,2.983490943908691406e+00,1.425066143274307251e-01,4.298846721649169922e+00,5.281021118164062500e+00
1.888146972656250000e+02,1.059896469116210938e+00,1.763042330741882324e+00,4.075071811676025391e+00,8.992130279541015625e+00,9.112374305725097656e+00,6.679525375366210938e+00,5.654971599578857422e+00,7.603562355041503906e+00,6.152101039886474609e+00,9.479994773864746094e+00,3.028167247772216797e+00,1.418306380510330200e-01,4.298688888549804688e+00,5.281376361846923828e+00
1.893155212402343750e+02,1.046395182609558105e+00,1.741725325584411621e+00,3.964660406112670898e+00,9.002122879028320312e+00,9.113960266113281250e+00,6.681471347808837891e+00,5.655344486236572266e+00,7.606357097625732422e+00,6.117250442504882812e+00,9.483076095581054688e+00,3.069569587707519531e+00,1.412375718355178833e-01,4.298492431640625000e+00,5.281674861907958984e+00
1.898163604736328125e+02,1.034719228744506836e+00,1.723122358322143555e+00,3.859467267990112305e+00,9.011541366577148438e+00,9.115413665771484375e+00,6.683424949645996094e+00,5.655734539031982422e+00,7.608085632324218750e+00,6.081106185913085938e+00,9.485889434814453125e+00,3.108512639999389648e+00,1.407270878553390503e-01,4.298424243927001953e+00,5.282012939453125000e+00
1.903171997070312500e+02,1.024744153022766113e+00,1.707188844680786133e+00,3.763485908508300781e+00,9.019927024841308594e+00,9.116722106933593750e+00,6.685108184814453125e+00,5.656055450439453125e+00,7.609397411346435547e+00,6.048096656799316406e+00,9.488455772399902344e+00,3.144264698028564453e+00,1.402779370546340942e-01,4.298312187194824219e+00,5.282296180725097656e+00
1.908180236816406250e+02,1.649840831756591797e+00,8.318666458129882812e+00,4.623788833618164062e+00,8.381003379821777344e+00,8.752680778503417969e+00,7.379496574401855469e+00,5.580744743347167969e+00,1.736757040023803711e+00,3.953988850116729736e-01,3.276480436325073242e+00,5.920781135559082031e+00,1.114981293678283691e+00,4.040097236633300781e+00,5.468226909637451172e+00
1.913188629150390625e+02,2.346534490585327148e+00,8.789217948913574219e+00,3.788558959960937500e+00,9.151806831359863281e+00,8.896335601806640625e+00,6.960630893707275391e+00,5.612320899963378906e+00,1.278887987136840820e+00,2.321862280368804932e-01,5.868692874908447266e+00,4.038654327392578125e+00,7.291098833084106445e-01,4.218798160552978516e+00,5.344570636749267578e+00
1.918197021484375000e+02,4.092085838317871094e+00,8.841035842895507812e+00,3.774148941040039062e+00,8.992351531982421875e+00,8.852132797241210938e+00,6.667417526245117188e+00,5.594391822814941406e+00,2.126387834548950195e+00,1.905851662158966064e-01,8.101646423339843750e+00,2.673582553863525391e+00,6.012294292449951172e-01,4.250596046447753906e+00,5.269410133361816406e+00
1.923205413818359375e+02,4.615728378295898438e+00,8.850086212158203125e+00,4.238759994506835938e+00,8.718548774719238281e+00,8.828002929687500000e+00,6.535663127899169922e+00,5.591437816619873047e+00,3.863569974899291992e+00,1.730791330337524414e-01,8.690212249755859375e+00,2.288697957992553711e+00,5.381792783737182617e-01,4.272426128387451172e+00,5.249566555023193359e+00
1.928213653564453125e+02,4.666821479797363281e+00,8.482637405395507812e+00,4.965534210205078125e+00,8.479038238525390625e+00,8.823449134826660156e+00,6.470916748046875000e+00,5.591042041778564453e+00,5.118339538574218750e+00,1.889235377311706543e-01,8.706468582153320312e+00,2.144006013870239258e+00,4.899734854698181152e-01,4.290854930877685547e+00,5.243980407714843750e+00
1.933222045898437500e+02,4.343133926391601562e+00,7.955385684967041016e+00,5.960835456848144531e+00,8.253273963928222656e+00,8.834500312805175781e+00,6.439953327178955078e+00,5.594098567962646484e+00,5.837151050567626953e+00,2.080518156290054321e-01,8.294501304626464844e+00,2.120029211044311523e+00,4.441849291324615479e-01,4.306498527526855469e+00,5.244351387023925781e+00
1.938230438232421875e+02,4.853342056274414062e+00,7.651161670684814453e+00,5.795391559600830078e+00,8.043354988098144531e+00,8.847145080566406250e+00,6.428016662597656250e+00,5.598154544830322266e+00,5.349919795989990234e+00,3.923327326774597168e-01,6.463034629821777344e+00,1.966859698295593262e+00,4.047774970531463623e-01,4.316220283508300781e+00,5.246796131134033203e+00
1.943238677978515625e+02,5.094544887542724609e+00,7.495851993560791016e+00,5.473947048187255859e+00,8.108507156372070312e+00,8.859715461730957031e+00,6.433287620544433594e+00,5.601954460144042969e+00,5.248850822448730469e+00,6.762428283691406250e-01,5.803160190582275391e+00,1.703620791435241699e+00,3.786943554878234863e-01,4.322317123413085938e+00,5.251869678497314453e+00
1.948247070312500000e+02,5.276300430297851562e+00,7.390243530273437500e+00,5.699031352996826172e+00,8.164479255676269531e+00,8.876652717590332031e+00,6.444651603698730469e+00,5.606359004974365234e+00,5.236028194427490234e+00,1.179592490196228027e+00,5.647957801818847656e+00,1.548856377601623535e+00,3.517242670059204102e-01,4.326592445373535156e+00,5.256330013275146484e+00
1.953255462646484375e+02,5.377847671508789062e+00,7.215205192565917969e+00,6.349673271179199219e+00,8.200509071350097656e+00,8.896022796630859375e+00,6.458881378173828125e+00,5.611279010772705078e+00,5.372590541839599609e+00,2.113089084625244141e+00,5.670487880706787109e+00,1.460867404937744141e+00,3.247043788433074951e-01,4.329063892364501953e+00,5.260064125061035156e+00
1.958263702392578125e+02,5.279140472412109375e+00,6.734189033508300781e+00,6.905227184295654297e+00,8.225009918212890625e+00,8.916543006896972656e+00,6.474513530731201172e+00,5.616355895996093750e+00,5.599902629852294922e+00,3.570519685745239258e+00,5.817800998687744141e+00,1.408149480819702148e+00,2.986045181751251221e-01,4.330183982849121094e+00,5.263260364532470703e+00
1.963272094726562500e+02,4.890374660491943359e+00,5.693165302276611328e+00,6.638396263122558594e+00,8.241213798522949219e+00,8.936389923095703125e+00,6.491182804107666016e+00,5.621124267578125000e+00,5.809224605560302734e+00,4.818288326263427734e+00,6.222233772277832031e+00,1.376750946044921875e+00,2.753849923610687256e-01,4.330282211303710938e+00,5.266382217407226562e+00
1.968280487060546875e+02,4.406858921051025391e+00,4.552629947662353516e+00,6.006687164306640625e+00,8.254258155822753906e+00,8.955440521240234375e+00,6.508183479309082031e+00,5.625662803649902344e+00,6.104018211364746094e+00,5.777651309967041016e+00,6.845772266387939453e+00,1.371106147766113281e+00,2.548834383487701416e-01,4.329611301422119141e+00,5.269238471984863281e+00
1.973288879394531250e+02,3.906863689422607422e+00,3.614222526550292969e+00,5.263691902160644531e+00,8.266141891479492188e+00,8.973795890808105469e+00,6.525228023529052734e+00,5.630072116851806641e+00,6.407188415527343750e+00,6.463731765747070312e+00,7.433669090270996094e+00,1.391186594963073730e+00,2.366064637899398804e-01,4.328370571136474609e+00,5.271753787994384766e+00
1.978297119140625000e+02,3.432699441909790039e+00,2.956227064132690430e+00,4.537549495697021484e+00,8.278869628906250000e+00,8.991171836853027344e+00,6.541810035705566406e+00,5.634224414825439453e+00,6.664166450500488281e+00,6.904185771942138672e+00,7.875590801239013672e+00,1.432027220726013184e+00,2.205022126436233521e-01,4.326604366302490234e+00,5.273889064788818359e+00
1.983305511474609375e+02,3.008606910705566406e+00,2.534595012664794922e+00,3.939867019653320312e+00,8.294924736022949219e+00,9.007175445556640625e+00,6.557611942291259766e+00,5.638051986694335938e+00,6.868971347808837891e+00,7.168831825256347656e+00,8.184603691101074219e+00,1.487857222557067871e+00,2.065537571907043457e-01,4.324495315551757812e+00,5.275694370269775391e+00
1.988313903808593750e+02,8.716092109680175781e+00,1.365244507789611816e+00,8.318205833435058594e+00,9.202915191650390625e+00,9.160159111022949219e+00,6.710555553436279297e+00,5.665035247802734375e+00,3.186528384685516357e-01,8.207909584045410156e+00,3.360115766525268555e+00,4.697936177253723145e-01,1.529835760593414307e-01,4.294009685516357422e+00,5.278983116149902344e+00
1.993322143554687500e+02,9.106718063354492188e+00,7.538574218750000000e+00,7.222680568695068359e+00,8.117415428161621094e+00,8.350615501403808594e+00,7.209669589996337891e+00,5.453016281127929688e+00,7.878862619400024414e-01,5.092448234558105469e+00,3.032803297042846680e+00,6.027483463287353516e+00,1.427323341369628906e+00,3.879389762878417969e+00,5.383758544921875000e+00
1.998330535888671875e+02,8.662736892700195312e+00,5.867532253265380859e+00,3.733702182769775391e+00,9.318676948547363281e+00,8.879541397094726562e+00,7.241146087646484375e+00,5.626878738403320312e+00,3.518093228340148926e-01,2.911023378372192383e+00,4.950780868530273438e+00,4.168318748474121094e+00,9.091769456863403320e-01,4.186865806579589844e+00,5.449789047241210938e+00
2.003338928222656250e+02,8.785101890563964844e+00,8.238882064819335938e+00,2.688061952590942383e+00,9.244203567504882812e+00,8.862110137939453125e+00,6.869811534881591797e+00,5.604797363281250000e+00,3.730621635913848877e-01,2.670871734619140625e+00,8.285350799560546875e+00,2.424329757690429688e+00,7.222682237625122070e-01,4.291970252990722656e+00,5.329346179962158203e+00
2.008347320556640625e+02,8.880429267883300781e+00,9.096446990966796875e+00,3.208075761795043945e+00,9.230628013610839844e+00,8.997114181518554688e+00,6.787934303283691406e+00,5.638990879058837891e+00,2.751047015190124512e-01,7.507908344268798828e+00,6.808627605438232422e+00,8.767875432968139648e-01,4.586897492408752441e-01,4.273804187774658203e+00,5.271848201751708984e+00
2.013355560302734375e+02,8.887566566467285156e+00,9.271484375000000000e+00,2.861489295959472656e+00,9.083024024963378906e+00,8.879760742187500000e+00,6.675800800323486328e+00,5.602721691131591797e+00,3.293392956256866455e-01,5.286704540252685547e+00,8.859111785888671875e+00,1.328881740570068359e+00,5.740048885345458984e-01,4.311723232269287109e+00,5.268978118896484375e+00
2.018363952636718750e+02,8.899047851562500000e+00,9.319225311279296875e+00,2.394132137298583984e+00,9.048535346984863281e+00,8.804744720458984375e+00,6.611817836761474609e+00,5.578708171844482422e+00,3.388257622718811035e-01,4.184188842773437500e+00,9.426967620849609375e+00,2.068142414093017578e+00,6.517412662506103516e-01,4.342262744903564453e+00,5.269778728485107422e+00
2.023372344970703125e+02,8.881397247314453125e+00,9.012654304504394531e+00,2.363229274749755859e+00,9.055927276611328125e+00,8.790961265563964844e+00,6.597961425781250000e+00,5.576677322387695312e+00,3.515867888927459717e-01,3.237080097198486328e+00,9.560327529907226562e+00,2.322870731353759766e+00,6.722313761711120605e-01,4.358188629150390625e+00,5.275727272033691406e+00
2.028380584716796875e+02,8.878059387207031250e+00,8.723414421081542969e+00,2.477527618408203125e+00,9.030558586120605469e+00,8.783635139465332031e+00,6.582435607910156250e+00,5.577031135559082031e+00,3.741085529327392578e-01,2.519455194473266602e+00,9.517164230346679688e+00,2.498492717742919922e+00,6.750391721725463867e-01,4.360923767089843750e+00,5.278596401214599609e+00
2.033388977050781250e+02,8.880434036254882812e+00,8.566934585571289062e+00,2.615643024444580078e+00,8.984613418579101562e+00,8.778908729553222656e+00,6.566764831542968750e+00,5.577962398529052734e+00,4.033980369567871094e-01,1.996346592903137207e+00,9.462409973144531250e+00,2.602734565734863281e+00,6.718848943710327148e-01,4.359320163726806641e+00,5.279802799224853516e+00
2.038397369384765625e+02,8.895542144775390625e+00,8.533678054809570312e+00,2.775912523269653320e+00,8.925485610961914062e+00,8.776265144348144531e+00,6.549915313720703125e+00,5.579623699188232422e+00,4.302518367767333984e-01,1.621293544769287109e+00,9.396278381347656250e+00,2.679978847503662109e+00,6.633600592613220215e-01,4.356427192687988281e+00,5.279948234558105469e+00
2.043405609130859375e+02,8.937308311462402344e+00,8.557559013366699219e+00,2.953688144683837891e+00,8.858614921569824219e+00,8.775774002075195312e+00,6.532446861267089844e+00,5.581634044647216797e+00,4.468529820442199707e-01,1.342607975006103516e+00,9.333236694335937500e+00,2.736464023590087891e+00,6.501573920249938965e-01,4.353490829467773438e+00,5.279169082641601562e+00
2.048414001464843750e+02,8.967214584350585938e+00,8.604469299316406250e+00,3.145746469497680664e+00,8.787957191467285156e+00,8.777469635009765625e+00,6.515515804290771484e+00,5.583791255950927734e+00,4.538902640342712402e-01,1.129284620285034180e+00,9.273948669433593750e+00,2.776290893554687500e+00,6.329997181892395020e-01,4.351164817810058594e+00,5.277740478515625000e+00
2.053422393798828125e+02,8.524831771850585938e+00,8.660293579101562500e+00,3.350796461105346680e+00,8.716385841369628906e+00,8.781311035156250000e+00,6.499895572662353516e+00,5.586071014404296875e+00,4.556403458118438721e-01,9.626515507698059082e-01,9.217625617980957031e+00,2.804088592529296875e+00,6.125876903533935547e-01,4.349593162536621094e+00,5.275954723358154297e+00
2.058430786132812500e+02,7.762754917144775391e+00,8.721414566040039062e+00,3.563216447830200195e+00,8.646893501281738281e+00,8.787096977233886719e+00,6.486372470855712891e+00,5.588660240173339844e+00,4.576367139816284180e-01,8.297988772392272949e-01,9.167900085449218750e+00,2.816009998321533203e+00,5.898548960685729980e-01,4.348620891571044922e+00,5.274299621582031250e+00
2.063439025878906250e+02,7.892364978790283203e+00,8.797964096069335938e+00,3.781651496887207031e+00,8.577858924865722656e+00,8.794523239135742188e+00,6.474822521209716797e+00,5.591197967529296875e+00,6.966207027435302734e-01,7.192909121513366699e-01,9.119263648986816406e+00,2.818011999130249023e+00,5.654493570327758789e-01,4.347857952117919922e+00,5.272604942321777344e+00
2.068447418212890625e+02,7.710612297058105469e+00,8.864583015441894531e+00,4.003193855285644531e+00,8.513037681579589844e+00,8.803544044494628906e+00,6.466412067413330078e+00,5.593917369842529297e+00,1.040035009384155273e+00,6.263232231140136719e-01,9.072086334228515625e+00,2.806898593902587891e+00,5.399597287178039551e-01,4.347571849822998047e+00,5.271197319030761719e+00
2.073455810546875000e+02,7.576889991760253906e+00,8.927576065063476562e+00,4.234681606292724609e+00,8.448982238769531250e+00,8.814205169677734375e+00,6.460603713989257812e+00,5.597025871276855469e+00,1.439042687416076660e+00,5.503540635108947754e-01,9.022074699401855469e+00,2.788675069808959961e+00,5.134891867637634277e-01,4.347364902496337891e+00,5.270221233367919922e+00
2.078464050292968750e+02,7.466431140899658203e+00,8.986882209777832031e+00,4.477460861206054688e+00,8.383529663085937500e+00,8.826337814331054688e+00,6.457211017608642578e+00,5.600396156311035156e+00,2.019948959350585938e+00,4.849919080734252930e-01,8.963958740234375000e+00,2.767242193222045898e+00,4.863986968994140625e-01,4.347124099731445312e+00,5.269585609436035156e+00
2.083472442626953125e+02,7.294749259948730469e+00,9.024378776550292969e+00,4.735214233398437500e+00,8.313578605651855469e+00,8.839825630187988281e+00,6.456123352050781250e+00,5.603977203369140625e+00,2.821000099182128906e+00,4.247913360595703125e-01,8.889023780822753906e+00,2.745773792266845703e+00,4.588462710380554199e-01,4.346883296966552734e+00,5.269218444824218750e+00
2.088480834960937500e+02,7.011758327484130859e+00,8.986322402954101562e+00,5.013469219207763672e+00,8.228857994079589844e+00,8.854557037353515625e+00,6.456897735595703125e+00,5.607572078704833984e+00,3.635955333709716797e+00,3.729954957962036133e-01,8.767459869384765625e+00,2.722951173782348633e+00,4.306420981884002686e-01,4.346216678619384766e+00,5.268974304199218750e+00
2.093489074707031250e+02,6.642339706420898438e+00,8.817050933837890625e+00,5.210587024688720703e+00,8.111897468566894531e+00,8.869485855102539062e+00,6.459824085235595703e+00,5.611045360565185547e+00,4.165476322174072266e+00,3.399246931076049805e-01,8.470090866088867188e+00,2.659329414367675781e+00,4.027231335639953613e-01,4.344258785247802734e+00,5.268982887268066406e+00
2.098497467041015625e+02,6.250008583068847656e+00,8.556619644165039062e+00,5.147450447082519531e+00,8.012054443359375000e+00,8.883426666259765625e+00,6.464375019073486328e+00,5.614812850952148438e+00,4.476990222930908203e+00,3.287871778011322021e-01,7.970530509948730469e+00,2.532585144042968750e+00,3.778647780418395996e-01,4.341977596282958984e+00,5.269316196441650391e+00
2.103505859375000000e+02,5.870086669921875000e+00,8.283858299255371094e+00,4.956714630126953125e+00,7.979348182678222656e+00,8.897271156311035156e+00,6.470368385314941406e+00,5.618672847747802734e+00,4.787201881408691406e+00,3.291252851486206055e-01,7.510625362396240234e+00,2.381357669830322266e+00,3.557504713535308838e-01,4.339588642120361328e+00,5.270167350769042969e+00
2.108514251708984375e+02,5.480955123901367188e+00,7.969493389129638672e+00,4.781386852264404297e+00,7.991588115692138672e+00,8.911765098571777344e+00,6.478043556213378906e+00,5.622549057006835938e+00,5.165416240692138672e+00,3.293300271034240723e-01,7.182018756866455078e+00,2.235486984252929688e+00,3.349420428276062012e-01,4.337187767028808594e+00,5.271462440490722656e+00
2.113522491455078125e+02,4.933498382568359375e+00,7.490158557891845703e+00,4.625013828277587891e+00,8.018391609191894531e+00,8.927096366882324219e+00,6.486765384674072266e+00,5.626574516296386719e+00,5.625362873077392578e+00,3.059375286102294922e-01,6.895867347717285156e+00,2.105360746383666992e+00,3.148122131824493408e-01,4.334666252136230469e+00,5.273056983947753906e+00
2.118530883789062500e+02,4.886062145233154297e+00,7.282792568206787109e+00,4.561086177825927734e+00,8.044848442077636719e+00,8.940398216247558594e+00,6.495693683624267578e+00,5.630390644073486328e+00,5.580994606018066406e+00,3.899694681167602539e-01,6.783279895782470703e+00,2.005639791488647461e+00,2.960281670093536377e-01,4.331911087036132812e+00,5.274779319763183594e+00
2.123539276123046875e+02,4.871032238006591797e+00,7.157965660095214844e+00,4.555345535278320312e+00,8.073881149291992188e+00,8.953725814819335938e+00,6.505996227264404297e+00,5.634272098541259766e+00,5.559106349945068359e+00,5.013526082038879395e-01,6.755900382995605469e+00,1.927246093750000000e+00,2.782717049121856689e-01,4.329668998718261719e+00,5.276679039001464844e+00
2.128547515869140625e+02,4.874980926513671875e+00,7.098062992095947266e+00,4.587951183319091797e+00,8.101542472839355469e+00,8.966916084289550781e+00,6.517125129699707031e+00,5.637992382049560547e+00,5.538750648498535156e+00,6.514596343040466309e-01,6.784796714782714844e+00,1.867612361907958984e+00,2.616757452487945557e-01,4.327726364135742188e+00,5.278527259826660156e+00
2.133555908203125000e+02,4.880640983581542969e+00,7.051394462585449219e+00,4.642141819000244141e+00,8.127579689025878906e+00,8.979767799377441406e+00,6.528894901275634766e+00,5.641606807708740234e+00,5.523240566253662109e+00,8.472884893417358398e-01,6.859655380249023438e+00,1.823657393455505371e+00,2.463343888521194458e-01,4.326083660125732422e+00,5.280382633209228516e+00
2.138564300537109375e+02,4.877497673034667969e+00,6.988514900207519531e+00,4.693922996520996094e+00,8.152253150939941406e+00,8.992141723632812500e+00,6.540868282318115234e+00,5.645087718963623047e+00,5.519013881683349609e+00,1.096775293350219727e+00,6.976450920104980469e+00,1.792865395545959473e+00,2.323034703731536865e-01,4.324580192565917969e+00,5.282234191894531250e+00
2.143572692871093750e+02,4.857877254486083984e+00,6.890101909637451172e+00,4.716794967651367188e+00,8.176717758178710938e+00,9.003955841064453125e+00,6.552917003631591797e+00,5.648474693298339844e+00,5.531852722167968750e+00,1.408680558204650879e+00,7.135128021240234375e+00,1.773430705070495605e+00,2.195936739444732666e-01,4.323255062103271484e+00,5.284130573272705078e+00
2.148580932617187500e+02,4.816354274749755859e+00,6.741150856018066406e+00,4.696368217468261719e+00,8.202054023742675781e+00,9.015193939208984375e+00,6.564835071563720703e+00,5.651743412017822266e+00,5.566800594329833984e+00,1.794961214065551758e+00,7.330807685852050781e+00,1.763934373855590820e+00,2.081634253263473511e-01,4.322074413299560547e+00,5.286044120788574219e+00
2.153589324951171875e+02,4.742016792297363281e+00,6.519204616546630859e+00,4.637228488922119141e+00,8.230084419250488281e+00,9.025886535644531250e+00,6.576724052429199219e+00,5.654961109161376953e+00,5.631602287292480469e+00,2.268696784973144531e+00,7.554744720458984375e+00,1.763050436973571777e+00,1.979275494813919067e-01,4.321176052093505859e+00,5.288020133972167969e+00
2.158597717285156250e+02,4.624733924865722656e+00,6.202944278717041016e+00,4.550813674926757812e+00,8.261301040649414062e+00,9.036113739013671875e+00,6.588288307189941406e+00,5.658039093017578125e+00,5.733325958251953125e+00,2.842542648315429688e+00,7.791005611419677734e+00,1.769864797592163086e+00,1.887785643339157104e-01,4.320416927337646484e+00,5.289956569671630859e+00
2.163605957031250000e+02,4.450932979583740234e+00,5.771202564239501953e+00,4.450277805328369141e+00,8.295766830444335938e+00,9.045914649963378906e+00,6.599427700042724609e+00,5.660944938659667969e+00,5.876873970031738281e+00,3.507177591323852539e+00,8.022963523864746094e+00,1.784039974212646484e+00,1.806103885173797607e-01,4.319736480712890625e+00,5.291809082031250000e+00
2.168614349365234375e+02,4.208399772644042969e+00,5.219911098480224609e+00,4.350297451019287109e+00,8.333092689514160156e+00,9.055300712585449219e+00,6.610255241394042969e+00,5.663708686828613281e+00,6.059107780456542969e+00,4.209821701049804688e+00,8.235423088073730469e+00,1.805584788322448730e+00,1.733338832855224609e-01,4.319161891937255859e+00,5.293603897094726562e+00
2.173622741699218750e+02,3.901432752609252930e+00,4.589971065521240234e+00,4.265430927276611328e+00,8.370768547058105469e+00,9.064188957214355469e+00,6.620430469512939453e+00,5.666203498840332031e+00,6.265374183654785156e+00,4.880503177642822266e+00,8.414427757263183594e+00,1.834171056747436523e+00,1.668697893619537354e-01,4.318432807922363281e+00,5.295223236083984375e+00
2.178630981445312500e+02,3.547757387161254883e+00,3.956923961639404297e+00,4.207328796386718750e+00,8.407002449035644531e+00,9.072473526000976562e+00,6.629841327667236328e+00,5.668400764465332031e+00,6.476558685302734375e+00,5.459821224212646484e+00,8.556931495666503906e+00,1.868962645530700684e+00,1.611483991146087646e-01,4.317466735839843750e+00,5.296637535095214844e+00
2.183639373779296875e+02,3.175172090530395508e+00,3.395648002624511719e+00,4.185303688049316406e+00,8.441723823547363281e+00,9.080106735229492188e+00,6.638700485229492188e+00,5.670383930206298828e+00,6.676616191864013672e+00,5.920897960662841797e+00,8.669002532958984375e+00,1.909078478813171387e+00,1.561131030321121216e-01,4.316398620605468750e+00,5.297945499420166016e+00
2.188647766113281250e+02,2.817418813705444336e+00,2.946384906768798828e+00,4.207977294921875000e+00,8.474659919738769531e+00,9.087095260620117188e+00,6.646839618682861328e+00,5.672109127044677734e+00,6.856618881225585938e+00,6.277811527252197266e+00,8.758837699890136719e+00,1.953779578208923340e+00,1.517060995101928711e-01,4.315153121948242188e+00,5.299108028411865234e+00
2.193656158447265625e+02,2.495982885360717773e+00,2.607362985610961914e+00,4.283149719238281250e+00,8.506705284118652344e+00,9.093484878540039062e+00,6.654411792755126953e+00,5.673631668090820312e+00,7.013771057128906250e+00,6.547996044158935547e+00,8.833518028259277344e+00,2.002410411834716797e+00,1.478770673274993896e-01,4.313836574554443359e+00,5.300189495086669922e+00
2.198664398193359375e+02,2.221244812011718750e+00,2.358925104141235352e+00,4.415957927703857422e+00,8.538021087646484375e+00,9.099311828613281250e+00,6.661379337310791016e+00,5.674940109252929688e+00,7.148512840270996094e+00,6.751591682434082031e+00,8.896521568298339844e+00,2.054016828536987305e+00,1.445634961128234863e-01,4.312440395355224609e+00,5.301190853118896484e+00
2.203672790527343750e+02,1.992499113082885742e+00,2.177663087844848633e+00,4.606550693511962891e+00,8.569140434265136719e+00,9.104603767395019531e+00,6.667994499206542969e+00,5.676122665405273438e+00,7.262042045593261719e+00,6.899763107299804688e+00,8.949512481689453125e+00,2.107487916946411133e+00,1.416998803615570068e-01,4.311126232147216797e+00,5.302192211151123047e+00
2.208681182861328125e+02,1.806825518608093262e+00,2.045577764511108398e+00,4.844914913177490234e+00,8.599086761474609375e+00,9.109375000000000000e+00,6.674012184143066406e+00,5.677131175994873047e+00,7.356216430664062500e+00,7.007781982421875000e+00,8.993138313293457031e+00,2.161383152008056641e+00,1.392038464546203613e-01,4.309805393218994141e+00,5.303105354309082031e+00
2.213689422607421875e+02,1.657938718795776367e+00,1.947293519973754883e+00,5.105945110321044922e+00,8.627321243286132812e+00,9.113642692565917969e+00,6.679393291473388672e+00,5.678016185760498047e+00,7.432540416717529297e+00,7.082871913909912109e+00,9.028077125549316406e+00,2.214220523834228516e+00,1.369969248771667480e-01,4.308554172515869141e+00,5.303903579711914062e+00
2.218697814941406250e+02,1.538743615150451660e+00,1.869149565696716309e+00,5.347626209259033203e+00,8.653808593750000000e+00,9.117455482482910156e+00,6.684331893920898438e+00,5.678931713104248047e+00,7.492006778717041016e+00,7.125154495239257812e+00,9.055037498474121094e+00,2.264706373214721680e+00,1.350188553333282471e-01,4.307628631591796875e+00,5.304625988006591797e+00
2.223706207275390625e+02,1.444463968276977539e+00,1.802051663398742676e+00,5.525097370147705078e+00,8.677498817443847656e+00,9.120855331420898438e+00,6.688580036163330078e+00,5.679856777191162109e+00,7.536392211914062500e+00,7.139902114868164062e+00,9.074948310852050781e+00,2.311621904373168945e+00,1.332261264324188232e-01,4.306958198547363281e+00,5.305171966552734375e+00
2.228714599609375000e+02,1.369949102401733398e+00,1.740203857421875000e+00,5.616293907165527344e+00,8.698527336120605469e+00,9.123897552490234375e+00,6.692308902740478516e+00,5.680800437927246094e+00,7.567740440368652344e+00,7.129446983337402344e+00,9.089451789855957031e+00,2.354806900024414062e+00,1.316117793321609497e-01,4.306543350219726562e+00,5.305596351623535156e+00
2.233722839355468750e+02,1.311154246330261230e+00,1.682944416999816895e+00,5.631752490997314453e+00,8.717042922973632812e+00,9.126635551452636719e+00,6.695565223693847656e+00,5.681680202484130859e+00,7.589015960693359375e+00,7.101718425750732422e+00,9.100487709045410156e+00,2.394705533981323242e+00,1.301736533641815186e-01,4.306220531463623047e+00,5.305931568145751953e+00
2.238731231689453125e+02,1.264055490493774414e+00,1.630355715751647949e+00,5.595399856567382812e+00,8.734031677246093750e+00,9.129126548767089844e+00,6.698697090148925781e+00,5.682535171508789062e+00,7.602661609649658203e+00,7.060519695281982422e+00,9.109595298767089844e+00,2.432249069213867188e+00,1.289092451333999634e-01,4.306048393249511719e+00,5.306302547454833984e+00
2.243739624023437500e+02,1.226306080818176270e+00,1.584119915962219238e+00,5.532395362854003906e+00,8.749309539794921875e+00,9.131386756896972656e+00,6.701504707336425781e+00,5.683271884918212891e+00,7.611349105834960938e+00,7.015217304229736328e+00,9.117691040039062500e+00,2.467638969421386719e+00,1.277983039617538452e-01,4.305841922760009766e+00,5.306641101837158203e+00
2.248747863769531250e+02,1.195726037025451660e+00,1.544208884239196777e+00,5.458337306976318359e+00,8.763097763061523438e+00,9.133437156677246094e+00,6.704004287719726562e+00,5.683895587921142578e+00,7.616704463958740234e+00,6.969410419464111328e+00,9.125166893005371094e+00,2.501040220260620117e+00,1.268220692873001099e-01,4.305590152740478516e+00,5.306943893432617188e+00
2.253756256103515625e+02,1.159412741661071777e+00,1.487803459167480469e+00,5.396687984466552734e+00,8.779132843017578125e+00,9.135537147521972656e+00,6.706552028656005859e+00,5.684533119201660156e+00,7.623129367828369141e+00,6.938644409179687500e+00,9.129868507385253906e+00,2.521687030792236328e+00,1.259533166885375977e-01,4.305485248565673828e+00,5.307290077209472656e+00
2.258764648437500000e+02,1.134511470794677734e+00,1.450232863426208496e+00,5.327465534210205078e+00,8.792012214660644531e+00,9.137321472167968750e+00,6.708758354187011719e+00,5.685055255889892578e+00,7.625456333160400391e+00,6.901202678680419922e+00,9.135375022888183594e+00,2.546497344970703125e+00,1.251955032348632812e-01,4.305316448211669922e+00,5.307592391967773438e+00
2.263772888183593750e+02,1.114188909530639648e+00,1.419210791587829590e+00,5.261518478393554688e+00,8.803416252136230469e+00,9.138925552368164062e+00,6.710677623748779297e+00,5.685492038726806641e+00,7.626413822174072266e+00,6.866206645965576172e+00,9.140612602233886719e+00,2.570037603378295898e+00,1.245272830128669739e-01,4.305105209350585938e+00,5.307847023010253906e+00
2.268781280517578125e+02,1.096792340278625488e+00,1.392014265060424805e+00,5.198962211608886719e+00,8.814141273498535156e+00,9.140386581420898438e+00,6.712586402893066406e+00,5.685931205749511719e+00,7.626213073730468750e+00,6.831012725830078125e+00,9.145486831665039062e+00,2.592127799987792969e+00,1.239438056945800781e-01,4.305008411407470703e+00,5.308140754699707031e+00
2.273789672851562500e+02,1.082142949104309082e+00,1.368979573249816895e+00,5.143830299377441406e+00,8.823727607727050781e+00,9.141700744628906250e+00,6.714217662811279297e+00,5.686312675476074219e+00,7.625500679016113281e+00,6.799711704254150391e+00,9.150087356567382812e+00,2.612605094909667969e+00,1.234280019998550415e-01,4.304895877838134766e+00,5.308372974395751953e+00
2.278798065185546875e+02,1.069693446159362793e+00,1.349355340003967285e+00,5.098357200622558594e+00,8.832471847534179688e+00,9.142890930175781250e+00,6.715669631958007812e+00,5.686683654785156250e+00,7.624410152435302734e+00,6.771729946136474609e+00,9.154529571533203125e+00,2.631741762161254883e+00,1.229738369584083557e-01,4.304826259613037109e+00,5.308563709259033203e+00
2.283806304931640625e+02,1.059188961982727051e+00,1.333013415336608887e+00,5.065771579742431641e+00,8.840308189392089844e+00,9.143959045410156250e+00,6.716931343078613281e+00,5.686930179595947266e+00,7.623242378234863281e+00,6.748832702636718750e+00,9.158929824829101562e+00,2.649591207504272461e+00,1.225715354084968567e-01,4.304661273956298828e+00,5.308755874633789062e+00
2.288814697265625000e+02,1.049823999404907227e+00,1.318113446235656738e+00,5.034174919128417969e+00,8.847756385803222656e+00,9.144944190979003906e+00,6.718300819396972656e+00,5.687187671661376953e+00,7.621608257293701172e+00,6.724686145782470703e+00,9.162894248962402344e+00,2.666184902191162109e+00,1.222205907106399536e-01,4.304543018341064453e+00,5.308997154235839844e+00
2.293823089599609375e+02,1.041901469230651855e+00,1.305413484573364258e+00,4.997623443603515625e+00,8.854142189025878906e+00,9.145810127258300781e+00,6.719400405883789062e+00,5.687416076660156250e+00,7.619889259338378906e+00,6.701214313507080078e+00,9.166222572326660156e+00,2.681180000305175781e+00,1.219071671366691589e-01,4.304446220397949219e+00,5.309170246124267578e+00
2.298831329345703125e+02,3.690697669982910156e+00,8.794719696044921875e+00,1.245137929916381836e+00,9.657254219055175781e+00,9.388673782348632812e+00,7.377192974090576172e+00,5.771638870239257812e+00,3.858904838562011719e+00,2.445826977491378784e-01,4.343044757843017578e+00,8.695866584777832031e+00,3.631783723831176758e-01,4.458568572998046875e+00,5.508896827697753906e+00
2.303839721679687500e+02,1.828037858009338379e+00,8.883869171142578125e+00,2.514705181121826172e+00,9.347418785095214844e+00,9.117339134216308594e+00,7.029412269592285156e+00,5.695540904998779297e+00,1.205687999725341797e+00,1.969730854034423828e-01,7.771607398986816406e+00,4.223426342010498047e+00,3.755027353763580322e-01,4.327159404754638672e+00,5.369153976440429688e+00
2.308848114013671875e+02,9.512649178504943848e-01,8.847696304321289062e+00,2.759594202041625977e+00,9.380160331726074219e+00,9.075410842895507812e+00,6.916717529296875000e+00,5.671084880828857422e+00,1.045673489570617676e+00,2.092914730310440063e-01,7.964410781860351562e+00,3.417447090148925781e+00,3.956759274005889893e-01,4.308999538421630859e+00,5.341305255889892578e+00
2.313856353759765625e+02,3.095418691635131836e+00,8.770645141601562500e+00,3.038251876831054688e+00,9.253507614135742188e+00,9.034568786621093750e+00,6.780169963836669922e+00,5.654548645019531250e+00,1.969774127006530762e+00,2.120525389909744263e-01,8.463571548461914062e+00,2.866241455078125000e+00,3.766357302665710449e-01,4.299327850341796875e+00,5.310694694519042969e+00
2.318864746093750000e+02,4.117511272430419922e+00,8.659673690795898438e+00,3.427143573760986328e+00,9.051254272460937500e+00,9.003494262695312500e+00,6.677343845367431641e+00,5.647866725921630859e+00,3.292686462402343750e+00,2.120894938707351685e-01,8.762678146362304688e+00,2.554563760757446289e+00,3.509290814399719238e-01,4.297313213348388672e+00,5.293723106384277344e+00
2.323873138427734375e+02,4.430367469787597656e+00,8.499067306518554688e+00,3.953973054885864258e+00,8.835634231567382812e+00,8.985142707824707031e+00,6.608945846557617188e+00,5.643814086914062500e+00,4.714526653289794922e+00,2.218357175588607788e-01,8.850581169128417969e+00,2.386100530624389648e+00,3.251878023147583008e-01,4.299639225006103516e+00,5.283698081970214844e+00
2.328881530761718750e+02,4.625898838043212891e+00,8.140173912048339844e+00,4.642443656921386719e+00,8.606863975524902344e+00,8.977282524108886719e+00,6.566664695739746094e+00,5.641963958740234375e+00,5.313126087188720703e+00,2.750304341316223145e-01,8.763948440551757812e+00,2.300541400909423828e+00,3.000695407390594482e-01,4.304146766662597656e+00,5.278420448303222656e+00
2.333889770507812500e+02,4.527022838592529297e+00,7.516134262084960938e+00,5.581892013549804688e+00,8.366427421569824219e+00,8.981233596801757812e+00,6.544111728668212891e+00,5.643177032470703125e+00,5.759387493133544922e+00,3.264534175395965576e-01,8.407456398010253906e+00,2.251967906951904297e+00,2.736476659774780273e-01,4.310430526733398438e+00,5.276926994323730469e+00
2.338898162841796875e+02,4.403356075286865234e+00,6.790016174316406250e+00,5.557627201080322266e+00,8.151967048645019531e+00,8.986717224121093750e+00,6.538054466247558594e+00,5.646103382110595703e+00,5.896123409271240234e+00,4.625520706176757812e-01,6.886087417602539062e+00,1.997907042503356934e+00,2.533415257930755615e-01,4.313999176025390625e+00,5.278143405914306641e+00
2.343906555175781250e+02,4.658386707305908203e+00,6.773451328277587891e+00,5.363313198089599609e+00,8.154666900634765625e+00,8.991526603698730469e+00,6.541781425476074219e+00,5.648551940917968750e+00,5.714636802673339844e+00,8.514217138290405273e-01,6.288760662078857422e+00,1.787724614143371582e+00,2.408230900764465332e-01,4.317937850952148438e+00,5.281245708465576172e+00
2.348914794921875000e+02,4.820795059204101562e+00,6.690739631652832031e+00,5.366252422332763672e+00,8.178058624267578125e+00,8.999705314636230469e+00,6.550060272216796875e+00,5.651381492614746094e+00,5.639255523681640625e+00,1.498469114303588867e+00,6.136378765106201172e+00,1.665367841720581055e+00,2.281757891178131104e-01,4.320947170257568359e+00,5.284523010253906250e+00
2.353923187255859375e+02,4.472314834594726562e+00,5.862527847290039062e+00,5.256856441497802734e+00,8.218497276306152344e+00,9.037434577941894531e+00,6.400038719177246094e+00,5.691625118255615234e+00,5.940000534057617188e+00,2.188374042510986328e+00,6.021456718444824219e+00,1.585562825202941895e+00,1.886940151453018188e-01,4.802955150604248047e+00,5.405254840850830078e+00
2.358931579589843750e+02,4.437902450561523438e+00,5.355410575866699219e+00,5.375521183013916016e+00,8.230648994445800781e+00,9.041686058044433594e+00,6.523408889770507812e+00,5.669885635375976562e+00,6.054129600524902344e+00,3.992902994155883789e+00,6.182840347290039062e+00,1.554047822952270508e+00,1.853726655244827271e-01,4.609070301055908203e+00,5.399991989135742188e+00
2.363939971923828125e+02,4.124361515045166016e+00,4.209771633148193359e+00,5.245239257812500000e+00,8.234375000000000000e+00,9.048865318298339844e+00,6.556481361389160156e+00,5.665410995483398438e+00,6.326747894287109375e+00,5.842594146728515625e+00,6.511433124542236328e+00,1.549224615097045898e+00,1.791966110467910767e-01,4.491213798522949219e+00,5.365484714508056641e+00
2.368948211669921875e+02,3.658420085906982422e+00,3.124634742736816406e+00,4.984612464904785156e+00,8.241753578186035156e+00,9.057579040527343750e+00,6.583837032318115234e+00,5.668644905090332031e+00,6.623989105224609375e+00,6.867949485778808594e+00,6.908009052276611328e+00,1.566573739051818848e+00,1.720622032880783081e-01,4.425478935241699219e+00,5.342535018920898438e+00
2.373956604003906250e+02,3.214363813400268555e+00,2.454195976257324219e+00,4.735797882080078125e+00,8.252340316772460938e+00,9.066923141479492188e+00,6.605960845947265625e+00,5.672749042510986328e+00,6.870010375976562500e+00,7.400773048400878906e+00,7.270202159881591797e+00,1.600112915039062500e+00,1.649039536714553833e-01,4.386065006256103516e+00,5.328857421875000000e+00
2.378964996337890625e+02,2.835962057113647461e+00,2.078625440597534180e+00,4.558276176452636719e+00,8.267230033874511719e+00,9.076327323913574219e+00,6.624018669128417969e+00,5.676455497741699219e+00,7.062173843383789062e+00,7.692584037780761719e+00,7.570637702941894531e+00,1.644160151481628418e+00,1.582295447587966919e-01,4.361565113067626953e+00,5.321096897125244141e+00
2.383973236083984375e+02,2.522503852844238281e+00,1.863304138183593750e+00,4.469671726226806641e+00,8.287193298339843750e+00,9.085378646850585938e+00,6.639009952545166016e+00,5.679584503173828125e+00,7.211753845214843750e+00,7.857459545135498047e+00,7.811380863189697266e+00,1.694734334945678711e+00,1.522628068923950195e-01,4.345897197723388672e+00,5.316895484924316406e+00
2.388981628417968750e+02,2.263940572738647461e+00,1.734709739685058594e+00,4.474637508392333984e+00,8.312595367431640625e+00,9.093789100646972656e+00,6.651820659637451172e+00,5.682218074798583984e+00,7.328447818756103516e+00,7.948620319366455078e+00,8.003205299377441406e+00,1.749325752258300781e+00,1.470608413219451904e-01,4.335618019104003906e+00,5.314842224121093750e+00
2.393990020751953125e+02,2.053685426712036133e+00,1.657305717468261719e+00,4.575343608856201172e+00,8.342542648315429688e+00,9.101414680480957031e+00,6.662742137908935547e+00,5.684336662292480469e+00,7.420027732849121094e+00,7.998466014862060547e+00,8.160717010498046875e+00,1.806720614433288574e+00,1.425953060388565063e-01,4.328470706939697266e+00,5.313993453979492188e+00
2.398998260498046875e+02,1.883854866027832031e+00,1.612376809120178223e+00,4.773734092712402344e+00,8.376690864562988281e+00,9.108259201049804688e+00,6.672239303588867188e+00,5.686013698577880859e+00,7.492823600769042969e+00,8.025793075561523438e+00,8.297547340393066406e+00,1.866505026817321777e+00,1.388144344091415405e-01,4.323203563690185547e+00,5.313879489898681641e+00
2.404006652832031250e+02,1.744411945343017578e+00,1.589493155479431152e+00,5.069900512695312500e+00,8.415222167968750000e+00,9.114377021789550781e+00,6.680875301361083984e+00,5.687363624572753906e+00,7.552046775817871094e+00,8.039696693420410156e+00,8.421337127685546875e+00,1.928389191627502441e+00,1.356464773416519165e-01,4.319178104400634766e+00,5.314309120178222656e+00
2.409015045166015625e+02,1.628229260444641113e+00,1.583812236785888672e+00,5.450591087341308594e+00,8.456879615783691406e+00,9.119799613952636719e+00,6.688584327697753906e+00,5.688341140747070312e+00,7.601811885833740234e+00,8.046835899353027344e+00,8.534316062927246094e+00,1.991662025451660156e+00,1.329700797796249390e-01,4.315814971923828125e+00,5.315023422241210938e+00
2.414023437500000000e+02,1.529819011688232422e+00,1.587299227714538574e+00,5.861507415771484375e+00,8.499893188476562500e+00,9.124567031860351562e+00,6.695374488830566406e+00,5.689121723175048828e+00,7.642826080322265625e+00,8.045176506042480469e+00,8.633859634399414062e+00,2.054641008377075195e+00,1.306235790252685547e-01,4.313090324401855469e+00,5.315831661224365234e+00
2.419031677246093750e+02,1.446958184242248535e+00,1.586231350898742676e+00,6.201069831848144531e+00,8.540745735168457031e+00,9.128715515136718750e+00,6.700911521911621094e+00,5.689986228942871094e+00,7.673157215118408203e+00,8.025791168212890625e+00,8.714236259460449219e+00,2.114244461059570312e+00,1.284609884023666382e-01,4.311226844787597656e+00,5.316428184509277344e+00
2.424040069580078125e+02,1.378064513206481934e+00,1.565635323524475098e+00,6.381811141967773438e+00,8.576665878295898438e+00,9.132335662841796875e+00,6.705417156219482422e+00,5.691185474395751953e+00,7.690310001373291016e+00,7.975517749786376953e+00,8.771635055541992188e+00,2.167663097381591797e+00,1.264597177505493164e-01,4.310430049896240234e+00,5.316760540008544922e+00
2.429048461914062500e+02,1.322640895843505859e+00,1.526975274085998535e+00,6.406994342803955078e+00,8.606262207031250000e+00,9.135518074035644531e+00,6.709081172943115234e+00,5.692465782165527344e+00,7.696148872375488281e+00,7.897235870361328125e+00,8.809665679931640625e+00,2.214400529861450195e+00,1.246752515435218811e-01,4.310153484344482422e+00,5.316904544830322266e+00
2.434056701660156250e+02,1.278189182281494141e+00,1.480611085891723633e+00,6.338492870330810547e+00,8.630861282348632812e+00,9.138353347778320312e+00,6.712290763854980469e+00,5.693608760833740234e+00,7.694856166839599609e+00,7.803460597991943359e+00,8.835698127746582031e+00,2.255846261978149414e+00,1.231396272778511047e-01,4.309968471527099609e+00,5.317037105560302734e+00
2.439065093994140625e+02,1.236846923828125000e+00,1.426160097122192383e+00,6.237552642822265625e+00,8.654145240783691406e+00,9.141015052795410156e+00,6.715487480163574219e+00,5.694645404815673828e+00,7.690574169158935547e+00,7.706895828247070312e+00,8.854540824890136719e+00,2.290192604064941406e+00,1.218358129262924194e-01,4.309886455535888672e+00,5.317295551300048828e+00
2.444073486328125000e+02,1.195322513580322266e+00,1.168596267700195312e+00,6.417475223541259766e+00,8.666039466857910156e+00,9.159546852111816406e+00,6.564957141876220703e+00,5.747796535491943359e+00,7.704340934753417969e+00,7.758843421936035156e+00,8.639958381652832031e+00,2.195911884307861328e+00,1.074469760060310364e-01,4.832460403442382812e+00,5.446822643280029297e+00
2.449081878662109375e+02,1.164349436759948730e+00,1.146783709526062012e+00,6.292258739471435547e+00,8.683540344238281250e+00,9.157964706420898438e+00,6.684364318847656250e+00,5.717326641082763672e+00,7.690642356872558594e+00,7.652040004730224609e+00,8.664491653442382812e+00,2.225863456726074219e+00,1.107135340571403503e-01,4.621922969818115234e+00,5.439781188964843750e+00
2.454090118408203125e+02,1.146040558815002441e+00,1.160801768302917480e+00,6.247946739196777344e+00,8.691967964172363281e+00,9.157529830932617188e+00,6.699915409088134766e+00,5.704211235046386719e+00,7.685597896575927734e+00,7.626561164855957031e+00,8.711874961853027344e+00,2.267309904098510742e+00,1.122527793049812317e-01,4.490701198577880859e+00,5.396968364715576172e+00
2.459098510742187500e+02,1.127425074577331543e+00,1.156314373016357422e+00,6.185477733612060547e+00,8.703731536865234375e+00,9.157673835754394531e+00,6.713722229003906250e+00,5.702686309814453125e+00,7.678702354431152344e+00,7.576663494110107422e+00,8.745184898376464844e+00,2.301476716995239258e+00,1.130101680755615234e-01,4.418924331665039062e+00,5.369040966033935547e+00
2.464106903076171875e+02,1.110680937767028809e+00,1.145339727401733398e+00,6.127629280090332031e+00,8.715311050415039062e+00,9.158198356628417969e+00,6.723430156707763672e+00,5.703080654144287109e+00,7.671891689300537109e+00,7.526656150817871094e+00,8.768726348876953125e+00,2.329044818878173828e+00,1.133059486746788025e-01,4.376575469970703125e+00,5.351726531982421875e+00
2.469115142822265625e+02,1.096045136451721191e+00,1.132165670394897461e+00,6.077365398406982422e+00,8.725961685180664062e+00,9.158931732177734375e+00,6.729983806610107422e+00,5.703662395477294922e+00,7.665503978729248047e+00,7.480595588684082031e+00,8.785860061645507812e+00,2.351560592651367188e+00,1.133367195725440979e-01,4.350895881652832031e+00,5.341176986694335938e+00
2.474123535156250000e+02,1.083047389984130859e+00,1.117894291877746582e+00,6.032380580902099609e+00,8.735992431640625000e+00,9.159758567810058594e+00,6.734644889831542969e+00,5.704221725463867188e+00,7.659293174743652344e+00,7.435957908630371094e+00,8.798698425292968750e+00,2.370483398437500000e+00,1.132256984710693359e-01,4.335285186767578125e+00,5.334863662719726562e+00
2.479131927490234375e+02,1.071892619132995605e+00,1.104504942893981934e+00,5.993594646453857422e+00,8.744874954223632812e+00,9.160595893859863281e+00,6.737882614135742188e+00,5.704648971557617188e+00,7.653658866882324219e+00,7.396138668060302734e+00,8.808715820312500000e+00,2.386523962020874023e+00,1.130404323339462280e-01,4.325676918029785156e+00,5.331058025360107422e+00
2.484140167236328125e+02,1.062336683273315430e+00,1.092406988143920898e+00,5.960279941558837891e+00,8.752661705017089844e+00,9.161401748657226562e+00,6.740158081054687500e+00,5.704966068267822266e+00,7.648599624633789062e+00,7.361124992370605469e+00,8.816772460937500000e+00,2.400275707244873047e+00,1.128233224153518677e-01,4.319715499877929688e+00,5.328762531280517578e+00
2.489148559570312500e+02,1.053853869438171387e+00,1.080928564071655273e+00,5.929725170135498047e+00,8.759899139404296875e+00,9.162159919738769531e+00,6.742020130157470703e+00,5.705273151397705078e+00,7.643782138824462891e+00,7.327282428741455078e+00,8.823345184326171875e+00,2.412401676177978516e+00,1.126038730144500732e-01,4.316111087799072266e+00,5.327462196350097656e+00
2.494156951904296875e+02,1.046589493751525879e+00,1.070937991142272949e+00,5.903391361236572266e+00,8.766184806823730469e+00,9.162857055664062500e+00,6.743402004241943359e+00,5.705505371093750000e+00,7.639522075653076172e+00,7.297871589660644531e+00,8.828872680664062500e+00,2.422971725463867188e+00,1.123903617262840271e-01,4.313847541809082031e+00,5.326694011688232422e+00
2.499165344238281250e+02,1.040290355682373047e+00,1.062105178833007812e+00,5.880131244659423828e+00,8.771749496459960938e+00,9.163485527038574219e+00,6.744509220123291016e+00,5.705703735351562500e+00,7.635689258575439453e+00,7.271499156951904297e+00,8.833572387695312500e+00,2.432295322418212891e+00,1.121903508901596069e-01,4.312437534332275391e+00,5.326264858245849609e+00
2.504173583984375000e+02,1.034931421279907227e+00,1.054620981216430664e+00,5.860238552093505859e+00,8.776506423950195312e+00,9.164048194885253906e+00,6.745336532592773438e+00,5.705845355987548828e+00,7.632357120513916016e+00,7.249118804931640625e+00,8.837639808654785156e+00,2.440468549728393555e+00,1.120061799883842468e-01,4.311502456665039062e+00,5.326012611389160156e+00
2.509181976318359375e+02,1.030054330825805664e+00,1.047508597373962402e+00,5.841355800628662109e+00,8.781025886535644531e+00,9.164561271667480469e+00,6.746179580688476562e+00,5.706017494201660156e+00,7.629166603088378906e+00,7.226859569549560547e+00,8.841107368469238281e+00,2.447853803634643555e+00,1.118432357907295227e-01,4.310988426208496094e+00,5.325934886932373047e+00
2.514190368652343750e+02,1.025897264480590820e+00,1.041519761085510254e+00,5.825251579284667969e+00,8.784873008728027344e+00,9.165011405944824219e+00,6.746826171875000000e+00,5.706143379211425781e+00,7.626415729522705078e+00,7.208114624023437500e+00,8.844152450561523438e+00,2.454330682754516602e+00,1.116957366466522217e-01,4.310625076293945312e+00,5.325901031494140625e+00
2.519198608398437500e+02,1.022377610206604004e+00,1.036548733711242676e+00,5.811695098876953125e+00,8.788107872009277344e+00,9.165409088134765625e+00,6.747298717498779297e+00,5.706226825714111328e+00,7.624071121215820312e+00,7.192686557769775391e+00,8.846837043762207031e+00,2.459999084472656250e+00,1.115624904632568359e-01,4.310341358184814453e+00,5.325874805450439453e+00
2.524207000732421875e+02,1.019111633300781250e+00,1.031692385673522949e+00,5.798338890075683594e+00,8.791267395019531250e+00,9.165768623352050781e+00,6.747860431671142578e+00,5.706351280212402344e+00,7.621783256530761719e+00,7.176620960235595703e+00,8.849147796630859375e+00,2.465193986892700195e+00,1.114479824900627136e-01,4.310229778289794922e+00,5.325927734375000000e+00
2.529215393066406250e+02,1.016347885131835938e+00,1.027676820755004883e+00,5.787151336669921875e+00,8.793912887573242188e+00,9.166085243225097656e+00,6.748280525207519531e+00,5.706434726715087891e+00,7.619846343994140625e+00,7.163477897644042969e+00,8.851197242736816406e+00,2.469723463058471680e+00,1.113446131348609924e-01,4.310121536254882812e+00,5.325962066650390625e+00
2.534223632812500000e+02,1.014017105102539062e+00,1.024408936500549316e+00,5.777986526489257812e+00,8.796088218688964844e+00,9.166361808776855469e+00,6.748564720153808594e+00,5.706481933593750000e+00,7.618232727050781250e+00,7.153086662292480469e+00,8.853021621704101562e+00,2.473647356033325195e+00,1.112517341971397400e-01,4.309995174407958984e+00,5.325973987579345703e+00
2.539232025146484375e+02,1.011790871620178223e+00,1.021049737930297852e+00,5.768515586853027344e+00,8.798313140869140625e+00,9.166612625122070312e+00,6.748969554901123047e+00,5.706573963165283203e+00,7.616599082946777344e+00,7.141501426696777344e+00,8.854581832885742188e+00,2.477288961410522461e+00,1.111733913421630859e-01,4.309986591339111328e+00,5.326042175292968750e+00
2.544240417480468750e+02,1.009922266006469727e+00,1.018333435058593750e+00,5.760769367218017578e+00,8.800133705139160156e+00,9.166832923889160156e+00,6.749251365661621094e+00,5.706631183624267578e+00,7.615244388580322266e+00,7.132357120513916016e+00,8.855979919433593750e+00,2.480441570281982422e+00,1.111025512218475342e-01,4.309944152832031250e+00,5.326079845428466797e+00
2.549248809814453125e+02,1.008286118507385254e+00,1.015952229499816895e+00,5.753926753997802734e+00,8.801738739013671875e+00,9.167022705078125000e+00,6.749500274658203125e+00,5.706680774688720703e+00,7.614046096801757812e+00,7.124270915985107422e+00,8.857208251953125000e+00,2.483230590820312500e+00,1.110396459698677063e-01,4.309909343719482422e+00,5.326116085052490234e+00
2.554257049560546875e+02,1.006945729255676270e+00,1.014118552207946777e+00,5.748602390289306641e+00,8.802994728088378906e+00,9.167190551757812500e+00,6.749634742736816406e+00,5.706699371337890625e+00,7.613090515136718750e+00,7.118388175964355469e+00,8.858317375183105469e+00,2.485614776611328125e+00,1.109831780195236206e-01,4.309834957122802734e+00,5.326118469238281250e+00
2.559265441894531250e+02,1.005587816238403320e+00,1.012026309967041016e+00,5.742511749267578125e+00,8.804406166076660156e+00,9.167344093322753906e+00,6.749911308288574219e+00,5.706768035888671875e+00,7.612047672271728516e+00,7.110776424407958984e+00,8.859250068664550781e+00,2.487893104553222656e+00,1.109363511204719543e-01,4.309861183166503906e+00,5.326176643371582031e+00
2.564273681640625000e+02,2.945392370223999023e+00,1.476780533790588379e+00,5.273694038391113281e+00,8.289850234985351562e+00,8.970170974731445312e+00,6.534595012664794922e+00,5.655265331268310547e+00,7.063516616821289062e+00,8.156606674194335938e+00,4.329751491546630859e+00,1.049731254577636719e+00,2.701876163482666016e-01,4.276202678680419922e+00,5.263043403625488281e+00
2.569282226562500000e+02,2.614786148071289062e+00,1.353506565093994141e+00,3.837676048278808594e+00,8.130714416503906250e+00,9.066701889038085938e+00,6.614321231842041016e+00,5.678241729736328125e+00,7.229210853576660156e+00,8.214718818664550781e+00,5.816296100616455078e+00,1.377024531364440918e+00,1.683248430490493774e-01,4.317325592041015625e+00,5.298912525177001953e+00
2.574290466308593750e+02,2.251945018768310547e+00,1.376881837844848633e+00,4.002008438110351562e+00,8.162533760070800781e+00,9.099170684814453125e+00,6.659860610961914062e+00,5.690146923065185547e+00,7.417879104614257812e+00,8.337672233581542969e+00,7.023654460906982422e+00,1.626554250717163086e+00,1.423953175544738770e-01,4.329578399658203125e+00,5.315526485443115234e+00
2.579298706054687500e+02,1.933351039886474609e+00,1.419994950294494629e+00,4.695611476898193359e+00,8.266206741333007812e+00,9.115462303161621094e+00,6.682357788085937500e+00,5.694451332092285156e+00,7.546354770660400391e+00,8.349374771118164062e+00,7.709899902343750000e+00,1.783594489097595215e+00,1.339790523052215576e-01,4.328432083129882812e+00,5.320798873901367188e+00
2.584307250976562500e+02,1.730283856391906738e+00,1.471291899681091309e+00,5.408172607421875000e+00,8.355066299438476562e+00,9.124207496643066406e+00,6.695024013519287109e+00,5.695884704589843750e+00,7.625047683715820312e+00,8.337033271789550781e+00,8.076237678527832031e+00,1.888095736503601074e+00,1.300895661115646362e-01,4.323631763458251953e+00,5.322574138641357422e+00
2.589315490722656250e+02,1.602719545364379883e+00,1.515292763710021973e+00,5.984135627746582031e+00,8.421458244323730469e+00,9.130084991455078125e+00,6.703745841979980469e+00,5.696535110473632812e+00,7.674768447875976562e+00,8.328555107116699219e+00,8.296774864196777344e+00,1.967447996139526367e+00,1.274163424968719482e-01,4.319056987762451172e+00,5.323490142822265625e+00
2.594323730468750000e+02,1.507926464080810547e+00,1.538656711578369141e+00,6.389899730682373047e+00,8.475038528442382812e+00,9.134689331054687500e+00,6.710398197174072266e+00,5.697317123413085938e+00,7.706475734710693359e+00,8.307251930236816406e+00,8.443448066711425781e+00,2.033361911773681641e+00,1.251329630613327026e-01,4.315959453582763672e+00,5.324071884155273438e+00
2.599332275390625000e+02,1.431714773178100586e+00,1.529991865158081055e+00,6.604460239410400391e+00,8.518541336059570312e+00,9.138534545898437500e+00,6.715486049652099609e+00,5.698525905609130859e+00,7.722912311553955078e+00,8.258470535278320312e+00,8.539481163024902344e+00,2.088886260986328125e+00,1.230529770255088806e-01,4.314442634582519531e+00,5.324315071105957031e+00
2.604340515136718750e+02,1.370907187461853027e+00,1.493916153907775879e+00,6.653673648834228516e+00,8.552255630493164062e+00,9.141841888427734375e+00,6.719205856323242188e+00,5.699821949005126953e+00,7.727314949035644531e+00,8.182893753051757812e+00,8.599214553833007812e+00,2.135314941406250000e+00,1.211951971054077148e-01,4.313688278198242188e+00,5.324263572692871094e+00
2.609349060058593750e+02,1.317818999290466309e+00,1.437393426895141602e+00,6.604152679443359375e+00,8.581022262573242188e+00,9.144817352294921875e+00,6.722779750823974609e+00,5.701148986816406250e+00,7.723713397979736328e+00,8.087271690368652344e+00,8.636459350585937500e+00,2.173701763153076172e+00,1.196027174592018127e-01,4.313475608825683594e+00,5.324356079101562500e+00
2.614357299804687500e+02,1.270975351333618164e+00,1.376095414161682129e+00,6.520430088043212891e+00,8.606088638305664062e+00,9.147547721862792969e+00,6.725807189941406250e+00,5.702199935913085938e+00,7.717594146728515625e+00,7.991378784179687500e+00,8.661996841430664062e+00,2.204851627349853516e+00,1.182485669851303101e-01,4.313165187835693359e+00,5.324443817138671875e+00
2.619365539550781250e+02,1.230631709098815918e+00,1.318463802337646484e+00,6.429068565368652344e+00,8.628658294677734375e+00,9.150026321411132812e+00,6.728751182556152344e+00,5.703131198883056641e+00,7.709952354431152344e+00,7.898560047149658203e+00,8.681433677673339844e+00,2.231785297393798828e+00,1.171037629246711731e-01,4.312958240509033203e+00,5.324654579162597656e+00
2.624374084472656250e+02,1.196013450622558594e+00,1.267519354820251465e+00,6.348674774169921875e+00,8.649308204650878906e+00,9.152279853820800781e+00,6.731575012207031250e+00,5.703999996185302734e+00,7.701831817626953125e+00,7.813724994659423828e+00,8.697901725769042969e+00,2.255735158920288086e+00,1.161354407668113708e-01,4.312883853912353516e+00,5.324935913085937500e+00
2.629382324218750000e+02,1.167518377304077148e+00,1.226602792739868164e+00,6.296158790588378906e+00,8.667422294616699219e+00,9.154306411743164062e+00,6.733890056610107422e+00,5.704602241516113281e+00,7.694467067718505859e+00,7.746273040771484375e+00,8.713735580444335938e+00,2.277566194534301758e+00,1.153097897768020630e-01,4.312570571899414062e+00,5.325158596038818359e+00
2.634390563964843750e+02,1.143458724021911621e+00,1.191724419593811035e+00,6.249332427978515625e+00,8.683700561523437500e+00,9.156116485595703125e+00,6.736166477203369141e+00,5.705134868621826172e+00,7.686813354492187500e+00,7.683903694152832031e+00,8.727564811706542969e+00,2.297718286514282227e+00,1.146002560853958130e-01,4.312308311462402344e+00,5.325453281402587891e+00
2.639399108886718750e+02,1.122980952262878418e+00,1.161564350128173828e+00,6.203035831451416016e+00,8.698306083679199219e+00,9.157732009887695312e+00,6.738355636596679688e+00,5.705652713775634766e+00,7.679049491882324219e+00,7.624287605285644531e+00,8.739324569702148438e+00,2.316228628158569336e+00,1.139869242906570435e-01,4.312172889709472656e+00,5.325785636901855469e+00
2.644407348632812500e+02,1.106255412101745605e+00,1.137332081794738770e+00,6.161894798278808594e+00,8.710493087768554688e+00,9.159151077270507812e+00,6.739999294281005859e+00,5.706004142761230469e+00,7.672094345092773438e+00,7.573612213134765625e+00,8.749634742736816406e+00,2.332907676696777344e+00,1.134480535984039307e-01,4.311878204345703125e+00,5.325982570648193359e+00
2.649415588378906250e+02,1.091809034347534180e+00,1.116150379180908203e+00,6.123113155364990234e+00,8.721516609191894531e+00,9.160413742065429688e+00,6.741604328155517578e+00,5.706359386444091797e+00,7.665364265441894531e+00,7.525755405426025391e+00,8.758550643920898438e+00,2.348143577575683594e+00,1.129812374711036682e-01,4.311702728271484375e+00,5.326214790344238281e+00
2.654424133300781250e+02,1.079230189323425293e+00,1.097460985183715820e+00,6.086663722991943359e+00,8.731554985046386719e+00,9.161544799804687500e+00,6.743192672729492188e+00,5.706726074218750000e+00,7.658926486968994141e+00,7.480298042297363281e+00,8.766288757324218750e+00,2.362065553665161133e+00,1.125772297382354736e-01,4.311645984649658203e+00,5.326480388641357422e+00
2.659432373046875000e+02,1.068957567214965820e+00,1.082664012908935547e+00,6.056100845336914062e+00,8.739770889282226562e+00,9.162528991699218750e+00,6.744293689727783203e+00,5.706946849822998047e+00,7.653473854064941406e+00,7.443550109863281250e+00,8.773200988769531250e+00,2.374411821365356445e+00,1.122182905673980713e-01,4.311415195465087891e+00,5.326611995697021484e+00
2.664440612792968750e+02,1.059889316558837891e+00,1.069393515586853027e+00,6.027612686157226562e+00,8.747311592102050781e+00,9.163408279418945312e+00,6.745414733886718750e+00,5.707188129425048828e+00,7.648314952850341797e+00,7.408611774444580078e+00,8.779211997985839844e+00,2.385626316070556641e+00,1.119076311588287354e-01,4.311297893524169922e+00,5.326780796051025391e+00
2.669449157714843750e+02,1.051848411560058594e+00,1.057403206825256348e+00,6.000802040100097656e+00,8.754285812377929688e+00,9.164196014404296875e+00,6.746571540832519531e+00,5.707454681396484375e+00,7.643433094024658203e+00,7.374996662139892578e+00,8.784443855285644531e+00,2.395855903625488281e+00,1.116389334201812744e-01,4.311290740966796875e+00,5.326989650726318359e+00
2.674457397460937500e+02,1.045324921607971191e+00,1.048126697540283203e+00,5.979351997375488281e+00,8.759821891784667969e+00,9.164877891540527344e+00,6.747289180755615234e+00,5.707586765289306641e+00,7.639461040496826172e+00,7.349381923675537109e+00,8.789159774780273438e+00,2.404750347137451172e+00,1.113971248269081116e-01,4.311103343963623047e+00,5.327068805694580078e+00
2.679465637207031250e+02,1.039468884468078613e+00,1.039593935012817383e+00,5.959090709686279297e+00,8.764991760253906250e+00,9.165489196777343750e+00,6.748068809509277344e+00,5.707751274108886719e+00,7.635701179504394531e+00,7.324464797973632812e+00,8.793260574340820312e+00,2.412838697433471680e+00,1.111880689859390259e-01,4.311024665832519531e+00,5.327189922332763672e+00
2.684474182128906250e+02,1.034171700477600098e+00,1.031639099121093750e+00,5.939719200134277344e+00,8.769877433776855469e+00,9.166035652160644531e+00,6.748923778533935547e+00,5.707950592041015625e+00,7.632120132446289062e+00,7.299860000610351562e+00,8.796819686889648438e+00,2.420217514038085938e+00,1.110084503889083862e-01,4.311050415039062500e+00,5.327354907989501953e+00
2.689482421875000000e+02,1.029968261718750000e+00,1.025767087936401367e+00,5.925055503845214844e+00,8.773571968078613281e+00,9.166502952575683594e+00,6.749366760253906250e+00,5.708022594451904297e+00,7.629336357116699219e+00,7.282545089721679688e+00,8.800059318542480469e+00,2.426509857177734375e+00,1.108436509966850281e-01,4.310892105102539062e+00,5.327392578125000000e+00
2.694490966796875000e+02,1.025889396667480469e+00,1.019605517387390137e+00,5.909495353698730469e+00,8.777450561523437500e+00,9.166933059692382812e+00,6.750072002410888672e+00,5.708189964294433594e+00,7.626447200775146484e+00,7.262563705444335938e+00,8.802811622619628906e+00,2.432402133941650391e+00,1.107062771916389465e-01,4.310935020446777344e+00,5.327536106109619141e+00
2.699499206542968750e+02,1.022740125656127930e+00,1.015269279479980469e+00,5.898262023925781250e+00,8.780255317687988281e+00,9.167297363281250000e+00,6.750381946563720703e+00,5.708235740661621094e+00,7.624287605285644531e+00,7.249462604522705078e+00,8.805340766906738281e+00,2.437348604202270508e+00,1.105784103274345398e-01,4.310791969299316406e+00,5.327553749084472656e+00
2.704507446289062500e+02,1.019800424575805664e+00,1.011005640029907227e+00,5.887094974517822266e+00,8.783015251159667969e+00,9.167626380920410156e+00,6.750803470611572266e+00,5.708321571350097656e+00,7.622174263000488281e+00,7.235662460327148438e+00,8.807521820068359375e+00,2.441889524459838867e+00,1.104689165949821472e-01,4.310749053955078125e+00,5.327620029449462891e+00
2.709515991210937500e+02,1.017022013664245605e+00,1.006746172904968262e+00,5.875815868377685547e+00,8.785775184631347656e+00,9.167926788330078125e+00,6.751340389251708984e+00,5.708455085754394531e+00,7.620084762573242188e+00,7.220929622650146484e+00,8.809392929077148438e+00,2.446086406707763672e+00,1.103768050670623779e-01,4.310809135437011719e+00,5.327736854553222656e+00
2.714524230957031250e+02,1.014979481697082520e+00,1.004023551940917969e+00,5.868435382843017578e+00,8.787597656250000000e+00,9.168172836303710938e+00,6.751502037048339844e+00,5.708468437194824219e+00,7.618635654449462891e+00,7.212596893310546875e+00,8.811145782470703125e+00,2.449504613876342773e+00,1.102886199951171875e-01,4.310679912567138672e+00,5.327731609344482422e+00
2.719532470703125000e+02,1.013000845909118652e+00,1.001161813735961914e+00,5.860696315765380859e+00,8.789492607116699219e+00,9.168396949768066406e+00,6.751791954040527344e+00,5.708527565002441406e+00,7.617162704467773438e+00,7.203012943267822266e+00,8.812639236450195312e+00,2.452672719955444336e+00,1.102141216397285461e-01,4.310648918151855469e+00,5.327779293060302734e+00
2.724541015625000000e+02,1.011061549186706543e+00,9.981195330619812012e-01,5.852452754974365234e+00,8.791493415832519531e+00,9.168609619140625000e+00,6.752216339111328125e+00,5.708635807037353516e+00,7.615643024444580078e+00,7.192001342773437500e+00,8.813903808593750000e+00,2.455646514892578125e+00,1.101526096463203430e-01,4.310721874237060547e+00,5.327877521514892578e+00
2.729549255371093750e+02,1.009743452072143555e+00,9.964460134506225586e-01,5.847803592681884766e+00,8.792642593383789062e+00,9.168777465820312500e+00,6.752275943756103516e+00,5.708626747131347656e+00,7.614698886871337891e+00,7.187029838562011719e+00,8.815118789672851562e+00,2.457963943481445312e+00,1.100910231471061707e-01,4.310603618621826172e+00,5.327857971191406250e+00
2.734557495117187500e+02,1.008405923843383789e+00,9.945121407508850098e-01,5.842448711395263672e+00,8.793944358825683594e+00,9.168932914733886719e+00,6.752477645874023438e+00,5.708667278289794922e+00,7.613677978515625000e+00,7.180394649505615234e+00,8.816143989562988281e+00,2.460168123245239258e+00,1.100404709577560425e-01,4.310584545135498047e+00,5.327887535095214844e+00
2.739566040039062500e+02,1.007031559944152832e+00,9.922928214073181152e-01,5.836297988891601562e+00,8.795415878295898438e+00,9.169079780578613281e+00,6.752818107604980469e+00,5.708758831024169922e+00,7.612560749053955078e+00,7.171973705291748047e+00,8.816997528076171875e+00,2.462290525436401367e+00,1.099995821714401245e-01,4.310665130615234375e+00,5.327975273132324219e+00
2.744574279785156250e+02,1.006197810173034668e+00,9.913250803947448730e-01,5.833538532257080078e+00,8.796105384826660156e+00,9.169192314147949219e+00,6.752805709838867188e+00,5.708735466003417969e+00,7.611973762512207031e+00,7.169344425201416016e+00,8.817846298217773438e+00,2.463840723037719727e+00,1.099563315510749817e-01,4.310551166534423828e+00,5.327942371368408203e+00
2.749582519531250000e+02,1.005290865898132324e+00,9.900135993957519531e-01,5.829843044281005859e+00,8.796998023986816406e+00,9.169299125671386719e+00,6.752943992614746094e+00,5.708763599395751953e+00,7.611266613006591797e+00,7.164766788482666016e+00,8.818549156188964844e+00,2.465366601943969727e+00,1.099215596914291382e-01,4.310538768768310547e+00,5.327965259552001953e+00
2.754591064453125000e+02,1.004295110702514648e+00,9.883440732955932617e-01,5.825156688690185547e+00,8.798110008239746094e+00,9.169403076171875000e+00,6.753232479095458984e+00,5.708843708038330078e+00,7.610428810119628906e+00,7.158152580261230469e+00,8.819119453430175781e+00,2.466887235641479492e+00,1.098948642611503601e-01,4.310623168945312500e+00,5.328042507171630859e+00
2.759599304199218750e+02,1.003790140151977539e+00,9.878459572792053223e-01,5.823691368103027344e+00,8.798482894897460938e+00,9.169478416442871094e+00,6.753170490264892578e+00,5.708809852600097656e+00,7.610088825225830078e+00,7.157141208648681641e+00,8.819719314575195312e+00,2.467909097671508789e+00,1.098642870783805847e-01,4.310515403747558594e+00,5.328001499176025391e+00
2.764607543945312500e+02,1.003171443939208984e+00,9.869545698165893555e-01,5.821152210235595703e+00,8.799092292785644531e+00,9.169551849365234375e+00,6.753266811370849609e+00,5.708830356597900391e+00,7.609601497650146484e+00,7.153990268707275391e+00,8.820198059082031250e+00,2.468960285186767578e+00,1.098406165838241577e-01,4.310506343841552734e+00,5.328016281127929688e+00
2.769616088867187500e+02,1.002432942390441895e+00,9.856547117233276367e-01,5.817475795745849609e+00,8.799959182739257812e+00,9.169625282287597656e+00,6.753516674041748047e+00,5.708903312683105469e+00,7.608962535858154297e+00,7.148627281188964844e+00,8.820575714111328125e+00,2.470064640045166016e+00,1.098232194781303406e-01,4.310596942901611328e+00,5.328086853027343750e+00
2.774624328613281250e+02,1.002147912979125977e+00,9.854771494865417480e-01,5.816922664642333984e+00,8.800111770629882812e+00,9.169673919677734375e+00,6.753424167633056641e+00,5.708862304687500000e+00,7.608791351318359375e+00,7.148741245269775391e+00,8.821000099182128906e+00,2.470712184906005859e+00,1.098008975386619568e-01,4.310491561889648438e+00,5.328042507171630859e+00
2.779632873535156250e+02,1.001532912254333496e+00,9.843558669090270996e-01,5.813740253448486328e+00,8.800855636596679688e+00,9.169734001159667969e+00,6.753654956817626953e+00,5.708930969238281250e+00,7.608246803283691406e+00,7.143988609313964844e+00,8.821284294128417969e+00,2.471611499786376953e+00,1.097887754440307617e-01,4.310582637786865234e+00,5.328110694885253906e+00
2.784641113281250000e+02,1.001353502273559570e+00,9.843322038650512695e-01,5.813628673553466797e+00,8.800902366638183594e+00,9.169768333435058594e+00,6.753544330596923828e+00,5.708888053894042969e+00,7.608160018920898438e+00,7.144653320312500000e+00,8.821625709533691406e+00,2.472076892852783203e+00,1.097704619169235229e-01,4.310479640960693359e+00,5.328060626983642578e+00
2.789649353027343750e+02,1.001026988029479980e+00,9.838585257530212402e-01,5.812263965606689453e+00,8.801228523254394531e+00,9.169808387756347656e+00,6.753595829010009766e+00,5.708898067474365234e+00,7.607899188995361328e+00,7.142961978912353516e+00,8.821884155273437500e+00,2.472641468048095703e+00,1.097578406333923340e-01,4.310474872589111328e+00,5.328069686889648438e+00
2.794657897949218750e+02,1.000544428825378418e+00,9.829331636428833008e-01,5.809622764587402344e+00,8.801838874816894531e+00,9.169851303100585938e+00,6.753807067871093750e+00,5.708961963653564453e+00,7.607460498809814453e+00,7.138887405395507812e+00,8.822060585021972656e+00,2.473318815231323242e+00,1.097504198551177979e-01,4.310567855834960938e+00,5.328135013580322266e+00
2.799666137695312500e+02,1.000482439994812012e+00,9.830754995346069336e-01,5.809997081756591797e+00,8.801773071289062500e+00,9.169872283935546875e+00,6.753680706024169922e+00,5.708914279937744141e+00,7.607462882995605469e+00,7.140150070190429688e+00,8.822311401367187500e+00,2.473582506179809570e+00,1.097368597984313965e-01,4.310465812683105469e+00,5.328084468841552734e+00
2.804674377441406250e+02,1.000258088111877441e+00,9.827540516853332520e-01,5.809064388275146484e+00,8.801997184753417969e+00,9.169901847839355469e+00,6.753716945648193359e+00,5.708921432495117188e+00,7.607285022735595703e+00,7.138989925384521484e+00,8.822485923767089844e+00,2.473971366882324219e+00,1.097277551889419556e-01,4.310464859008789062e+00,5.328088760375976562e+00
2.809682922363281250e+02,9.998697638511657715e-01,9.819605946540832520e-01,5.806797981262207031e+00,8.802517890930175781e+00,9.169934272766113281e+00,6.753910541534423828e+00,5.708983421325683594e+00,7.606917381286621094e+00,7.135376930236816406e+00,8.822592735290527344e+00,2.474490642547607422e+00,1.097241938114166260e-01,4.310557842254638672e+00,5.328151702880859375e+00
2.814691162109375000e+02,9.998877644538879395e-01,9.822157621383666992e-01,5.807507514953613281e+00,8.802370071411132812e+00,9.169943809509277344e+00,6.753771781921386719e+00,5.708933830261230469e+00,7.606986999511718750e+00,7.137059688568115234e+00,8.822781562805175781e+00,2.474615573883056641e+00,1.097138375043869019e-01,4.310457706451416016e+00,5.328098773956298828e+00
2.819699401855468750e+02,9.997333288192749023e-01,9.819949269294738770e-01,5.806862831115722656e+00,8.802524566650390625e+00,9.169964790344238281e+00,6.753796100616455078e+00,5.708937644958496094e+00,7.606864452362060547e+00,7.136258602142333984e+00,8.822902679443359375e+00,2.474883794784545898e+00,1.097076907753944397e-01,4.310455799102783203e+00,5.328102111816406250e+00
2.824707946777343750e+02,9.994055628776550293e-01,9.812929630279541016e-01,5.804848194122314453e+00,8.802982330322265625e+00,9.169989585876464844e+00,6.753983974456787109e+00,5.708998680114746094e+00,7.606544494628906250e+00,7.132963180541992188e+00,8.822959899902343750e+00,2.475300788879394531e+00,1.097062900662422180e-01,4.310550689697265625e+00,5.328163623809814453e+00
2.829716186523437500e+02,9.994778037071228027e-01,9.816275238990783691e-01,5.805790901184082031e+00,8.802778244018554688e+00,9.169994354248046875e+00,6.753834247589111328e+00,5.708947658538818359e+00,7.606657505035400391e+00,7.134933471679687500e+00,8.823103904724121094e+00,2.475330591201782227e+00,1.096979677677154541e-01,4.310451507568359375e+00,5.328106880187988281e+00
2.834724426269531250e+02,9.993738532066345215e-01,9.814780354499816895e-01,5.805346012115478516e+00,8.802884101867675781e+00,9.170007705688476562e+00,6.753850936889648438e+00,5.708948612213134766e+00,7.606573104858398438e+00,7.134384155273437500e+00,8.823187828063964844e+00,2.475513458251953125e+00,1.096939221024513245e-01,4.310449600219726562e+00,5.328111171722412109e+00
2.839732971191406250e+02,9.990888833999633789e-01,9.808338880538940430e-01,5.803510189056396484e+00,8.803301811218261719e+00,9.170029640197753906e+00,6.754033088684082031e+00,5.709007263183593750e+00,7.606289386749267578e+00,7.131302356719970703e+00,8.823210716247558594e+00,2.475857257843017578e+00,1.096942424774169922e-01,4.310546398162841797e+00,5.328173160552978516e+00
2.844741210937500000e+02,9.991988539695739746e-01,9.812248349189758301e-01,5.804616451263427734e+00,8.803061485290527344e+00,9.170027732849121094e+00,6.753878116607666016e+00,5.708954811096191406e+00,7.606433391571044922e+00,7.133473873138427734e+00,8.823325157165527344e+00,2.475816726684570312e+00,1.096869856119155884e-01,4.310447692871093750e+00,5.328115940093994141e+00
2.849749450683593750e+02,9.991272091865539551e-01,9.811202883720397949e-01,5.804311275482177734e+00,8.803134918212890625e+00,9.170038223266601562e+00,6.753888607025146484e+00,5.708958148956298828e+00,7.606374263763427734e+00,7.133094310760498047e+00,8.823382377624511719e+00,2.475943803787231445e+00,1.096841543912887573e-01,4.310446739196777344e+00,5.328117370605468750e+00
2.854757995605468750e+02,9.988721013069152832e-01,9.805232882499694824e-01,5.802602291107177734e+00,8.803519248962402344e+00,9.170054435729980469e+00,6.754065036773681641e+00,5.709015369415283203e+00,7.606114387512207031e+00,7.130170822143554688e+00,8.823384284973144531e+00,2.476233720779418945e+00,1.096853911876678467e-01,4.310542583465576172e+00,5.328176975250244141e+00
2.859766235351562500e+02,9.990073442459106445e-01,9.809488654136657715e-01,5.803808212280273438e+00,8.803253173828125000e+00,9.170050621032714844e+00,6.753908157348632812e+00,5.708961963653564453e+00,7.606278419494628906e+00,7.132474422454833984e+00,8.823477745056152344e+00,2.476151704788208008e+00,1.096793860197067261e-01,4.310443401336669922e+00,5.328121185302734375e+00
2.864774475097656250e+02,9.989568591117858887e-01,9.808779358863830566e-01,5.803597927093505859e+00,8.803304672241210938e+00,9.170057296752929688e+00,6.753916740417480469e+00,5.708964347839355469e+00,7.606237888336181641e+00,7.132215023040771484e+00,8.823516845703125000e+00,2.476239442825317383e+00,1.096776872873306274e-01,4.310444355010986328e+00,5.328122138977050781e+00
2.869783020019531250e+02,9.987221956253051758e-01,9.803077578544616699e-01,5.801970005035400391e+00,8.803669929504394531e+00,9.170072555541992188e+00,6.754090785980224609e+00,5.709019660949707031e+00,7.605992317199707031e+00,7.129389286041259766e+00,8.823502540588378906e+00,2.476495027542114258e+00,1.096799075603485107e-01,4.310540676116943359e+00,5.328180789947509766e+00
2.874791259765625000e+02,9.988737702369689941e-01,9.807587862014770508e-01,5.803252696990966797e+00,8.803386688232421875e+00,9.170066833496093750e+00,6.753929138183593750e+00,5.708964824676513672e+00,7.606173038482666016e+00,7.131784915924072266e+00,8.823582649230957031e+00,2.476383924484252930e+00,1.096744239330291748e-01,4.310441493988037109e+00,5.328125476837158203e+00
2.879799804687500000e+02,9.986506700515747070e-01,9.802007675170898438e-01,5.801664829254150391e+00,8.803742408752441406e+00,9.170083045959472656e+00,6.754101276397705078e+00,5.709022045135498047e+00,7.605935096740722656e+00,7.129008293151855469e+00,8.823558807373046875e+00,2.476623296737670898e+00,1.096769645810127258e-01,4.310540676116943359e+00,5.328183174133300781e+00
2.884808044433593750e+02,9.988108277320861816e-01,9.806668758392333984e-01,5.802980422973632812e+00,8.803450584411621094e+00,9.170076370239257812e+00,6.753940105438232422e+00,5.708967685699462891e+00,7.606120109558105469e+00,7.131448745727539062e+00,8.823634147644042969e+00,2.476497411727905273e+00,1.096721515059471130e-01,4.310441493988037109e+00,5.328126907348632812e+00
2.889816284179687500e+02,9.987848997116088867e-01,9.806272387504577637e-01,5.802878856658935547e+00,8.803478240966796875e+00,9.170079231262207031e+00,6.753942489624023438e+00,5.708967208862304688e+00,7.606097221374511719e+00,7.131313800811767578e+00,8.823653221130371094e+00,2.476538419723510742e+00,1.096709594130516052e-01,4.310441493988037109e+00,5.328126907348632812e+00
2.894824829101562500e+02,9.985718727111816406e-01,9.800900220870971680e-01,5.801323890686035156e+00,8.803821563720703125e+00,9.170091629028320312e+00,6.754112720489501953e+00,5.709023952484130859e+00,7.605871200561523438e+00,7.128592967987060547e+00,8.823623657226562500e+00,2.476766109466552734e+00,1.096738651394844055e-01,4.310538291931152344e+00,5.328184604644775391e+00
2.899833068847656250e+02,9.987404942512512207e-01,9.805659055709838867e-01,5.802689075469970703e+00,8.803522109985351562e+00,9.170083999633789062e+00,6.753949642181396484e+00,5.708969593048095703e+00,7.606060981750488281e+00,7.131082534790039062e+00,8.823688507080078125e+00,2.476618528366088867e+00,1.096693575382232666e-01,4.310440540313720703e+00,5.328127861022949219e+00
2.904841308593750000e+02,9.987224936485290527e-01,9.805381894111633301e-01,5.802610397338867188e+00,8.803541183471679688e+00,9.170086860656738281e+00,6.753952980041503906e+00,5.708969593048095703e+00,7.606048583984375000e+00,7.130986690521240234e+00,8.823701858520507812e+00,2.476650714874267578e+00,1.096686348319053650e-01,4.310439109802246094e+00,5.328129291534423828e+00
2.909849853515625000e+02,9.985171556472778320e-01,9.800093770027160645e-01,5.801097393035888672e+00,8.803876876831054688e+00,9.170099258422851562e+00,6.754124164581298828e+00,5.709026813507080078e+00,7.605824947357177734e+00,7.128309726715087891e+00,8.823665618896484375e+00,2.476858139038085938e+00,1.096718311309814453e-01,4.310537338256835938e+00,5.328186511993408203e+00
2.914858093261718750e+02,9.986925721168518066e-01,9.804943799972534180e-01,5.802487373352050781e+00,8.803568840026855469e+00,9.170089721679687500e+00,6.753956794738769531e+00,5.708971500396728516e+00,7.606023788452148438e+00,7.130831718444824219e+00,8.823725700378417969e+00,2.476702928543090820e+00,1.096674427390098572e-01,4.310438632965087891e+00,5.328127861022949219e+00
2.919866333007812500e+02,9.986802935600280762e-01,9.804775714874267578e-01,5.802434444427490234e+00,8.803581237792968750e+00,9.170091629028320312e+00,6.753958225250244141e+00,5.708971500396728516e+00,7.606014251708984375e+00,7.130765914916992188e+00,8.823737144470214844e+00,2.476723909378051758e+00,1.096669733524322510e-01,4.310437679290771484e+00,5.328129291534423828e+00
2.924874877929687500e+02,9.984776973724365234e-01,9.799558520317077637e-01,5.800935745239257812e+00,8.803914070129394531e+00,9.170103073120117188e+00,6.754129409790039062e+00,5.709027290344238281e+00,7.605797290802001953e+00,7.128108978271484375e+00,8.823697090148925781e+00,2.476925373077392578e+00,1.096704006195068359e-01,4.310536384582519531e+00,5.328186988830566406e+00
2.929883117675781250e+02,9.986595511436462402e-01,9.804490804672241211e-01,5.802342414855957031e+00,8.803604125976562500e+00,9.170094490051269531e+00,6.753962993621826172e+00,5.708970069885253906e+00,7.605997562408447266e+00,7.130655765533447266e+00,8.823753356933593750e+00,2.476761341094970703e+00,1.096661984920501709e-01,4.310437202453613281e+00,5.328130245208740234e+00
2.934891357421875000e+02,9.986518025398254395e-01,9.804368019104003906e-01,5.802310466766357422e+00,8.803611755371093750e+00,9.170095443725585938e+00,6.753962993621826172e+00,5.708971977233886719e+00,7.605988025665283203e+00,7.130614757537841797e+00,8.823759078979492188e+00,2.476774930953979492e+00,1.096658334136009216e-01,4.310437202453613281e+00,5.328129768371582031e+00
2.939899902343750000e+02,9.984526038169860840e-01,9.799201488494873047e-01,5.800825119018554688e+00,8.803940773010253906e+00,9.170105934143066406e+00,6.754132270812988281e+00,5.709026813507080078e+00,7.605776786804199219e+00,7.127975463867187500e+00,8.823717117309570312e+00,2.476972579956054688e+00,1.096693575382232666e-01,4.310536384582519531e+00,5.328187465667724609e+00
2.944908142089843750e+02,9.986382722854614258e-01,9.804151058197021484e-01,5.802255630493164062e+00,8.803625106811523438e+00,9.170096397399902344e+00,6.753966331481933594e+00,5.708973407745361328e+00,7.605977535247802734e+00,7.130541324615478516e+00,8.823768615722656250e+00,2.476799011230468750e+00,1.096652224659919739e-01,4.310438632965087891e+00,5.328129768371582031e+00
2.949916381835937500e+02,9.986333847045898438e-01,9.804067611694335938e-01,5.802224159240722656e+00,8.803631782531738281e+00,9.170097351074218750e+00,6.753967285156250000e+00,5.708973407745361328e+00,7.605971336364746094e+00,7.130507946014404297e+00,8.823775291442871094e+00,2.476811647415161133e+00,1.096650138497352600e-01,4.310438632965087891e+00,5.328130722045898438e+00
2.954924926757812500e+02,9.984350204467773438e-01,9.798932671546936035e-01,5.800758361816406250e+00,8.803959846496582031e+00,9.170107841491699219e+00,6.754136085510253906e+00,5.709028720855712891e+00,7.605762481689453125e+00,7.127882957458496094e+00,8.823730468750000000e+00,2.476999998092651367e+00,1.096686869859695435e-01,4.310536384582519531e+00,5.328187465667724609e+00
2.959933166503906250e+02,9.986217617988586426e-01,9.803923964500427246e-01,5.802183628082275391e+00,8.803641319274902344e+00,9.170099258422851562e+00,6.753968715667724609e+00,5.708973884582519531e+00,7.605964183807373047e+00,7.130458354949951172e+00,8.823782920837402344e+00,2.476829290390014648e+00,1.096646413207054138e-01,4.310438632965087891e+00,5.328130245208740234e+00
2.964941711425781250e+02,9.984273910522460938e-01,9.798807501792907715e-01,5.800716400146484375e+00,8.803967475891113281e+00,9.170108795166015625e+00,6.754136562347412109e+00,5.709028720855712891e+00,7.605755329132080078e+00,7.127837181091308594e+00,8.823739051818847656e+00,2.477016687393188477e+00,1.096683219075202942e-01,4.310536384582519531e+00,5.328187465667724609e+00
2.969949951171875000e+02,9.986141324043273926e-01,9.803810119628906250e-01,5.802150726318359375e+00,8.803649902343750000e+00,9.170100212097167969e+00,6.753969192504882812e+00,5.708974361419677734e+00,7.605957984924316406e+00,7.130415439605712891e+00,8.823789596557617188e+00,2.476841688156127930e+00,1.096643432974815369e-01,4.310439109802246094e+00,5.328130245208740234e+00
2.974958190917968750e+02,9.986100196838378906e-01,9.803765416145324707e-01,5.802139282226562500e+00,8.803652763366699219e+00,9.170100212097167969e+00,6.753971099853515625e+00,5.708973407745361328e+00,7.605956554412841797e+00,7.130399703979492188e+00,8.823791503906250000e+00,2.476845979690551758e+00,1.096642911434173584e-01,4.310438156127929688e+00,5.328132152557373047e+00
2.979966735839843750e+02,9.984186291694641113e-01,9.798654317855834961e-01,5.800677776336669922e+00,8.803977012634277344e+00,9.170110702514648438e+00,6.754137039184570312e+00,5.709028720855712891e+00,7.605746746063232422e+00,7.127786636352539062e+00,8.823744773864746094e+00,2.477033376693725586e+00,1.096680238842964172e-01,4.310534954071044922e+00,5.328189849853515625e+00
2.984974975585937500e+02,9.986041784286499023e-01,9.803691506385803223e-01,5.802114963531494141e+00,8.803658485412597656e+00,9.170101165771484375e+00,6.753971576690673828e+00,5.708973407745361328e+00,7.605953693389892578e+00,7.130372524261474609e+00,8.823795318603515625e+00,2.476856708526611328e+00,1.096640825271606445e-01,4.310437679290771484e+00,5.328132152557373047e+00
2.989983215332031250e+02,9.986019134521484375e-01,9.803658127784729004e-01,5.802107334136962891e+00,8.803661346435546875e+00,9.170102119445800781e+00,6.753972053527832031e+00,5.708974361419677734e+00,7.605951309204101562e+00,7.130359172821044922e+00,8.823797225952148438e+00,2.476859807968139648e+00,1.096640303730964661e-01,4.310438156127929688e+00,5.328130722045898438e+00
2.994991760253906250e+02,9.984125494956970215e-01,9.798567891120910645e-01,5.800651550292968750e+00,8.803983688354492188e+00,9.170110702514648438e+00,6.754140377044677734e+00,5.709029674530029297e+00,7.605740070343017578e+00,7.127753257751464844e+00,8.823750495910644531e+00,2.477043867111206055e+00,1.096677556633949280e-01,4.310535430908203125e+00,5.328188896179199219e+00
3.000000000000000000e+02,9.985980391502380371e-01,9.803614020347595215e-01,5.802087306976318359e+00,8.803665161132812500e+00,9.170102119445800781e+00,6.753972053527832031e+00,5.708974838256835938e+00,7.605948448181152344e+00,7.130340099334716797e+00,8.823801040649414062e+00,2.476868391036987305e+00,1.096638664603233337e-01,4.310438156127929688e+00,5.328131675720214844e+00
