time,true_A,true_D,true_G,true_J,true_M,onestep_A,onestep_D,onestep_G,onestep_J,onestep_M,rollout_A,rollout_D,rollout_G,rollout_J,rollout_M
5.008347034454345703e-01,0.000000000000000000e+00,0.000000000000000000e+00,0.000000000000000000e+00,0.000000000000000000e+00,0.000000000000000000e+00,0.000000000000000000e+00,0.000000000000000000e+00,0.000000000000000000e+00,0.000000000000000000e+00,0.000000000000000000e+00,0.000000000000000000e+00,0.000000000000000000e+00,0.000000000000000000e+00,0.000000000000000000e+00,0.000000000000000000e+00
1.001669406890869141e+00,0.000000000000000000e+00,0.000000000000000000e+00,0.000000000000000000e+00,0.000000000000000000e+00,0.000000000000000000e+00,0.000000000000000000e+00,0.000000000000000000e+00,0.000000000000000000e+00,0.000000000000000000e+00,0.000000000000000000e+00,0.000000000000000000e+00,0.000000000000000000e+00,0.000000000000000000e+00,0.000000000000000000e+00,0.000000000000000000e+00
1.502504229545593262e+00,0.000000000000000000e+00,0.000000000000000000e+00,0.000000000000000000e+00,0.000000000000000000e+00,0.000000000000000000e+00,0.000000000000000000e+00,0.000000000000000000e+00,0.000000000000000000e+00,0.000000000000000000e+00,0.000000000000000000e+00,0.000000000000000000e+00,0.000000000000000000e+00,0.000000000000000000e+00,0.000000000000000000e+00,0.000000000000000000e+00
2.003338813781738281e+00,0.000000000000000000e+00,0.000000000000000000e+00,0.000000000000000000e+00,0.000000000000000000e+00,0.000000000000000000e+00,0.000000000000000000e+00,0.000000000000000000e+00,0.000000000000000000e+00,0.000000000000000000e+00,0.000000000000000000e+00,0.000000000000000000e+00,0.000000000000000000e+00,0.000000000000000000e+00,0.000000000000000000e+00,0.000000000000000000e+00
2.504173517227172852e+00,0.000000000000000000e+00,0.000000000000000000e+00,0.000000000000000000e+00,0.000000000000000000e+00,0.000000000000000000e+00,0.000000000000000000e+00,0.000000000000000000e+00,0.000000000000000000e+00,0.000000000000000000e+00,0.000000000000000000e+00,0.000000000000000000e+00,0.000000000000000000e+00,0.000000000000000000e+00,0.000000000000000000e+00,0.000000000000000000e+00
3.005008459091186523e+00,0.000000000000000000e+00,0.000000000000000000e+00,0.000000000000000000e+00,0.000000000000000000e+00,0.000000000000000000e+00,0.000000000000000000e+00,0.000000000000000000e+00,0.000000000000000000e+00,0.000000000000000000e+00,0.000000000000000000e+00,0.000000000000000000e+00,0.000000000000000000e+00,0.000000000000000000e+00,0.000000000000000000e+00,0.000000000000000000e+00
3.505843162536621094e+00,0.000000000000000000e+00,0.000000000000000000e+00,0.000000000000000000e+00,0.000000000000000000e+00,0.000000000000000000e+00,0.000000000000000000e+00,0.000000000000000000e+00,0.000000000000000000e+00,0.000000000000000000e+00,0.000000000000000000e+00,0.000000000000000000e+00,0.000000000000000000e+00,0.000000000000000000e+00,0.000000000000000000e+00,0.000000000000000000e+00
4.006677627563476562e+00,0.000000000000000000e+00,0.000000000000000000e+00,0.000000000000000000e+00,0.000000000000000000e+00,0.000000000000000000e+00,0.000000000000000000e+00,0.000000000000000000e+00,0.000000000000000000e+00,0.000000000000000000e+00,0.000000000000000000e+00,0.000000000000000000e+00,0.000000000000000000e+00,0.000000000000000000e+00,0.000000000000000000e+00,0.000000000000000000e+00
4.507512569427490234e+00,0.000000000000000000e+00,0.000000000000000000e+00,0.000000000000000000e+00,0.000000000000000000e+00,0.000000000000000000e+00,0.000000000000000000e+00,0.000000000000000000e+00,0.000000000000000000e+00,0.000000000000000000e+00,0.000000000000000000e+00,0.000000000000000000e+00,0.000000000000000000e+00,0.000000000000000000e+00,0.000000000000000000e+00,0.000000000000000000e+00
5.008347034454345703e+00,0.000000000000000000e+00,0.000000000000000000e+00,0.000000000000000000e+00,0.000000000000000000e+00,0.000000000000000000e+00,0.000000000000000000e+00,0.000000000000000000e+00,0.000000000000000000e+00,0.000000000000000000e+00,0.000000000000000000e+00,0.000000000000000000e+00,0.000000000000000000e+00,0.000000000000000000e+00,0.000000000000000000e+00,0.000000000000000000e+00
5.509181976318359375e+00,0.000000000000000000e+00,0.000000000000000000e+00,0.000000000000000000e+00,0.000000000000000000e+00,0.000000000000000000e+00,0.000000000000000000e+00,0.000000000000000000e+00,0.000000000000000000e+00,0.000000000000000000e+00,0.000000000000000000e+00,0.000000000000000000e+00,0.000000000000000000e+00,0.000000000000000000e+00,0.000000000000000000e+00,0.000000000000000000e+00
6.010016918182373047e+00,0.000000000000000000e+00,0.000000000000000000e+00,0.000000000000000000e+00,0.000000000000000000e+00,0.000000000000000000e+00,0.000000000000000000e+00,0.000000000000000000e+00,0.000000000000000000e+00,0.000000000000000000e+00,0.000000000000000000e+00,0.000000000000000000e+00,0.000000000000000000e+00,0.000000000000000000e+00,0.000000000000000000e+00,0.000000000000000000e+00
6.510851383209228516e+00,0.000000000000000000e+00,0.000000000000000000e+00,0.000000000000000000e+00,0.000000000000000000e+00,0.000000000000000000e+00,0.000000000000000000e+00,0.000000000000000000e+00,0.000000000000000000e+00,0.000000000000000000e+00,0.000000000000000000e+00,0.000000000000000000e+00,0.000000000000000000e+00,0.000000000000000000e+00,0.000000000000000000e+00,0.000000000000000000e+00
7.011686325073242188e+00,0.000000000000000000e+00,0.000000000000000000e+00,0.000000000000000000e+00,0.000000000000000000e+00,0.000000000000000000e+00,0.000000000000000000e+00,0.000000000000000000e+00,0.000000000000000000e+00,0.000000000000000000e+00,0.000000000000000000e+00,0.000000000000000000e+00,0.000000000000000000e+00,0.000000000000000000e+00,0.000000000000000000e+00,0.000000000000000000e+00
7.512520790100097656e+00,0.000000000000000000e+00,0.000000000000000000e+00,0.000000000000000000e+00,0.000000000000000000e+00,0.000000000000000000e+00,0.000000000000000000e+00,0.000000000000000000e+00,0.000000000000000000e+00,0.000000000000000000e+00,0.000000000000000000e+00,0.000000000000000000e+00,0.000000000000000000e+00,0.000000000000000000e+00,0.000000000000000000e+00,0.000000000000000000e+00
8.013355255126953125e+00,0.000000000000000000e+00,0.000000000000000000e+00,0.000000000000000000e+00,0.000000000000000000e+00,0.000000000000000000e+00,0.000000000000000000e+00,0.000000000000000000e+00,0.000000000000000000e+00,0.000000000000000000e+00,0.000000000000000000e+00,0.000000000000000000e+00,0.000000000000000000e+00,0.000000000000000000e+00,0.000000000000000000e+00,0.000000000000000000e+00
8.514190673828125000e+00,0.000000000000000000e+00,0.000000000000000000e+00,0.000000000000000000e+00,0.000000000000000000e+00,0.000000000000000000e+00,0.000000000000000000e+00,0.000000000000000000e+00,0.000000000000000000e+00,0.000000000000000000e+00,0.000000000000000000e+00,0.000000000000000000e+00,0.000000000000000000e+00,0.000000000000000000e+00,0.000000000000000000e+00,0.000000000000000000e+00
9.015025138854980469e+00,0.000000000000000000e+00,0.000000000000000000e+00,0.000000000000000000e+00,0.000000000000000000e+00,0.000000000000000000e+00,0.000000000000000000e+00,0.000000000000000000e+00,0.000000000000000000e+00,0.000000000000000000e+00,0.000000000000000000e+00,0.000000000000000000e+00,0.000000000000000000e+00,0.000000000000000000e+00,0.000000000000000000e+00,0.000000000000000000e+00
9.515859603881835938e+00,0.000000000000000000e+00,0.000000000000000000e+00,5.274043083190917969e-01,1.634471234865486622e-03,3.210070929071662249e-07,2.870880067348480225e-02,3.100991249084472656e-02,5.980750322341918945e-01,3.247706592082977295e-02,2.885403111577033997e-02,2.877207845449447632e-02,3.094102442264556885e-02,5.980852842330932617e-01,3.241600096225738525e-02,2.891039475798606873e-02
1.001669406890869141e+01,0.000000000000000000e+00,0.000000000000000000e+00,3.362846076488494873e-01,1.916613988578319550e-02,8.760172931943088770e-05,2.958969026803970337e-02,2.971957251429557800e-02,3.900215327739715576e-01,4.997721686959266663e-02,2.973106503486633301e-02,6.176708266139030457e-02,6.176707893610000610e-02,4.502828121185302734e-01,8.344183117151260376e-02,6.186601892113685608e-02
1.051752948760986328e+01,0.000000000000000000e+00,0.000000000000000000e+00,2.341233640909194946e-01,4.588825628161430359e-02,9.335529175586998463e-04,1.217106822878122330e-02,1.457398757338523865e-02,2.542733252048492432e-01,6.034237891435623169e-02,1.417757850140333176e-02,7.728330045938491821e-02,7.728330045938491821e-02,3.552880287170410156e-01,1.309002339839935303e-01,7.836998254060745239e-02
1.101836395263671875e+01,0.000000000000000000e+00,0.000000000000000000e+00,1.689921617507934570e-01,6.965064257383346558e-02,3.765753703191876411e-03,4.549403209239244461e-03,8.904304355382919312e-03,1.787053644657135010e-01,7.780360430479049683e-02,1.098249480128288269e-02,8.571397513151168823e-02,8.571396768093109131e-02,2.888729274272918701e-01,1.686534732580184937e-01,9.017048031091690063e-02
1.151919841766357422e+01,0.000000000000000000e+00,0.000000000000000000e+00,1.236500740051269531e-01,8.609832078218460083e-02,9.561896324157714844e-03,2.194716362282633781e-03,5.906519945710897446e-03,1.290945857763290405e-01,9.123224020004272461e-02,1.398049481213092804e-02,9.086659550666809082e-02,9.086663275957107544e-02,2.404590398073196411e-01,1.946306675672531128e-01,1.023018881678581238e-01
1.202003383636474609e+01,0.000000000000000000e+00,0.000000000000000000e+00,9.092247486114501953e-02,9.529047459363937378e-02,1.862341165542602539e-02,1.312116277404129505e-03,4.067678935825824738e-03,9.405077248811721802e-02,9.849646687507629395e-02,2.138325944542884827e-02,9.412334114313125610e-02,9.412333369255065918e-02,2.044828385114669800e-01,2.098381370306015015e-01,1.165571510791778564e-01
1.252086830139160156e+01,0.000000000000000000e+00,0.000000000000000000e+00,6.697622686624526978e-02,9.872395545244216919e-02,3.065084852278232574e-02,8.463645353913307190e-04,2.949950750917196274e-03,6.850001215934753418e-02,1.004116609692573547e-01,3.212837502360343933e-02,9.604357182979583740e-02,9.604356437921524048e-02,1.774446517229080200e-01,2.164420038461685181e-01,1.331510096788406372e-01
1.302170276641845703e+01,0.000000000000000000e+00,0.000000000000000000e+00,4.936808347702026367e-02,9.803675860166549683e-02,4.499912261962890625e-02,5.686875083483755589e-04,2.263064030557870865e-03,4.966667294502258301e-02,9.846812486648559570e-02,4.538448154926300049e-02,9.694050252437591553e-02,9.694048762321472168e-02,1.569340378046035767e-01,2.167108207941055298e-01,1.515989452600479126e-01
1.352253723144531250e+01,0.000000000000000000e+00,0.000000000000000000e+00,3.639740124344825745e-02,9.459870308637619019e-02,6.090883165597915649e-02,4.070628201588988304e-04,1.785948872566223145e-03,3.577639162540435791e-02,9.404823184013366699e-02,6.038634106516838074e-02,9.705303609371185303e-02,9.705304354429244995e-02,1.412319391965866089e-01,2.126060724258422852e-01,1.711806952953338623e-01
1.402337265014648438e+01,0.000000000000000000e+00,0.000000000000000000e+00,2.683671563863754272e-02,8.944728225469589233e-02,7.765524089336395264e-02,3.121655900031328201e-04,1.415300066582858562e-03,2.556323446333408356e-02,8.819284290075302124e-02,7.642139494419097900e-02,9.658532589673995972e-02,9.658535569906234741e-02,1.290962547063827515e-01,2.056807428598403931e-01,1.911770999431610107e-01
1.452420711517333984e+01,0.000000000000000000e+00,0.000000000000000000e+00,1.978796161711215973e-02,8.333101868629455566e-02,9.462264180183410645e-02,2.616190176922827959e-04,1.170526957139372826e-03,1.805142499506473541e-02,8.160415291786193848e-02,9.285150468349456787e-02,9.571106731891632080e-02,9.571106731891632080e-02,1.196241602301597595e-01,1.970999091863632202e-01,2.109785676002502441e-01
1.502504158020019531e+01,0.000000000000000000e+00,0.000000000000000000e+00,1.459073461592197418e-02,7.677342742681503296e-02,1.113290637731552124e-01,2.347123518120497465e-04,9.685631957836449146e-04,1.255617663264274597e-02,7.478354126214981079e-02,1.091986224055290222e-01,9.457276761531829834e-02,9.457273781299591064e-02,1.121566519141197205e-01,1.877035200595855713e-01,2.301190942525863647e-01
1.552587604522705078e+01,0.000000000000000000e+00,0.000000000000000000e+00,1.075859460979700089e-02,7.013088464736938477e-02,1.274225860834121704e-01,2.170154475606977940e-04,7.626555743627250195e-04,8.573045954108238220e-03,6.804534047842025757e-02,1.250951588153839111e-01,9.328224509954452515e-02,9.328221529722213745e-02,1.062103956937789917e-01,1.780756860971450806e-01,2.482742220163345337e-01
1.602671051025390625e+01,0.000000000000000000e+00,0.000000000000000000e+00,7.932954467833042145e-03,6.363850831985473633e-02,1.426645368337631226e-01,2.053525531664490700e-04,5.681945476680994034e-04,5.922334734350442886e-03,6.145179644227027893e-02,1.401643753051757812e-01,9.192385524511337280e-02,9.192386269569396973e-02,1.014288589358329773e-01,1.686072349548339844e-01,2.652409076690673828e-01
1.652754592895507812e+01,0.000000000000000000e+00,0.000000000000000000e+00,5.849438253790140152e-03,5.744478479027748108e-02,1.569085419178009033e-01,2.092367794830352068e-04,4.337869759183377028e-04,4.455276764929294586e-03,5.502195283770561218e-02,1.541157513856887817e-01,9.055865556001663208e-02,9.055867046117782593e-02,9.754739701747894287e-02,1.595471054315567017e-01,2.809129059314727783e-01
1.702838134765625000e+01,0.000000000000000000e+00,0.000000000000000000e+00,4.313137382268905640e-03,5.163711309432983398e-02,1.700793355703353882e-01,2.246777003165334463e-04,3.525341162458062172e-04,3.679798915982246399e-03,4.896771907806396484e-02,1.669780462980270386e-01,8.922889828681945801e-02,8.922890573740005493e-02,9.436810761690139771e-02,1.510431170463562012e-01,2.952557206153869629e-01
1.752921485900878906e+01,0.000000000000000000e+00,7.227076292037963867e-01,3.187888301908969879e-03,4.626043513417243958e-02,1.821545958518981934e-01,1.528567541390657425e-02,7.463746666908264160e-01,1.111881341785192490e-02,5.495539680123329163e-02,1.933098137378692627e-01,7.205089926719665527e-02,9.558556079864501953e-01,7.572497427463531494e-02,1.255451738834381104e-01,2.849628329277038574e-01
1.803005027770996094e+01,0.000000000000000000e+00,2.738353312015533447e-01,1.166190113872289658e-02,4.134295880794525146e-02,1.931498348712921143e-01,6.959141045808792114e-02,3.902419209480285645e-01,8.297623693943023682e-02,1.171481907367706299e-01,2.943527698516845703e-01,1.560924202203750610e-01,5.466247797012329102e-01,1.718958914279937744e-01,2.124278545379638672e-01,4.270985424518585205e-01
1.853088569641113281e+01,0.000000000000000000e+00,1.617832034826278687e-01,3.556496649980545044e-02,3.714953362941741943e-02,2.031067311763763428e-01,1.385465636849403381e-02,1.805022805929183960e-01,5.040087178349494934e-02,5.203067138791084290e-02,2.232015430927276611e-01,1.756450533866882324e-01,4.107703864574432373e-01,2.259087711572647095e-01,2.281661331653594971e-01,4.736491441726684570e-01
1.903171920776367188e+01,0.000000000000000000e+00,1.175321489572525024e-01,6.208448112010955811e-02,3.440875187516212463e-02,2.120946496725082397e-01,4.027966409921646118e-03,1.193567290902137756e-01,6.382603943347930908e-02,3.604333102703094482e-02,2.143503725528717041e-01,1.785146147012710571e-01,3.486268818378448486e-01,2.672601640224456787e-01,2.274002283811569214e-01,4.923375844955444336e-01
1.953255462646484375e+01,0.000000000000000000e+00,9.070906043052673340e-02,8.472052961587905884e-02,3.375133499503135681e-02,2.202351987361907959e-01,2.560380147770047188e-03,8.920821547508239746e-02,8.335758745670318604e-02,3.249441832304000854e-02,2.184994220733642578e-01,1.777088642120361328e-01,3.079929351806640625e-01,2.992291748523712158e-01,2.255797237157821655e-01,5.036287307739257812e-01
2.003338813781738281e+01,0.000000000000000000e+00,7.105811685323715210e-02,1.016880869865417480e-01,3.529573604464530945e-02,2.277274578809738159e-01,2.168187405914068222e-03,6.898230314254760742e-02,9.963471442461013794e-02,3.346299752593040466e-02,2.251679301261901855e-01,1.761132776737213135e-01,2.774084210395812988e-01,3.220557272434234619e-01,2.260386049747467041e-01,5.125234127044677734e-01
2.053422355651855469e+01,0.000000000000000000e+00,5.585934594273567200e-02,1.130040287971496582e-01,3.871105611324310303e-02,2.348444014787673950e-01,1.998184947296977043e-03,5.380466952919960022e-02,1.108882725238800049e-01,3.684785217046737671e-02,2.322304248809814453e-01,1.744348108768463135e-01,2.535406351089477539e-01,3.364724516868591309e-01,2.290548086166381836e-01,5.206366777420043945e-01
2.103505897521972656e+01,0.000000000000000000e+00,4.394716396927833557e-02,1.193085163831710815e-01,4.343869909644126892e-02,2.418987005949020386e-01,1.866028527729213238e-03,4.206279665231704712e-02,1.173329502344131470e-01,4.170060902833938599e-02,2.394564449787139893e-01,1.728749126195907593e-01,2.347655445337295532e-01,3.436447978019714355e-01,2.340428382158279419e-01,5.288113355636596680e-01
2.153589248657226562e+01,0.000000000000000000e+00,3.458182886242866516e-02,1.214378699660301208e-01,4.887554794549942017e-02,2.491981983184814453e-01,1.744236331433057785e-03,3.289196640253067017e-02,1.196649447083473206e-01,4.730452224612236023e-02,2.469874024391174316e-01,1.714808344841003418e-01,2.199562489986419678e-01,3.448831737041473389e-01,2.401980012655258179e-01,5.376212000846862793e-01
2.203672790527343750e+01,0.000000000000000000e+00,2.721344493329524994e-02,1.202506646513938904e-01,5.447969585657119751e-02,2.570077478885650635e-01,1.624079421162605286e-03,2.569684199988842010e-02,1.186808869242668152e-01,5.307147279381752014e-02,2.550201714038848877e-01,1.702378392219543457e-01,2.082358598709106445e-01,3.414640724658966064e-01,2.467391341924667358e-01,5.474625825881958008e-01
2.253756332397460938e+01,0.000000000000000000e+00,2.141526155173778534e-02,1.165468990802764893e-01,5.981627106666564941e-02,2.655249834060668945e-01,1.491303555667400360e-03,2.003666758537292480e-02,1.151535734534263611e-01,5.854625999927520752e-02,2.637237310409545898e-01,1.691047549247741699e-01,1.989068686962127686e-01,3.345416784286499023e-01,2.530074119567871094e-01,5.585787296295166016e-01
2.303839683532714844e+01,0.000000000000000000e+00,1.685251109302043915e-02,1.110304817557334900e-01,6.456781923770904541e-02,2.748707234859466553e-01,1.337062916718423367e-03,1.557606831192970276e-02,1.097768992185592651e-01,6.340444833040237427e-02,2.732089161872863770e-01,1.680333763360977173e-01,1.914164870977401733e-01,3.251123428344726562e-01,2.584996521472930908e-01,5.710777044296264648e-01
2.353923225402832031e+01,0.000000000000000000e+00,1.326189469546079636e-02,1.042954176664352417e-01,6.852623075246810913e-02,2.850910425186157227e-01,1.159441308118402958e-03,1.205779705196619034e-02,1.031445860862731934e-01,6.743814051151275635e-02,2.835215926170349121e-01,1.669787615537643433e-01,1.853299289941787720e-01,3.140063583850860596e-01,2.628703415393829346e-01,5.849542021751403809e-01
2.404006767272949219e+01,0.000000000000000000e+00,1.043630018830299377e-02,9.682622551918029785e-02,7.157639414072036743e-02,2.961662709712982178e-01,9.666586411185562611e-04,9.300805628299713135e-03,9.573770314455032349e-02,7.053049653768539429e-02,2.946389019489288330e-01,1.659050732851028442e-01,1.803089529275894165e-01,3.018970787525177002e-01,2.659152150154113770e-01,6.001132726669311523e-01
2.454090118408203125e+01,0.000000000000000000e+00,8.212737739086151123e-03,8.900603652000427246e-02,7.367748767137527466e-02,3.080240786075592041e-01,7.818735321052372456e-04,7.226178422570228577e-03,8.791454136371612549e-02,7.262248545885086060e-02,3.064600825309753418e-01,1.647870540618896484e-01,1.760932952165603638e-01,2.893158793449401855e-01,2.675495445728302002e-01,6.163937449455261230e-01
2.504173660278320312e+01,0.000000000000000000e+00,6.462933029979467392e-03,8.112843334674835205e-02,7.484488189220428467e-02,3.205536305904388428e-01,6.269357400014996529e-04,5.753975827246904373e-03,7.996132969856262207e-02,7.372072339057922363e-02,3.188573718070983887e-01,1.636103987693786621e-01,1.724849343299865723e-01,2.766709625720977783e-01,2.677826881408691406e-01,6.335905194282531738e-01
2.554257011413574219e+01,0.000000000000000000e+00,5.085945129394531250e-03,7.341100275516510010e-02,7.513395696878433228e-02,3.336189389228820801e-01,5.058759707026183605e-04,4.736983217298984528e-03,7.212450355291366577e-02,7.390123605728149414e-02,3.317212760448455811e-01,1.623697876930236816e-01,1.693353950977325439e-01,2.642665505409240723e-01,2.666936814785003662e-01,6.514741182327270508e-01
2.604340553283691406e+01,0.000000000000000000e+00,4.002333153039216995e-03,6.600822508335113525e-02,7.462647557258605957e-02,3.470709621906280518e-01,4.123490361962467432e-04,4.027511924505233765e-03,6.459181010723114014e-02,7.327446341514587402e-02,3.449437022209167480e-01,1.610676199197769165e-01,1.665345877408981323e-01,2.523204982280731201e-01,2.644095718860626221e-01,6.698072552680969238e-01
2.654424095153808594e+01,0.000000000000000000e+00,3.149595344439148903e-03,5.902388691902160645e-02,7.341964542865753174e-02,3.607572019100189209e-01,3.398606495466083288e-04,3.518245182931423187e-03,5.748805031180381775e-02,7.195826619863510132e-02,3.584035634994506836e-01,1.597120314836502075e-01,1.640025526285171509e-01,2.409818619489669800e-01,2.610861361026763916e-01,6.883569359779357910e-01
2.704507446289062500e+01,0.000000000000000000e+00,2.478543668985366821e-03,5.252168700098991394e-02,7.161758840084075928e-02,3.745293617248535156e-01,2.882299304474145174e-04,3.138952190056443214e-03,5.088550597429275513e-02,7.006723433732986450e-02,3.719704151153564453e-01,1.583146154880523682e-01,1.616817563772201538e-01,2.303442656993865967e-01,2.568930983543395996e-01,7.069057226181030273e-01
2.754590988159179688e+01,0.000000000000000000e+00,1.950463978573679924e-03,4.653440415859222412e-02,6.932505220174789429e-02,3.882491886615753174e-01,2.701244375202804804e-04,2.842848654836416245e-03,4.481619223952293396e-02,6.770764291286468506e-02,3.855103850364685059e-01,1.568894088268280029e-01,1.595317274332046509e-01,2.204588502645492554e-01,2.520020902156829834e-01,7.252573966979980469e-01
2.804674530029296875e+01,0.000000000000000000e+00,1.534897019155323505e-03,4.107169061899185181e-02,6.664288789033889771e-02,4.017916321754455566e-01,3.164836671203374863e-04,2.584236208349466324e-03,3.928513824939727783e-02,6.497772037982940674e-02,3.988955318927764893e-01,1.554510295391082764e-01,1.575246006250381470e-01,2.113446295261383057e-01,2.465785443782806396e-01,7.432407140731811523e-01
2.854757881164550781e+01,0.000000000000000000e+00,1.207871828228235245e-03,3.612626716494560242e-02,6.366502493619918823e-02,4.150475859642028809e-01,4.391007823869585991e-04,2.322813961654901505e-03,3.428275138139724731e-02,6.197630241513252258e-02,4.120201170444488525e-01,1.540141254663467407e-01,1.556414365768432617e-01,2.029964774847030640e-01,2.407754063606262207e-01,7.607120871543884277e-01
2.904841423034667969e+01,0.000000000000000000e+00,9.505216730758547783e-04,3.167891129851341248e-02,6.047658994793891907e-02,4.279247224330902100e-01,7.943062810227274895e-04,1.991837518289685249e-03,2.972306497395038605e-02,5.879366770386695862e-02,4.247438907623291016e-01,1.525923460721969604e-01,1.538694649934768677e-01,1.953925490379333496e-01,2.347301095724105835e-01,7.775550484657287598e-01
2.954924964904785156e+01,0.000000000000000000e+00,7.480025524273514748e-04,2.770252525806427002e-02,5.715299770236015320e-02,4.403473734855651855e-01,1.217333017848432064e-03,1.736467937007546425e-03,2.544813044369220734e-02,5.560579150915145874e-02,4.370230436325073242e-01,1.511979103088378906e-01,1.522002220153808594e-01,1.884988844394683838e-01,2.285626977682113647e-01,7.936798334121704102e-01
3.005008316040039062e+01,0.000000000000000000e+00,5.886328290216624737e-04,2.416511066257953644e-02,5.375963076949119568e-02,4.522560834884643555e-01,1.240526908077299595e-03,1.528270775452256203e-03,2.170172147452831268e-02,5.246319621801376343e-02,4.490171968936920166e-01,1.498412489891052246e-01,1.506280452013015747e-01,1.822743564844131470e-01,2.223754078149795532e-01,8.090205192565917969e-01
3.055091857910156250e+01,0.000000000000000000e+00,4.632181371562182903e-04,2.103208377957344055e-02,5.035197734832763672e-02,4.636066257953643799e-01,1.171874348074197769e-03,1.321851275861263275e-03,1.833237893879413605e-02,4.936827346682548523e-02,4.605750441551208496e-01,1.485312730073928833e-01,1.491489410400390625e-01,1.766731590032577515e-01,2.162530571222305298e-01,8.235331773757934570e-01
3.105175209045410156e+01,0.000000000000000000e+00,3.645253018476068974e-04,1.826806180179119110e-02,4.697623848915100098e-02,4.743682742118835449e-01,1.102838898077607155e-03,1.115100225433707237e-03,1.528911013156175613e-02,4.631239548325538635e-02,4.716344773769378662e-01,1.472748517990112305e-01,1.477596908807754517e-01,1.716480553150177002e-01,2.102643698453903198e-01,8.371926546096801758e-01
3.155258750915527344e+01,0.000000000000000000e+00,2.868595474865287542e-04,1.583800278604030609e-02,4.366991668939590454e-02,4.845226109027862549e-01,1.030577812343835831e-03,9.199342457577586174e-04,1.263720262795686722e-02,4.325665906071662903e-02,4.821327030658721924e-01,1.460770964622497559e-01,1.464577466249465942e-01,1.671511828899383545e-01,2.044634222984313965e-01,8.499901890754699707e-01
3.205342102050781250e+01,0.000000000000000000e+00,2.257415617350488901e-04,1.370816864073276520e-02,4.046278819441795349e-02,4.940616190433502197e-01,9.507987415418028831e-04,7.498009363189339638e-04,1.042794156819581985e-02,4.019784554839134216e-02,4.919909834861755371e-01,1.449417322874069214e-01,1.452406495809555054e-01,1.631358265876770020e-01,1.988912969827651978e-01,8.619301915168762207e-01
3.255425643920898438e+01,0.000000000000000000e+00,1.776450080797076225e-04,1.184660103172063828e-02,3.737762197852134705e-02,5.029864907264709473e-01,8.685091743245720863e-04,6.123629282228648663e-04,8.648459799587726593e-03,3.717928752303123474e-02,5.011496543884277344e-01,1.438709199428558350e-01,1.441055983304977417e-01,1.595573574304580688e-01,1.935775429010391235e-01,8.730282783508300781e-01
3.305509185791015625e+01,0.000000000000000000e+00,1.397958840243518353e-04,1.022356096655130386e-02,3.443123027682304382e-02,5.113056302070617676e-01,8.043212001211941242e-04,5.129497731104493141e-04,7.232225034385919571e-03,3.426595032215118408e-02,5.095728635787963867e-01,1.428655534982681274e-01,1.430498957633972168e-01,1.563733965158462524e-01,1.885423064231872559e-01,8.833085298538208008e-01
3.355592727661132812e+01,0.000000000000000000e+00,1.100109075196087360e-04,8.811648003756999969e-03,3.163520991802215576e-02,5.190335512161254883e-01,1.234316965565085411e-03,3.465796471573412418e-04,6.164721678942441940e-03,3.133082017302513123e-02,5.170238018035888672e-01,1.419256776571273804e-01,1.420704871416091919e-01,1.535445302724838257e-01,1.837975531816482544e-01,8.928014039993286133e-01
3.405676269531250000e+01,0.000000000000000000e+00,8.657191210659220815e-05,7.585876621305942535e-03,2.899677678942680359e-02,5.261895656585693359e-01,2.126342616975307465e-03,0.000000000000000000e+00,5.960226524621248245e-03,2.839561179280281067e-02,5.234178900718688965e-01,1.410502940416336060e-01,1.411640793085098267e-01,1.510343104600906372e-01,1.793485730886459351e-01,9.015423655509948730e-01
3.455759429931640625e+01,2.317289352416992188e+00,4.404149483889341354e-03,6.523965392261743546e-03,2.651952207088470459e-02,5.327965021133422852e-01,2.730596780776977539e+00,5.249314755201339722e-02,5.466988682746887207e-02,4.851847514510154724e-02,5.813247561454772949e-01,3.374068021774291992e+00,1.004765033721923828e-01,1.008971333503723145e-01,1.103790029883384705e-01,7.330631017684936523e-01
3.505842971801757812e+01,1.567163825035095215e+00,8.326068520545959473e-02,5.873858463019132614e-03,2.420417778193950653e-02,5.388801693916320801e-01,1.948903918266296387e+00,1.448851823806762695e-01,6.523133814334869385e-02,7.595793902873992920e-02,6.525551676750183105e-01,2.976516246795654297e+00,2.419013381004333496e-01,1.403680890798568726e-01,1.641982942819595337e-01,8.958997130393981934e-01
3.555926513671875000e+01,1.205295324325561523e+00,2.015975117683410645e-01,8.149985224008560181e-03,2.205978147685527802e-02,5.444679260253906250e-01,1.314674615859985352e+00,2.328727394342422485e-01,3.174881637096405029e-02,4.601451754570007324e-02,5.940719246864318848e-01,2.548883676528930664e+00,4.617195427417755127e-01,1.811165809631347656e-01,2.005339115858078003e-01,1.026630163192749023e+00
3.606010055541992188e+01,9.670171737670898438e-01,2.966741323471069336e-01,1.791914924979209900e-02,2.017796970903873444e-02,5.495887398719787598e-01,1.017409086227416992e+00,3.183034062385559082e-01,3.044811636209487915e-02,3.667367622256278992e-02,5.787362456321716309e-01,2.166282415390014648e+00,6.656767725944519043e-01,2.234910279512405396e-01,2.268198430538177490e-01,1.136613488197326660e+00
3.656093597412109375e+01,7.855339646339416504e-01,3.542464077472686768e-01,3.806729614734649658e-02,1.886607334017753601e-02,5.542765855789184570e-01,8.189747929573059082e-01,3.734402656555175781e-01,4.856974631547927856e-02,3.368452936410903931e-02,5.767078399658203125e-01,1.831945180892944336e+00,8.221666812896728516e-01,2.783479094505310059e-01,2.486472427845001221e-01,1.237776517868041992e+00
3.706177139282226562e+01,6.403583884239196777e-01,3.795718550682067871e-01,6.833989173173904419e-02,1.868835277855396271e-02,5.585829019546508789e-01,6.654198765754699707e-01,3.972330987453460693e-01,7.888573408126831055e-02,2.827009186148643494e-02,5.811814665794372559e-01,1.547055006027221680e+00,9.232868552207946777e-01,3.486348688602447510e-01,2.682137787342071533e-01,1.331693053245544434e+00
3.756260299682617188e+01,5.225288867950439453e-01,3.815532326698303223e-01,1.061793342232704163e-01,2.034596540033817291e-02,5.626004338264465332e-01,5.413296222686767578e-01,3.970068097114562988e-01,1.160532236099243164e-01,2.873824164271354675e-02,5.824134945869445801e-01,1.310021162033081055e+00,9.721291661262512207e-01,4.325208067893981934e-01,2.871502041816711426e-01,1.417062163352966309e+00
3.806343841552734375e+01,4.264976680278778076e-01,3.680343627929687500e-01,1.480521857738494873e-01,2.448004484176635742e-02,5.664919018745422363e-01,4.404144287109375000e-01,3.808260858058929443e-01,1.570403426885604858e-01,3.162847459316253662e-02,5.832985043525695801e-01,1.116037130355834961e+00,9.776501655578613281e-01,5.255445241928100586e-01,3.070168197154998779e-01,1.492634892463684082e+00
3.856427383422851562e+01,3.481420278549194336e-01,3.449803590774536133e-01,1.904384195804595947e-01,3.150616586208343506e-02,5.705097317695617676e-01,3.583125770092010498e-01,3.551030158996582031e-01,1.983580887317657471e-01,3.744447976350784302e-02,5.843380093574523926e-01,9.586185216903686523e-01,9.512999653816223145e-01,6.219530701637268066e-01,3.290637433528900146e-01,1.557948231697082520e+00
3.906510925292968750e+01,2.841878831386566162e-01,3.166772425174713135e-01,2.303775548934936523e-01,4.153251275420188904e-02,5.749994516372680664e-01,2.915524840354919434e-01,3.244208991527557373e-01,2.371354699134826660e-01,4.636899009346961975e-02,5.860988497734069824e-01,8.312389850616455078e-01,9.043644070625305176e-01,7.156399488449096680e-01,3.540272116661071777e-01,1.613612890243530273e+00
3.956594467163085938e+01,2.319835424423217773e-01,2.861036360263824463e-01,2.656814157962799072e-01,5.435989797115325928e-02,5.803837776184082031e-01,2.372788935899734497e-01,2.918760776519775391e-01,2.712713181972503662e-01,5.823480337858200073e-02,5.891135334968566895e-01,7.281592488288879395e-01,8.463027477264404297e-01,8.009015917778015137e-01,3.820835649967193604e-01,1.661436319351196289e+00
4.006677627563476562e+01,1.893695592880249023e-01,2.552668154239654541e-01,2.949464023113250732e-01,6.953683495521545410e-02,5.871304869651794434e-01,1.931480020284652710e-01,2.594766616821289062e-01,2.994272410869598389e-01,7.259082794189453125e-02,5.938695669174194336e-01,6.446135044097900391e-01,7.841076850891113281e-01,8.730446100234985352e-01,4.129052758216857910e-01,1.704212307929992676e+00
4.056761169433593750e+01,1.545833200216293335e-01,2.254670411348342896e-01,3.174625337123870850e-01,8.644092828035354614e-02,5.957136154174804688e-01,1.572461724281311035e-01,2.284675538539886475e-01,3.209313750267028809e-01,8.879824727773666382e-02,6.008067727088928223e-01,5.767204165458679199e-01,7.224037051200866699e-01,9.287953972816467285e-01,4.457554221153259277e-01,1.745208382606506348e+00
4.106844711303710938e+01,1.261871606111526489e-01,1.974998414516448975e-01,3.330775797367095947e-01,1.043623983860015869e-01,6.065734624862670898e-01,1.280194073915481567e-01,1.995717734098434448e-01,3.356459736824035645e-01,1.061242222785949707e-01,6.103060841560363770e-01,5.213332176208496094e-01,6.639115810394287109e-01,9.664627909660339355e-01,4.795905053615570068e-01,1.787585139274597168e+00
4.156928253173828125e+01,1.030072495341300964e-01,1.718044430017471313e-01,3.420558869838714600e-01,1.225784122943878174e-01,6.200826764106750488e-01,1.042082011699676514e-01,1.731600016355514526e-01,3.438344001770019531e-01,1.238223165273666382e-01,6.226754188537597656e-01,4.758939445018768311e-01,6.099944114685058594e-01,9.858578443527221680e-01,5.131765007972717285e-01,1.833960413932800293e+00
4.207011795043945312e+01,2.457904100418090820e+00,1.499121338129043579e-01,3.449477553367614746e-01,1.404102891683578491e-01,6.365210413932800293e-01,2.715766429901123047e+00,1.763964593410491943e-01,3.813944458961486816e-01,1.664511412382125854e-01,6.909715533256530762e-01,5.089336395263671875e+00,2.974053919315338135e-01,5.541021227836608887e-01,2.851088941097259521e-01,9.643821716308593750e-01
4.257095336914062500e+01,1.628545761108398438e+00,1.928943544626235962e-01,3.426333963871002197e-01,1.572633385658264160e-01,6.560609340667724609e-01,2.013635635375976562e+00,2.632544636726379395e-01,4.328040778636932373e-01,2.233027368783950806e-01,7.966985106468200684e-01,4.435923576354980469e+00,4.475472569465637207e-01,6.808628439903259277e-01,3.943620622158050537e-01,1.231639146804809570e+00
4.307178497314453125e+01,1.243220925331115723e+00,2.871583998203277588e-01,3.379357755184173584e-01,1.726562082767486572e-01,6.787623167037963867e-01,1.347118496894836426e+00,3.203629851341247559e-01,3.738673329353332520e-01,2.001200914382934570e-01,7.359288930892944336e-01,3.770562171936035156e+00,6.785500049591064453e-01,7.702611684799194336e-01,4.825503826141357422e-01,1.488411307334899902e+00
4.357262039184570312e+01,9.951960444450378418e-01,3.663285672664642334e-01,3.360027670860290527e-01,1.862901598215103149e-01,7.045773863792419434e-01,1.039229631423950195e+00,3.867633044719696045e-01,3.555306196212768555e-01,2.016486674547195435e-01,7.365614175796508789e-01,3.095914602279663086e+00,9.112144112586975098e-01,8.482442498207092285e-01,5.601783394813537598e-01,1.774783372879028320e+00
4.407345581054687500e+01,8.079023957252502441e-01,4.120129644870758057e-01,3.407759368419647217e-01,1.981735378503799438e-01,7.333631515502929688e-01,8.353163599967956543e-01,4.286519289016723633e-01,3.557648956775665283e-01,2.101222276687622070e-01,7.585394978523254395e-01,2.455466032028198242e+00,1.088835000991821289e+00,9.225895404815673828e-01,6.248277425765991211e-01,2.098616600036621094e+00
4.457429122924804688e+01,6.584731340408325195e-01,4.277535080909729004e-01,3.531576693058013916e-01,2.086727619171142578e-01,7.649071216583251953e-01,6.779713034629821777e-01,4.421685636043548584e-01,3.660954236984252930e-01,2.189793437719345093e-01,7.870134711265563965e-01,1.920923829078674316e+00,1.177011489868164062e+00,9.897371530532836914e-01,6.707506179809570312e-01,2.431911706924438477e+00
4.507512664794921875e+01,5.372821092605590820e-01,4.217761754989624023e-01,3.716094791889190674e-01,2.184031456708908081e-01,7.989667654037475586e-01,5.512495636940002441e-01,4.337112903594970703e-01,3.827122449874877930e-01,2.271521985530853271e-01,8.181388378143310547e-01,1.516323208808898926e+00,1.178104162216186523e+00,1.048650145530700684e+00,6.995706558227539062e-01,2.747686386108398438e+00
4.557595825195312500e+01,4.385338127613067627e-01,4.015921950340270996e-01,3.934127986431121826e-01,2.280289828777313232e-01,8.353138566017150879e-01,4.482834637165069580e-01,4.108450710773468018e-01,4.025575220584869385e-01,2.351233810186386108e-01,8.512282371520996094e-01,1.218250989913940430e+00,1.120379447937011719e+00,1.099380373954772949e+00,7.171591520309448242e-01,3.035164594650268555e+00
4.607679367065429688e+01,3.579653799533843994e-01,3.729485273361206055e-01,4.156714677810668945e-01,2.380816042423248291e-01,8.737745285034179688e-01,3.645371496677398682e-01,3.796665668487548828e-01,4.228157401084899902e-01,2.435406446456909180e-01,8.863214850425720215e-01,9.968711733818054199e-01,1.033061742782592773e+00,1.140110850334167480e+00,7.287092804908752441e-01,3.291582107543945312e+00
4.657762908935546875e+01,2.922062277793884277e-01,3.399613499641418457e-01,4.358859360218048096e-01,2.488539963960647583e-01,9.142494797706604004e-01,2.964400649070739746e-01,3.445146679878234863e-01,4.411164820194244385e-01,2.528077960014343262e-01,9.235625267028808594e-01,8.296535611152648926e-01,9.360199570655822754e-01,1.168238282203674316e+00,7.376000881195068359e-01,3.518823146820068359e+00
4.707846450805664062e+01,2.385288029909133911e-01,3.054677546024322510e-01,4.521985650062561035e-01,2.603774666786193848e-01,9.567155241966247559e-01,2.410731911659240723e-01,3.082950413227081299e-01,4.556984007358551025e-01,2.630125582218170166e-01,9.630777835845947266e-01,7.011356353759765625e-01,8.402096033096313477e-01,1.181708812713623047e+00,7.455487251281738281e-01,3.721732616424560547e+00
4.757929992675781250e+01,1.947121918201446533e-01,2.713547646999359131e-01,4.634322524070739746e-01,2.724563777446746826e-01,1.001209259033203125e+00,1.960482448339462280e-01,2.728678882122039795e-01,4.654376506805419922e-01,2.739721238613128662e-01,1.004962325096130371e+00,6.007816195487976074e-01,7.508434653282165527e-01,1.179690122604370117e+00,7.530758380889892578e-01,3.905944347381591797e+00
4.808013534545898438e+01,1.589447259902954102e-01,2.388210296630859375e-01,4.690214097499847412e-01,2.847324609756469727e-01,1.047799468040466309e+00,1.594193577766418457e-01,2.393633872270584106e-01,4.697840809822082520e-01,2.853157520294189453e-01,1.049282193183898926e+00,5.213119387626647949e-01,6.699768304824829102e-01,1.162716388702392578e+00,7.599627375602722168e-01,4.076367378234863281e+00
4.858096694946289062e+01,1.297477334737777710e-01,2.085752040147781372e-01,4.688959121704101562e-01,2.967570424079895020e-01,1.096555471420288086e+00,1.296066939830780029e-01,2.084137946367263794e-01,4.686574935913085938e-01,2.965712547302246094e-01,1.096069931983947754e+00,4.575938880443572998e-01,5.980567932128906250e-01,1.132448434829711914e+00,7.656237483024597168e-01,4.236612796783447266e+00
4.908180236816406250e+01,1.059138476848602295e-01,1.809824258089065552e-01,4.633534252643585205e-01,3.080564737319946289e-01,1.147519946098327637e+00,1.053292825818061829e-01,1.803158372640609741e-01,4.623302519321441650e-01,3.072387874126434326e-01,1.145317316055297852e+00,4.059353470802307129e-01,5.347542762756347656e-01,1.091253519058227539e+00,7.693642377853393555e-01,4.389028549194335938e+00
4.958263778686523438e+01,8.645809441804885864e-02,1.561740189790725708e-01,4.529412984848022461e-01,3.181832432746887207e-01,1.200685262680053711e+00,8.555012196302413940e-02,1.551458835601806641e-01,4.513181746006011963e-01,3.168470561504364014e-01,1.196964859962463379e+00,3.636310398578643799e-01,4.793979525566101074e-01,1.041777372360229492e+00,7.705478072166442871e-01,4.534981727600097656e+00
5.008347320556640625e+01,7.057623565196990967e-02,1.341251581907272339e-01,4.383555352687835693e-01,3.267524838447570801e-01,1.255980610847473145e+00,6.942928582429885864e-02,1.328381448984146118e-01,4.362863302230834961e-01,3.249917030334472656e-01,1.250896453857421875e+00,3.286663591861724854e-01,4.311891794204711914e-01,9.866104722023010254e-01,7.686921954154968262e-01,4.675177574157714844e+00
5.058430862426757812e+01,1.450815200805664062e+00,1.459540873765945435e-01,4.203953146934509277e-01,3.334631323814392090e-01,1.313265681266784668e+00,1.755668640136718750e+00,2.063020169734954834e-01,5.149598121643066406e-01,4.162816703319549561e-01,1.581845521926879883e+00,4.165504455566406250e+00,4.032422900199890137e-01,8.570460081100463867e-01,7.057158350944519043e-01,3.308094978332519531e+00
5.108514022827148438e+01,1.078769326210021973e+00,2.164410054683685303e-01,4.008411467075347900e-01,3.381091952323913574e-01,1.372332811355590820e+00,1.152308344841003418e+00,2.410722523927688599e-01,4.336589872837066650e-01,3.680059909820556641e-01,1.468847990036010742e+00,2.630706310272216797e+00,5.413728356361389160e-01,8.656871914863586426e-01,7.510284781455993652e-01,4.650808334350585938e+00
5.158597564697265625e+01,8.565360903739929199e-01,2.857568264007568359e-01,3.836399018764495850e-01,3.406104445457458496e-01,1.432914733886718750e+00,8.815678954124450684e-01,2.976883351802825928e-01,3.974719047546386719e-01,3.535894453525543213e-01,1.476176023483276367e+00,1.860090136528015137e+00,6.497281193733215332e-01,8.221883773803710938e-01,7.450674772262573242e-01,5.362529277801513672e+00
5.208681106567382812e+01,6.937060952186584473e-01,3.295849263668060303e-01,3.725371658802032471e-01,3.410991430282592773e-01,1.494695782661437988e+00,7.070669531822204590e-01,3.377977013587951660e-01,3.812916576862335205e-01,3.494554162025451660e-01,1.523846268653869629e+00,1.420058608055114746e+00,7.112300992012023926e-01,7.861312031745910645e-01,7.311192750930786133e-01,5.791063785552978516e+00
5.258764648437500000e+01,5.650243163108825684e-01,3.477905392646789551e-01,3.689330518245697021e-01,3.399846255779266357e-01,1.557332754135131836e+00,5.738994479179382324e-01,3.543649613857269287e-01,3.757162988185882568e-01,3.464828729629516602e-01,1.581159353256225586e+00,1.124210357666015625e+00,7.280429601669311523e-01,7.643352746963500977e-01,7.147545814514160156e-01,6.108259677886962891e+00
5.308848190307617188e+01,4.609469175338745117e-01,3.466484844684600830e-01,3.719762563705444336e-01,3.378956913948059082e-01,1.620484232902526855e+00,4.669909775257110596e-01,3.517813682556152344e-01,3.773045539855957031e-01,3.429618477821350098e-01,1.640026569366455078e+00,9.099307060241699219e-01,7.123765945434570312e-01,7.550635933876037598e-01,6.977616548538208008e-01,6.364470481872558594e+00
5.358931732177734375e+01,3.762083351612091064e-01,3.325429558753967285e-01,3.795597851276397705e-01,3.355274498462677002e-01,1.683845996856689453e+00,3.801377713680267334e-01,3.362264633178710938e-01,3.835083842277526855e-01,3.392276167869567871e-01,1.698851346969604492e+00,7.486705780029296875e-01,6.765422224998474121e-01,7.542748451232910156e-01,6.814198493957519531e-01,6.578695774078369141e+00
5.409014892578125000e+01,3.070864677429199219e-01,3.105147778987884521e-01,3.892299532890319824e-01,3.334815204143524170e-01,1.747182488441467285e+00,3.094323277473449707e-01,3.128730654716491699e-01,3.918803036212921143e-01,3.359231948852539062e-01,1.757575631141662598e+00,6.244634389877319336e-01,6.299118995666503906e-01,7.575839161872863770e-01,6.666495203971862793e-01,6.760994911193847656e+00
5.459098434448242188e+01,2.506728470325469971e-01,2.842227518558502197e-01,3.987517952919006348e-01,3.321617543697357178e-01,1.810348153114318848e+00,2.518665492534637451e-01,2.854814529418945312e-01,4.002451002597808838e-01,3.335161209106445312e-01,1.816385984420776367e+00,5.272633433341979980e-01,5.788528323173522949e-01,7.611635327339172363e-01,6.539617776870727539e-01,6.918362140655517578e+00
5.509181976318359375e+01,2.046247571706771851e-01,2.562119662761688232e-01,4.063746929168701172e-01,3.317392766475677490e-01,1.873286724090576172e+00,2.050029337406158447e-01,2.566232383251190186e-01,4.068901538848876953e-01,3.322014808654785156e-01,1.875439524650573730e+00,4.502974748611450195e-01,5.274028182029724121e-01,7.621275186538696289e-01,6.434649825096130371e-01,7.056311130523681641e+00
5.559265518188476562e+01,1.670362353324890137e-01,2.281913459300994873e-01,4.109047055244445801e-01,3.321711719036102295e-01,1.936019778251647949e+00,1.668499559164047241e-01,2.279850691556930542e-01,4.106324613094329834e-01,3.319285809993743896e-01,1.934841394424438477e+00,3.887840509414672852e-01,4.779807627201080322e-01,7.585954666137695312e-01,6.349380016326904297e-01,7.179305553436279297e+00
5.609349060058593750e+01,1.363526284694671631e-01,2.012605667114257812e-01,4.116689264774322510e-01,3.332501053810119629e-01,1.998622059822082520e+00,1.357829868793487549e-01,2.006240487098693848e-01,4.107899963855743408e-01,3.324661850929260254e-01,1.994660139083862305e+00,3.392393589019775391e-01,4.319238662719726562e-01,7.496016025543212891e-01,6.279319524765014648e-01,7.290906906127929688e+00
5.659432220458984375e+01,1.113056242465972900e-01,1.760839819908142090e-01,4.084292054176330566e-01,3.346644937992095947e-01,2.061193466186523438e+00,1.104797273874282837e-01,1.751590371131896973e-01,4.071030318737030029e-01,3.334734439849853516e-01,2.054939031600952148e+00,2.990653514862060547e-01,3.898727595806121826e-01,7.349204421043395996e-01,6.218727827072143555e-01,7.393872737884521484e+00
5.709515762329101562e+01,9.085942804813385010e-02,1.530192792415618896e-01,4.012801051139831543e-01,3.360556066036224365e-01,2.123832225799560547e+00,8.986504375934600830e-02,1.519084274768829346e-01,3.996399343013763428e-01,3.345643877983093262e-01,2.115698814392089844e+00,2.662894725799560547e-01,3.520286679267883301e-01,7.148727774620056152e-01,6.161528825759887695e-01,7.490260601043701172e+00
5.759599304199218750e+01,7.416906952857971191e-02,1.322140246629714966e-01,3.905503451824188232e-01,3.370649516582489014e-01,2.186610698699951172e+00,7.306602597236633301e-02,1.309886425733566284e-01,3.887026906013488770e-01,3.353565633296966553e-01,2.176932573318481445e+00,2.393952608108520508e-01,3.183262944221496582e-01,6.901368498802185059e-01,6.102008223533630371e-01,7.581545352935791016e+00
5.809682846069335938e+01,6.054462492465972900e-02,1.136744841933250427e-01,3.767167031764984131e-01,3.373685777187347412e-01,2.249560117721557617e+00,5.937339738011360168e-02,1.123831123113632202e-01,3.747440576553344727e-01,3.355070054531097412e-01,2.238601446151733398e+00,2.172038704156875610e-01,2.885450422763824463e-01,6.615895628929138184e-01,6.035262942314147949e-01,7.668739318847656250e+00
5.859766387939453125e+01,4.942291229963302612e-02,9.731599688529968262e-02,3.603338897228240967e-01,3.366994261741638184e-01,2.312663078308105469e+00,4.821088910102844238e-02,9.599093347787857056e-02,3.582983314990997314e-01,3.347341418266296387e-01,2.300630092620849609e+00,1.987921446561813354e-01,2.623816132545471191e-01,6.301816105842590332e-01,5.957473516464233398e-01,7.752501010894775391e+00
5.909849929809570312e+01,4.034418985247612000e-02,8.299881964921951294e-02,3.419809937477111816e-01,3.348586261272430420e-01,2.375848770141601562e+00,3.911014273762702942e-02,8.166163414716720581e-02,3.399286270141601562e-01,3.328277170658111572e-01,2.362906932830810547e+00,1.834319978952407837e-01,2.394975125789642334e-01,5.968483686447143555e-01,5.866020321846008301e-01,7.833223819732666016e+00
5.959933090209960938e+01,3.293322771787643433e-02,7.055337727069854736e-02,3.222228288650512695e-01,3.317184746265411377e-01,2.438998222351074219e+00,3.169053792953491211e-02,6.921856850385665894e-02,3.201876282691955566e-01,3.296540975570678711e-01,2.425280570983886719e+00,1.705469042062759399e-01,2.195472866296768188e-01,5.624521970748901367e-01,5.759429931640625000e-01,7.911114215850830078e+00
6.010016632080078125e+01,2.688356675207614899e-02,5.979724228382110596e-02,3.015831112861633301e-01,3.272193670272827148e-01,2.501950502395629883e+00,2.564179711043834686e-02,5.847528576850891113e-02,2.995893359184265137e-01,3.251468241214752197e-01,2.487572908401489258e+00,1.596779972314834595e-01,2.021965235471725464e-01,5.277469158172607422e-01,5.637269616127014160e-01,7.986255168914794922e+00
6.060100173950195312e+01,2.194519340991973877e-02,5.054733157157897949e-02,2.805295586585998535e-01,3.213625252246856689e-01,2.564510583877563477e+00,2.070648968219757080e-02,4.925760999321937561e-02,2.785909175872802734e-01,3.193046152591705322e-01,2.549573898315429688e+00,1.504590213298797607e-01,1.871320307254791260e-01,4.933668076992034912e-01,5.499981641769409180e-01,8.058647155761718750e+00
6.110183715820312500e+01,1.791397109627723694e-02,4.262701794505119324e-02,2.594649493694305420e-01,3.142006397247314453e-01,2.626460790634155273e+00,1.661528460681438446e-02,4.152077063918113708e-02,2.575490176677703857e-01,3.122002184391021729e-01,2.611010074615478516e+00,1.425965279340744019e-01,1.740671247243881226e-01,4.598229527473449707e-01,5.348705053329467773e-01,8.128245353698730469e+00
6.160267257690429688e+01,1.462328433990478516e-02,3.587083518505096436e-02,2.387250661849975586e-01,3.058273792266845703e-01,2.687571763992309570e+00,2.844926342368125916e-02,4.626075550913810730e-02,2.288257032632827759e-01,3.023598790168762207e-01,2.654771566390991211e+00,1.358546465635299683e-01,1.627435386180877686e-01,4.275102615356445312e-01,5.185081362724304199e-01,8.194986343383789062e+00
6.210350418090820312e+01,1.193709485232830048e-02,3.012690320611000061e-02,2.185805141925811768e-01,2.963670790195465088e-01,2.747609615325927734e+00,1.409541256725788116e-02,3.148173540830612183e-02,2.166679948568344116e-01,2.925422489643096924e-01,2.727830648422241211e+00,1.300432235002517700e-01,1.529309451580047607e-01,3.967201709747314453e-01,5.011075735092163086e-01,8.258801460266113281e+00
6.260433959960937500e+01,9.744321927428245544e-03,2.525796182453632355e-02,1.992404907941818237e-01,2.859645783901214600e-01,2.806349992752075195e+00,1.164541207253932953e-02,2.621253393590450287e-02,1.975683122873306274e-01,2.825185656547546387e-01,2.786676406860351562e+00,1.250085830688476562e-01,1.444263458251953125e-01,3.676525354385375977e-01,4.828828871250152588e-01,8.319633483886718750e+00
6.310517501831054688e+01,7.954346947371959686e-03,2.114168740808963776e-02,1.808597445487976074e-01,2.747771143913269043e-01,2.863578081130981445e+00,1.210393197834491730e-02,2.380887046456336975e-02,1.792573034763336182e-01,2.702752351760864258e-01,2.841112136840820312e+00,1.206256821751594543e-01,1.370519101619720459e-01,3.404315114021301270e-01,4.640547037124633789e-01,8.377440452575683594e+00
6.360601043701171875e+01,6.493180058896541595e-03,1.767001859843730927e-02,1.635446995496749878e-01,2.629663348197937012e-01,2.919100761413574219e+00,1.135988719761371613e-02,2.081339992582798004e-02,1.621432453393936157e-01,2.583109736442565918e-01,2.895683526992797852e+00,1.167928129434585571e-01,1.306525468826293945e-01,3.151187300682067871e-01,4.448386430740356445e-01,8.432201385498046875e+00
6.410684204101562500e+01,5.300427787005901337e-03,1.474832650274038315e-02,1.473608613014221191e-01,2.506926953792572021e-01,2.972745656967163086e+00,1.076597254723310471e-02,1.825775951147079468e-02,1.461543440818786621e-01,2.459903359413146973e-01,2.948606491088867188e+00,1.134264990687370300e-01,1.250943541526794434e-01,2.917254269123077393e-01,4.254394471645355225e-01,8.483919143676757812e+00
6.460768127441406250e+01,4.326764494180679321e-03,1.229423191398382187e-02,1.323389858007431030e-01,9.838145375251770020e-01,3.026393890380859375e+00,2.051822654902935028e-02,2.937386557459831238e-02,1.525929421186447144e-01,1.048008561134338379e+00,3.305029153823852539e+00,1.105623319745063782e-01,1.202863976359367371e-01,2.704577445983886719e-01,1.484080553054809570e+00,8.618892669677734375e+00
6.510851287841796875e+01,3.531967988237738609e-03,1.023661531507968903e-02,1.184826418757438660e-01,5.641269683837890625e-01,3.105713605880737305e+00,1.867502182722091675e-02,2.628485299646854401e-02,1.369209736585617065e-01,6.011159420013427734e-01,3.376171588897705078e+00,1.078625917434692383e-01,1.161494180560112000e-01,2.504749596118927002e-01,8.441722393035888672e-01,9.285619735717773438e+00
6.560935211181640625e+01,2.883160952478647232e-03,8.514172397553920746e-03,1.057726293802261353e-01,4.146620333194732666e-01,3.203762292861938477e+00,5.645527504384517670e-03,1.505968160927295685e-02,1.083773002028465271e-01,4.202896356582641602e-01,3.252719640731811523e+00,1.041656285524368286e-01,1.113638207316398621e-01,2.303042262792587280e-01,6.314260959625244141e-01,9.527018547058105469e+00
6.611018371582031250e+01,2.353543648496270180e-03,7.074495311826467514e-03,9.417351335287094116e-02,3.488034307956695557e-01,3.300756216049194336e+00,3.720459993928670883e-03,1.080879475921392441e-02,9.185950458049774170e-02,3.472459018230438232e-01,3.281959772109985352e+00,1.009335368871688843e-01,1.064956635236740112e-01,2.128518819808959961e-01,5.376784801483154297e-01,9.646319389343261719e+00
6.661101531982421875e+01,1.921213581226766109e-03,5.872788839042186737e-03,8.363676816225051880e-02,3.098410665988922119e-01,3.389136314392089844e+00,3.980670589953660965e-03,8.755676448345184326e-03,7.985994219779968262e-02,3.071489036083221436e-01,3.353416204452514648e+00,9.787970036268234253e-02,1.025836169719696045e-01,1.971795558929443359e-01,4.820037186145782471e-01,9.724632263183593750e+00
6.711185455322265625e+01,1.568294363096356392e-03,4.870969802141189575e-03,7.410515099763870239e-02,2.804731428623199463e-01,3.467855453491210938e+00,4.379874095320701599e-03,7.502606138586997986e-03,6.975630670785903931e-02,2.781291902065277100e-01,3.430640220642089844e+00,9.533222764730453491e-02,9.923446178436279297e-02,1.830087602138519287e-01,4.404442608356475830e-01,9.786258697509765625e+00
6.761268615722656250e+01,1.280208933167159557e-03,4.036788828670978546e-03,6.551618874073028564e-02,2.553575336933135986e-01,3.537882804870605469e+00,4.664276260882616043e-03,6.680530961602926254e-03,6.077485531568527222e-02,2.536066472530364990e-01,3.503146886825561523e+00,9.315257519483566284e-02,9.637700021266937256e-02,1.704161465167999268e-01,4.054052233695983887e-01,9.838928222656250000e+00
6.811352539062500000e+01,1.045039505697786808e-03,3.342923242598772049e-03,5.780373886227607727e-02,2.327841967344284058e-01,3.600489854812622070e+00,4.988253116607666016e-03,6.274731829762458801e-03,5.255720764398574829e-02,2.316009551286697388e-01,3.568652391433715820e+00,9.127265959978103638e-02,9.390728920698165894e-02,1.592101305723190308e-01,3.744150698184967041e-01,9.885475158691406250e+00
6.861435699462890625e+01,8.530723280273377895e-04,2.766367746517062187e-03,5.090108513832092285e-02,2.121526747941970825e-01,3.656767845153808594e+00,7.317104376852512360e-03,6.431785412132740021e-03,4.423310235142707825e-02,2.115291059017181396e-01,3.625954627990722656e+00,8.964452147483825684e-02,9.178621321916580200e-02,1.492907404899597168e-01,3.465191721916198730e-01,9.927039146423339844e+00
6.911518859863281250e+01,6.963682826608419418e-04,2.287727780640125275e-03,4.474163427948951721e-02,1.932027041912078857e-01,3.707575082778930664e+00,9.773615747690200806e-03,6.645866669714450836e-03,3.941785916686058044e-02,1.919504404067993164e-01,3.675653457641601562e+00,8.824060112237930298e-02,8.998233079910278320e-02,1.405649483203887939e-01,3.212779164314270020e-01,9.964213371276855469e+00
6.961602783203125000e+01,5.684486241079866886e-04,1.890717074275016785e-03,3.926058486104011536e-02,1.757822483777999878e-01,3.753577470779418945e+00,9.613357484340667725e-03,6.921726744621992111e-03,3.741271048784255981e-02,1.738670468330383301e-01,3.720688581466674805e+00,8.704362809658050537e-02,8.846972137689590454e-02,1.329489052295684814e-01,2.984344363212585449e-01,9.997382164001464844e+00
7.011685943603515625e+01,4.640287952497601509e-04,1.561689889058470726e-03,3.439590707421302795e-02,1.597767621278762817e-01,3.795301198959350586e+00,8.411682210862636566e-03,7.101252209395170212e-03,3.496377170085906982e-02,1.584284007549285889e-01,3.762174367904663086e+00,8.604151755571365356e-02,8.722379058599472046e-02,1.263621300458908081e-01,2.778006494045257568e-01,1.002685070037841797e+01
7.061769866943359375e+01,3.787896130234003067e-04,1.289205509237945080e-03,3.008852526545524597e-02,1.460734128952026367e+00,3.858253717422485352e+00,4.022937268018722534e-02,4.412854090332984924e-02,7.745841145515441895e-02,1.710764765739440918e+00,5.041859626770019531e+00,8.724783360958099365e-02,9.106659144163131714e-02,1.258015930652618408e-01,2.107932090759277344e+00,1.111517238616943359e+01
7.111853027343750000e+01,3.092085244134068489e-04,1.063709845766425133e-03,2.628314867615699768e-02,7.991945147514343262e-01,3.996554374694824219e+00,1.731800660490989685e-02,2.316219545900821686e-02,5.404470860958099365e-02,8.457298874855041504e-01,4.410489559173583984e+00,8.401630073785781860e-02,8.646395802497863770e-02,1.165737733244895935e-01,1.098438739776611328e+00,1.214172649383544922e+01
7.161936187744140625e+01,2.524089941289275885e-04,8.772237924858927727e-04,2.292823791503906250e-02,5.586646199226379395e-01,4.160584926605224609e+00,8.738639764487743378e-03,7.418696302920579910e-03,4.266971722245216370e-02,5.594680905342102051e-01,4.205109596252441406e+00,8.126154541969299316e-02,7.860226184129714966e-02,1.129350066184997559e-01,7.659488916397094727e-01,1.248847103118896484e+01
7.212020111083984375e+01,2.060424885712563992e-04,7.230933406390249729e-04,1.997617259621620178e-02,4.502435624599456787e-01,4.314109802246093750e+00,6.722486577928066254e-03,5.641891621053218842e-03,3.714697435498237610e-02,4.421586990356445312e-01,4.251636981964111328e+00,7.790740579366683960e-02,7.711081951856613159e-02,1.039018258452415466e-01,6.213051676750183105e-01,1.264699459075927734e+01
7.262103271484375000e+01,1.681938156252726912e-04,5.957836983725428581e-04,1.738337986171245575e-02,3.858366906642913818e-01,4.447055816650390625e+00,6.386402994394302368e-03,5.261218175292015076e-03,3.424018248915672302e-02,3.768321573734283447e-01,4.362538814544677734e+00,7.524558156728744507e-02,7.516840100288391113e-02,9.580120444297790527e-02,5.368164181709289551e-01,1.274418830871582031e+01
7.312187194824218750e+01,1.372972765238955617e-04,4.906828980892896652e-04,1.510994788259267807e-02,3.382890224456787109e-01,4.559967517852783203e+00,6.425484083592891693e-03,5.275716073811054230e-03,3.203140199184417725e-02,3.299744129180908203e-01,4.477332592010498047e+00,7.302733510732650757e-02,7.344454526901245117e-02,8.880915492773056030e-02,4.754875600337982178e-01,1.281645202636718750e+01
7.362270355224609375e+01,1.120767556130886078e-04,4.039650666527450085e-04,1.311978697776794434e-02,2.989791333675384521e-01,4.656026363372802734e+00,6.558048538863658905e-03,5.414718762040138245e-03,2.996654063463211060e-02,2.915397584438323975e-01,4.580515384674072266e+00,7.115434855222702026e-02,7.200485467910766602e-02,8.255802839994430542e-02,4.258159697055816650e-01,1.287568759918212891e+01
7.412354278564453125e+01,9.148877143161371350e-05,3.324476419948041439e-04,1.138015929609537125e-02,2.649445235729217529e-01,4.738404750823974609e+00,6.724297069013118744e-03,5.606640130281448364e-03,2.790649980306625366e-02,2.583440244197845459e-01,4.670060157775878906e+00,6.957372277975082397e-02,7.082767784595489502e-02,7.688888907432556152e-02,3.838290572166442871e-01,1.292610168457031250e+01
7.462437438964843750e+01,7.468292460544034839e-05,2.734954468905925751e-04,9.861717931926250458e-03,2.349803298711776733e-01,4.809647560119628906e+00,6.927723065018653870e-03,5.843260325491428375e-03,2.583910711109638214e-02,2.293132841587066650e-01,4.747230052947998047e+00,6.826415657997131348e-02,6.988987326622009277e-02,7.175108790397644043e-02,3.479031622409820557e-01,1.296941280364990234e+01
7.512520599365234375e+01,6.096419019741006196e-05,2.249214740004390478e-04,8.538079448044300079e-03,2.084463536739349365e-01,4.871697425842285156e+00,7.195209152996540070e-03,6.144592538475990295e-03,2.379392273724079132e-02,2.040541023015975952e-01,4.813650131225585938e+00,6.721467524766921997e-02,6.917212158441543579e-02,6.713109463453292847e-02,3.171546757221221924e-01,1.300654888153076172e+01
7.562604522705078125e+01,4.976533091394230723e-05,1.849148538894951344e-04,7.385680917650461197e-03,1.849046051502227783e-01,4.926033020019531250e+00,7.564422674477100372e-03,6.546086631715297699e-03,2.180528640747070312e-02,1.823455244302749634e-01,4.870706558227539062e+00,6.641198694705963135e-02,6.865606456995010376e-02,6.301962584257125854e-02,2.909304499626159668e-01,1.303820323944091797e+01
7.612687683105468750e+01,4.062377774971537292e-05,1.519785000709816813e-04,6.383583415299654007e-03,1.640063524246215820e-01,4.973797321319580078e+00,8.084426634013652802e-03,7.099736016243696213e-03,1.988761872053146362e-02,1.639268249273300171e-01,4.919559001922607422e+00,6.583562493324279785e-02,6.832091510295867920e-02,5.939861014485359192e-02,2.686513662338256836e-01,1.306501483917236328e+01
7.662771606445312500e+01,3.316135553177446127e-05,1.248722255695611238e-04,5.513129755854606628e-03,1.454521417617797852e-01,5.015901565551757812e+00,8.821217343211174011e-03,7.887569256126880646e-03,1.801320910453796387e-02,1.484346091747283936e-01,4.961223125457763672e+00,6.545759737491607666e-02,6.814273446798324585e-02,5.623604357242584229e-02,2.497757077217102051e-01,1.308760929107666016e+01
7.712854766845703125e+01,2.706983286770991981e-05,1.025726378429681063e-04,4.757845308631658554e-03,1.289803832769393921e-01,5.053085803985595703e+00,9.803850203752517700e-03,9.003041312098503113e-03,1.610114239156246185e-02,1.354680359363555908e-01,4.996649265289306641e+00,6.524687260389328003e-02,6.809592247009277344e-02,5.349314212799072266e-02,2.338051050901412964e-01,1.310658073425292969e+01
7.762937927246093750e+01,2.209727972513064742e-05,8.423327381024137139e-05,4.103134851902723312e-03,1.143587008118629456e-01,5.085967063903808594e+00,1.087433286011219025e-02,1.047783903777599335e-02,1.399043295532464981e-02,1.247639134526252747e-01,5.026847362518310547e+00,6.517102569341659546e-02,6.815484911203384399e-02,5.112434551119804382e-02,2.202910035848617554e-01,1.312248039245605469e+01
7.813021850585937500e+01,1.803809391276445240e-05,6.915543781360611320e-05,3.536132629960775375e-03,1.013807654380798340e-01,5.115068435668945312e+00,1.191141270101070404e-02,1.203804183751344681e-02,1.156043540686368942e-02,1.162418723106384277e-01,5.052783966064453125e+00,6.519995629787445068e-02,6.829558312892913818e-02,4.908435791730880737e-02,2.088421732187271118e-01,1.313579940795898438e+01
7.863105010986328125e+01,1.472461099183419719e-05,5.676324144587852061e-05,3.045542631298303604e-03,8.986374735832214355e-02,5.140837192535400391e+00,1.209979690611362457e-02,1.256452500820159912e-02,9.646289050579071045e-03,1.100302040576934814e-01,5.075731754302978516e+00,6.530751287937164307e-02,6.849638372659683228e-02,4.733099415898323059e-02,1.991245150566101074e-01,1.314696216583251953e+01
7.913188934326171875e+01,1.201975373987806961e-05,4.658096440834924579e-05,2.621413907036185265e-03,7.964431494474411011e-02,5.163663864135742188e+00,1.188293844461441040e-02,1.281709782779216766e-02,9.186821058392524719e-03,1.044153496623039246e-01,5.095515727996826172e+00,6.547059118747711182e-02,6.873934715986251831e-02,4.582356289029121399e-02,1.908558756113052368e-01,1.315633296966552734e+01
7.963272094726562500e+01,9.811814379645511508e-06,3.821712016360834241e-05,2.255049534142017365e-03,7.057789713144302368e-02,5.183887958526611328e+00,1.143883727490901947e-02,1.281104609370231628e-02,8.999417535960674286e-03,1.000068783760070801e-01,5.112731933593750000e+00,6.567148864269256592e-02,6.900867074728012085e-02,4.452838376164436340e-02,1.838014721870422363e-01,1.316421222686767578e+01
8.013355255126953125e+01,8.009455996216274798e-06,3.134857979603111744e-05,1.938816625624895096e-03,6.253539025783538818e-02,5.201807022094726562e+00,1.091618742793798447e-02,1.277834549546241760e-02,8.996729739010334015e-03,9.648102521896362305e-02,5.127596378326416016e+00,6.589481979608535767e-02,6.929232180118560791e-02,4.341363161802291870e-02,1.777648925781250000e-01,1.317085647583007812e+01
8.063439178466796875e+01,6.538157322211191058e-06,2.570935066614765674e-05,1.666049007326364517e-03,5.540208891034126282e-02,5.217685222625732422e+00,1.034890580922365189e-02,1.273982226848602295e-02,9.117521345615386963e-03,9.369210898876190186e-02,5.140422344207763672e+00,6.612919270992279053e-02,6.958056986331939697e-02,4.245271161198616028e-02,1.725838631391525269e-01,1.317647552490234375e+01
8.113522338867187500e+01,5.337144102668389678e-06,2.108065018546767533e-05,1.430941047146916389e-03,4.907631129026412964e-02,5.231754302978515625e+00,9.820058941841125488e-03,1.267435960471630096e-02,9.412988089025020599e-03,9.133087843656539917e-02,5.151547908782958984e+00,6.636695563793182373e-02,6.986571103334426880e-02,4.162448272109031677e-02,1.681264042854309082e-01,1.318123817443847656e+01
8.163606262207031250e+01,4.356735189503524452e-06,1.728214556351304054e-05,1.228419831022620201e-03,4.346728324890136719e-02,5.244219779968261719e+00,9.488410316407680511e-03,1.233021169900894165e-02,1.017123740166425705e-02,8.890135586261749268e-02,5.161396503448486328e+00,6.660059839487075806e-02,7.014299184083938599e-02,4.090812802314758301e-02,1.642796397209167480e-01,1.318529129028320312e+01
8.213689422607421875e+01,3.556433057383401319e-06,1.416569921275367960e-05,1.054082182236015797e-03,3.849465027451515198e-02,5.255263328552246094e+00,9.552532806992530823e-03,1.116686780005693436e-02,1.194564811885356903e-02,8.585824072360992432e-02,5.170413017272949219e+00,6.682687252759933472e-02,7.040780782699584961e-02,4.028888046741485596e-02,1.609531939029693604e-01,1.318874549865722656e+01
8.263772583007812500e+01,2.903140966736827977e-06,1.160932970378780738e-05,9.040922741405665874e-04,3.408676385879516602e-02,5.265045642852783203e+00,9.959937073290348053e-03,9.146372787654399872e-03,1.472518034279346466e-02,8.228144049644470215e-02,5.178716659545898438e+00,6.704179197549819946e-02,7.065829634666442871e-02,3.975171968340873718e-02,1.580684334039688110e-01,1.319170188903808594e+01
8.313856506347656250e+01,2.369846242800122127e-06,9.512766155239660293e-06,7.751204539090394974e-04,3.017996996641159058e-02,5.273711204528808594e+00,1.039823517203330994e-02,7.133695762604475021e-03,1.756393909454345703e-02,7.884921133518218994e-02,5.186105728149414062e+00,6.724370270967483521e-02,7.089295238256454468e-02,3.928504139184951782e-02,1.555624753236770630e-01,1.319423866271972656e+01
8.363939666748046875e+01,1.934521151270018891e-06,7.793680197210051119e-06,6.642843363806605339e-04,2.671789191663265228e-02,5.281385898590087891e+00,1.070153620094060898e-02,5.689214915037155151e-03,1.982407085597515106e-02,7.595613598823547363e-02,5.192507743835449219e+00,6.743228435516357422e-02,7.111030817031860352e-02,3.887996450066566467e-02,1.533813923597335815e-01,1.319641876220703125e+01
8.414023590087890625e+01,1.579157583364576567e-06,6.384319476637756452e-06,5.690793623216450214e-04,2.365023270249366760e-02,5.288182258605957031e+00,1.088702678680419922e-02,4.763184115290641785e-03,2.152212895452976227e-02,7.357783615589141846e-02,5.198027610778808594e+00,6.760584563016891479e-02,7.131128013134002686e-02,3.852663189172744751e-02,1.514792591333389282e-01,1.319829940795898438e+01
8.464106750488281250e+01,1.289080273636500351e-06,5.229129783401731402e-06,4.873443103861063719e-04,1.605997204780578613e+00,5.298151493072509766e+00,2.213854528963565826e-02,3.699883446097373962e-02,4.278910532593727112e-02,1.699884057044982910e+00,5.957476615905761719e+00,6.965954601764678955e-02,8.035098016262054443e-02,8.103856444358825684e-02,2.108059167861938477e+00,1.363499164581298828e+01
8.514190673828125000e+01,1.052281731972470880e-06,4.282374902686569840e-06,4.172021872363984585e-04,7.361857295036315918e-01,5.365278720855712891e+00,2.114449441432952881e-02,3.215863928198814392e-02,3.436403349041938782e-02,7.758837342262268066e-01,6.041091442108154297e+00,6.651632487773895264e-02,7.368998974561691284e-02,7.471437007188796997e-02,9.369042515754699707e-01,1.482227516174316406e+01
8.564273834228515625e+01,8.589846061113348696e-07,3.506601842673262581e-06,3.570378758013248444e-04,4.430815279483795166e-01,5.476468086242675781e+00,1.222585700452327728e-02,9.561817161738872528e-03,3.335581347346305847e-02,4.442018866539001465e-01,5.602541446685791016e+00,6.263645738363265991e-02,6.009586527943611145e-02,7.395214587450027466e-02,5.756692290306091309e-01,1.520174694061279297e+01
8.614356994628906250e+01,7.011947786850214470e-07,2.871016704375506379e-06,3.054529370274394751e-04,3.283050656318664551e-01,5.590077400207519531e+00,9.875157848000526428e-03,8.072679862380027771e-03,2.782944962382316589e-02,3.220399916172027588e-01,5.552093505859375000e+00,6.133648008108139038e-02,5.554238706827163696e-02,6.897035241127014160e-02,4.379374384880065918e-01,1.535031414031982422e+01
8.664440917968750000e+01,5.723880462937813718e-07,2.350354179725400172e-06,2.612411044538021088e-04,2.706527709960937500e-01,5.690096855163574219e+00,9.638545103371143341e-03,8.119647391140460968e-03,2.464435435831546783e-02,2.636455297470092773e-01,5.612643718719482422e+00,5.958589911460876465e-02,5.484628304839134216e-02,6.276265531778335571e-02,3.715920746326446533e-01,1.542531394958496094e+01
8.714524078369140625e+01,4.672440923059184570e-07,1.923907120726653375e-06,2.233643317595124245e-04,2.330142855644226074e-01,5.774307250976562500e+00,9.984463453292846680e-03,8.571821264922618866e-03,2.231968566775321960e-02,2.272613346576690674e-01,5.692876815795898438e+00,5.841171741485595703e-02,5.425593256950378418e-02,5.817411467432975769e-02,3.300202190876007080e-01,1.547323894500732422e+01
8.764608001708984375e+01,3.814135425272979774e-07,1.574663315295765642e-06,1.909258717205375433e-04,2.038179934024810791e-01,5.844762802124023438e+00,1.053392700850963593e-02,9.168518707156181335e-03,2.030862495303153992e-02,2.003226131200790405e-01,5.767213821411132812e+00,5.762419104576110840e-02,5.385464057326316833e-02,5.451768264174461365e-02,2.992953956127166748e-01,1.550880908966064453e+01
8.814691162109375000e+01,3.113501350071601337e-07,1.288687485612172168e-06,2.106428861618041992e+00,1.793916523456573486e-01,5.904115676879882812e+00,3.351803496479988098e-02,4.012910276651382446e-02,2.112026214599609375e+00,1.789213716983795166e-01,5.976405143737792969e+00,6.606477499008178711e-02,6.934376060962677002e-02,2.785907030105590820e+00,2.591421306133270264e-01,1.508586788177490234e+01
8.864774322509765625e+01,2.541571291203581495e-07,1.054545577972021420e-06,1.266107916831970215e+00,1.901562362909317017e-01,5.954676151275634766e+00,3.292351216077804565e-02,3.485978767275810242e-02,1.323937892913818359e+00,2.050181031227111816e-01,6.593198299407958984e+00,6.559005379676818848e-02,6.791137903928756714e-02,1.594848275184631348e+00,2.713634371757507324e-01,1.626661109924316406e+01
8.914858245849609375e+01,2.074695828468975378e-07,8.628619525552494451e-07,8.580583333969116211e-01,2.508549988269805908e-01,5.999343395233154297e+00,2.167536504566669464e-02,2.199630811810493469e-02,8.723946809768676758e-01,2.569801211357116699e-01,6.237895488739013672e+00,6.442646682262420654e-02,6.565023958683013916e-02,1.068492293357849121e+00,3.402930796146392822e-01,1.672746086120605469e+01
8.964941406250000000e+01,1.693589410933782347e-07,7.059593372105155140e-07,6.128422021865844727e-01,3.168870806694030762e-01,6.042868614196777344e+00,2.757284045219421387e-02,2.746998332440853119e-02,6.141121983528137207e-01,3.167051374912261963e-01,6.122397899627685547e+00,6.853678077459335327e-02,6.709787249565124512e-02,7.658749222755432129e-01,4.140879511833190918e-01,1.695072555541992188e+01
9.015025329589843750e+01,1.382485237400032929e-07,5.775361273663293105e-07,4.466679394245147705e-01,3.647056221961975098e-01,6.089939117431640625e+00,1.682755723595619202e-02,6.731593515723943710e-03,4.492076933383941650e-01,3.635700047016143799e-01,6.136262416839599609e+00,6.870032101869583130e-02,6.582728028297424316e-02,5.671444535255432129e-01,4.682184159755706787e-01,1.709643173217773438e+01
9.065108489990234375e+01,1.128532574057317106e-07,4.724369375708192820e-07,3.279902637004852295e-01,3.900894820690155029e-01,6.143171787261962891e+00,1.298299431800842285e-02,6.642373744398355484e-03,3.303436040878295898e-01,3.877934217453002930e-01,6.163550853729248047e+00,7.003938406705856323e-02,6.530002504587173462e-02,4.263290464878082275e-01,4.972826242446899414e-01,1.720737075805664062e+01
9.115191650390625000e+01,9.212291729454591405e-08,3.864327311475790339e-07,2.414939701557159424e-01,3.965055942535400391e-01,6.202891349792480469e+00,1.489266939461231232e-02,1.034274883568286896e-02,2.443438619375228882e-01,3.916855156421661377e-01,6.199987411499023438e+00,7.239862531423568726e-02,6.131478771567344666e-02,3.191088736057281494e-01,5.091978311538696289e-01,1.730430221557617188e+01
9.165275573730468750e+01,7.520030465002491837e-08,3.160597543683252297e-07,1.779792457818984985e-01,1.083143115043640137e+00,6.284331798553466797e+00,1.486940681934356689e-02,2.487785555422306061e-02,1.940415650606155396e-01,1.142068862915039062e+00,7.088437557220458984e+00,5.431792512536048889e-02,6.293975561857223511e-02,2.512182295322418213e-01,1.346274733543395996e+00,1.817497634887695312e+01
9.215358734130859375e+01,6.138650832099301624e-08,2.584841354291711468e-07,1.312159597873687744e-01,7.308977246284484863e-01,6.412323474884033203e+00,6.915788166224956512e-03,1.776281930506229401e-02,1.339071244001388550e-01,7.433301210403442383e-01,6.643538475036621094e+00,5.269169062376022339e-02,5.911506339907646179e-02,1.917342841625213623e-01,9.064090847969055176e-01,1.867977714538574219e+01
9.265442657470703125e+01,5.011004589050571667e-08,2.113813195592229022e-07,9.675164520740509033e-02,5.893875360488891602e-01,6.555753707885742188e+00,4.230921156704425812e-03,1.415447797626256943e-02,9.613315761089324951e-02,5.896953940391540527e-01,6.570223808288574219e+00,5.103242397308349609e-02,5.405836552381515503e-02,1.486514061689376831e-01,7.339607477188110352e-01,1.890202522277832031e+01
9.315525817871093750e+01,4.090516370069963159e-08,1.728507896814335254e-07,7.134360074996948242e-02,5.125225782394409180e-01,6.693675518035888672e+00,5.263913422822952271e-03,1.176554616540670395e-02,7.331886142492294312e-02,5.092033147811889648e-01,6.642341136932373047e+00,4.983735829591751099e-02,4.929177835583686829e-02,1.199322342872619629e-01,6.397243142127990723e-01,1.903094291687011719e+01
9.365608978271484375e+01,3.339118848089128733e-08,1.413345103173924144e-07,5.260943248867988586e-02,4.567916989326477051e-01,6.819493770599365234e+00,6.874182727187871933e-03,1.031268201768398285e-02,5.897183343768119812e-02,4.520812332630157471e-01,6.749301910400390625e+00,4.899248480796813965e-02,4.546127468347549438e-02,1.005502417683601379e-01,5.715074539184570312e-01,1.912321662902832031e+01
9.415692901611328125e+01,2.725738745823491627e-08,1.155570714672649046e-07,3.879515081644058228e-02,4.094692170619964600e-01,6.932498931884765625e+00,8.228065446019172668e-03,9.594093076884746552e-03,4.936770722270011902e-02,4.041221439838409424e-01,6.857583522796630859e+00,4.834575206041336060e-02,4.247114062309265137e-02,8.682335913181304932e-02,5.144954323768615723e-01,1.919759178161621094e+01
9.465776062011718750e+01,2.225040240944053949e-08,9.447568771747683058e-08,2.860880643129348755e-02,3.669408857822418213e-01,7.033654689788818359e+00,9.292190894484519958e-03,9.384331293404102325e-03,4.244888946413993835e-02,3.613348305225372314e-01,6.958303451538085938e+00,4.781168699264526367e-02,4.010046645998954773e-02,7.660067826509475708e-02,4.645082354545593262e-01,1.926070594787597656e+01
9.515859985351562500e+01,1.816310479796356958e-08,7.723552641891728854e-08,2.109729498624801636e-02,3.281974196434020996e-01,7.124186038970947266e+00,1.017623860388994217e-02,9.504094719886779785e-03,3.710376843810081482e-02,3.226541578769683838e-01,7.049766540527343750e+00,4.736222326755523682e-02,3.816956654191017151e-02,6.866578012704849243e-02,4.203741252422332764e-01,1.931515693664550781e+01
9.565943145751953125e+01,1.482667144614424615e-08,6.313807432434259681e-08,1.555834431201219559e-02,2.929196059703826904e-01,7.205205917358398438e+00,1.097350288182497025e-02,9.830324910581111908e-03,3.273828327655792236e-02,2.878699600696563721e-01,7.132068634033203125e+00,4.699812456965446472e-02,3.656397014856338501e-02,6.232143193483352661e-02,3.816838264465332031e-01,1.936215972900390625e+01
9.616027069091796875e+01,1.210307676302591062e-08,5.161085425697820028e-08,1.147378329187631607e-02,2.609278857707977295e-01,7.277681350708007812e+00,1.173902768641710281e-02,1.028549764305353165e-02,2.904133126139640808e-02,2.569989860057830811e-01,7.205619335174560547e+00,4.672648757696151733e-02,3.520967811346054077e-02,5.714849010109901428e-02,3.481186926364898682e-01,1.940252304077148438e+01
9.666110229492187500e+01,9.879824958147764846e-09,4.218613725015529781e-08,8.461783640086650848e-03,2.320470064878463745e-01,7.342450618743896484e+00,1.249461993575096130e-02,1.081323623657226562e-02,2.585566975176334381e-02,2.300492674112319946e-01,7.270870208740234375e+00,4.655111953616142273e-02,3.406433388590812683e-02,5.288128927350044250e-02,3.192861080169677734e-01,1.943694496154785156e+01
9.716193389892578125e+01,8.064968248788773053e-09,3.448077379175629176e-08,6.240632850676774979e-03,2.060781121253967285e-01,7.400264739990234375e+00,1.323141995817422867e-02,1.136505510658025742e-02,2.310519665479660034e-02,2.069043070077896118e-01,7.328353881835937500e+00,4.646828770637512207e-02,3.309665992856025696e-02,4.933661967515945435e-02,2.947080135345458984e-01,1.946611785888671875e+01
9.766277313232421875e+01,6.583466660714520913e-09,2.818138078453102935e-08,4.602636210620403290e-03,1.828054785728454590e-01,7.451804161071777344e+00,1.391905732452869415e-02,1.189377624541521072e-02,2.075189910829067230e-02,1.873026639223098755e-01,7.378716468811035156e+00,4.646810516715049744e-02,3.228379786014556885e-02,4.637933522462844849e-02,2.738635838031768799e-01,1.949073219299316406e+01
9.816360473632812500e+01,5.374126921253719047e-09,2.303186086294317647e-08,3.394704544916749001e-03,1.620074063539505005e-01,7.497689723968505859e+00,1.452119089663028717e-02,1.235910877585411072e-02,1.877084374427795410e-02,1.708744466304779053e-01,7.422686576843261719e+00,4.653760418295860291e-02,3.160855546593666077e-02,4.390519112348556519e-02,2.562358081340789795e-01,1.951144027709960938e+01
9.866444396972656250e+01,4.386921048649128352e-09,1.882241562611852714e-08,2.503877272829413414e-03,1.434622704982757568e-01,7.538491725921630859e+00,1.500946097075939178e-02,1.273494493216276169e-02,1.713615283370018005e-02,1.571974158287048340e-01,7.461013793945312500e+00,4.666169360280036926e-02,3.105127066373825073e-02,4.182941839098930359e-02,2.413435727357864380e-01,1.952884101867675781e+01
9.916527557373046875e+01,3.581072993696921003e-09,1.538171545689692721e-08,1.846914528869092464e-03,1.269572675228118896e-01,7.574732303619384766e+00,1.537449844181537628e-02,1.301312819123268127e-02,1.581471972167491913e-02,1.458482146263122559e-01,7.494407176971435547e+00,4.682657122611999512e-02,3.059797547757625580e-02,4.008381441235542297e-02,2.287546843290328979e-01,1.954346275329589844e+01
9.966610717773437500e+01,2.923255637554689201e-09,1.256946635663780398e-08,1.362400827929377556e-03,1.122902035713195801e-01,7.606889247894287109e+00,1.562143117189407349e-02,1.319880876690149307e-02,1.476822048425674438e-02,1.364367008209228516e-01,7.523511409759521484e+00,4.701898992061614990e-02,3.023207560181617737e-02,3.861159458756446838e-02,2.180965244770050049e-01,1.955576515197753906e+01
1.001669464111328125e+02,2.386266961806882136e-09,1.027094942429584989e-08,1.005051075480878353e-03,9.927257895469665527e-02,7.635398387908935547e+00,1.576481759548187256e-02,1.330402400344610214e-02,1.395750790834426880e-02,1.286240965127944946e-01,7.548891544342041016e+00,4.722793400287628174e-02,2.993945591151714325e-02,3.736610710620880127e-02,2.090521305799484253e-01,1.956613922119140625e+01
1.006677780151367188e+02,1.947926264733723656e-09,8.392460948414282029e-09,7.414888823404908180e-04,8.773127198219299316e-02,7.660653114318847656e+00,1.582072861492633820e-02,1.334125455468893051e-02,1.334820780903100967e-02,1.221290826797485352e-01,7.571036815643310547e+00,4.744534194469451904e-02,2.970973215997219086e-02,3.630989044904708862e-02,2.013585269451141357e-01,1.957490158081054688e+01
1.011686172485351562e+02,1.590100939807825853e-09,6.857265866244688368e-09,5.470854812301695347e-04,7.750734686851501465e-02,7.683011054992675781e+00,1.579623296856880188e-02,1.331920363008975983e-02,1.291287690401077271e-02,1.167326569557189941e-01,7.590364456176757812e+00,4.766368120908737183e-02,2.953001111745834351e-02,3.541103750467300415e-02,1.947959065437316895e-01,1.958232498168945312e+01
1.016694488525390625e+02,1.298010254835446631e-09,5.602719177488779678e-09,4.036911414004862309e-04,6.845716387033462524e-02,7.702792167663574219e+00,1.568603515625000000e-02,1.324422191828489304e-02,1.263280492275953293e-02,1.122785434126853943e-01,7.607223987579345703e+00,4.787850007414817810e-02,2.939293719828128815e-02,3.464415669441223145e-02,1.891808360815048218e-01,1.958862876892089844e+01
1.021702804565429688e+02,1.059574428197151974e-09,4.577539680639119979e-09,2.979140845127403736e-04,6.045058742165565491e-02,7.720285892486572266e+00,1.545328367501497269e-02,1.313403248786926270e-02,1.248778402805328369e-02,1.087131947278976440e-01,7.621864795684814453e+00,4.808566346764564514e-02,2.928917855024337769e-02,3.398783504962921143e-02,1.843640655279159546e-01,1.959399795532226562e+01
1.026711196899414062e+02,8.649349569900266488e-10,3.739814236070060360e-09,2.198800648329779506e-04,5.337066203355789185e-02,7.735750198364257812e+00,1.502627227455377579e-02,1.308114454150199890e-02,1.242473162710666656e-02,1.061802804470062256e-01,7.634322166442871094e+00,4.828246310353279114e-02,2.921160683035850525e-02,3.342445567250251770e-02,1.802212446928024292e-01,1.959858512878417969e+01
1.031719512939453125e+02,7.060520501589451214e-10,3.055313335664777696e-09,1.623102871235460043e-04,4.711288958787918091e-02,7.749415397644042969e+00,1.438210718333721161e-02,1.321697887033224106e-02,1.243230979889631271e-02,1.048146560788154602e-01,7.644494533538818359e+00,4.846802353858947754e-02,2.915639430284500122e-02,3.293989598751068115e-02,1.766490191221237183e-01,1.960251235961914062e+01
1.036727905273437500e+02,5.763530763758240028e-10,2.496014728237128111e-09,1.198331738123670220e-04,4.158351197838783264e-02,7.761488437652587891e+00,1.365272514522075653e-02,1.307496707886457443e-02,1.286340970546007156e-02,1.033339500427246094e-01,7.653765678405761719e+00,4.864058271050453186e-02,2.911697141826152802e-02,3.252179548144340515e-02,1.735617965459823608e-01,1.960588455200195312e+01
1.041736221313476562e+02,4.704806544353345998e-10,2.039047819479833379e-09,8.848994184518232942e-05,3.669928386807441711e-02,7.772150516510009766e+00,1.335977949202060699e-02,1.182839926332235336e-02,1.433344744145870209e-02,1.008967906236648560e-01,7.662773132324218750e+00,4.880066961050033569e-02,2.909147366881370544e-02,3.216056153178215027e-02,1.708876341581344604e-01,1.960878753662109375e+01
1.046744537353515625e+02,3.840563145285358360e-10,1.665695248398435524e-09,6.535924330819398165e-05,3.238588571548461914e-02,7.781565666198730469e+00,1.372641324996948242e-02,9.328872896730899811e-03,1.701314188539981842e-02,9.770933538675308228e-02,7.671160697937011719e+00,4.894768819212913513e-02,2.907562069594860077e-02,3.184764832258224487e-02,1.685672402381896973e-01,1.961128807067871094e+01
1.051752929687500000e+02,3.135067205839447979e-10,1.360664358962537790e-09,4.828689998248592019e-05,2.857730351388454437e-02,7.789878368377685547e+00,1.430635899305343628e-02,6.707123480737209320e-03,1.987063512206077576e-02,9.449892491102218628e-02,7.678634166717529297e+00,4.908178374171257019e-02,2.906651236116886139e-02,3.157592192292213440e-02,1.665502190589904785e-01,1.961345100402832031e+01
1.056761245727539062e+02,2.559178702288278373e-10,1.111468361791878579e-09,3.568467582226730883e-05,2.521511912345886230e-02,7.797215938568115234e+00,1.471617631614208221e-02,4.772739950567483902e-03,2.212557569146156311e-02,9.179056435823440552e-02,7.685098648071289062e+00,4.920430108904838562e-02,2.906388789415359497e-02,3.133985400199890137e-02,1.647938340902328491e-01,1.961532402038574219e+01
1.061769638061523438e+02,2.089069750521588276e-10,9.078856555433389985e-10,2.638019577716477215e-05,2.224731631577014923e-02,7.803691864013671875e+00,1.493210159242153168e-02,3.464022185653448105e-03,2.381595224142074585e-02,8.958015590906143188e-02,7.690674781799316406e+00,4.931498318910598755e-02,2.906448394060134888e-02,3.113425336778163910e-02,1.632629483938217163e-01,1.961695098876953125e+01
1.066777954101562500e+02,1.705322827394439855e-10,7.415768554785984179e-10,1.950937985384371132e-05,1.962801441550254822e-02,7.809407711029052734e+00,1.502685341984033585e-02,2.544477581977844238e-03,2.512282319366931915e-02,8.774569630622863770e-02,7.695525646209716797e+00,4.941541329026222229e-02,2.906873263418674469e-02,3.095499426126480103e-02,1.619256138801574707e-01,1.961836433410644531e+01
1.071786346435546875e+02,1.392062853877717998e-10,6.057170875983786118e-10,1.443439396098256111e-05,1.731644198298454285e-02,7.814451694488525391e+00,1.505027431994676590e-02,1.852151122875511646e-03,2.618220075964927673e-02,8.619267493486404419e-02,7.699778079986572266e+00,4.950543493032455444e-02,2.907405979931354523e-02,3.079845570027828217e-02,1.607572585344314575e-01,1.961959457397460938e+01
1.076794662475585938e+02,1.136350666341989779e-10,4.947379728115208763e-10,1.068501205736538395e-05,1.527667324990034103e-02,7.818902492523193359e+00,1.503868773579597473e-02,1.305570360273122787e-03,2.706190384924411774e-02,8.486054837703704834e-02,7.703516006469726562e+00,4.958682879805564880e-02,2.908143773674964905e-02,3.066174685955047607e-02,1.597349196672439575e-01,1.962066459655761719e+01
1.081802978515625000e+02,9.276109047551273079e-11,4.040837942032027286e-10,7.914113666629418731e-06,1.347683649510145187e-02,7.822829246520996094e+00,1.500704139471054077e-02,8.596143452450633049e-04,2.781014144420623779e-02,8.370683342218399048e-02,7.706806659698486328e+00,4.965961351990699768e-02,2.908926643431186676e-02,3.054208122193813324e-02,1.588389575481414795e-01,1.962159729003906250e+01
1.086811370849609375e+02,7.572128341015726960e-11,3.300330009281537968e-10,5.865621915290830657e-06,1.188877690583467484e-02,7.826294422149658203e+00,1.496773120015859604e-02,4.819345194846391678e-04,2.845950238406658173e-02,8.269958198070526123e-02,7.709704875946044922e+00,4.972440749406814575e-02,2.909667231142520905e-02,3.043720126152038574e-02,1.580544561147689819e-01,1.962241554260253906e+01
1.091819686889648438e+02,6.181179179609586072e-11,2.695479672798484216e-10,4.350654762674821541e-06,1.048768311738967896e-02,7.829350948333740234e+00,1.495414413511753082e-02,7.468508556485176086e-05,2.910492755472660065e-02,8.177783340215682983e-02,7.712277412414550781e+00,4.978282749652862549e-02,2.910499647259712219e-02,3.034539520740509033e-02,1.573662906885147095e-01,1.962313079833984375e+01
1.096828079223632812e+02,5.045722173413480505e-11,2.201431398285436103e-10,3.229723915865179151e-06,9.251554496586322784e-03,7.832047939300537109e+00,1.496213022619485855e-02,0.000000000000000000e+00,2.977076731622219086e-02,8.091732859611511230e-02,7.714559078216552734e+00,4.983437806367874146e-02,2.911231480538845062e-02,3.026473894715309143e-02,1.567619144916534424e-01,1.962375640869140625e+01
1.101836395263671875e+02,4.118856297696815716e-11,1.797908488754274003e-10,2.399944605713244528e-06,8.161037229001522064e-03,7.834427356719970703e+00,1.496655121445655823e-02,0.000000000000000000e+00,3.034891933202743530e-02,8.016160130500793457e-02,7.716566562652587891e+00,4.988087341189384460e-02,2.912016957998275757e-02,3.019408881664276123e-02,1.562312990427017212e-01,1.962430381774902344e+01
1.106844711303710938e+02,3.362249020866237004e-11,1.468325599995878861e-10,1.785324343472893815e-06,7.198989391326904297e-03,7.836525917053222656e+00,1.496563851833343506e-02,0.000000000000000000e+00,3.085739910602569580e-02,7.949591428041458130e-02,7.718333721160888672e+00,4.992209747433662415e-02,2.912740409374237061e-02,3.013208135962486267e-02,1.557654589414596558e-01,1.962478256225585938e+01
1.111853103637695312e+02,2.744618074479454606e-11,1.199136623331042983e-10,1.329765154878259636e-06,6.350284442305564880e-03,7.838377475738525391e+00,1.496072113513946533e-02,0.000000000000000000e+00,3.130542486906051636e-02,7.890811562538146973e-02,7.719888687133789062e+00,4.995830357074737549e-02,2.913344092667102814e-02,3.007741458714008331e-02,1.553557664155960083e-01,1.962520408630371094e+01
1.116861419677734375e+02,2.240451921209363206e-11,9.792859578805490628e-11,9.918574050971074030e-07,5.601607728749513626e-03,7.840011119842529297e+00,1.495703309774398804e-02,0.000000000000000000e+00,3.169456869363784790e-02,7.839228212833404541e-02,7.721259117126464844e+00,4.999106004834175110e-02,2.913992665708065033e-02,3.002955578267574310e-02,1.549955010414123535e-01,1.962557220458984375e+01
1.121869812011718750e+02,1.828891552091427286e-11,7.997278533844465187e-11,7.409903446387033910e-07,4.941157530993223190e-03,7.841451644897460938e+00,1.494977064430713654e-02,0.000000000000000000e+00,3.204084187746047974e-02,7.793548703193664551e-02,7.722465515136718750e+00,5.001951381564140320e-02,2.914508059620857239e-02,2.998725324869155884e-02,1.546780318021774292e-01,1.962590026855468750e+01
1.126878128051757812e+02,1.492937370950464526e-11,6.530848778441011859e-11,5.545661565520276781e-07,4.358563106507062912e-03,7.842722892761230469e+00,1.494489796459674835e-02,0.000000000000000000e+00,3.234085813164710999e-02,7.753450423479080200e-02,7.723528861999511719e+00,5.004540830850601196e-02,2.915060147643089294e-02,2.995029650628566742e-02,1.543997973203659058e-01,1.962618446350097656e+01
1.131886444091796875e+02,1.218695457050333886e-11,5.333234201487790926e-11,4.158736714998667594e-07,3.844643477350473404e-03,7.843843936920166016e+00,1.493867859244346619e-02,0.000000000000000000e+00,3.260708227753639221e-02,7.718038558959960938e-02,7.724466323852539062e+00,5.006809160113334656e-02,2.915545366704463959e-02,2.991766296327114105e-02,1.541538536548614502e-01,1.962643623352050781e+01
1.136894836425781250e+02,9.948266169179653673e-12,4.355161023483766769e-11,3.125601608644501539e-07,3.391301957890391350e-03,7.844832897186279297e+00,1.493119355291128159e-02,0.000000000000000000e+00,3.284364938735961914e-02,7.686682790517807007e-02,7.725291252136230469e+00,5.008780956268310547e-02,2.915914542973041534e-02,2.988885901868343353e-02,1.539380699396133423e-01,1.962665748596191406e+01
1.141903152465820312e+02,8.120839070646646007e-12,3.556421823702748952e-11,2.354934736104041804e-07,2.991412766277790070e-03,7.845705509185791016e+00,1.492682844400405884e-02,0.000000000000000000e+00,3.304763510823249817e-02,7.659231126308441162e-02,7.726019382476806641e+00,5.010582879185676575e-02,2.916332706809043884e-02,2.986361831426620483e-02,1.537475436925888062e-01,1.962685012817382812e+01
1.146911544799804688e+02,6.629075326863853590e-12,2.904124336844393639e-11,1.779115876843206934e-07,2.638665260747075081e-03,7.846474647521972656e+00,1.492002233862876892e-02,0.000000000000000000e+00,3.323167189955711365e-02,7.634819298982620239e-02,7.726660251617431641e+00,5.012122541666030884e-02,2.916631661355495453e-02,2.984126284718513489e-02,1.535799354314804077e-01,1.962702369689941406e+01
1.151919860839843750e+02,5.411359294688056210e-12,2.371444707272019059e-11,1.348119553767901380e-07,2.327513182535767555e-03,7.847153663635253906e+00,1.491637714207172394e-02,0.000000000000000000e+00,3.338941931724548340e-02,7.613479346036911011e-02,7.727225303649902344e+00,5.013541132211685181e-02,2.916978485882282257e-02,2.982169575989246368e-02,1.534319818019866943e-01,1.962717437744140625e+01
1.156928176879882812e+02,4.417328482164695203e-12,1.936446662742508096e-11,1.024866591592399345e-07,2.053048694506287575e-03,7.847752571105957031e+00,1.491178944706916809e-02,0.000000000000000000e+00,3.353043645620346069e-02,7.594559341669082642e-02,7.727724075317382812e+00,5.014777183532714844e-02,2.917271293699741364e-02,2.980447001755237579e-02,1.533019393682479858e-01,1.962730598449707031e+01
1.161936569213867188e+02,3.605882953339190067e-12,1.581217622115271837e-11,7.818755420885281637e-08,1.810943242162466049e-03,7.848280429840087891e+00,1.490624807775020599e-02,0.000000000000000000e+00,3.365715593099594116e-02,7.577793300151824951e-02,7.728163242340087891e+00,5.015828087925910950e-02,2.917464636266231537e-02,2.978914976119995117e-02,1.531873941421508789e-01,1.962742233276367188e+01
1.166944885253906250e+02,2.943505682251323918e-12,1.291142279896684286e-11,5.987692475173389539e-08,1.597388996742665768e-03,7.848746776580810547e+00,1.490383222699165344e-02,0.000000000000000000e+00,3.376438468694686890e-02,7.563168555498123169e-02,7.728550434112548828e+00,5.016820877790451050e-02,2.917722612619400024e-02,2.977582439780235291e-02,1.530866175889968872e-01,1.962752342224121094e+01
1.171953277587890625e+02,2.402796061076739598e-12,1.054267263767005858e-11,4.604067527225197409e-08,1.409013872034847736e-03,7.849157333374023438e+00,1.489903591573238373e-02,0.000000000000000000e+00,3.386337310075759888e-02,7.550102472305297852e-02,7.728891849517822266e+00,5.017636343836784363e-02,2.917877957224845886e-02,2.976391091942787170e-02,1.529973298311233521e-01,1.962761497497558594e+01
1.176961593627929688e+02,1.961419525062235714e-12,8.608438614721158899e-12,3.555431504764783313e-08,1.242854865267872810e-03,7.849520206451416016e+00,1.489731110632419586e-02,0.000000000000000000e+00,3.394615277647972107e-02,7.538743317127227783e-02,7.729193687438964844e+00,5.018415674567222595e-02,2.918088808655738831e-02,2.975355274975299835e-02,1.529189646244049072e-01,1.962769317626953125e+01
1.181969985961914062e+02,1.601115832798594152e-12,7.028980696099917935e-12,2.758043038397772762e-08,1.096287276595830917e-03,7.849839687347412109e+00,1.489310339093208313e-02,0.000000000000000000e+00,3.402347862720489502e-02,7.528515160083770752e-02,7.729459285736083984e+00,5.019046366214752197e-02,2.918204106390476227e-02,2.974430285394191742e-02,1.528498083353042603e-01,1.962776374816894531e+01
1.186978302001953125e+02,1.307002032643889144e-12,5.739279711203248979e-12,2.149567102094351867e-08,9.670053841546177864e-04,7.850121974945068359e+00,1.489206030964851379e-02,0.000000000000000000e+00,3.408746048808097839e-02,7.519729435443878174e-02,7.729692935943603516e+00,5.019660294055938721e-02,2.918380871415138245e-02,2.973625063896179199e-02,1.527886241674423218e-01,1.962782478332519531e+01
1.191986618041992188e+02,1.066914785685657563e-12,4.686173324386366801e-12,1.683464034840653767e-08,8.529687765985727310e-04,7.850370883941650391e+00,1.488981954753398895e-02,0.000000000000000000e+00,3.414571285247802734e-02,7.511852681636810303e-02,7.729899883270263672e+00,5.020182952284812927e-02,2.918521501123905182e-02,2.972915954887866974e-02,1.527346968650817871e-01,1.962788009643554688e+01
1.196995010375976562e+02,8.709271368326221285e-13,3.826256152195117721e-12,1.324958454063107638e-08,7.523784297518432140e-04,7.850590229034423828e+00,1.488648634403944016e-02,0.000000000000000000e+00,3.419954702258110046e-02,7.504820823669433594e-02,7.730081558227539062e+00,5.020609125494956970e-02,2.918580546975135803e-02,2.972283214330673218e-02,1.526878178119659424e-01,1.962792778015136719e+01
1.202003326416015625e+02,7.109436737234853254e-13,3.124116633793083686e-12,1.048028686057023151e-08,6.636516773141920567e-04,7.850783348083496094e+00,1.488613896071910858e-02,0.000000000000000000e+00,3.424262255430221558e-02,7.498816400766372681e-02,7.730242729187011719e+00,5.021031200885772705e-02,2.918707579374313354e-02,2.971722185611724854e-02,1.526451557874679565e-01,1.962797164916992188e+01
1.207011718750000000e+02,5.803462094569611374e-13,2.550794428110569889e-12,8.331353384960493713e-09,5.853869370184838772e-04,7.850954055786132812e+00,1.488314196467399597e-02,0.000000000000000000e+00,3.428485989570617676e-02,7.493295520544052124e-02,7.730383872985839844e+00,5.021354556083679199e-02,2.918746694922447205e-02,2.971223741769790649e-02,1.526083350181579590e-01,1.962801170349121094e+01
1.212020034790039062e+02,4.737404045440651856e-13,2.082674961309538553e-12,6.655994866378023289e-09,5.163528257980942726e-04,7.851104736328125000e+00,1.488321274518966675e-02,0.000000000000000000e+00,3.431795537471771240e-02,7.488661259412765503e-02,7.730509281158447266e+00,5.021698400378227234e-02,2.918863296508789062e-02,2.970802970230579376e-02,1.525757312774658203e-01,1.962804222106933594e+01
1.217028350830078125e+02,3.867173779554394786e-13,1.700450977942802311e-12,5.343471887186979075e-09,4.554597253445535898e-04,7.851237773895263672e+00,1.488199364393949509e-02,0.000000000000000000e+00,3.434911370277404785e-02,7.484472543001174927e-02,7.730619907379150391e+00,5.021981149911880493e-02,2.918946556746959686e-02,2.970425784587860107e-02,1.525471359491348267e-01,1.962806892395019531e+01
1.222036743164062500e+02,8.646038770675659180e-01,4.594402387738227844e-03,1.002814542516716756e-06,4.017472965642809868e-04,7.851355075836181641e+00,1.011672616004943848e+00,5.322801694273948669e-02,8.332579582929611206e-02,7.091248035430908203e-02,7.813158035278320312e+00,1.111385345458984375e+00,6.646058708429336548e-02,1.000197678804397583e-01,1.267175972461700439e-01,1.966574859619140625e+01
1.227045059204101562e+02,6.043871045112609863e-01,4.225379601120948792e-02,1.967956632142886519e-04,3.545640211086720228e-04,8.473937034606933594e+00,6.918524503707885742e-01,8.069249242544174194e-02,7.457860559225082397e-02,7.726944237947463989e-02,8.537541389465332031e+00,8.421448469161987305e-01,1.427674293518066406e-01,1.450201421976089478e-01,1.277990043163299561e-01,2.055357933044433594e+01
1.232053451538085938e+02,4.702391922473907471e-01,8.983395248651504517e-02,1.843431731685996056e-03,3.203367232345044613e-04,8.283050537109375000e+00,5.113216042518615723e-01,1.125067472457885742e-01,4.059362784028053284e-02,8.364668488502502441e-02,8.373060226440429688e+00,6.542224287986755371e-01,1.894007623195648193e-01,1.375942379236221313e-01,1.237943470478057861e-01,2.070629692077636719e+01
1.237061767578125000e+02,3.785859346389770508e-01,1.258280575275421143e-01,6.785694975405931473e-03,3.490649978630244732e-04,8.216571807861328125e+00,4.148460030555725098e-01,1.512030512094497681e-01,2.789985202252864838e-02,8.273135870695114136e-02,8.168606758117675781e+00,5.231555700302124023e-01,2.205875515937805176e-01,1.285681575536727905e-01,1.189800277352333069e-01,2.082001686096191406e+01
1.242070083618164062e+02,3.078396022319793701e-01,1.466548293828964233e-01,1.598110422492027283e-02,5.865655839443206787e-04,8.186007499694824219e+00,3.363406956195831299e-01,1.710706949234008789e-01,3.867910057306289673e-02,7.787867635488510132e-02,8.104151725769042969e+00,4.253651201725006104e-01,2.347205430269241333e-01,1.260663717985153198e-01,1.164761632680892944e-01,2.090868186950683594e+01
1.247078475952148438e+02,2.510164082050323486e-01,1.550008952617645264e-01,2.912679500877857208e-02,1.279281103052198887e-03,8.169364929199218750e+00,2.796263992786407471e-01,1.804381459951400757e-01,7.703359425067901611e-02,4.954919964075088501e-02,8.070423126220703125e+00,3.483320176601409912e-01,2.323895841836929321e-01,1.266946643590927124e-01,1.174395009875297546e-01,2.098645401000976562e+01
1.252086791992187500e+02,2.048437893390655518e-01,1.544765383005142212e-01,4.507932066917419434e-02,2.716238144785165787e-03,8.159657478332519531e+00,2.309610247611999512e-01,1.793426424264907837e-01,9.284723550081253052e-02,4.520715400576591492e-02,8.057430267333984375e+00,2.875700592994689941e-01,2.218342572450637817e-01,1.321192681789398193e-01,1.157621741294860840e-01,2.105402374267578125e+01
1.257095184326171875e+02,1.672007292509078979e-01,1.481383889913558960e-01,6.238368898630142212e-02,5.148536991328001022e-03,8.153944015502929688e+00,1.893877089023590088e-01,1.701170206069946289e-01,1.070463955402374268e-01,4.348797351121902466e-02,8.056735038757324219e+00,2.398118078708648682e-01,2.083444446325302124e-01,1.428671032190322876e-01,1.110145896673202515e-01,2.110927009582519531e+01
1.262103500366210938e+02,1.364839226007461548e-01,1.382800340652465820e-01,7.964091747999191284e-02,8.726971223950386047e-03,8.150748252868652344e+00,1.549745351076126099e-01,1.572267562150955200e-01,1.202008277177810669e-01,4.255796968936920166e-02,8.061854362487792969e+00,2.027609944343566895e-01,1.965678781270980835e-01,1.592854559421539307e-01,1.033998057246208191e-01,2.114929389953613281e+01
1.267111816406250000e+02,1.114120781421661377e-01,1.265378594398498535e-01,9.570339322090148926e-02,1.347540877759456635e-02,8.149292945861816406e+00,1.268455535173416138e-01,1.427496820688247681e-01,1.320451796054840088e-01,4.306413605809211731e-02,8.069175720214843750e+00,1.742396950721740723e-01,1.862035840749740601e-01,1.770338267087936401e-01,9.704986214637756348e-02,2.117678070068359375e+01
1.272120208740234375e+02,9.094602614641189575e-02,1.140429154038429260e-01,1.097424775362014771e-01,1.929558441042900085e-02,8.149198532104492188e+00,1.038647592067718506e-01,1.278361529111862183e-01,1.419964879751205444e-01,4.515628889203071594e-02,8.077569007873535156e+00,1.509875953197479248e-01,1.737181842327117920e-01,1.912605315446853638e-01,9.589546173810958862e-02,2.119944572448730469e+01
1.277128524780273438e+02,7.423984259366989136e-02,1.015532612800598145e-01,1.212430819869041443e-01,2.599182538688182831e-02,8.150312423706054688e+00,8.514464646577835083e-02,1.132989227771759033e-01,1.497890502214431763e-01,4.871680960059165955e-02,8.086276054382324219e+00,1.311163157224655151e-01,1.588799357414245605e-01,2.008665353059768677e-01,9.874245524406433105e-02,2.122170257568359375e+01
1.282136840820312500e+02,6.060239672660827637e-02,8.955550193786621094e-02,1.299632340669631958e-01,3.330528736114501953e-02,8.152617454528808594e+00,6.994766741991043091e-02,9.963554143905639648e-02,1.552683860063552856e-01,5.345293506979942322e-02,8.095036506652832031e+00,1.141100227832794189e-01,1.430579721927642822e-01,2.064299732446670532e-01,1.039773225784301758e-01,2.124373435974121094e+01
1.287145233154296875e+02,4.947001114487648010e-02,7.834325730800628662e-02,1.358769834041595459e-01,4.094727337360382080e-02,8.156153678894042969e+00,5.765043199062347412e-02,8.710951358079910278e-02,1.584412455558776855e-01,5.902215093374252319e-02,8.103819847106933594e+00,9.953747689723968506e-02,1.269276589155197144e-01,2.085230499505996704e-01,1.110528931021690369e-01,2.126526832580566406e+01
1.292153625488281250e+02,4.038259014487266541e-02,6.807447969913482666e-02,1.391174644231796265e-01,4.862822592258453369e-02,8.160984039306640625e+00,4.773520305752754211e-02,7.583783566951751709e-02,1.594347059726715088e-01,6.507486850023269653e-02,8.112707138061523438e+00,8.688973635435104370e-02,1.106183901429176331e-01,2.075371295213699341e-01,1.196984946727752686e-01,2.128656768798828125e+01
1.297161865234375000e+02,3.296468779444694519e-02,5.881394818425178528e-02,1.399253010749816895e-01,5.607965216040611267e-02,8.167160987854003906e+00,3.977391123771667480e-02,6.583993136882781982e-02,1.584558039903640747e-01,7.128264755010604858e-02,8.121835708618164062e+00,7.568302005529403687e-02,9.422780573368072510e-02,2.038959860801696777e-01,1.294882446527481079e-01,2.130801582336425781e+01
1.302170257568359375e+02,2.690921537578105927e-02,5.056307092308998108e-02,1.386050879955291748e-01,6.306973844766616821e-02,8.174713134765625000e+00,3.305791318416595459e-02,5.678392946720123291e-02,1.551493704319000244e-01,7.688172161579132080e-02,8.133071899414062500e+00,6.569990515708923340e-02,7.816603034734725952e-02,1.981507092714309692e-01,1.396684050559997559e-01,2.132962608337402344e+01
1.307178649902343750e+02,2.196610532701015472e-02,4.328389465808868408e-02,1.354912519454956055e-01,6.941030919551849365e-02,8.183632850646972656e+00,2.769502811133861542e-02,4.885926842689514160e-02,1.506751030683517456e-01,8.251018077135086060e-02,8.144120216369628906e+00,5.715601891279220581e-02,6.303901970386505127e-02,1.908144950866699219e-01,1.494103521108627319e-01,2.135089302062988281e+01
1.312187042236328125e+02,1.793103292584419250e-02,3.691381588578224182e-02,2.302179336547851562e+00,7.789792865514755249e-02,8.193878173828125000e+00,5.005139485001564026e-02,7.414402067661285400e-02,2.346809625625610352e+00,8.084112405776977539e-02,8.658445358276367188e+00,6.849477440118789673e-02,9.211971610784530640e-02,2.842110157012939453e+00,1.265257745981216431e-01,2.143856811523437500e+01
1.317195281982421875e+02,1.463727653026580811e-02,3.137721493840217590e-02,1.485138177871704102e+00,1.407056748867034912e-01,8.205581665039062500e+00,3.867383673787117004e-02,5.464750155806541443e-02,1.525068521499633789e+00,1.484348773956298828e-01,8.861975669860839844e+00,6.479787826538085938e-02,8.564569056034088135e-02,1.771731972694396973e+00,1.953047513961791992e-01,2.245033645629882812e+01
1.322203674316406250e+02,1.194847654551267624e-02,2.659243717789649963e-02,1.058006525039672852e+00,2.455189377069473267e-01,8.220809936523437500e+00,2.892407961189746857e-02,4.090670868754386902e-02,1.068650722503662109e+00,2.492142468690872192e-01,8.489743232727050781e+00,6.348696351051330566e-02,8.159116655588150024e-02,1.247040629386901855e+00,3.103310167789459229e-01,2.286536598205566406e+01
1.327212066650390625e+02,9.753595106303691864e-03,2.247799560427665710e-02,7.875223755836486816e-01,3.424306511878967285e-01,8.244020462036132812e+00,2.556530013680458069e-02,4.072518646717071533e-02,7.896173000335693359e-01,3.431500792503356934e-01,8.363818168640136719e+00,6.780061870813369751e-02,8.257942646741867065e-02,9.246380329132080078e-01,4.158723056316375732e-01,2.307692527770996094e+01
1.332220306396484375e+02,7.961953058838844299e-03,1.895529776811599731e-02,5.981857180595397949e-01,4.112847447395324707e-01,8.279090881347656250e+00,3.827545046806335449e-02,4.452947899699211121e-02,5.961804986000061035e-01,4.050293862819671631e-01,8.322190284729003906e+00,7.587736845016479492e-02,8.450851589441299438e-02,7.014396190643310547e-01,4.905555546283721924e-01,2.321543502807617188e+01
1.337228698730468750e+02,6.499377079308032990e-03,1.595042645931243896e-02,4.597193002700805664e-01,4.509190618991851807e-01,8.327375411987304688e+00,3.181483596563339233e-02,3.366499766707420349e-02,4.604443013668060303e-01,4.428702890872955322e-01,8.346685409545898438e+00,9.029570966958999634e-02,7.792955636978149414e-02,5.246403813362121582e-01,5.500718951225280762e-01,2.332487869262695312e+01
1.342237091064453125e+02,5.305469036102294922e-03,1.339587569236755371e-02,3.565070331096649170e-01,4.667910933494567871e-01,8.387819290161132812e+00,3.748945891857147217e-02,3.487474471330642700e-02,3.547097444534301758e-01,4.567180275917053223e-01,8.376671791076660156e+00,8.262803405523300171e-02,6.777329742908477783e-02,4.019235074520111084e-01,5.803499221801757812e-01,2.343514251708984375e+01
1.347245483398437500e+02,4.330876283347606659e-03,1.123058516532182693e-02,2.787958979606628418e-01,4.653196930885314941e-01,8.457906723022460938e+00,4.639764502644538879e-02,2.839774079620838165e-02,2.615507543087005615e-01,4.674660563468933105e-01,8.426006317138671875e+00,7.372096925973892212e-02,5.741679668426513672e-02,3.131405711174011230e-01,5.790252089500427246e-01,2.354451370239257812e+01
1.352253723144531250e+02,3.535334486514329910e-03,9.400145150721073151e-03,2.198628485202789307e-01,4.520072340965270996e-01,8.534584045410156250e+00,3.677770122885704041e-02,2.168622612953186035e-02,2.014740109443664551e-01,4.580545127391815186e-01,8.499590873718261719e+00,6.654552370309829712e-02,4.805514216423034668e-02,2.445091158151626587e-01,5.611415505409240723e-01,2.364756774902343750e+01
1.357262115478515625e+02,2.885909983888268471e-03,7.856362499296665192e-03,1.748678833246231079e-01,4.310820400714874268e-01,8.614891052246093750e+00,3.059371188282966614e-02,1.712010055780410767e-02,1.573644727468490601e-01,4.364192783832550049e-01,8.577892303466796875e+00,5.047633871436119080e-02,5.106148123741149902e-02,1.844066083431243896e-01,5.386897325515747070e-01,2.374318504333496094e+01
1.362270507812500000e+02,2.355781849473714828e-03,6.557177752256393433e-03,1.402758210897445679e-01,4.056361615657806396e-01,8.696261405944824219e+00,2.594093792140483856e-02,1.367559283971786499e-02,1.238727197051048279e-01,4.098413288593292236e-01,8.658251762390136719e+00,3.981454670429229736e-02,5.005015060305595398e-02,1.417377442121505737e-01,5.100087523460388184e-01,2.382620811462402344e+01
1.367278747558593750e+02,1.923047006130218506e-03,5.465998779982328415e-03,1.134829074144363403e-01,3.778648674488067627e-01,8.776654243469238281e+00,2.201138995587825775e-02,1.170936692506074905e-02,9.916283935308456421e-02,3.808874189853668213e-01,8.737316131591796875e+00,3.821211308240890503e-02,4.361940547823905945e-02,1.146458014845848083e-01,4.760052859783172607e-01,2.389533424377441406e+01
1.372287139892578125e+02,1.569791813381016254e-03,4.551090765744447708e-03,9.256284683942794800e-02,3.492889702320098877e-01,8.854552268981933594e+00,1.892254687845706940e-02,1.091060135513544083e-02,8.099595457315444946e-02,3.513450920581817627e-01,8.813216209411621094e+00,3.770315647125244141e-02,3.858898207545280457e-02,9.579131007194519043e-02,4.421573877334594727e-01,2.395357513427734375e+01
1.377295532226562500e+02,1.281427801586687565e-03,3.785247914493083954e-03,7.609046250581741333e-02,3.209407031536102295e-01,8.928890228271484375e+00,1.671797037124633789e-02,1.085170917212963104e-02,6.752134114503860474e-02,3.224762380123138428e-01,8.884957313537597656e+00,3.750657662749290466e-02,3.473784029483795166e-02,8.219464868307113647e-02,4.101110100746154785e-01,2.400326538085937500e+01
1.382303771972656250e+02,1.046041375957429409e-03,3.145153401419520378e-03,6.300661712884902954e-02,2.934981286525726318e-01,8.998983383178710938e+00,1.534507889300584793e-02,1.107173878699541092e-02,5.739063024520874023e-02,2.951579988002777100e-01,8.952021598815917969e+00,3.751612454652786255e-02,3.172518312931060791e-02,7.205377519130706787e-02,3.805792927742004395e-01,2.404594039916992188e+01
1.387312164306640625e+02,8.538879337720572948e-04,2.610858296975493431e-03,5.252097174525260925e-02,2.673841714859008789e-01,9.064451217651367188e+00,1.482551451772451401e-02,1.114505063742399216e-02,4.976988583803176880e-02,2.698413729667663574e-01,9.014097213745117188e+00,3.767304122447967529e-02,2.932224608957767487e-02,6.426672637462615967e-02,3.538679480552673340e-01,2.408268547058105469e+01
1.392320556640625000e+02,6.970321410335600376e-04,2.165451645851135254e-03,4.404345899820327759e-02,2.428458184003829956e-01,9.125131607055664062e+00,1.493757311254739761e-02,1.101642102003097534e-02,4.398861899971961975e-02,2.468187510967254639e-01,9.071059226989746094e+00,3.793917223811149597e-02,2.737550996243953705e-02,5.814572423696517944e-02,3.300352394580841064e-01,2.411432075500488281e+01
1.397328948974609375e+02,5.689900717698037624e-04,1.794578158296644688e-03,3.713046386837959290e-02,2.200047373771667480e-01,9.181030273437500000e+00,1.541246287524700165e-02,1.073320955038070679e-02,3.957051411271095276e-02,2.262606769800186157e-01,9.122906684875488281e+00,3.828616440296173096e-02,2.577750012278556824e-02,5.324281379580497742e-02,3.089824318885803223e-01,2.414152717590332031e+01
1.402337188720703125e+02,4.644716391339898109e-04,1.486107241362333298e-03,3.144719451665878296e-02,1.988974809646606445e-01,9.232263565063476562e+00,1.606687158346176147e-02,1.030677836388349533e-02,3.619387745857238770e-02,2.081419378519058228e-01,9.169819831848144531e+00,3.869279101490974426e-02,2.445325069129467010e-02,4.925784096121788025e-02,2.905178070068359375e-01,2.416489410400390625e+01
1.407345581054687500e+02,3.791499475482851267e-04,1.229780376888811588e-03,2.673888392746448517e-02,1.795011609792709351e-01,9.279035568237304688e+00,1.675882749259471893e-02,9.760329499840736389e-03,3.361255303025245667e-02,1.923326998949050903e-01,9.212095260620117188e+00,3.913950920104980469e-02,2.334615401923656464e-02,4.597916081547737122e-02,2.743965983390808105e-01,2.418495559692382812e+01
1.412353973388671875e+02,3.095015708822757006e-04,1.016989350318908691e-03,2.281113527715206146e-02,1.617572456598281860e-01,9.321586608886718750e+00,1.740600354969501495e-02,9.116289205849170685e-03,3.162947297096252441e-02,1.786401420831680298e-01,9.250093460083007812e+00,3.961274400353431702e-02,2.241650223731994629e-02,4.325724020600318909e-02,2.603645622730255127e-01,2.420216560363769531e+01
1.417362213134765625e+02,2.526494208723306656e-04,8.404992404393851757e-04,1.951410435140132904e-02,1.455837041139602661e-01,1.045673084259033203e+01,2.000403217971324921e-02,8.427400141954421997e-03,3.169460222125053406e-02,1.769459247589111328e-01,1.090985107421875000e+01,3.803480044007301331e-02,1.999448798596858978e-02,3.972814604640007019e-02,2.489374876022338867e-01,2.586056327819824219e+01
1.422370605468750000e+02,2.062387939076870680e-04,6.942247855477035046e-04,1.673100329935550690e-02,1.308835148811340332e-01,1.025710582733154297e+01,1.969709806144237518e-02,7.275416515767574310e-03,2.970160916447639465e-02,1.629222184419631958e-01,1.040332508087158203e+01,3.837909549474716187e-02,1.884596794843673706e-02,3.769702091813087463e-02,2.390613108873367310e-01,2.587327575683593750e+01
1.427378997802734375e+02,1.683535956544801593e-04,5.730898701585829258e-04,1.437057461589574814e-02,1.175548955798149109e-01,1.019324874877929688e+01,1.961591094732284546e-02,6.275137420743703842e-03,2.846412546932697296e-02,1.525167375802993774e-01,1.019874858856201172e+01,3.891663625836372375e-02,1.825811900198459625e-02,3.618742153048515320e-02,2.302840501070022583e-01,2.588361358642578125e+01
1.432387237548828125e+02,1.374285784550011158e-04,4.728478670585900545e-04,1.236052997410297394e-02,1.054943650960922241e-01,1.017298221588134766e+01,1.965948008000850677e-02,5.435246508568525314e-03,2.769232168793678284e-02,1.444732397794723511e-01,1.012865447998046875e+01,3.946895897388458252e-02,1.783376745879650116e-02,3.492512553930282593e-02,2.225780040025711060e-01,2.589245414733886719e+01
1.437395629882812500e+02,1.121835812227800488e-04,3.899458388332277536e-04,1.064292248338460922e-02,9.459892660379409790e-02,1.017073726654052734e+01,1.967041753232479095e-02,4.672339651733636856e-03,2.717301249504089355e-02,1.378198415040969849e-01,1.010211181640625000e+01,3.998551145195960999e-02,1.748231425881385803e-02,3.384174033999443054e-02,2.158257067203521729e-01,2.590012550354003906e+01
1.442404022216796875e+02,9.157597378361970186e-05,3.214292228221893311e-04,9.171139448881149292e-03,8.477040380239486694e-02,1.017712688446044922e+01,1.963227987289428711e-02,3.970534075051546097e-03,2.682328596711158752e-02,1.321845650672912598e-01,1.009387111663818359e+01,4.046287387609481812e-02,1.717875897884368896e-02,3.290472552180290222e-02,2.099119424819946289e-01,2.590680122375488281e+01
1.447412414550781250e+02,7.475388702005147934e-05,2.648351655807346106e-04,7.907142862677574158e-03,7.591526210308074951e-02,1.018772792816162109e+01,1.955135725438594818e-02,3.326603677123785019e-03,2.660437300801277161e-02,1.273599117994308472e-01,1.009463977813720703e+01,4.090193286538124084e-02,1.691439747810363770e-02,3.209207206964492798e-02,2.047301977872848511e-01,2.591262054443359375e+01
1.452420654296875000e+02,6.102230690885335207e-05,2.181161980843171477e-04,6.819687783718109131e-03,6.794591993093490601e-02,1.020015239715576172e+01,1.944399997591972351e-02,2.737199887633323669e-03,2.648762799799442291e-02,1.231962740421295166e-01,1.010002517700195312e+01,4.130740091204643250e-02,1.668416522443294525e-02,3.138629347085952759e-02,2.001863718032836914e-01,2.591769409179687500e+01
1.457429046630859375e+02,4.981277379556559026e-05,1.795670686988160014e-04,5.882771685719490051e-03,6.078014522790908813e-02,1.021306228637695312e+01,1.931765861809253693e-02,2.197019290179014206e-03,2.646075934171676636e-02,1.195791214704513550e-01,1.010764217376708984e+01,4.167729988694190979e-02,1.648370176553726196e-02,3.077210299670696259e-02,1.961966603994369507e-01,2.592212867736816406e+01
1.462437438964843750e+02,4.066237670485861599e-05,1.477758196415379643e-04,5.074752960354089737e-03,5.434259772300720215e-02,1.022570896148681641e+01,1.918982155621051788e-02,1.697822706773877144e-03,2.650439366698265076e-02,1.164156869053840637e-01,1.011614799499511719e+01,4.201795905828475952e-02,1.630899682641029358e-02,3.023682162165641785e-02,1.926907747983932495e-01,2.592600440979003906e+01
1.467445678710937500e+02,3.319307143101468682e-05,1.215707161463797092e-04,4.377408884465694427e-03,4.856387153267860413e-02,1.023769092559814453e+01,1.907613128423690796e-02,1.201499020680785179e-03,2.660978585481643677e-02,1.136341616511344910e-01,1.012479400634765625e+01,4.233201965689659119e-02,1.615737006068229675e-02,2.976993471384048462e-02,1.896054297685623169e-01,2.592939376831054688e+01
1.472454071044921875e+02,2.709564068936742842e-05,9.997838060371577740e-05,3.775253891944885254e-03,4.337986931204795837e-02,1.024881744384765625e+01,1.899030990898609161e-02,6.577218882739543915e-04,2.682094089686870575e-02,1.111524626612663269e-01,1.013316535949707031e+01,4.261634498834609985e-02,1.602577790617942810e-02,2.936212904751300812e-02,1.868881583213806152e-01,2.593236541748046875e+01
1.477462463378906250e+02,2.211827813880518079e-05,8.219484880100935698e-05,3.255167510360479355e-03,3.873253241181373596e-02,1.025901603698730469e+01,1.898008771240711212e-02,0.000000000000000000e+00,2.723209932446479797e-02,1.088675707578659058e-01,1.014106559753417969e+01,4.287670180201530457e-02,1.591094769537448883e-02,2.900503762066364288e-02,1.844919174909591675e-01,2.593497276306152344e+01
1.482470855712890625e+02,1.805523606890346855e-05,6.755405047442764044e-05,2.805916126817464828e-03,3.456880897283554077e-02,1.026828479766845703e+01,1.899780333042144775e-02,0.000000000000000000e+00,2.772832103073596954e-02,1.067939922213554382e-01,1.014836692810058594e+01,4.311365261673927307e-02,1.581118069589138031e-02,2.869231998920440674e-02,1.823764741420745850e-01,2.593726348876953125e+01
1.487479095458984375e+02,1.473864904255606234e-05,5.550544301513582468e-05,2.417874056845903397e-03,3.084057942032814026e-02,1.027665901184082031e+01,1.902077347040176392e-02,0.000000000000000000e+00,2.823902294039726257e-02,1.049304306507110596e-01,1.015502643585205078e+01,4.333059489727020264e-02,1.572445221245288849e-02,2.841817960143089294e-02,1.805078387260437012e-01,2.593927574157714844e+01
1.492487487792968750e+02,1.203121337312040851e-05,4.559297303785569966e-05,2.082728315144777298e-03,2.750386856496334076e-02,1.028419494628906250e+01,1.904221810400485992e-02,0.000000000000000000e+00,2.876518666744232178e-02,1.032485291361808777e-01,1.016106128692626953e+01,4.352392628788948059e-02,1.564911194145679474e-02,2.817758172750473022e-02,1.788557022809982300e-01,2.594104957580566406e+01
1.497495880126953125e+02,9.821134881349280477e-06,3.744099012692458928e-05,1.793344272300601006e-03,2.451916597783565521e-02,1.029095840454101562e+01,1.906586624681949615e-02,0.000000000000000000e+00,2.928796038031578064e-02,1.017314717173576355e-01,1.016650009155273438e+01,4.369958490133285522e-02,1.558291353285312653e-02,2.796581201255321503e-02,1.773934364318847656e-01,2.594261360168457031e+01
1.502504119873046875e+02,8.017086656764149666e-06,3.073910920647904277e-05,1.543553546071052551e-03,2.185069024562835693e-02,1.029701614379882812e+01,1.909059472382068634e-02,0.000000000000000000e+00,2.979935146868228912e-02,1.003624349832534790e-01,1.017138671875000000e+01,4.385992884635925293e-02,1.552530936896800995e-02,2.777977660298347473e-02,1.760994642972946167e-01,2.594399070739746094e+01
1.507512512207031250e+02,6.544384177686879411e-06,2.523071634641382843e-05,1.328000915236771107e-03,1.946588791906833649e-02,1.030243206024169922e+01,1.910975016653537750e-02,0.000000000000000000e+00,3.030491806566715240e-02,9.912327677011489868e-02,1.017576980590820312e+01,4.400109127163887024e-02,1.547526475042104721e-02,2.761610783636569977e-02,1.749527901411056519e-01,2.594521141052246094e+01
1.512520904541015625e+02,5.342209988157264888e-06,2.070473419735208154e-05,1.142071792855858803e-03,1.733560860157012939e-02,1.030727100372314453e+01,1.912832260131835938e-02,0.000000000000000000e+00,3.078779019415378571e-02,9.800510108470916748e-02,1.017969036102294922e+01,4.412896186113357544e-02,1.543098222464323044e-02,2.747164666652679443e-02,1.739369779825210571e-01,2.594628906250000000e+01
1.517529144287109375e+02,4.360896127764135599e-06,1.698707819741684943e-05,9.817667305469512939e-04,1.543355174362659454e-02,1.031158924102783203e+01,1.914622820913791656e-02,0.000000000000000000e+00,3.124396130442619324e-02,9.699707478284835815e-02,1.018319606781005859e+01,4.424560815095901489e-02,1.539238542318344116e-02,2.734446339309215546e-02,1.730359494686126709e-01,2.594723892211914062e+01
1.522537536621093750e+02,3.559817969289724715e-06,1.393399543303530663e-05,8.436061907559633255e-04,1.373585965484380722e-02,1.031543922424316406e+01,1.915711909532546997e-02,0.000000000000000000e+00,3.168392181396484375e-02,9.608533978462219238e-02,1.018632602691650391e+01,4.434690997004508972e-02,1.535888109356164932e-02,2.723246254026889801e-02,1.722371280193328857e-01,2.594808197021484375e+01
1.527545928955078125e+02,2.905894234572770074e-06,1.142739438364515081e-05,7.245889282785356045e-04,1.222122367471456528e-02,1.031887149810791016e+01,1.916723139584064484e-02,0.000000000000000000e+00,3.209278360009193420e-02,9.526405483484268188e-02,1.018911838531494141e+01,4.443859681487083435e-02,1.532900799065828323e-02,2.713336609303951263e-02,1.715285331010818481e-01,2.594882774353027344e+01
1.532554321289062500e+02,2.372093149460852146e-06,9.369949111714959145e-06,6.221094517968595028e-04,1.087042223662137985e-02,1.032192993164062500e+01,1.917496882379055023e-02,0.000000000000000000e+00,3.247468173503875732e-02,9.452529996633529663e-02,1.019161033630371094e+01,4.452057555317878723e-02,1.530291233211755753e-02,2.704598195850849152e-02,1.708996295928955078e-01,2.594948577880859375e+01
1.537562561035156250e+02,1.936361059051705524e-06,7.681604984099976718e-06,5.339130875654518604e-04,9.666212834417819977e-03,1.032465267181396484e+01,1.918274909257888794e-02,0.000000000000000000e+00,3.282438218593597412e-02,9.386172890663146973e-02,1.019383239746093750e+01,4.459570720791816711e-02,1.528004184365272522e-02,2.696887217462062836e-02,1.703414916992187500e-01,2.595006752014160156e+01
1.542570953369140625e+02,1.580659045430365950e-06,6.296360879787243903e-06,4.580393433570861816e-04,8.593008853495121002e-03,1.032707691192626953e+01,1.918390765786170959e-02,0.000000000000000000e+00,3.315674513578414917e-02,9.326243400573730469e-02,1.019581222534179688e+01,4.465950280427932739e-02,1.526030804961919785e-02,2.690105326473712921e-02,1.698470562696456909e-01,2.595058441162109375e+01
1.547579345703125000e+02,1.290297859668498859e-06,5.160075488674920052e-06,3.927984216716140509e-04,7.636919617652893066e-03,1.032923316955566406e+01,1.918573863804340363e-02,0.000000000000000000e+00,3.345812484622001648e-02,9.272501617670059204e-02,1.019757556915283203e+01,4.471743851900100708e-02,1.524244155734777451e-02,2.684078365564346313e-02,1.694076955318450928e-01,2.595104408264160156e+01
1.552587585449218750e+02,1.053281494023394771e-06,4.228214493195991963e-06,3.367270983289927244e-04,6.785478442907333374e-03,1.033115196228027344e+01,1.918894611299037933e-02,0.000000000000000000e+00,3.372995182871818542e-02,9.224499017000198364e-02,1.019914436340332031e+01,4.477099701762199402e-02,1.522683817893266678e-02,2.678760327398777008e-02,1.690173000097274780e-01,2.595144844055175781e+01
1.557595977783203125e+02,8.597988880865159445e-07,3.464103201622492634e-06,2.885551657527685165e-04,6.027434952557086945e-03,1.033285808563232422e+01,1.918591558933258057e-02,0.000000000000000000e+00,3.398770093917846680e-02,9.181088209152221680e-02,1.020054340362548828e+01,4.481536895036697388e-02,1.521345600485801697e-02,2.674075216054916382e-02,1.686704903841018677e-01,2.595181274414062500e+01
1.562604370117187500e+02,7.018581413831270766e-07,2.837673264366458170e-06,2.471886982675641775e-04,5.352776963263750076e-03,1.033437538146972656e+01,1.918465271592140198e-02,0.000000000000000000e+00,3.421829640865325928e-02,9.142335504293441772e-02,1.020178699493408203e+01,4.485597461462020874e-02,1.520117279142141342e-02,2.669916674494743347e-02,1.683640629053115845e-01,2.595213317871093750e+01
1.567612762451171875e+02,5.729302756662946194e-07,2.324203933312674053e-06,2.116811374435201287e-04,4.752515349537134171e-03,1.033572292327880859e+01,1.918282918632030487e-02,0.000000000000000000e+00,3.442809358239173889e-02,9.107631444931030273e-02,1.020289516448974609e+01,4.489211738109588623e-02,1.519046444445848465e-02,2.666238136589527130e-02,1.680907756090164185e-01,2.595241737365722656e+01
1.572621002197265625e+02,4.676886646848288365e-07,1.903406428027665243e-06,1.812159898690879345e-04,4.218620713800191879e-03,1.033692073822021484e+01,1.918344572186470032e-02,0.000000000000000000e+00,3.461371362209320068e-02,9.076824784278869629e-02,1.020387840270996094e+01,4.492622613906860352e-02,1.518107298761606216e-02,2.662996016442775726e-02,1.678486466407775879e-01,2.595266723632812500e+01
1.577629394531250000e+02,3.817764877567242365e-07,1.558588451189280022e-06,1.550859597045928240e-04,3.743863198906183243e-03,1.033798503875732422e+01,1.917811483144760132e-02,0.000000000000000000e+00,3.479123115539550781e-02,9.048837423324584961e-02,1.020475387573242188e+01,4.495321586728096008e-02,1.517319306731224060e-02,2.660153061151504517e-02,1.676339209079742432e-01,2.595289230346679688e+01
1.582637786865234375e+02,3.116459197372023482e-07,1.276082798540301155e-06,1.326835044892504811e-04,3.321824362501502037e-03,1.033892917633056641e+01,1.917545124888420105e-02,0.000000000000000000e+00,3.494733572006225586e-02,9.024017304182052612e-02,1.020553302764892578e+01,4.497824236750602722e-02,1.516567543148994446e-02,2.657598070800304413e-02,1.674428284168243408e-01,2.595309257507324219e+01
1.587646026611328125e+02,2.543995663017994957e-07,1.044668806571280584e-06,1.134845515480265021e-04,2.946762368083000183e-03,1.033976840972900391e+01,1.917565613985061646e-02,0.000000000000000000e+00,3.508328273892402649e-02,9.002073854207992554e-02,1.020622348785400391e+01,4.500252380967140198e-02,1.515916083008050919e-02,2.655353955924510956e-02,1.672736406326293945e-01,2.595326805114746094e+01
1.592654418945312500e+02,2.076674974205161561e-07,8.551210157747846097e-07,9.703590330900624394e-05,2.613515127450227737e-03,1.034051322937011719e+01,1.917000859975814819e-02,0.000000000000000000e+00,3.521548956632614136e-02,8.982061594724655151e-02,1.020683765411376953e+01,4.502079263329505920e-02,1.515382528305053711e-02,2.653391659259796143e-02,1.671237051486968994e-01,2.595342254638671875e+01
1.597662811279296875e+02,1.695198932338826125e-07,6.998908474997733720e-07,8.294890722027048469e-05,2.317505888640880585e-03,1.034117412567138672e+01,1.916738227009773254e-02,0.000000000000000000e+00,3.533004596829414368e-02,8.964426070451736450e-02,1.020738410949707031e+01,4.503809660673141479e-02,1.514857821166515350e-02,2.651619911193847656e-02,1.669902056455612183e-01,2.595355987548828125e+01
1.602671051025390625e+02,1.383806704779999563e-07,5.727846996705920901e-07,7.088886195560917258e-05,2.054645679891109467e-03,1.034176063537597656e+01,1.916778832674026489e-02,0.000000000000000000e+00,3.542793914675712585e-02,8.948898315429687500e-02,1.020786952972412109e+01,4.505555704236030579e-02,1.514407154172658920e-02,2.650071680545806885e-02,1.668723374605178833e-01,2.595368003845214844e+01
1.607679443359375000e+02,1.129607198890880682e-07,4.687132957315043313e-07,6.056678466848097742e-05,1.821263344027101994e-03,1.034228038787841797e+01,1.916230469942092896e-02,0.000000000000000000e+00,3.552557900547981262e-02,8.934621512889862061e-02,1.020830059051513672e+01,4.506776481866836548e-02,1.514053810387849808e-02,2.648727037012577057e-02,1.667679995298385620e-01,2.595379066467285156e+01
1.612687835693359375e+02,9.221029984018969117e-08,3.835150437225820497e-07,5.173525642021559179e-05,1.614107750356197357e-03,1.034274196624755859e+01,1.916006207466125488e-02,0.000000000000000000e+00,3.560880944132804871e-02,8.922149240970611572e-02,1.020868110656738281e+01,4.507968947291374207e-02,1.513685844838619232e-02,2.647495828568935394e-02,1.666747033596038818e-01,2.595388793945312500e+01
1.617696228027343750e+02,7.527169287868673564e-08,3.137752742077282164e-07,4.418129537953063846e-05,1.430272706784307957e-03,1.034315109252929688e+01,1.915781199932098389e-02,0.000000000000000000e+00,3.568319231271743774e-02,8.910960704088211060e-02,1.020902252197265625e+01,4.509037733078002930e-02,1.513372920453548431e-02,2.646423131227493286e-02,1.665925532579421997e-01,2.595397377014160156e+01
1.622704467773437500e+02,6.144501440985550289e-08,2.566966088579647476e-07,3.772210402530618012e-05,1.267172512598335743e-03,1.034351348876953125e+01,1.915883272886276245e-02,0.000000000000000000e+00,3.574477508664131165e-02,8.901258558034896851e-02,1.020932292938232422e+01,4.510184749960899353e-02,1.513101533055305481e-02,2.645475603640079498e-02,1.665192544460296631e-01,2.595404815673828125e+01
1.627712860107421875e+02,5.015784410034029861e-08,2.099824030210584169e-07,3.220020516891963780e-05,1.122489920817315578e-03,1.034383487701416016e+01,1.915398612618446350e-02,0.000000000000000000e+00,3.580994904041290283e-02,8.892243355512619019e-02,1.020958995819091797e+01,4.510870575904846191e-02,1.512900181114673615e-02,2.644657902419567108e-02,1.664544492959976196e-01,2.595411491394042969e+01
1.632721252441406250e+02,4.094406591548249708e-08,1.717556443736611982e-07,2.748098813754040748e-05,9.941748576238751411e-04,1.034412002563476562e+01,1.915220916271209717e-02,0.000000000000000000e+00,3.586333990097045898e-02,8.884359896183013916e-02,1.020982646942138672e+01,4.511592537164688110e-02,1.512671075761318207e-02,2.643911540508270264e-02,1.663975417613983154e-01,2.595417404174804688e+01
1.637729492187500000e+02,3.342302434816701862e-08,1.404780931579807657e-07,2.344891072425525635e-05,8.804014069028198719e-04,1.034437274932861328e+01,1.915370672941207886e-02,0.000000000000000000e+00,3.590590506792068481e-02,8.877591788768768311e-02,1.021003532409667969e+01,4.512434825301170349e-02,1.512475032359361649e-02,2.643243037164211273e-02,1.663458049297332764e-01,2.595422554016113281e+01
1.642737884521484375e+02,2.728335957158378733e-08,1.148871788814176398e-07,2.000455242523457855e-05,7.795342826284468174e-04,1.034459590911865234e+01,1.914925687015056610e-02,0.000000000000000000e+00,3.595408424735069275e-02,8.871192485094070435e-02,1.021022319793701172e+01,4.512864351272583008e-02,1.512347534298896790e-02,2.642696723341941833e-02,1.663016676902770996e-01,2.595427322387695312e+01
1.647746276855468750e+02,2.227151796319049026e-08,9.395154165758867748e-08,1.706303191895131022e-05,6.901284796185791492e-04,1.034479427337646484e+01,1.914795115590095520e-02,0.000000000000000000e+00,3.599229454994201660e-02,8.865676820278167725e-02,1.021038722991943359e+01,4.513350874185562134e-02,1.512180920690298080e-02,2.642165869474411011e-02,1.662612855434417725e-01,2.595431518554687500e+01
1.652754516601562500e+02,1.818044381707295543e-08,7.682621827598268283e-08,1.455157507734838873e-05,6.108980160206556320e-04,1.034496974945068359e+01,1.914984732866287231e-02,0.000000000000000000e+00,3.602106496691703796e-02,8.860974013805389404e-02,1.021053314208984375e+01,4.513993486762046814e-02,1.512042433023452759e-02,2.641710825264453888e-02,1.662259399890899658e-01,2.595434761047363281e+01
1.657762908935546875e+02,1.484076772584330683e-08,6.281799613816474448e-08,1.240763685927959159e-05,5.406923010013997555e-04,1.034512519836425781e+01,1.914561353623867035e-02,0.000000000000000000e+00,3.605667501688003540e-02,8.856380730867385864e-02,1.021066379547119141e+01,4.514235630631446838e-02,1.511965412646532059e-02,2.641333639621734619e-02,1.661948263645172119e-01,2.595438194274902344e+01
1.662771301269531250e+02,7.986598610877990723e-01,1.599140581674873829e-03,1.069979407475329936e-05,4.784959601238369942e-04,1.034526252746582031e+01,9.056122899055480957e-01,3.599897772073745728e-02,7.289330661296844482e-02,8.018542081117630005e-02,1.025689697265625000e+01,9.681822657585144043e-01,3.756582736968994141e-02,8.542066812515258789e-02,1.439913511276245117e-01,2.597800254821777344e+01
1.667779693603515625e+02,5.411484837532043457e-01,2.918919734656810760e-02,1.054335298249498010e-04,4.234715597704052925e-04,1.034538459777832031e+01,6.272751092910766602e-01,7.027164101600646973e-02,8.144256472587585449e-02,8.368439227342605591e-02,1.028333568572998047e+01,7.209795117378234863e-01,1.036247760057449341e-01,1.303580254316329956e-01,1.446230858564376831e-01,2.611357688903808594e+01
1.672787933349609375e+02,4.164746403694152832e-01,7.016441226005554199e-02,1.035983681678771973e+00,1.191356568597257137e-03,1.034549236297607422e+01,4.208965897560119629e-01,7.268416136503219604e-02,1.045139074325561523e+00,3.398105502128601074e-03,1.063902568817138672e+01,4.859577417373657227e-01,1.091113165020942688e-01,1.184532284736633301e+00,3.516161069273948669e-02,2.666329002380371094e+01
1.677796325683593750e+02,3.342086672782897949e-01,1.029748469591140747e-01,6.466205120086669922e-01,1.906839609146118164e+00,1.034566593170166016e+01,3.399340212345123291e-01,1.068832427263259888e-01,6.553540229797363281e-01,1.934225678443908691e+00,1.078095912933349609e+01,3.956381082534790039e-01,1.444475203752517700e-01,7.417690753936767578e-01,2.225539922714233398e+00,2.691870689392089844e+01
1.682804718017578125e+02,2.715018391609191895e-01,1.227963715791702271e-01,4.533781707286834717e-01,8.409299254417419434e-01,1.037188053131103516e+01,2.846722602844238281e-01,1.330474913120269775e-01,4.706242382526397705e-01,8.687329292297363281e-01,1.157923221588134766e+01,3.272847831249237061e-01,1.653379648923873901e-01,5.259013772010803223e-01,9.625729322433471680e-01,2.844500541687011719e+01
1.687812957763671875e+02,2.213297635316848755e-01,1.314776986837387085e-01,3.397652804851531982e-01,5.246627330780029297e-01,1.045114898681640625e+01,2.253968864679336548e-01,1.349671930074691772e-01,3.446619212627410889e-01,5.310091376304626465e-01,1.082445144653320312e+01,2.716089785099029541e-01,1.719791293144226074e-01,3.975526094436645508e-01,6.075956225395202637e-01,2.897736740112304688e+01
1.692821350097656250e+02,1.806040406227111816e-01,1.321031004190444946e-01,2.675652801990509033e-01,4.273981750011444092e-01,1.054905128479003906e+01,1.817085891962051392e-01,1.331202089786529541e-01,2.688454985618591309e-01,4.290185868740081787e-01,1.065569210052490234e+01,2.256507277488708496e-01,1.645778268575668335e-01,3.083474040031433105e-01,5.035868287086486816e-01,2.922393989562988281e+01
1.697829742431640625e+02,1.474125683307647705e-01,1.273826956748962402e-01,9.558067917823791504e-01,3.913318514823913574e-01,1.064566326141357422e+01,1.494761407375335693e-01,1.293745189905166626e-01,9.618134498596191406e-01,3.943666517734527588e-01,1.086362361907958984e+01,1.911911070346832275e-01,1.695976257324218750e-01,1.089273571968078613e+00,4.569425880908966064e-01,2.946102905273437500e+01
1.702838134765625000e+02,1.203299760818481445e-01,1.193766742944717407e-01,6.522001028060913086e-01,3.887555599212646484e-01,1.073568630218505859e+01,1.224499642848968506e-01,1.214930042624473572e-01,6.568174362182617188e-01,3.920155465602874756e-01,1.097482109069824219e+01,1.617327481508255005e-01,1.606881916522979736e-01,7.450965642929077148e-01,4.535801708698272705e-01,2.984693527221679688e+01
1.707846374511718750e+02,9.822568297386169434e-02,1.095646619796752930e-01,4.907872080802917480e-01,4.029172956943511963e-01,1.081967639923095703e+01,9.900233894586563110e-02,1.103575378656387329e-01,4.922186136245727539e-01,4.041848182678222656e-01,1.091058540344238281e+01,1.363603919744491577e-01,1.483414918184280396e-01,5.650893449783325195e-01,4.695714414119720459e-01,3.004867172241210938e+01
1.712854766845703125e+02,8.018185943365097046e-02,9.897390007972717285e-02,3.894312977790832520e-01,4.146189689636230469e-01,1.090007972717285156e+01,8.047793805599212646e-02,9.928011149168014526e-02,3.899239897727966309e-01,4.151311516761779785e-01,1.093635845184326172e+01,1.179322451353073120e-01,1.328281909227371216e-01,4.484146535396575928e-01,4.845972955226898193e-01,3.018426132202148438e+01
1.717863159179687500e+02,6.545274704694747925e-02,8.829705417156219482e-02,3.199312686920166016e-01,4.172770082950592041e-01,1.097904014587402344e+01,6.549009680747985840e-02,8.832766115665435791e-02,3.200757801532745361e-01,4.175086319446563721e-01,1.099188232421875000e+01,1.167936995625495911e-01,1.126675084233283997e-01,3.444077670574188232e-01,5.050304532051086426e-01,3.028913497924804688e+01
1.722871398925781250e+02,5.342966318130493164e-02,7.798296958208084106e-02,2.700944542884826660e-01,4.110732674598693848e-01,1.105759525299072266e+01,5.319236963987350464e-02,7.772126793861389160e-02,2.700587511062622070e-01,4.112326800823211670e-01,1.105779266357421875e+01,9.233029186725616455e-02,1.106710433959960938e-01,2.580215930938720703e-01,5.164884924888610840e-01,3.039052200317382812e+01
1.727879791259765625e+02,4.361484572291374207e-02,6.830505281686782837e-02,2.332897782325744629e-01,3.982604444026947021e-01,1.113581371307373047e+01,4.357380419969558716e-02,6.825166940689086914e-02,2.331761866807937622e-01,3.981083631515502930e-01,1.112706565856933594e+01,7.008074223995208740e-02,9.844166785478591919e-02,2.065458893775939941e-01,5.070390701293945312e-01,3.048592758178710938e+01
1.732888183593750000e+02,3.560296818614006042e-02,5.941477790474891663e-02,2.053499817848205566e-01,3.811915814876556396e-01,1.121318912506103516e+01,3.703056648373603821e-02,6.023368984460830688e-02,2.047668248414993286e-01,3.804701268672943115e-01,1.119678211212158203e+01,6.019718945026397705e-02,8.161259442567825317e-02,1.718440055847167969e-01,4.869387745857238770e-01,3.056744384765625000e+01
1.737896423339843750e+02,2.906301803886890411e-02,5.137865245342254639e-02,1.834793239831924438e-01,3.617366552352905273e-01,1.128900432586669922e+01,3.328965231776237488e-02,5.269897729158401489e-02,1.812117695808410645e-01,3.609136939048767090e-01,1.126663494110107422e+01,5.275594443082809448e-02,6.785012781620025635e-02,1.458861678838729858e-01,4.643107950687408447e-01,3.063723373413085938e+01
1.742904815673828125e+02,2.372424863278865814e-02,4.420534148812294006e-02,1.657660305500030518e-01,3.412227034568786621e-01,1.136257266998291016e+01,3.097460418939590454e-02,4.516857862472534180e-02,1.610447615385055542e-01,3.410019874572753906e-01,1.133647251129150391e+01,4.682892933487892151e-02,5.705464631319046021e-02,1.259954571723937988e-01,4.411725401878356934e-01,3.069698333740234375e+01
1.747913208007812500e+02,1.936620473861694336e-02,3.786721453070640564e-02,1.509090214967727661e-01,3.205335736274719238e-01,1.143332862854003906e+01,2.897630073130130768e-02,3.805802762508392334e-02,1.440751403570175171e-01,3.212763667106628418e-01,1.140510559082031250e+01,4.207769408822059631e-02,4.867327213287353516e-02,1.103422865271568298e-01,4.185754358768463135e-01,3.074836540222167969e+01
1.752921600341796875e+02,1.580872386693954468e-02,3.231366351246833801e-02,1.380321532487869263e-01,3.002251684665679932e-01,1.150087356567382812e+01,2.704199962317943573e-02,3.172856941819190979e-02,1.299096643924713135e-01,3.021114766597747803e-01,1.147121334075927734e+01,3.826141729950904846e-02,4.214467108249664307e-02,9.774424880743026733e-02,3.971221745014190674e-01,3.079276084899902344e+01
1.757929840087890625e+02,1.290481351315975189e-02,2.748159505426883698e-02,1.265568584203720093e-01,2.806266546249389648e-01,1.156496143341064453e+01,2.526043914258480072e-02,2.629029005765914917e-02,1.179323568940162659e-01,2.838765084743499756e-01,1.153389453887939453e+01,3.519983962178230286e-02,3.701022639870643616e-02,8.742597699165344238e-02,3.771198093891143799e-01,3.083127784729003906e+01
1.762938232421875000e+02,1.053425669670104980e-02,2.330187335610389709e-02,1.161088719964027405e-01,2.619134783744812012e-01,1.162548160552978516e+01,2.364614605903625488e-02,2.171478420495986938e-02,1.076861992478370667e-01,2.668065428733825684e-01,1.159267807006835938e+01,3.274703770875930786e-02,3.292235359549522400e-02,7.885630428791046143e-02,3.586865365505218506e-01,3.086481857299804688e+01
1.767946624755859375e+02,8.599159307777881622e-03,1.970489881932735443e-02,1.064542680978775024e-01,2.441649585962295532e-01,1.168241786956787109e+01,2.222787961363792419e-02,1.792020164430141449e-02,9.879764914512634277e-02,2.510316371917724609e-01,1.164736270904541016e+01,3.079176880419254303e-02,2.962910570204257965e-02,7.166691869497299194e-02,3.418236374855041504e-01,3.089411926269531250e+01
1.772954864501953125e+02,7.019574288278818130e-03,1.662313379347324371e-02,9.745141118764877319e-02,2.273998111486434937e-01,1.173582553863525391e+01,2.098736725747585297e-02,1.480444893240928650e-02,9.102695435285568237e-02,2.365815043449401855e-01,1.169793987274169922e+01,2.924325130879878998e-02,2.694683521986007690e-02,6.558813154697418213e-02,3.264713287353515625e-01,3.091978263854980469e+01
1.777963256835937500e+02,5.730107426643371582e-03,1.399279478937387466e-02,8.901725709438323975e-02,2.115997970104217529e-01,1.178581237792968750e+01,1.940691098570823669e-02,1.135180331766605377e-02,8.383278548717498779e-02,2.236318737268447876e-01,1.174609565734863281e+01,2.802169881761074066e-02,2.473941072821617126e-02,6.041395664215087891e-02,3.125307857990264893e-01,3.094232559204101562e+01
1.782971649169921875e+02,4.677510354667901993e-03,1.175545621663331985e-02,8.110624551773071289e-02,1.967291980981826782e-01,1.183251094818115234e+01,1.838200725615024567e-02,9.076944552361965179e-03,7.770531624555587769e-02,2.118051648139953613e-01,1.178918266296386719e+01,2.707164362072944641e-02,2.290652692317962646e-02,5.598824843764305115e-02,2.998913228511810303e-01,3.096217346191406250e+01
1.787980041503906250e+02,3.818270284682512283e-03,9.858139790594577789e-03,7.369365543127059937e-02,1.827431470155715942e-01,1.187607479095458984e+01,1.760314404964447021e-02,7.386669516563415527e-03,7.234214991331100464e-02,2.010820060968399048e-01,1.182836532592773438e+01,2.634401060640811920e-02,2.137286774814128876e-02,5.218632891774177551e-02,2.884389460086822510e-01,3.097968864440917969e+01
1.792988281250000000e+02,3.116888226941227913e-03,8.253551088273525238e-03,6.676596403121948242e-02,1.695947647094726562e-01,1.191666030883789062e+01,1.706166192889213562e-02,5.999264772981405258e-03,6.756744533777236938e-02,1.913985460996627808e-01,1.186416053771972656e+01,2.580196410417556763e-02,2.008057385683059692e-02,4.890756309032440186e-02,2.780610322952270508e-01,3.099518013000488281e+01
1.797996673583984375e+02,2.544327639043331146e-03,6.899726577103137970e-03,6.031346693634986877e-02,1.572370976209640503e-01,1.195442962646484375e+01,1.672264747321605682e-02,4.843614995479583740e-03,6.328532844781875610e-02,1.826731860637664795e-01,1.189686679840087891e+01,2.540696598589420319e-02,1.898482814431190491e-02,4.606960713863372803e-02,2.686535120010375977e-01,3.100891876220703125e+01
1.803005065917968750e+02,2.076944103464484215e-03,5.760008934885263443e-03,5.432765185832977295e-02,1.456272453069686890e-01,1.198954105377197266e+01,1.592999510467052460e-02,4.130520857870578766e-03,5.984612554311752319e-02,1.746498942375183105e-01,1.192686843872070312e+01,2.513828687369823456e-02,1.805005408823490143e-02,4.360544681549072266e-02,2.601216733455657959e-01,3.102111625671386719e+01
1.808013305664062500e+02,1.695429324172437191e-03,4.802468232810497284e-03,4.879835247993469238e-02,1.347256898880004883e-01,1.202214622497558594e+01,1.520791556686162949e-02,3.514720825478434563e-03,5.684554576873779297e-02,1.673823744058609009e-01,1.195438194274902344e+01,2.497586421668529510e-02,1.724906452000141144e-02,4.145972430706024170e-02,2.523782849311828613e-01,3.103196907043457031e+01
1.813021697998046875e+02,1.383987604640424252e-03,3.999382257461547852e-03,4.371227324008941650e-02,1.244953498244285583e-01,1.205239391326904297e+01,1.467643026262521744e-02,2.967132255434989929e-03,5.398672074079513550e-02,1.609348207712173462e-01,1.197960186004638672e+01,2.489390596747398376e-02,1.656007766723632812e-02,3.958623483777046204e-02,2.453469783067703247e-01,3.104164314270019531e+01
1.818030090332031250e+02,1.129755983129143715e-03,3.326965263113379478e-03,3.905376046895980835e-02,1.149032711982727051e-01,1.208042240142822266e+01,1.503126509487628937e-02,2.046277746558189392e-03,5.121565610170364380e-02,1.551368087530136108e-01,1.200255489349365234e+01,2.488289028406143188e-02,1.596427895128726959e-02,3.794601187109947205e-02,2.389586865901947021e-01,3.105027961730957031e+01
1.823038330078125000e+02,9.222310036420822144e-04,2.764820121228694916e-03,3.480443358421325684e-02,1.059190258383750916e-01,1.210636615753173828e+01,1.509834080934524536e-02,1.967523479834198952e-03,4.796615615487098694e-02,1.503939926624298096e-01,1.202341079711914062e+01,2.493160963058471680e-02,1.544773019850254059e-02,3.650702908635139465e-02,2.331521213054656982e-01,3.105799293518066406e+01
1.828046722412109375e+02,7.528215646743774414e-04,2.295485697686672211e-03,3.094330616295337677e-02,9.751348942518234253e-02,1.213035297393798828e+01,1.643573865294456482e-02,0.000000000000000000e+00,4.683208465576171875e-02,1.449107676744461060e-01,1.204277038574218750e+01,2.502064593136310577e-02,1.499928254634141922e-02,3.524243831634521484e-02,2.278737425804138184e-01,3.106489753723144531e+01
1.833055114746093750e+02,6.145317456685006618e-04,1.904152100905776024e-03,2.744808979332447052e-02,8.965993672609329224e-02,1.215250587463378906e+01,1.711190119385719299e-02,0.000000000000000000e+00,4.470875859260559082e-02,1.406669467687606812e-01,1.206029129028320312e+01,2.514657750725746155e-02,1.460776384919881821e-02,3.412818536162376404e-02,2.230729460716247559e-01,3.107107925415039062e+01
1.838063507080078125e+02,5.016451468691229820e-04,1.578240888193249702e-03,2.429524809122085571e-02,8.233261108398437500e-02,1.217293834686279297e+01,1.787496358156204224e-02,0.000000000000000000e+00,4.280906543135643005e-02,1.368142813444137573e-01,1.207632255554199219e+01,2.529992349445819855e-02,1.426580734550952911e-02,3.314520046114921570e-02,2.187061458826065063e-01,3.107661819458007812e+01
1.843071746826171875e+02,4.094977048225700855e-04,1.307119266130030155e-03,2.146076411008834839e-02,7.550682127475738525e-02,1.219176197052001953e+01,1.870402880012989044e-02,0.000000000000000000e+00,4.112277925014495850e-02,1.333105564117431641e-01,1.209098911285400391e+01,2.547677978873252869e-02,1.396632567048072815e-02,3.227673843502998352e-02,2.147354632616043091e-01,3.108158111572265625e+01
1.848080139160156250e+02,3.342747804708778858e-04,1.081791007891297340e-03,1.892028190195560455e-02,6.915791332721710205e-02,1.220908164978027344e+01,1.954525895416736603e-02,0.000000000000000000e+00,3.967429324984550476e-02,1.301067918539047241e-01,1.210442161560058594e+01,2.566233649849891663e-02,1.370468549430370331e-02,3.150902688503265381e-02,2.111244648694992065e-01,3.108603668212890625e+01
1.853088531494140625e+02,2.728699473664164543e-04,8.947047754190862179e-04,1.665005087852478027e-02,6.326238811016082764e-02,1.222499847412109375e+01,2.037156186997890472e-02,0.000000000000000000e+00,3.845492750406265259e-02,1.271726042032241821e-01,1.211672496795654297e+01,2.585797384381294250e-02,1.347429119050502777e-02,3.082855790853500366e-02,2.078408002853393555e-01,3.109003639221191406e+01
1.858096771240234375e+02,2.227462682640179992e-04,7.395108696073293686e-04,1.462694816291332245e-02,5.779709294438362122e-02,1.223960590362548828e+01,2.113628014922142029e-02,0.000000000000000000e+00,3.747017681598663330e-02,1.244784593582153320e-01,1.212799930572509766e+01,2.606172114610671997e-02,1.327154599130153656e-02,3.022517822682857513e-02,2.048555165529251099e-01,3.109362220764160156e+01
1.863105163574218750e+02,1.818286982597783208e-04,6.108704837970435619e-04,1.282860524952411652e-02,5.273877829313278198e-02,1.225299549102783203e+01,2.177745848894119263e-02,0.000000000000000000e+00,3.671804070472717285e-02,1.220028772950172424e-01,1.213833713531494141e+01,2.626086026430130005e-02,1.309423334896564484e-02,2.969057485461235046e-02,2.021433860063552856e-01,3.109684753417968750e+01
1.868113555908203125e+02,1.484275708207860589e-04,5.043259006924927235e-04,1.123396493494510651e-02,4.806508868932723999e-02,1.226525497436523438e+01,2.228688821196556091e-02,0.000000000000000000e+00,3.614765405654907227e-02,1.197425425052642822e-01,1.214780426025390625e+01,2.645916119217872620e-02,1.293736416846513748e-02,2.921532280743122101e-02,1.996794342994689941e-01,3.109974479675292969e+01
1.873121795654296875e+02,1.211628696182742715e-04,4.161476390436291695e-04,9.823191910982131958e-03,4.375404492020606995e-02,1.227646255493164062e+01,2.265778183937072754e-02,0.000000000000000000e+00,3.571687266230583191e-02,1.176912933588027954e-01,1.215646553039550781e+01,2.665669098496437073e-02,1.279878988862037659e-02,2.879278548061847687e-02,1.974412053823471069e-01,3.110234832763671875e+01
1.878130187988281250e+02,9.890580258797854185e-05,3.432142548263072968e-04,8.577661588788032532e-03,3.978375345468521118e-02,1.228669929504394531e+01,2.289036661386489868e-02,0.000000000000000000e+00,3.539600223302841187e-02,1.158375367522239685e-01,1.216437435150146484e+01,2.684222720563411713e-02,1.267777848988771439e-02,2.841807156801223755e-02,1.954107880592346191e-01,3.110468864440917969e+01
1.883138580322265625e+02,8.073724893620237708e-05,2.829303266480565071e-04,7.480245549231767654e-03,3.613325208425521851e-02,1.229603672027587891e+01,2.302177995443344116e-02,0.000000000000000000e+00,3.514756262302398682e-02,1.141686365008354187e-01,1.217158603668212891e+01,2.702127769589424133e-02,1.257023960351943970e-02,2.808429859578609467e-02,1.935689002275466919e-01,3.110679244995117188e+01
1.888146972656250000e+02,6.590616976609453559e-05,2.331315627088770270e-04,6.515140645205974579e-03,3.278204426169395447e-02,1.230454349517822266e+01,2.307398617267608643e-02,0.000000000000000000e+00,3.495577350258827209e-02,1.126684844493865967e-01,1.217815208435058594e+01,2.719166502356529236e-02,1.247539184987545013e-02,2.778741903603076935e-02,1.918983459472656250e-01,3.110868453979492188e+01
1.893155212402343750e+02,5.379981666919775307e-05,1.920184586197137833e-04,5.667911842465400696e-03,2.971038408577442169e-02,1.231228542327880859e+01,2.307242341339588165e-02,0.000000000000000000e+00,3.480561822652816772e-02,1.113201528787612915e-01,1.218411922454833984e+01,2.735629677772521973e-02,1.239125430583953857e-02,2.752300724387168884e-02,1.903851926326751709e-01,3.111038017272949219e+01
1.898163604736328125e+02,4.391701804706826806e-05,1.580919633852317929e-04,4.925347864627838135e-03,2.689896151423454285e-02,1.231932163238525391e+01,2.303167432546615601e-02,0.000000000000000000e+00,3.469709679484367371e-02,1.101046800613403320e-01,1.218954181671142578e+01,2.750522270798683167e-02,1.231812871992588043e-02,2.728846296668052673e-02,1.890144348144531250e-01,3.111190986633300781e+01
1.903171997070312500e+02,3.584963997127488256e-05,1.301107258768752217e-04,4.275552462786436081e-03,2.432951703667640686e-02,1.232571220397949219e+01,2.297135815024375916e-02,0.000000000000000000e+00,3.461674600839614868e-02,1.090091019868850708e-01,1.219445705413818359e+01,2.764524705708026886e-02,1.225266046822071075e-02,2.707905322313308716e-02,1.877732425928115845e-01,3.111328506469726562e+01
1.908180236816406250e+02,2.926431989180855453e-05,1.070441649062559009e-04,1.702071070671081543e+00,3.842630982398986816e-02,1.233151912689208984e+01,3.733185678720474243e-02,3.964884206652641296e-02,1.724842667579650879e+00,4.026938974857330322e-02,1.315392684936523438e+01,5.320013314485549927e-02,5.947563424706459045e-02,1.913715839385986328e+00,6.649457663297653198e-02,3.191668510437011719e+01
1.913188629150390625e+02,2.388860593782737851e-05,8.803685341263189912e-05,1.119614720344543457e+00,1.152032539248466492e-01,1.233745956420898438e+01,3.171490877866744995e-02,2.539411000907421112e-02,1.125507831573486328e+00,1.163606792688369751e-01,1.277317619323730469e+01,5.574501305818557739e-02,5.675972253084182739e-02,1.243805408477783203e+00,1.464751362800598145e-01,3.250678634643554688e+01
1.918197021484375000e+02,1.950038131326436996e-05,7.238127727760002017e-05,7.902151346206665039e-01,2.116190642118453979e-01,1.234679222106933594e+01,3.200632706284523010e-02,2.704202756285667419e-02,7.898276448249816895e-01,2.075403034687042236e-01,1.251597213745117188e+01,5.786772072315216064e-02,5.551495775580406189e-02,8.763057589530944824e-01,2.462320327758789062e-01,3.277365112304687500e+01
1.923205413818359375e+02,1.591825275681912899e-05,5.949153273832052946e-05,5.736194849014282227e-01,2.906769812107086182e-01,1.236410999298095703e+01,2.134177088737487793e-02,9.940491989254951477e-03,5.754131674766540527e-01,2.875694632530212402e-01,1.245445251464843750e+01,6.499021500349044800e-02,5.408719182014465332e-02,6.328505277633666992e-01,3.265680670738220215e-01,3.293107604980468750e+01
1.928213653564453125e+02,1.299422274314565584e-05,4.888328112429007888e-05,4.207967817783355713e-01,3.420896828174591064e-01,1.239244270324707031e+01,1.731941476464271545e-02,8.610873483121395111e-03,4.228585660457611084e-01,3.385896980762481689e-01,1.244110298156738281e+01,9.186611324548721313e-02,2.890986390411853790e-02,4.237805604934692383e-01,4.113655984401702881e-01,3.305364990234375000e+01
1.933222045898437500e+02,1.060724116541678086e-05,4.015528975287452340e-05,3.098886013031005859e-01,3.682196140289306641e-01,1.243228340148925781e+01,1.980597898364067078e-02,1.215048693120479584e-02,3.121239542961120605e-01,3.623923957347869873e-01,1.244891834259033203e+01,7.973096519708633423e-02,8.217551745474338531e-03,2.788460254669189453e-01,4.594543278217315674e-01,3.318332290649414062e+01
1.938230438232421875e+02,8.658737897349055856e-06,3.297696821391582489e-05,2.285524457693099976e-01,3.749668896198272705e-01,1.248213195800781250e+01,3.365724533796310425e-02,1.039176434278488159e-02,2.190666943788528442e-01,3.705510795116424561e-01,1.247677707672119141e+01,6.373540312051773071e-02,7.010747212916612625e-04,1.953780651092529297e-01,4.618525803089141846e-01,3.328790283203125000e+01
1.943238677978515625e+02,7.068208560667699203e-06,2.707524254219606519e-05,1.686745882034301758e-01,3.681474924087524414e-01,1.253947067260742188e+01,3.620138764381408691e-02,2.511442173272371292e-03,1.428398489952087402e-01,3.746040463447570801e-01,1.252953529357910156e+01,4.096008092164993286e-02,1.667682640254497528e-02,1.314367353916168213e-01,4.525359570980072021e-01,3.336795806884765625e+01
1.948247070312500000e+02,5.769808467448456213e-06,2.222427065134979784e-05,1.245274543762207031e-01,3.524575829505920410e-01,1.260153198242187500e+01,2.855288796126842499e-02,3.093786537647247314e-03,1.025998592376708984e-01,3.591022491455078125e-01,1.258297729492187500e+01,2.444885298609733582e-02,2.841009385883808136e-02,8.942899107933044434e-02,4.393053054809570312e-01,3.342797470092773438e+01
1.953255462646484375e+02,4.709918357548303902e-06,1.823827187763527036e-05,9.196040779352188110e-02,3.313967585563659668e-01,1.266576766967773438e+01,2.294912375509738922e-02,5.033514928072690964e-03,7.733052223920822144e-02,3.371426165103912354e-01,1.263608837127685547e+01,2.187132835388183594e-02,2.425262331962585449e-02,7.189165055751800537e-02,4.144289493560791016e-01,3.347712326049804688e+01
1.958263702392578125e+02,3.844751972792437300e-06,1.496402092016069219e-05,6.792965531349182129e-02,3.074654340744018555e-01,1.273006629943847656e+01,1.973864622414112091e-02,7.036796770989894867e-03,6.091062352061271667e-02,3.130649030208587646e-01,1.268839740753173828e+01,2.081938832998275757e-02,2.123284712433815002e-02,6.115927919745445251e-02,3.891127705574035645e-01,3.351723861694335938e+01
1.963272094726562500e+02,3.138488864351529628e-06,1.227496431965846568e-05,5.019290745258331299e-02,2.823960185050964355e-01,1.279281139373779297e+01,1.772038638591766357e-02,9.336864575743675232e-03,4.909322783350944519e-02,2.890008389949798584e-01,1.274032878875732422e+01,2.019250951707363129e-02,1.916351728141307831e-02,5.379790067672729492e-02,3.649958670139312744e-01,3.355141448974609375e+01
1.968280487060546875e+02,2.561962446634424850e-06,1.006713864626362920e-05,3.709974512457847595e-02,2.573583126068115234e-01,1.285284709930419922e+01,1.654683612287044525e-02,1.129978802055120468e-02,4.003230482339859009e-02,2.670301198959350586e-01,1.279050731658935547e+01,1.976264640688896179e-02,1.764725334942340851e-02,4.844461753964424133e-02,3.427034020423889160e-01,3.358100128173828125e+01
1.973288879394531250e+02,2.091341457344242372e-06,8.254860404122155160e-06,2.743256837129592896e-02,2.331140041351318359e-01,1.290941047668457031e+01,1.698737032711505890e-02,1.110508386045694351e-02,3.432905301451683044e-02,2.465199977159500122e-01,1.283837604522705078e+01,1.943391747772693634e-02,1.648353971540927887e-02,4.438894987106323242e-02,3.225304186344146729e-01,3.360672378540039062e+01
1.978297119140625000e+02,1.707181468191265594e-06,6.767644208593992516e-06,2.029355056583881378e-02,2.101354748010635376e-01,1.296205520629882812e+01,1.757698692381381989e-02,1.056563202291727066e-02,3.021768108010292053e-02,2.281703054904937744e-01,1.288343620300292969e+01,1.916445232927799225e-02,1.556160021573305130e-02,4.122308269143104553e-02,3.045517802238464355e-01,3.362905883789062500e+01
1.983305511474609375e+02,1.393579509567643981e-06,5.547376531467307359e-06,1.501987967640161514e-02,1.886893212795257568e-01,1.301058197021484375e+01,1.795887202024459839e-02,1.005110144615173340e-02,2.710047364234924316e-02,2.121175229549407959e-01,1.292526531219482422e+01,1.892690174281597137e-02,1.481463853269815445e-02,3.869591653347015381e-02,2.887002527713775635e-01,3.364842224121093750e+01
1.988313903808593750e+02,1.806489348411560059e+00,6.977633573114871979e-03,1.112421508878469467e-02,1.689032018184661865e-01,1.305496215820312500e+01,2.195823192596435547e+00,7.226013392210006714e-02,8.792693167924880981e-02,1.919422894716262817e-01,1.306264495849609375e+01,2.298082828521728516e+00,6.507897377014160156e-02,8.861350268125534058e-02,2.550063431262969971e-01,3.369907760620117188e+01
1.993322143554687500e+02,1.249007105827331543e+00,2.170526742935180664e+00,8.592803031206130981e-03,1.508095860481262207e-01,1.309529209136962891e+01,1.389077782630920410e+00,2.461467742919921875e+00,7.535687088966369629e-02,2.074407190084457397e-01,1.321377086639404297e+01,1.571329951286315918e+00,2.888104677200317383e+00,8.760971575975418091e-02,2.696598172187805176e-01,3.388780975341796875e+01
1.998330535888671875e+02,9.681109189987182617e-01,9.688268303871154785e-01,3.639788925647735596e-02,1.344237029552459717e-01,1.313175487518310547e+01,1.152143716812133789e+00,1.112312555313110352e+00,1.781208366155624390e-01,3.263227939605712891e-01,1.390532779693603516e+01,1.345580697059631348e+00,1.232826113700866699e+00,2.777936756610870361e-01,4.902967214584350586e-01,3.535802078247070312e+01
2.003338928222656250e+02,7.785378098487854004e-01,7.196296453475952148e-01,1.152351200580596924e-01,1.205431595444679260e-01,1.316458415985107422e+01,8.251407742500305176e-01,7.633839249610900879e-01,1.274843662977218628e-01,2.047970294952392578e-01,1.331870841979980469e+01,9.709117412567138672e-01,9.074296951293945312e-01,2.716253995895385742e-01,2.713658213615417480e-01,3.628318405151367188e+01
2.008347320556640625e+02,6.328511238098144531e-01,1.425267934799194336e+00,2.153133153915405273e-01,1.115096956491470337e-01,1.319408035278320312e+01,7.016952633857727051e-01,1.574042320251464844e+00,2.514168918132781982e-01,2.559532523155212402e-01,1.369565486907958984e+01,7.820940017700195312e-01,1.874409198760986328e+00,2.235448509454727173e-01,3.445898294448852539e-01,3.706011199951171875e+01
2.013355560302734375e+02,5.159922242164611816e-01,9.680299758911132812e-01,3.453680872917175293e-01,1.097877025604248047e-01,1.322069549560546875e+01,5.401307940483093262e-01,1.021932482719421387e+00,3.811273276805877686e-01,1.354141831398010254e-01,1.350041770935058594e+01,6.253339052200317383e-01,1.155276894569396973e+00,3.913401067256927490e-01,3.339933156967163086e-01,3.777880477905273438e+01
2.018363952636718750e+02,4.210676550865173340e-01,7.857851982116699219e-01,4.805006384849548340e-01,1.173898577690124512e-01,1.324513912200927734e+01,4.240095019340515137e-01,7.904683947563171387e-01,4.867553114891052246e-01,1.208980530500411987e-01,1.333774280548095703e+01,4.831918179988861084e-01,8.860188722610473633e-01,5.590869784355163574e-01,1.609222888946533203e-01,3.819552993774414062e+01
2.023372344970703125e+02,3.436876833438873291e-01,6.651940345764160156e-01,5.983615517616271973e-01,1.354022473096847534e-01,1.326843643188476562e+01,3.442123830318450928e-01,6.659982204437255859e-01,5.994879007339477539e-01,1.359574198722839355e-01,1.330422592163085938e+01,3.945014774799346924e-01,7.443601489067077637e-01,6.744220256805419922e-01,1.727184653282165527e-01,3.829874801635742188e+01
2.028380584716796875e+02,2.805482745170593262e-01,5.666628479957580566e-01,6.912254691123962402e-01,1.632834523916244507e-01,1.329191398620605469e+01,2.806955277919769287e-01,5.668822526931762695e-01,6.915131211280822754e-01,1.634179055690765381e-01,1.330857372283935547e+01,3.253722190856933594e-01,6.345753073692321777e-01,7.717590928077697754e-01,2.004434466361999512e-01,3.835260009765625000e+01
2.033388977050781250e+02,2.290111035108566284e-01,4.820937216281890869e-01,7.580728530883789062e-01,1.990906745195388794e-01,1.331711673736572266e+01,2.290697693824768066e-01,4.821789264678955078e-01,7.581936717033386230e-01,1.991467475891113281e-01,1.332504463195800781e+01,2.698542773723602295e-01,5.421200394630432129e-01,8.437777757644653320e-01,2.380064427852630615e-01,3.839098739624023438e+01
2.038397369384765625e+02,1.869423538446426392e-01,4.090649485588073730e-01,8.005753755569458008e-01,2.401549220085144043e-01,1.334563159942626953e+01,1.869621276855468750e-01,4.090929925441741943e-01,8.006204366683959961e-01,2.401765733957290649e-01,1.334853267669677734e+01,2.248250991106033325e-01,4.629460871219635010e-01,8.900663256645202637e-01,2.816171348094940186e-01,3.842529296875000000e+01
2.043405609130859375e+02,1.526026725769042969e-01,3.461743593215942383e-01,8.215427994728088379e-01,2.836834490299224854e-01,1.337891483306884766e+01,1.525991857051849365e-01,3.461695909500122070e-01,8.215339779853820801e-01,2.836785614490509033e-01,1.337838840484619141e+01,1.881769895553588867e-01,3.950886130332946777e-01,9.129075407981872559e-01,3.280498385429382324e-01,3.846052932739257812e+01
2.048414001464843750e+02,1.245702281594276428e-01,2.922301292419433594e-01,8.242251873016357422e-01,3.271382749080657959e-01,1.341815757751464844e+01,1.245501637458801270e-01,2.922037541866302490e-01,8.241724371910095215e-01,3.271103501319885254e-01,1.341488170623779297e+01,1.582870781421661377e-01,3.370364308357238770e-01,9.156998991966247559e-01,3.745712935924530029e-01,3.849915695190429688e+01
2.053422393798828125e+02,1.016872525215148926e-01,2.461409717798233032e-01,8.119356632232666016e-01,3.684103488922119141e-01,1.346419143676757812e+01,1.016534045338630676e-01,2.460977882146835327e-01,8.118435144424438477e-01,3.683579266071319580e-01,1.345836830139160156e+01,1.345371007919311523e-01,2.889014780521392822e-01,9.001634120941162109e-01,4.173760116100311279e-01,3.854377365112304688e+01
2.058430786132812500e+02,8.300776034593582153e-02,2.069007307291030884e-01,7.878321409225463867e-01,4.058841466903686523e-01,1.351745700836181641e+01,8.296421915292739868e-02,2.068473100662231445e-01,7.877011895179748535e-01,4.058014154434204102e-01,1.350905227661132812e+01,1.126340851187705994e-01,2.628733217716217041e-01,8.618332147598266602e-01,5.063180923461914062e-01,3.854109191894531250e+01
2.063439025878906250e+02,6.776002794504165649e-02,1.735967248678207397e-01,7.547904253005981445e-01,4.384234845638275146e-01,1.357802391052246094e+01,6.819253414869308472e-02,1.742726862430572510e-01,7.542103528976440430e-01,4.379095435142517090e-01,1.356649589538574219e+01,9.628539532423019409e-02,2.237295508384704590e-01,8.302934765815734863e-01,5.302658677101135254e-01,3.860417175292968750e+01
2.068447418212890625e+02,5.531280487775802612e-02,1.454078257083892822e-01,7.153365015983581543e-01,4.653266072273254395e-01,1.364562797546386719e+01,5.702287331223487854e-02,1.485284268856048584e-01,7.131553292274475098e-01,4.644029438495635986e-01,1.362948513031005859e+01,8.255779743194580078e-02,1.960382014513015747e-01,7.838362455368041992e-01,5.580735802650451660e-01,3.866424179077148438e+01
2.073455810546875000e+02,4.515207931399345398e-02,1.216087415814399719e-01,6.716313958168029785e-01,4.862550795078277588e-01,1.371972846984863281e+01,4.406226426362991333e-02,1.243420168757438660e-01,6.696406006813049316e-01,4.914887547492980957e-01,1.369747829437255859e+01,7.166586816310882568e-02,1.733947545289993286e-01,7.327104210853576660e-01,5.809081196784973145e-01,3.872606658935546875e+01
2.078464050292968750e+02,3.685805946588516235e-02,1.015616357326507568e-01,6.254758834838867188e-01,5.011678934097290039e-01,1.379957866668701172e+01,3.580513596534729004e-02,1.048352867364883423e-01,6.235719919204711914e-01,5.051683187484741211e-01,1.377499485015869141e+01,6.308523565530776978e-02,1.550412476062774658e-01,6.780396103858947754e-01,5.992119908332824707e-01,3.878937149047851562e+01
2.083472442626953125e+02,3.008738346397876740e-02,8.470833301544189453e-02,5.783290863037109375e-01,5.102550387382507324e-01,1.388429260253906250e+01,2.955841831862926483e-02,8.962285518646240234e-02,5.758329629898071289e-01,5.145253539085388184e-01,1.385510158538818359e+01,5.630781129002571106e-02,1.398549824953079224e-01,6.208482980728149414e-01,6.130532026290893555e-01,3.885468292236328125e+01
2.088480834960937500e+02,2.456045150756835938e-02,7.056672871112823486e-02,5.313502550125122070e-01,5.138740539550781250e-01,1.397289085388183594e+01,2.565458789467811584e-02,7.808104157447814941e-02,5.276459455490112305e-01,5.194054245948791504e-01,1.393688488006591797e+01,5.086050927639007568e-02,1.267556995153427124e-01,5.615100860595703125e-01,6.225549578666687012e-01,3.892306900024414062e+01
2.093489074707031250e+02,2.004891633987426758e-02,5.872087925672531128e-02,4.854319989681243896e-01,5.124988555908203125e-01,1.406436252593994141e+01,2.627643384039402008e-02,7.182525098323822021e-02,4.771726727485656738e-01,5.238059759140014648e-01,1.401416206359863281e+01,4.631400108337402344e-02,1.147431358695030212e-01,5.000717043876647949e-01,6.275705695152282715e-01,3.899605178833007812e+01
2.098497467041015625e+02,1.636600680649280548e-02,4.881281405687332153e-02,4.412341117858886719e-01,5.066751837730407715e-01,1.415771484375000000e+01,4.131140187382698059e-02,7.560817152261734009e-02,4.110612869262695312e-01,5.320646762847900391e-01,1.408101749420166016e+01,4.230721294879913330e-02,1.030191481113433838e-01,4.370407760143280029e-01,6.274992227554321289e-01,3.907488632202148438e+01
2.103505859375000000e+02,1.335963141173124313e-02,4.053759574890136719e-02,3.992285132408142090e-01,4.969846308231353760e-01,1.425198554992675781e+01,5.818018689751625061e-02,6.489621102809906006e-02,3.646418154239654541e-01,5.147905945777893066e-01,1.416829490661621094e+01,3.857637941837310791e-02,9.118346869945526123e-02,3.742364943027496338e-01,6.214889883995056152e-01,3.915926742553710938e+01
2.108514251708984375e+02,1.090552471578121185e-02,3.363519161939620972e-02,3.597275912761688232e-01,4.840164780616760254e-01,1.434628009796142578e+01,6.051811203360557556e-02,5.482362583279609680e-02,3.281480371952056885e-01,4.954798221588134766e-01,1.426312732696533203e+01,3.499455749988555908e-02,7.936580479145050049e-02,3.145403265953063965e-01,6.091541051864624023e-01,3.924669647216796875e+01
2.113522491455078125e+02,8.902285248041152954e-03,2.788495086133480072e-02,3.229166269302368164e-01,4.683470427989959717e-01,1.443978786468505859e+01,5.863988772034645081e-02,4.596184939146041870e-02,2.931496500968933105e-01,4.773018956184387207e-01,1.435951042175292969e+01,3.155242279171943665e-02,6.806053966283798218e-02,2.608617842197418213e-01,5.910323858261108398e-01,3.933324432373046875e+01
2.118530883789062500e+02,7.266976404935121536e-03,2.309960499405860901e-02,2.888760864734649658e-01,4.505220949649810791e-01,1.453179740905761719e+01,5.520165711641311646e-02,3.602217510342597961e-02,2.596200704574584961e-01,4.584752917289733887e-01,1.445851993560791016e+01,2.831096760928630829e-02,5.781213566660881042e-02,2.150084823369979858e-01,5.684971213340759277e-01,3.941512298583984375e+01
2.123539276123046875e+02,5.932065192610025406e-03,1.912150345742702484e-02,2.576110959053039551e-01,4.310490787029266357e-01,1.462168407440185547e+01,5.141704902052879333e-02,2.649215236306190491e-02,2.253619879484176636e-01,4.407285153865814209e-01,1.455756282806396484e+01,2.534746564924716949e-02,4.897062107920646667e-02,1.774231791496276855e-01,5.432373881340026855e-01,3.948977661132812500e+01
2.128547515869140625e+02,4.842400550842285156e-03,1.581775024533271790e-02,2.290668487548828125e-01,4.103893935680389404e-01,1.470892524719238281e+01,4.746459424495697021e-02,1.792385987937450409e-02,1.932798624038696289e-01,4.217154681682586670e-01,1.465501403808593750e+01,2.271936833858489990e-02,4.162809997797012329e-02,1.474620550870895386e-01,5.167948603630065918e-01,3.955614852905273438e+01
2.133555908203125000e+02,3.952872473746538162e-03,1.307632494717836380e-02,2.031424045562744141e-01,3.889528810977935791e-01,1.479310131072998047e+01,4.362723603844642639e-02,1.068546995520591736e-02,1.650959402322769165e-01,4.012304842472076416e-01,1.474840164184570312e+01,2.044536173343658447e-02,3.567812591791152954e-02,1.239390224218368530e-01,4.903333187103271484e-01,3.961435699462890625e+01
2.138564300537109375e+02,3.226745873689651489e-03,1.080349646508693695e-02,1.797089129686355591e-01,3.671005666255950928e-01,1.487387371063232422e+01,3.949662297964096069e-02,6.353959906846284866e-03,1.408986300230026245e-01,3.803735971450805664e-01,1.483510303497314453e+01,1.851572841405868530e-02,3.091875649988651276e-02,1.055712699890136719e-01,4.646259546279907227e-01,3.966512298583984375e+01
2.143572692871093750e+02,2.634005853906273842e-03,8.920639753341674805e-03,1.586166322231292725e-01,3.451431989669799805e-01,1.495099163055419922e+01,3.981381282210350037e-02,0.000000000000000000e+00,1.260905563831329346e-01,3.556527197360992432e-01,1.491499137878417969e+01,1.689711771905422211e-02,2.712587825953960419e-02,9.119676053524017334e-02,4.401443898677825928e-01,3.970938873291015625e+01
2.148580932617187500e+02,2.150162821635603905e-03,7.362029980868101120e-03,1.397047042846679688e-01,3.233444094657897949e-01,1.502427864074707031e+01,3.682245314121246338e-02,0.000000000000000000e+00,1.101237162947654724e-01,3.343593776226043701e-01,1.498805427551269531e+01,1.554782036691904068e-02,2.409583888947963715e-02,7.987067103385925293e-02,4.171540737152099609e-01,3.974808502197265625e+01
2.153589324951171875e+02,1.755186356604099274e-03,6.072635762393474579e-03,1.228055059909820557e-01,3.019214272499084473e-01,1.509363079071044922e+01,3.401737660169601440e-02,0.000000000000000000e+00,9.655451774597167969e-02,3.140811324119567871e-01,1.505534744262695312e+01,1.442130282521247864e-02,2.165857329964637756e-02,7.085876911878585815e-02,3.957784771919250488e-01,3.978203582763671875e+01
2.158597717285156250e+02,1.432765275239944458e-03,5.006678402423858643e-03,1.077529788017272949e-01,2.810526192188262939e-01,1.515899753570556641e+01,3.156922385096549988e-02,0.000000000000000000e+00,8.510068058967590332e-02,2.950037717819213867e-01,1.511720085144042969e+01,1.348024792969226837e-02,1.968221925199031830e-02,6.361428648233413696e-02,3.760559558868408203e-01,3.981192016601562500e+01
2.163605957031250000e+02,1.169578754343092442e-03,4.125997424125671387e-03,9.438444674015045166e-02,2.608793377876281738e-01,1.522038173675537109e+01,2.960238419473171234e-02,0.000000000000000000e+00,7.553632557392120361e-02,2.772040069103240967e-01,1.517397117614746094e+01,1.269128452986478806e-02,1.806536316871643066e-02,5.772939324378967285e-02,3.579723834991455078e-01,3.983829498291015625e+01
2.168614349365234375e+02,9.547325898893177509e-04,3.398763481527566910e-03,8.254230022430419922e-02,2.415082305669784546e-01,1.527783203125000000e+01,2.815848775207996368e-02,0.000000000000000000e+00,6.764639914035797119e-02,2.607003152370452881e-01,1.522602462768554688e+01,1.202358957380056381e-02,1.672967523336410522e-02,5.289892852306365967e-02,3.414702415466308594e-01,3.986162948608398438e+01
2.173622741699218750e+02,7.793530239723622799e-04,2.798580797389149666e-03,7.207817584276199341e-02,2.230190038681030273e-01,1.533142852783203125e+01,2.719454094767570496e-02,0.000000000000000000e+00,6.119063869118690491e-02,2.454900592565536499e-01,1.527371311187744141e+01,1.145708933472633362e-02,1.561728585511445999e-02,4.889826849102973938e-02,3.264723420143127441e-01,3.988230895996093750e+01
2.178630981445312500e+02,6.361936684697866440e-04,2.303516259416937828e-03,6.285276263952255249e-02,2.054662108421325684e-01,1.538128089904785156e+01,2.659835666418075562e-02,0.000000000000000000e+00,5.593809485435485840e-02,2.315533310174942017e-01,1.531738376617431641e+01,1.097438950091600418e-02,1.468395162373781204e-02,4.555750638246536255e-02,3.128866255283355713e-01,3.990065383911132812e+01
2.183639373779296875e+02,5.193279939703643322e-04,1.895329100079834461e-03,5.473589524626731873e-02,1.888815015554428101e-01,1.542752552032470703e+01,2.620770595967769623e-02,0.000000000000000000e+00,5.163614824414253235e-02,2.188883274793624878e-01,1.535735416412353516e+01,1.055837702006101608e-02,1.389451045542955399e-02,4.274547472596168518e-02,3.006098866462707520e-01,3.991695022583007812e+01
2.188647766113281250e+02,4.239299159962683916e-04,1.558936899527907372e-03,4.760839790105819702e-02,1.732801347970962524e-01,1.547031116485595703e+01,2.584054321050643921e-02,0.000000000000000000e+00,4.796802252531051636e-02,2.075255364179611206e-01,1.539389610290527344e+01,1.019989326596260071e-02,1.322299987077713013e-02,4.036382958292961121e-02,2.895419001579284668e-01,3.993142700195312500e+01
2.193656158447265625e+02,3.460560110397636890e-04,1.281830249354243279e-03,4.136091098189353943e-02,1.586618572473526001e-01,1.550980091094970703e+01,2.534963190555572510e-02,0.000000000000000000e+00,4.462051764130592346e-02,1.975031495094299316e-01,1.542722511291503906e+01,9.889371693134307861e-03,1.264865510165691376e-02,3.833448514342308044e-02,2.795776128768920898e-01,3.994430541992187500e+01
2.198664398193359375e+02,2.824888506438583136e-04,1.053659594617784023e-03,3.589410707354545593e-02,1.450146287679672241e-01,1.554616546630859375e+01,2.468660101294517517e-02,0.000000000000000000e+00,4.138375818729400635e-02,1.887953430414199829e-01,1.545755672454833984e+01,9.620257653295993805e-03,1.215531211346387863e-02,3.659696877002716064e-02,2.706206142902374268e-01,3.995576095581054688e+01
2.203672790527343750e+02,2.305969101144000888e-04,8.658432634547352791e-04,3.111760504543781281e-02,1.323153674602508545e-01,1.557958316802978516e+01,2.394650131464004517e-02,0.000000000000000000e+00,3.831571713089942932e-02,1.812331229448318481e-01,1.548513793945312500e+01,9.383892640471458435e-03,1.172909233719110489e-02,3.510150313377380371e-02,2.625745236873626709e-01,3.996596527099609375e+01
2.208681182861328125e+02,1.882372744148597121e-04,7.113057654350996017e-04,2.695046365261077881e-02,1.205346286296844482e-01,1.561022949218750000e+01,2.319541946053504944e-02,5.714629660360515118e-04,3.548951819539070129e-02,1.746411770582199097e-01,1.551021575927734375e+01,9.177410975098609924e-03,1.135977916419506073e-02,3.380979225039482117e-02,2.553540468215942383e-01,3.997505187988281250e+01
2.213689422607421875e+02,1.536598429083824158e-04,5.841977545060217381e-04,2.332001551985740662e-02,1.096370145678520203e-01,1.563828086853027344e+01,2.243544906377792358e-02,1.371686812490224838e-03,3.291196748614311218e-02,1.688996106386184692e-01,1.553299522399902344e+01,8.997276425361633301e-03,1.103909499943256378e-02,3.269052132964134216e-02,2.488776743412017822e-01,3.998315048217773438e+01
2.218697814941406250e+02,1.254331727977842093e-04,4.796785651706159115e-04,2.016099356114864349e-02,9.958195686340332031e-02,1.566391468048095703e+01,2.172105014324188232e-02,2.006300492212176323e-03,3.072774223983287811e-02,1.638136804103851318e-01,1.555370807647705078e+01,8.837426081299781799e-03,1.075921859592199326e-02,3.171671181917190552e-02,2.430693060159683228e-01,3.999037170410156250e+01
2.223706207275390625e+02,1.023916265694424510e-04,3.937634755857288837e-04,1.741557195782661438e-02,9.032699465751647949e-02,1.568729686737060547e+01,2.103596180677413940e-02,2.507620491087436676e-03,2.889194712042808533e-02,1.592947989702224731e-01,1.557253170013427734e+01,8.696964941918849945e-03,1.051455643028020859e-02,3.086756914854049683e-02,2.378626763820648193e-01,3.999681091308593750e+01
2.228714599609375000e+02,8.358274499187245965e-05,3.231620357837527990e-04,1.503229886293411255e-02,8.182758837938308716e-02,1.570859432220458984e+01,2.038357593119144440e-02,2.887899056077003479e-03,2.737338468432426453e-02,1.552634835243225098e-01,1.558962631225585938e+01,8.573118597269058228e-03,1.030035130679607391e-02,3.012549504637718201e-02,2.331969290971755981e-01,4.000255584716796875e+01
2.233722839355468750e+02,6.822940486017614603e-05,2.651625545695424080e-04,1.296566054224967957e-02,7.403859496116638184e-02,1.572796154022216797e+01,1.976257935166358948e-02,3.185370704159140587e-03,2.610966004431247711e-02,1.516684591770172119e-01,1.560513496398925781e+01,8.464599028229713440e-03,1.011262275278568268e-02,2.947580628097057343e-02,2.290163785219192505e-01,4.000768280029296875e+01
2.238731231689453125e+02,5.569597124122083187e-05,2.175254630856215954e-04,1.117527205497026443e-02,6.691414862871170044e-02,1.574555015563964844e+01,1.919078268110752106e-02,3.388326847925782204e-03,2.508873678743839264e-02,1.484432816505432129e-01,1.561918735504150391e+01,8.367155678570270538e-03,9.947318583726882935e-03,2.890527434647083282e-02,2.252700924873352051e-01,4.001226043701171875e+01
2.243739624023437500e+02,4.546487252810038626e-05,1.784106425475329161e-04,9.625721722841262817e-03,6.040964275598526001e-02,1.576150321960449219e+01,1.866121962666511536e-02,3.541597165167331696e-03,2.424164488911628723e-02,1.455601453781127930e-01,1.563190746307373047e+01,8.281219750642776489e-03,9.801758453249931335e-03,2.840378694236278534e-02,2.219140231609344482e-01,4.001634979248046875e+01
2.248747863769531250e+02,3.711340104928240180e-05,1.463021617382764816e-04,8.285845629870891571e-03,5.448146536946296692e-02,1.577595138549804688e+01,1.817801594734191895e-02,3.652418497949838638e-03,2.354131639003753662e-02,1.429803669452667236e-01,1.564341163635253906e+01,8.205973543226718903e-03,9.673686698079109192e-03,2.796250022947788239e-02,2.189069986343383789e-01,4.002000045776367188e+01
2.253756256103515625e+02,3.029582694580312818e-05,1.199495309265330434e-04,7.128177210688591003e-03,4.908688366413116455e-02,1.578902435302734375e+01,1.775280386209487915e-02,3.702669870108366013e-03,2.299015410244464874e-02,1.406556367874145508e-01,1.565380001068115234e+01,8.137818425893783569e-03,9.560418315231800079e-03,2.757338434457778931e-02,2.162140309810638428e-01,4.002326583862304688e+01
2.258764648437500000e+02,2.473061067576054484e-05,9.832643991103395820e-05,6.128767039626836777e-03,4.418541863560676575e-02,1.580083847045898438e+01,1.737483963370323181e-02,3.722926601767539978e-03,2.254241332411766052e-02,1.385698020458221436e-01,1.566317939758300781e+01,8.077695965766906738e-03,9.460365399718284607e-03,2.723011933267116547e-02,2.138028442859649658e-01,4.002618408203125000e+01
2.263772888183593750e+02,2.018782288359943777e-05,8.058829553192481399e-05,5.266654305160045624e-03,3.973844647407531738e-02,1.581150341033935547e+01,1.704265177249908447e-02,3.716900013387203217e-03,2.218294516205787659e-02,1.366964429616928101e-01,1.567163658142089844e+01,8.025261573493480682e-03,9.372181259095668793e-03,2.692723274230957031e-02,2.116431742906570435e-01,4.002878570556640625e+01
2.268781280517578125e+02,1.647940007387660444e-05,6.603915244340896606e-05,4.523463547229766846e-03,3.570895269513130188e-02,1.582112026214599609e+01,1.676337607204914093e-02,3.666096832603216171e-03,2.192198671400547028e-02,1.350009888410568237e-01,1.567925739288330078e+01,7.977274246513843536e-03,9.293896146118640900e-03,2.665921114385128021e-02,2.097094058990478516e-01,4.003111267089843750e+01
2.273789672851562500e+02,1.345219789072871208e-05,5.410837911767885089e-05,3.883244004100561142e-03,3.206245973706245422e-02,1.582978439331054688e+01,1.652395352721214294e-02,3.596347291022539139e-03,2.172427438199520111e-02,1.334741413593292236e-01,1.568611717224121094e+01,7.934984751045703888e-03,9.224593639373779297e-03,2.642224915325641632e-02,2.079782932996749878e-01,4.003318786621093750e+01
2.278798065185546875e+02,1.098107986763352528e-05,4.432654895936138928e-05,3.332082647830247879e-03,2.876648306846618652e-02,1.583758354187011719e+01,1.632430404424667358e-02,3.503219224512577057e-03,2.158821560442447662e-02,1.320946961641311646e-01,1.569228744506835938e+01,7.897435687482357025e-03,9.163212962448596954e-03,2.621244266629219055e-02,2.064287066459655762e-01,4.003504562377929688e+01
2.283806304931640625e+02,8.963952495832927525e-06,3.630822175182402134e-05,2.857892774045467377e-03,2.579075843095779419e-02,1.584459686279296875e+01,1.615729555487632751e-02,3.397124586626887321e-03,2.149720676243305206e-02,1.308506727218627930e-01,1.569783592224121094e+01,7.864932529628276825e-03,9.109092876315116882e-03,2.602704614400863647e-02,2.050429582595825195e-01,4.003670120239257812e+01
2.288814697265625000e+02,7.317313702515093610e-06,2.973620030388701707e-05,2.450137631967663765e-03,2.310685999691486359e-02,1.585089969635009766e+01,1.602985523641109467e-02,3.257725853472948074e-03,2.146837115287780762e-02,1.297166049480438232e-01,1.570281791687011719e+01,7.834638468921184540e-03,9.060846641659736633e-03,2.586248330771923065e-02,2.038021534681320190e-01,4.003818511962890625e+01
2.293823089599609375e+02,5.973156930849654600e-06,2.435063652228564024e-05,2.099712379276752472e-03,2.068867348134517670e-02,1.585655879974365234e+01,1.592785120010375977e-02,3.110391320660710335e-03,2.147060260176658630e-02,1.286908984184265137e-01,1.570729446411132812e+01,7.808014750480651855e-03,9.018030017614364624e-03,2.571664564311504364e-02,2.026927024126052856e-01,4.003951263427734375e+01
2.298831329345703125e+02,4.875954346061917022e-06,9.110224246978759766e-01,1.279966812580823898e-02,1.851735450327396393e-02,1.586163520812988281e+01,5.956781283020973206e-02,1.089771747589111328e+00,1.623401939868927002e-01,2.596169412136077881e-01,1.637635231018066406e+01,8.212067186832427979e-02,1.191723585128784180e+00,1.626180112361907959e-01,3.029561638832092285e-01,4.061360168457031250e+01
2.303839721679687500e+02,3.980262590630445629e-06,4.796020686626434326e-01,6.772284954786300659e-02,1.693015173077583313e-02,1.586618804931640625e+01,3.392842411994934082e-02,5.354549288749694824e-01,9.314233809709548950e-02,1.733555346727371216e-01,1.596809864044189453e+01,6.857496500015258789e-02,6.010350584983825684e-01,1.429738402366638184e-01,2.828933000564575195e-01,4.125754165649414062e+01
2.308848114013671875e+02,3.249105247959960252e-06,3.341936469078063965e-01,1.383651494979858398e-01,1.754265651106834412e-02,1.587028312683105469e+01,2.168405614793300629e-02,3.684616386890411377e-01,9.072792530059814453e-02,1.378357559442520142e-01,1.581173801422119141e+01,5.218696594238281250e-02,3.988685309886932373e-01,9.788046777248382568e-02,2.386653572320938110e-01,4.156541824340820312e+01
2.313856353759765625e+02,2.652274361025774851e-06,2.551194131374359131e-01,2.020295113325119019e-01,2.229638211429119110e-02,1.587406539916992188e+01,1.975825615227222443e-02,2.699800431728363037e-01,2.361608743667602539e-01,4.559917747974395752e-02,1.578888893127441406e+01,4.356019198894500732e-02,2.895081639289855957e-01,9.629735350608825684e-02,2.319861203432083130e-01,4.169166564941406250e+01
2.318864746093750000e+02,2.165062142012175173e-06,1.993294954299926758e-01,2.514267861843109131e-01,3.199283033609390259e-02,1.587784671783447266e+01,1.702412031590938568e-02,2.086555361747741699e-01,2.771174907684326172e-01,4.851861670613288879e-02,1.580219841003417969e+01,4.005970060825347900e-02,2.117406427860260010e-01,1.140334978699684143e-01,2.386597692966461182e-01,4.174852371215820312e+01
2.323873138427734375e+02,1.767348749126540497e-06,1.565989702939987183e-01,2.856853902339935303e-01,4.613752290606498718e-02,1.588213443756103516e+01,1.484885159879922867e-02,1.623972505331039429e-01,3.042155802249908447e-01,5.785863846540451050e-02,1.582127761840820312e+01,3.587276116013526917e-02,1.428835541009902954e-01,1.379220485687255859e-01,2.520963549613952637e-01,4.178424453735351562e+01
2.328881530761718750e+02,1.442693587705434766e-06,1.231862530112266541e-01,3.061843216419219971e-01,6.346515566110610962e-02,1.588757324218750000e+01,1.335568353533744812e-02,1.268099844455718994e-01,3.193491697311401367e-01,7.193569093942642212e-02,1.583910751342773438e+01,2.970632538199424744e-02,9.607502818107604980e-02,1.514325141906738281e-01,2.663069963455200195e-01,4.180949401855468750e+01
2.333889770507812500e+02,1.177683429887110833e-06,9.693209081888198853e-02,3.150401711463928223e-01,8.246770501136779785e-02,1.589483165740966797e+01,1.093294378370046616e-02,9.835776686668395996e-02,3.222471773624420166e-01,8.753407001495361328e-02,1.586133956909179688e+01,2.544864825904369354e-02,7.267116010189056396e-02,1.536493450403213501e-01,2.788978219032287598e-01,4.182234573364257812e+01
2.338898162841796875e+02,9.613476095182704739e-07,7.627806067466735840e-02,3.145230710506439209e-01,1.017302870750427246e-01,1.590450382232666016e+01,1.256859768182039261e-02,0.000000000000000000e+00,3.234040141105651855e-01,1.103034988045692444e-01,1.594811630249023438e+01,2.288293093442916870e-02,5.974115058779716492e-02,1.500430256128311157e-01,2.902436852455139160e-01,4.183010482788085938e+01
2.343906555175781250e+02,7.847525580473302398e-07,6.002598255872726440e-02,3.067930638790130615e-01,1.200870051980018616e-01,1.591703033447265625e+01,1.285684294998645782e-02,0.000000000000000000e+00,3.136618137359619141e-01,1.274209618568420410e-01,1.595896053314208984e+01,2.100531570613384247e-02,5.085338652133941650e-02,1.422920525074005127e-01,3.000412583351135254e-01,4.183882522583007812e+01
2.348914794921875000e+02,6.406010584214527626e-07,4.723714664578437805e-02,2.937785387039184570e-01,1.366721242666244507e-01,1.593266773223876953e+01,1.297813281416893005e-02,0.000000000000000000e+00,2.993303537368774414e-01,1.432763487100601196e-01,1.596999740600585938e+01,1.937661319971084595e-02,4.389353469014167786e-02,1.317846775054931641e-01,3.078931570053100586e-01,4.185007095336914062e+01
2.353923187255859375e+02,5.229259727457247209e-07,3.717282414436340332e-02,2.771233618259429932e-01,1.427828311920166016e+00,1.595453453063964844e+01,1.324038486927747726e-02,5.006859079003334045e-02,2.761588096618652344e-01,1.441593766212463379e+00,1.658953857421875000e+01,2.401917614042758942e-02,6.619842350482940674e-02,2.933894097805023193e-01,1.582186579704284668e+00,4.234746932983398438e+01
2.358931579589843750e+02,4.268667055384867126e-07,2.925278060138225555e-02,2.581818103790283203e-01,7.397112846374511719e-01,1.602559471130371094e+01,1.213142648339271545e-02,4.708159342408180237e-02,2.473294436931610107e-01,7.542902827262878418e-01,1.663582801818847656e+01,2.421903982758522034e-02,5.879070982336997986e-02,2.199127376079559326e-01,8.490729928016662598e-01,4.316127014160156250e+01
2.363939971923828125e+02,3.484531418962433236e-07,2.302017994225025177e-02,2.380342185497283936e-01,5.139132142066955566e-01,1.613552284240722656e+01,1.232758443802595139e-02,4.203401878476142883e-02,2.106228172779083252e-01,5.331998467445373535e-01,1.625455856323242188e+01,2.102227322757244110e-02,4.581099376082420349e-02,1.633623838424682617e-01,6.173728108406066895e-01,4.346569824218750000e+01
2.368948211669921875e+02,2.844455195827322314e-07,1.811562851071357727e-02,2.175171524286270142e-01,4.290437400341033936e-01,1.625044822692871094e+01,2.393617108464241028e-02,3.820152208209037781e-02,1.713417470455169678e-01,4.534598588943481445e-01,1.622355079650878906e+01,1.801316812634468079e-02,3.677867725491523743e-02,1.308712363243103027e-01,5.307533144950866699e-01,4.359685516357421875e+01
2.373956604003906250e+02,2.321940399951927247e-07,1.425590924918651581e-02,1.972553580999374390e-01,3.874687254428863525e-01,1.635698699951171875e+01,4.187560081481933594e-02,1.576640084385871887e-02,1.529728174209594727e-01,4.045831263065338135e-01,1.629992675781250000e+01,1.582170836627483368e-02,3.091359697282314301e-02,1.102038621902465820e-01,4.872626662254333496e-01,4.366907119750976562e+01
2.378964996337890625e+02,1.895409269536685315e-07,1.121854130178689957e-02,1.777005791664123535e-01,3.594911098480224609e-01,1.645283508300781250e+01,4.289927706122398376e-02,5.103950388729572296e-04,1.367038935422897339e-01,3.736622333526611328e-01,1.640219306945800781e+01,1.422543823719024658e-02,2.679145894944667816e-02,9.521199762821197510e-02,4.575974643230438232e-01,4.371944808959960938e+01
2.383973236083984375e+02,1.547239634192010271e-07,8.828379213809967041e-03,1.591622531414031982e-01,3.360646367073059082e-01,1.653912734985351562e+01,4.126711562275886536e-02,0.000000000000000000e+00,1.222825050354003906e-01,3.494671881198883057e-01,1.649336242675781250e+01,1.298814639449119568e-02,2.366733178496360779e-02,8.353798836469650269e-02,4.332140386104583740e-01,4.375986480712890625e+01
2.388981628417968750e+02,1.263017566088819876e-07,6.947401911020278931e-03,1.418353468179702759e-01,3.144401013851165771e-01,1.661752128601074219e+01,3.887206688523292542e-02,0.000000000000000000e+00,1.089131832122802734e-01,3.283883631229400635e-01,1.657438278198242188e+01,1.198008935898542404e-02,2.119328267872333527e-02,7.416281104087829590e-02,4.115644097328186035e-01,4.379437255859375000e+01
2.393990020751953125e+02,1.031005893992187339e-07,5.467185750603675842e-03,1.258289366960525513e-01,2.938028872013092041e-01,1.668937301635742188e+01,3.642858937382698059e-02,0.000000000000000000e+00,9.700634330511093140e-02,3.091282248497009277e-01,1.664614295959472656e+01,1.113901659846305847e-02,1.919007115066051483e-02,6.652944535017013550e-02,3.918502330780029297e-01,4.382456588745117188e+01
2.398998260498046875e+02,8.416197516680767876e-08,4.302380606532096863e-03,1.111856922507286072e-01,2.739359140396118164e-01,1.675565147399902344e+01,3.419284522533416748e-02,0.000000000000000000e+00,8.661478012800216675e-02,2.913052141666412354e-01,1.671006393432617188e+01,1.042898558080196381e-02,1.754708401858806610e-02,6.026067584753036499e-02,3.737843334674835205e-01,4.385124969482421875e+01
2.404006652832031250e+02,6.870185131901962450e-08,3.385722171515226364e-03,9.789807349443435669e-02,2.548060119152069092e-01,1.681703948974609375e+01,3.229350969195365906e-02,0.000000000000000000e+00,7.770042866468429565e-02,2.747676670551300049e-01,1.676742172241210938e+01,9.823535569012165070e-03,1.618591882288455963e-02,5.507371574640274048e-02,3.572255969047546387e-01,4.387496566772460938e+01
2.409015045166015625e+02,5.608166375736800546e-08,2.664365340024232864e-03,8.592505007982254028e-02,2.364372611045837402e-01,1.687400436401367188e+01,3.076748736202716827e-02,0.000000000000000000e+00,7.014636695384979248e-02,2.594468593597412109e-01,1.681923294067382812e+01,9.305944666266441345e-03,1.504993159323930740e-02,5.075459554791450500e-02,3.420759737491607666e-01,4.389608764648437500e+01
2.414023437500000000e+02,4.577973911068511370e-08,2.096699550747871399e-03,7.520157843828201294e-02,2.188659459352493286e-01,1.692689323425292969e+01,2.959030866622924805e-02,0.000000000000000000e+00,6.383480131626129150e-02,2.452779263257980347e-01,1.686628723144531250e+01,8.861234411597251892e-03,1.409513317048549652e-02,4.713457077741622925e-02,3.282454907894134521e-01,4.391493606567382812e+01
2.419031677246093750e+02,3.737045162210961280e-08,1.649991841986775398e-03,6.564786285161972046e-02,2.021266818046569824e-01,1.697596740722656250e+01,2.861389704048633575e-02,0.000000000000000000e+00,5.851434916257858276e-02,2.322784960269927979e-01,1.690918350219726562e+01,8.478112518787384033e-03,1.328766345977783203e-02,4.408226162195205688e-02,3.156474530696868896e-01,4.393177795410156250e+01
2.424040069580078125e+02,3.050567443096952047e-08,1.298446906730532646e-03,5.717492476105690002e-02,1.862448453903198242e-01,1.702145767211914062e+01,2.747919224202632904e-02,0.000000000000000000e+00,5.361372604966163635e-02,2.206792235374450684e-01,1.694828987121582031e+01,8.145041763782501221e-03,1.259998418390750885e-02,4.149279370903968811e-02,3.041949272155761719e-01,4.394684219360351562e+01
2.429048461914062500e+02,2.490192230197862955e-08,1.021801610477268696e-03,4.969117417931556702e-02,1.712378710508346558e-01,1.706355857849121094e+01,2.589087001979351044e-02,0.000000000000000000e+00,4.850347712635993958e-02,2.107504606246948242e-01,1.698383903503417969e+01,7.855676114559173584e-03,1.201169472187757492e-02,3.928541019558906555e-02,2.938051819801330566e-01,4.396031570434570312e+01
2.434056701660156250e+02,2.032767554283054778e-08,8.041038527153432369e-04,4.310506582260131836e-02,1.571130603551864624e-01,1.710245513916015625e+01,2.412053197622299194e-02,0.000000000000000000e+00,4.332780092954635620e-02,2.023005038499832153e-01,1.701613998413085938e+01,7.603833451867103577e-03,1.150624454021453857e-02,3.739484399557113647e-02,2.843949794769287109e-01,4.397237777709960938e+01
2.439065093994140625e+02,1.659357273808836908e-08,6.327825831249356270e-04,3.732711449265480042e-02,1.438670456409454346e-01,1.713832092285156250e+01,2.259718626737594604e-02,1.785834319889545441e-03,3.865431249141693115e-02,1.948879510164260864e-01,1.704555130004882812e+01,7.382360287010669708e-03,1.106943283230066299e-02,3.576776012778282166e-02,2.758825123310089111e-01,4.398317718505859375e+01
2.444073486328125000e+02,1.354536927067329088e-08,4.979612422175705433e-04,3.227275609970092773e-02,1.571731805801391602e+00,1.717384529113769531e+01,1.832047291100025177e-02,1.761961914598941803e-02,8.744130283594131470e-02,1.564465880393981934e+00,1.775691604614257812e+01,1.343654468655586243e-02,2.714353799819946289e-02,1.162334680557250977e-01,1.690370321273803711e+00,4.459071350097656250e+01
2.449081878662109375e+02,1.105715252691652495e-08,3.918668080586940050e-04,2.786283008754253387e-02,7.637739181518554688e-01,1.725480842590332031e+01,1.893308758735656738e-02,1.640249602496623993e-02,6.695004552602767944e-02,7.593523263931274414e-01,1.791670799255371094e+01,1.457338407635688782e-02,2.402273006737232208e-02,8.251034468412399292e-02,8.230431675910949707e-01,4.549374771118164062e+01
2.454090118408203125e+02,9.026063452211019467e-09,3.083788324147462845e-04,2.402410283684730530e-02,4.871480762958526611e-01,1.737418365478515625e+01,1.808457821607589722e-02,1.338705141097307205e-02,5.040076747536659241e-02,4.825131893157958984e-01,1.748245239257812500e+01,1.208652183413505554e-02,1.871947012841701508e-02,6.092429906129837036e-02,5.465591549873352051e-01,4.579961013793945312e+01
2.459098510742187500e+02,7.368019083742183284e-09,2.426763821858912706e-04,2.068934775888919830e-02,3.750569224357604980e-01,1.749499893188476562e+01,1.756411790847778320e-02,1.167835388332605362e-02,4.171445965766906738e-02,3.759762942790985107e-01,1.743873023986816406e+01,9.970255196094512939e-03,1.546964980661869049e-02,5.072006210684776306e-02,4.455728530883789062e-01,4.591616821289062500e+01
2.464106903076171875e+02,6.014548858956914046e-09,1.909723359858617187e-04,1.779795438051223755e-02,3.159227967262268066e-01,1.760253906250000000e+01,1.715652458369731903e-02,1.069513708353042603e-02,3.681658953428268433e-02,3.237618207931518555e-01,1.750255775451660156e+01,8.705548010766506195e-03,1.366415992379188538e-02,4.530578479170799255e-02,3.965773582458496094e-01,4.597364425659179688e+01
2.469115142822265625e+02,4.909733952729311568e-09,1.502853265265002847e-04,1.529533229768276215e-02,2.755824327468872070e-01,1.769464492797851562e+01,1.677766069769859314e-02,1.003156509250402451e-02,3.347451612353324890e-02,2.906173765659332275e-01,1.758554840087890625e+01,7.964265532791614532e-03,1.256416644901037216e-02,4.181111603975296021e-02,3.652843236923217773e-01,4.601027297973632812e+01
2.474123535156250000e+02,4.007838061426127751e-09,1.182659107143990695e-04,1.313243899494409561e-02,2.433818727731704712e-01,1.777312469482421875e+01,1.639051735401153564e-02,9.517805650830268860e-03,3.088959306478500366e-02,2.658689618110656738e-01,1.766300582885742188e+01,7.479407824575901031e-03,1.179635711014270782e-02,3.920347243547439575e-02,3.416838347911834717e-01,4.603773880004882812e+01
2.479131927490234375e+02,3.271616089151052620e-09,9.306846914114430547e-05,1.126585993915796280e-02,2.158313393592834473e-01,1.784039497375488281e+01,1.599135994911193848e-02,9.090235456824302673e-03,2.877998165786266327e-02,2.459868490695953369e-01,1.772990798950195312e+01,7.122526876628398895e-03,1.120245270431041718e-02,3.710310906171798706e-02,3.225008249282836914e-01,4.605997467041015625e+01
2.484140167236328125e+02,2.670650811609220909e-09,7.324006583075970411e-05,9.657120332121849060e-03,1.916391849517822266e-01,1.789853096008300781e+01,1.558631937950849533e-02,8.723100647330284119e-03,2.702576853334903717e-02,2.295469492673873901e-01,1.778670310974121094e+01,6.837928667664527893e-03,1.071616541594266891e-02,3.535209223628044128e-02,3.064311444759368896e-01,4.607856750488281250e+01
2.489148559570312500e+02,2.180063685131017337e-09,5.763573062722571194e-05,8.272149600088596344e-03,1.702028512954711914e-01,1.794914817810058594e+01,1.518255472183227539e-02,8.403019048273563385e-03,2.555820904672145844e-02,2.157862633466720581e-01,1.783497047424316406e+01,6.599679589271545410e-03,1.030626893043518066e-02,3.386890143156051636e-02,2.927968800067901611e-01,4.609432983398437500e+01
2.494156951904296875e+02,1.779594915873872196e-09,4.535601328825578094e-05,7.081144023686647415e-03,1.511537134647369385e-01,1.799347686767578125e+01,1.479087211191654205e-02,8.121571503579616547e-03,2.432858571410179138e-02,2.041946053504943848e-01,1.787624549865722656e+01,6.397307384759187698e-03,9.956761263310909271e-03,3.260364755988121033e-02,2.811557054519653320e-01,4.610779190063476562e+01
2.499165344238281250e+02,1.452691078540624403e-09,3.569260297808796167e-05,6.057947408407926559e-03,1.342123150825500488e-01,1.803245925903320312e+01,1.441747136414051056e-02,7.872011512517929077e-03,2.329780906438827515e-02,1.943829506635665894e-01,1.791178512573242188e+01,6.223694421350955963e-03,9.656892158091068268e-03,3.151944652199745178e-02,2.711749076843261719e-01,4.611933135986328125e+01
2.504173583984375000e+02,1.185845865947499078e-09,2.808827957778703421e-05,5.179733969271183014e-03,1.191445961594581604e-01,1.806684303283691406e+01,1.406794320791959763e-02,7.649042643606662750e-03,2.243416942656040192e-02,1.860436499118804932e-01,1.794256973266601562e+01,6.074618548154830933e-03,9.398978203535079956e-03,3.058791719377040863e-02,2.625910639762878418e-01,4.612925720214843750e+01
2.509181976318359375e+02,9.680113377541488262e-10,2.210389720858074725e-05,4.426536150276660919e-03,1.057445928454399109e-01,1.809723091125488281e+01,1.374386623501777649e-02,7.447743788361549377e-03,2.171104215085506439e-02,1.789269447326660156e-01,1.796936607360839844e+01,5.944920238107442856e-03,9.175823070108890533e-03,2.978399023413658142e-02,2.551837563514709473e-01,4.613782119750976562e+01
2.514190368652343750e+02,7.901920229258507788e-10,1.739452818583231419e-05,3.781069535762071609e-03,9.383093565702438354e-02,1.812412452697753906e+01,1.344851963222026825e-02,7.264588959515094757e-03,2.110648714005947113e-02,1.728294342756271362e-01,1.799277496337890625e+01,5.832811817526817322e-03,8.982750587165355682e-03,2.908939495682716370e-02,2.487771064043045044e-01,4.614522552490234375e+01
2.519198608398437500e+02,6.450411871306016565e-10,1.368862012895988300e-05,3.228326328098773956e-03,8.324183523654937744e-02,1.814794540405273438e+01,1.318227499723434448e-02,7.096401415765285492e-03,2.060212753713130951e-02,1.675855070352554321e-01,1.801328849792480469e+01,5.736094433814287186e-03,8.815619163215160370e-03,2.848806791007518768e-02,2.432221472263336182e-01,4.615164566040039062e+01
2.524207000732421875e+02,5.265499147810714931e-10,1.077217893907800317e-05,2.755261026322841644e-03,7.383193075656890869e-02,1.816905593872070312e+01,1.294381450861692429e-02,6.940089166164398193e-03,2.018318139016628265e-02,1.630611121654510498e-01,1.803129959106445312e+01,5.651271436363458633e-03,8.670085109770298004e-03,2.796572819352149963e-02,2.383948862552642822e-01,4.615722656250000000e+01
2.529215393066406250e+02,4.298248701406492955e-10,8.477104529447387904e-06,2.350640483200550079e-03,6.547237187623977661e-02,1.818777084350585938e+01,1.273318380117416382e-02,6.793887820094823837e-03,1.983657293021678925e-02,1.591435521841049194e-01,1.804714584350585938e+01,5.577650386840105057e-03,8.543455973267555237e-03,2.751144766807556152e-02,2.341906428337097168e-01,4.616208267211914062e+01
2.534223632812500000e+02,3.508699719656505067e-10,6.671057690255111083e-06,2.004759619012475014e-03,5.804803967475891113e-02,1.820436096191406250e+01,1.254884153604507446e-02,6.656150799244642258e-03,1.955163478851318359e-02,1.557419002056121826e-01,1.806110572814941406e+01,5.513968411833047867e-03,8.433314040303230286e-03,2.711588144302368164e-02,2.305232882499694824e-01,4.616631698608398438e+01
2.539232025146484375e+02,2.864165571381249720e-10,5.249751666269730777e-06,1.709220930933952332e-03,5.145554989576339722e-02,1.821907424926757812e+01,1.238852180540561676e-02,6.524715572595596313e-03,1.931993104517459869e-02,1.527800112962722778e-01,1.807340812683105469e+01,5.457617342472076416e-03,8.336831815540790558e-03,2.677029557526111603e-02,2.273179590702056885e-01,4.617002487182617188e+01
2.544240417480468750e+02,2.338029769788363410e-10,4.131263267481699586e-06,1.456822035834193230e-03,4.560331627726554871e-02,1.823211669921875000e+01,1.225084066390991211e-02,6.399260833859443665e-03,1.913315244019031525e-02,1.501940190792083740e-01,1.808426666259765625e+01,5.408577155321836472e-03,8.252543397247791290e-03,2.646844647824764252e-02,2.245138287544250488e-01,4.617326354980468750e+01
2.549248809814453125e+02,1.908542490713927009e-10,3.251075895605026744e-06,1.241357414983212948e-03,4.040944576263427734e-02,1.824368095397949219e+01,1.213361602276563644e-02,6.278721150010824203e-03,1.898484304547309875e-02,1.479311287403106689e-01,1.809385299682617188e+01,5.365713965147733688e-03,8.178822696208953857e-03,2.620436064898967743e-02,2.220564633607864380e-01,4.617609786987304688e+01
2.554257049560546875e+02,1.557960011000503187e-10,2.558436335675651208e-06,1.057499786838889122e-03,3.580105677247047424e-02,1.825393104553222656e+01,1.203480176627635956e-02,6.163072306662797928e-03,1.886888034641742706e-02,1.459477394819259644e-01,1.810231971740722656e+01,5.328627303242683411e-03,8.114465512335300446e-03,2.597333863377571106e-02,2.199011743068695068e-01,4.617858886718750000e+01
2.559265441894531250e+02,1.271769217714435740e-10,2.013350467677810229e-06,9.006601176224648952e-04,3.171281516551971436e-02,1.826301765441894531e+01,1.195260696113109589e-02,6.050544325262308121e-03,1.878173649311065674e-02,1.442050933837890625e-01,1.810980224609375000e+01,5.295366980135440826e-03,8.057693019509315491e-03,2.577033638954162598e-02,2.180079966783523560e-01,4.618077468872070312e+01
2.564273681640625000e+02,1.038158448096737629e-10,1.584412984811933711e-06,7.669214392080903053e-04,3.640417754650115967e-01,1.827622222900390625e+01,1.748486235737800598e-02,1.162105984985828400e-02,3.613382950425148010e-02,3.677770495414733887e-01,1.857372856140136719e+01,7.400463335216045380e-03,1.317474618554115295e-02,4.492456093430519104e-02,4.350324571132659912e-01,4.664848709106445312e+01
2.569282226562500000e+02,8.474480839293363488e-11,1.246839360646845307e-06,6.529050879180431366e-04,1.925772875547409058e-01,1.830777168273925781e+01,1.512043084949254990e-02,9.084203280508518219e-03,2.538190409541130066e-02,2.328899949789047241e-01,1.835855674743652344e+01,7.346693426370620728e-03,1.119150407612323761e-02,3.517490252852439880e-02,3.085446655750274658e-01,4.678675842285156250e+01
2.574290466308593750e+02,6.917798278660569622e-11,9.812033567868638784e-07,5.557425320148468018e-04,1.309483796358108521e-01,1.834631538391113281e+01,1.345868688076734543e-02,7.970168255269527435e-03,2.212191931903362274e-02,1.940654963254928589e-01,1.826338768005371094e+01,6.479639559984207153e-03,9.851372800767421722e-03,3.122932463884353638e-02,2.705666422843933105e-01,4.683089065551757812e+01
2.579298706054687500e+02,5.647062331637364707e-11,7.721606039012840483e-07,4.729589272756129503e-04,1.037495583295822144e-01,1.838258743286132812e+01,1.271842513233423233e-02,7.461985573172569275e-03,2.092099562287330627e-02,1.789659112691879272e-01,1.825775337219238281e+01,5.938130430877208710e-03,9.164731018245220184e-03,2.948102355003356934e-02,2.551898062229156494e-01,4.684924697875976562e+01
2.584307250976562500e+02,4.609691794943415744e-11,6.076451768421975430e-07,4.024394438602030277e-04,8.798737078905105591e-02,1.841390228271484375e+01,1.235062535852193832e-02,7.181982044130563736e-03,2.029634267091751099e-02,1.708829551935195923e-01,1.827609634399414062e+01,5.654324777424335480e-03,8.804054930806159973e-03,2.852845005691051483e-02,2.467237412929534912e-01,4.685931015014648438e+01
2.589315490722656250e+02,3.762937184070835883e-11,4.781889515470538754e-07,3.423883463256061077e-04,7.657478004693984985e-02,1.844032478332519531e+01,1.212278846651315689e-02,6.991077214479446411e-03,1.987210102379322052e-02,1.653329730033874512e-01,1.829797363281250000e+01,5.498820450156927109e-03,8.588702417910099030e-03,2.789340540766716003e-02,2.408137321472167969e-01,4.686623001098632812e+01
2.594323730468750000e+02,3.071723431169459673e-11,3.763131246614648262e-07,2.912587078753858805e-04,6.725811213254928589e-02,1.846263504028320312e+01,1.195312384516000748e-02,6.836220156401395798e-03,1.954589597880840302e-02,1.609620749950408936e-01,1.831794548034667969e+01,5.399439018219709396e-03,8.438216522336006165e-03,2.740569598972797394e-02,2.361175715923309326e-01,4.687166213989257812e+01
2.599332275390625000e+02,2.507447721677991126e-11,2.961372445042798063e-07,2.477309899404644966e-04,5.926295742392539978e-02,1.848161888122558594e+01,1.181602291762828827e-02,6.697908975183963776e-03,1.928541436791419983e-02,1.573090702295303345e-01,1.833507537841796875e+01,5.325623787939548492e-03,8.320089429616928101e-03,2.700247615575790405e-02,2.321720570325851440e-01,4.687620162963867188e+01
2.604340515136718750e+02,2.046854352677485167e-11,2.330468191757972818e-07,2.106860920321196318e-04,5.227527022361755371e-02,1.849791336059570312e+01,1.170350611209869385e-02,6.569486111402511597e-03,1.907586306333541870e-02,1.541802883148193359e-01,1.834960174560546875e+01,5.267695523798465729e-03,8.222534321248531342e-03,2.665929682552814484e-02,2.287846058607101440e-01,4.688008880615234375e+01
2.609349060058593750e+02,1.670846620782651115e-11,1.833948459761813865e-07,1.791598187992349267e-04,4.612770676612854004e-02,1.851200675964355469e+01,1.160953380167484283e-02,6.446769461035728455e-03,1.890971325337886810e-02,1.514751166105270386e-01,1.836195755004882812e+01,5.217660218477249146e-03,8.138548582792282104e-03,2.636181190609931946e-02,2.258482128381729126e-01,4.688346099853515625e+01
2.614357299804687500e+02,1.363928327918761951e-11,1.443236783416068647e-07,1.523374230600893497e-04,4.070787876844406128e-02,1.852426338195800781e+01,1.153268851339817047e-02,6.329732481390237808e-03,1.877890899777412415e-02,1.491232514381408691e-01,1.837254905700683594e+01,5.175943020731210709e-03,8.066392503678798676e-03,2.610370144248008728e-02,2.232936769723892212e-01,4.688638687133789062e+01
2.619365539550781250e+02,1.113387854134728627e-11,1.135764335913336254e-07,1.295187685173004866e-04,3.592574223875999451e-02,1.853497123718261719e+01,1.147003471851348877e-02,6.216442212462425232e-03,1.867919228971004486e-02,1.470717489719390869e-01,1.838168716430664062e+01,5.139306187629699707e-03,8.003422059118747711e-03,2.587831206619739532e-02,2.210662513971328735e-01,4.688893508911132812e+01
2.624374084472656250e+02,9.088578847848971520e-12,8.937842466139045428e-08,1.101076850318349898e-04,3.170501068234443665e-02,1.854435157775878906e+01,1.142012141644954681e-02,6.106224376708269119e-03,1.860630139708518982e-02,1.452786922454833984e-01,1.838961601257324219e+01,5.106407683342695236e-03,7.947899401187896729e-03,2.568065002560615540e-02,2.191192656755447388e-01,4.689116668701171875e+01
2.629382324218750000e+02,7.419092250271486222e-12,7.033697357883283985e-08,9.359930118080228567e-05,2.797998115420341492e-02,1.855259132385253906e+01,1.138091087341308594e-02,6.001185160130262375e-03,1.855340413749217987e-02,1.437086164951324463e-01,1.839652252197265625e+01,5.079006310552358627e-03,7.899942807853221893e-03,2.550840564072132111e-02,2.174172848463058472e-01,4.689311599731445312e+01
2.634390563964843750e+02,6.056274839266739818e-12,5.535220282126829261e-08,7.956020999699831009e-05,2.469219826161861420e-02,1.855983734130859375e+01,1.135109551250934601e-02,5.899144802242517471e-03,1.851933822035789490e-02,1.423307210206985474e-01,1.840256309509277344e+01,5.054615903645753860e-03,7.857811637222766876e-03,2.535726502537727356e-02,2.159264087677001953e-01,4.689482498168945312e+01
2.639399108886718750e+02,4.943732055673333292e-12,4.355921134902018821e-08,6.762162229279056191e-05,2.179020456969738007e-02,1.856621360778808594e+01,1.132965087890625000e-02,5.799804348498582840e-03,1.850142143666744232e-02,1.411195695400238037e-01,1.840785980224609375e+01,5.032319575548171997e-03,7.820396684110164642e-03,2.522425912320613861e-02,2.146201431751251221e-01,4.689632415771484375e+01
2.644407348632812500e+02,4.035613856978592651e-12,3.427927453003576375e-08,5.747147588408552110e-05,1.922909729182720184e-02,1.857183456420898438e+01,1.131378859281539917e-02,5.706947762519121170e-03,1.849252916872501373e-02,1.400554925203323364e-01,1.841250228881835938e+01,5.014106165617704391e-03,7.788176182657480240e-03,2.510824240744113922e-02,2.134744226932525635e-01,4.689764022827148438e+01
2.649415588378906250e+02,3.294309052978561247e-12,2.697638556981019065e-08,4.884205918642692268e-05,1.696872711181640625e-02,1.857678794860839844e+01,1.130374893546104431e-02,5.617204587906599045e-03,1.849433779716491699e-02,1.391173899173736572e-01,1.841658782958984375e+01,4.997717682272195816e-03,7.759773172438144684e-03,2.500619180500507355e-02,2.124692052602767944e-01,4.689879226684570312e+01
2.654424133300781250e+02,2.689141661085803214e-12,2.122901499035378947e-08,4.150571840000338852e-05,1.497371122241020203e-02,1.858115386962890625e+01,1.129900105297565460e-02,5.530316848307847977e-03,1.850550994277000427e-02,1.382904350757598877e-01,1.842017936706542969e+01,4.982407204806804657e-03,7.734331768006086349e-03,2.491602487862110138e-02,2.115859240293502808e-01,4.689980697631835938e+01
2.659432373046875000e+02,2.195171128205331001e-12,1.670638738460183959e-08,3.526992804836481810e-05,1.321314834058284760e-02,1.858500671386718750e+01,1.129586622118949890e-02,5.451512522995471954e-03,1.851786486804485321e-02,1.375620961189270020e-01,1.842334365844726562e+01,4.970272537320852280e-03,7.712567690759897232e-03,2.483744919300079346e-02,2.108099311590194702e-01,4.690069198608398438e+01
2.664440612792968750e+02,1.791937908821039649e-12,1.314726638668162195e-08,2.996961666212882847e-05,1.165941357612609863e-02,1.858840560913085938e+01,1.129630394279956818e-02,5.375856067985296249e-03,1.853615790605545044e-02,1.369190067052841187e-01,1.842612838745117188e+01,4.959220997989177704e-03,7.693346124142408371e-03,2.476825006306171417e-02,2.101284414529800415e-01,4.690147399902343750e+01
2.669449157714843750e+02,1.462756998860115232e-12,1.034623586804173101e-08,2.546448922657873482e-05,1.028815750032663345e-02,1.859140396118164062e+01,1.130000036209821701e-02,5.302903242409229279e-03,1.855971105396747589e-02,1.363501846790313721e-01,1.842858123779296875e+01,4.948574583977460861e-03,7.675915490835905075e-03,2.470673061907291412e-02,2.095276862382888794e-01,4.690216445922851562e+01
2.674457397460937500e+02,1.194061451277594887e-12,8.142090557328174327e-09,2.163594217563513666e-05,9.078118950128555298e-03,1.859404754638671875e+01,1.130271144211292267e-02,5.239270627498626709e-03,1.857951655983924866e-02,1.358499675989151001e-01,1.843074607849121094e+01,4.940532147884368896e-03,7.661209907382726669e-03,2.465342171490192413e-02,2.090002000331878662e-01,4.690276718139648438e+01
2.679465637207031250e+02,9.747229065548701499e-13,6.407516739415086704e-09,1.838233765738550574e-05,8.010291494429111481e-03,1.859638214111328125e+01,1.130765676498413086e-02,5.178290419280529022e-03,1.860268227756023407e-02,1.354070603847503662e-01,1.843265151977539062e+01,4.933048505336046219e-03,7.648126222193241119e-03,2.460620924830436707e-02,2.085353732109069824e-01,4.690330123901367188e+01
2.684474182128906250e+02,7.956649119948699944e-13,5.042402939636758674e-09,1.561732278787530959e-05,7.067925296723842621e-03,1.859844017028808594e+01,1.131477765738964081e-02,5.119376815855503082e-03,1.862909831106662750e-02,1.350143849849700928e-01,1.843433380126953125e+01,4.925536457449197769e-03,7.636109367012977600e-03,2.456407994031906128e-02,2.081257104873657227e-01,4.690377044677734375e+01
2.689482421875000000e+02,6.495081165611149565e-13,3.968186668146245211e-09,1.326792516920249909e-05,6.236393935978412628e-03,1.860025596618652344e+01,1.131920330226421356e-02,5.070407874882221222e-03,1.864870078861713409e-02,1.346700787544250488e-01,1.843581581115722656e+01,4.920256789773702621e-03,7.626176811754703522e-03,2.452787011861801147e-02,2.077658325433731079e-01,4.690417861938476562e+01
2.694490966796875000e+02,5.301924264206059334e-13,3.122774039354681008e-09,1.127151972468709573e-05,5.502583924680948257e-03,1.860186004638671875e+01,1.132701989263296127e-02,5.020230077207088470e-03,1.867425069212913513e-02,1.343629062175750732e-01,1.843712043762207031e+01,4.914381075650453568e-03,7.616861723363399506e-03,2.449516393244266510e-02,2.074481397867202759e-01,4.690454864501953125e+01
2.699499206542968750e+02,4.328005510402521683e-13,2.457512637832337532e-09,9.575346666679251939e-06,4.855099599808454514e-03,1.860327529907226562e+01,1.133134216070175171e-02,4.980105906724929810e-03,1.869166642427444458e-02,1.340945065021514893e-01,1.843827629089355469e+01,4.910441581159830093e-03,7.609213702380657196e-03,2.446710504591464996e-02,2.071690112352371216e-01,4.690486526489257812e+01
2.704507446289062500e+02,3.532986891322670298e-13,1.933977422652333189e-09,8.134214112942572683e-06,4.283756949007511139e-03,1.860452270507812500e+01,1.133730635046958923e-02,4.941003397107124329e-03,1.871151290833950043e-02,1.338560134172439575e-01,1.843929481506347656e+01,4.906566347926855087e-03,7.602356374263763428e-03,2.444218471646308899e-02,2.069229483604431152e-01,4.690514373779296875e+01
2.709515991210937500e+02,2.883976152508183066e-13,1.521956116690148519e-09,6.909759576956275851e-06,3.779584076255559921e-03,1.860562324523925781e+01,1.134494505822658539e-02,4.902319982647895813e-03,1.873395591974258423e-02,1.336440145969390869e-01,1.844018745422363281e+01,4.902226384729146957e-03,7.595801725983619690e-03,2.441959083080291748e-02,2.067053169012069702e-01,4.690539550781250000e+01
2.714524230957031250e+02,2.354218707999178317e-13,1.197732690805253242e-09,5.869556844118051231e-06,3.334741340950131416e-03,1.860659408569335938e+01,1.134842634201049805e-02,4.873589612543582916e-03,1.874719373881816864e-02,1.334596127271652222e-01,1.844098091125488281e+01,4.899706225842237473e-03,7.590637542307376862e-03,2.440049313008785248e-02,2.065142095088958740e-01,4.690561294555664062e+01
2.719532470703125000e+02,1.921772338703622851e-13,9.425797919959677529e-10,4.985848136129789054e-06,2.942225662991404533e-03,1.860745239257812500e+01,1.135345734655857086e-02,4.844755399972200394e-03,1.876295730471611023e-02,1.332949548959732056e-01,1.844167900085449219e+01,4.897093866020441055e-03,7.585973478853702545e-03,2.438344992697238922e-02,2.063457369804382324e-01,4.690580368041992188e+01
2.724541015625000000e+02,1.568742423289914978e-13,7.417720326863275204e-10,4.235068445268552750e-06,2.595867030322551727e-03,1.860820960998535156e+01,1.136023923754692078e-02,4.815325140953063965e-03,1.878165267407894135e-02,1.331480145454406738e-01,1.844229316711425781e+01,4.893881268799304962e-03,7.581366691738367081e-03,2.436785586178302765e-02,2.061965614557266235e-01,4.690597915649414062e+01
2.729549255371093750e+02,1.280579917280200153e-13,5.837536010133703712e-10,3.597316663217497990e-06,2.290277974680066109e-03,1.860887527465820312e+01,1.136252470314502716e-02,4.795601591467857361e-03,1.879066601395606995e-02,1.330216526985168457e-01,1.844283866882324219e+01,4.892343655228614807e-03,7.577900774776935577e-03,2.435484156012535095e-02,2.060659825801849365e-01,4.690612792968750000e+01
2.734557495117187500e+02,1.045349719871850602e-13,4.593981584033457466e-10,3.055554316233610734e-06,2.020645886659622192e-03,1.860946464538574219e+01,1.136648282408714294e-02,4.774780012667179108e-03,1.880261115729808807e-02,1.329082101583480835e-01,1.844331550598144531e+01,4.890607669949531555e-03,7.574750110507011414e-03,2.434322424232959747e-02,2.059503942728042603e-01,4.690625762939453125e+01
2.739566040039062500e+02,8.533185415866492707e-14,3.615289456693204784e-10,2.595318164821946993e-06,1.782728126272559166e-03,1.860998535156250000e+01,1.137234084308147430e-02,4.752460401505231857e-03,1.881792768836021423e-02,1.328063607215881348e-01,1.844373893737792969e+01,4.888169001787900925e-03,7.571485359221696854e-03,2.433239482343196869e-02,2.058479189872741699e-01,4.690637588500976562e+01
2.744574279785156250e+02,6.965720453786308775e-14,2.845140789631273037e-10,2.204395968874450773e-06,1.572822919115424156e-03,1.861044311523437500e+01,1.137352734804153442e-02,4.739575088024139404e-03,1.882338523864746094e-02,1.327205151319503784e-01,1.844411468505859375e+01,4.887312650680541992e-03,7.569190114736557007e-03,2.432359755039215088e-02,2.057584226131439209e-01,4.690647506713867188e+01
2.749582519531250000e+02,5.686182996894953434e-14,2.239056301478470346e-10,1.872332973107404541e-06,1.387621974572539330e-03,1.861084747314453125e+01,1.137650012969970703e-02,4.724752157926559448e-03,1.883214898407459259e-02,1.326423734426498413e-01,1.844444274902343750e+01,4.886171314865350723e-03,7.567072752863168716e-03,2.431570924818515778e-02,2.056797891855239868e-01,4.690656280517578125e+01
2.754591064453125000e+02,4.641627048538633782e-14,1.762059387289127699e-10,1.590256374583987053e-06,1.224209787324070930e-03,1.861120223999023438e+01,1.138147711753845215e-02,4.707703366875648499e-03,1.884462684392929077e-02,1.325715035200119019e-01,1.844473075866699219e+01,4.884246736764907837e-03,7.564691826701164246e-03,2.430806122720241547e-02,2.056090533733367920e-01,4.690664291381835938e+01
2.759599304199218750e+02,3.789003006206097257e-14,1.386701586891803117e-10,1.350674779132532421e-06,1.080042216926813126e-03,1.861151885986328125e+01,1.138169318437576294e-02,4.699827171862125397e-03,1.884720101952552795e-02,1.325129270553588867e-01,1.844498443603515625e+01,4.883860703557729721e-03,7.563219871371984482e-03,2.430221065878868103e-02,2.055480629205703735e-01,4.690671157836914062e+01
2.764607543945312500e+02,3.092998066326312079e-14,1.091304824285543873e-10,1.147176135418703780e-06,9.528455557301640511e-04,1.861179542541503906e+01,1.138384826481342316e-02,4.689399152994155884e-03,1.885348930954933167e-02,1.324590742588043213e-01,1.844521331787109375e+01,4.883119370788335800e-03,7.561786100268363953e-03,2.429672144353389740e-02,2.054935097694396973e-01,4.690677642822265625e+01
2.769616088867187500e+02,2.524813955725579290e-14,8.588239147622189762e-11,9.743191640154691413e-07,8.406171109527349472e-04,1.861204147338867188e+01,1.138813421130180359e-02,4.676170647144317627e-03,1.886383257806301117e-02,1.324096024036407471e-01,1.844540977478027344e+01,4.881564527750015259e-03,7.560051977634429932e-03,2.429142780601978302e-02,2.054450958967208862e-01,4.690683746337890625e+01
2.774624328613281250e+02,2.061031060445264740e-14,6.758797688188877828e-11,8.275096661236602813e-07,7.416081498377025127e-04,1.861225700378417969e+01,1.138758007436990738e-02,4.671906586736440659e-03,1.886419206857681274e-02,1.323698163032531738e-01,1.844559097290039062e+01,4.881492350250482559e-03,7.559121120721101761e-03,2.428747713565826416e-02,2.054032385349273682e-01,4.690688705444335938e+01
2.779632873535156250e+02,1.682419530297032950e-14,5.318988652303069387e-11,7.028086201898986474e-07,6.542514311149716377e-04,1.861244773864746094e+01,1.139150746166706085e-02,4.660614766180515289e-03,1.887344568967819214e-02,1.323309689760208130e-01,1.844574356079101562e+01,4.880210850387811661e-03,7.557747419923543930e-03,2.428328059613704681e-02,2.053655534982681274e-01,4.690693283081054688e+01
2.784641113281250000e+02,1.373375663139744102e-14,4.185966850922540061e-11,5.969008043393841945e-07,5.771857686340808868e-04,1.861261558532714844e+01,1.139056961983442307e-02,4.658161662518978119e-03,1.887270808219909668e-02,1.323007196187973022e-01,1.844588088989257812e+01,4.880313295871019363e-03,7.557099219411611557e-03,2.428029291331768036e-02,2.053329795598983765e-01,4.690696716308593750e+01
2.789649353027343750e+02,1.121100028810733187e-14,3.294300943146311056e-11,5.069489361630985513e-07,5.091948551125824451e-04,1.861276435852050781e+01,1.139185577630996704e-02,4.652448464184999466e-03,1.887631602585315704e-02,1.322721540927886963e-01,1.844600105285644531e+01,4.880006425082683563e-03,7.556409575045108795e-03,2.427745237946510315e-02,2.053035944700241089e-01,4.690699768066406250e+01
2.794657897949218750e+02,9.151534544548593081e-15,2.592538857204562674e-11,4.305456116071582073e-07,4.492070875130593777e-04,1.861289405822753906e+01,1.139529328793287277e-02,4.643305204808712006e-03,1.888418942689895630e-02,1.322441697120666504e-01,1.844610595703125000e+01,4.878818057477474213e-03,7.555300369858741760e-03,2.427439764142036438e-02,2.052778750658035278e-01,4.690702819824218750e+01
2.799666137695312500e+02,7.470486699406343745e-15,2.040301781691677974e-11,3.656586500255798455e-07,3.962873306591063738e-04,1.861301231384277344e+01,1.139390002936124802e-02,4.642880521714687347e-03,1.888218894600868225e-02,1.322239190340042114e-01,1.844619941711425781e+01,4.879066720604896545e-03,7.554924581199884415e-03,2.427245676517486572e-02,2.052555084228515625e-01,4.690705490112304688e+01
2.804674377441406250e+02,6.098228950350385869e-15,1.605700121476427711e-11,3.105490122834453359e-07,3.496001008898019791e-04,1.861311340332031250e+01,1.139478199183940887e-02,4.638914950191974640e-03,1.888466626405715942e-02,1.322042644023895264e-01,1.844628524780273438e+01,4.878894891589879990e-03,7.554484531283378601e-03,2.427057549357414246e-02,2.052358239889144897e-01,4.690707778930664062e+01
2.809682922363281250e+02,4.977980443761527429e-15,1.263656453781569766e-11,2.637411569139658241e-07,3.084092459175735712e-04,1.861320304870605469e+01,1.139795593917369843e-02,4.631308838725090027e-03,1.889170706272125244e-02,1.321847140789031982e-01,1.844635772705078125e+01,4.877838306128978729e-03,7.553603034466505051e-03,2.426830120384693146e-02,2.052177339792251587e-01,4.690709686279296875e+01
2.814691162109375000e+02,4.063571954783778278e-15,9.944911213977114528e-12,2.239896161881915759e-07,2.720723859965801239e-04,1.861328315734863281e+01,1.139626279473304749e-02,4.632306285202503204e-03,1.888883858919143677e-02,1.321716308593750000e-01,1.844642257690429688e+01,4.878195002675056458e-03,7.553417701274156570e-03,2.426705323159694672e-02,2.052025794982910156e-01,4.690711212158203125e+01
2.819699401855468750e+02,3.317131369795977766e-15,7.826610887162743779e-12,1.902286612676107325e-07,2.400156226940453053e-04,1.861335182189941406e+01,1.139689143747091293e-02,4.629567265510559082e-03,1.889059878885746002e-02,1.321582794189453125e-01,1.844647979736328125e+01,4.878125619143247604e-03,7.553151343017816544e-03,2.426578290760517120e-02,2.051889449357986450e-01,4.690712356567382812e+01
2.824707946777343750e+02,2.707771208860024204e-15,6.159441012787425507e-12,1.615540838884044206e-07,2.117333642672747374e-04,1.861341476440429688e+01,1.139981672167778015e-02,4.623010288923978806e-03,1.889692991971969604e-02,1.321437060832977295e-01,1.844652938842773438e+01,4.877151921391487122e-03,7.552414201200008392e-03,2.426404692232608795e-02,2.051761597394943237e-01,4.690713500976562500e+01
2.829716186523437500e+02,2.210378850913958908e-15,4.847485260417450093e-12,1.372026900980927167e-07,1.867843675427138805e-04,1.861346817016601562e+01,1.139791123569011688e-02,4.624989815056324005e-03,1.889345794916152954e-02,1.321355551481246948e-01,1.844657516479492188e+01,4.877602215856313705e-03,7.552391383796930313e-03,2.426336519420146942e-02,2.051661312580108643e-01,4.690714645385742188e+01
2.834724426269531250e+02,1.804352760614662786e-15,3.814984786409958417e-12,1.165214129628111550e-07,1.647744502406567335e-04,1.861351585388183594e+01,1.139836199581623077e-02,4.623110406100749969e-03,1.889469102025032043e-02,1.321263015270233154e-01,1.844661140441894531e+01,4.877604544162750244e-03,7.552247494459152222e-03,2.426252700388431549e-02,2.051568776369094849e-01,4.690715789794921875e+01
2.839732971191406250e+02,1.472891404178636350e-15,3.002368319238168937e-12,9.895622810063287034e-08,1.453564182156696916e-04,1.861355781555175781e+01,1.140115037560462952e-02,4.617285914719104767e-03,1.890060491859912872e-02,1.321158111095428467e-01,1.844664382934570312e+01,4.876695573329925537e-03,7.551625836640596390e-03,2.426122128963470459e-02,2.051482796669006348e-01,4.690716934204101562e+01
2.844741210937500000e+02,1.202334575386391092e-15,2.362885278064941197e-12,8.403952023172678309e-08,1.282272132812067866e-04,1.861359596252441406e+01,1.139907352626323700e-02,4.619954619556665421e-03,1.889668405055999756e-02,1.321108937263488770e-01,1.844667625427246094e+01,4.877189639955759048e-03,7.551678456366062164e-03,2.426080591976642609e-02,2.051409780979156494e-01,4.690717315673828125e+01
2.849749450683593750e+02,9.814765577413446518e-16,1.859612941065846847e-12,7.137115431987695047e-08,1.131161407101899385e-04,1.861362838745117188e+01,1.139931380748748779e-02,4.618634004145860672e-03,1.889741793274879456e-02,1.321040391921997070e-01,1.844670486450195312e+01,4.877243656665086746e-03,7.551624905318021774e-03,2.426032721996307373e-02,2.051347792148590088e-01,4.690717697143554688e+01
2.854757995605468750e+02,8.011780775008599427e-16,1.463515831960637836e-12,6.061169699478341499e-08,9.978472371585667133e-05,1.861365890502929688e+01,1.140201464295387268e-02,4.613332450389862061e-03,1.890306361019611359e-02,1.320962160825729370e-01,1.844672775268554688e+01,4.876371007412672043e-03,7.551062386482954025e-03,2.425920218229293823e-02,2.051284611225128174e-01,4.690718460083007812e+01
2.859766235351562500e+02,6.540086969538262251e-16,1.151807815791272560e-12,5.147465387267402548e-08,8.802486991044133902e-05,1.861368370056152344e+01,1.139986515045166016e-02,4.616482648998498917e-03,1.889887824654579163e-02,1.320937573909759521e-01,1.844675064086914062e+01,4.876906983554363251e-03,7.551190443336963654e-03,2.425909042358398438e-02,2.051238119602203369e-01,4.690718841552734375e+01
2.864774475097656250e+02,5.338730081931239435e-16,9.064919496461210091e-13,4.371489481513890496e-08,7.765067857690155506e-05,1.861370658874511719e+01,1.140006445348262787e-02,4.615585319697856903e-03,1.889943704009056091e-02,1.320895254611968994e-01,1.844676780700683594e+01,4.877001978456974030e-03,7.551205344498157501e-03,2.425880357623100281e-02,2.051198929548263550e-01,4.690719223022460938e+01
2.869783020019531250e+02,4.357997219117584059e-16,7.134161967778385183e-13,3.712446172698946611e-08,6.849840428913012147e-05,1.861372566223144531e+01,1.140266750007867813e-02,4.610632546246051788e-03,1.890484057366847992e-02,1.320833414793014526e-01,1.844678306579589844e+01,4.876172170042991638e-03,7.550714071840047836e-03,2.425796538591384888e-02,2.051156759262084961e-01,4.690719604492187500e+01
2.874791259765625000e+02,3.557470086436689046e-16,5.614742611820267015e-13,3.152785765792032180e-08,6.042513268766924739e-05,1.861374473571777344e+01,1.140038669109344482e-02,4.614094272255897522e-03,1.890036463737487793e-02,1.320821046829223633e-01,1.844679641723632812e+01,4.876731894910335541e-03,7.550875656306743622e-03,2.425792627036571503e-02,2.051122039556503296e-01,4.690719985961914062e+01
2.879799804687500000e+02,2.903956903757006587e-16,4.418877644438851116e-13,2.677463406541846780e-08,5.330281783244572580e-05,1.861375999450683594e+01,1.140297297388315201e-02,4.609303548932075500e-03,1.890568062663078308e-02,1.320767551660537720e-01,1.844680976867675781e+01,4.876012913882732391e-03,7.550481241196393967e-03,2.425722405314445496e-02,2.051088660955429077e-01,4.690720367431640625e+01
2.884808044433593750e+02,2.370524140938218066e-16,3.477779316699708412e-13,2.273820953746508167e-08,4.702023579739034176e-05,1.861377334594726562e+01,1.140064932405948639e-02,4.612931981682777405e-03,1.890110410749912262e-02,1.320763826370239258e-01,1.844682121276855469e+01,4.876621533185243607e-03,7.550701033324003220e-03,2.425734326243400574e-02,2.051068097352981567e-01,4.690720367431640625e+01
2.889816284179687500e+02,1.935082237507115398e-16,2.737126931356970161e-13,1.931029558477348473e-08,4.147808431298471987e-05,1.861378479003906250e+01,1.140077691525220871e-02,4.612459335476160049e-03,1.890143565833568573e-02,1.320743113756179810e-01,1.844683265686035156e+01,4.876748193055391312e-03,7.550765294581651688e-03,2.425723150372505188e-02,2.051045596599578857e-01,4.690720367431640625e+01
2.894824829101562500e+02,1.579607655835107158e-16,2.154187337408478009e-13,1.639897817540258984e-08,3.658880086732096970e-05,1.861379623413085938e+01,1.140332780778408051e-02,4.607863258570432663e-03,1.890663802623748779e-02,1.320699453353881836e-01,1.844684028625488281e+01,4.875946324318647385e-03,7.550322916358709335e-03,2.425656095147132874e-02,2.051019817590713501e-01,4.690720748901367188e+01
2.899833068847656250e+02,1.289449505261552127e-16,1.695431040569031489e-13,1.392670334610102145e-08,3.227601337130181491e-05,1.861380577087402344e+01,1.140095293521881104e-02,4.611656535416841507e-03,1.890192925930023193e-02,1.320702135562896729e-01,1.844684600830078125e+01,4.876524675637483597e-03,7.550517562776803970e-03,2.425664663314819336e-02,2.051002085208892822e-01,4.690720748901367188e+01
2.904841308593750000e+02,1.052590439672830916e-16,1.334377351452573079e-13,1.182712860980927871e-08,2.847150972229428589e-05,1.861381340026855469e+01,1.140102185308933258e-02,4.611319862306118011e-03,1.890213042497634888e-02,1.320685595273971558e-01,1.844685554504394531e+01,4.876643884927034378e-03,7.550581358373165131e-03,2.425655908882617950e-02,2.050984650850296021e-01,4.690720748901367188e+01
2.909849853515625000e+02,8.592292290780272003e-17,1.050202066694809477e-13,1.004397276460622379e-08,2.511520870029926300e-05,1.861382102966308594e+01,1.140352897346019745e-02,4.606856033205986023e-03,1.890723034739494324e-02,1.320649683475494385e-01,1.844685935974121094e+01,4.875846672803163528e-03,7.550157140940427780e-03,2.425598353147506714e-02,2.050964534282684326e-01,4.690720748901367188e+01
2.914858093261718750e+02,7.013972125024991382e-17,8.265619227476941888e-14,8.529735140427874285e-09,2.215467611677013338e-05,1.861382675170898438e+01,1.140110753476619720e-02,4.610763862729072571e-03,1.890241354703903198e-02,1.320655941963195801e-01,1.844686508178710938e+01,4.876446444541215897e-03,7.550388108938932419e-03,2.425618469715118408e-02,2.050957679748535156e-01,4.690720748901367188e+01
2.919866333007812500e+02,5.725572808269136578e-17,6.505490861719726015e-14,7.243778021859270666e-09,1.954308390850201249e-05,1.861383247375488281e+01,1.140116713941097260e-02,4.610531963407993317e-03,1.890257187187671661e-02,1.320643275976181030e-01,1.844687080383300781e+01,4.876583814620971680e-03,7.550477981567382812e-03,2.425618097186088562e-02,2.050946056842803955e-01,4.690720748901367188e+01
2.924874877929687500e+02,4.673781557416929896e-17,5.120124769585239488e-14,6.151626763539752574e-09,1.723917557683307678e-05,1.861383819580078125e+01,1.140365935862064362e-02,4.606161266565322876e-03,1.890762895345687866e-02,1.320612728595733643e-01,1.844687271118164062e+01,4.875793587416410446e-03,7.550062146037817001e-03,2.425563894212245941e-02,2.050931602716445923e-01,4.690720748901367188e+01
2.929883117675781250e+02,3.815252123137122557e-17,4.029857502384215362e-14,5.224187304975203006e-09,1.520695877843536437e-05,1.861384201049804688e+01,1.140124164521694183e-02,4.610162228345870972e-03,1.890280097723007202e-02,1.320626139640808105e-01,1.844687843322753906e+01,4.876397084444761276e-03,7.550301961600780487e-03,2.425586804747581482e-02,2.050925493240356445e-01,4.690720748901367188e+01
2.934891357421875000e+02,3.114425996129530029e-17,3.171766031783741779e-14,4.436568445953525952e-09,1.341428014711709693e-05,1.861384582519531250e+01,1.140130311250686646e-02,4.610013216733932495e-03,1.890293508768081665e-02,1.320620030164718628e-01,1.844688224792480469e+01,4.876541439443826675e-03,7.550404407083988190e-03,2.425592206418514252e-02,2.050919979810714722e-01,4.690720748901367188e+01
2.939899902343750000e+02,2.542303382170900736e-17,2.496368725884295925e-14,3.767653300457141086e-09,1.183281983685446903e-05,1.861384963989257812e+01,1.140374597162008286e-02,4.605681635439395905e-03,1.890789531171321869e-02,1.320587396621704102e-01,1.844688224792480469e+01,4.875756800174713135e-03,7.549998350441455841e-03,2.425540052354335785e-02,2.050908505916595459e-01,4.690720748901367188e+01
2.944908142089843750e+02,2.075305332464288114e-17,1.964831156933341538e-14,3.199622344851604794e-09,1.043786414811620489e-05,1.861385345458984375e+01,1.140134781599044800e-02,4.609751049429178238e-03,1.890308037400245667e-02,1.320605874061584473e-01,1.844688606262207031e+01,4.876366816461086273e-03,7.550252135843038559e-03,2.425570040941238403e-02,2.050908654928207397e-01,4.690720748901367188e+01
2.949916381835937500e+02,1.694092529724324886e-17,1.546482600723979306e-14,2.717230884741184127e-09,9.207346010953187943e-06,1.861385536193847656e+01,1.140138134360313416e-02,4.609636962413787842e-03,1.890315115451812744e-02,1.320600956678390503e-01,1.844688987731933594e+01,4.876516293734312057e-03,7.550361100584268570e-03,2.425577864050865173e-02,2.050904929637908936e-01,4.690720748901367188e+01
2.954924926757812500e+02,1.382887744537480878e-17,1.217198373072280598e-14,2.307543045532156611e-09,8.121817700157407671e-06,1.861385917663574219e+01,1.140385679900646210e-02,4.605365917086601257e-03,1.890815980732440948e-02,1.320574879646301270e-01,1.844688796997070312e+01,4.875738173723220825e-03,7.549963425844907761e-03,2.425526641309261322e-02,2.050895839929580688e-01,4.690720748901367188e+01
2.959933166503906250e+02,1.128865127915815121e-17,9.580472029038170773e-15,1.959643780580222483e-09,7.164314865804044530e-06,1.861386108398437500e+01,1.140142790973186493e-02,4.609466064721345901e-03,1.890327781438827515e-02,1.320593357086181641e-01,1.844689369201660156e+01,4.876350052654743195e-03,7.550214882940053940e-03,2.425556071102619171e-02,2.050894796848297119e-01,4.690720748901367188e+01
2.964941711425781250e+02,9.214923545558124229e-18,7.540654908756889985e-15,1.664178572724495098e-09,6.319636213447665796e-06,1.861386299133300781e+01,1.140389032661914825e-02,4.605208523571491241e-03,1.890825852751731873e-02,1.320567131042480469e-01,1.844689369201660156e+01,4.875676240772008896e-03,7.549898698925971985e-03,2.425512671470642090e-02,2.050886601209640503e-01,4.690720748901367188e+01
2.969949951171875000e+02,7.522232425227586683e-18,5.935271669759920043e-15,1.413275385608869783e-09,5.574579972744686529e-06,1.861386299133300781e+01,1.140145026147365570e-02,4.609323572367429733e-03,1.890335418283939362e-02,1.320586502552032471e-01,1.844689750671386719e+01,4.876321181654930115e-03,7.550179492682218552e-03,2.425546944141387939e-02,2.050887942314147949e-01,4.690720748901367188e+01
2.974958190917968750e+02,6.140471466120525539e-18,4.671703917946213105e-15,1.200199495343667877e-09,4.917355454381322488e-06,1.861386489868164062e+01,1.140147633850574493e-02,4.609270486980676651e-03,1.890340633690357208e-02,1.320584565401077271e-01,1.844689750671386719e+01,4.876479972153902054e-03,7.550299633294343948e-03,2.425556257367134094e-02,2.050885260105133057e-01,4.690720748901367188e+01
2.979966735839843750e+02,5.012464289936050419e-18,3.677113172599003749e-15,1.019238027311075712e-09,4.337576228863326833e-06,1.861386680603027344e+01,1.140392106026411057e-02,4.605027846992015839e-03,1.890834793448448181e-02,1.320557147264480591e-01,1.844689750671386719e+01,4.875705111771821976e-03,7.549907546490430832e-03,2.425507083535194397e-02,2.050878107547760010e-01,4.690720748901367188e+01
2.984974975585937500e+02,4.091722105477762337e-18,2.894332756591625616e-15,8.655693939374486945e-10,3.826179636234883219e-06,1.861386680603027344e+01,1.140149869024753571e-02,4.609174560755491257e-03,1.890346780419349670e-02,1.320579648017883301e-01,1.844690132141113281e+01,4.876323509961366653e-03,7.550172507762908936e-03,2.425541542470455170e-02,2.050880640745162964e-01,4.690720748901367188e+01
2.989983215332031250e+02,3.340111472916660441e-18,2.278208402297136025e-15,7.350688391305482128e-10,3.375071855771238916e-06,1.861386871337890625e+01,1.140151172876358032e-02,4.609130788594484329e-03,1.890349388122558594e-02,1.320577263832092285e-01,1.844690132141113281e+01,4.876475781202316284e-03,7.550288457423448563e-03,2.425550483167171478e-02,2.050879150629043579e-01,4.690720748901367188e+01
2.994991760253906250e+02,2.726530401220750890e-18,1.793229312193082500e-15,6.242371619613606981e-10,2.977123131131520495e-06,1.861386871337890625e+01,1.140393130481243134e-02,4.604912828654050827e-03,1.890840567648410797e-02,1.320550888776779175e-01,1.844689941406250000e+01,4.875697661191225052e-03,7.549893110990524292e-03,2.425500750541687012e-02,2.050873190164566040e-01,4.690720748901367188e+01
3.000000000000000000e+02,2.225681432511477578e-18,1.411516032095300188e-15,5.301195038498462964e-10,2.626105697345337830e-06,1.861387062072753906e+01,1.140152290463447571e-02,4.609070252627134323e-03,1.890353858470916748e-02,1.320574581623077393e-01,1.844689941406250000e+01,4.876313731074333191e-03,7.550154812633991241e-03,2.425534278154373169e-02,2.050874084234237671e-01,4.690720748901367188e+01
