time,theta_0,theta_1,theta_2,theta_3,theta_4,theta_5,theta_6,theta_7
5.008347034454345703e-01,5.000005245208740234e+00,5.000005245208740234e+00,5.000005245208740234e+00,5.000005245208740234e+00,5.000005245208740234e+00,5.000005245208740234e+00,5.000005245208740234e+00,5.000005245208740234e+00
1.001669406890869141e+00,5.000005245208740234e+00,5.000005245208740234e+00,5.000005245208740234e+00,5.000005245208740234e+00,5.000005245208740234e+00,5.000005245208740234e+00,5.000005245208740234e+00,5.000005245208740234e+00
1.502504229545593262e+00,5.000005245208740234e+00,5.000005245208740234e+00,5.000005245208740234e+00,5.000005245208740234e+00,5.000005245208740234e+00,5.000005245208740234e+00,5.000005245208740234e+00,5.000005245208740234e+00
2.003338813781738281e+00,5.000005245208740234e+00,5.000005245208740234e+00,5.000005245208740234e+00,5.000005245208740234e+00,5.000005245208740234e+00,5.000005245208740234e+00,5.000005245208740234e+00,5.000005245208740234e+00
2.504173517227172852e+00,5.000005245208740234e+00,5.000005245208740234e+00,5.000005245208740234e+00,5.000005245208740234e+00,5.000005245208740234e+00,5.000005245208740234e+00,5.000005245208740234e+00,5.000005245208740234e+00
3.005008459091186523e+00,5.000005245208740234e+00,5.000005245208740234e+00,5.000005245208740234e+00,5.000005245208740234e+00,5.000005245208740234e+00,5.000005245208740234e+00,5.000005245208740234e+00,5.000005245208740234e+00
3.505843162536621094e+00,5.000005245208740234e+00,5.000005245208740234e+00,5.000005245208740234e+00,5.000005245208740234e+00,5.000005245208740234e+00,5.000005245208740234e+00,5.000005245208740234e+00,5.000005245208740234e+00
4.006677627563476562e+00,5.000005245208740234e+00,5.000005245208740234e+00,5.000005245208740234e+00,5.000005245208740234e+00,5.000005245208740234e+00,5.000005245208740234e+00,5.000005245208740234e+00,5.000005245208740234e+00
4.507512569427490234e+00,5.000005245208740234e+00,5.000005245208740234e+00,5.000005245208740234e+00,5.000005245208740234e+00,5.000005245208740234e+00,5.000005245208740234e+00,5.000005245208740234e+00,5.000005245208740234e+00
5.008347034454345703e+00,5.000005245208740234e+00,5.000005245208740234e+00,5.000005245208740234e+00,5.000005245208740234e+00,5.000005245208740234e+00,5.000005245208740234e+00,5.000005245208740234e+00,5.000005245208740234e+00
5.509181976318359375e+00,5.000005245208740234e+00,5.000005245208740234e+00,5.000005245208740234e+00,5.000005245208740234e+00,5.000005245208740234e+00,5.000005245208740234e+00,5.000005245208740234e+00,5.000005245208740234e+00
6.010016918182373047e+00,5.000005245208740234e+00,5.000005245208740234e+00,5.000005245208740234e+00,5.000005245208740234e+00,5.000005245208740234e+00,5.000005245208740234e+00,5.000005245208740234e+00,5.000005245208740234e+00
6.510851383209228516e+00,5.000005245208740234e+00,5.000005245208740234e+00,5.000005245208740234e+00,5.000005245208740234e+00,5.000005245208740234e+00,5.000005245208740234e+00,5.000005245208740234e+00,5.000005245208740234e+00
7.011686325073242188e+00,5.000005245208740234e+00,5.000005245208740234e+00,5.000005245208740234e+00,5.000005245208740234e+00,5.000005245208740234e+00,5.000005245208740234e+00,5.000005245208740234e+00,5.000005245208740234e+00
7.512520790100097656e+00,5.000005245208740234e+00,5.000005245208740234e+00,5.000005245208740234e+00,5.000005245208740234e+00,5.000005245208740234e+00,5.000005245208740234e+00,5.000005245208740234e+00,5.000005245208740234e+00
8.013355255126953125e+00,5.000005245208740234e+00,5.000005245208740234e+00,5.000005245208740234e+00,5.000005245208740234e+00,5.000005245208740234e+00,5.000005245208740234e+00,5.000005245208740234e+00,5.000005245208740234e+00
8.514190673828125000e+00,5.000005245208740234e+00,5.000005245208740234e+00,5.000005245208740234e+00,5.000005245208740234e+00,5.000005245208740234e+00,5.000005245208740234e+00,5.000005245208740234e+00,5.000005245208740234e+00
9.015025138854980469e+00,5.000005245208740234e+00,5.000005245208740234e+00,5.000005245208740234e+00,5.000005245208740234e+00,5.000005245208740234e+00,5.000005245208740234e+00,5.000005245208740234e+00,5.000005245208740234e+00
9.515859603881835938e+00,5.996827602386474609e+00,8.539339065551757812e+00,5.378593206405639648e-01,6.029927253723144531e+00,6.194633007049560547e+00,5.183879733085632324e-01,8.525124549865722656e+00,6.093399524688720703e+00
1.001669406890869141e+01,5.751807212829589844e+00,8.144562721252441406e+00,1.563796281814575195e+00,4.929869651794433594e+00,5.990830421447753906e+00,1.208645224571228027e+00,7.958811759948730469e+00,6.397555828094482422e+00
1.051752948760986328e+01,5.564005851745605469e+00,7.866068840026855469e+00,2.763854742050170898e+00,3.981555461883544922e+00,5.590369224548339844e+00,1.759361743927001953e+00,7.327676296234130859e+00,6.566261768341064453e+00
1.101836395263671875e+01,5.422569751739501953e+00,7.576546669006347656e+00,3.932859420776367188e+00,3.584645748138427734e+00,5.386957168579101562e+00,2.278604030609130859e+00,6.628605842590332031e+00,6.666524410247802734e+00
1.151919841766357422e+01,5.356200695037841797e+00,7.243940353393554688e+00,5.353300571441650391e+00,3.525138378143310547e+00,5.280282020568847656e+00,2.776969194412231445e+00,6.498013973236083984e+00,6.716199398040771484e+00
1.202003383636474609e+01,5.294402599334716797e+00,6.920540332794189453e+00,5.363578796386718750e+00,3.678510189056396484e+00,5.237640380859375000e+00,3.192893266677856445e+00,5.155529499053955078e+00,6.592852115631103516e+00
1.252086830139160156e+01,5.213414192199707031e+00,6.589630603790283203e+00,5.673242568969726562e+00,3.947404861450195312e+00,5.160538673400878906e+00,3.557652950286865234e+00,4.588691711425781250e+00,6.381974697113037109e+00
1.302170276641845703e+01,5.178382873535156250e+00,6.280804634094238281e+00,5.982911109924316406e+00,4.252503871917724609e+00,5.127323627471923828e+00,3.855979442596435547e+00,4.274031639099121094e+00,6.041922092437744141e+00
1.352253723144531250e+01,5.189193725585937500e+00,6.021294593811035156e+00,6.168106555938720703e+00,4.810418605804443359e+00,5.140247821807861328e+00,4.099416255950927734e+00,4.042137145996093750e+00,5.938036441802978516e+00
1.402337265014648438e+01,5.196079730987548828e+00,5.835855484008789062e+00,6.290122509002685547e+00,4.979767799377441406e+00,5.148433208465576172e+00,4.314231872558593750e+00,3.893128395080566406e+00,5.318426132202148438e+00
1.452420711517333984e+01,5.186854362487792969e+00,5.698657035827636719e+00,6.341453075408935547e+00,5.336266994476318359e+00,5.141579151153564453e+00,4.496057033538818359e+00,3.795045852661132812e+00,4.946356296539306641e+00
1.502504158020019531e+01,5.242720127105712891e+00,5.582900047302246094e+00,6.372333049774169922e+00,5.681050300598144531e+00,5.200200557708740234e+00,4.635257244110107422e+00,3.755239963531494141e+00,4.596107482910156250e+00
1.552587604522705078e+01,5.318884849548339844e+00,5.498525619506835938e+00,6.376990795135498047e+00,5.993753910064697266e+00,5.279685497283935547e+00,4.750375747680664062e+00,3.752743482589721680e+00,4.262768268585205078e+00
1.602671051025390625e+01,5.384530067443847656e+00,5.454714298248291016e+00,6.356138229370117188e+00,6.277084350585937500e+00,5.349141120910644531e+00,4.860353469848632812e+00,3.774993658065795898e+00,3.955759048461914062e+00
1.652754592895507812e+01,5.447781562805175781e+00,5.433598995208740234e+00,6.320150852203369141e+00,6.530573368072509766e+00,5.416571617126464844e+00,4.958628654479980469e+00,3.818005800247192383e+00,3.676687240600585938e+00
1.702838134765625000e+01,5.521204471588134766e+00,5.426781177520751953e+00,6.277575492858886719e+00,6.752135753631591797e+00,5.494479656219482422e+00,5.044513225555419922e+00,3.878921270370483398e+00,3.423836946487426758e+00
1.752921485900878906e+01,8.527456283569335938e+00,1.100654363632202148e+00,4.672362804412841797e+00,7.815262794494628906e+00,6.703134775161743164e-01,8.412782669067382812e+00,8.692669868469238281e+00,2.036221027374267578e+00
1.803005027770996094e+01,7.701243877410888672e+00,3.008008003234863281e+00,6.442977905273437500e+00,7.253777980804443359e+00,2.121268272399902344e+00,7.195997238159179688e+00,4.157540798187255859e+00,2.733110427856445312e+00
1.853088569641113281e+01,7.136180400848388672e+00,3.880637407302856445e+00,5.317957401275634766e+00,6.982316970825195312e+00,3.016225337982177734e+00,6.488517284393310547e+00,5.025690078735351562e+00,3.123102188110351562e+00
1.903171920776367188e+01,6.769283294677734375e+00,4.753464698791503906e+00,4.776181221008300781e+00,7.012361526489257812e+00,3.460127353668212891e+00,5.960175991058349609e+00,5.583827495574951172e+00,3.126230716705322266e+00
1.953255462646484375e+01,6.493047714233398438e+00,5.094850063323974609e+00,4.492290973663330078e+00,7.055123329162597656e+00,3.734188556671142578e+00,5.117665290832519531e+00,5.929850578308105469e+00,3.092329502105712891e+00
2.003338813781738281e+01,6.246182918548583984e+00,5.546493530273437500e+00,4.392797946929931641e+00,7.081299304962158203e+00,3.951673746109008789e+00,4.685905456542968750e+00,6.232414245605468750e+00,3.069853067398071289e+00
2.053422355651855469e+01,6.051573276519775391e+00,5.898186206817626953e+00,4.388149738311767578e+00,7.083019256591796875e+00,4.146395206451416016e+00,4.373398780822753906e+00,6.411120414733886719e+00,3.072578430175781250e+00
2.103505897521972656e+01,5.909182548522949219e+00,6.146746635437011719e+00,4.434198856353759766e+00,7.066894531250000000e+00,4.329967021942138672e+00,4.142858982086181641e+00,6.463335514068603516e+00,3.091783761978149414e+00
2.153589248657226562e+01,5.798646926879882812e+00,6.315600872039794922e+00,4.508837699890136719e+00,7.041953086853027344e+00,4.494925975799560547e+00,3.981846570968627930e+00,6.415574073791503906e+00,3.116012096405029297e+00
2.203672790527343750e+01,5.705148220062255859e+00,6.422408103942871094e+00,4.600461483001708984e+00,7.016591548919677734e+00,4.634472846984863281e+00,3.877370357513427734e+00,6.300899982452392578e+00,3.135916233062744141e+00
2.253756332397460938e+01,5.624468326568603516e+00,6.480858802795410156e+00,4.701870441436767578e+00,6.997757434844970703e+00,4.749064445495605469e+00,3.818204164505004883e+00,6.147366046905517578e+00,3.145387649536132812e+00
2.303839683532714844e+01,5.559118747711181641e+00,6.502007007598876953e+00,4.808359146118164062e+00,6.990316867828369141e+00,4.845023632049560547e+00,3.795237779617309570e+00,5.976023674011230469e+00,3.141116142272949219e+00
2.353923225402832031e+01,5.513016700744628906e+00,6.494790077209472656e+00,4.916706562042236328e+00,6.996761798858642578e+00,4.930420398712158203e+00,3.801065921783447266e+00,5.801477909088134766e+00,3.121773242950439453e+00
2.404006767272949219e+01,5.487151622772216797e+00,6.466654300689697266e+00,5.024296283721923828e+00,7.017462730407714844e+00,5.010870933532714844e+00,3.829741954803466797e+00,5.632956504821777344e+00,3.087349414825439453e+00
2.454090118408203125e+01,5.478817462921142578e+00,6.424677848815917969e+00,5.128900527954101562e+00,7.051266193389892578e+00,5.088228225708007812e+00,3.877003431320190430e+00,5.475823402404785156e+00,3.038750886917114258e+00
2.504173660278320312e+01,5.483634948730468750e+00,6.376708030700683594e+00,5.228620529174804688e+00,7.096181392669677734e+00,5.162119388580322266e+00,3.940702676773071289e+00,5.332876205444335938e+00,2.977540016174316406e+00
2.554257011413574219e+01,5.497994422912597656e+00,6.331715583801269531e+00,5.321937561035156250e+00,7.149914264678955078e+00,5.232167720794677734e+00,4.020949363708496094e+00,5.205329418182373047e+00,2.905711889266967773e+00
2.604340553283691406e+01,5.521039962768554688e+00,6.298580646514892578e+00,5.408051013946533203e+00,7.210171222686767578e+00,5.300057888031005859e+00,4.119334697723388672e+00,5.093750953674316406e+00,2.825480461120605469e+00
2.654424095153808594e+01,5.557654380798339844e+00,6.282521247863769531e+00,5.486801147460937500e+00,7.274815559387207031e+00,5.372609615325927734e+00,4.236410140991210938e+00,4.998387813568115234e+00,2.739082336425781250e+00
2.704507446289062500e+01,5.624916076660156250e+00,6.283766269683837891e+00,5.558834552764892578e+00,7.341929912567138672e+00,5.468268394470214844e+00,4.370299339294433594e+00,4.919519424438476562e+00,2.648627519607543945e+00
2.754590988159179688e+01,5.762331962585449219e+00,6.301816940307617188e+00,5.625644207000732422e+00,7.409837722778320312e+00,5.627311229705810547e+00,4.519240856170654297e+00,4.857586860656738281e+00,2.556030511856079102e+00
2.804674530029296875e+01,6.062624454498291016e+00,6.342001438140869141e+00,5.689581394195556641e+00,7.477121353149414062e+00,5.941816329956054688e+00,4.686816692352294922e+00,4.812941074371337891e+00,2.463039159774780273e+00
2.854757881164550781e+01,6.826231002807617188e+00,6.428487777709960938e+00,5.757973670959472656e+00,7.542367458343505859e+00,6.698813915252685547e+00,4.900144100189208984e+00,4.784888267517089844e+00,2.372009515762329102e+00
2.904841423034667969e+01,7.621908664703369141e+00,6.696974277496337891e+00,5.750525951385498047e+00,7.614339828491210938e+00,7.812621116638183594e+00,5.023074626922607422e+00,4.840457439422607422e+00,2.261492490768432617e+00
2.954924964904785156e+01,8.909002304077148438e+00,5.768910408020019531e+00,6.094455242156982422e+00,7.615438938140869141e+00,7.248655319213867188e+00,5.665768623352050781e+00,4.382440567016601562e+00,2.282628297805786133e+00
3.005008316040039062e+01,7.971539020538330078e+00,6.220611095428466797e+00,6.074347972869873047e+00,7.692783832550048828e+00,7.109405517578125000e+00,5.746418476104736328e+00,4.553813457489013672e+00,2.163697719573974609e+00
3.055091857910156250e+01,8.205025672912597656e+00,6.001675605773925781e+00,6.210545063018798828e+00,7.726381301879882812e+00,6.885825157165527344e+00,6.117317199707031250e+00,4.394905567169189453e+00,2.118388175964355469e+00
3.105175209045410156e+01,7.958335399627685547e+00,6.013334274291992188e+00,6.307296752929687500e+00,7.766820907592773438e+00,6.582945346832275391e+00,6.459276199340820312e+00,4.329300880432128906e+00,2.059454917907714844e+00
3.155258750915527344e+01,7.854560375213623047e+00,5.912946224212646484e+00,6.412286281585693359e+00,7.799768447875976562e+00,6.323440074920654297e+00,6.794117450714111328e+00,4.223469734191894531e+00,2.011571645736694336e+00
3.205342102050781250e+01,7.760984420776367188e+00,5.782414436340332031e+00,6.515649318695068359e+00,7.828979015350341797e+00,6.085891246795654297e+00,7.112475395202636719e+00,4.110364913940429688e+00,1.968796491622924805e+00
3.255425643920898438e+01,7.621860504150390625e+00,5.652339458465576172e+00,6.615928649902343750e+00,7.855791568756103516e+00,5.851646423339843750e+00,7.412380695343017578e+00,4.002328395843505859e+00,1.929301738739013672e+00
3.305509185791015625e+01,7.446227073669433594e+00,5.521644115447998047e+00,6.714537143707275391e+00,7.880403041839599609e+00,5.622151851654052734e+00,7.690010547637939453e+00,3.900275945663452148e+00,1.893066883087158203e+00
3.355592727661132812e+01,7.272800922393798828e+00,5.380374431610107422e+00,6.812036991119384766e+00,7.902674198150634766e+00,5.410645484924316406e+00,7.942733764648437500e+00,3.800427198410034180e+00,1.860478520393371582e+00
3.405676269531250000e+01,7.136976718902587891e+00,5.227668762207031250e+00,6.908063888549804688e+00,7.923132896423339844e+00,5.236137866973876953e+00,8.159865379333496094e+00,3.706566810607910156e+00,1.830919742584228516e+00
3.455759429931640625e+01,2.121698856353759766e-01,8.184010982513427734e-01,6.995816707611083984e+00,7.675827980041503906e+00,9.099707603454589844e+00,9.279816627502441406e+00,5.800689697265625000e+00,2.048017740249633789e+00
3.505842971801757812e+01,9.766958355903625488e-01,4.348715305328369141e+00,8.440104484558105469e+00,8.171780586242675781e+00,8.425691604614257812e+00,7.933111667633056641e+00,1.484865307807922363e+00,1.366714119911193848e+00
3.555926513671875000e+01,1.690694332122802734e+00,3.132989883422851562e+00,8.030405998229980469e+00,8.079830169677734375e+00,8.016555786132812500e+00,7.708934783935546875e+00,3.488691806793212891e+00,1.513853549957275391e+00
3.606010055541992188e+01,2.502755880355834961e+00,2.668519258499145508e+00,7.481715679168701172e+00,8.035380363464355469e+00,7.506851196289062500e+00,7.524727344512939453e+00,4.801931381225585938e+00,1.542246103286743164e+00
3.656093597412109375e+01,3.291771173477172852e+00,2.680057048797607422e+00,6.988342761993408203e+00,8.019214630126953125e+00,6.952875137329101562e+00,7.410360336303710938e+00,5.961454868316650391e+00,1.523494958877563477e+00
3.706177139282226562e+01,4.009871006011962891e+00,2.751016855239868164e+00,7.210993289947509766e+00,7.956354141235351562e+00,6.360372066497802734e+00,7.312359333038330078e+00,6.885707855224609375e+00,1.628413796424865723e+00
3.756260299682617188e+01,4.622117042541503906e+00,2.696884632110595703e+00,7.601763248443603516e+00,7.785735130310058594e+00,5.712352275848388672e+00,7.192834854125976562e+00,6.520947933197021484e+00,1.936326265335083008e+00
3.806343841552734375e+01,5.047886848449707031e+00,3.267811775207519531e+00,6.809054374694824219e+00,7.813322067260742188e+00,5.323057174682617188e+00,6.974434852600097656e+00,7.395272731781005859e+00,1.927097320556640625e+00
3.856427383422851562e+01,5.384475708007812500e+00,3.919230222702026367e+00,6.209277629852294922e+00,7.833671092987060547e+00,5.008897781372070312e+00,6.830790042877197266e+00,7.883400440216064453e+00,1.972371459007263184e+00
3.906510925292968750e+01,5.770605087280273438e+00,4.574748039245605469e+00,5.829873561859130859e+00,7.794700622558593750e+00,4.842434406280517578e+00,6.700703144073486328e+00,8.021820068359375000e+00,2.065501213073730469e+00
3.956594467163085938e+01,6.574356079101562500e+00,5.324536323547363281e+00,5.452647209167480469e+00,7.730379581451416016e+00,5.046205520629882812e+00,6.677371978759765625e+00,7.945135116577148438e+00,2.141801357269287109e+00
4.006677627563476562e+01,6.082114696502685547e+00,6.087779521942138672e+00,5.421025753021240234e+00,7.567337989807128906e+00,4.225213050842285156e+00,7.148785114288330078e+00,7.320301055908203125e+00,2.330948352813720703e+00
4.056761169433593750e+01,6.090289592742919922e+00,6.744581699371337891e+00,5.005891323089599609e+00,7.738188266754150391e+00,4.500905036926269531e+00,5.731046199798583984e+00,8.550768852233886719e+00,2.176378488540649414e+00
4.106844711303710938e+01,5.975644588470458984e+00,6.974990844726562500e+00,4.252755165100097656e+00,7.823989391326904297e+00,4.637307643890380859e+00,4.662510871887207031e+00,8.442015647888183594e+00,2.029336214065551758e+00
4.156928253173828125e+01,6.202095031738281250e+00,7.255527496337890625e+00,4.914433956146240234e+00,7.812160968780517578e+00,4.653711318969726562e+00,4.575430870056152344e+00,8.706996917724609375e+00,2.233608722686767578e+00
4.207011795043945312e+01,4.523799419403076172e-01,1.693423151969909668e+00,5.229154586791992188e+00,6.151381492614746094e+00,9.029755592346191406e+00,9.222270011901855469e+00,7.070645809173583984e+00,4.504063606262207031e+00
4.257095336914062500e+01,1.479324102401733398e+00,5.620484828948974609e+00,6.999634265899658203e+00,6.931593418121337891e+00,8.124658584594726562e+00,7.333271980285644531e+00,3.774899482727050781e+00,2.900078296661376953e+00
4.307178497314453125e+01,2.006242990493774414e+00,5.249087333679199219e+00,6.860342025756835938e+00,7.090623855590820312e+00,7.784892559051513672e+00,6.909010887145996094e+00,4.768605709075927734e+00,2.868703126907348633e+00
4.357262039184570312e+01,2.702120780944824219e+00,4.977538108825683594e+00,6.725552558898925781e+00,7.270214557647705078e+00,7.340860366821289062e+00,6.461673736572265625e+00,5.617564201354980469e+00,2.632569074630737305e+00
4.407345581054687500e+01,3.534203290939331055e+00,4.753219127655029297e+00,6.722995758056640625e+00,7.414898395538330078e+00,6.766669750213623047e+00,6.203151702880859375e+00,6.162671566009521484e+00,2.416181087493896484e+00
4.457429122924804688e+01,4.314099311828613281e+00,4.603713512420654297e+00,6.932940959930419922e+00,7.512382507324218750e+00,6.092664718627929688e+00,6.079336643218994141e+00,6.490475654602050781e+00,2.306211233139038086e+00
4.507512664794921875e+01,4.875012397766113281e+00,4.614382266998291016e+00,7.156418800354003906e+00,7.582514286041259766e+00,5.415387153625488281e+00,6.041232585906982422e+00,6.608826637268066406e+00,2.256212234497070312e+00
4.557595825195312500e+01,5.261898040771484375e+00,4.938914775848388672e+00,7.113445758819580078e+00,7.642466068267822266e+00,4.862233638763427734e+00,6.206092357635498047e+00,6.560249328613281250e+00,2.184371948242187500e+00
4.607679367065429688e+01,6.684228897094726562e+00,5.014586448669433594e+00,7.179223537445068359e+00,7.627113819122314453e+00,4.978202342987060547e+00,6.719875335693359375e+00,5.820277690887451172e+00,2.225734472274780273e+00
4.657762908935546875e+01,5.912727355957031250e+00,6.056992530822753906e+00,6.526014804840087891e+00,7.862322330474853516e+00,4.493338108062744141e+00,5.836592674255371094e+00,7.042686462402343750e+00,1.916879653930664062e+00
4.707846450805664062e+01,6.219824314117431641e+00,6.981585979461669922e+00,5.977661609649658203e+00,8.054468154907226562e+00,4.751768112182617188e+00,5.267106056213378906e+00,7.882345199584960938e+00,1.679099082946777344e+00
4.757929992675781250e+01,6.038228511810302734e+00,7.078972339630126953e+00,4.937359333038330078e+00,8.159357070922851562e+00,4.746809005737304688e+00,4.246149063110351562e+00,7.564948081970214844e+00,1.474723458290100098e+00
4.808013534545898438e+01,6.062328815460205078e+00,6.996682167053222656e+00,4.810300827026367188e+00,8.169365882873535156e+00,4.599849224090576172e+00,3.854002475738525391e+00,7.087636470794677734e+00,1.453380823135375977e+00
4.858096694946289062e+01,6.118598461151123047e+00,7.073436737060546875e+00,4.798450946807861328e+00,8.189488410949707031e+00,4.561773777008056641e+00,3.587581157684326172e+00,6.828818798065185547e+00,1.422101378440856934e+00
4.908180236816406250e+01,6.173400878906250000e+00,7.170226573944091797e+00,4.846256732940673828e+00,8.210803031921386719e+00,4.567005157470703125e+00,3.384189605712890625e+00,6.619872570037841797e+00,1.389397621154785156e+00
4.958263778686523438e+01,6.225162506103515625e+00,7.261920452117919922e+00,4.925078392028808594e+00,8.232595443725585938e+00,4.603682518005371094e+00,3.225104093551635742e+00,6.421380519866943359e+00,1.354996800422668457e+00
5.008347320556640625e+01,6.279237270355224609e+00,7.343559265136718750e+00,5.022101879119873047e+00,8.255321502685546875e+00,4.669250011444091797e+00,3.102107048034667969e+00,6.225147247314453125e+00,1.318420529365539551e+00
5.058430862426757812e+01,7.629828453063964844e-01,2.584988832473754883e+00,6.379265308380126953e+00,7.292864322662353516e+00,8.608453750610351562e+00,8.354496955871582031e+00,5.933495998382568359e+00,2.847445964813232422e+00
5.108514022827148438e+01,3.056069850921630859e+00,6.826350212097167969e+00,7.781886577606201172e+00,8.293520927429199219e+00,6.986927986145019531e+00,6.263042926788330078e+00,1.748404383659362793e+00,1.252782225608825684e+00
5.158597564697265625e+01,3.719836711883544922e+00,5.608726501464843750e+00,7.772696018218994141e+00,8.287214279174804688e+00,6.623090744018554688e+00,6.814777851104736328e+00,3.191440820693969727e+00,1.284435272216796875e+00
5.208681106567382812e+01,4.404388904571533203e+00,5.014740467071533203e+00,7.858881950378417969e+00,8.323090553283691406e+00,6.208013057708740234e+00,6.975089550018310547e+00,3.862289190292358398e+00,1.240025281906127930e+00
5.258764648437500000e+01,5.074571609497070312e+00,4.729011535644531250e+00,7.888273715972900391e+00,8.371123313903808594e+00,5.624589443206787109e+00,7.429309368133544922e+00,3.873520612716674805e+00,1.199610710144042969e+00
5.308848190307617188e+01,5.703328609466552734e+00,4.404785633087158203e+00,7.941922187805175781e+00,8.395954132080078125e+00,4.940743446350097656e+00,8.238798141479492188e+00,3.421462059020996094e+00,1.193648219108581543e+00
5.358931732177734375e+01,6.511729717254638672e+00,3.974783897399902344e+00,8.221413612365722656e+00,8.405251502990722656e+00,4.509059906005859375e+00,8.716116905212402344e+00,3.003460168838500977e+00,1.207040190696716309e+00
5.409014892578125000e+01,7.100840568542480469e+00,4.814612388610839844e+00,7.752414703369140625e+00,8.473706245422363281e+00,4.674527645111083984e+00,7.781729698181152344e+00,3.899605035781860352e+00,1.089968919754028320e+00
5.459098434448242188e+01,8.175796508789062500e+00,5.123648643493652344e+00,7.536519050598144531e+00,8.503519058227539062e+00,4.800165176391601562e+00,7.332297801971435547e+00,4.217796325683593750e+00,1.034229636192321777e+00
5.509181976318359375e+01,7.501029014587402344e+00,5.935627937316894531e+00,7.241974830627441406e+00,8.541193962097167969e+00,4.417728424072265625e+00,6.920109748840332031e+00,4.692003726959228516e+00,9.672061204910278320e-01
5.559265518188476562e+01,7.570141315460205078e+00,6.498018264770507812e+00,7.031070232391357422e+00,8.569808006286621094e+00,4.330044746398925781e+00,6.511081218719482422e+00,4.997165203094482422e+00,9.177392721176147461e-01
5.609349060058593750e+01,7.800051212310791016e+00,6.943405628204345703e+00,6.881204605102539062e+00,8.593406677246093750e+00,4.330733776092529297e+00,6.137995243072509766e+00,5.194384574890136719e+00,8.783069849014282227e-01
5.659432220458984375e+01,8.060000419616699219e+00,7.297899246215820312e+00,6.786705970764160156e+00,8.613105773925781250e+00,4.360335350036621094e+00,5.811391353607177734e+00,5.305184841156005859e+00,8.459432721138000488e-01
5.709515762329101562e+01,8.319037437438964844e+00,7.572121620178222656e+00,6.738102436065673828e+00,8.629896163940429688e+00,4.401799201965332031e+00,5.534553527832031250e+00,5.344521522521972656e+00,8.184395432472229004e-01
5.759599304199218750e+01,8.565266609191894531e+00,7.776731491088867188e+00,6.724898338317871094e+00,8.644527435302734375e+00,4.444154739379882812e+00,5.313269615173339844e+00,5.321840763092041016e+00,7.942028045654296875e-01
5.809682846069335938e+01,8.786855697631835938e+00,7.920749187469482422e+00,6.741051197052001953e+00,8.657391548156738281e+00,4.472852706909179688e+00,5.156887531280517578e+00,5.241808414459228516e+00,7.724246978759765625e-01
5.859766387939453125e+01,8.973108291625976562e+00,8.012133598327636719e+00,6.783953666687011719e+00,8.668840408325195312e+00,4.474148273468017578e+00,5.073994159698486328e+00,5.109417915344238281e+00,7.526183128356933594e-01
5.909849929809570312e+01,9.118814468383789062e+00,8.057126998901367188e+00,6.850488662719726562e+00,8.679408073425292969e+00,4.442609786987304688e+00,5.066440105438232422e+00,4.933412551879882812e+00,7.341607809066772461e-01
5.959933090209960938e+01,9.225391387939453125e+00,8.060281753540039062e+00,6.934226036071777344e+00,8.689824104309082031e+00,4.384714126586914062e+00,5.126011848449707031e+00,4.726844787597656250e+00,7.161350846290588379e-01
6.010016632080078125e+01,9.298273086547851562e+00,8.023377418518066406e+00,7.027967453002929688e+00,8.700731277465820312e+00,4.312764167785644531e+00,5.238681316375732422e+00,4.503210544586181641e+00,6.976985335350036621e-01
6.060100173950195312e+01,9.345699310302734375e+00,7.948745727539062500e+00,7.125246047973632812e+00,8.712604522705078125e+00,4.240243911743164062e+00,5.388558387756347656e+00,4.275001049041748047e+00,6.782175302505493164e-01
6.110183715820312500e+01,9.375697135925292969e+00,7.837549686431884766e+00,7.223038673400878906e+00,8.725596427917480469e+00,4.175178050994873047e+00,5.564112663269042969e+00,4.050108432769775391e+00,6.575190424919128418e-01
6.160267257690429688e+01,9.395843505859375000e+00,7.691306114196777344e+00,7.320357799530029297e+00,8.739684104919433594e+00,4.121430873870849609e+00,5.757832050323486328e+00,3.833026170730590820e+00,6.356997489929199219e-01
6.210350418090820312e+01,9.413262367248535156e+00,7.511994838714599609e+00,7.417151451110839844e+00,8.754730224609375000e+00,4.080222606658935547e+00,5.965125560760498047e+00,3.625907897949218750e+00,6.129902005195617676e-01
6.260433959960937500e+01,9.434244155883789062e+00,7.301249027252197266e+00,7.513937950134277344e+00,8.770553588867187500e+00,4.051117420196533203e+00,6.182997703552246094e+00,3.429316759109497070e+00,5.896895527839660645e-01
6.310517501831054688e+01,9.465032577514648438e+00,7.062835216522216797e+00,7.610552310943603516e+00,8.787001609802246094e+00,4.034164428710937500e+00,6.408172607421875000e+00,3.243953943252563477e+00,5.660371780395507812e-01
6.360601043701171875e+01,9.509153366088867188e+00,6.801192283630371094e+00,7.706860065460205078e+00,8.803916931152343750e+00,4.028843402862548828e+00,6.637263298034667969e+00,3.070204973220825195e+00,5.422649979591369629e-01
6.410684204101562500e+01,9.563397407531738281e+00,6.527227878570556641e+00,7.800180435180664062e+00,8.821202278137207031e+00,4.036509990692138672e+00,6.862695693969726562e+00,2.910823106765747070e+00,5.184373259544372559e-01
6.460768127441406250e+01,5.662762165069580078e+00,6.906870365142822266e+00,8.163822174072265625e+00,8.225662231445312500e+00,5.133451461791992188e+00,3.002208709716796875e+00,1.468952894210815430e+00,1.411033868789672852e+00
6.510851287841796875e+01,5.263094425201416016e+00,6.816168785095214844e+00,7.647950172424316406e+00,8.631203651428222656e+00,4.798308372497558594e+00,2.879882335662841797e+00,2.180664062500000000e+00,7.608172297477722168e-01
6.560935211181640625e+01,5.870414733886718750e+00,6.903324604034423828e+00,7.344477176666259766e+00,8.767361640930175781e+00,5.438865661621093750e+00,3.139652490615844727e+00,2.611196041107177734e+00,5.694974064826965332e-01
6.611018371582031250e+01,9.606304168701171875e+00,7.125441074371337891e+00,7.524505138397216797e+00,8.823924064636230469e+00,6.471628665924072266e+00,4.683564662933349609e+00,2.558001041412353516e+00,4.988225698471069336e-01
6.661101531982421875e+01,9.729830741882324219e+00,6.799767494201660156e+00,7.697469234466552734e+00,8.857913970947265625e+00,5.684671401977539062e+00,5.624987602233886719e+00,2.423305034637451172e+00,4.570682048797607422e-01
6.711185455322265625e+01,9.728992462158203125e+00,6.505084037780761719e+00,7.786375045776367188e+00,8.885550498962402344e+00,5.441632747650146484e+00,6.110496520996093750e+00,2.344331502914428711e+00,4.220095574855804443e-01
6.761268615722656250e+01,9.883647918701171875e+00,6.112971305847167969e+00,7.896588325500488281e+00,8.909708976745605469e+00,5.246237754821777344e+00,6.588059425354003906e+00,2.241519927978515625e+00,3.930240273475646973e-01
6.811352539062500000e+01,9.841238021850585938e+00,5.875867843627929688e+00,7.945658683776855469e+00,8.932355880737304688e+00,5.199793338775634766e+00,6.862370491027832031e+00,2.201555013656616211e+00,3.649576306343078613e-01
6.861435699462890625e+01,9.782897949218750000e+00,5.650101184844970703e+00,7.991831779479980469e+00,8.953295707702636719e+00,5.166434764862060547e+00,7.116865158081054688e+00,2.168078422546386719e+00,3.396493196487426758e-01
6.911518859863281250e+01,9.715639114379882812e+00,5.425490379333496094e+00,8.040505409240722656e+00,8.972758293151855469e+00,5.133284091949462891e+00,7.365020751953125000e+00,2.137217760086059570e+00,3.169190287590026855e-01
6.961602783203125000e+01,9.641573905944824219e+00,5.206354141235351562e+00,8.089785575866699219e+00,8.990873336791992188e+00,5.102203845977783203e+00,7.600093841552734375e+00,2.111113071441650391e+00,2.964758276939392090e-01
7.011685943603515625e+01,9.566256523132324219e+00,4.995053768157958984e+00,8.139019966125488281e+00,9.007735252380371094e+00,5.073683738708496094e+00,7.819125652313232422e+00,2.090546607971191406e+00,2.781290113925933838e-01
7.061769866943359375e+01,4.380940437316894531e+00,8.516101837158203125e+00,8.737768173217773438e+00,8.228714942932128906e+00,8.945877075195312500e+00,2.689441919326782227e+00,6.530615687370300293e-01,1.529089331626892090e+00
7.111853027343750000e+01,5.295097827911376953e+00,7.857492923736572266e+00,8.489699363708496094e+00,8.669277191162109375e+00,8.285195350646972656e+00,3.051675319671630859e+00,1.030144214630126953e+00,7.552342414855957031e-01
7.161936187744140625e+01,6.377231597900390625e+00,6.293814182281494141e+00,8.332753181457519531e+00,8.814851760864257812e+00,6.819993972778320312e+00,3.847637176513671875e+00,1.211576819419860840e+00,5.318454504013061523e-01
7.212020111083984375e+01,5.747036933898925781e+00,5.597943782806396484e+00,8.230912208557128906e+00,8.886548042297363281e+00,5.725267410278320312e+00,3.955303192138671875e+00,1.340992093086242676e+00,4.326375424861907959e-01
7.262103271484375000e+01,5.663106441497802734e+00,5.415255546569824219e+00,8.172552108764648438e+00,8.932282447814941406e+00,5.589881896972656250e+00,4.084078311920166016e+00,1.424478650093078613e+00,3.735075891017913818e-01
7.312187194824218750e+01,5.637841224670410156e+00,5.276187896728515625e+00,8.130662918090820312e+00,8.967335700988769531e+00,5.534868240356445312e+00,4.215856075286865234e+00,1.486140608787536621e+00,3.305157423019409180e-01
7.362270355224609375e+01,5.634472370147705078e+00,5.148556709289550781e+00,8.096493721008300781e+00,8.997138977050781250e+00,5.503978252410888672e+00,4.352425575256347656e+00,1.538090944290161133e+00,2.957110702991485596e-01
7.412354278564453125e+01,5.643229961395263672e+00,5.022920608520507812e+00,8.066965103149414062e+00,9.023488044738769531e+00,5.485663890838623047e+00,4.495745182037353516e+00,1.584903359413146973e+00,2.663521170616149902e-01
7.462437438964843750e+01,5.659681320190429688e+00,4.896395683288574219e+00,8.041054725646972656e+00,9.047048568725585938e+00,5.476601600646972656e+00,4.645033359527587891e+00,1.628170609474182129e+00,2.413021922111511230e-01
7.512520599365234375e+01,5.680874347686767578e+00,4.768702030181884766e+00,8.018385887145996094e+00,9.068099975585937500e+00,5.475101947784423828e+00,4.797492504119873047e+00,1.668409347534179688e+00,2.199256718158721924e-01
7.562604522705078125e+01,5.704550743103027344e+00,4.640933513641357422e+00,7.998712539672851562e+00,9.086820602416992188e+00,5.479604721069335938e+00,4.949574947357177734e+00,1.705782651901245117e+00,2.017450034618377686e-01
7.612687683105468750e+01,5.728897094726562500e+00,4.514889240264892578e+00,7.981760978698730469e+00,9.103400230407714844e+00,5.488411426544189453e+00,5.097721576690673828e+00,1.740366220474243164e+00,1.863372772932052612e-01
7.662771606445312500e+01,5.752606868743896484e+00,4.392466068267822266e+00,7.967277050018310547e+00,9.118008613586425781e+00,5.499840259552001953e+00,5.238936901092529297e+00,1.772180914878845215e+00,1.733091026544570923e-01
7.712854766845703125e+01,5.774812221527099609e+00,4.275492191314697266e+00,7.954921245574951172e+00,9.130847930908203125e+00,5.512535095214843750e+00,5.371057033538818359e+00,1.801335215568542480e+00,1.623031198978424072e-01
7.762937927246093750e+01,5.795396804809570312e+00,4.165394783020019531e+00,7.944440364837646484e+00,9.142106056213378906e+00,5.525715351104736328e+00,5.492894172668457031e+00,1.827901244163513184e+00,1.530002355575561523e-01
7.813021850585937500e+01,5.814465045928955078e+00,4.063127517700195312e+00,7.935562610626220703e+00,9.151960372924804688e+00,5.538930416107177734e+00,5.603992462158203125e+00,1.852015852928161621e+00,1.451247185468673706e-01
7.863105010986328125e+01,5.832083702087402344e+00,3.969216346740722656e+00,7.927999973297119141e+00,9.160592079162597656e+00,5.551869869232177734e+00,5.704334259033203125e+00,1.873860120773315430e+00,1.384429633617401123e-01
7.913188934326171875e+01,5.848632812500000000e+00,3.883756399154663086e+00,7.921613693237304688e+00,9.168138504028320312e+00,5.564444065093994141e+00,5.794507503509521484e+00,1.893551707267761230e+00,1.327582895755767822e-01
7.963272094726562500e+01,5.863846302032470703e+00,3.806552648544311523e+00,7.916135787963867188e+00,9.174748420715332031e+00,5.576300144195556641e+00,5.874963283538818359e+00,1.911312460899353027e+00,1.279083788394927979e-01
8.013355255126953125e+01,5.878026008605957031e+00,3.737233400344848633e+00,7.911493778228759766e+00,9.180537223815917969e+00,5.587442874908447266e+00,5.946632385253906250e+00,1.927261948585510254e+00,1.237573027610778809e-01
8.063439178466796875e+01,5.891015529632568359e+00,3.675238370895385742e+00,7.907542228698730469e+00,9.185612678527832031e+00,5.597641468048095703e+00,6.010295391082763672e+00,1.941563248634338379e+00,1.201934590935707092e-01
8.113522338867187500e+01,5.902701377868652344e+00,3.620001077651977539e+00,7.904107570648193359e+00,9.190066337585449219e+00,5.606856346130371094e+00,6.066587448120117188e+00,1.954416394233703613e+00,1.171264275908470154e-01
8.163606262207031250e+01,5.913480758666992188e+00,3.570945024490356445e+00,7.901204109191894531e+00,9.193971633911132812e+00,5.615226745605468750e+00,6.116526126861572266e+00,1.965897202491760254e+00,1.144782528281211853e-01
8.213689422607421875e+01,5.922988414764404297e+00,3.527439117431640625e+00,7.898646831512451172e+00,9.197405815124511719e+00,5.622604846954345703e+00,6.160534381866455078e+00,1.976202249526977539e+00,1.121874973177909851e-01
8.263772583007812500e+01,5.931721687316894531e+00,3.488953828811645508e+00,7.896461486816406250e+00,9.200423240661621094e+00,5.629272937774658203e+00,6.199507713317871094e+00,1.985402584075927734e+00,1.101998239755630493e-01
8.313856506347656250e+01,5.939495086669921875e+00,3.454908609390258789e+00,7.894588947296142578e+00,9.203077316284179688e+00,5.635093212127685547e+00,6.233988285064697266e+00,1.993614077568054199e+00,1.084724739193916321e-01
8.363939666748046875e+01,5.946314334869384766e+00,3.424835920333862305e+00,7.892903804779052734e+00,9.205415725708007812e+00,5.640201568603515625e+00,6.264288425445556641e+00,2.000978708267211914e+00,1.069684699177742004e-01
8.414023590087890625e+01,5.952639102935791016e+00,3.398310184478759766e+00,7.891495227813720703e+00,9.207470893859863281e+00,5.644801616668701172e+00,6.291221141815185547e+00,2.007522106170654297e+00,1.056561470031738281e-01
8.464106750488281250e+01,3.610522747039794922e+00,8.693724632263183594e+00,8.836080551147460938e+00,8.365763664245605469e+00,9.036862373352050781e+00,2.901142358779907227e+00,5.113795995712280273e-01,1.274462223052978516e+00
8.514190673828125000e+01,4.686901569366455078e+00,8.154991149902343750e+00,8.606078147888183594e+00,8.833925247192382812e+00,8.363059997558593750e+00,3.012234449386596680e+00,8.791460394859313965e-01,5.311700701713562012e-01
8.564273834228515625e+01,6.077775478363037109e+00,6.710325717926025391e+00,8.403532028198242188e+00,8.981228828430175781e+00,7.465504169464111328e+00,3.858109712600708008e+00,1.113025665283203125e+00,3.300681114196777344e-01
8.614356994628906250e+01,5.605344772338867188e+00,5.521452903747558594e+00,8.281771659851074219e+00,9.046022415161132812e+00,6.129375457763671875e+00,4.129891395568847656e+00,1.265684127807617188e+00,2.549408972263336182e-01
8.664440917968750000e+01,5.598917961120605469e+00,5.183762550354003906e+00,8.224010467529296875e+00,9.082266807556152344e+00,6.006329059600830078e+00,4.349562168121337891e+00,1.354812860488891602e+00,2.171420753002166748e-01
8.714524078369140625e+01,5.609994411468505859e+00,4.983272075653076172e+00,8.185916900634765625e+00,9.107019424438476562e+00,5.981812477111816406e+00,4.509887695312500000e+00,1.415165185928344727e+00,1.931255310773849487e-01
8.764608001708984375e+01,5.617868423461914062e+00,4.814038753509521484e+00,8.156987190246582031e+00,9.126572608947753906e+00,5.966679096221923828e+00,4.643454551696777344e+00,1.462447166442871094e+00,1.752925962209701538e-01
8.814691162109375000e+01,8.836982727050781250e+00,9.026844978332519531e+00,8.498198509216308594e+00,8.654824256896972656e+00,2.403681993484497070e+00,9.592335224151611328e-01,7.796996593475341797e+00,1.167167663574218750e+00
8.864774322509765625e+01,8.909462928771972656e+00,8.931343078613281250e+00,8.549648284912109375e+00,8.924185752868652344e+00,2.535964488983154297e+00,1.248393654823303223e+00,6.827608108520507812e+00,5.976894497871398926e-01
8.914858245849609375e+01,9.043952941894531250e+00,9.027498245239257812e+00,8.577192306518554688e+00,8.992790222167968750e+00,2.613299846649169922e+00,1.880285739898681641e+00,6.433471202850341797e+00,4.526887536048889160e-01
8.964941406250000000e+01,9.400021553039550781e+00,9.197350502014160156e+00,8.527932167053222656e+00,9.011412620544433594e+00,2.403617382049560547e+00,3.247363090515136719e+00,5.313399791717529297e+00,3.874852955341339111e-01
9.015025329589843750e+01,9.544904708862304688e+00,9.208341598510742188e+00,8.336249351501464844e+00,9.020312309265136719e+00,2.552628278732299805e+00,4.135787963867187500e+00,4.365607261657714844e+00,3.476749956607818604e-01
9.065108489990234375e+01,9.603897094726562500e+00,9.131114959716796875e+00,8.109702110290527344e+00,9.028396606445312500e+00,3.112962245941162109e+00,4.418317317962646484e+00,3.745341539382934570e+00,3.183378279209136963e-01
9.115191650390625000e+01,9.590477943420410156e+00,8.919016838073730469e+00,7.865715980529785156e+00,9.036706924438476562e+00,4.155467033386230469e+00,4.193821430206298828e+00,3.247763633728027344e+00,2.937243580818176270e-01
9.165275573730468750e+01,5.632975101470947266e+00,7.921910285949707031e+00,8.212179183959960938e+00,8.754808425903320312e+00,4.499616622924804688e+00,1.778084158897399902e+00,1.455269455909729004e+00,6.352835297584533691e-01
9.215358734130859375e+01,5.631639957427978516e+00,7.625829219818115234e+00,8.086304664611816406e+00,8.912549018859863281e+00,4.815236568450927734e+00,2.168938636779785156e+00,1.637681722640991211e+00,4.241978824138641357e-01
9.265442657470703125e+01,5.663037776947021484e+00,7.361755371093750000e+00,8.120413780212402344e+00,8.978447914123535156e+00,5.141299247741699219e+00,2.521468877792358398e+00,1.585563302040100098e+00,3.443699181079864502e-01
9.315525817871093750e+01,5.494851112365722656e+00,7.120107650756835938e+00,8.179561614990234375e+00,9.016416549682617188e+00,5.374177932739257812e+00,2.787748813629150391e+00,1.486817002296447754e+00,3.004355430603027344e-01
9.365608978271484375e+01,5.312884807586669922e+00,6.915195465087890625e+00,8.224224090576171875e+00,9.045292854309082031e+00,5.573045730590820312e+00,2.999593257904052734e+00,1.409439444541931152e+00,2.684373855590820312e-01
9.415692901611328125e+01,5.158329963684082031e+00,6.741820812225341797e+00,8.251393318176269531e+00,9.070651054382324219e+00,5.743336677551269531e+00,3.178141832351684570e+00,1.360845446586608887e+00,2.416248321533203125e-01
9.465776062011718750e+01,5.029916763305664062e+00,6.590878486633300781e+00,8.265026092529296875e+00,9.093983650207519531e+00,5.886845588684082031e+00,3.334959030151367188e+00,1.335129380226135254e+00,2.181117534637451172e-01
9.515859985351562500e+01,4.919277667999267578e+00,6.455723285675048828e+00,8.269305229187011719e+00,9.115591049194335938e+00,6.007795333862304688e+00,3.476492404937744141e+00,1.325511693954467773e+00,1.973718106746673584e-01
9.565943145751953125e+01,4.819983959197998047e+00,6.332045555114746094e+00,8.267445564270019531e+00,9.135470390319824219e+00,6.111042499542236328e+00,3.606649398803710938e+00,1.326735138893127441e+00,1.792163401842117310e-01
9.616027069091796875e+01,4.727780342102050781e+00,6.217765331268310547e+00,8.261777877807617188e+00,9.153559684753417969e+00,6.200430870056152344e+00,3.727346181869506836e+00,1.334986090660095215e+00,1.634893864393234253e-01
9.666110229492187500e+01,4.641257286071777344e+00,6.111514568328857422e+00,8.253889083862304688e+00,9.169859886169433594e+00,6.278848648071289062e+00,3.839798450469970703e+00,1.347628116607666016e+00,1.499993801116943359e-01
9.716193389892578125e+01,4.559979438781738281e+00,6.012890815734863281e+00,8.244890213012695312e+00,9.184409141540527344e+00,6.348059177398681641e+00,3.944338321685791016e+00,1.362794160842895508e+00,1.385138630867004395e-01
9.766277313232421875e+01,4.484375000000000000e+00,5.921572208404541016e+00,8.235507011413574219e+00,9.197301864624023438e+00,6.409281730651855469e+00,4.041200637817382812e+00,1.379199266433715820e+00,1.287825703620910645e-01
9.816360473632812500e+01,4.415244102478027344e+00,5.837035655975341797e+00,8.226190567016601562e+00,9.208675384521484375e+00,6.463391304016113281e+00,4.130671501159667969e+00,1.395990252494812012e+00,1.205594316124916077e-01
9.866444396972656250e+01,4.352692127227783203e+00,5.759272098541259766e+00,8.217255592346191406e+00,9.218659400939941406e+00,6.510919570922851562e+00,4.212730884552001953e+00,1.412533283233642578e+00,1.136157214641571045e-01
9.916527557373046875e+01,4.297112941741943359e+00,5.687601566314697266e+00,8.208834648132324219e+00,9.227413177490234375e+00,6.552537441253662109e+00,4.287808895111083984e+00,1.428483486175537109e+00,1.077481806278228760e-01
9.966610717773437500e+01,4.248149871826171875e+00,5.621897697448730469e+00,8.201036453247070312e+00,9.235071182250976562e+00,6.588663578033447266e+00,4.356037139892578125e+00,1.443566560745239258e+00,1.027811542153358459e-01
1.001669464111328125e+02,4.205397129058837891e+00,5.561792373657226562e+00,8.193892478942871094e+00,9.241764068603515625e+00,6.619870662689208984e+00,4.417795181274414062e+00,1.457645535469055176e+00,9.856619685888290405e-02
1.006677780151367188e+02,4.168530941009521484e+00,5.506632328033447266e+00,8.187369346618652344e+00,9.247618675231933594e+00,6.646739482879638672e+00,4.473602771759033203e+00,1.470686435699462891e+00,9.498081356287002563e-02
1.011686172485351562e+02,4.136727809906005859e+00,5.456428527832031250e+00,8.181485176086425781e+00,9.252733230590820312e+00,6.669639587402343750e+00,4.523691177368164062e+00,1.482622385025024414e+00,9.192174673080444336e-02
1.016694488525390625e+02,4.109613418579101562e+00,5.410470008850097656e+00,8.176159858703613281e+00,9.257208824157714844e+00,6.689190387725830078e+00,4.568677425384521484e+00,1.493527293205261230e+00,8.930409699678421021e-02
1.021702804565429688e+02,4.086433887481689453e+00,5.368713855743408203e+00,8.171386718750000000e+00,9.261122703552246094e+00,6.705710887908935547e+00,4.608847141265869141e+00,1.503403425216674805e+00,8.705789595842361450e-02
1.026711196899414062e+02,4.066618919372558594e+00,5.330887794494628906e+00,8.167120933532714844e+00,9.264546394348144531e+00,6.719660282135009766e+00,4.644649028778076172e+00,1.512307167053222656e+00,8.512535691261291504e-02
1.031719512939453125e+02,4.049859523773193359e+00,5.296394824981689453e+00,8.163286209106445312e+00,9.267550468444824219e+00,6.731484413146972656e+00,4.676597118377685547e+00,1.520338296890258789e+00,8.345880359411239624e-02
1.036727905273437500e+02,4.035506725311279297e+00,5.265365600585937500e+00,8.159886360168457031e+00,9.270180702209472656e+00,6.741353511810302734e+00,4.704907894134521484e+00,1.527514576911926270e+00,8.201780170202255249e-02
1.041736221313476562e+02,4.023385047912597656e+00,5.237146377563476562e+00,8.156834602355957031e+00,9.272487640380859375e+00,6.749720573425292969e+00,4.730112552642822266e+00,1.533962368965148926e+00,8.076952397823333740e-02
1.046744537353515625e+02,4.013032913208007812e+00,5.211786746978759766e+00,8.154130935668945312e+00,9.274512290954589844e+00,6.756683349609375000e+00,4.752407550811767578e+00,1.539704084396362305e+00,7.968590408563613892e-02
1.051752929687500000e+02,4.004141330718994141e+00,5.189078807830810547e+00,8.151737213134765625e+00,9.276286125183105469e+00,6.762518882751464844e+00,4.772124290466308594e+00,1.544806599617004395e+00,7.874360680580139160e-02
1.056761245727539062e+02,3.996633052825927734e+00,5.168488979339599609e+00,8.149588584899902344e+00,9.277850151062011719e+00,6.767484664916992188e+00,4.789636135101318359e+00,1.549371719360351562e+00,7.792314141988754272e-02
1.061769638061523438e+02,3.990132093429565430e+00,5.150212287902832031e+00,8.147705078125000000e+00,9.279217720031738281e+00,6.771576404571533203e+00,4.805054187774658203e+00,1.553402543067932129e+00,7.720753550529479980e-02
1.066777954101562500e+02,3.984644174575805664e+00,5.133657932281494141e+00,8.146011352539062500e+00,9.280426979064941406e+00,6.775095462799072266e+00,4.818743228912353516e+00,1.557003259658813477e+00,7.658252865076065063e-02
1.071786346435546875e+02,3.979851007461547852e+00,5.119047641754150391e+00,8.144535064697265625e+00,9.281482696533203125e+00,6.777975559234619141e+00,4.830769538879394531e+00,1.560172796249389648e+00,7.603609561920166016e-02
1.076794662475585938e+02,3.975805997848510742e+00,5.105813980102539062e+00,8.143202781677246094e+00,9.282420158386230469e+00,6.780488967895507812e+00,4.841454505920410156e+00,1.563005208969116211e+00,7.555817067623138428e-02
1.081802978515625000e+02,3.972301721572875977e+00,5.094092369079589844e+00,8.142034530639648438e+00,9.283242225646972656e+00,6.782551288604736328e+00,4.850848674774169922e+00,1.565502882003784180e+00,7.513905316591262817e-02
1.086811370849609375e+02,3.969211816787719727e+00,5.083766460418701172e+00,8.141012191772460938e+00,9.283960342407226562e+00,6.784284114837646484e+00,4.859118938446044922e+00,1.567697882652282715e+00,7.477191835641860962e-02
1.091819686889648438e+02,3.966617345809936523e+00,5.074384212493896484e+00,8.140087127685546875e+00,9.284597396850585938e+00,6.785833835601806641e+00,4.866477966308593750e+00,1.569664239883422852e+00,7.445009052753448486e-02
1.096828079223632812e+02,3.964301824569702148e+00,5.066236019134521484e+00,8.139292716979980469e+00,9.285154342651367188e+00,6.787062644958496094e+00,4.872900485992431641e+00,1.571378231048583984e+00,7.416708767414093018e-02
1.101836395263671875e+02,3.962362766265869141e+00,5.058804988861083984e+00,8.138565063476562500e+00,9.285651206970214844e+00,6.788199901580810547e+00,4.878640651702880859e+00,1.572920680046081543e+00,7.391892373561859131e-02
1.106844711303710938e+02,3.960658073425292969e+00,5.052289009094238281e+00,8.137930870056152344e+00,9.286085128784179688e+00,6.789108276367187500e+00,4.883659839630126953e+00,1.574267029762268066e+00,7.370085269212722778e-02
1.111853103637695312e+02,3.959115982055664062e+00,5.046626567840576172e+00,8.137388229370117188e+00,9.286465644836425781e+00,6.789865493774414062e+00,4.888062953948974609e+00,1.575443029403686523e+00,7.350891828536987305e-02
1.116861419677734375e+02,3.957845211029052734e+00,5.041414260864257812e+00,8.136881828308105469e+00,9.286805152893066406e+00,6.790599822998046875e+00,4.892015933990478516e+00,1.576512932777404785e+00,7.334044575691223145e-02
1.121869812011718750e+02,3.956675529479980469e+00,5.036986351013183594e+00,8.136459350585937500e+00,9.287100791931152344e+00,6.791141033172607422e+00,4.895431518554687500e+00,1.577427268028259277e+00,7.319162040948867798e-02
1.126878128051757812e+02,3.955708742141723633e+00,5.032873630523681641e+00,8.136060714721679688e+00,9.287367820739746094e+00,6.791696548461914062e+00,4.898511886596679688e+00,1.578261971473693848e+00,7.306156307458877563e-02
1.131886444091796875e+02,3.954861402511596680e+00,5.029313564300537109e+00,8.135722160339355469e+00,9.287595748901367188e+00,6.792111873626708984e+00,4.901186943054199219e+00,1.578984737396240234e+00,7.294629514217376709e-02
1.136894836425781250e+02,3.954052925109863281e+00,5.026277065277099609e+00,8.135437965393066406e+00,9.287796974182128906e+00,6.792454719543457031e+00,4.903526306152343750e+00,1.579609394073486328e+00,7.284513115882873535e-02
1.141903152465820312e+02,3.953422546386718750e+00,5.023401260375976562e+00,8.135158538818359375e+00,9.287980079650878906e+00,6.792837142944335938e+00,4.905652046203613281e+00,1.580190181732177734e+00,7.275606691837310791e-02
1.146911544799804688e+02,3.952800989151000977e+00,5.021046638488769531e+00,8.134937286376953125e+00,9.288133621215820312e+00,6.793075561523437500e+00,4.907460689544677734e+00,1.580672025680541992e+00,7.267738878726959229e-02
1.151919860839843750e+02,3.952323198318481445e+00,5.018774032592773438e+00,8.134717941284179688e+00,9.288275718688964844e+00,6.793372631072998047e+00,4.909120559692382812e+00,1.581128239631652832e+00,7.260825484991073608e-02
1.156928176879882812e+02,3.951888322830200195e+00,5.016848087310791016e+00,8.134536743164062500e+00,9.288399696350097656e+00,6.793569087982177734e+00,4.910546302795410156e+00,1.581514358520507812e+00,7.254730910062789917e-02
1.161936569213867188e+02,3.951449155807495117e+00,5.015258789062500000e+00,8.134387969970703125e+00,9.288504600524902344e+00,6.793723106384277344e+00,4.911779880523681641e+00,1.581841230392456055e+00,7.249351590871810913e-02
1.166944885253906250e+02,3.951130390167236328e+00,5.013661384582519531e+00,8.134235382080078125e+00,9.288604736328125000e+00,6.793938636779785156e+00,4.912934303283691406e+00,1.582159280776977539e+00,7.244652509689331055e-02
1.171953277587890625e+02,3.950794696807861328e+00,5.012438774108886719e+00,8.134122848510742188e+00,9.288683891296386719e+00,6.794034004211425781e+00,4.913882732391357422e+00,1.582410454750061035e+00,7.240450382232666016e-02
1.176961593627929688e+02,3.950556755065917969e+00,5.011172294616699219e+00,8.133999824523925781e+00,9.288762092590332031e+00,6.794209003448486328e+00,4.914783000946044922e+00,1.582659244537353516e+00,7.236797362565994263e-02
1.181969985961914062e+02,3.950290918350219727e+00,5.010241031646728516e+00,8.133916854858398438e+00,9.288825035095214844e+00,6.794275760650634766e+00,4.915514945983886719e+00,1.582851767539978027e+00,7.233541458845138550e-02
1.186978302001953125e+02,3.950116395950317383e+00,5.009228229522705078e+00,8.133814811706542969e+00,9.288886070251464844e+00,6.794418811798095703e+00,4.916223526000976562e+00,1.583049297332763672e+00,7.230692356824874878e-02
1.191986618041992188e+02,3.949949026107788086e+00,5.008416175842285156e+00,8.133738517761230469e+00,9.288936614990234375e+00,6.794482231140136719e+00,4.916811466217041016e+00,1.583210349082946777e+00,7.228160649538040161e-02
1.196995010375976562e+02,3.949740886688232422e+00,5.007812976837158203e+00,8.133688926696777344e+00,9.288980484008789062e+00,6.794520378112792969e+00,4.917310237884521484e+00,1.583338975906372070e+00,7.225954532623291016e-02
1.202003326416015625e+02,3.949636697769165039e+00,5.007089614868164062e+00,8.133615493774414062e+00,9.289021492004394531e+00,6.794638156890869141e+00,4.917803287506103516e+00,1.583478569984436035e+00,7.223966717720031738e-02
1.207011718750000000e+02,3.949470281600952148e+00,5.006639003753662109e+00,8.133576393127441406e+00,9.289053916931152344e+00,6.794652462005615234e+00,4.918184757232666016e+00,1.583574771881103516e+00,7.222227007150650024e-02
1.212020034790039062e+02,3.949394464492797852e+00,5.006049633026123047e+00,8.133515357971191406e+00,9.289086341857910156e+00,6.794751167297363281e+00,4.918578624725341797e+00,1.583691239356994629e+00,7.220716774463653564e-02
1.217028350830078125e+02,3.949313163757324219e+00,5.005612373352050781e+00,8.133475303649902344e+00,9.289113998413085938e+00,6.794775485992431641e+00,4.918886184692382812e+00,1.583773255348205566e+00,7.219373434782028198e-02
1.222036743164062500e+02,1.046656966209411621e+00,4.315218448638916016e+00,8.999039649963378906e+00,9.315361976623535156e+00,8.627403259277343750e+00,9.526167869567871094e+00,1.633437395095825195e+00,7.423043251037597656e-02
1.227045059204101562e+02,2.582570314407348633e+00,3.892173528671264648e+00,9.071354866027832031e+00,9.345285415649414062e+00,8.156798362731933594e+00,8.621526718139648438e+00,1.079105496406555176e+00,7.062665373086929321e-02
1.232053451538085938e+02,3.832134962081909180e+00,2.901403665542602539e+00,9.071083068847656250e+00,9.343723297119140625e+00,8.082109451293945312e+00,9.022753715515136719e+00,1.204566597938537598e+00,7.120109349489212036e-02
1.237061767578125000e+02,5.778192043304443359e+00,2.166045427322387695e+00,9.032691955566406250e+00,9.335870742797851562e+00,8.529464721679687500e+00,9.300008773803710938e+00,1.425730109214782715e+00,7.152840495109558105e-02
1.242070083618164062e+02,8.364881515502929688e+00,1.797654390335083008e+00,8.949257850646972656e+00,9.329699516296386719e+00,8.496645927429199219e+00,9.236541748046875000e+00,1.608067035675048828e+00,7.147955894470214844e-02
1.247078475952148438e+02,9.578088760375976562e+00,1.834553956985473633e+00,8.894100189208984375e+00,9.327193260192871094e+00,7.810596942901611328e+00,9.142998695373535156e+00,1.800865173339843750e+00,7.177518308162689209e-02
1.252086791992187500e+02,9.690360069274902344e+00,2.011360645294189453e+00,8.884585380554199219e+00,9.324656486511230469e+00,7.086530685424804688e+00,9.183474540710449219e+00,2.076445579528808594e+00,7.293676584959030151e-02
1.257095184326171875e+02,9.553283691406250000e+00,2.207901954650878906e+00,8.873208999633789062e+00,9.321265220642089844e+00,6.322456836700439453e+00,9.191443443298339844e+00,2.390920639038085938e+00,7.478925585746765137e-02
1.262103500366210938e+02,9.476991653442382812e+00,2.335484266281127930e+00,8.879294395446777344e+00,9.317752838134765625e+00,5.541660308837890625e+00,9.170474052429199219e+00,2.679246902465820312e+00,7.801820337772369385e-02
1.267111816406250000e+02,9.381338119506835938e+00,2.451068639755249023e+00,8.879730224609375000e+00,9.313779830932617188e+00,4.842653751373291016e+00,9.106712341308593750e+00,2.859279394149780273e+00,8.207184076309204102e-02
1.272120208740234375e+02,9.253516197204589844e+00,2.656024694442749023e+00,8.854445457458496094e+00,9.309314727783203125e+00,4.293786048889160156e+00,8.991777420043945312e+00,2.933975458145141602e+00,8.591137826442718506e-02
1.277128524780273438e+02,9.101457595825195312e+00,2.935720682144165039e+00,8.810083389282226562e+00,9.304326057434082031e+00,3.875404596328735352e+00,8.849097251892089844e+00,2.981723070144653320e+00,8.922310918569564819e-02
1.282136840820312500e+02,8.925676345825195312e+00,3.254472255706787109e+00,8.757011413574218750e+00,9.298944473266601562e+00,3.550922870635986328e+00,8.693784713745117188e+00,3.026760578155517578e+00,9.213141351938247681e-02
1.287145233154296875e+02,8.729985237121582031e+00,3.612282514572143555e+00,8.700814247131347656e+00,9.293487548828125000e+00,3.295661926269531250e+00,8.528385162353515625e+00,3.059711217880249023e+00,9.465490281581878662e-02
1.292153625488281250e+02,8.518112182617187500e+00,4.018635272979736328e+00,8.645234107971191406e+00,9.288133621215820312e+00,3.093526840209960938e+00,8.352026939392089844e+00,3.070291280746459961e+00,9.681847691535949707e-02
1.297161865234375000e+02,8.286499023437500000e+00,4.480723381042480469e+00,8.593746185302734375e+00,9.282916069030761719e+00,2.929254531860351562e+00,8.162790298461914062e+00,3.053501605987548828e+00,9.868198633193969727e-02
1.302170257568359375e+02,8.024878501892089844e+00,4.991717338562011719e+00,8.550406455993652344e+00,9.277873039245605469e+00,2.790299892425537109e+00,7.960094451904296875e+00,3.009542226791381836e+00,1.003065481781959534e-01
1.307178649902343750e+02,7.743150711059570312e+00,5.531104087829589844e+00,8.517080307006835938e+00,9.273174285888671875e+00,2.683043718338012695e+00,7.746996402740478516e+00,2.943336963653564453e+00,1.016588732600212097e-01
1.312187042236328125e+02,8.543161392211914062e+00,8.893714904785156250e+00,8.288151741027832031e+00,8.841037750244140625e+00,1.983239531517028809e+00,1.131523609161376953e+00,7.663794994354248047e+00,7.896773815155029297e-01
1.317195281982421875e+02,8.686736106872558594e+00,8.865920066833496094e+00,8.344224929809570312e+00,9.017504692077636719e+00,2.105008363723754883e+00,1.384083628654479980e+00,6.984958648681640625e+00,4.611113965511322021e-01
1.322203674316406250e+02,8.945982933044433594e+00,8.969774246215820312e+00,8.276168823242187500e+00,9.074139595031738281e+00,2.318733930587768555e+00,1.827593088150024414e+00,6.749791145324707031e+00,3.617899417877197266e-01
1.327212066650390625e+02,9.341009140014648438e+00,9.166736602783203125e+00,8.284749984741210938e+00,9.096720695495605469e+00,2.529693603515625000e+00,2.494886159896850586e+00,6.157630443572998047e+00,3.123493194580078125e-01
1.332220306396484375e+02,9.575434684753417969e+00,9.260532379150390625e+00,8.094396591186523438e+00,9.112880706787109375e+00,3.134107112884521484e+00,2.907043457031250000e+00,5.638707637786865234e+00,2.755464315414428711e-01
1.337228698730468750e+02,9.654009819030761719e+00,9.200182914733886719e+00,7.442011356353759766e+00,9.117456436157226562e+00,4.725513935089111328e+00,2.767477750778198242e+00,5.014756679534912109e+00,2.434498518705368042e-01
1.342237091064453125e+02,9.589466094970703125e+00,8.966519355773925781e+00,7.114529132843017578e+00,9.106986999511718750e+00,5.645906925201416016e+00,2.531383275985717773e+00,4.022865295410156250e+00,2.336278706789016724e-01
1.347245483398437500e+02,9.423887252807617188e+00,8.678959846496582031e+00,7.255739688873291016e+00,9.104909896850585938e+00,6.131861686706542969e+00,2.535750627517700195e+00,3.309218645095825195e+00,2.278939634561538696e-01
1.352253723144531250e+02,9.132018089294433594e+00,8.390538215637207031e+00,7.486581802368164062e+00,9.110578536987304688e+00,6.561346054077148438e+00,2.589559555053710938e+00,2.781608581542968750e+00,2.187359780073165894e-01
1.357262115478515625e+02,8.463962554931640625e+00,8.053350448608398438e+00,7.698626995086669922e+00,9.121077537536621094e+00,6.146495342254638672e+00,2.605716466903686523e+00,2.369318723678588867e+00,2.065006345510482788e-01
1.362270507812500000e+02,6.742022514343261719e+00,7.586568355560302734e+00,7.833271026611328125e+00,9.133136749267578125e+00,5.005546569824218750e+00,2.558995723724365234e+00,2.074176311492919922e+00,1.932701617479324341e-01
1.367278747558593750e+02,5.874411582946777344e+00,7.335273742675781250e+00,7.961964130401611328e+00,9.146276473999023438e+00,4.955077171325683594e+00,2.662995576858520508e+00,1.857634782791137695e+00,1.805099546909332275e-01
1.372287139892578125e+02,5.461337089538574219e+00,7.201914310455322266e+00,8.060829162597656250e+00,9.160491943359375000e+00,5.179349899291992188e+00,2.784746170043945312e+00,1.701316118240356445e+00,1.678275167942047119e-01
1.377295532226562500e+02,5.113356590270996094e+00,7.096895217895507812e+00,8.127796173095703125e+00,9.174713134765625000e+00,5.386310100555419922e+00,2.891797542572021484e+00,1.593064427375793457e+00,1.557688713073730469e-01
1.382303771972656250e+02,4.805670738220214844e+00,7.009101867675781250e+00,8.173475265502929688e+00,9.188461303710937500e+00,5.567421913146972656e+00,2.987404823303222656e+00,1.518067002296447754e+00,1.446399390697479248e-01
1.387312164306640625e+02,4.532540321350097656e+00,6.933933734893798828e+00,8.205089569091796875e+00,9.201453208923339844e+00,5.724865436553955078e+00,3.073771238327026367e+00,1.465688943862915039e+00,1.345668435096740723e-01
1.392320556640625000e+02,4.289756298065185547e+00,6.868247509002685547e+00,8.227180480957031250e+00,9.213562011718750000e+00,5.861773967742919922e+00,3.152505636215209961e+00,1.428933024406433105e+00,1.255770325660705566e-01
1.397328948974609375e+02,4.073894977569580078e+00,6.810132026672363281e+00,8.242741584777832031e+00,9.224710464477539062e+00,5.981137275695800781e+00,3.224648237228393555e+00,1.403054356575012207e+00,1.176349520683288574e-01
1.402337188720703125e+02,3.882163763046264648e+00,6.758183002471923828e+00,8.253745079040527344e+00,9.234886169433593750e+00,6.085564136505126953e+00,3.291007280349731445e+00,1.384870171546936035e+00,1.106691211462020874e-01
1.407345581054687500e+02,3.712187290191650391e+00,6.711715698242187500e+00,8.261569976806640625e+00,9.244098663330078125e+00,6.177185535430908203e+00,3.351998567581176758e+00,1.372118949890136719e+00,1.045866012573242188e-01
1.412353973388671875e+02,3.561808586120605469e+00,6.669786453247070312e+00,8.267099380493164062e+00,9.252413749694824219e+00,6.257791519165039062e+00,3.408190250396728516e+00,1.363319873809814453e+00,9.929221868515014648e-02
1.417362213134765625e+02,3.352587699890136719e+00,6.798121452331542969e+00,8.312055587768554688e+00,9.272222518920898438e+00,6.164405345916748047e+00,3.249613046646118164e+00,1.293671011924743652e+00,8.879002928733825684e-02
1.422370605468750000e+02,3.108055114746093750e+00,6.753042697906494141e+00,8.308661460876464844e+00,9.278290748596191406e+00,6.283622741699218750e+00,3.321814775466918945e+00,1.300432324409484863e+00,8.553530275821685791e-02
1.427378997802734375e+02,2.985108613967895508e+00,6.724054336547851562e+00,8.308899879455566406e+00,9.283980369567871094e+00,6.353769779205322266e+00,3.368903160095214844e+00,1.301207542419433594e+00,8.248034119606018066e-02
1.432387237548828125e+02,2.892900228500366211e+00,6.698935031890869141e+00,8.309519767761230469e+00,9.289108276367187500e+00,6.403964519500732422e+00,3.406288146972656250e+00,1.301042556762695312e+00,7.976116240024566650e-02
1.437395629882812500e+02,2.816111087799072266e+00,6.677112579345703125e+00,8.310049057006835938e+00,9.293669700622558594e+00,6.445765018463134766e+00,3.438576936721801758e+00,1.300913572311401367e+00,7.736918330192565918e-02
1.442404022216796875e+02,2.749339580535888672e+00,6.657713890075683594e+00,8.310373306274414062e+00,9.297736167907714844e+00,6.482281208038330078e+00,3.467425584793090820e+00,1.301062941551208496e+00,7.527229189872741699e-02
1.447412414550781250e+02,2.690890073776245117e+00,6.640503883361816406e+00,8.310530662536621094e+00,9.301354408264160156e+00,6.514648437500000000e+00,3.493397951126098633e+00,1.301458597183227539e+00,7.343426346778869629e-02
1.452420654296875000e+02,2.639414310455322266e+00,6.625051021575927734e+00,8.310531616210937500e+00,9.304578781127929688e+00,6.543394088745117188e+00,3.516896486282348633e+00,1.302075386047363281e+00,7.182238996028900146e-02
1.457429046630859375e+02,2.594557285308837891e+00,6.611519813537597656e+00,8.310459136962890625e+00,9.307440757751464844e+00,6.569051742553710938e+00,3.538030385971069336e+00,1.302796244621276855e+00,7.040641456842422485e-02
1.462437438964843750e+02,2.554918050765991211e+00,6.599304676055908203e+00,8.310293197631835938e+00,9.309990882873535156e+00,6.591865539550781250e+00,3.557169437408447266e+00,1.303641676902770996e+00,6.916220486164093018e-02
1.467445678710937500e+02,2.519976854324340820e+00,6.588255882263183594e+00,8.310053825378417969e+00,9.312268257141113281e+00,6.612105369567871094e+00,3.574477672576904297e+00,1.304569959640502930e+00,6.806718558073043823e-02
1.472454071044921875e+02,2.489677667617797852e+00,6.578646659851074219e+00,8.309808731079101562e+00,9.314285278320312500e+00,6.630194664001464844e+00,3.589998006820678711e+00,1.305489659309387207e+00,6.710218638181686401e-02
1.477462463378906250e+02,2.462821006774902344e+00,6.569925308227539062e+00,8.309520721435546875e+00,9.316089630126953125e+00,6.646242141723632812e+00,3.604017496109008789e+00,1.306439280509948730e+00,6.625128537416458130e-02
1.482470855712890625e+02,2.439263820648193359e+00,6.562140941619873047e+00,8.309218406677246094e+00,9.317693710327148438e+00,6.660506725311279297e+00,3.616630077362060547e+00,1.307383179664611816e+00,6.549989432096481323e-02
1.487479095458984375e+02,2.418395042419433594e+00,6.555036067962646484e+00,8.308891296386718750e+00,9.319128990173339844e+00,6.673117160797119141e+00,3.628000974655151367e+00,1.308326005935668945e+00,6.483621895313262939e-02
1.492487487792968750e+02,2.400456666946411133e+00,6.548988342285156250e+00,8.308601379394531250e+00,9.320400238037109375e+00,6.684437274932861328e+00,3.638132095336914062e+00,1.309193611145019531e+00,6.424891948699951172e-02
1.497495880126953125e+02,2.384418725967407227e+00,6.543446540832519531e+00,8.308298110961914062e+00,9.321531295776367188e+00,6.694445133209228516e+00,3.647259712219238281e+00,1.310048580169677734e+00,6.372924149036407471e-02
1.502504119873046875e+02,2.370162725448608398e+00,6.538362026214599609e+00,8.307983398437500000e+00,9.322547912597656250e+00,6.703271389007568359e+00,3.655475854873657227e+00,1.310882210731506348e+00,6.326950341463088989e-02
1.507512512207031250e+02,2.358038187026977539e+00,6.534129142761230469e+00,8.307715415954589844e+00,9.323443412780761719e+00,6.711239814758300781e+00,3.662758350372314453e+00,1.311626315116882324e+00,6.286159157752990723e-02
1.512520904541015625e+02,2.347089767456054688e+00,6.530208110809326172e+00,8.307442665100097656e+00,9.324245452880859375e+00,6.718259334564208984e+00,3.669309377670288086e+00,1.312346696853637695e+00,6.250045448541641235e-02
1.517529144287109375e+02,2.337303638458251953e+00,6.526576042175292969e+00,8.307168006896972656e+00,9.324962615966796875e+00,6.724423885345458984e+00,3.675201177597045898e+00,1.313043951988220215e+00,6.218022108078002930e-02
1.522537536621093750e+02,2.329107522964477539e+00,6.523649215698242188e+00,8.306941986083984375e+00,9.325594902038574219e+00,6.730038642883300781e+00,3.680393695831298828e+00,1.313647866249084473e+00,6.189589202404022217e-02
1.527545928955078125e+02,2.321609973907470703e+00,6.520890712738037109e+00,8.306707382202148438e+00,9.326160430908203125e+00,6.734958171844482422e+00,3.685067892074584961e+00,1.314232468605041504e+00,6.164389476180076599e-02
1.532554321289062500e+02,2.315040826797485352e+00,6.518451690673828125e+00,8.306493759155273438e+00,9.326662063598632812e+00,6.739336490631103516e+00,3.689239025115966797e+00,1.314773321151733398e+00,6.142019107937812805e-02
1.537562561035156250e+02,2.309063196182250977e+00,6.516127586364746094e+00,8.306275367736816406e+00,9.327114105224609375e+00,6.743135929107666016e+00,3.692987203598022461e+00,1.315292358398437500e+00,6.122182309627532959e-02
1.542570953369140625e+02,2.304222583770751953e+00,6.514373779296875000e+00,8.306108474731445312e+00,9.327508926391601562e+00,6.746662139892578125e+00,3.696261644363403320e+00,1.315726876258850098e+00,6.104569137096405029e-02
1.547579345703125000e+02,2.299674034118652344e+00,6.512655735015869141e+00,8.305935859680175781e+00,9.327862739562988281e+00,6.749719619750976562e+00,3.699213743209838867e+00,1.316149830818176270e+00,6.088940426707267761e-02
1.552587585449218750e+02,2.295508384704589844e+00,6.510987281799316406e+00,8.305759429931640625e+00,9.328182220458984375e+00,6.752354621887207031e+00,3.701871871948242188e+00,1.316556692123413086e+00,6.075068563222885132e-02
1.557595977783203125e+02,2.292268753051757812e+00,6.509819030761718750e+00,8.305630683898925781e+00,9.328455924987792969e+00,6.754844665527343750e+00,3.704171180725097656e+00,1.316884994506835938e+00,6.062700599431991577e-02
1.562604370117187500e+02,2.289124488830566406e+00,6.508623123168945312e+00,8.305498123168945312e+00,9.328706741333007812e+00,6.756985187530517578e+00,3.706256151199340820e+00,1.317207336425781250e+00,6.051804497838020325e-02
1.567612762451171875e+02,2.286390781402587891e+00,6.507575511932373047e+00,8.305375099182128906e+00,9.328927040100097656e+00,6.758892536163330078e+00,3.708106517791748047e+00,1.317500710487365723e+00,6.042078509926795959e-02
1.572621002197265625e+02,2.283788442611694336e+00,6.506483554840087891e+00,8.305240631103515625e+00,9.329129219055175781e+00,6.760491847991943359e+00,3.709779262542724609e+00,1.317788004875183105e+00,6.033481657505035400e-02
1.577629394531250000e+02,2.281932353973388672e+00,6.505833625793457031e+00,8.305159568786621094e+00,9.329298973083496094e+00,6.762065410614013672e+00,3.711203813552856445e+00,1.318007707595825195e+00,6.025815010070800781e-02
1.582637786865234375e+02,2.280009031295776367e+00,6.505095005035400391e+00,8.305064201354980469e+00,9.329454421997070312e+00,6.763387680053710938e+00,3.712502717971801758e+00,1.318228363990783691e+00,6.019016727805137634e-02
1.587646026611328125e+02,2.278148651123046875e+00,6.504289150238037109e+00,8.304958343505859375e+00,9.329596519470214844e+00,6.764481067657470703e+00,3.713684320449829102e+00,1.318447947502136230e+00,6.013015657663345337e-02
1.592654418945312500e+02,2.276951551437377930e+00,6.503894329071044922e+00,8.304903984069824219e+00,9.329713821411132812e+00,6.765608787536621094e+00,3.714671134948730469e+00,1.318603157997131348e+00,6.007654964923858643e-02
1.597662811279296875e+02,2.275610446929931641e+00,6.503380298614501953e+00,8.304830551147460938e+00,9.329822540283203125e+00,6.766531944274902344e+00,3.715583086013793945e+00,1.318766832351684570e+00,6.002908200025558472e-02
1.602671051025390625e+02,2.274262189865112305e+00,6.502773284912109375e+00,8.304747581481933594e+00,9.329923629760742188e+00,6.767266750335693359e+00,3.716415882110595703e+00,1.318935394287109375e+00,5.998734012246131897e-02
1.607679443359375000e+02,2.273524761199951172e+00,6.502553462982177734e+00,8.304711341857910156e+00,9.330004692077636719e+00,6.768079280853271484e+00,3.717095851898193359e+00,1.319043397903442383e+00,5.994996428489685059e-02
1.612687835693359375e+02,2.272586107254028320e+00,6.502194404602050781e+00,8.304659843444824219e+00,9.330080032348632812e+00,6.768720149993896484e+00,3.717732429504394531e+00,1.319164037704467773e+00,5.991678684949874878e-02
1.617696228027343750e+02,2.271789073944091797e+00,6.501888275146484375e+00,8.304609298706054688e+00,9.330147743225097656e+00,6.769299030303955078e+00,3.718295574188232422e+00,1.319270968437194824e+00,5.988758057355880737e-02
1.622704467773437500e+02,2.270900487899780273e+00,6.501454830169677734e+00,8.304548263549804688e+00,9.330211639404296875e+00,6.769714355468750000e+00,3.718821287155151367e+00,1.319388985633850098e+00,5.986167117953300476e-02
1.627712860107421875e+02,2.270557641983032227e+00,6.501389503479003906e+00,8.304533004760742188e+00,9.330260276794433594e+00,6.770246982574462891e+00,3.719227790832519531e+00,1.319451451301574707e+00,5.983835831284523010e-02
1.632721252441406250e+02,2.269968271255493164e+00,6.501165866851806641e+00,8.304495811462402344e+00,9.330308914184570312e+00,6.770641803741455078e+00,3.719623088836669922e+00,1.319532155990600586e+00,5.981817469000816345e-02
1.637729492187500000e+02,2.269287586212158203e+00,6.500813961029052734e+00,8.304447174072265625e+00,9.330352783203125000e+00,6.770904064178466797e+00,3.719995260238647461e+00,1.319622039794921875e+00,5.979991331696510315e-02
1.642737884521484375e+02,2.269125938415527344e+00,6.500823020935058594e+00,8.304440498352050781e+00,9.330385208129882812e+00,6.771304130554199219e+00,3.720270872116088867e+00,1.319662332534790039e+00,5.978399515151977539e-02
1.647746276855468750e+02,2.268707990646362305e+00,6.500668048858642578e+00,8.304413795471191406e+00,9.330419540405273438e+00,6.771576404571533203e+00,3.720546007156372070e+00,1.319719552993774414e+00,5.976965650916099548e-02
1.652754516601562500e+02,2.268168926239013672e+00,6.500376224517822266e+00,8.304369926452636719e+00,9.330451965332031250e+00,6.771733760833740234e+00,3.720813274383544922e+00,1.319790244102478027e+00,5.975727736949920654e-02
1.657762908935546875e+02,2.268146276473999023e+00,6.500436305999755859e+00,8.304370880126953125e+00,9.330471992492675781e+00,6.772037506103515625e+00,3.720994710922241211e+00,1.319810986518859863e+00,5.974595993757247925e-02
1.662771301269531250e+02,8.358749747276306152e-01,5.018700122833251953e+00,8.845861434936523438e+00,9.345551490783691406e+00,8.637612342834472656e+00,9.046993255615234375e+00,1.434694290161132812e+00,6.113187223672866821e-02
1.667779693603515625e+02,2.437719106674194336e+00,4.647836685180664062e+00,8.936724662780761719e+00,9.370151519775390625e+00,8.338812828063964844e+00,7.847462654113769531e+00,1.104073286056518555e+00,5.851939320564270020e-02
1.672787933349609375e+02,3.439320802688598633e+00,7.045555591583251953e+00,9.329093933105468750e+00,9.230494499206542969e+00,3.431842327117919922e+00,4.110162258148193359e+00,4.998048782348632812e+00,2.708634436130523682e-01
1.677796325683593750e+02,5.421418190002441406e+00,7.976468086242675781e+00,7.876121997833251953e+00,8.701539039611816406e+00,8.022499084472656250e+00,2.385052680969238281e+00,2.178487777709960938e+00,7.253763079643249512e-01
1.682804718017578125e+02,7.646717548370361328e+00,7.543104171752929688e+00,7.413607120513916016e+00,9.037433624267578125e+00,7.534329891204833984e+00,3.834545373916625977e+00,2.792450189590454102e+00,2.994532287120819092e-01
1.687812957763671875e+02,8.007195472717285156e+00,6.542221546173095703e+00,7.665030002593994141e+00,9.143858909606933594e+00,6.196050643920898438e+00,5.599101066589355469e+00,2.868443965911865234e+00,2.061509341001510620e-01
1.692821350097656250e+02,8.291973114013671875e+00,5.999441146850585938e+00,7.718441963195800781e+00,9.183042526245117188e+00,6.099251747131347656e+00,5.945309162139892578e+00,2.755041360855102539e+00,1.711365282535552979e-01
1.697829742431640625e+02,8.245017051696777344e+00,8.151787757873535156e+00,7.755816936492919922e+00,9.128279685974121094e+00,3.200290203094482422e+00,4.225545406341552734e+00,5.675563812255859375e+00,2.722649276256561279e-01
1.702838134765625000e+02,8.161848068237304688e+00,7.741209030151367188e+00,7.882777690887451172e+00,9.171354293823242188e+00,3.020178318023681641e+00,5.047629356384277344e+00,4.436323642730712891e+00,2.144002765417098999e-01
1.707846374511718750e+02,8.630449295043945312e+00,7.788344383239746094e+00,7.688035011291503906e+00,9.182301521301269531e+00,3.242800235748291016e+00,5.400697708129882812e+00,4.092754364013671875e+00,1.906481087207794189e-01
1.712854766845703125e+02,9.006812095642089844e+00,8.051708221435546875e+00,7.506299495697021484e+00,9.189323425292968750e+00,3.650805950164794922e+00,5.282518863677978516e+00,3.850610733032226562e+00,1.754528135061264038e-01
1.717863159179687500e+02,9.014718055725097656e+00,8.050215721130371094e+00,7.269334793090820312e+00,9.193196296691894531e+00,5.031171321868896484e+00,4.538933277130126953e+00,3.524926900863647461e+00,1.643336117267608643e-01
1.722871398925781250e+02,8.231541633605957031e+00,7.625180721282958984e+00,7.158674240112304688e+00,9.196659088134765625e+00,5.551519870758056641e+00,3.614106178283691406e+00,3.121982812881469727e+00,1.558032482862472534e-01
1.727879791259765625e+02,6.623941898345947266e+00,7.014294147491455078e+00,7.252694606781005859e+00,9.199601173400878906e+00,4.409057140350341797e+00,3.121311902999877930e+00,2.764122724533081055e+00,1.497670710086822510e-01
1.732888183593750000e+02,6.151151657104492188e+00,6.875052928924560547e+00,7.460840702056884766e+00,9.204826354980468750e+00,4.306699752807617188e+00,3.050394058227539062e+00,2.503786563873291016e+00,1.440825015306472778e-01
1.737896423339843750e+02,5.942453861236572266e+00,6.902011394500732422e+00,7.635528087615966797e+00,9.212206840515136719e+00,4.402452468872070312e+00,3.008269071578979492e+00,2.296299695968627930e+00,1.375862658023834229e-01
1.742904815673828125e+02,5.756432533264160156e+00,6.956262588500976562e+00,7.764899730682373047e+00,9.220323562622070312e+00,4.516768455505371094e+00,2.963822841644287109e+00,2.134034633636474609e+00,1.308981776237487793e-01
1.747913208007812500e+02,5.584643363952636719e+00,7.011703968048095703e+00,7.863329887390136719e+00,9.228713989257812500e+00,4.630725383758544922e+00,2.923180580139160156e+00,2.003934383392333984e+00,1.243341043591499329e-01
1.752921600341796875e+02,5.424293518066406250e+00,7.058951377868652344e+00,7.940715789794921875e+00,9.237070083618164062e+00,4.738688468933105469e+00,2.889568805694580078e+00,1.896799921989440918e+00,1.180778741836547852e-01
1.757929840087890625e+02,5.271920204162597656e+00,7.095478057861328125e+00,8.003321647644042969e+00,9.245214462280273438e+00,4.839983940124511719e+00,2.864166736602783203e+00,1.806629419326782227e+00,1.122280210256576538e-01
1.762938232421875000e+02,5.124927043914794922e+00,7.121817111968994141e+00,8.055253982543945312e+00,9.253017425537109375e+00,4.935424327850341797e+00,2.846879005432128906e+00,1.729351639747619629e+00,1.068250983953475952e-01
1.767946624755859375e+02,4.980741500854492188e+00,7.139150619506835938e+00,8.099040031433105469e+00,9.260437011718750000e+00,5.025960445404052734e+00,2.837027788162231445e+00,1.662381768226623535e+00,1.018748059868812561e-01
1.772954864501953125e+02,4.838165760040283203e+00,7.149008274078369141e+00,8.136438369750976562e+00,9.267443656921386719e+00,5.112231254577636719e+00,2.833635091781616211e+00,1.603889346122741699e+00,9.736253321170806885e-02
1.777963256835937500e+02,4.697742462158203125e+00,7.153026103973388672e+00,8.168723106384277344e+00,9.274014472961425781e+00,5.194411754608154297e+00,2.835574388504028320e+00,1.552492022514343262e+00,9.326061606407165527e-02
1.782971649169921875e+02,4.558797836303710938e+00,7.152254104614257812e+00,8.196702003479003906e+00,9.280174255371093750e+00,5.272708892822265625e+00,2.841903209686279297e+00,1.507293224334716797e+00,8.953877538442611694e-02
1.787980041503906250e+02,4.422248363494873047e+00,7.147826194763183594e+00,8.221052169799804688e+00,9.285929679870605469e+00,5.347081661224365234e+00,2.851673841476440430e+00,1.467501759529113770e+00,8.616412431001663208e-02
1.792988281250000000e+02,4.288386821746826172e+00,7.140542507171630859e+00,8.242280006408691406e+00,9.291301727294921875e+00,5.417531013488769531e+00,2.864115715026855469e+00,1.432503461837768555e+00,8.310433477163314819e-02
1.797996673583984375e+02,4.159268379211425781e+00,7.131356239318847656e+00,8.260840415954589844e+00,9.296298027038574219e+00,5.483839035034179688e+00,2.878417730331420898e+00,1.401695013046264648e+00,8.032868802547454834e-02
1.803005065917968750e+02,4.034254550933837891e+00,7.120621681213378906e+00,8.277038574218750000e+00,9.300951957702636719e+00,5.546174049377441406e+00,2.894112586975097656e+00,1.374675154685974121e+00,7.781046628952026367e-02
1.808013305664062500e+02,3.913962364196777344e+00,7.108824729919433594e+00,8.291166305541992188e+00,9.305285453796386719e+00,5.604600429534912109e+00,2.910706281661987305e+00,1.351018905639648438e+00,7.552409917116165161e-02
1.813021697998046875e+02,3.800400972366333008e+00,7.096620559692382812e+00,8.303519248962402344e+00,9.309301376342773438e+00,5.658964157104492188e+00,2.927657127380371094e+00,1.330290079116821289e+00,7.344663888216018677e-02
1.818030090332031250e+02,3.692381858825683594e+00,7.084047317504882812e+00,8.314271926879882812e+00,9.313030242919921875e+00,5.709564685821533203e+00,2.944775581359863281e+00,1.312221884727478027e+00,7.155867666006088257e-02
1.823038330078125000e+02,3.590160846710205078e+00,7.071370601654052734e+00,8.323616027832031250e+00,9.316494941711425781e+00,5.756566047668457031e+00,2.961800098419189453e+00,1.296504378318786621e+00,6.984220445156097412e-02
1.828046722412109375e+02,3.495518445968627930e+00,7.059079647064208984e+00,8.331769943237304688e+00,9.319695472717285156e+00,5.799888134002685547e+00,2.978362083435058594e+00,1.282806873321533203e+00,6.828083842992782593e-02
1.833055114746093750e+02,3.406772851943969727e+00,7.047013282775878906e+00,8.338832855224609375e+00,9.322657585144042969e+00,5.839896678924560547e+00,2.994460582733154297e+00,1.270951151847839355e+00,6.686048209667205811e-02
1.838063507080078125e+02,3.324454784393310547e+00,7.035412311553955078e+00,8.344956398010253906e+00,9.325398445129394531e+00,5.876728534698486328e+00,3.009925127029418945e+00,1.260696172714233398e+00,6.556808948516845703e-02
1.843071746826171875e+02,3.247795581817626953e+00,7.024244785308837891e+00,8.350235939025878906e+00,9.327931404113769531e+00,5.910629272460937500e+00,3.024722337722778320e+00,1.251866579055786133e+00,6.439276784658432007e-02
1.848080139160156250e+02,3.178371429443359375e+00,7.013890266418457031e+00,8.354821205139160156e+00,9.330260276794433594e+00,5.941576480865478516e+00,3.038626194000244141e+00,1.244228959083557129e+00,6.332308799028396606e-02
1.853088531494140625e+02,3.114127635955810547e+00,7.004047393798828125e+00,8.358759880065917969e+00,9.332407951354980469e+00,5.969930648803710938e+00,3.051775932312011719e+00,1.237691760063171387e+00,6.235031783580780029e-02
1.858096771240234375e+02,3.054786205291748047e+00,6.994748115539550781e+00,8.362130165100097656e+00,9.334388732910156250e+00,5.995914936065673828e+00,3.064154386520385742e+00,1.232116103172302246e+00,6.146589666604995728e-02
1.863105163574218750e+02,3.001833200454711914e+00,6.986335277557373047e+00,8.365046501159667969e+00,9.336197853088378906e+00,6.019499778747558594e+00,3.075589418411254883e+00,1.227319598197937012e+00,6.066166236996650696e-02
1.868113555908203125e+02,2.953113555908203125e+00,6.978433132171630859e+00,8.367529869079589844e+00,9.337863922119140625e+00,6.041008472442626953e+00,3.086271286010742188e+00,1.223257064819335938e+00,5.993107333779335022e-02
1.873121795654296875e+02,2.908310174942016602e+00,6.971047401428222656e+00,8.369633674621582031e+00,9.339394569396972656e+00,6.060647010803222656e+00,3.096215963363647461e+00,1.219829916954040527e+00,5.926743149757385254e-02
1.878130187988281250e+02,2.868916034698486328e+00,6.964509487152099609e+00,8.371450424194335938e+00,9.340786933898925781e+00,6.078382015228271484e+00,3.105283498764038086e+00,1.216898441314697266e+00,5.866476893424987793e-02
1.883138580322265625e+02,2.832759857177734375e+00,6.958409786224365234e+00,8.372977256774902344e+00,9.342063903808593750e+00,6.094493389129638672e+00,3.113682746887207031e+00,1.214450359344482422e+00,5.811817571520805359e-02
1.888146972656250000e+02,2.800170183181762695e+00,6.952856540679931641e+00,8.374267578125000000e+00,9.343232154846191406e+00,6.109108448028564453e+00,3.121390819549560547e+00,1.212400913238525391e+00,5.762231722474098206e-02
1.893155212402343750e+02,2.770210027694702148e+00,6.947688102722167969e+00,8.375340461730957031e+00,9.344300270080566406e+00,6.122388839721679688e+00,3.128506898880004883e+00,1.210707545280456543e+00,5.717328563332557678e-02
1.898163604736328125e+02,2.744436264038085938e+00,6.943249702453613281e+00,8.376269340515136719e+00,9.345265388488769531e+00,6.134312152862548828e+00,3.134889125823974609e+00,1.209267258644104004e+00,5.676591023802757263e-02
1.903171997070312500e+02,2.720748424530029297e+00,6.939105987548828125e+00,8.377030372619628906e+00,9.346148490905761719e+00,6.145090579986572266e+00,3.140762805938720703e+00,1.208098053932189941e+00,5.639723315834999084e-02
1.908180236816406250e+02,8.814831733703613281e+00,9.073040008544921875e+00,8.315859794616699219e+00,9.109642028808593750e+00,2.081923723220825195e+00,1.190815329551696777e+00,7.320286273956298828e+00,3.432131707668304443e-01
1.913188629150390625e+02,8.977560043334960938e+00,9.073408126831054688e+00,8.441371917724609375e+00,9.195757865905761719e+00,2.081329584121704102e+00,1.825509786605834961e+00,6.602928638458251953e+00,2.358379662036895752e-01
1.918197021484375000e+02,9.184876441955566406e+00,9.163255691528320312e+00,8.395833969116210938e+00,9.221295356750488281e+00,2.073469877243041992e+00,2.814767122268676758e+00,5.901035785675048828e+00,1.911026090383529663e-01
1.923205413818359375e+02,9.372932434082031250e+00,9.188889503479003906e+00,8.202520370483398438e+00,9.236395835876464844e+00,2.555312633514404297e+00,3.481932163238525391e+00,5.243493080139160156e+00,1.625223755836486816e-01
1.928213653564453125e+02,9.426487922668457031e+00,9.079158782958984375e+00,7.732058525085449219e+00,9.238740921020507812e+00,4.729524135589599609e+00,3.262856960296630859e+00,4.320750713348388672e+00,1.420208066701889038e-01
1.933222045898437500e+02,9.298125267028808594e+00,8.853193283081054688e+00,7.790718078613281250e+00,9.227340698242187500e+00,5.860710620880126953e+00,2.797881364822387695e+00,3.000958442687988281e+00,1.382123231887817383e-01
1.938230438232421875e+02,8.963240623474121094e+00,8.543937683105468750e+00,7.947825908660888672e+00,9.224205017089843750e+00,6.514896392822265625e+00,2.578050851821899414e+00,2.271442413330078125e+00,1.343944817781448364e-01
1.943238677978515625e+02,8.279427528381347656e+00,8.199361801147460938e+00,8.081065177917480469e+00,9.229652404785156250e+00,6.457813262939453125e+00,2.457924842834472656e+00,1.847668647766113281e+00,1.273371875286102295e-01
1.948247070312500000e+02,6.311926841735839844e+00,7.709493160247802734e+00,8.184601783752441406e+00,9.237073898315429688e+00,4.810284614562988281e+00,2.339842796325683594e+00,1.563494563102722168e+00,1.203537508845329285e-01
1.953255462646484375e+02,5.423254013061523438e+00,7.502904891967773438e+00,8.272767066955566406e+00,9.245865821838378906e+00,4.641227245330810547e+00,2.387880563735961914e+00,1.389476537704467773e+00,1.136367768049240112e-01
1.958263702392578125e+02,5.082714557647705078e+00,7.425034523010253906e+00,8.337670326232910156e+00,9.255842208862304688e+00,4.807748794555664062e+00,2.467503070831298828e+00,1.280711650848388672e+00,1.068942099809646606e-01
1.963272094726562500e+02,4.825243473052978516e+00,7.367020130157470703e+00,8.378094673156738281e+00,9.265974998474121094e+00,4.945422172546386719e+00,2.533370018005371094e+00,1.212665915489196777e+00,1.003828048706054688e-01
1.968280487060546875e+02,4.617660045623779297e+00,7.320439338684082031e+00,8.403193473815917969e+00,9.275797843933105469e+00,5.056146621704101562e+00,2.588367462158203125e+00,1.170117020606994629e+00,9.432998299598693848e-02
1.973288879394531250e+02,4.448929786682128906e+00,7.282457351684570312e+00,8.418624877929687500e+00,9.285058021545410156e+00,5.146884441375732422e+00,2.635033369064331055e+00,1.143789052963256836e+00,8.883842080831527710e-02
1.978297119140625000e+02,4.310407161712646484e+00,7.251098155975341797e+00,8.427795410156250000e+00,9.293633460998535156e+00,5.222619056701660156e+00,2.675200939178466797e+00,1.128015041351318359e+00,8.393777906894683838e-02
1.983305511474609375e+02,4.197281837463378906e+00,7.225191593170166016e+00,8.432892799377441406e+00,9.301461219787597656e+00,5.286292552947998047e+00,2.709954023361206055e+00,1.119141101837158203e+00,7.961322367191314697e-02
1.988313903808593750e+02,4.617345929145812988e-01,4.715817928314208984e+00,8.784421920776367188e+00,9.324151992797851562e+00,8.730113029479980469e+00,8.872374534606933594e+00,9.883590340614318848e-01,7.612565159797668457e-02
1.993322143554687500e+02,5.918359279632568359e+00,4.058041572570800781e-01,8.591290473937988281e+00,9.361994743347167969e+00,3.141431570053100586e+00,8.864043235778808594e+00,1.168544411659240723e+00,6.289795786142349243e-02
1.998330535888671875e+02,1.258761763572692871e+00,3.532470941543579102e+00,9.351380348205566406e+00,9.526476860046386719e+00,7.924954891204833984e-01,6.750460624694824219e+00,5.772166252136230469e-01,3.974952921271324158e-02
2.003338928222656250e+02,9.622588157653808594e+00,2.601155757904052734e+00,9.145234107971191406e+00,9.434212684631347656e+00,7.667699337005615234e+00,8.988551139831542969e+00,9.595712423324584961e-01,5.260699242353439331e-02
2.008347320556640625e+02,7.025733947753906250e+00,1.858593583106994629e+00,8.994218826293945312e+00,9.453092575073242188e+00,2.722633361816406250e+00,9.448126792907714844e+00,1.674681186676025391e+00,4.617284983396530151e-02
2.013355560302734375e+02,6.058117866516113281e+00,2.806407928466796875e+00,5.478768348693847656e+00,9.446099281311035156e+00,2.936279535293579102e+00,5.349676609039306641e+00,2.473133802413940430e+00,4.545366391539573669e-02
2.018363952636718750e+02,8.294906616210937500e+00,2.850893259048461914e+00,8.926329612731933594e+00,9.359601974487304688e+00,3.369549274444580078e+00,9.034212112426757812e+00,4.429744720458984375e+00,8.674344420433044434e-02
2.023372344970703125e+02,7.954972267150878906e+00,2.848026514053344727e+00,8.621793746948242188e+00,9.301815032958984375e+00,2.888612270355224609e+00,8.276197433471679688e+00,4.274126052856445312e+00,1.235090494155883789e-01
2.028380584716796875e+02,7.961575031280517578e+00,3.521342992782592773e+00,8.270639419555664062e+00,9.277766227722167969e+00,2.641785860061645508e+00,7.706071853637695312e+00,4.717919826507568359e+00,1.409038752317428589e-01
2.033388977050781250e+02,8.003809928894042969e+00,4.346781730651855469e+00,7.900171279907226562e+00,9.262627601623535156e+00,2.457908153533935547e+00,7.182153224945068359e+00,5.110754013061523438e+00,1.520507782697677612e-01
2.038397369384765625e+02,8.072629928588867188e+00,5.278371810913085938e+00,7.517345428466796875e+00,9.254007339477539062e+00,2.331189393997192383e+00,6.687771320343017578e+00,5.468773841857910156e+00,1.580728739500045776e-01
2.043405609130859375e+02,8.211802482604980469e+00,6.290753364562988281e+00,7.130093574523925781e+00,9.250599861145019531e+00,2.264327287673950195e+00,6.210603713989257812e+00,5.788210868835449219e+00,1.598488986492156982e-01
2.048414001464843750e+02,8.443385124206542969e+00,7.359712123870849609e+00,6.749143123626708984e+00,9.251624107360839844e+00,2.269577980041503906e+00,5.696141719818115234e+00,6.089634418487548828e+00,1.582099497318267822e-01
2.053422393798828125e+02,8.819753646850585938e+00,8.448284149169921875e+00,6.334581851959228516e+00,9.262474060058593750e+00,2.452795982360839844e+00,4.934760570526123047e+00,6.548575878143310547e+00,1.515481621026992798e-01
2.058430786132812500e+02,8.151699066162109375e+00,8.402144432067871094e+00,3.785074710845947266e+00,9.271742820739746094e+00,3.400144577026367188e+00,2.543249607086181641e+00,6.221896171569824219e+00,1.206250339746475220e-01
2.063439025878906250e+02,7.663299560546875000e+00,8.177991867065429688e+00,3.725859165191650391e+00,9.253252983093261719e+00,3.220052480697631836e+00,2.148143053054809570e+00,5.621528148651123047e+00,1.239516362547874451e-01
2.068447418212890625e+02,7.687698364257812500e+00,8.210890769958496094e+00,3.986657142639160156e+00,9.241823196411132812e+00,3.159720182418823242e+00,2.005944967269897461e+00,5.410106182098388672e+00,1.305482387542724609e-01
2.073455810546875000e+02,7.663484573364257812e+00,8.214113235473632812e+00,4.239868640899658203e+00,9.232345581054687500e+00,3.092355728149414062e+00,1.899647831916809082e+00,5.180822372436523438e+00,1.358174383640289307e-01
2.078464050292968750e+02,7.648078918457031250e+00,8.211380004882812500e+00,4.514719486236572266e+00,9.225134849548339844e+00,3.039609193801879883e+00,1.835997939109802246e+00,4.960153579711914062e+00,1.400124728679656982e-01
2.083472442626953125e+02,7.630075454711914062e+00,8.197743415832519531e+00,4.810638427734375000e+00,9.219861984252929688e+00,3.001228809356689453e+00,1.806202173233032227e+00,4.737794399261474609e+00,1.431233137845993042e-01
2.088480834960937500e+02,7.602800369262695312e+00,8.171782493591308594e+00,5.131795883178710938e+00,9.216317176818847656e+00,2.979163885116577148e+00,1.803565382957458496e+00,4.504936218261718750e+00,1.451655328273773193e-01
2.093489074707031250e+02,7.561135768890380859e+00,8.133619308471679688e+00,5.484261512756347656e+00,9.214384078979492188e+00,2.976354360580444336e+00,1.822069048881530762e+00,4.252998828887939453e+00,1.460994035005569458e-01
2.098497467041015625e+02,7.500343322753906250e+00,8.084551811218261719e+00,5.868782043457031250e+00,9.214051246643066406e+00,2.996391296386718750e+00,1.855621576309204102e+00,3.974693775177001953e+00,1.458050757646560669e-01
2.103505859375000000e+02,7.415773868560791016e+00,8.027220726013183594e+00,6.271127700805664062e+00,9.215435028076171875e+00,3.041606426239013672e+00,1.897392868995666504e+00,3.667822122573852539e+00,1.441370099782943726e-01
2.108514251708984375e+02,7.306882858276367188e+00,7.966053009033203125e+00,6.665547370910644531e+00,9.218574523925781250e+00,3.112121820449829102e+00,1.941781640052795410e+00,3.340000391006469727e+00,1.410675197839736938e-01
2.113522491455078125e+02,7.177118301391601562e+00,7.905850887298583984e+00,7.023809909820556641e+00,9.223379135131835938e+00,3.203992366790771484e+00,1.984945654869079590e+00,3.007675886154174805e+00,1.367561817169189453e-01
2.118530883789062500e+02,7.033963680267333984e+00,7.850346088409423828e+00,7.328252792358398438e+00,9.229561805725097656e+00,3.310229778289794922e+00,2.025438547134399414e+00,2.690420389175415039e+00,1.315162032842636108e-01
2.123539276123046875e+02,6.885614871978759766e+00,7.801198959350585938e+00,7.574163913726806641e+00,9.236787796020507812e+00,3.422629117965698242e+00,2.063032627105712891e+00,2.404253721237182617e+00,1.257103681564331055e-01
2.128547515869140625e+02,6.739714145660400391e+00,7.758412361145019531e+00,7.766980648040771484e+00,9.244704246520996094e+00,3.534389257431030273e+00,2.098286628723144531e+00,2.157669067382812500e+00,1.196631938219070435e-01
2.133555908203125000e+02,6.601926803588867188e+00,7.721138477325439453e+00,7.916193008422851562e+00,9.252987861633300781e+00,3.640846014022827148e+00,2.131735324859619141e+00,1.951938509941101074e+00,1.136196404695510864e-01
2.138564300537109375e+02,6.474632740020751953e+00,7.688240051269531250e+00,8.031238555908203125e+00,9.261423110961914062e+00,3.739770650863647461e+00,2.163684129714965820e+00,1.783862233161926270e+00,1.077457368373870850e-01
2.143572692871093750e+02,6.358796119689941406e+00,7.658792972564697266e+00,8.120299339294433594e+00,9.269824981689453125e+00,3.830389499664306641e+00,2.194293737411499023e+00,1.648074984550476074e+00,1.021449267864227295e-01
2.148580932617187500e+02,6.253880023956298828e+00,7.632081031799316406e+00,8.189714431762695312e+00,9.278067588806152344e+00,3.912908554077148438e+00,2.223622083663940430e+00,1.538910269737243652e+00,9.687788784503936768e-02
2.153589324951171875e+02,6.159650802612304688e+00,7.607696056365966797e+00,8.244310379028320312e+00,9.286038398742675781e+00,3.987572431564331055e+00,2.251587152481079102e+00,1.451142430305480957e+00,9.197387099266052246e-02
2.158597717285156250e+02,6.074535369873046875e+00,7.585228919982910156e+00,8.287563323974609375e+00,9.293687820434570312e+00,4.055282592773437500e+00,2.278230667114257812e+00,1.380500555038452148e+00,8.744399994611740112e-02
2.163605957031250000e+02,5.997560977935791016e+00,7.564462661743164062e+00,8.322095870971679688e+00,9.300964355468750000e+00,4.116711616516113281e+00,2.303531169891357422e+00,1.323471307754516602e+00,8.328653872013092041e-02
2.168614349365234375e+02,5.928649425506591797e+00,7.545361518859863281e+00,8.349875450134277344e+00,9.307828903198242188e+00,4.172107696533203125e+00,2.327361583709716797e+00,1.277226805686950684e+00,7.948929071426391602e-02
2.173622741699218750e+02,5.866333007812500000e+00,7.527692794799804688e+00,8.372321128845214844e+00,9.314280509948730469e+00,4.222352027893066406e+00,2.349828720092773438e+00,1.239643454551696777e+00,7.603601366281509399e-02
2.178630981445312500e+02,5.809935092926025391e+00,7.511364459991455078e+00,8.390542984008789062e+00,9.320312500000000000e+00,4.267959594726562500e+00,2.370939254760742188e+00,1.209010362625122070e+00,7.290618121623992920e-02
2.183639373779296875e+02,5.759746551513671875e+00,7.496438026428222656e+00,8.405411720275878906e+00,9.325914382934570312e+00,4.308975219726562500e+00,2.390582323074340820e+00,1.183932185173034668e+00,7.007627189159393311e-02
2.188647766113281250e+02,5.714415073394775391e+00,7.482701301574707031e+00,8.417556762695312500e+00,9.331107139587402344e+00,4.346179008483886719e+00,2.408919095993041992e+00,1.163402318954467773e+00,6.752407550811767578e-02
2.193656158447265625e+02,5.673741340637207031e+00,7.470128536224365234e+00,8.427502632141113281e+00,9.335903167724609375e+00,4.379816055297851562e+00,2.425947189331054688e+00,1.146558284759521484e+00,6.522550433874130249e-02
2.198664398193359375e+02,5.636976718902587891e+00,7.458598136901855469e+00,8.435648918151855469e+00,9.340326309204101562e+00,4.410351276397705078e+00,2.441763877868652344e+00,1.132745385169982910e+00,6.315872818231582642e-02
2.203672790527343750e+02,5.604690074920654297e+00,7.448204040527343750e+00,8.442346572875976562e+00,9.344373703002929688e+00,4.437656402587890625e+00,2.456267833709716797e+00,1.121373176574707031e+00,6.130133196711540222e-02
2.208681182861328125e+02,5.575574398040771484e+00,7.438710689544677734e+00,8.447831153869628906e+00,9.348091125488281250e+00,4.462415695190429688e+00,2.469669342041015625e+00,1.112049341201782227e+00,5.963427573442459106e-02
2.213689422607421875e+02,5.549247741699218750e+00,7.430047512054443359e+00,8.452320098876953125e+00,9.351492881774902344e+00,4.484901428222656250e+00,2.482035875320434570e+00,1.104422450065612793e+00,5.813872441649436951e-02
2.218697814941406250e+02,5.526425361633300781e+00,7.422324180603027344e+00,8.456003189086914062e+00,9.354587554931640625e+00,4.504887104034423828e+00,2.493264913558959961e+00,1.098148584365844727e+00,5.679691955447196960e-02
2.223706207275390625e+02,5.505825042724609375e+00,7.415305137634277344e+00,8.459004402160644531e+00,9.357412338256835938e+00,4.523011684417724609e+00,2.503579139709472656e+00,1.093036174774169922e+00,5.559402331709861755e-02
2.228714599609375000e+02,5.487505912780761719e+00,7.408977031707763672e+00,8.461445808410644531e+00,9.359982490539550781e+00,4.539327621459960938e+00,2.512996912002563477e+00,1.088874697685241699e+00,5.451590195298194885e-02
2.233722839355468750e+02,5.470870018005371094e+00,7.403223037719726562e+00,8.463418960571289062e+00,9.362320899963378906e+00,4.554154872894287109e+00,2.521626234054565430e+00,1.085515022277832031e+00,5.354981124401092529e-02
2.238731231689453125e+02,5.456781387329101562e+00,7.398177146911621094e+00,8.465022087097167969e+00,9.364433288574218750e+00,4.567195892333984375e+00,2.529363393783569336e+00,1.082773208618164062e+00,5.268375948071479797e-02
2.243739624023437500e+02,5.443990707397460938e+00,7.393597126007080078e+00,8.466305732727050781e+00,9.366353034973144531e+00,4.579030990600585938e+00,2.536437749862670898e+00,1.080585360527038574e+00,5.190794169902801514e-02
2.248747863769531250e+02,5.432287693023681641e+00,7.389431476593017578e+00,8.467322349548339844e+00,9.368093490600585938e+00,4.589809894561767578e+00,2.542906045913696289e+00,1.078854918479919434e+00,5.121278017759323120e-02
2.253756256103515625e+02,5.422617912292480469e+00,7.385831356048583984e+00,8.468132972717285156e+00,9.369658470153808594e+00,4.599189758300781250e+00,2.548640489578247070e+00,1.077459931373596191e+00,5.058998987078666687e-02
2.258764648437500000e+02,5.413761615753173828e+00,7.382555961608886719e+00,8.468763351440429688e+00,9.371078491210937500e+00,4.607716560363769531e+00,2.553879261016845703e+00,1.076381206512451172e+00,5.003243684768676758e-02
2.263772888183593750e+02,5.405545234680175781e+00,7.379567146301269531e+00,8.469244956970214844e+00,9.372362136840820312e+00,4.615514755249023438e+00,2.558664798736572266e+00,1.075566768646240234e+00,4.953304678201675415e-02
2.268781280517578125e+02,5.398988723754882812e+00,7.377028942108154297e+00,8.469621658325195312e+00,9.373511314392089844e+00,4.622203826904296875e+00,2.562855005264282227e+00,1.074918389320373535e+00,4.908568412065505981e-02
2.273789672851562500e+02,5.392895221710205078e+00,7.374710559844970703e+00,8.469893455505371094e+00,9.374551773071289062e+00,4.628310680389404297e+00,2.566684961318969727e+00,1.074453830718994141e+00,4.868530482053756714e-02
2.278798065185546875e+02,5.387512683868408203e+00,7.372648715972900391e+00,8.470087051391601562e+00,9.375487327575683594e+00,4.633770942687988281e+00,2.570123434066772461e+00,1.074114203453063965e+00,4.832686111330986023e-02
2.283806304931640625e+02,5.382380008697509766e+00,7.370745658874511719e+00,8.470214843750000000e+00,9.376335144042968750e+00,4.638803958892822266e+00,2.573278427124023438e+00,1.073899865150451660e+00,4.800640046596527100e-02
2.288814697265625000e+02,5.378561019897460938e+00,7.369188308715820312e+00,8.470305442810058594e+00,9.377084732055664062e+00,4.643009662628173828e+00,2.575983762741088867e+00,1.073737740516662598e+00,4.771922901272773743e-02
2.293823089599609375e+02,5.374891757965087891e+00,7.367742538452148438e+00,8.470351219177246094e+00,9.377764701843261719e+00,4.646881580352783203e+00,2.578466653823852539e+00,1.073656558990478516e+00,4.746257886290550232e-02
2.298831329345703125e+02,8.643872261047363281e+00,1.850672245025634766e+00,8.796010971069335938e+00,9.469002723693847656e+00,5.483179092407226562e-01,6.633190631866455078e+00,8.950304985046386719e-01,3.689441084861755371e-02
2.303839721679687500e+02,8.442479133605957031e+00,2.556601524353027344e+00,8.638864517211914062e+00,9.462861061096191406e+00,8.344202041625976562e-01,5.158762454986572266e+00,1.064638137817382812e+00,3.850805759429931641e-02
2.308848114013671875e+02,8.383755683898925781e+00,2.028168916702270508e+00,8.025945663452148438e+00,9.419137954711914062e+00,9.978027343750000000e-01,4.768000125885009766e+00,1.609694600105285645e+00,4.328848794102668762e-02
2.313856353759765625e+02,8.259705543518066406e+00,2.067984580993652344e+00,7.394169330596923828e+00,9.397654533386230469e+00,1.164576768875122070e+00,4.453616619110107422e+00,2.215561151504516602e+00,4.701307788491249084e-02
2.318864746093750000e+02,8.038082122802734375e+00,2.674943923950195312e+00,6.774460792541503906e+00,9.383691787719726562e+00,1.446898460388183594e+00,4.138146400451660156e+00,2.766672372817993164e+00,5.059555545449256897e-02
2.323873138427734375e+02,7.721165180206298828e+00,4.081519126892089844e+00,6.365231037139892578e+00,9.372060775756835938e+00,1.839859604835510254e+00,3.756747484207153320e+00,3.156479358673095703e+00,5.418101698160171509e-02
2.328881530761718750e+02,7.488409042358398438e+00,5.726057529449462891e+00,6.312918663024902344e+00,9.361070632934570312e+00,2.204507589340209961e+00,3.364643812179565430e+00,3.382151126861572266e+00,5.791838839650154114e-02
2.333889770507812500e+02,7.392134666442871094e+00,6.707742691040039062e+00,6.456750392913818359e+00,9.351504325866699219e+00,2.505006313323974609e+00,3.039530992507934570e+00,3.449329853057861328e+00,6.142839789390563965e-02
2.338898162841796875e+02,7.318667888641357422e+00,7.166394233703613281e+00,6.652974605560302734e+00,9.344135284423828125e+00,2.737190961837768555e+00,2.775695562362670898e+00,3.372032403945922852e+00,6.426478177309036255e-02
2.343906555175781250e+02,7.235073089599609375e+00,7.397054195404052734e+00,6.876079082489013672e+00,9.338463783264160156e+00,2.922555208206176758e+00,2.581750154495239258e+00,3.204362392425537109e+00,6.649470329284667969e-02
2.348914794921875000e+02,7.141193866729736328e+00,7.523864746093750000e+00,7.106798171997070312e+00,9.334041595458984375e+00,3.079435110092163086e+00,2.447161912918090820e+00,2.988973617553710938e+00,6.821630150079727173e-02
2.353923187255859375e+02,7.107153415679931641e+00,7.876164913177490234e+00,8.186319351196289062e+00,9.010402679443359375e+00,2.772838115692138672e+00,1.827537298202514648e+00,1.551830530166625977e+00,3.361061215400695801e-01
2.358931579589843750e+02,7.169991493225097656e+00,7.849927902221679688e+00,7.884685993194580078e+00,9.177638053894042969e+00,2.805531501770019531e+00,1.897687792778015137e+00,1.921802878379821777e+00,1.745352149009704590e-01
2.363939971923828125e+02,7.049946308135986328e+00,7.792425155639648438e+00,7.868599891662597656e+00,9.237133026123046875e+00,3.037172317504882812e+00,2.003113269805908203e+00,1.976570963859558105e+00,1.282582283020019531e-01
2.368948211669921875e+02,6.914763450622558594e+00,7.764264583587646484e+00,7.950362682342529297e+00,9.260622024536132812e+00,3.215653896331787109e+00,2.049904584884643555e+00,1.891696214675903320e+00,1.112734004855155945e-01
2.373956604003906250e+02,6.802764415740966797e+00,7.746698379516601562e+00,8.040374755859375000e+00,9.273146629333496094e+00,3.342493534088134766e+00,2.074956178665161133e+00,1.772506356239318848e+00,1.026136130094528198e-01
2.378964996337890625e+02,6.706503868103027344e+00,7.730482578277587891e+00,8.120306968688964844e+00,9.282384872436523438e+00,3.441724538803100586e+00,2.094809293746948242e+00,1.655256748199462891e+00,9.656181186437606812e-02
2.383973236083984375e+02,6.620415210723876953e+00,7.713791370391845703e+00,8.187710762023925781e+00,9.290487289428710938e+00,3.525763511657714844e+00,2.114283084869384766e+00,1.551094293594360352e+00,9.151554107666015625e-02
2.388981628417968750e+02,6.542913436889648438e+00,7.696768760681152344e+00,8.243618965148925781e+00,9.298039436340332031e+00,3.599411487579345703e+00,2.134268283843994141e+00,1.462054252624511719e+00,8.700673282146453857e-02
2.393990020751953125e+02,6.472749233245849609e+00,7.679733276367187500e+00,8.289669036865234375e+00,9.305214881896972656e+00,3.665038824081420898e+00,2.154656648635864258e+00,1.387286543846130371e+00,8.289006352424621582e-02
2.398998260498046875e+02,6.409325122833251953e+00,7.663019657135009766e+00,8.327531814575195312e+00,9.312047958374023438e+00,3.723834753036499023e+00,2.175058364868164062e+00,1.325009703636169434e+00,7.911239564418792725e-02
2.404006652832031250e+02,6.352640151977539062e+00,7.646974086761474609e+00,8.358701705932617188e+00,9.318519592285156250e+00,3.776322126388549805e+00,2.195023536682128906e+00,1.273286819458007812e+00,7.564648240804672241e-02
2.409015045166015625e+02,6.301637172698974609e+00,7.631671905517578125e+00,8.384361267089843750e+00,9.324644088745117188e+00,3.823463916778564453e+00,2.214357376098632812e+00,1.230450510978698730e+00,7.247344404458999634e-02
2.414023437500000000e+02,6.255989074707031250e+00,7.617255210876464844e+00,8.405516624450683594e+00,9.330405235290527344e+00,3.865741968154907227e+00,2.232842683792114258e+00,1.194987177848815918e+00,6.957495212554931641e-02
2.419031677246093750e+02,6.214994907379150391e+00,7.603742122650146484e+00,8.422965049743652344e+00,9.335816383361816406e+00,3.903776168823242188e+00,2.250390052795410156e+00,1.165649771690368652e+00,6.693349778652191162e-02
2.424040069580078125e+02,6.178841114044189453e+00,7.591276168823242188e+00,8.437391281127929688e+00,9.340854644775390625e+00,3.937671422958374023e+00,2.266807079315185547e+00,1.141347050666809082e+00,6.453093141317367554e-02
2.429048461914062500e+02,6.146481513977050781e+00,7.579735279083251953e+00,8.449299812316894531e+00,9.345551490783691406e+00,3.968170166015625000e+00,2.282183647155761719e+00,1.121255040168762207e+00,6.235061958432197571e-02
2.434056701660156250e+02,6.117497920989990234e+00,7.569108486175537109e+00,8.459131240844726562e+00,9.349912643432617188e+00,3.995647668838500977e+00,2.296518564224243164e+00,1.104650616645812988e+00,6.037522479891777039e-02
2.439065093994140625e+02,6.092216491699218750e+00,7.559477329254150391e+00,8.467260360717773438e+00,9.353936195373535156e+00,4.020049571990966797e+00,2.309690237045288086e+00,1.090907692909240723e+00,5.858754739165306091e-02
2.444073486328125000e+02,6.394497871398925781e+00,7.793712139129638672e+00,8.764859199523925781e+00,9.018488883972167969e+00,3.617361307144165039e+00,1.958553194999694824e+00,6.228918433189392090e-01,3.410884737968444824e-01
2.449081878662109375e+02,6.308784484863281250e+00,7.750569820404052734e+00,8.657330513000488281e+00,9.200387954711914062e+00,3.618887424468994141e+00,2.001055479049682617e+00,8.152285218238830566e-01,1.626794934272766113e-01
2.454090118408203125e+02,6.235318660736083984e+00,7.674458503723144531e+00,8.591422080993652344e+00,9.268752098083496094e+00,3.726616144180297852e+00,2.107813835144042969e+00,9.066350460052490234e-01,1.089777499437332153e-01
2.459098510742187500e+02,6.217029571533203125e+00,7.638409614562988281e+00,8.564996719360351562e+00,9.297942161560058594e+00,3.785543680191040039e+00,2.165417194366455078e+00,9.424084424972534180e-01,8.950569480657577515e-02
2.464106903076171875e+02,6.213679790496826172e+00,7.620059013366699219e+00,8.553869247436523438e+00,9.313894271850585938e+00,3.816985845565795898e+00,2.196892023086547852e+00,9.573247432708740234e-01,7.996907085180282593e-02
2.469115142822265625e+02,6.208063125610351562e+00,7.607959270477294922e+00,8.548229217529296875e+00,9.325097084045410156e+00,3.839991807937622070e+00,2.217863082885742188e+00,9.649544358253479004e-01,7.379785180091857910e-02
2.474123535156250000e+02,6.200170516967773438e+00,7.598484039306640625e+00,8.544588088989257812e+00,9.334136009216308594e+00,3.859721899032592773e+00,2.234272718429565430e+00,9.699943661689758301e-01,6.910331547260284424e-02
2.479131927490234375e+02,6.191170215606689453e+00,7.590350151062011719e+00,8.541750907897949219e+00,9.341876029968261719e+00,3.877761363983154297e+00,2.248397350311279297e+00,9.740384817123413086e-01,6.527142226696014404e-02
2.484140167236328125e+02,6.182134628295898438e+00,7.583151340484619141e+00,8.539307594299316406e+00,9.348639488220214844e+00,3.894360065460205078e+00,2.261005640029907227e+00,9.776053428649902344e-01,6.205537170171737671e-02
2.489148559570312500e+02,6.174156665802001953e+00,7.576838970184326172e+00,8.537128448486328125e+00,9.354575157165527344e+00,3.909209489822387695e+00,2.272256612777709961e+00,9.808296561241149902e-01,5.932411551475524902e-02
2.494156951904296875e+02,6.166733264923095703e+00,7.571190834045410156e+00,8.535143852233886719e+00,9.359809875488281250e+00,3.922783374786376953e+00,2.282447338104248047e+00,9.838058948516845703e-01,5.699107795953750610e-02
2.499165344238281250e+02,6.160066604614257812e+00,7.566161155700683594e+00,8.533337593078613281e+00,9.364423751831054688e+00,3.935053586959838867e+00,2.291635990142822266e+00,9.865498542785644531e-01,5.499012395739555359e-02
2.504173583984375000e+02,6.153876781463623047e+00,7.561641216278076172e+00,8.531683921813964844e+00,9.368499755859375000e+00,3.946254491806030273e+00,2.299966335296630859e+00,9.890953302383422852e-01,5.326886475086212158e-02
2.509181976318359375e+02,6.148759841918945312e+00,7.557705879211425781e+00,8.530184745788574219e+00,9.372085571289062500e+00,3.956090688705444336e+00,2.307360887527465820e+00,9.914028644561767578e-01,5.178302153944969177e-02
2.514190368652343750e+02,6.144011974334716797e+00,7.554172515869140625e+00,8.528812408447265625e+00,9.375252723693847656e+00,3.965041637420654297e+00,2.314046859741210938e+00,9.935353994369506836e-01,5.049773305654525757e-02
2.519198608398437500e+02,6.139553546905517578e+00,7.550981521606445312e+00,8.527559280395507812e+00,9.378056526184082031e+00,3.973208665847778320e+00,2.320096731185913086e+00,9.955027699470520020e-01,4.938315227627754211e-02
2.524207000732421875e+02,6.135995388031005859e+00,7.548235893249511719e+00,8.526430130004882812e+00,9.380519866943359375e+00,3.980285167694091797e+00,2.325415134429931641e+00,9.972770810127258301e-01,4.841427505016326904e-02
2.529215393066406250e+02,6.132645606994628906e+00,7.545764446258544922e+00,8.525399208068847656e+00,9.382702827453613281e+00,3.986727952957153320e+00,2.330218553543090820e+00,9.989072680473327637e-01,4.757038876414299011e-02
2.534223632812500000e+02,6.129436969757080078e+00,7.543522357940673828e+00,8.524460792541503906e+00,9.384637832641601562e+00,3.992617130279541016e+00,2.334562301635742188e+00,1.000401616096496582e+00,4.683422297239303589e-02
2.539232025146484375e+02,6.127011299133300781e+00,7.541619777679443359e+00,8.523619651794433594e+00,9.386336326599121094e+00,3.997633457183837891e+00,2.338340282440185547e+00,1.001737236976623535e+00,4.619057476520538330e-02
2.544240417480468750e+02,6.124670028686523438e+00,7.539901733398437500e+00,8.522854804992675781e+00,9.387842178344726562e+00,4.002218723297119141e+00,2.341755867004394531e+00,1.002961039543151855e+00,4.562750831246376038e-02
2.549248809814453125e+02,6.122589588165283203e+00,7.538370132446289062e+00,8.522162437438964844e+00,9.389173507690429688e+00,4.006305694580078125e+00,2.344799518585205078e+00,1.004070997238159180e+00,4.513400420546531677e-02
2.554257049560546875e+02,6.120516777038574219e+00,7.536969661712646484e+00,8.521533966064453125e+00,9.390355110168457031e+00,4.010073661804199219e+00,2.347559928894042969e+00,1.005089640617370605e+00,4.470117762684822083e-02
2.559265441894531250e+02,6.119108676910400391e+00,7.535823822021484375e+00,8.520975112915039062e+00,9.391392707824707031e+00,4.013185501098632812e+00,2.349917411804199219e+00,1.005984067916870117e+00,4.432084038853645325e-02
2.564273681640625000e+02,6.271467208862304688e+00,7.616751194000244141e+00,8.592920303344726562e+00,9.308293342590332031e+00,3.754731655120849609e+00,2.171528339385986328e+00,8.827448487281799316e-01,8.537113666534423828e-02
2.569282226562500000e+02,6.158306598663330078e+00,7.585247516632080078e+00,8.564627647399902344e+00,9.353506088256835938e+00,3.871657133102416992e+00,2.241596221923828125e+00,9.407250881195068359e-01,6.099558621644973755e-02
2.574290466308593750e+02,6.162510395050048828e+00,7.571764945983886719e+00,8.548469543457031250e+00,9.368453025817871094e+00,3.907192468643188477e+00,2.277181863784790039e+00,9.651046395301818848e-01,5.384928733110427856e-02
2.579298706054687500e+02,6.175677776336669922e+00,7.566359519958496094e+00,8.541377067565917969e+00,9.375035285949707031e+00,3.918268680572509766e+00,2.292750597000122070e+00,9.754801392555236816e-01,5.093994736671447754e-02
2.584307250976562500e+02,6.182370185852050781e+00,7.563279151916503906e+00,8.537678718566894531e+00,9.378921508789062500e+00,3.924531459808349609e+00,2.301208257675170898e+00,9.809450507164001465e-01,4.931352660059928894e-02
2.589315490722656250e+02,6.183397769927978516e+00,7.560727596282958984e+00,8.535276412963867188e+00,9.381805419921875000e+00,3.930543661117553711e+00,2.307266235351562500e+00,9.846276044845581055e-01,4.816208034753799438e-02
2.594323730468750000e+02,6.182703495025634766e+00,7.558607101440429688e+00,8.533452033996582031e+00,9.384170532226562500e+00,3.935963869094848633e+00,2.312052965164184570e+00,9.874787926673889160e-01,4.723934829235076904e-02
2.599332275390625000e+02,6.181707859039306641e+00,7.556825160980224609e+00,8.531948089599609375e+00,9.386195182800292969e+00,3.940711021423339844e+00,2.316055059432983398e+00,9.898580312728881836e-01,4.646103084087371826e-02
2.604340515136718750e+02,6.179693222045898438e+00,7.555063724517822266e+00,8.530635833740234375e+00,9.387977600097656250e+00,3.945502996444702148e+00,2.319764852523803711e+00,9.919697046279907227e-01,4.579190537333488464e-02
2.609349060058593750e+02,6.178579330444335938e+00,7.553678512573242188e+00,8.529503822326660156e+00,9.389524459838867188e+00,3.949340820312500000e+00,2.322859525680541992e+00,9.937793612480163574e-01,4.521120712161064148e-02
2.614357299804687500e+02,6.176728725433349609e+00,7.552267074584960938e+00,8.528491020202636719e+00,9.390899658203125000e+00,3.953241109848022461e+00,2.325801610946655273e+00,9.954257011413574219e-01,4.470608383417129517e-02
2.619365539550781250e+02,6.175426959991455078e+00,7.551105499267578125e+00,8.527604103088378906e+00,9.392105102539062500e+00,3.956507205963134766e+00,2.328323841094970703e+00,9.968567490577697754e-01,4.426544904708862305e-02
2.624374084472656250e+02,6.174707889556884766e+00,7.550170898437500000e+00,8.526830673217773438e+00,9.393154144287109375e+00,3.959157228469848633e+00,2.330458402633666992e+00,9.980981349945068359e-01,4.388013854622840881e-02
2.629382324218750000e+02,6.173245906829833984e+00,7.549160003662109375e+00,8.526130676269531250e+00,9.394094467163085938e+00,3.961978912353515625e+00,2.332546710968017578e+00,9.992442131042480469e-01,4.354351386427879333e-02
2.634390563964843750e+02,6.172314643859863281e+00,7.548351764678955078e+00,8.525521278381347656e+00,9.394916534423828125e+00,3.964276313781738281e+00,2.334306955337524414e+00,1.000234484672546387e+00,4.324847832322120667e-02
2.639399108886718750e+02,6.171934604644775391e+00,7.547732830047607422e+00,8.524991035461425781e+00,9.395628929138183594e+00,3.966057062149047852e+00,2.335764408111572266e+00,1.001085400581359863e+00,4.298987612128257751e-02
2.644407348632812500e+02,6.170772075653076172e+00,7.547000885009765625e+00,8.524504661560058594e+00,9.396277427673339844e+00,3.968100309371948242e+00,2.337249517440795898e+00,1.001887202262878418e+00,4.276327043771743774e-02
2.649415588378906250e+02,6.170115470886230469e+00,7.546444416046142578e+00,8.524085998535156250e+00,9.396837234497070312e+00,3.969702482223510742e+00,2.338474512100219727e+00,1.002570271492004395e+00,4.256429523229598999e-02
2.654424133300781250e+02,6.169980525970458984e+00,7.546049118041992188e+00,8.523724555969238281e+00,9.397322654724121094e+00,3.970867156982421875e+00,2.339451789855957031e+00,1.003150343894958496e+00,4.238937422633171082e-02
2.659432373046875000e+02,6.169038772583007812e+00,7.545511722564697266e+00,8.523386955261230469e+00,9.397768974304199219e+00,3.972359895706176758e+00,2.340510606765747070e+00,1.003711819648742676e+00,4.223591461777687073e-02
2.664440612792968750e+02,6.168577194213867188e+00,7.545125961303710938e+00,8.523097038269042969e+00,9.398154258728027344e+00,3.973474979400634766e+00,2.341361045837402344e+00,1.004183888435363770e+00,4.210101068019866943e-02
2.669449157714843750e+02,6.168618202209472656e+00,7.544887542724609375e+00,8.522849082946777344e+00,9.398483276367187500e+00,3.974206447601318359e+00,2.342004299163818359e+00,1.004574537277221680e+00,4.198198392987251282e-02
2.674457397460937500e+02,6.167832374572753906e+00,7.544484615325927734e+00,8.522613525390625000e+00,9.398790359497070312e+00,3.975316047668457031e+00,2.342770814895629883e+00,1.004972338676452637e+00,4.187770187854766846e-02
2.679465637207031250e+02,6.167507648468017578e+00,7.544219970703125000e+00,8.522415161132812500e+00,9.399053573608398438e+00,3.976087808609008789e+00,2.343355178833007812e+00,1.005296349525451660e+00,4.178565740585327148e-02
2.684474182128906250e+02,6.167674541473388672e+00,7.544086933135986328e+00,8.522248268127441406e+00,9.399277687072753906e+00,3.976514577865600586e+00,2.343767881393432617e+00,1.005556821823120117e+00,4.170446097850799561e-02
2.689482421875000000e+02,6.166995525360107422e+00,7.543777465820312500e+00,8.522081375122070312e+00,9.399494171142578125e+00,3.977355718612670898e+00,2.344330549240112305e+00,1.005842685699462891e+00,4.163336753845214844e-02
2.694490966796875000e+02,6.167215824127197266e+00,7.543694019317626953e+00,8.521953582763671875e+00,9.399661064147949219e+00,3.977642297744750977e+00,2.344629526138305664e+00,1.006038546562194824e+00,4.157032817602157593e-02
2.699499206542968750e+02,6.166588783264160156e+00,7.543432712554931641e+00,8.521821975708007812e+00,9.399830818176269531e+00,3.978350400924682617e+00,2.345087289810180664e+00,1.006264448165893555e+00,4.151520133018493652e-02
2.704507446289062500e+02,6.166408538818359375e+00,7.543292999267578125e+00,8.521716117858886719e+00,9.399971961975097656e+00,3.978770732879638672e+00,2.345403432846069336e+00,1.006439566612243652e+00,4.146647080779075623e-02
2.709515991210937500e+02,6.166702270507812500e+00,7.543264865875244141e+00,8.521632194519042969e+00,9.400087356567382812e+00,3.978885650634765625e+00,2.345576047897338867e+00,1.006566405296325684e+00,4.142327979207038879e-02
2.714524230957031250e+02,6.166138172149658203e+00,7.543053627014160156e+00,8.521536827087402344e+00,9.400206565856933594e+00,3.979449033737182617e+00,2.345924139022827148e+00,1.006731867790222168e+00,4.138557985424995422e-02
2.719532470703125000e+02,6.166010856628417969e+00,7.542954921722412109e+00,8.521464347839355469e+00,9.400300979614257812e+00,3.979738235473632812e+00,2.346140861511230469e+00,1.006851792335510254e+00,4.135219380259513855e-02
2.724541015625000000e+02,6.166350841522216797e+00,7.542971611022949219e+00,8.521409988403320312e+00,9.400378227233886719e+00,3.979741573333740234e+00,2.346228599548339844e+00,1.006932020187377930e+00,4.132255911827087402e-02
2.729549255371093750e+02,6.165828227996826172e+00,7.542795181274414062e+00,8.521341323852539062e+00,9.400463104248046875e+00,3.980204105377197266e+00,2.346499919891357422e+00,1.007051229476928711e+00,4.129684343934059143e-02
2.734557495117187500e+02,6.165736675262451172e+00,7.542724609375000000e+00,8.521290779113769531e+00,9.400528907775878906e+00,3.980406761169433594e+00,2.346648931503295898e+00,1.007135629653930664e+00,4.127393290400505066e-02
2.739566040039062500e+02,6.166111946105957031e+00,7.542763233184814453e+00,8.521255493164062500e+00,9.400576591491699219e+00,3.980331420898437500e+00,2.346678972244262695e+00,1.007182955741882324e+00,4.125353693962097168e-02
2.744574279785156250e+02,6.165614128112792969e+00,7.542617321014404297e+00,8.521205902099609375e+00,9.400638580322265625e+00,3.980726003646850586e+00,2.346897363662719727e+00,1.007274627685546875e+00,4.123595356941223145e-02
2.749582519531250000e+02,6.165548324584960938e+00,7.542568206787109375e+00,8.521172523498535156e+00,9.400685310363769531e+00,3.980865478515625000e+00,2.346998691558837891e+00,1.007331609725952148e+00,4.122037440538406372e-02
2.754591064453125000e+02,6.165943622589111328e+00,7.542625427246093750e+00,8.521151542663574219e+00,9.400713920593261719e+00,3.980734825134277344e+00,2.346984148025512695e+00,1.007353544235229492e+00,4.120624810457229614e-02
2.759599304199218750e+02,6.165466785430908203e+00,7.542493343353271484e+00,8.521111488342285156e+00,9.400759696960449219e+00,3.981082916259765625e+00,2.347169160842895508e+00,1.007427215576171875e+00,4.119431599974632263e-02
2.764607543945312500e+02,6.165419578552246094e+00,7.542461395263671875e+00,8.521089553833007812e+00,9.400791168212890625e+00,3.981180667877197266e+00,2.347239971160888672e+00,1.007463932037353516e+00,4.118348285555839539e-02
2.769616088867187500e+02,6.165829658508300781e+00,7.542532444000244141e+00,8.521079063415527344e+00,9.400808334350585938e+00,3.981014966964721680e+00,2.347198486328125000e+00,1.007474541664123535e+00,4.117378965020179749e-02
2.774624328613281250e+02,6.165366649627685547e+00,7.542407512664794922e+00,8.521050453186035156e+00,9.400843620300292969e+00,3.981327295303344727e+00,2.347357988357543945e+00,1.007532119750976562e+00,4.116563498973846436e-02
2.779632873535156250e+02,6.165778160095214844e+00,7.542486667633056641e+00,8.521044731140136719e+00,9.400856018066406250e+00,3.981148004531860352e+00,2.347298383712768555e+00,1.007530927658081055e+00,4.115805402398109436e-02
2.784641113281250000e+02,6.165320396423339844e+00,7.542368412017822266e+00,8.521018028259277344e+00,9.400883674621582031e+00,3.981443643569946289e+00,2.347445487976074219e+00,1.007581353187561035e+00,4.115172475576400757e-02
2.789649353027343750e+02,6.165288448333740234e+00,7.542351722717285156e+00,8.521006584167480469e+00,9.400899887084960938e+00,3.981501817703247070e+00,2.347486495971679688e+00,1.007603883743286133e+00,4.114587977528572083e-02
2.794657897949218750e+02,6.165713787078857422e+00,7.542436122894287109e+00,8.521004676818847656e+00,9.400904655456542969e+00,3.981297492980957031e+00,2.347414970397949219e+00,1.007594585418701172e+00,4.114068299531936646e-02
2.799666137695312500e+02,6.165262222290039062e+00,7.542322635650634766e+00,8.520984649658203125e+00,9.400928497314453125e+00,3.981576442718505859e+00,2.347546815872192383e+00,1.007639169692993164e+00,4.113638773560523987e-02
2.804674377441406250e+02,6.165241718292236328e+00,7.542309761047363281e+00,8.520975112915039062e+00,9.400938987731933594e+00,3.981617689132690430e+00,2.347571372985839844e+00,1.007653594017028809e+00,4.113246127963066101e-02
2.809682922363281250e+02,6.165671348571777344e+00,7.542399406433105469e+00,8.520977973937988281e+00,9.400938987731933594e+00,3.981399536132812500e+00,2.347492218017578125e+00,1.007638931274414062e+00,4.112877324223518372e-02
2.814691162109375000e+02,6.165228366851806641e+00,7.542289257049560547e+00,8.520958900451660156e+00,9.400958061218261719e+00,3.981666564941406250e+00,2.347614288330078125e+00,1.007676362991333008e+00,4.112590476870536804e-02
2.819699401855468750e+02,6.165207386016845703e+00,7.542281150817871094e+00,8.520953178405761719e+00,9.400966644287109375e+00,3.981696605682373047e+00,2.347632408142089844e+00,1.007686376571655273e+00,4.112318903207778931e-02
2.824707946777343750e+02,6.165644645690917969e+00,7.542375564575195312e+00,8.520957946777343750e+00,9.400964736938476562e+00,3.981470823287963867e+00,2.347544193267822266e+00,1.007667660713195801e+00,4.112055525183677673e-02
2.829716186523437500e+02,6.165201663970947266e+00,7.542268276214599609e+00,8.520943641662597656e+00,9.400979042053222656e+00,3.981730699539184570e+00,2.347664117813110352e+00,1.007704138755798340e+00,4.111870005726814270e-02
2.834724426269531250e+02,6.165184497833251953e+00,7.542263031005859375e+00,8.520941734313964844e+00,9.400985717773437500e+00,3.981751680374145508e+00,2.347675561904907227e+00,1.007710218429565430e+00,4.111684858798980713e-02
2.839732971191406250e+02,6.165623664855957031e+00,7.542358875274658203e+00,8.520947456359863281e+00,9.400979042053222656e+00,3.981517791748046875e+00,2.347581624984741211e+00,1.007688760757446289e+00,4.111503064632415771e-02
2.844741210937500000e+02,6.165184974670410156e+00,7.542256355285644531e+00,8.520934104919433594e+00,9.400993347167968750e+00,3.981770753860473633e+00,2.347695350646972656e+00,1.007722020149230957e+00,4.111371934413909912e-02
2.849749450683593750e+02,6.165168762207031250e+00,7.542251586914062500e+00,8.520930290222167969e+00,9.400997161865234375e+00,3.981789350509643555e+00,2.347702026367187500e+00,1.007728338241577148e+00,4.111247137188911438e-02
2.854757995605468750e+02,6.165609359741210938e+00,7.542350292205810547e+00,8.520937919616699219e+00,9.400989532470703125e+00,3.981549978256225586e+00,2.347606182098388672e+00,1.007702589035034180e+00,4.111110419034957886e-02
2.859766235351562500e+02,6.165172576904296875e+00,7.542245864868164062e+00,8.520926475524902344e+00,9.401002883911132812e+00,3.981800556182861328e+00,2.347716093063354492e+00,1.007736086845397949e+00,4.111032187938690186e-02
2.864774475097656250e+02,6.165158271789550781e+00,7.542243957519531250e+00,8.520924568176269531e+00,9.401005744934082031e+00,3.981816053390502930e+00,2.347724676132202148e+00,1.007738947868347168e+00,4.110952839255332947e-02
2.869783020019531250e+02,6.165598392486572266e+00,7.542342185974121094e+00,8.520933151245117188e+00,9.400998115539550781e+00,3.981575012207031250e+00,2.347623586654663086e+00,1.007715106010437012e+00,4.110858589410781860e-02
2.874791259765625000e+02,6.165162086486816406e+00,7.542240619659423828e+00,8.520920753479003906e+00,9.401008605957031250e+00,3.981822013854980469e+00,2.347733020782470703e+00,1.007744789123535156e+00,4.110801964998245239e-02
2.879799804687500000e+02,6.165599346160888672e+00,7.542337417602539062e+00,8.520930290222167969e+00,9.401000976562500000e+00,3.981584072113037109e+00,2.347631216049194336e+00,1.007719159126281738e+00,4.110724106431007385e-02
2.884808044433593750e+02,6.165159702301025391e+00,7.542238235473632812e+00,8.520916938781738281e+00,9.401013374328613281e+00,3.981831550598144531e+00,2.347740888595581055e+00,1.007747888565063477e+00,4.110696911811828613e-02
2.889816284179687500e+02,6.165147304534912109e+00,7.542234897613525391e+00,8.520915985107421875e+00,9.401015281677246094e+00,3.981841802597045898e+00,2.347743272781372070e+00,1.007749080657958984e+00,4.110649973154067993e-02
2.894824829101562500e+02,6.165589809417724609e+00,7.542333602905273438e+00,8.520927429199218750e+00,9.401005744934082031e+00,3.981598615646362305e+00,2.347640991210937500e+00,1.007724404335021973e+00,4.110587760806083679e-02
2.899833068847656250e+02,6.165154457092285156e+00,7.542233943939208984e+00,8.520913124084472656e+00,9.401017189025878906e+00,3.981841564178466797e+00,2.347748041152954102e+00,1.007750630378723145e+00,4.110565781593322754e-02
2.904841308593750000e+02,6.165143966674804688e+00,7.542231082916259766e+00,8.520913124084472656e+00,9.401018142700195312e+00,3.981851577758789062e+00,2.347750186920166016e+00,1.007750988006591797e+00,4.110528901219367981e-02
2.909849853515625000e+02,6.165587425231933594e+00,7.542330265045166016e+00,8.520924568176269531e+00,9.401007652282714844e+00,3.981606006622314453e+00,2.347646236419677734e+00,1.007727742195129395e+00,4.110478237271308899e-02
2.914858093261718750e+02,6.165152549743652344e+00,7.542229652404785156e+00,8.520911216735839844e+00,9.401019096374511719e+00,3.981850147247314453e+00,2.347754955291748047e+00,1.007753849029541016e+00,4.110478237271308899e-02
2.919866333007812500e+02,6.165140151977539062e+00,7.542228698730468750e+00,8.520911216735839844e+00,9.401020050048828125e+00,3.981858491897583008e+00,2.347756624221801758e+00,1.007754564285278320e+00,4.110452905297279358e-02
2.924874877929687500e+02,6.165585517883300781e+00,7.542328834533691406e+00,8.520922660827636719e+00,9.401010513305664062e+00,3.981612920761108398e+00,2.347651004791259766e+00,1.007729649543762207e+00,4.110413789749145508e-02
2.929883117675781250e+02,6.165149688720703125e+00,7.542228698730468750e+00,8.520910263061523438e+00,9.401022911071777344e+00,3.981854677200317383e+00,2.347759246826171875e+00,1.007756590843200684e+00,4.110415652394294739e-02
2.934891357421875000e+02,6.165138244628906250e+00,7.542226791381835938e+00,8.520910263061523438e+00,9.401022911071777344e+00,3.981863498687744141e+00,2.347760200500488281e+00,1.007756829261779785e+00,4.110402241349220276e-02
2.939899902343750000e+02,6.165583610534667969e+00,7.542325496673583984e+00,8.520922660827636719e+00,9.401013374328613281e+00,3.981616973876953125e+00,2.347654104232788086e+00,1.007731318473815918e+00,4.110369086265563965e-02
2.944908142089843750e+02,6.165147781372070312e+00,7.542227268218994141e+00,8.520908355712890625e+00,9.401022911071777344e+00,3.981857776641845703e+00,2.347761154174804688e+00,1.007758140563964844e+00,4.110382124781608582e-02
2.949916381835937500e+02,6.165137290954589844e+00,7.542226791381835938e+00,8.520908355712890625e+00,9.401022911071777344e+00,3.981865882873535156e+00,2.347761631011962891e+00,1.007758140563964844e+00,4.110372439026832581e-02
2.954924926757812500e+02,6.165581703186035156e+00,7.542324066162109375e+00,8.520922660827636719e+00,9.401013374328613281e+00,3.981619834899902344e+00,2.347656726837158203e+00,1.007732152938842773e+00,4.110343754291534424e-02
2.959933166503906250e+02,6.165146350860595703e+00,7.542225360870361328e+00,8.520908355712890625e+00,9.401024818420410156e+00,3.981862068176269531e+00,2.347762584686279297e+00,1.007758975028991699e+00,4.110355302691459656e-02
2.964941711425781250e+02,6.165585517883300781e+00,7.542324542999267578e+00,8.520921707153320312e+00,9.401013374328613281e+00,3.981619119644165039e+00,2.347657918930053711e+00,1.007732152938842773e+00,4.110325872898101807e-02
2.969949951171875000e+02,6.165147304534912109e+00,7.542225360870361328e+00,8.520907402038574219e+00,9.401024818420410156e+00,3.981862545013427734e+00,2.347763538360595703e+00,1.007758975028991699e+00,4.110341891646385193e-02
2.974958190917968750e+02,6.165135860443115234e+00,7.542224407196044922e+00,8.520908355712890625e+00,9.401024818420410156e+00,3.981869220733642578e+00,2.347763538360595703e+00,1.007758975028991699e+00,4.110333696007728577e-02
2.979966735839843750e+02,6.165581226348876953e+00,7.542323112487792969e+00,8.520920753479003906e+00,9.401013374328613281e+00,3.981622219085693359e+00,2.347658872604370117e+00,1.007732629776000977e+00,4.110308364033699036e-02
2.984974975585937500e+02,6.165145397186279297e+00,7.542224884033203125e+00,8.520906448364257812e+00,9.401025772094726562e+00,3.981864452362060547e+00,2.347764968872070312e+00,1.007759928703308105e+00,4.110327735543251038e-02
2.989983215332031250e+02,6.165134906768798828e+00,7.542224407196044922e+00,8.520907402038574219e+00,9.401025772094726562e+00,3.981870889663696289e+00,2.347765207290649414e+00,1.007759451866149902e+00,4.110322147607803345e-02
2.994991760253906250e+02,6.165580272674560547e+00,7.542323112487792969e+00,8.520920753479003906e+00,9.401015281677246094e+00,3.981623411178588867e+00,2.347660303115844727e+00,1.007732391357421875e+00,4.110299050807952881e-02
3.000000000000000000e+02,6.165144443511962891e+00,7.542224407196044922e+00,8.520906448364257812e+00,9.401025772094726562e+00,3.981864452362060547e+00,2.347765684127807617e+00,1.007760047912597656e+00,4.110314324498176575e-02
