time,theta_0,theta_1,theta_2,theta_3,theta_4,theta_5,theta_6,theta_7,theta_8,theta_9,theta_10,theta_11,theta_12,theta_13
5.008347034454345703e-01,5.000005245208740234e+00,5.000005245208740234e+00,5.000005245208740234e+00,5.000005245208740234e+00,5.000005245208740234e+00,5.000005245208740234e+00,5.000005245208740234e+00,5.000005245208740234e+00,5.000005245208740234e+00,5.000005245208740234e+00,5.000005245208740234e+00,5.000005245208740234e+00,5.000005245208740234e+00,5.000005245208740234e+00
1.001669406890869141e+00,5.000005245208740234e+00,5.000005245208740234e+00,5.000005245208740234e+00,5.000005245208740234e+00,5.000005245208740234e+00,5.000005245208740234e+00,5.000005245208740234e+00,5.000005245208740234e+00,5.000005245208740234e+00,5.000005245208740234e+00,5.000005245208740234e+00,5.000005245208740234e+00,5.000005245208740234e+00,5.000005245208740234e+00
1.502504229545593262e+00,5.000005245208740234e+00,5.000005245208740234e+00,5.000005245208740234e+00,5.000005245208740234e+00,5.000005245208740234e+00,5.000005245208740234e+00,5.000005245208740234e+00,5.000005245208740234e+00,5.000005245208740234e+00,5.000005245208740234e+00,5.000005245208740234e+00,5.000005245208740234e+00,5.000005245208740234e+00,5.000005245208740234e+00
2.003338813781738281e+00,5.000005245208740234e+00,5.000005245208740234e+00,5.000005245208740234e+00,5.000005245208740234e+00,5.000005245208740234e+00,5.000005245208740234e+00,5.000005245208740234e+00,5.000005245208740234e+00,5.000005245208740234e+00,5.000005245208740234e+00,5.000005245208740234e+00,5.000005245208740234e+00,5.000005245208740234e+00,5.000005245208740234e+00
2.504173517227172852e+00,5.000005245208740234e+00,5.000005245208740234e+00,5.000005245208740234e+00,5.000005245208740234e+00,5.000005245208740234e+00,5.000005245208740234e+00,5.000005245208740234e+00,5.000005245208740234e+00,5.000005245208740234e+00,5.000005245208740234e+00,5.000005245208740234e+00,5.000005245208740234e+00,5.000005245208740234e+00,5.000005245208740234e+00
3.005008459091186523e+00,5.000005245208740234e+00,5.000005245208740234e+00,5.000005245208740234e+00,5.000005245208740234e+00,5.000005245208740234e+00,5.000005245208740234e+00,5.000005245208740234e+00,5.000005245208740234e+00,5.000005245208740234e+00,5.000005245208740234e+00,5.000005245208740234e+00,5.000005245208740234e+00,5.000005245208740234e+00,5.000005245208740234e+00
3.505843162536621094e+00,5.000005245208740234e+00,5.000005245208740234e+00,5.000005245208740234e+00,5.000005245208740234e+00,5.000005245208740234e+00,5.000005245208740234e+00,5.000005245208740234e+00,5.000005245208740234e+00,5.000005245208740234e+00,5.000005245208740234e+00,5.000005245208740234e+00,5.000005245208740234e+00,5.000005245208740234e+00,5.000005245208740234e+00
4.006677627563476562e+00,5.000005245208740234e+00,5.000005245208740234e+00,5.000005245208740234e+00,5.000005245208740234e+00,5.000005245208740234e+00,5.000005245208740234e+00,5.000005245208740234e+00,5.000005245208740234e+00,5.000005245208740234e+00,5.000005245208740234e+00,5.000005245208740234e+00,5.000005245208740234e+00,5.000005245208740234e+00,5.000005245208740234e+00
4.507512569427490234e+00,5.000005245208740234e+00,5.000005245208740234e+00,5.000005245208740234e+00,5.000005245208740234e+00,5.000005245208740234e+00,5.000005245208740234e+00,5.000005245208740234e+00,5.000005245208740234e+00,5.000005245208740234e+00,5.000005245208740234e+00,5.000005245208740234e+00,5.000005245208740234e+00,5.000005245208740234e+00,5.000005245208740234e+00
5.008347034454345703e+00,5.000005245208740234e+00,5.000005245208740234e+00,5.000005245208740234e+00,5.000005245208740234e+00,5.000005245208740234e+00,5.000005245208740234e+00,5.000005245208740234e+00,5.000005245208740234e+00,5.000005245208740234e+00,5.000005245208740234e+00,5.000005245208740234e+00,5.000005245208740234e+00,5.000005245208740234e+00,5.000005245208740234e+00
5.509181976318359375e+00,5.000005245208740234e+00,5.000005245208740234e+00,5.000005245208740234e+00,5.000005245208740234e+00,5.000005245208740234e+00,5.000005245208740234e+00,5.000005245208740234e+00,5.000005245208740234e+00,5.000005245208740234e+00,5.000005245208740234e+00,5.000005245208740234e+00,5.000005245208740234e+00,5.000005245208740234e+00,5.000005245208740234e+00
6.010016918182373047e+00,5.000005245208740234e+00,5.000005245208740234e+00,5.000005245208740234e+00,5.000005245208740234e+00,5.000005245208740234e+00,5.000005245208740234e+00,5.000005245208740234e+00,5.000005245208740234e+00,5.000005245208740234e+00,5.000005245208740234e+00,5.000005245208740234e+00,5.000005245208740234e+00,5.000005245208740234e+00,5.000005245208740234e+00
6.510851383209228516e+00,5.000005245208740234e+00,5.000005245208740234e+00,5.000005245208740234e+00,5.000005245208740234e+00,5.000005245208740234e+00,5.000005245208740234e+00,5.000005245208740234e+00,5.000005245208740234e+00,5.000005245208740234e+00,5.000005245208740234e+00,5.000005245208740234e+00,5.000005245208740234e+00,5.000005245208740234e+00,5.000005245208740234e+00
7.011686325073242188e+00,5.000005245208740234e+00,5.000005245208740234e+00,5.000005245208740234e+00,5.000005245208740234e+00,5.000005245208740234e+00,5.000005245208740234e+00,5.000005245208740234e+00,5.000005245208740234e+00,5.000005245208740234e+00,5.000005245208740234e+00,5.000005245208740234e+00,5.000005245208740234e+00,5.000005245208740234e+00,5.000005245208740234e+00
7.512520790100097656e+00,5.000005245208740234e+00,5.000005245208740234e+00,5.000005245208740234e+00,5.000005245208740234e+00,5.000005245208740234e+00,5.000005245208740234e+00,5.000005245208740234e+00,5.000005245208740234e+00,5.000005245208740234e+00,5.000005245208740234e+00,5.000005245208740234e+00,5.000005245208740234e+00,5.000005245208740234e+00,5.000005245208740234e+00
8.013355255126953125e+00,5.000005245208740234e+00,5.000005245208740234e+00,5.000005245208740234e+00,5.000005245208740234e+00,5.000005245208740234e+00,5.000005245208740234e+00,5.000005245208740234e+00,5.000005245208740234e+00,5.000005245208740234e+00,5.000005245208740234e+00,5.000005245208740234e+00,5.000005245208740234e+00,5.000005245208740234e+00,5.000005245208740234e+00
8.514190673828125000e+00,5.000005245208740234e+00,5.000005245208740234e+00,5.000005245208740234e+00,5.000005245208740234e+00,5.000005245208740234e+00,5.000005245208740234e+00,5.000005245208740234e+00,5.000005245208740234e+00,5.000005245208740234e+00,5.000005245208740234e+00,5.000005245208740234e+00,5.000005245208740234e+00,5.000005245208740234e+00,5.000005245208740234e+00
9.015025138854980469e+00,5.000005245208740234e+00,5.000005245208740234e+00,5.000005245208740234e+00,5.000005245208740234e+00,5.000005245208740234e+00,5.000005245208740234e+00,5.000005245208740234e+00,5.000005245208740234e+00,5.000005245208740234e+00,5.000005245208740234e+00,5.000005245208740234e+00,5.000005245208740234e+00,5.000005245208740234e+00,5.000005245208740234e+00
9.515859603881835938e+00,5.000005245208740234e+00,5.000005245208740234e+00,5.000005245208740234e+00,5.000005245208740234e+00,5.000005245208740234e+00,1.202346205711364746e+00,6.480118036270141602e-01,5.679560184478759766e+00,6.598033905029296875e+00,5.000005245208740234e+00,5.000005245208740234e+00,8.266454696655273438e+00,4.497553825378417969e+00,3.542155742645263672e+00
1.001669406890869141e+01,5.000005245208740234e+00,5.000005245208740234e+00,5.000005245208740234e+00,5.000005245208740234e+00,5.000005245208740234e+00,2.277490377426147461e+00,7.298697829246520996e-01,1.856595754623413086e+00,3.110043525695800781e+00,5.000005245208740234e+00,5.000005245208740234e+00,7.613515853881835938e+00,7.557882308959960938e+00,7.030955314636230469e+00
1.051752948760986328e+01,5.000005245208740234e+00,5.000005245208740234e+00,5.000005245208740234e+00,5.000005245208740234e+00,5.000005245208740234e+00,2.676977872848510742e+00,9.133494496345520020e-01,2.667857170104980469e+00,3.345636129379272461e+00,5.000005245208740234e+00,5.000005245208740234e+00,7.425951480865478516e+00,7.019800186157226562e+00,6.612309455871582031e+00
1.101836395263671875e+01,5.000005245208740234e+00,5.000005245208740234e+00,5.000005245208740234e+00,5.000005245208740234e+00,5.000005245208740234e+00,2.807466030120849609e+00,9.414619207382202148e-01,3.160854339599609375e+00,3.840268850326538086e+00,5.000005245208740234e+00,5.000005245208740234e+00,7.362568855285644531e+00,6.532672405242919922e+00,6.142317771911621094e+00
1.151919841766357422e+01,5.000005245208740234e+00,5.000005245208740234e+00,5.000005245208740234e+00,5.000005245208740234e+00,5.000005245208740234e+00,2.851799964904785156e+00,9.473829865455627441e-01,3.661249637603759766e+00,4.149412631988525391e+00,5.000005245208740234e+00,5.000005245208740234e+00,7.341558933258056641e+00,6.328666210174560547e+00,5.782086372375488281e+00
1.202003383636474609e+01,5.000005245208740234e+00,5.000005245208740234e+00,5.000005245208740234e+00,5.000005245208740234e+00,5.000005245208740234e+00,2.867239952087402344e+00,9.493604302406311035e-01,4.022850036621093750e+00,4.418243885040283203e+00,5.000005245208740234e+00,5.000005245208740234e+00,7.334894180297851562e+00,5.995044708251953125e+00,5.600365161895751953e+00
1.252086830139160156e+01,5.000005245208740234e+00,5.000005245208740234e+00,5.000005245208740234e+00,5.000005245208740234e+00,5.000005245208740234e+00,2.872767686843872070e+00,9.500356912612915039e-01,4.420114517211914062e+00,4.590606212615966797e+00,5.000005245208740234e+00,5.000005245208740234e+00,7.333212375640869141e+00,5.838083744049072266e+00,5.435737609863281250e+00
1.302170276641845703e+01,5.000005245208740234e+00,5.000005245208740234e+00,5.000005245208740234e+00,5.000005245208740234e+00,5.000005245208740234e+00,2.874864101409912109e+00,9.502653479576110840e-01,4.587097644805908203e+00,4.724381923675537109e+00,5.000005245208740234e+00,5.000005245208740234e+00,7.333184719085693359e+00,5.455289363861083984e+00,5.320363998413085938e+00
1.352253723144531250e+01,5.000005245208740234e+00,5.000005245208740234e+00,5.000005245208740234e+00,5.000005245208740234e+00,5.000005245208740234e+00,2.875711202621459961e+00,9.503446817398071289e-01,4.816535949707031250e+00,4.834799766540527344e+00,5.000005245208740234e+00,5.000005245208740234e+00,7.333525657653808594e+00,5.254370212554931641e+00,5.245427131652832031e+00
1.402337265014648438e+01,5.000005245208740234e+00,5.000005245208740234e+00,5.000005245208740234e+00,5.000005245208740234e+00,5.000005245208740234e+00,2.875974893569946289e+00,9.503724575042724609e-01,5.014894008636474609e+00,4.921692371368408203e+00,5.000005245208740234e+00,5.000005245208740234e+00,7.333567619323730469e+00,5.085869789123535156e+00,5.189862728118896484e+00
1.452420711517333984e+01,5.000005245208740234e+00,5.000005245208740234e+00,5.000005245208740234e+00,5.000005245208740234e+00,5.000005245208740234e+00,2.875886678695678711e+00,9.503821730613708496e-01,5.184552192687988281e+00,4.990104198455810547e+00,5.000005245208740234e+00,5.000005245208740234e+00,7.333081245422363281e+00,4.942504882812500000e+00,5.146975040435791016e+00
1.502504158020019531e+01,5.000005245208740234e+00,5.000005245208740234e+00,5.000005245208740234e+00,5.000005245208740234e+00,5.000005245208740234e+00,2.875557899475097656e+00,9.503852128982543945e-01,5.328578948974609375e+00,5.044420242309570312e+00,5.000005245208740234e+00,5.000005245208740234e+00,7.332078456878662109e+00,4.819432735443115234e+00,5.113138198852539062e+00
1.552587604522705078e+01,5.000005245208740234e+00,5.000005245208740234e+00,5.000005245208740234e+00,5.000005245208740234e+00,5.000005245208740234e+00,2.875048637390136719e+00,9.503849744796752930e-01,5.450373172760009766e+00,5.087901592254638672e+00,5.000005245208740234e+00,5.000005245208740234e+00,7.330629825592041016e+00,4.713268280029296875e+00,5.085958003997802734e+00
1.602671051025390625e+01,5.000005245208740234e+00,5.000005245208740234e+00,5.000005245208740234e+00,5.000005245208740234e+00,5.000005245208740234e+00,2.874391794204711914e+00,9.503833651542663574e-01,5.553254604339599609e+00,5.123012542724609375e+00,5.000005245208740234e+00,5.000005245208740234e+00,7.328786373138427734e+00,4.621454238891601562e+00,5.063811302185058594e+00
1.652754592895507812e+01,5.000005245208740234e+00,5.000005245208740234e+00,5.000005245208740234e+00,5.000005245208740234e+00,5.000005245208740234e+00,2.873595714569091797e+00,9.503841400146484375e-01,5.640237331390380859e+00,5.151613712310791016e+00,5.000005245208740234e+00,5.000005245208740234e+00,7.326560497283935547e+00,4.541937351226806641e+00,5.045566558837890625e+00
1.702838134765625000e+01,5.000005245208740234e+00,5.000005245208740234e+00,5.000005245208740234e+00,5.000005245208740234e+00,5.000005245208740234e+00,2.872660398483276367e+00,9.503841400146484375e-01,5.713933467864990234e+00,5.175109863281250000e+00,5.000005245208740234e+00,5.000005245208740234e+00,7.323946952819824219e+00,4.472998619079589844e+00,5.030404567718505859e+00
1.752921485900878906e+01,5.000005245208740234e+00,5.000005245208740234e+00,5.000005245208740234e+00,4.311034977436065674e-01,1.068558931350708008e+00,3.184192657470703125e+00,1.535817265510559082e+00,5.909931659698486328e+00,5.244325160980224609e+00,5.000005245208740234e+00,8.799947738647460938e+00,7.169612884521484375e+00,4.470391273498535156e+00,5.038781166076660156e+00
1.803005027770996094e+01,5.000005245208740234e+00,5.000005245208740234e+00,5.000005245208740234e+00,3.574927806854248047e+00,9.049692749977111816e-01,1.973067283630371094e+00,3.780111372470855713e-01,5.893694400787353516e+00,5.236786365509033203e+00,5.000005245208740234e+00,6.178389549255371094e+00,8.191500663757324219e+00,4.483535289764404297e+00,5.056668281555175781e+00
1.853088569641113281e+01,5.000005245208740234e+00,5.000005245208740234e+00,5.000005245208740234e+00,4.765163898468017578e+00,1.221623897552490234e+00,1.997399091720581055e+00,9.029690623283386230e-01,5.885115623474121094e+00,5.277578353881835938e+00,5.000005245208740234e+00,5.629486083984375000e+00,7.719319343566894531e+00,4.475392818450927734e+00,5.049849510192871094e+00
1.903171920776367188e+01,5.000005245208740234e+00,5.000005245208740234e+00,5.000005245208740234e+00,5.172168731689453125e+00,1.266963601112365723e+00,2.192213773727416992e+00,9.261531829833984375e-01,5.776208400726318359e+00,5.264751911163330078e+00,5.000005245208740234e+00,5.438857555389404297e+00,7.637958049774169922e+00,4.577451705932617188e+00,5.048718929290771484e+00
1.953255462646484375e+01,5.000005245208740234e+00,5.000005245208740234e+00,5.000005245208740234e+00,5.360421657562255859e+00,1.279440999031066895e+00,2.361161947250366211e+00,9.316221475601196289e-01,5.630850791931152344e+00,5.226083755493164062e+00,5.000005245208740234e+00,5.421545505523681641e+00,7.550150394439697266e+00,4.690154552459716797e+00,5.058267593383789062e+00
2.003338813781738281e+01,5.000005245208740234e+00,5.000005245208740234e+00,5.000005245208740234e+00,5.613751411437988281e+00,1.283658623695373535e+00,2.487511157989501953e+00,9.374695420265197754e-01,5.509098529815673828e+00,5.182351112365722656e+00,5.000005245208740234e+00,5.623534202575683594e+00,7.484672546386718750e+00,4.771667003631591797e+00,5.072495937347412109e+00
2.053422355651855469e+01,5.000005245208740234e+00,5.000005245208740234e+00,5.000005245208740234e+00,5.399340629577636719e+00,1.285234093666076660e+00,2.578785896301269531e+00,9.415318965911865234e-01,5.433784961700439453e+00,5.147068977355957031e+00,5.000005245208740234e+00,5.353487491607666016e+00,7.439240932464599609e+00,4.813101768493652344e+00,5.084702968597412109e+00
2.103505897521972656e+01,5.000005245208740234e+00,5.000005245208740234e+00,5.000005245208740234e+00,5.374917030334472656e+00,1.285769224166870117e+00,2.641527891159057617e+00,9.441916942596435547e-01,5.402090549468994141e+00,5.122388362884521484e+00,5.000005245208740234e+00,5.315866470336914062e+00,7.397278308868408203e+00,4.818252086639404297e+00,5.088373661041259766e+00
2.153589248657226562e+01,5.000005245208740234e+00,5.000005245208740234e+00,5.000005245208740234e+00,5.489604473114013672e+00,1.285961747169494629e+00,2.686589717864990234e+00,9.459381103515625000e-01,5.406723022460937500e+00,5.112751960754394531e+00,5.000005245208740234e+00,5.439996719360351562e+00,7.364627838134765625e+00,4.798757076263427734e+00,5.088116168975830078e+00
2.203672790527343750e+01,5.000005245208740234e+00,5.000005245208740234e+00,5.000005245208740234e+00,5.502042293548583984e+00,1.286033868789672852e+00,2.723045825958251953e+00,9.471063613891601562e-01,5.435395240783691406e+00,5.113563537597656250e+00,5.000005245208740234e+00,5.452513217926025391e+00,7.349268436431884766e+00,4.761851310729980469e+00,5.083327293395996094e+00
2.253756332397460938e+01,5.000005245208740234e+00,5.000005245208740234e+00,5.000005245208740234e+00,5.461058616638183594e+00,1.286068201065063477e+00,2.752826929092407227e+00,9.479140639305114746e-01,5.479496955871582031e+00,5.121573448181152344e+00,5.000005245208740234e+00,5.406373977661132812e+00,7.343797206878662109e+00,4.714739799499511719e+00,5.075529575347900391e+00
2.303839683532714844e+01,5.000005245208740234e+00,5.000005245208740234e+00,5.000005245208740234e+00,5.416035175323486328e+00,1.286090135574340820e+00,2.776345729827880859e+00,9.484900236129760742e-01,5.531866073608398438e+00,5.133863449096679688e+00,5.000005245208740234e+00,5.356047153472900391e+00,7.340980052947998047e+00,4.662056922912597656e+00,5.065928459167480469e+00
2.353923225402832031e+01,5.000005245208740234e+00,5.000005245208740234e+00,5.000005245208740234e+00,5.394417762756347656e+00,1.286144137382507324e+00,2.794445037841796875e+00,9.489176869392395020e-01,5.587613582611083984e+00,5.148331642150878906e+00,5.000005245208740234e+00,5.331908226013183594e+00,7.337756633758544922e+00,4.607239246368408203e+00,5.055514335632324219e+00
2.404006767272949219e+01,5.000005245208740234e+00,5.000005245208740234e+00,5.000005245208740234e+00,5.396534442901611328e+00,1.286341190338134766e+00,2.808392763137817383e+00,9.492576122283935547e-01,5.643454074859619141e+00,5.163533210754394531e+00,5.000005245208740234e+00,5.334274291992187500e+00,7.334027290344238281e+00,4.552628517150878906e+00,5.044967174530029297e+00
2.454090118408203125e+01,5.000005245208740234e+00,5.000005245208740234e+00,5.000005245208740234e+00,5.402108669281005859e+00,1.287085294723510742e+00,2.819369316101074219e+00,9.495779871940612793e-01,5.697303295135498047e+00,5.178553104400634766e+00,5.000005245208740234e+00,5.340679645538330078e+00,7.330512046813964844e+00,4.499798774719238281e+00,5.034728527069091797e+00
2.504173660278320312e+01,5.000005245208740234e+00,5.000005245208740234e+00,5.000005245208740234e+00,5.401876449584960938e+00,1.289957642555236816e+00,2.828059673309326172e+00,9.499754905700683594e-01,5.747939109802246094e+00,5.192843914031982422e+00,5.000005245208740234e+00,5.341722965240478516e+00,7.327207565307617188e+00,4.449742317199707031e+00,5.025060653686523438e+00
2.554257011413574219e+01,5.000005245208740234e+00,5.000005245208740234e+00,5.000005245208740234e+00,5.395570278167724609e+00,1.300633072853088379e+00,2.834951639175415039e+00,9.506879448890686035e-01,5.794726848602294922e+00,5.206116676330566406e+00,5.000005245208740234e+00,5.340947628021240234e+00,7.323971271514892578e+00,4.403035640716552734e+00,5.016100883483886719e+00
2.604340553283691406e+01,5.000005245208740234e+00,5.000005245208740234e+00,5.000005245208740234e+00,5.370279788970947266e+00,1.335973143577575684e+00,2.840480327606201172e+00,9.519051909446716309e-01,5.837414741516113281e+00,5.218241691589355469e+00,5.000005245208740234e+00,5.354099273681640625e+00,7.320680141448974609e+00,4.359961986541748047e+00,5.007908344268798828e+00
2.654424095153808594e+01,5.000005245208740234e+00,5.000005245208740234e+00,5.000005245208740234e+00,5.262086391448974609e+00,1.435730576515197754e+00,2.845011472702026367e+00,9.534794092178344727e-01,5.875997066497802734e+00,5.229186534881591797e+00,5.000005245208740234e+00,5.444196701049804688e+00,7.317223072052001953e+00,4.320611953735351562e+00,5.000491619110107422e+00
2.704507446289062500e+01,5.000005245208740234e+00,5.000005245208740234e+00,5.000005245208740234e+00,4.965555667877197266e+00,1.682160139083862305e+00,2.848783016204833984e+00,9.555434584617614746e-01,5.910626888275146484e+00,5.238989353179931641e+00,5.000005245208740234e+00,5.673244953155517578e+00,7.313562870025634766e+00,4.284920215606689453e+00,4.993822574615478516e+00
2.754590988159179688e+01,5.000005245208740234e+00,5.000005245208740234e+00,5.000005245208740234e+00,4.562123298645019531e+00,2.272005558013916016e+00,2.852023601531982422e+00,9.597069621086120605e-01,5.941578865051269531e+00,5.247734546661376953e+00,5.000005245208740234e+00,5.895657062530517578e+00,7.309632301330566406e+00,4.252691745758056641e+00,4.987842559814453125e+00
2.804674530029296875e+01,5.000005245208740234e+00,5.000005245208740234e+00,5.000005245208740234e+00,4.793050289154052734e+00,3.658492565155029297e+00,2.856459379196166992e+00,9.620618224143981934e-01,5.969063758850097656e+00,5.255462646484375000e+00,5.000005245208740234e+00,5.573823928833007812e+00,7.304396629333496094e+00,4.223816871643066406e+00,4.982536792755126953e+00
2.854757881164550781e+01,5.000005245208740234e+00,5.000005245208740234e+00,5.000005245208740234e+00,5.944971084594726562e+00,5.503988742828369141e+00,2.858325004577636719e+00,9.514009356498718262e-01,5.993213653564453125e+00,5.262162685394287109e+00,5.000005245208740234e+00,4.452910900115966797e+00,7.300617694854736328e+00,4.198305130004882812e+00,4.977960109710693359e+00
2.904841423034667969e+01,5.000005245208740234e+00,5.000005245208740234e+00,5.000005245208740234e+00,6.883591175079345703e+00,6.707274913787841797e+00,2.855915307998657227e+00,9.388073682785034180e-01,6.014611244201660156e+00,5.268070220947265625e+00,5.000005245208740234e+00,3.355180501937866211e+00,7.298455238342285156e+00,4.175577640533447266e+00,4.973932743072509766e+00
2.954924964904785156e+01,5.000005245208740234e+00,5.000005245208740234e+00,5.000005245208740234e+00,6.559649944305419922e+00,6.493711948394775391e+00,2.853631734848022461e+00,9.342185258865356445e-01,6.033697605133056641e+00,5.273354053497314453e+00,5.000005245208740234e+00,3.693083524703979492e+00,7.293975353240966797e+00,4.155162811279296875e+00,4.970306396484375000e+00
3.005008316040039062e+01,5.000005245208740234e+00,5.000005245208740234e+00,5.000005245208740234e+00,5.620594501495361328e+00,5.631440639495849609e+00,2.852140903472900391e+00,9.353686571121215820e-01,6.050642967224121094e+00,5.278050422668457031e+00,5.000005245208740234e+00,4.558546066284179688e+00,7.287261009216308594e+00,4.136919498443603516e+00,4.967061519622802734e+00
3.055091857910156250e+01,5.000005245208740234e+00,5.000005245208740234e+00,5.000005245208740234e+00,5.216253757476806641e+00,5.225640773773193359e+00,2.850514411926269531e+00,9.375514984130859375e-01,6.065595626831054688e+00,5.282186508178710938e+00,5.000005245208740234e+00,4.859566211700439453e+00,7.279545307159423828e+00,4.120731830596923828e+00,4.964195251464843750e+00
3.105175209045410156e+01,5.000005245208740234e+00,5.000005245208740234e+00,5.000005245208740234e+00,5.075750350952148438e+00,5.079635620117187500e+00,2.848489999771118164e+00,9.395757317543029785e-01,6.078769207000732422e+00,5.285818576812744141e+00,5.000005245208740234e+00,4.952397346496582031e+00,7.271087169647216797e+00,4.106403827667236328e+00,4.961671829223632812e+00
3.155258750915527344e+01,5.000005245208740234e+00,5.000005245208740234e+00,5.000005245208740234e+00,5.026560306549072266e+00,5.027979373931884766e+00,2.846047401428222656e+00,9.413179755210876465e-01,6.090366840362548828e+00,5.289008617401123047e+00,5.000005245208740234e+00,4.983498096466064453e+00,7.261881828308105469e+00,4.093734264373779297e+00,4.959451675415039062e+00
3.205342102050781250e+01,5.000005245208740234e+00,5.000005245208740234e+00,5.000005245208740234e+00,5.009277820587158203e+00,5.009764671325683594e+00,2.843187570571899414e+00,9.427827596664428711e-01,6.100576400756835938e+00,5.291807651519775391e+00,5.000005245208740234e+00,4.994263648986816406e+00,7.251892089843750000e+00,4.082540035247802734e+00,4.957499027252197266e+00
3.255425643920898438e+01,5.000005245208740234e+00,5.000005245208740234e+00,5.000005245208740234e+00,5.003224849700927734e+00,5.003384113311767578e+00,2.839923143386840820e+00,9.440326690673828125e-01,6.109561443328857422e+00,5.294268131256103516e+00,5.000005245208740234e+00,4.998013973236083984e+00,7.241094112396240234e+00,4.072655200958251953e+00,4.955780982971191406e+00
3.305509185791015625e+01,5.000005245208740234e+00,5.000005245208740234e+00,5.000005245208740234e+00,5.001116752624511719e+00,5.001166343688964844e+00,2.836270809173583984e+00,9.450712800025939941e-01,6.117471694946289062e+00,5.296429634094238281e+00,5.000005245208740234e+00,4.999317646026611328e+00,7.229491710662841797e+00,4.063930034637451172e+00,4.954272270202636719e+00
3.355592727661132812e+01,5.000005245208740234e+00,5.000005245208740234e+00,5.000005245208740234e+00,5.000387191772460938e+00,5.000401496887207031e+00,2.832252740859985352e+00,9.459528326988220215e-01,6.124433994293212891e+00,5.298328399658203125e+00,5.000005245208740234e+00,4.999769210815429688e+00,7.217109203338623047e+00,4.056229114532470703e+00,4.952945232391357422e+00
3.405676269531250000e+01,5.000005245208740234e+00,5.000005245208740234e+00,5.000005245208740234e+00,5.000135898590087891e+00,5.000139713287353516e+00,2.827895164489746094e+00,9.466914534568786621e-01,6.130561351776123047e+00,5.300000667572021484e+00,5.000005245208740234e+00,4.999924182891845703e+00,7.203993797302246094e+00,4.049437046051025391e+00,4.951776981353759766e+00
3.455759429931640625e+01,3.255267143249511719e-01,4.763315200805664062e+00,8.793674468994140625e+00,8.686069488525390625e+00,8.918752670288085938e+00,7.838939666748046875e+00,8.591423034667968750e+00,6.198671340942382812e+00,5.325634479522705078e+00,8.899791717529296875e+00,1.010521769523620605e+00,2.157196044921875000e+00,4.004907608032226562e+00,4.931909084320068359e+00
3.505842971801757812e+01,1.046720862388610840e+00,5.340118408203125000e+00,9.562131881713867188e+00,9.485506057739257812e+00,9.676350593566894531e+00,9.712149620056152344e+00,9.865254402160644531e+00,6.387850284576416016e+00,5.423429012298583984e+00,8.495025634765625000e+00,2.881499528884887695e-01,1.601800471544265747e-01,3.745451211929321289e+00,4.838382720947265625e+00
3.555926513671875000e+01,1.889448642730712891e+00,2.261490583419799805e+00,8.283458709716796875e+00,8.959788322448730469e+00,9.114354133605957031e+00,8.825155258178710938e+00,9.103463172912597656e+00,6.465184211730957031e+00,5.492205142974853516e+00,7.914571762084960938e+00,6.522566676139831543e-01,8.852679133415222168e-01,3.656247854232788086e+00,4.774356842041015625e+00
3.606010055541992188e+01,2.635289430618286133e+00,8.123405575752258301e-01,2.708513021469116211e+00,6.706409454345703125e+00,2.911333322525024414e+00,6.581951618194580078e+00,2.341904401779174805e+00,6.188602447509765625e+00,5.346807956695556641e+00,7.327697753906250000e+00,4.322148323059082031e+00,4.770171165466308594e+00,4.025154590606689453e+00,4.911849975585937500e+00
3.656093597412109375e+01,3.415045738220214844e+00,5.665007233619689941e-01,1.527531266212463379e+00,5.810517787933349609e+00,1.350693345069885254e+00,5.995350837707519531e+00,1.055045247077941895e+00,6.139867305755615234e+00,5.319302082061767578e+00,6.773701667785644531e+00,5.555893898010253906e+00,5.610676765441894531e+00,4.100080490112304688e+00,4.936025619506835938e+00
3.706177139282226562e+01,4.100616931915283203e+00,5.189234018325805664e-01,1.164008736610412598e+00,5.185289859771728516e+00,8.475657105445861816e-01,5.573582649230957031e+00,6.115463972091674805e-01,6.125326156616210938e+00,5.310539722442626953e+00,6.298406600952148438e+00,5.943082332611083984e+00,5.985843181610107422e+00,4.130359649658203125e+00,4.945550441741943359e+00
3.756260299682617188e+01,4.673810958862304688e+00,5.132629871368408203e-01,9.945644736289978027e-01,4.768323421478271484e+00,6.032238006591796875e-01,5.009825229644775391e+00,3.120879232883453369e-01,6.118328094482421875e+00,5.304236412048339844e+00,5.901913642883300781e+00,6.097972393035888672e+00,6.259810924530029297e+00,4.159694671630859375e+00,4.953248023986816406e+00
3.806343841552734375e+01,5.160789966583251953e+00,5.213980078697204590e-01,9.040165543556213379e-01,4.530597209930419922e+00,5.194414854049682617e-01,4.358580112457275391e+00,1.496081948280334473e-01,6.108896255493164062e+00,5.304450511932373047e+00,5.590878486633300781e+00,6.155411720275878906e+00,6.385217189788818359e+00,4.185471534729003906e+00,4.963639736175537109e+00
3.856427383422851562e+01,5.565709590911865234e+00,5.326854586601257324e-01,8.454816341400146484e-01,4.345324993133544922e+00,5.109279751777648926e-01,3.807247638702392578e+00,6.421548128128051758e-02,6.089072704315185547e+00,5.301289558410644531e+00,5.337440490722656250e+00,6.078228950500488281e+00,6.524306774139404297e+00,4.211341381072998047e+00,4.970993995666503906e+00
3.906510925292968750e+01,5.929793357849121094e+00,5.430894494056701660e-01,8.011932969093322754e-01,4.189891815185546875e+00,5.322433114051818848e-01,3.577245473861694336e+00,4.335789009928703308e-02,6.057048320770263672e+00,5.306725025177001953e+00,5.155191898345947266e+00,5.924825191497802734e+00,7.073279380798339844e+00,4.239252090454101562e+00,4.987774848937988281e+00
3.956594467163085938e+01,6.226896762847900391e+00,5.489151477813720703e-01,7.593871355056762695e-01,4.132942676544189453e+00,5.535042881965637207e-01,3.167737007141113281e+00,4.229297116398811340e-02,6.014906883239746094e+00,5.292346477508544922e+00,4.996992111206054688e+00,5.868407249450683594e+00,7.045442104339599609e+00,4.275187969207763672e+00,4.989812850952148438e+00
4.006677627563476562e+01,6.537809371948242188e+00,5.502068996429443359e-01,7.187157869338989258e-01,4.187143325805664062e+00,5.693757534027099609e-01,2.914436578750610352e+00,5.324868112802505493e-02,5.969149589538574219e+00,5.286345005035400391e+00,4.913794040679931641e+00,5.955513954162597656e+00,7.118220806121826172e+00,4.322422027587890625e+00,5.003837108612060547e+00
4.056761169433593750e+01,6.924917697906494141e+00,5.462357401847839355e-01,6.770226359367370605e-01,4.232142925262451172e+00,5.753568410873413086e-01,2.748236894607543945e+00,6.294986605644226074e-02,5.918812274932861328e+00,5.277683258056640625e+00,4.934107303619384766e+00,6.010340690612792969e+00,7.203861236572265625e+00,4.377907752990722656e+00,5.019571781158447266e+00
4.106844711303710938e+01,7.958319664001464844e+00,5.377489924430847168e-01,6.354761123657226562e-01,4.259820938110351562e+00,5.743371248245239258e-01,2.643766164779663086e+00,7.482724636793136597e-02,5.865336418151855469e+00,5.263583183288574219e+00,5.446766853332519531e+00,6.026677131652832031e+00,7.287432193756103516e+00,4.436935901641845703e+00,5.033011913299560547e+00
4.156928253173828125e+01,7.820318698883056641e+00,5.257326960563659668e-01,5.948943495750427246e-01,4.283369541168212891e+00,5.689727067947387695e-01,2.578329801559448242e+00,9.108097851276397705e-02,5.810678482055664062e+00,5.247310638427734375e+00,5.150310516357421875e+00,6.029360294342041016e+00,7.348694801330566406e+00,4.494648933410644531e+00,5.045548915863037109e+00
4.207011795043945312e+01,8.668465614318847656e+00,1.508448868989944458e-01,1.395741581916809082e+00,4.758089065551757812e+00,1.094154596328735352e+00,2.703698873519897461e+00,4.224588572978973389e-01,5.820060729980468750e+00,5.212920665740966797e+00,4.434097409248352051e-01,5.996936321258544922e+00,7.188590526580810547e+00,4.538942813873291016e+00,5.011602878570556641e+00
4.257095336914062500e+01,8.313304901123046875e+00,1.242843508720397949e+00,4.119223594665527344e+00,6.013373851776123047e+00,4.666551589965820312e+00,3.895250082015991211e+00,3.885406970977783203e+00,6.100011348724365234e+00,5.401328086853027344e+00,9.625845551490783691e-01,4.283848762512207031e+00,6.206539154052734375e+00,4.102704524993896484e+00,4.851841926574707031e+00
4.307178497314453125e+01,8.071399688720703125e+00,8.811384439468383789e-01,1.395090103149414062e+00,4.387198925018310547e+00,1.231384277343750000e+00,2.887268543243408203e+00,8.622261881828308105e-01,5.762675762176513672e+00,5.254935741424560547e+00,1.380996346473693848e+00,5.818995952606201172e+00,7.040990352630615234e+00,4.553163528442382812e+00,5.048992633819580078e+00
4.357262039184570312e+01,7.996725559234619141e+00,6.488370299339294434e-01,7.886485457420349121e-01,3.962635040283203125e+00,5.434923171997070312e-01,2.616849899291992188e+00,2.448876053094863892e-01,5.656674385070800781e+00,5.207538127899169922e+00,1.636817812919616699e+00,6.042342662811279297e+00,7.306333065032958984e+00,4.674925327301025391e+00,5.094377040863037109e+00
4.407345581054687500e+01,7.951179981231689453e+00,5.841848850250244141e-01,6.643465757369995117e-01,3.993357181549072266e+00,5.050381422042846680e-01,2.513751506805419922e+00,1.941769868135452271e-01,5.612635612487792969e+00,5.190685272216796875e+00,1.804413318634033203e+00,6.141205310821533203e+00,7.403092861175537109e+00,4.720469951629638672e+00,5.106107234954833984e+00
4.457429122924804688e+01,7.910267353057861328e+00,5.594012737274169922e-01,6.049394607543945312e-01,4.055778026580810547e+00,5.328335762023925781e-01,2.445018768310546875e+00,1.950481384992599487e-01,5.571380138397216797e+00,5.176827430725097656e+00,1.945611000061035156e+00,6.131420135498046875e+00,7.466473579406738281e+00,4.759945392608642578e+00,5.115129947662353516e+00
4.507512664794921875e+01,7.868417263031005859e+00,5.449997186660766602e-01,5.628067255020141602e-01,4.127555847167968750e+00,5.666750669479370117e-01,2.406866550445556641e+00,2.273820191621780396e-01,5.531301021575927734e+00,5.164003849029541016e+00,2.079669237136840820e+00,6.103235721588134766e+00,7.502029895782470703e+00,4.794793128967285156e+00,5.121909141540527344e+00
4.557595825195312500e+01,7.823885917663574219e+00,5.353542566299438477e-01,5.314635038375854492e-01,4.197416782379150391e+00,6.011037230491638184e-01,2.396315813064575195e+00,2.907790243625640869e-01,5.495346069335937500e+00,5.152675628662109375e+00,2.211463928222656250e+00,6.070380210876464844e+00,7.514660358428955078e+00,4.821861267089843750e+00,5.125832080841064453e+00
4.607679367065429688e+01,7.765161514282226562e+00,5.320887565612792969e-01,5.108317136764526367e-01,4.260911464691162109e+00,6.386687755584716797e-01,2.406876802444458008e+00,3.804526031017303467e-01,5.466859340667724609e+00,5.143603324890136719e+00,2.334699153900146484e+00,6.033573627471923828e+00,7.509367942810058594e+00,4.838720798492431641e+00,5.126563072204589844e+00
4.657762908935546875e+01,7.695013999938964844e+00,5.339017510414123535e-01,4.974828064441680908e-01,4.318904399871826172e+00,6.746733188629150391e-01,2.428868770599365234e+00,4.724576175212860107e-01,5.445692539215087891e+00,5.136111259460449219e+00,2.446094036102294922e+00,6.000957012176513672e+00,7.496005058288574219e+00,4.846682071685791016e+00,5.125173568725585938e+00
4.707846450805664062e+01,7.627244949340820312e+00,5.365206599235534668e-01,4.861133694648742676e-01,4.369058609008789062e+00,7.019599676132202148e-01,2.453831195831298828e+00,5.442137122154235840e-01,5.430967807769775391e+00,5.129523754119873047e+00,2.550718307495117188e+00,5.974545001983642578e+00,7.481425285339355469e+00,4.848415374755859375e+00,5.123114585876464844e+00
4.757929992675781250e+01,7.569097042083740234e+00,5.382956862449645996e-01,4.751943349838256836e-01,4.411479473114013672e+00,7.215254902839660645e-01,2.479228019714355469e+00,5.970857739448547363e-01,5.423964977264404297e+00,5.124643802642822266e+00,2.653288841247558594e+00,5.952835083007812500e+00,7.466818809509277344e+00,4.843907833099365234e+00,5.120455265045166016e+00
4.808013534545898438e+01,7.529384136199951172e+00,5.396257638931274414e-01,4.651732444763183594e-01,4.449287414550781250e+00,7.366908192634582520e-01,2.504467725753784180e+00,6.380189657211303711e-01,5.425602912902832031e+00,5.122297286987304688e+00,2.758647203445434570e+00,5.936713218688964844e+00,7.452147006988525391e+00,4.832800388336181641e+00,5.116916656494140625e+00
4.858096694946289062e+01,7.496188640594482422e+00,5.410439372062683105e-01,4.563407003879547119e-01,4.485064506530761719e+00,7.493227124214172363e-01,2.528937578201293945e+00,6.708694100379943848e-01,5.435576438903808594e+00,5.122740745544433594e+00,2.863224983215332031e+00,5.927240848541259766e+00,7.437687397003173828e+00,4.815502643585205078e+00,5.112474918365478516e+00
4.908180236816406250e+01,7.455320835113525391e+00,5.428549051284790039e-01,4.487001597881317139e-01,4.521380424499511719e+00,7.603241205215454102e-01,2.552178144454956055e+00,6.977533698081970215e-01,5.452866554260253906e+00,5.125840187072753906e+00,2.961382627487182617e+00,5.926236152648925781e+00,7.423888206481933594e+00,4.792819499969482422e+00,5.107234954833984375e+00
4.958263778686523438e+01,7.402078628540039062e+00,5.452989935874938965e-01,4.421750605106353760e-01,4.565089225769042969e+00,7.701908946037292480e-01,2.573967933654785156e+00,7.201104164123535156e-01,5.476130485534667969e+00,5.131186485290527344e+00,3.050397872924804688e+00,5.942010879516601562e+00,7.411177635192871094e+00,4.765653610229492188e+00,5.101278781890869141e+00
5.008347320556640625e+01,7.343702316284179688e+00,5.485417246818542480e-01,4.366397857666015625e-01,4.669910430908203125e+00,7.792000770568847656e-01,2.594224214553833008e+00,7.389882802963256836e-01,5.503950119018554688e+00,5.138126850128173828e+00,3.132455825805664062e+00,6.049289703369140625e+00,7.399800777435302734e+00,4.734900474548339844e+00,5.094552516937255859e+00
5.058430862426757812e+01,1.255933165550231934e+00,9.206543922424316406e+00,7.616301536560058594e+00,6.133274555206298828e+00,4.360144138336181641e+00,3.040310144424438477e+00,2.231196641921997070e+00,5.684338569641113281e+00,5.222084045410156250e+00,8.441501617431640625e+00,4.279556751251220703e+00,7.033334732055664062e+00,4.529241561889648438e+00,5.016380786895751953e+00
5.108514022827148438e+01,1.698714971542358398e+00,3.489091157913208008e+00,4.422577381134033203e+00,5.609633445739746094e+00,2.809940576553344727e+00,2.880787134170532227e+00,1.606093049049377441e+00,5.660228729248046875e+00,5.198058605194091797e+00,7.926482677459716797e+00,4.945503711700439453e+00,7.140142440795898438e+00,4.567292213439941406e+00,5.043932437896728516e+00
5.158597564697265625e+01,2.409096240997314453e+00,1.134814262390136719e+00,2.024194240570068359e+00,5.113320350646972656e+00,1.610641956329345703e+00,2.758805274963378906e+00,1.120437145233154297e+00,5.654024124145507812e+00,5.184727191925048828e+00,7.444442272186279297e+00,5.528488636016845703e+00,7.223498344421386719e+00,4.583660125732421875e+00,5.060803890228271484e+00
5.208681106567382812e+01,3.189535140991210938e+00,7.168813943862915039e-01,1.411805510520935059e+00,4.925377845764160156e+00,1.282044172286987305e+00,2.739740371704101562e+00,9.935088157653808594e-01,5.680737972259521484e+00,5.189343452453613281e+00,6.875424861907958984e+00,5.688117980957031250e+00,7.235683441162109375e+00,4.558908462524414062e+00,5.059782505035400391e+00
5.258764648437500000e+01,3.875592947006225586e+00,6.062400341033935547e-01,1.153658866882324219e+00,4.760509490966796875e+00,1.093773365020751953e+00,2.732842206954956055e+00,9.216836094856262207e-01,5.712397575378417969e+00,5.197033405303955078e+00,6.370852470397949219e+00,5.790943145751953125e+00,7.236677169799804688e+00,4.527963161468505859e+00,5.055863857269287109e+00
5.308848190307617188e+01,4.449940681457519531e+00,5.688245296478271484e-01,9.998561739921569824e-01,4.608678340911865234e+00,9.351420998573303223e-01,2.722460508346557617e+00,8.568707704544067383e-01,5.744141101837158203e+00,5.205358028411865234e+00,5.942834854125976562e+00,5.901564121246337891e+00,7.238165855407714844e+00,4.496924400329589844e+00,5.051443576812744141e+00
5.358931732177734375e+01,4.944046497344970703e+00,5.520043969154357910e-01,8.876529932022094727e-01,4.465186595916748047e+00,7.927338480949401855e-01,2.707234621047973633e+00,7.888892292976379395e-01,5.774082183837890625e+00,5.213598251342773438e+00,5.604799270629882812e+00,5.986453533172607422e+00,7.250742912292480469e+00,4.467596054077148438e+00,5.047150135040283203e+00
5.409014892578125000e+01,5.354790687561035156e+00,5.436684489250183105e-01,8.040373921394348145e-01,4.354334831237792969e+00,6.814253926277160645e-01,2.684411048889160156e+00,7.220810055732727051e-01,5.801720142364501953e+00,5.221361637115478516e+00,5.314687252044677734e+00,6.046003341674804688e+00,7.262057304382324219e+00,4.440619468688964844e+00,5.042836666107177734e+00
5.459098434448242188e+01,5.717748641967773438e+00,5.380069017410278320e-01,7.380229830741882324e-01,4.279034614562988281e+00,6.025995612144470215e-01,2.657883405685424805e+00,6.587940454483032227e-01,5.826711177825927734e+00,5.228718757629394531e+00,5.084885120391845703e+00,6.081392765045166016e+00,7.277555465698242188e+00,4.416750907897949219e+00,5.038941860198974609e+00
5.509181976318359375e+01,6.068714141845703125e+00,5.334855914115905762e-01,6.850588321685791016e-01,4.238769054412841797e+00,5.538352727890014648e-01,2.630774974822998047e+00,6.032487750053405762e-01,5.848567008972167969e+00,5.235374927520751953e+00,4.923547267913818359e+00,6.102670669555664062e+00,7.296471118927001953e+00,4.395990371704101562e+00,5.035345554351806641e+00
5.559265518188476562e+01,6.569782257080078125e+00,5.296921730041503906e-01,6.423956155776977539e-01,4.220874309539794922e+00,5.295028686523437500e-01,2.606157541275024414e+00,5.589860677719116211e-01,5.867075443267822266e+00,5.241291046142578125e+00,4.937563896179199219e+00,6.106393814086914062e+00,7.317955017089843750e+00,4.378139972686767578e+00,5.032089710235595703e+00
5.609349060058593750e+01,7.086728096008300781e+00,5.268794894218444824e-01,6.082231998443603516e-01,4.209448337554931641e+00,5.232929587364196777e-01,2.585822105407714844e+00,5.280060172080993652e-01,5.882300376892089844e+00,5.246437549591064453e+00,4.989541530609130859e+00,6.083368778228759766e+00,7.339512348175048828e+00,4.362894535064697266e+00,5.029163837432861328e+00
5.659432220458984375e+01,6.413100719451904297e+00,5.246218442916870117e-01,5.796617269515991211e-01,4.192945480346679688e+00,5.274323225021362305e-01,2.570806026458740234e+00,5.091058015823364258e-01,5.894293785095214844e+00,5.250636577606201172e+00,4.234667301177978516e+00,6.030097007751464844e+00,7.360929965972900391e+00,4.349855899810791016e+00,5.026415824890136719e+00
5.709515762329101562e+01,6.511811256408691406e+00,5.227762460708618164e-01,5.562721490859985352e-01,4.193939208984375000e+00,5.390964150428771973e-01,2.560920238494873047e+00,5.019878745079040527e-01,5.903825283050537109e+00,5.253905296325683594e+00,4.087745189666748047e+00,5.990425109863281250e+00,7.378833770751953125e+00,4.338763713836669922e+00,5.023720264434814453e+00
5.759599304199218750e+01,6.648022174835205078e+00,5.214003920555114746e-01,5.366220474243164062e-01,4.207767963409423828e+00,5.543832182884216309e-01,2.555031061172485352e+00,5.041339397430419922e-01,5.911517143249511719e+00,5.256418228149414062e+00,3.995386362075805664e+00,5.963761806488037109e+00,7.390689849853515625e+00,4.329313278198242188e+00,5.021131038665771484e+00
5.809682846069335938e+01,6.705947399139404297e+00,5.205456018447875977e-01,5.196186304092407227e-01,4.235061645507812500e+00,5.704667568206787109e-01,2.552209138870239258e+00,5.127614140510559082e-01,5.917800426483154297e+00,5.258240699768066406e+00,3.878544330596923828e+00,5.955023765563964844e+00,7.395977973937988281e+00,4.321043491363525391e+00,5.018571376800537109e+00
5.859766387939453125e+01,6.847076416015625000e+00,5.198155045509338379e-01,5.053410530090332031e-01,4.256318569183349609e+00,5.883519649505615234e-01,2.552933454513549805e+00,5.276653170585632324e-01,5.923407077789306641e+00,5.259965419769287109e+00,3.832510471343994141e+00,5.935815334320068359e+00,7.397067546844482422e+00,4.313537597656250000e+00,5.016355991363525391e+00
5.909849929809570312e+01,6.949002742767333984e+00,5.188041925430297852e-01,4.922903478145599365e-01,4.278141975402832031e+00,6.047466993331909180e-01,2.556981086730957031e+00,5.450811982154846191e-01,5.928495883941650391e+00,5.261464118957519531e+00,3.779871940612792969e+00,5.919275283813476562e+00,7.398004055023193359e+00,4.306411743164062500e+00,5.014286518096923828e+00
5.959933090209960938e+01,7.008427143096923828e+00,5.180138349533081055e-01,4.808673560619354248e-01,4.301018238067626953e+00,6.206247806549072266e-01,2.563563585281372070e+00,5.645189285278320312e-01,5.933454990386962891e+00,5.262836933135986328e+00,3.718040466308593750e+00,5.905967712402343750e+00,7.398033618927001953e+00,4.299305438995361328e+00,5.012270450592041016e+00
6.010016632080078125e+01,7.038064479827880859e+00,5.175197124481201172e-01,4.708702862262725830e-01,4.321812629699707031e+00,6.358632445335388184e-01,2.571852922439575195e+00,5.849901437759399414e-01,5.938564777374267578e+00,5.264203071594238281e+00,3.653394222259521484e+00,5.891646385192871094e+00,7.396848678588867188e+00,4.291988372802734375e+00,5.010303497314453125e+00
6.060100173950195312e+01,7.059098243713378906e+00,5.182375311851501465e-01,4.627123177051544189e-01,4.343284130096435547e+00,6.511727571487426758e-01,2.580402851104736328e+00,6.062427163124084473e-01,5.944189548492431641e+00,5.265749931335449219e+00,3.595312595367431641e+00,5.880269050598144531e+00,7.391474723815917969e+00,4.284376621246337891e+00,5.008454322814941406e+00
6.110183715820312500e+01,7.081680774688720703e+00,5.191761255264282227e-01,4.554135501384735107e-01,4.371957302093505859e+00,6.651127934455871582e-01,2.589264869689941406e+00,6.268202066421508789e-01,5.950089931488037109e+00,5.267190933227539062e+00,3.547962665557861328e+00,5.882204532623291016e+00,7.384629249572753906e+00,4.276190280914306641e+00,5.006423473358154297e+00
6.160267257690429688e+01,7.111028671264648438e+00,5.278102159500122070e-01,4.538186192512512207e-01,4.392560005187988281e+00,6.814453601837158203e-01,2.596996784210205078e+00,6.486387848854064941e-01,5.956589221954345703e+00,5.268757343292236328e+00,3.504046201705932617e+00,5.871704578399658203e+00,7.370996475219726562e+00,4.267398357391357422e+00,5.004315376281738281e+00
6.210350418090820312e+01,7.146921157836914062e+00,5.300891399383544922e-01,4.476183354854583740e-01,4.432479858398437500e+00,6.932594776153564453e-01,2.605380535125732422e+00,6.670441627502441406e-01,5.963410854339599609e+00,5.270234584808349609e+00,3.471596002578735352e+00,5.895210266113281250e+00,7.361152172088623047e+00,4.258139610290527344e+00,5.002063274383544922e+00
6.260433959960937500e+01,7.183672904968261719e+00,5.330609679222106934e-01,4.421422481536865234e-01,4.477337837219238281e+00,7.043440937995910645e-01,2.614268064498901367e+00,6.843842267990112305e-01,5.970663070678710938e+00,5.271748542785644531e+00,3.443592309951782227e+00,5.927760124206542969e+00,7.352878093719482422e+00,4.248360157012939453e+00,4.999702930450439453e+00
6.310517501831054688e+01,7.220590114593505859e+00,5.372265577316284180e-01,4.375091791152954102e-01,4.519839763641357422e+00,7.149382233619689941e-01,2.623380184173583984e+00,7.007963061332702637e-01,5.978291034698486328e+00,5.273357391357421875e+00,3.417600870132446289e+00,5.958535671234130859e+00,7.345673084259033203e+00,4.238116741180419922e+00,4.997298240661621094e+00
6.360601043701171875e+01,7.256188869476318359e+00,5.429354310035705566e-01,4.337024092674255371e-01,4.556802749633789062e+00,7.251105308532714844e-01,2.632535219192504883e+00,7.162728309631347656e-01,5.986234664916992188e+00,5.275090694427490234e+00,3.390510797500610352e+00,5.982929706573486328e+00,7.339343547821044922e+00,4.227490901947021484e+00,4.994902133941650391e+00
6.410684204101562500e+01,7.291531562805175781e+00,5.506886243820190430e-01,4.307208061218261719e-01,4.587728977203369141e+00,7.349354028701782227e-01,2.641624212265014648e+00,7.308405041694641113e-01,5.994433879852294922e+00,5.276948928833007812e+00,3.359892129898071289e+00,6.000225543975830078e+00,7.333807468414306641e+00,4.216588973999023438e+00,4.992539405822753906e+00
6.460768127441406250e+01,7.374667644500732422e+00,6.506229043006896973e-01,4.757432937622070312e-01,4.624956607818603516e+00,7.964071035385131836e-01,2.661191225051879883e+00,7.848869562149047852e-01,5.115375518798828125e+00,5.058355331420898438e+00,3.223977088928222656e+00,5.997219085693359375e+00,7.335409164428710938e+00,4.942446708679199219e+00,5.007240772247314453e+00
6.510851287841796875e+01,7.443209648132324219e+00,6.199852228164672852e-01,4.417036175727844238e-01,4.632527351379394531e+00,7.627544403076171875e-01,2.660206079483032227e+00,7.596256136894226074e-01,5.543611526489257812e+00,5.100779533386230469e+00,3.149193763732910156e+00,6.018159866333007812e+00,7.335496425628662109e+00,4.605486869812011719e+00,5.068390846252441406e+00
6.560935211181640625e+01,7.510078430175781250e+00,6.161317825317382812e-01,4.302416145801544189e-01,4.646746635437011719e+00,7.641096711158752441e-01,2.666952610015869141e+00,7.679800391197204590e-01,5.752953529357910156e+00,5.167139530181884766e+00,3.052715301513671875e+00,6.023465633392333984e+00,7.330042362213134766e+00,4.425557613372802734e+00,5.046916007995605469e+00
6.611018371582031250e+01,7.590268135070800781e+00,6.345368623733520508e-01,4.280088543891906738e-01,4.659660339355468750e+00,7.719050049781799316e-01,2.674696207046508789e+00,7.790511250495910645e-01,5.874325275421142578e+00,5.215628623962402344e+00,2.916787862777709961e+00,6.022782802581787109e+00,7.325801849365234375e+00,4.313709259033203125e+00,5.021999835968017578e+00
6.661101531982421875e+01,7.675343513488769531e+00,6.739413738250732422e-01,4.305553436279296875e-01,4.670013427734375000e+00,7.821598052978515625e-01,2.682703971862792969e+00,7.903894782066345215e-01,5.949481964111328125e+00,5.246816635131835938e+00,2.779467821121215820e+00,6.018132209777832031e+00,7.322964668273925781e+00,4.241538524627685547e+00,5.004149436950683594e+00
6.711185455322265625e+01,7.722264289855957031e+00,7.590646743774414062e-01,4.382410049438476562e-01,4.678054332733154297e+00,7.938821315765380859e-01,2.690726757049560547e+00,8.013007640838623047e-01,5.997693538665771484e+00,5.266479969024658203e+00,2.751626491546630859e+00,6.010154724121093750e+00,7.321249485015869141e+00,4.193719863891601562e+00,4.992305755615234375e+00
6.761268615722656250e+01,7.670662879943847656e+00,9.713414907455444336e-01,4.556420743465423584e-01,4.685070991516113281e+00,8.064401745796203613e-01,2.698862552642822266e+00,8.099425435066223145e-01,6.029619693756103516e+00,5.279007911682128906e+00,2.936481714248657227e+00,5.999073982238769531e+00,7.320209026336669922e+00,4.161098957061767578e+00,4.984447956085205078e+00
6.811352539062500000e+01,7.566061973571777344e+00,1.641693234443664551e+00,4.825562536716461182e-01,4.693534851074218750e+00,8.094039559364318848e-01,2.706877946853637695e+00,8.129591345787048340e-01,6.051523685455322266e+00,5.287178993225097656e+00,3.123672246932983398e+00,5.984593391418457031e+00,7.319667816162109375e+00,4.138064861297607422e+00,4.979117870330810547e+00
6.861435699462890625e+01,7.736402988433837891e+00,3.610984325408935547e+00,4.357239902019500732e-01,4.691864013671875000e+00,7.847662568092346191e-01,2.713185548782348633e+00,8.138197064399719238e-01,6.067261219024658203e+00,5.292712211608886719e+00,2.602997779846191406e+00,5.980328559875488281e+00,7.320206642150878906e+00,4.121037960052490234e+00,4.975346088409423828e+00
6.911518859863281250e+01,8.058737754821777344e+00,5.691236019134521484e+00,3.437632024288177490e-01,4.681153297424316406e+00,7.654951810836791992e-01,2.719238758087158203e+00,8.183654546737670898e-01,6.079198837280273438e+00,5.296658515930175781e+00,1.910183548927307129e+00,5.981153964996337891e+00,7.320570468902587891e+00,4.107744693756103516e+00,4.972515106201171875e+00
6.961602783203125000e+01,8.070310592651367188e+00,7.059668540954589844e+00,3.036439418792724609e-01,4.674176216125488281e+00,7.592190504074096680e-01,2.725335836410522461e+00,8.235979080200195312e-01,6.088679313659667969e+00,5.299605369567871094e+00,1.737997531890869141e+00,5.973794460296630859e+00,7.321016788482666016e+00,4.096902847290039062e+00,4.970289230346679688e+00
7.011685943603515625e+01,6.735503196716308594e+00,6.787797927856445312e+00,2.946574389934539795e-01,4.670200347900390625e+00,7.608483433723449707e-01,2.731517791748046875e+00,8.296883702278137207e-01,6.096557617187500000e+00,5.301919937133789062e+00,3.355766296386718750e+00,5.960858821868896484e+00,7.321209430694580078e+00,4.087700843811035156e+00,4.968457221984863281e+00
7.061769866943359375e+01,5.534663200378417969e+00,5.614187717437744141e+00,3.252704739570617676e-01,4.661759376525878906e+00,8.125717043876647949e-01,2.747458457946777344e+00,8.565222620964050293e-01,4.933709621429443359e+00,4.924150466918945312e+00,4.612065315246582031e+00,5.920233726501464844e+00,7.341069221496582031e+00,5.106399536132812500e+00,5.115380764007568359e+00
7.111853027343750000e+01,5.181111335754394531e+00,5.206819534301757812e+00,3.108910918235778809e-01,4.649252414703369141e+00,7.819649577140808105e-01,2.748541831970214844e+00,8.437221050262451172e-01,5.433969974517822266e+00,5.022255420684814453e+00,4.882853507995605469e+00,5.919873714447021484e+00,7.343476295471191406e+00,4.690468311309814453e+00,5.107167720794677734e+00
7.161936187744140625e+01,5.063514709472656250e+00,5.073466777801513672e+00,3.072984814643859863e-01,4.647769451141357422e+00,7.814748883247375488e-01,2.751939773559570312e+00,8.479638099670410156e-01,5.709319114685058594e+00,5.130022525787353516e+00,4.960156440734863281e+00,5.914008617401123047e+00,7.338418483734130859e+00,4.446960926055908203e+00,5.061526298522949219e+00
7.212020111083984375e+01,5.022608280181884766e+00,5.026546001434326172e+00,3.092690706253051758e-01,4.648790359497070312e+00,7.863413095474243164e-01,2.755350351333618164e+00,8.533759713172912598e-01,5.875336170196533203e+00,5.201581478118896484e+00,4.985961437225341797e+00,5.908220767974853516e+00,7.332830429077148438e+00,4.293132781982421875e+00,5.023897647857666016e+00
7.262103271484375000e+01,5.008076667785644531e+00,5.009616851806640625e+00,3.134414553642272949e-01,4.650935173034667969e+00,7.924789190292358398e-01,2.758896827697753906e+00,8.587091565132141113e-01,5.977941989898681641e+00,5.245895862579345703e+00,4.995007514953613281e+00,5.904087543487548828e+00,7.328225612640380859e+00,4.194978713989257812e+00,4.999022006988525391e+00
7.312187194824218750e+01,5.002884864807128906e+00,5.003477573394775391e+00,3.187213242053985596e-01,4.653806686401367188e+00,7.989844679832458496e-01,2.762497186660766602e+00,8.637711405754089355e-01,6.041912078857421875e+00,5.273029804229736328e+00,4.998224735260009766e+00,5.902019500732421875e+00,7.324524402618408203e+00,4.132329463958740234e+00,4.983359813690185547e+00
7.362270355224609375e+01,5.001029968261718750e+00,5.001255035400390625e+00,3.248453438282012939e-01,4.657059669494628906e+00,8.056551814079284668e-01,2.766021966934204102e+00,8.685271143913269043e-01,6.082096099853515625e+00,5.289710521697998047e+00,4.999371528625488281e+00,5.901912212371826172e+00,7.321374416351318359e+00,4.092249870300292969e+00,4.973562240600585938e+00
7.412354278564453125e+01,5.000369548797607422e+00,5.000453472137451172e+00,3.318684995174407959e-01,4.660279750823974609e+00,8.125208020210266113e-01,2.769388437271118164e+00,8.730092644691467285e-01,6.107611656188964844e+00,5.300066471099853516e+00,4.999780178070068359e+00,5.903376102447509766e+00,7.318502902984619141e+00,4.066396713256835938e+00,4.967388153076171875e+00
7.462437438964843750e+01,5.000133991241455078e+00,5.000165462493896484e+00,3.400763571262359619e-01,4.662992000579833984e+00,8.197069764137268066e-01,2.772533893585205078e+00,8.772403597831726074e-01,6.124067783355712891e+00,5.306576251983642578e+00,4.999925613403320312e+00,5.905916213989257812e+00,7.315705299377441406e+00,4.049466609954833984e+00,4.963437080383300781e+00
7.512520599365234375e+01,5.000051021575927734e+00,5.000062465667724609e+00,3.499486148357391357e-01,4.664709568023681641e+00,8.273881077766418457e-01,2.775422573089599609e+00,8.812522292137145996e-01,6.134911537170410156e+00,5.310739517211914062e+00,4.999976634979248047e+00,5.909132480621337891e+00,7.312859535217285156e+00,4.038127899169921875e+00,4.960859298706054688e+00
7.562604522705078125e+01,5.000021457672119141e+00,5.000025272369384766e+00,3.623708188533782959e-01,4.665041923522949219e+00,8.358991146087646484e-01,2.778032302856445312e+00,8.850980401039123535e-01,6.142261981964111328e+00,5.313463211059570312e+00,4.999995708465576172e+00,5.912755489349365234e+00,7.309863090515136719e+00,4.030304431915283203e+00,4.959131240844726562e+00
7.612687683105468750e+01,5.000010967254638672e+00,5.000012397766113281e+00,3.789803385734558105e-01,4.663854598999023438e+00,8.457567095756530762e-01,2.780350923538208008e+00,8.888332843780517578e-01,6.147416591644287109e+00,5.315290451049804688e+00,5.000001907348632812e+00,5.916508674621582031e+00,7.306637287139892578e+00,4.024711608886718750e+00,4.957933425903320312e+00
7.662771606445312500e+01,5.000007629394531250e+00,5.000008106231689453e+00,4.029308855533599854e-01,4.661176204681396484e+00,8.575608134269714355e-01,2.782377004623413086e+00,8.925063014030456543e-01,6.151175498962402344e+00,5.316564559936523438e+00,5.000004291534423828e+00,5.920258998870849609e+00,7.303128719329833984e+00,4.020554065704345703e+00,4.957072734832763672e+00
7.712854766845703125e+01,5.000005722045898438e+00,5.000006198883056641e+00,4.415112435817718506e-01,4.656758785247802734e+00,8.722631335258483887e-01,2.784113883972167969e+00,8.961824178695678711e-01,6.154025077819824219e+00,5.317481994628906250e+00,5.000004768371582031e+00,5.924283027648925781e+00,7.299274921417236328e+00,4.017338752746582031e+00,4.956426620483398438e+00
7.762937927246093750e+01,5.000005722045898438e+00,5.000005722045898438e+00,5.148293972015380859e-01,4.651795387268066406e+00,8.911440372467041016e-01,2.785638570785522461e+00,8.998277783393859863e-01,6.156277179718017578e+00,5.318172931671142578e+00,5.000005245208740234e+00,5.927616119384765625e+00,7.295000553131103516e+00,4.014758110046386719e+00,4.955925464630126953e+00
7.813021850585937500e+01,5.000005245208740234e+00,5.000005245208740234e+00,7.012016177177429199e-01,4.659552097320556641e+00,9.144585132598876953e-01,2.787339210510253906e+00,9.028261899948120117e-01,6.158113956451416016e+00,5.318716526031494141e+00,5.000005245208740234e+00,5.919322013854980469e+00,7.289999961853027344e+00,4.012621879577636719e+00,4.955521106719970703e+00
7.863105010986328125e+01,5.000005245208740234e+00,5.000005245208740234e+00,1.489908695220947266e+00,4.694082260131835938e+00,9.238643050193786621e-01,2.789446353912353516e+00,9.033385515213012695e-01,6.159654140472412109e+00,5.319152832031250000e+00,5.000005245208740234e+00,5.892795085906982422e+00,7.284068584442138672e+00,4.010814189910888672e+00,4.955185413360595703e+00
7.913188934326171875e+01,5.000005245208740234e+00,5.000005245208740234e+00,4.284542560577392578e+00,4.678835391998291016e+00,8.621366024017333984e-01,2.789535522460937500e+00,9.008800983428955078e-01,6.160970211029052734e+00,5.319518089294433594e+00,5.000005245208740234e+00,5.929061889648437500e+00,7.278670787811279297e+00,4.009257316589355469e+00,4.954905033111572266e+00
7.963272094726562500e+01,5.000005245208740234e+00,5.000005245208740234e+00,5.465157032012939453e+00,4.637680530548095703e+00,7.996639609336853027e-01,2.788285732269287109e+00,8.996198773384094238e-01,6.162123203277587891e+00,5.319828987121582031e+00,5.000005245208740234e+00,5.984637737274169922e+00,7.273173809051513672e+00,4.007889747619628906e+00,4.954659461975097656e+00
8.013355255126953125e+01,5.000005245208740234e+00,5.000005245208740234e+00,5.060225486755371094e+00,4.590492725372314453e+00,8.287745714187622070e-01,2.788175821304321289e+00,9.037119150161743164e-01,6.163142204284667969e+00,5.320102691650390625e+00,5.000005245208740234e+00,5.995863914489746094e+00,7.266493320465087891e+00,4.006667137145996094e+00,4.954440593719482422e+00
8.063439178466796875e+01,5.000005245208740234e+00,5.000005245208740234e+00,5.005110740661621094e+00,4.525745868682861328e+00,8.713924288749694824e-01,2.787636756896972656e+00,9.069486260414123535e-01,6.164048194885253906e+00,5.320345401763916016e+00,5.000005245208740234e+00,6.015145778656005859e+00,7.259411334991455078e+00,4.005578041076660156e+00,4.954248428344726562e+00
8.113522338867187500e+01,5.000005245208740234e+00,5.000005245208740234e+00,5.000424385070800781e+00,4.424758911132812500e+00,9.388181567192077637e-01,2.787002325057983398e+00,9.103387594223022461e-01,6.164861679077148438e+00,5.320558547973632812e+00,5.000005245208740234e+00,6.059947490692138672e+00,7.251686573028564453e+00,4.004601955413818359e+00,4.954074859619140625e+00
8.163606262207031250e+01,5.000005245208740234e+00,5.000005245208740234e+00,5.000039100646972656e+00,4.254922866821289062e+00,1.045144319534301758e+00,2.786327600479125977e+00,9.135008454322814941e-01,6.165589809417724609e+00,5.320751190185546875e+00,5.000005245208740234e+00,6.168361186981201172e+00,7.243401527404785156e+00,4.003727436065673828e+00,4.953923225402832031e+00
8.213689422607421875e+01,5.000005245208740234e+00,5.000005245208740234e+00,5.000008106231689453e+00,3.913601160049438477e+00,1.225506186485290527e+00,2.785671234130859375e+00,9.164218306541442871e-01,6.166245937347412109e+00,5.320922851562500000e+00,5.000005245208740234e+00,6.304306030273437500e+00,7.234611511230468750e+00,4.002937793731689453e+00,4.953783988952636719e+00
8.263772583007812500e+01,5.000005245208740234e+00,5.000005245208740234e+00,5.000005722045898438e+00,3.431296825408935547e+00,1.487643837928771973e+00,2.784390449523925781e+00,9.176220297813415527e-01,6.166832923889160156e+00,5.321077823638916016e+00,5.000005245208740234e+00,6.463541507720947266e+00,7.225593090057373047e+00,4.002230167388916016e+00,4.953662395477294922e+00
8.313856506347656250e+01,5.000005245208740234e+00,5.000005245208740234e+00,5.000005245208740234e+00,2.914192676544189453e+00,1.852939605712890625e+00,2.782177448272705078e+00,9.183689951896667480e-01,6.167363643646240234e+00,5.321218967437744141e+00,5.000005245208740234e+00,6.582866668701171875e+00,7.216516494750976562e+00,4.001595497131347656e+00,4.953553676605224609e+00
8.363939666748046875e+01,5.000005245208740234e+00,5.000005245208740234e+00,5.000005245208740234e+00,2.552358865737915039e+00,2.317936420440673828e+00,2.779134035110473633e+00,9.197307229042053223e-01,6.167840480804443359e+00,5.321343898773193359e+00,5.000005245208740234e+00,6.592016220092773438e+00,7.207247257232666016e+00,4.001023292541503906e+00,4.953454017639160156e+00
8.414023590087890625e+01,5.000005245208740234e+00,5.000005245208740234e+00,5.000005245208740234e+00,2.508692502975463867e+00,2.863324642181396484e+00,2.776221513748168945e+00,9.220191240310668945e-01,6.168269634246826172e+00,5.321459770202636719e+00,5.000005245208740234e+00,6.446514606475830078e+00,7.197191238403320312e+00,4.000508308410644531e+00,4.953366279602050781e+00
8.464106750488281250e+01,5.000005245208740234e+00,5.000005245208740234e+00,5.000005245208740234e+00,8.679427146911621094e+00,8.682580947875976562e+00,9.018898010253906250e+00,4.652805626392364502e-01,5.989761352539062500e+00,5.326353073120117188e+00,5.000005245208740234e+00,9.308959245681762695e-01,2.481720447540283203e+00,4.217804431915283203e+00,4.946336746215820312e+00
8.514190673828125000e+01,5.000005245208740234e+00,5.000005245208740234e+00,5.000005245208740234e+00,7.599294185638427734e+00,7.776467323303222656e+00,5.999087333679199219e+00,1.107311964035034180e+00,5.862149715423583984e+00,5.267458915710449219e+00,5.000005245208740234e+00,2.207160711288452148e+00,6.181296825408935547e+00,4.316504001617431641e+00,4.974358558654785156e+00
8.564273834228515625e+01,5.000005245208740234e+00,5.000005245208740234e+00,5.000005245208740234e+00,6.367062091827392578e+00,6.594397068023681641e+00,3.842105865478515625e+00,1.035331368446350098e+00,5.882315635681152344e+00,5.245213985443115234e+00,5.000005245208740234e+00,3.803295373916625977e+00,6.809757709503173828e+00,4.301813602447509766e+00,4.996663570404052734e+00
8.614356994628906250e+01,5.000005245208740234e+00,5.000005245208740234e+00,5.000005245208740234e+00,5.456785678863525391e+00,5.543160438537597656e+00,3.189700365066528320e+00,9.868606925010681152e-01,5.932622909545898438e+00,5.251738071441650391e+00,5.000005245208740234e+00,4.679294586181640625e+00,7.106830596923828125e+00,4.254197597503662109e+00,4.997570991516113281e+00
8.664440917968750000e+01,5.000005245208740234e+00,5.000005245208740234e+00,5.000005245208740234e+00,5.159874439239501953e+00,5.188170909881591797e+00,2.972160339355468750e+00,9.636414051055908203e-01,5.977518558502197266e+00,5.263942241668701172e+00,5.000005245208740234e+00,4.897079944610595703e+00,7.223593235015869141e+00,4.209581375122070312e+00,4.991989135742187500e+00
8.714524078369140625e+01,5.000005245208740234e+00,5.000005245208740234e+00,5.000005245208740234e+00,5.057140827178955078e+00,5.067057609558105469e+00,2.898483753204345703e+00,9.545440077781677246e-01,6.012577056884765625e+00,5.275043964385986328e+00,5.000005245208740234e+00,4.964190959930419922e+00,7.267069816589355469e+00,4.173593997955322266e+00,4.985711574554443359e+00
8.764608001708984375e+01,5.000005245208740234e+00,5.000005245208740234e+00,5.000005245208740234e+00,5.020509719848632812e+00,5.024038791656494141e+00,2.873857975006103516e+00,9.512748718261718750e-01,6.039402961730957031e+00,5.283825397491455078e+00,5.000005245208740234e+00,4.987269401550292969e+00,7.284021854400634766e+00,4.145348072052001953e+00,4.980322360992431641e+00
8.814691162109375000e+01,5.000005245208740234e+00,5.000005245208740234e+00,5.000005245208740234e+00,8.672385215759277344e+00,2.502743899822235107e-01,3.149021148681640625e+00,1.963753342628479004e+00,6.110791683197021484e+00,5.305307865142822266e+00,5.000005245208740234e+00,4.153124392032623291e-01,9.959670066833496094e+00,4.131026744842529297e+00,4.978340148925781250e+00
8.864774322509765625e+01,5.000005245208740234e+00,5.000005245208740234e+00,5.000005245208740234e+00,8.165561676025390625e+00,1.326733350753784180e+00,1.932294011116027832e+00,3.151686787605285645e-01,6.080161571502685547e+00,5.304272174835205078e+00,5.000005245208740234e+00,3.388040304183959961e+00,7.770945072174072266e+00,4.143376827239990234e+00,4.988875389099121094e+00
8.914858245849609375e+01,5.000005245208740234e+00,5.000005245208740234e+00,5.000005245208740234e+00,8.268541336059570312e+00,1.364478349685668945e+00,2.289845228195190430e+00,8.794652223587036133e-01,6.075142860412597656e+00,5.310726165771484375e+00,5.000005245208740234e+00,6.052229881286621094e+00,7.570476531982421875e+00,4.145972728729248047e+00,4.983390331268310547e+00
8.964941406250000000e+01,5.000005245208740234e+00,5.000005245208740234e+00,5.000005245208740234e+00,6.769402027130126953e+00,1.321545481681823730e+00,2.488324165344238281e+00,9.312210083007812500e-01,6.052486896514892578e+00,5.305439949035644531e+00,5.000005245208740234e+00,6.032084941864013672e+00,7.449173927307128906e+00,4.165201663970947266e+00,4.983171463012695312e+00
9.015025329589843750e+01,5.000005245208740234e+00,5.000005245208740234e+00,5.000005245208740234e+00,5.450529575347900391e+00,1.298123002052307129e+00,2.600641012191772461e+00,9.399399161338806152e-01,6.032824516296386719e+00,5.298269748687744141e+00,5.000005245208740234e+00,5.145038604736328125e+00,7.382490158081054688e+00,4.180657863616943359e+00,4.984452724456787109e+00
9.065108489990234375e+01,5.000005245208740234e+00,5.000005245208740234e+00,5.000005245208740234e+00,5.436546325683593750e+00,1.290427327156066895e+00,2.664366722106933594e+00,9.442972540855407715e-01,6.021183013916015625e+00,5.292457103729248047e+00,5.000005245208740234e+00,5.288537502288818359e+00,7.335156917572021484e+00,4.188457012176513672e+00,4.985480785369873047e+00
9.115191650390625000e+01,5.000005245208740234e+00,5.000005245208740234e+00,5.000005245208740234e+00,5.468470096588134766e+00,1.287522792816162109e+00,2.706127643585205078e+00,9.464934468269348145e-01,6.016417026519775391e+00,5.288609027862548828e+00,5.000005245208740234e+00,5.382101058959960938e+00,7.309553146362304688e+00,4.188744068145751953e+00,4.985551834106445312e+00
9.165275573730468750e+01,5.000005245208740234e+00,5.000005245208740234e+00,5.000005245208740234e+00,5.462069511413574219e+00,1.286448836326599121e+00,2.739143371582031250e+00,9.476863145828247070e-01,5.549690246582031250e+00,5.137053012847900391e+00,5.000005245208740234e+00,5.396156311035156250e+00,7.304949760437011719e+00,4.592873573303222656e+00,5.032931327819824219e+00
9.215358734130859375e+01,5.000005245208740234e+00,5.000005245208740234e+00,5.000005245208740234e+00,5.437246799468994141e+00,1.286050081253051758e+00,2.762902021408081055e+00,9.483987092971801758e-01,5.763627529144287109e+00,5.180784225463867188e+00,5.000005245208740234e+00,5.376164436340332031e+00,7.300390720367431641e+00,4.411095619201660156e+00,5.035479068756103516e+00
9.265442657470703125e+01,5.000005245208740234e+00,5.000005245208740234e+00,5.000005245208740234e+00,5.416234970092773438e+00,1.285945057868957520e+00,2.781497955322265625e+00,9.488861560821533203e-01,5.881127357482910156e+00,5.222044467926025391e+00,5.000005245208740234e+00,5.355554580688476562e+00,7.298295497894287109e+00,4.302502155303955078e+00,5.017099380493164062e+00
9.315525817871093750e+01,5.000005245208740234e+00,5.000005245208740234e+00,5.000005245208740234e+00,5.412639617919921875e+00,1.286105155944824219e+00,2.796114921569824219e+00,9.492646455764770508e-01,5.953869342803955078e+00,5.250501632690429688e+00,5.000005245208740234e+00,5.352638721466064453e+00,7.296815395355224609e+00,4.231977939605712891e+00,5.001414299011230469e+00
9.365608978271484375e+01,5.000005245208740234e+00,5.000005245208740234e+00,5.000005245208740234e+00,5.413114547729492188e+00,1.287074685096740723e+00,2.808004617691040039e+00,9.496616125106811523e-01,6.001648902893066406e+00,5.269132614135742188e+00,5.000005245208740234e+00,5.353759765625000000e+00,7.296335697174072266e+00,4.184050083160400391e+00,4.990381717681884766e+00
9.415692901611328125e+01,5.000005245208740234e+00,5.000005245208740234e+00,5.000005245208740234e+00,5.407032012939453125e+00,1.291232705116271973e+00,2.817869663238525391e+00,9.502976536750793457e-01,6.034443378448486328e+00,5.281434059143066406e+00,5.000005245208740234e+00,5.348059654235839844e+00,7.296718597412109375e+00,4.150185585021972656e+00,4.982779979705810547e+00
9.465776062011718750e+01,5.000005245208740234e+00,5.000005245208740234e+00,5.000005245208740234e+00,5.395303249359130859e+00,1.307073235511779785e+00,2.826136589050292969e+00,9.516056180000305176e-01,6.057929515838623047e+00,5.289805889129638672e+00,5.000005245208740234e+00,5.340299129486083984e+00,7.297572135925292969e+00,4.125288009643554688e+00,4.977414131164550781e+00
9.515859985351562500e+01,5.000005245208740234e+00,5.000005245208740234e+00,5.000005245208740234e+00,5.370835781097412109e+00,1.360005974769592285e+00,2.833201408386230469e+00,9.542990326881408691e-01,6.075486660003662109e+00,5.295738697052001953e+00,5.000005245208740234e+00,5.342735767364501953e+00,7.298681735992431641e+00,4.106237888336181641e+00,4.973477363586425781e+00
9.565943145751953125e+01,5.000005245208740234e+00,5.000005245208740234e+00,5.000005245208740234e+00,5.242082118988037109e+00,1.521533489227294922e+00,2.839352130889892578e+00,9.579970240592956543e-01,6.089140892028808594e+00,5.300121307373046875e+00,5.000005245208740234e+00,5.452570438385009766e+00,7.299933910369873047e+00,4.091119766235351562e+00,4.970470428466796875e+00
9.616027069091796875e+01,5.000005245208740234e+00,5.000005245208740234e+00,5.000005245208740234e+00,4.801631450653076172e+00,1.933146238327026367e+00,2.844593763351440430e+00,9.610235095024108887e-01,6.100124835968017578e+00,5.303491592407226562e+00,5.000005245208740234e+00,5.805570125579833984e+00,7.301467895507812500e+00,4.078761577606201172e+00,4.968095302581787109e+00
9.666110229492187500e+01,5.000005245208740234e+00,5.000005245208740234e+00,5.000005245208740234e+00,4.257711410522460938e+00,2.793642282485961914e+00,2.848779916763305664e+00,9.643685221672058105e-01,6.109219074249267578e+00,5.306179046630859375e+00,5.000005245208740234e+00,6.108126640319824219e+00,7.303436279296875000e+00,4.068398952484130859e+00,4.966151237487792969e+00
9.716193389892578125e+01,5.000005245208740234e+00,5.000005245208740234e+00,5.000005245208740234e+00,4.605300903320312500e+00,4.242772579193115234e+00,2.852589607238769531e+00,9.633537530899047852e-01,6.116878032684326172e+00,5.308374404907226562e+00,5.000005245208740234e+00,5.752262115478515625e+00,7.305340766906738281e+00,4.059595108032226562e+00,4.964540004730224609e+00
9.766277313232421875e+01,5.000005245208740234e+00,5.000005245208740234e+00,5.000005245208740234e+00,5.759521961212158203e+00,5.682681083679199219e+00,2.853881597518920898e+00,9.501382708549499512e-01,6.123376369476318359e+00,5.310184001922607422e+00,5.000005245208740234e+00,4.721118450164794922e+00,7.308529853820800781e+00,4.052101135253906250e+00,4.963208198547363281e+00
9.816360473632812500e+01,5.000005245208740234e+00,5.000005245208740234e+00,5.000005245208740234e+00,6.737395763397216797e+00,6.693709373474121094e+00,2.853640079498291016e+00,9.378637671470642090e-01,6.129014492034912109e+00,5.311733245849609375e+00,5.000005245208740234e+00,3.579392671585083008e+00,7.311605930328369141e+00,4.045569896697998047e+00,4.962056636810302734e+00
9.866444396972656250e+01,5.000005245208740234e+00,5.000005245208740234e+00,5.000005245208740234e+00,7.289417266845703125e+00,7.307936191558837891e+00,2.854354143142700195e+00,9.333838224411010742e-01,6.133979320526123047e+00,5.313093662261962891e+00,5.000005245208740234e+00,2.774070501327514648e+00,7.312588214874267578e+00,4.039792537689208984e+00,4.961038589477539062e+00
9.916527557373046875e+01,5.000005245208740234e+00,5.000005245208740234e+00,5.000005245208740234e+00,6.982413768768310547e+00,7.108561038970947266e+00,2.855886459350585938e+00,9.342613220214843750e-01,6.138362407684326172e+00,5.314289093017578125e+00,5.000005245208740234e+00,3.137467145919799805e+00,7.311977386474609375e+00,4.034672737121582031e+00,4.960133075714111328e+00
9.966610717773437500e+01,5.000005245208740234e+00,5.000005245208740234e+00,5.000005245208740234e+00,5.796585559844970703e+00,5.917460441589355469e+00,2.857406616210937500e+00,9.365934729576110840e-01,6.142230987548828125e+00,5.315342903137207031e+00,5.000005245208740234e+00,4.392731189727783203e+00,7.310748100280761719e+00,4.030143260955810547e+00,4.959332942962646484e+00
1.001669464111328125e+02,5.000005245208740234e+00,5.000005245208740234e+00,5.000005245208740234e+00,5.267597198486328125e+00,5.310626983642578125e+00,2.858592033386230469e+00,9.388229250907897949e-01,6.145644187927246094e+00,5.316269397735595703e+00,5.000005245208740234e+00,4.822390556335449219e+00,7.309247493743896484e+00,4.026141166687011719e+00,4.958630561828613281e+00
1.006677780151367188e+02,5.000005245208740234e+00,5.000005245208740234e+00,5.000005245208740234e+00,5.092710494995117188e+00,5.107486248016357422e+00,2.859410285949707031e+00,9.407179951667785645e-01,6.148658752441406250e+00,5.317084312438964844e+00,5.000005245208740234e+00,4.941349506378173828e+00,7.307488918304443359e+00,4.022602558135986328e+00,4.958007812500000000e+00
1.011686172485351562e+02,5.000005245208740234e+00,5.000005245208740234e+00,5.000005245208740234e+00,5.032474040985107422e+00,5.037642002105712891e+00,2.859886646270751953e+00,9.423044323921203613e-01,6.151323318481445312e+00,5.317803382873535156e+00,5.000005245208740234e+00,4.979776859283447266e+00,7.305442810058593750e+00,4.019474506378173828e+00,4.957461357116699219e+00
1.016694488525390625e+02,5.000005245208740234e+00,5.000005245208740234e+00,5.000005245208740234e+00,5.011383533477783203e+00,5.013193130493164062e+00,2.860041141510009766e+00,9.436277747154235840e-01,6.153676033020019531e+00,5.318436622619628906e+00,5.000005245208740234e+00,4.992953300476074219e+00,7.303051471710205078e+00,4.016707897186279297e+00,4.956975936889648438e+00
1.021702804565429688e+02,5.000005245208740234e+00,5.000005245208740234e+00,5.000005245208740234e+00,5.003981590270996094e+00,5.004612445831298828e+00,2.859892368316650391e+00,9.447322487831115723e-01,6.155754089355468750e+00,5.318996906280517578e+00,5.000005245208740234e+00,4.997545242309570312e+00,7.300283908843994141e+00,4.014262676239013672e+00,4.956547260284423828e+00
1.026711196899414062e+02,5.000005245208740234e+00,5.000005245208740234e+00,5.000005245208740234e+00,5.001389980316162109e+00,5.001608371734619141e+00,2.859452724456787109e+00,9.456586241722106934e-01,6.157591342926025391e+00,5.319492340087890625e+00,5.000005245208740234e+00,4.999149322509765625e+00,7.297088146209716797e+00,4.012099742889404297e+00,4.956171512603759766e+00
1.031719512939453125e+02,5.000005245208740234e+00,5.000005245208740234e+00,5.000005245208740234e+00,5.000485420227050781e+00,5.000561237335205078e+00,2.858723878860473633e+00,9.464331865310668945e-01,6.159214496612548828e+00,5.319926261901855469e+00,5.000005245208740234e+00,4.999708652496337891e+00,7.293411731719970703e+00,4.010188579559326172e+00,4.955837726593017578e+00
1.036727905273437500e+02,5.000005245208740234e+00,5.000005245208740234e+00,5.000005245208740234e+00,5.000171661376953125e+00,5.000197887420654297e+00,2.857712268829345703e+00,9.470739960670471191e-01,6.160647392272949219e+00,5.320314407348632812e+00,5.000005245208740234e+00,4.999902725219726562e+00,7.289214611053466797e+00,4.008500576019287109e+00,4.955543994903564453e+00
1.041736221313476562e+02,5.000005245208740234e+00,5.000005245208740234e+00,5.000005245208740234e+00,5.000062465667724609e+00,5.000071525573730469e+00,2.856414794921875000e+00,9.476099610328674316e-01,6.161911487579345703e+00,5.320652484893798828e+00,5.000005245208740234e+00,4.999969482421875000e+00,7.284443378448486328e+00,4.007010459899902344e+00,4.955282211303710938e+00
1.046744537353515625e+02,5.000005245208740234e+00,5.000005245208740234e+00,5.000005245208740234e+00,5.000024795532226562e+00,5.000028610229492188e+00,2.854830265045166016e+00,9.480668306350708008e-01,6.163029670715332031e+00,5.320950984954833984e+00,5.000005245208740234e+00,4.999993324279785156e+00,7.279056549072265625e+00,4.005693912506103516e+00,4.955053806304931641e+00
1.051752929687500000e+02,5.000005245208740234e+00,5.000005245208740234e+00,5.000005245208740234e+00,5.000011920928955078e+00,5.000012874603271484e+00,2.852952241897583008e+00,9.484367370605468750e-01,6.164015293121337891e+00,5.321217536926269531e+00,5.000005245208740234e+00,5.000000953674316406e+00,7.273011207580566406e+00,4.004531860351562500e+00,4.954852581024169922e+00
1.056761245727539062e+02,5.000005245208740234e+00,5.000005245208740234e+00,5.000005245208740234e+00,5.000007629394531250e+00,5.000008106231689453e+00,2.850773811340332031e+00,9.487507939338684082e-01,6.164884567260742188e+00,5.321451187133789062e+00,5.000005245208740234e+00,5.000004291534423828e+00,7.266254901885986328e+00,4.003505229949951172e+00,4.954672336578369141e+00
1.061769638061523438e+02,5.000005245208740234e+00,5.000005245208740234e+00,5.000005245208740234e+00,5.000005722045898438e+00,5.000006198883056641e+00,2.848293304443359375e+00,9.490101933479309082e-01,6.165653228759765625e+00,5.321657180786132812e+00,5.000005245208740234e+00,5.000004768371582031e+00,7.258768081665039062e+00,4.002598762512207031e+00,4.954516410827636719e+00
1.066777954101562500e+02,5.000005245208740234e+00,5.000005245208740234e+00,5.000005245208740234e+00,5.000005722045898438e+00,5.000005722045898438e+00,2.845505237579345703e+00,9.492275118827819824e-01,6.166330337524414062e+00,5.321838855743408203e+00,5.000005245208740234e+00,5.000005245208740234e+00,7.250506401062011719e+00,4.001799583435058594e+00,4.954376220703125000e+00
1.071786346435546875e+02,5.000005245208740234e+00,5.000005245208740234e+00,5.000005245208740234e+00,5.000005245208740234e+00,5.000005245208740234e+00,2.842411279678344727e+00,9.494237899780273438e-01,6.166928768157958984e+00,5.322000503540039062e+00,5.000005245208740234e+00,5.000005245208740234e+00,7.241474628448486328e+00,4.001093387603759766e+00,4.954254627227783203e+00
1.076794662475585938e+02,5.000005245208740234e+00,5.000005245208740234e+00,5.000005245208740234e+00,5.000005245208740234e+00,5.000005245208740234e+00,2.839012622833251953e+00,9.495841264724731445e-01,6.167455673217773438e+00,5.322141647338867188e+00,5.000005245208740234e+00,5.000005245208740234e+00,7.231667041778564453e+00,4.000471115112304688e+00,4.954144477844238281e+00
1.081802978515625000e+02,5.000005245208740234e+00,5.000005245208740234e+00,5.000005245208740234e+00,5.000005245208740234e+00,5.000005245208740234e+00,2.835323572158813477e+00,9.497283101081848145e-01,6.167921543121337891e+00,5.322267055511474609e+00,5.000005245208740234e+00,5.000005245208740234e+00,7.221114158630371094e+00,3.999922275543212891e+00,4.954049587249755859e+00
1.086811370849609375e+02,5.000005245208740234e+00,5.000005245208740234e+00,5.000005245208740234e+00,5.000005245208740234e+00,5.000005245208740234e+00,2.831365108489990234e+00,9.498356580734252930e-01,6.168330669403076172e+00,5.322377681732177734e+00,5.000005245208740234e+00,5.000005245208740234e+00,7.209868431091308594e+00,3.999436378479003906e+00,4.953968524932861328e+00
1.091819686889648438e+02,5.000005245208740234e+00,5.000005245208740234e+00,5.000005245208740234e+00,5.000005245208740234e+00,5.000005245208740234e+00,2.827154874801635742e+00,9.499891400337219238e-01,6.168693065643310547e+00,5.322474956512451172e+00,5.000005245208740234e+00,5.000005245208740234e+00,7.197997093200683594e+00,3.999008417129516602e+00,4.953892707824707031e+00
1.096828079223632812e+02,5.000005245208740234e+00,5.000005245208740234e+00,5.000005245208740234e+00,5.000005245208740234e+00,5.000005245208740234e+00,2.822726726531982422e+00,9.501354694366455078e-01,6.169012546539306641e+00,5.322562694549560547e+00,5.000005245208740234e+00,5.000005245208740234e+00,7.185635089874267578e+00,3.998631238937377930e+00,4.953829765319824219e+00
1.101836395263671875e+02,5.000005245208740234e+00,5.000005245208740234e+00,5.000005245208740234e+00,5.000005245208740234e+00,5.000005245208740234e+00,2.818108081817626953e+00,9.503161311149597168e-01,6.169293880462646484e+00,5.322638511657714844e+00,5.000005245208740234e+00,5.000005245208740234e+00,7.172898292541503906e+00,3.998297929763793945e+00,4.953771114349365234e+00
1.106844711303710938e+02,5.000005245208740234e+00,5.000005245208740234e+00,5.000005245208740234e+00,5.000005245208740234e+00,5.000005245208740234e+00,2.813323259353637695e+00,9.506443142890930176e-01,6.169543743133544922e+00,5.322705268859863281e+00,5.000005245208740234e+00,5.000005245208740234e+00,7.159978866577148438e+00,3.998003959655761719e+00,4.953721523284912109e+00
1.111853103637695312e+02,5.000005245208740234e+00,5.000005245208740234e+00,5.000005245208740234e+00,5.000005245208740234e+00,5.000005245208740234e+00,2.808376550674438477e+00,9.511058926582336426e-01,6.169761180877685547e+00,5.322766304016113281e+00,5.000005245208740234e+00,5.000005245208740234e+00,7.147078037261962891e+00,3.997745513916015625e+00,4.953678607940673828e+00
1.116861419677734375e+02,5.000005245208740234e+00,5.000005245208740234e+00,5.000005245208740234e+00,5.000005245208740234e+00,5.000005245208740234e+00,2.803245782852172852e+00,9.518632292747497559e-01,6.169955730438232422e+00,5.322817325592041016e+00,5.000005245208740234e+00,5.000005245208740234e+00,7.134406566619873047e+00,3.997515678405761719e+00,4.953639507293701172e+00
1.121869812011718750e+02,5.000005245208740234e+00,5.000005245208740234e+00,5.000005245208740234e+00,5.000005245208740234e+00,5.000005245208740234e+00,2.797863960266113281e+00,9.530344605445861816e-01,6.170124530792236328e+00,5.322867870330810547e+00,5.000005245208740234e+00,5.000005245208740234e+00,7.122226238250732422e+00,3.997316360473632812e+00,4.953604698181152344e+00
1.126878128051757812e+02,5.000005245208740234e+00,5.000005245208740234e+00,5.000005245208740234e+00,5.000005245208740234e+00,5.000005245208740234e+00,2.792094230651855469e+00,9.549047946929931641e-01,6.170275211334228516e+00,5.322907924652099609e+00,5.000005245208740234e+00,5.000005245208740234e+00,7.110782146453857422e+00,3.997136354446411133e+00,4.953573703765869141e+00
1.131886444091796875e+02,5.000005245208740234e+00,5.000005245208740234e+00,5.000005245208740234e+00,5.000005245208740234e+00,5.000005245208740234e+00,2.785705804824829102e+00,9.576164484024047852e-01,6.170408725738525391e+00,5.322943687438964844e+00,5.000005245208740234e+00,5.000005245208740234e+00,7.100374221801757812e+00,3.996980428695678711e+00,4.953548908233642578e+00
1.136894836425781250e+02,5.000005245208740234e+00,5.000005245208740234e+00,5.000005245208740234e+00,5.000005245208740234e+00,5.000005245208740234e+00,2.778405189514160156e+00,9.614598155021667480e-01,6.170525550842285156e+00,5.322978496551513672e+00,5.000005245208740234e+00,5.000005245208740234e+00,7.091269016265869141e+00,3.996841192245483398e+00,4.953526496887207031e+00
1.141903152465820312e+02,5.000005245208740234e+00,5.000005245208740234e+00,5.000005245208740234e+00,5.000005245208740234e+00,5.000005245208740234e+00,2.769750833511352539e+00,9.669728875160217285e-01,6.170629024505615234e+00,5.323006153106689453e+00,5.000005245208740234e+00,5.000005245208740234e+00,7.083755970001220703e+00,3.996718406677246094e+00,4.953504562377929688e+00
1.146911544799804688e+02,5.000005245208740234e+00,5.000005245208740234e+00,5.000005245208740234e+00,5.000005245208740234e+00,5.000005245208740234e+00,2.759160041809082031e+00,9.743903279304504395e-01,6.170721054077148438e+00,5.323033332824707031e+00,5.000005245208740234e+00,5.000005245208740234e+00,7.078158378601074219e+00,3.996610403060913086e+00,4.953487873077392578e+00
1.151919860839843750e+02,5.000005245208740234e+00,5.000005245208740234e+00,5.000005245208740234e+00,5.000005245208740234e+00,5.000005245208740234e+00,2.745906352996826172e+00,9.843808412551879883e-01,6.170802593231201172e+00,5.323054790496826172e+00,5.000005245208740234e+00,5.000005245208740234e+00,7.074789047241210938e+00,3.996515512466430664e+00,4.953470230102539062e+00
1.156928176879882812e+02,5.000005245208740234e+00,5.000005245208740234e+00,5.000005245208740234e+00,5.000005245208740234e+00,5.000005245208740234e+00,2.729064226150512695e+00,9.974862337112426758e-01,6.170873641967773438e+00,5.323073863983154297e+00,5.000005245208740234e+00,5.000005245208740234e+00,7.074011325836181641e+00,3.996430635452270508e+00,4.953457832336425781e+00
1.161936569213867188e+02,5.000005245208740234e+00,5.000005245208740234e+00,5.000005245208740234e+00,5.000005245208740234e+00,5.000005245208740234e+00,2.707510232925415039e+00,1.014397382736206055e+00,6.170936107635498047e+00,5.323094367980957031e+00,5.000005245208740234e+00,5.000005245208740234e+00,7.076220989227294922e+00,3.996356010437011719e+00,4.953445911407470703e+00
1.166944885253906250e+02,5.000005245208740234e+00,5.000005245208740234e+00,5.000005245208740234e+00,5.000005245208740234e+00,5.000005245208740234e+00,2.679861307144165039e+00,1.036147713661193848e+00,6.170992374420166016e+00,5.323107242584228516e+00,5.000005245208740234e+00,5.000005245208740234e+00,7.081891536712646484e+00,3.996290206909179688e+00,4.953434467315673828e+00
1.171953277587890625e+02,5.000005245208740234e+00,5.000005245208740234e+00,5.000005245208740234e+00,5.000005245208740234e+00,5.000005245208740234e+00,2.644432544708251953e+00,1.063650608062744141e+00,6.171041488647460938e+00,5.323123455047607422e+00,5.000005245208740234e+00,5.000005245208740234e+00,7.091590404510498047e+00,3.996231794357299805e+00,4.953425407409667969e+00
1.176961593627929688e+02,5.000005245208740234e+00,5.000005245208740234e+00,5.000005245208740234e+00,5.000005245208740234e+00,5.000005245208740234e+00,2.599257707595825195e+00,1.098173856735229492e+00,6.171086311340332031e+00,5.323132991790771484e+00,5.000005245208740234e+00,5.000005245208740234e+00,7.105919837951660156e+00,3.996180057525634766e+00,4.953417301177978516e+00
1.181969985961914062e+02,5.000005245208740234e+00,5.000005245208740234e+00,5.000005245208740234e+00,5.000005245208740234e+00,5.000005245208740234e+00,2.542097091674804688e+00,1.140939593315124512e+00,6.171123981475830078e+00,5.323144912719726562e+00,5.000005245208740234e+00,5.000005245208740234e+00,7.125508308410644531e+00,3.996135950088500977e+00,4.953411579132080078e+00
1.186978302001953125e+02,5.000005245208740234e+00,5.000005245208740234e+00,5.000005245208740234e+00,5.000005245208740234e+00,5.000005245208740234e+00,2.470628499984741211e+00,1.193638324737548828e+00,6.171157360076904297e+00,5.323153972625732422e+00,5.000005245208740234e+00,5.000005245208740234e+00,7.150825023651123047e+00,3.996096134185791016e+00,4.953402519226074219e+00
1.191986618041992188e+02,5.000005245208740234e+00,5.000005245208740234e+00,5.000005245208740234e+00,5.000005245208740234e+00,5.000005245208740234e+00,2.382823705673217773e+00,1.257711768150329590e+00,6.171186923980712891e+00,5.323163509368896484e+00,5.000005245208740234e+00,5.000005245208740234e+00,7.181980609893798828e+00,3.996062040328979492e+00,4.953395843505859375e+00
1.196995010375976562e+02,5.000005245208740234e+00,5.000005245208740234e+00,5.000005245208740234e+00,5.000005245208740234e+00,5.000005245208740234e+00,2.277961969375610352e+00,1.334282517433166504e+00,6.171214103698730469e+00,5.323171615600585938e+00,5.000005245208740234e+00,5.000005245208740234e+00,7.218226432800292969e+00,3.996031522750854492e+00,4.953392505645751953e+00
1.202003326416015625e+02,5.000005245208740234e+00,5.000005245208740234e+00,5.000005245208740234e+00,5.000005245208740234e+00,5.000005245208740234e+00,2.158139467239379883e+00,1.423521995544433594e+00,6.171236991882324219e+00,5.323175430297851562e+00,5.000005245208740234e+00,5.000005245208740234e+00,7.257386684417724609e+00,3.996004104614257812e+00,4.953387260437011719e+00
1.207011718750000000e+02,5.000005245208740234e+00,5.000005245208740234e+00,5.000005245208740234e+00,5.000005245208740234e+00,5.000005245208740234e+00,2.029890537261962891e+00,1.524912834167480469e+00,6.171257495880126953e+00,5.323182106018066406e+00,5.000005245208740234e+00,5.000005245208740234e+00,7.295358657836914062e+00,3.995979785919189453e+00,4.953386783599853516e+00
1.212020034790039062e+02,5.000005245208740234e+00,5.000005245208740234e+00,5.000005245208740234e+00,5.000005245208740234e+00,5.000005245208740234e+00,1.903763175010681152e+00,1.636150240898132324e+00,6.171274662017822266e+00,5.323186874389648438e+00,5.000005245208740234e+00,5.000005245208740234e+00,7.326826572418212891e+00,3.995959997177124023e+00,4.953380584716796875e+00
1.217028350830078125e+02,5.000005245208740234e+00,5.000005245208740234e+00,5.000005245208740234e+00,5.000005245208740234e+00,5.000005245208740234e+00,1.791476607322692871e+00,1.753785610198974609e+00,6.171288967132568359e+00,5.323190689086914062e+00,5.000005245208740234e+00,5.000005245208740234e+00,7.346677303314208984e+00,3.995941638946533203e+00,4.953378200531005859e+00
1.222036743164062500e+02,9.065749168395996094e+00,8.374975919723510742e-01,9.890264511108398438e+00,9.633625030517578125e+00,9.784790992736816406e+00,9.854599952697753906e+00,9.907896995544433594e+00,6.190875053405761719e+00,5.328805446624755859e+00,5.305837392807006836e-01,2.654197514057159424e-01,1.000330150127410889e-01,3.973649024963378906e+00,4.948097705841064453e+00
1.227045059204101562e+02,8.841492652893066406e+00,1.426901698112487793e+00,5.566324710845947266e+00,9.649919509887695312e+00,9.895385742187500000e+00,9.874496459960937500e+00,9.911490440368652344e+00,6.248908519744873047e+00,5.501745223999023438e+00,8.648799657821655273e-01,2.076061815023422241e-01,7.721713930368423462e-02,3.903032302856445312e+00,4.780561447143554688e+00
1.232053451538085938e+02,8.672572135925292969e+00,1.190532207489013672e+00,2.692108154296875000e+00,3.995584726333618164e+00,9.820826530456542969e+00,9.669430732727050781e+00,9.801658630371093750e+00,6.269526958465576172e+00,5.392288208007812500e+00,4.841275215148925781e-01,2.785270214080810547e-01,1.850161701440811157e-01,3.890357971191406250e+00,4.895972728729248047e+00
1.237061767578125000e+02,8.788268089294433594e+00,7.893483638763427734e-01,1.220136165618896484e+00,3.736356496810913086e+00,1.465604543685913086e+00,4.003681659698486328e+00,8.786036491394042969e+00,6.240926265716552734e+00,5.356668949127197266e+00,2.136265784502029419e-01,6.482223510742187500e+00,5.162533760070800781e+00,3.926334142684936523e+00,4.932103633880615234e+00
1.242070083618164062e+02,8.929685592651367188e+00,6.599944829940795898e-01,8.316120505332946777e-01,3.526023387908935547e+00,4.931705594062805176e-01,4.752344191074371338e-01,6.262515187263488770e-01,6.221413135528564453e+00,5.343667030334472656e+00,1.066707670688629150e-01,6.587840557098388672e+00,9.192752838134765625e+00,3.948743104934692383e+00,4.943513870239257812e+00
1.247078475952148438e+02,9.015005111694335938e+00,7.359973192214965820e-01,8.614798784255981445e-01,3.685292243957519531e+00,8.489500880241394043e-01,8.384607434272766113e-01,5.952085554599761963e-02,6.209145545959472656e+00,5.338385105133056641e+00,6.560131907463073730e-02,6.423499107360839844e+00,8.114831924438476562e+00,3.961190462112426758e+00,4.947517871856689453e+00
1.252086791992187500e+02,9.045907020568847656e+00,8.237598538398742676e-01,8.256571888923645020e-01,3.762249708175659180e+00,8.427579402923583984e-01,8.950970768928527832e-01,3.241247683763504028e-02,6.199759006500244141e+00,5.335075378417968750e+00,3.775034472346305847e-02,6.388812541961669922e+00,8.453795433044433594e+00,3.970896959304809570e+00,4.949976921081542969e+00
1.257095184326171875e+02,9.051248550415039062e+00,1.003181815147399902e+00,8.177042007446289062e-01,3.838140487670898438e+00,8.828678131103515625e-01,1.011572837829589844e+00,5.062076076865196228e-02,6.192264556884765625e+00,5.332603454589843750e+00,2.892133779823780060e-02,6.361347198486328125e+00,8.412642478942871094e+00,3.979195594787597656e+00,4.951773166656494141e+00
1.262103500366210938e+02,9.111977577209472656e+00,1.393214106559753418e+00,8.122659325599670410e-01,3.885553121566772461e+00,9.023469090461730957e-01,1.155153989791870117e+00,6.041036918759346008e-02,6.185635089874267578e+00,5.330431461334228516e+00,3.403539210557937622e-02,6.333888530731201172e+00,8.344058036804199219e+00,3.986635208129882812e+00,4.953167915344238281e+00
1.267111816406250000e+02,9.019546508789062500e+00,7.820530891418457031e+00,8.507142066955566406e-01,3.936149835586547852e+00,9.349571466445922852e-01,1.321310639381408691e+00,6.435513496398925781e-02,6.179496765136718750e+00,5.328464508056640625e+00,2.617049217224121094e-01,6.290547847747802734e+00,8.259905815124511719e+00,3.993529319763183594e+00,4.954381942749023438e+00
1.272120208740234375e+02,9.166503906250000000e+00,9.165627479553222656e+00,5.049721002578735352e-01,3.872199773788452148e+00,7.861500978469848633e-01,1.399915814399719238e+00,6.487455964088439941e-02,6.173742294311523438e+00,5.326639652252197266e+00,2.367451339960098267e-01,6.367257595062255859e+00,8.228711128234863281e+00,4.000007629394531250e+00,4.955504894256591797e+00
1.277128524780273438e+02,8.341405868530273438e+00,8.653553009033203125e+00,5.210008025169372559e-01,3.871295452117919922e+00,7.867850065231323242e-01,1.496459245681762695e+00,6.585735827684402466e-02,6.168277263641357422e+00,5.324846744537353516e+00,8.887805342674255371e-01,6.363001346588134766e+00,8.176693916320800781e+00,4.005969524383544922e+00,4.956461906433105469e+00
1.282136840820312500e+02,5.807103633880615234e+00,5.991332054138183594e+00,5.429891943931579590e-01,3.859209299087524414e+00,7.734466195106506348e-01,1.595018744468688965e+00,6.555961072444915771e-02,6.163261413574218750e+00,5.323180675506591797e+00,4.275269985198974609e+00,6.340508937835693359e+00,8.112975120544433594e+00,4.011439323425292969e+00,4.957331180572509766e+00
1.287145233154296875e+02,5.257181167602539062e+00,5.272039890289306641e+00,5.504050850868225098e-01,3.882083415985107422e+00,7.415459156036376953e-01,1.693329691886901855e+00,6.602724641561508179e-02,6.158740043640136719e+00,5.321664333343505859e+00,4.829720497131347656e+00,6.380752563476562500e+00,8.055351257324218750e+00,4.016335964202880859e+00,4.958114147186279297e+00
1.292153625488281250e+02,5.088727951049804688e+00,5.095424652099609375e+00,5.305088758468627930e-01,3.932886123657226562e+00,6.917568445205688477e-01,1.788935661315917969e+00,6.688444316387176514e-02,6.154788017272949219e+00,5.320338249206542969e+00,4.944042682647705078e+00,6.461848258972167969e+00,7.997973442077636719e+00,4.020631313323974609e+00,4.958824634552001953e+00
1.297161865234375000e+02,5.030946731567382812e+00,5.034152507781982422e+00,4.659853875637054443e-01,3.948209524154663086e+00,6.246476769447326660e-01,1.881663203239440918e+00,6.844682991504669189e-02,6.151445865631103516e+00,5.319244861602783203e+00,4.980749607086181641e+00,6.463040828704833984e+00,7.941864967346191406e+00,4.024310111999511719e+00,4.959489345550537109e+00
1.302170257568359375e+02,5.010673046112060547e+00,5.012029647827148438e+00,3.469579517841339111e-01,3.994509935379028320e+00,5.427609682083129883e-01,1.971801877021789551e+00,7.120904326438903809e-02,6.148679256439208984e+00,5.318346977233886719e+00,4.993396759033203125e+00,6.493278503417968750e+00,7.886666297912597656e+00,4.027339935302734375e+00,4.960061550140380859e+00
1.307178649902343750e+02,5.003624439239501953e+00,5.004153728485107422e+00,2.056493461132049561e-01,3.990319252014160156e+00,4.533244371414184570e-01,2.058068037033081055e+00,7.493723183870315552e-02,6.146487712860107422e+00,5.317574977874755859e+00,4.997766017913818359e+00,6.402514934539794922e+00,7.821587085723876953e+00,4.029752254486083984e+00,4.960482120513916016e+00
1.312187042236328125e+02,5.001338005065917969e+00,5.001581192016601562e+00,8.662199974060058594e-02,4.122916698455810547e+00,6.910302489995956421e-02,1.162084579467773438e+00,3.766175806522369385e-01,6.175358772277832031e+00,5.339789390563964844e+00,4.999181747436523438e+00,6.559905529022216797e+00,8.284477233886718750e+00,4.059631824493408203e+00,4.977717399597167969e+00
1.317195281982421875e+02,5.000442028045654297e+00,5.000524997711181641e+00,5.779613554477691650e-02,4.264952659606933594e+00,8.704300969839096069e-02,2.186500549316406250e+00,4.867976605892181396e-01,6.107008934020996094e+00,5.324816703796386719e+00,4.999735355377197266e+00,6.467813968658447266e+00,7.590682983398437500e+00,4.119933128356933594e+00,4.977341651916503906e+00
1.322203674316406250e+02,5.000145435333251953e+00,5.000172138214111328e+00,4.380942508578300476e-02,4.392760753631591797e+00,1.269094645977020264e-01,2.596734762191772461e+00,7.925346493721008301e-01,6.059724807739257812e+00,5.311164379119873047e+00,4.999918937683105469e+00,6.365839481353759766e+00,7.378080844879150391e+00,4.155620574951171875e+00,4.977831840515136719e+00
1.327212066650390625e+02,5.000051021575927734e+00,5.000060558319091797e+00,4.213388264179229736e-02,4.501049041748046875e+00,2.603050172328948975e-01,2.734992504119873047e+00,8.737238049507141113e-01,6.031210899353027344e+00,5.298449993133544922e+00,4.999976634979248047e+00,6.247847557067871094e+00,7.305592536926269531e+00,4.176259517669677734e+00,4.981312751770019531e+00
1.332220306396484375e+02,5.000020503997802734e+00,5.000023841857910156e+00,4.917222261428833008e-02,4.589219570159912109e+00,4.866719245910644531e-01,2.783354759216308594e+00,8.962035179138183594e-01,6.020108699798583984e+00,5.290830135345458984e+00,4.999995708465576172e+00,6.143424034118652344e+00,7.283609390258789062e+00,4.181762218475341797e+00,4.983531475067138672e+00
1.337228698730468750e+02,5.000010490417480469e+00,5.000011920928955078e+00,6.551443785429000854e-02,4.629034519195556641e+00,6.290053129196166992e-01,2.802388906478881836e+00,9.083036184310913086e-01,6.020601272583007812e+00,5.287782192230224609e+00,5.000001907348632812e+00,6.085848808288574219e+00,7.278013229370117188e+00,4.177002906799316406e+00,4.983833312988281250e+00
1.342237091064453125e+02,5.000007152557373047e+00,5.000007629394531250e+00,9.394095093011856079e-02,4.636976242065429688e+00,6.846482753753662109e-01,2.810376882553100586e+00,9.132004380226135254e-01,6.027474880218505859e+00,5.287635326385498047e+00,5.000004291534423828e+00,6.057074546813964844e+00,7.278859138488769531e+00,4.166718959808349609e+00,4.982807636260986328e+00
1.347245483398437500e+02,5.000005722045898438e+00,5.000005722045898438e+00,1.395336240530014038e-01,4.635816574096679688e+00,7.252284288406372070e-01,2.814768791198730469e+00,9.162732958793640137e-01,6.037547111511230469e+00,5.289164543151855469e+00,5.000005245208740234e+00,6.035281658172607422e+00,7.281693935394287109e+00,4.153770923614501953e+00,4.980999469757080078e+00
1.352253723144531250e+02,5.000005722045898438e+00,5.000005722045898438e+00,2.073218673467636108e-01,4.631778717041015625e+00,7.693228721618652344e-01,2.818022012710571289e+00,9.191650152206420898e-01,6.048898696899414062e+00,5.291542530059814453e+00,5.000005245208740234e+00,6.015742301940917969e+00,7.285043716430664062e+00,4.139909267425537109e+00,4.978817462921142578e+00
1.357262115478515625e+02,5.000005245208740234e+00,5.000005245208740234e+00,2.971040010452270508e-01,4.625202178955078125e+00,8.181952834129333496e-01,2.820863246917724609e+00,9.220453500747680664e-01,6.060425281524658203e+00,5.294271469116210938e+00,5.000005245208740234e+00,5.999670028686523438e+00,7.288490772247314453e+00,4.126149654388427734e+00,4.976531028747558594e+00
1.362270507812500000e+02,5.000005245208740234e+00,5.000005245208740234e+00,4.069698452949523926e-01,4.614383220672607422e+00,8.683583140373229980e-01,2.823462009429931641e+00,9.247159361839294434e-01,6.071522712707519531e+00,5.297054767608642578e+00,5.000005245208740234e+00,5.989739894866943359e+00,7.291922569274902344e+00,4.113045215606689453e+00,4.974284172058105469e+00
1.367278747558593750e+02,5.000005245208740234e+00,5.000005245208740234e+00,5.570048689842224121e-01,4.606902122497558594e+00,9.148975014686584473e-01,2.825858116149902344e+00,9.267746210098266602e-01,6.081887722015380859e+00,5.299732208251953125e+00,5.000005245208740234e+00,5.979325771331787109e+00,7.295297622680664062e+00,4.100867271423339844e+00,4.972161293029785156e+00
1.372287139892578125e+02,5.000005245208740234e+00,5.000005245208740234e+00,8.501885533332824707e-01,4.612536907196044922e+00,9.478112459182739258e-01,2.828086376190185547e+00,9.276894927024841309e-01,6.091387748718261719e+00,5.302232265472412109e+00,5.000005245208740234e+00,5.962297439575195312e+00,7.298567771911621094e+00,4.089729785919189453e+00,4.970209598541259766e+00
1.377295532226562500e+02,5.000005245208740234e+00,5.000005245208740234e+00,1.608976960182189941e+00,4.602389335632324219e+00,9.497868418693542480e-01,2.830019950866699219e+00,9.274635314941406250e-01,6.100002765655517578e+00,5.304518699645996094e+00,5.000005245208740234e+00,5.970551490783691406e+00,7.301742553710937500e+00,4.079638481140136719e+00,4.968432426452636719e+00
1.382303771972656250e+02,5.000005245208740234e+00,5.000005245208740234e+00,3.052499532699584961e+00,4.545295238494873047e+00,9.268252849578857422e-01,2.831557750701904297e+00,9.268415570259094238e-01,6.107760906219482422e+00,5.306584835052490234e+00,5.000005245208740234e+00,6.027967453002929688e+00,7.304799079895019531e+00,4.070547580718994141e+00,4.966826915740966797e+00
1.387312164306640625e+02,5.000005245208740234e+00,5.000005245208740234e+00,4.866660594940185547e+00,4.454292297363281250e+00,9.211251735687255859e-01,2.832962036132812500e+00,9.265164136886596680e-01,6.114719390869140625e+00,5.308448791503906250e+00,5.000005245208740234e+00,6.103140354156494141e+00,7.307620048522949219e+00,4.062384128570556641e+00,4.965384960174560547e+00
1.392320556640625000e+02,5.000005245208740234e+00,5.000005245208740234e+00,6.182269573211669922e+00,4.326251506805419922e+00,9.597622156143188477e-01,2.834476709365844727e+00,9.268082380294799805e-01,6.120947837829589844e+00,5.310117244720458984e+00,5.000005245208740234e+00,6.185262203216552734e+00,7.310077190399169922e+00,4.055065155029296875e+00,4.964088916778564453e+00
1.397328948974609375e+02,5.000005245208740234e+00,5.000005245208740234e+00,5.240407943725585938e+00,4.141602993011474609e+00,1.036038994789123535e+00,2.836043119430541992e+00,9.273471236228942871e-01,6.126508235931396484e+00,5.311606884002685547e+00,5.000005245208740234e+00,6.290174007415771484e+00,7.312185287475585938e+00,4.048521518707275391e+00,4.962929248809814453e+00
1.402337188720703125e+02,5.000005245208740234e+00,5.000005245208740234e+00,5.019569873809814453e+00,3.887500762939453125e+00,1.145729303359985352e+00,2.837552785873413086e+00,9.277606606483459473e-01,6.131463527679443359e+00,5.312928676605224609e+00,5.000005245208740234e+00,6.423789024353027344e+00,7.313992977142333984e+00,4.042680740356445312e+00,4.961895465850830078e+00
1.407345581054687500e+02,5.000005245208740234e+00,5.000005245208740234e+00,5.001550197601318359e+00,3.565164804458618164e+00,1.294162392616271973e+00,2.838949203491210938e+00,9.279389977455139160e-01,6.135878086090087891e+00,5.314113140106201172e+00,5.000005245208740234e+00,6.578073024749755859e+00,7.315544605255126953e+00,4.037472724914550781e+00,4.960975646972656250e+00
1.412353973388671875e+02,5.000005245208740234e+00,5.000005245208740234e+00,5.000126361846923828e+00,3.197325944900512695e+00,1.487509965896606445e+00,2.840157032012939453e+00,9.278879165649414062e-01,6.139807224273681641e+00,5.315162658691406250e+00,5.000005245208740234e+00,6.736003875732421875e+00,7.316855907440185547e+00,4.032831668853759766e+00,4.960156440734863281e+00
1.417362213134765625e+02,5.000005245208740234e+00,5.000005245208740234e+00,5.000014781951904297e+00,2.822097063064575195e+00,1.742931127548217773e+00,2.839817285537719727e+00,9.283189177513122559e-01,6.237416744232177734e+00,5.457498073577880859e+00,5.000005245208740234e+00,6.877045631408691406e+00,7.314238071441650391e+00,3.927080631256103516e+00,4.826858520507812500e+00
1.422370605468750000e+02,5.000005245208740234e+00,5.000005245208740234e+00,5.000005722045898438e+00,2.506289720535278320e+00,2.017654418945312500e+00,2.841042041778564453e+00,9.275601506233215332e-01,6.232086181640625000e+00,5.372129917144775391e+00,5.000005245208740234e+00,6.982877731323242188e+00,7.316951751708984375e+00,3.936008453369140625e+00,4.916250228881835938e+00
1.427378997802734375e+02,5.000005245208740234e+00,5.000005245208740234e+00,5.000005245208740234e+00,2.282742500305175781e+00,2.309645891189575195e+00,2.841851472854614258e+00,9.274464249610900879e-01,6.207797050476074219e+00,5.345892906188964844e+00,5.000005245208740234e+00,7.045659542083740234e+00,7.318444728851318359e+00,3.961707592010498047e+00,4.939865112304687500e+00
1.432387237548828125e+02,5.000005245208740234e+00,5.000005245208740234e+00,5.000005245208740234e+00,2.161247253417968750e+00,2.606307268142700195e+00,2.842390298843383789e+00,9.276142120361328125e-01,6.188998222351074219e+00,5.334579467773437500e+00,5.000005245208740234e+00,7.064030647277832031e+00,7.319229125976562500e+00,3.980705976486206055e+00,4.947978973388671875e+00
1.437395629882812500e+02,5.000005245208740234e+00,5.000005245208740234e+00,5.000005245208740234e+00,2.143826484680175781e+00,2.908669233322143555e+00,2.842787742614746094e+00,9.280424118041992188e-01,6.177212715148925781e+00,5.328742980957031250e+00,5.000005245208740234e+00,7.035494327545166016e+00,7.319423198699951172e+00,3.992337226867675781e+00,4.951568126678466797e+00
1.442404022216796875e+02,5.000005245208740234e+00,5.000005245208740234e+00,5.000005245208740234e+00,2.244668722152709961e+00,3.233610153198242188e+00,2.843163490295410156e+00,9.285552501678466797e-01,6.170392990112304688e+00,5.325505256652832031e+00,5.000005245208740234e+00,6.948144912719726562e+00,7.319018363952636719e+00,3.998913764953613281e+00,4.953392505645751953e+00
1.447412414550781250e+02,5.000005245208740234e+00,5.000005245208740234e+00,5.000005245208740234e+00,2.508648395538330078e+00,3.614114522933959961e+00,2.843676567077636719e+00,9.288398027420043945e-01,6.166695117950439453e+00,5.323696136474609375e+00,5.000005245208740234e+00,6.771783351898193359e+00,7.317970275878906250e+00,4.002357959747314453e+00,4.954353809356689453e+00
1.452420654296875000e+02,5.000005245208740234e+00,5.000005245208740234e+00,5.000005245208740234e+00,3.034270048141479492e+00,4.108862876892089844e+00,2.844417810440063477e+00,9.284332990646362305e-01,6.164877891540527344e+00,5.322712898254394531e+00,5.000005245208740234e+00,6.439961433410644531e+00,7.316243171691894531e+00,4.003931522369384766e+00,4.954836368560791016e+00
1.457429046630859375e+02,5.000005245208740234e+00,5.000005245208740234e+00,5.000005245208740234e+00,3.974973917007446289e+00,4.810059547424316406e+00,2.845107078552246094e+00,9.267695546150207520e-01,6.164164066314697266e+00,5.322223663330078125e+00,5.000005245208740234e+00,5.821608543395996094e+00,7.314044475555419922e+00,4.004423141479492188e+00,4.955050945281982422e+00
1.462437438964843750e+02,5.000005245208740234e+00,5.000005245208740234e+00,5.000005245208740234e+00,5.286386013031005859e+00,5.727577209472656250e+00,2.844894886016845703e+00,9.234089851379394531e-01,6.164079666137695312e+00,5.322016239166259766e+00,5.000005245208740234e+00,4.822994709014892578e+00,7.311853408813476562e+00,4.004306316375732422e+00,4.955107212066650391e+00
1.467445678710937500e+02,5.000005245208740234e+00,5.000005245208740234e+00,5.000005245208740234e+00,6.116101264953613281e+00,6.313142776489257812e+00,2.843618154525756836e+00,9.194467067718505859e-01,6.164338588714599609e+00,5.321970939636230469e+00,5.000005245208740234e+00,4.091953754425048828e+00,7.309556484222412109e+00,4.003865242004394531e+00,4.955073356628417969e+00
1.472454071044921875e+02,5.000005245208740234e+00,5.000005245208740234e+00,5.000005245208740234e+00,5.783968925476074219e+00,5.915721416473388672e+00,2.842409849166870117e+00,9.177245497703552246e-01,6.164777755737304688e+00,5.322021007537841797e+00,5.000005245208740234e+00,4.411579132080078125e+00,7.306189537048339844e+00,4.003262519836425781e+00,4.954999446868896484e+00
1.477462463378906250e+02,5.000005245208740234e+00,5.000005245208740234e+00,5.000005245208740234e+00,5.313585758209228516e+00,5.379269123077392578e+00,2.841451406478881836e+00,9.181262850761413574e-01,6.165297031402587891e+00,5.322116374969482422e+00,5.000005245208740234e+00,4.788432598114013672e+00,7.301712036132812500e+00,4.002596855163574219e+00,4.954900741577148438e+00
1.482470855712890625e+02,5.000005245208740234e+00,5.000005245208740234e+00,5.000005245208740234e+00,5.113967418670654297e+00,5.138815879821777344e+00,2.840403795242309570e+00,9.191245436668395996e-01,6.165833473205566406e+00,5.322233676910400391e+00,5.000005245208740234e+00,4.927289009094238281e+00,7.296491146087646484e+00,4.001927852630615234e+00,4.954793930053710938e+00
1.487479095458984375e+02,5.000005245208740234e+00,5.000005245208740234e+00,5.000005245208740234e+00,5.040896415710449219e+00,5.049662590026855469e+00,2.839140415191650391e+00,9.202553629875183105e-01,6.166358947753906250e+00,5.322353839874267578e+00,5.000005245208740234e+00,4.974451541900634766e+00,7.290606975555419922e+00,4.001286506652832031e+00,4.954685211181640625e+00
1.492487487792968750e+02,5.000005245208740234e+00,5.000005245208740234e+00,5.000005245208740234e+00,5.014629840850830078e+00,5.017665386199951172e+00,2.837631464004516602e+00,9.213856458663940430e-01,6.166851520538330078e+00,5.322478771209716797e+00,5.000005245208740234e+00,4.990931987762451172e+00,7.284072875976562500e+00,4.000687599182128906e+00,4.954586982727050781e+00
1.497495880126953125e+02,5.000005245208740234e+00,5.000005245208740234e+00,5.000005245208740234e+00,5.005224227905273438e+00,5.006268978118896484e+00,2.835844993591308594e+00,9.225038290023803711e-01,6.167307853698730469e+00,5.322595596313476562e+00,5.000005245208740234e+00,4.996775627136230469e+00,7.276837348937988281e+00,4.000136852264404297e+00,4.954492092132568359e+00
1.502504119873046875e+02,5.000005245208740234e+00,5.000005245208740234e+00,5.000005245208740234e+00,5.001863479614257812e+00,5.002223014831542969e+00,2.833773851394653320e+00,9.235643148422241211e-01,6.167724132537841797e+00,5.322700500488281250e+00,5.000005245208740234e+00,4.998856544494628906e+00,7.268877506256103516e+00,3.999640226364135742e+00,4.954403400421142578e+00
1.507512512207031250e+02,5.000005245208740234e+00,5.000005245208740234e+00,5.000005245208740234e+00,5.000666141510009766e+00,5.000789165496826172e+00,2.831414699554443359e+00,9.246162176132202148e-01,6.168098449707031250e+00,5.322800636291503906e+00,5.000005245208740234e+00,4.999596595764160156e+00,7.260190486907958984e+00,3.999191284179687500e+00,4.954328060150146484e+00
1.512520904541015625e+02,5.000005245208740234e+00,5.000005245208740234e+00,5.000005245208740234e+00,5.000239849090576172e+00,5.000282287597656250e+00,2.828756093978881836e+00,9.256204366683959961e-01,6.168436527252197266e+00,5.322888851165771484e+00,5.000005245208740234e+00,4.999859809875488281e+00,7.250749588012695312e+00,3.998788833618164062e+00,4.954258918762207031e+00
1.517529144287109375e+02,5.000005245208740234e+00,5.000005245208740234e+00,5.000005245208740234e+00,5.000088691711425781e+00,5.000102996826171875e+00,2.825797319412231445e+00,9.266001582145690918e-01,6.168737411499023438e+00,5.322965621948242188e+00,5.000005245208740234e+00,4.999954223632812500e+00,7.240562438964843750e+00,3.998429775238037109e+00,4.954194545745849609e+00
1.522537536621093750e+02,5.000005245208740234e+00,5.000005245208740234e+00,5.000005245208740234e+00,5.000034809112548828e+00,5.000039577484130859e+00,2.822554588317871094e+00,9.275423288345336914e-01,6.169006347656250000e+00,5.323039531707763672e+00,5.000005245208740234e+00,4.999987602233886719e+00,7.229673385620117188e+00,3.998109579086303711e+00,4.954142093658447266e+00
1.527545928955078125e+02,5.000005245208740234e+00,5.000005245208740234e+00,5.000005245208740234e+00,5.000015735626220703e+00,5.000017166137695312e+00,2.819036722183227539e+00,9.284471869468688965e-01,6.169243812561035156e+00,5.323101520538330078e+00,5.000005245208740234e+00,4.999998569488525391e+00,7.218115329742431641e+00,3.997825384140014648e+00,4.954093456268310547e+00
1.532554321289062500e+02,5.000005245208740234e+00,5.000005245208740234e+00,5.000005245208740234e+00,5.000009536743164062e+00,5.000009536743164062e+00,2.815265178680419922e+00,9.293736815452575684e-01,6.169456958770751953e+00,5.323159694671630859e+00,5.000005245208740234e+00,5.000002861022949219e+00,7.205966949462890625e+00,3.997573137283325195e+00,4.954048633575439453e+00
1.537562561035156250e+02,5.000005245208740234e+00,5.000005245208740234e+00,5.000005245208740234e+00,5.000006198883056641e+00,5.000007152557373047e+00,2.811254739761352539e+00,9.302849173545837402e-01,6.169643878936767578e+00,5.323207378387451172e+00,5.000005245208740234e+00,5.000004768371582031e+00,7.193335056304931641e+00,3.997348546981811523e+00,4.954007625579833984e+00
1.542570953369140625e+02,5.000005245208740234e+00,5.000005245208740234e+00,5.000005245208740234e+00,5.000005722045898438e+00,5.000005722045898438e+00,2.807039260864257812e+00,9.312652349472045898e-01,6.169813156127929688e+00,5.323255062103271484e+00,5.000005245208740234e+00,5.000005245208740234e+00,7.180371284484863281e+00,3.997149467468261719e+00,4.953975677490234375e+00
1.547579345703125000e+02,5.000005245208740234e+00,5.000005245208740234e+00,5.000005245208740234e+00,5.000005245208740234e+00,5.000005245208740234e+00,2.802620410919189453e+00,9.323307275772094727e-01,6.169960021972656250e+00,5.323295593261718750e+00,5.000005245208740234e+00,5.000005245208740234e+00,7.167226314544677734e+00,3.996972322463989258e+00,4.953944683074951172e+00
1.552587585449218750e+02,5.000005245208740234e+00,5.000005245208740234e+00,5.000005245208740234e+00,5.000005245208740234e+00,5.000005245208740234e+00,2.797994613647460938e+00,9.335799813270568848e-01,6.170091152191162109e+00,5.323328495025634766e+00,5.000005245208740234e+00,5.000005245208740234e+00,7.154092788696289062e+00,3.996815919876098633e+00,4.953916072845458984e+00
1.557595977783203125e+02,5.000005245208740234e+00,5.000005245208740234e+00,5.000005245208740234e+00,5.000005245208740234e+00,5.000005245208740234e+00,2.793133258819580078e+00,9.350984692573547363e-01,6.170207977294921875e+00,5.323363304138183594e+00,5.000005245208740234e+00,5.000005245208740234e+00,7.141200542449951172e+00,3.996677875518798828e+00,4.953895092010498047e+00
1.562604370117187500e+02,5.000005245208740234e+00,5.000005245208740234e+00,5.000005245208740234e+00,5.000005245208740234e+00,5.000005245208740234e+00,2.787938356399536133e+00,9.371122121810913086e-01,6.170311450958251953e+00,5.323390960693359375e+00,5.000005245208740234e+00,5.000005245208740234e+00,7.128771305084228516e+00,3.996554613113403320e+00,4.953874588012695312e+00
1.567612762451171875e+02,5.000005245208740234e+00,5.000005245208740234e+00,5.000005245208740234e+00,5.000005245208740234e+00,5.000005245208740234e+00,2.782266378402709961e+00,9.397145509719848633e-01,6.170403480529785156e+00,5.323416709899902344e+00,5.000005245208740234e+00,5.000005245208740234e+00,7.117062568664550781e+00,3.996446371078491211e+00,4.953855991363525391e+00
1.572621002197265625e+02,5.000005245208740234e+00,5.000005245208740234e+00,5.000005245208740234e+00,5.000005245208740234e+00,5.000005245208740234e+00,2.775881290435791016e+00,9.432881474494934082e-01,6.170484542846679688e+00,5.323437213897705078e+00,5.000005245208740234e+00,5.000005245208740234e+00,7.106326580047607422e+00,3.996349811553955078e+00,4.953836917877197266e+00
1.577629394531250000e+02,5.000005245208740234e+00,5.000005245208740234e+00,5.000005245208740234e+00,5.000005245208740234e+00,5.000005245208740234e+00,2.768446445465087891e+00,9.480344057083129883e-01,6.170556068420410156e+00,5.323458671569824219e+00,5.000005245208740234e+00,5.000005245208740234e+00,7.096863746643066406e+00,3.996264696121215820e+00,4.953825950622558594e+00
1.582637786865234375e+02,5.000005245208740234e+00,5.000005245208740234e+00,5.000005245208740234e+00,5.000005245208740234e+00,5.000005245208740234e+00,2.759506225585937500e+00,9.544199705123901367e-01,6.170619487762451172e+00,5.323476314544677734e+00,5.000005245208740234e+00,5.000005245208740234e+00,7.088932514190673828e+00,3.996187925338745117e+00,4.953813076019287109e+00
1.587646026611328125e+02,5.000005245208740234e+00,5.000005245208740234e+00,5.000005245208740234e+00,5.000005245208740234e+00,5.000005245208740234e+00,2.748444318771362305e+00,9.629234671592712402e-01,6.170675277709960938e+00,5.323490142822265625e+00,5.000005245208740234e+00,5.000005245208740234e+00,7.082846641540527344e+00,3.996121644973754883e+00,4.953799247741699219e+00
1.592654418945312500e+02,5.000005245208740234e+00,5.000005245208740234e+00,5.000005245208740234e+00,5.000005245208740234e+00,5.000005245208740234e+00,2.734484434127807617e+00,9.739879965782165527e-01,6.170725822448730469e+00,5.323506832122802734e+00,5.000005245208740234e+00,5.000005245208740234e+00,7.078933238983154297e+00,3.996062040328979492e+00,4.953792095184326172e+00
1.597662811279296875e+02,5.000005245208740234e+00,5.000005245208740234e+00,5.000005245208740234e+00,5.000005245208740234e+00,5.000005245208740234e+00,2.716652154922485352e+00,9.883592724800109863e-01,6.170770645141601562e+00,5.323518753051757812e+00,5.000005245208740234e+00,5.000005245208740234e+00,7.077525138854980469e+00,3.996009588241577148e+00,4.953783988952636719e+00
1.602671051025390625e+02,5.000005245208740234e+00,5.000005245208740234e+00,5.000005245208740234e+00,5.000005245208740234e+00,5.000005245208740234e+00,2.693717718124389648e+00,1.006879568099975586e+00,6.170808792114257812e+00,5.323526859283447266e+00,5.000005245208740234e+00,5.000005245208740234e+00,7.079032421112060547e+00,3.995963573455810547e+00,4.953773498535156250e+00
1.607679443359375000e+02,5.000005245208740234e+00,5.000005245208740234e+00,5.000005245208740234e+00,5.000005245208740234e+00,5.000005245208740234e+00,2.664177179336547852e+00,1.030480027198791504e+00,6.170843124389648438e+00,5.323539733886718750e+00,5.000005245208740234e+00,5.000005245208740234e+00,7.083937644958496094e+00,3.995922565460205078e+00,4.953768730163574219e+00
1.612687835693359375e+02,5.000005245208740234e+00,5.000005245208740234e+00,5.000005245208740234e+00,5.000005245208740234e+00,5.000005245208740234e+00,2.626187562942504883e+00,1.060271382331848145e+00,6.170875549316406250e+00,5.323548316955566406e+00,5.000005245208740234e+00,5.000005245208740234e+00,7.092785358428955078e+00,3.995885610580444336e+00,4.953763008117675781e+00
1.617696228027343750e+02,5.000005245208740234e+00,5.000005245208740234e+00,5.000005245208740234e+00,5.000005245208740234e+00,5.000005245208740234e+00,2.577581405639648438e+00,1.097787857055664062e+00,6.170902729034423828e+00,5.323555469512939453e+00,5.000005245208740234e+00,5.000005245208740234e+00,7.106176853179931641e+00,3.995852470397949219e+00,4.953758716583251953e+00
1.622704467773437500e+02,5.000005245208740234e+00,5.000005245208740234e+00,5.000005245208740234e+00,5.000005245208740234e+00,5.000005245208740234e+00,2.515847206115722656e+00,1.144402980804443359e+00,6.170926570892333984e+00,5.323559284210205078e+00,5.000005245208740234e+00,5.000005245208740234e+00,7.124737739562988281e+00,3.995824337005615234e+00,4.953751087188720703e+00
1.627712860107421875e+02,5.000005245208740234e+00,5.000005245208740234e+00,5.000005245208740234e+00,5.000005245208740234e+00,5.000005245208740234e+00,2.438469648361206055e+00,1.201896548271179199e+00,6.170948505401611328e+00,5.323568344116210938e+00,5.000005245208740234e+00,5.000005245208740234e+00,7.148863792419433594e+00,3.995799064636230469e+00,4.953750133514404297e+00
1.632721252441406250e+02,5.000005245208740234e+00,5.000005245208740234e+00,5.000005245208740234e+00,5.000005245208740234e+00,5.000005245208740234e+00,2.343399763107299805e+00,1.271977901458740234e+00,6.170966625213623047e+00,5.323573589324951172e+00,5.000005245208740234e+00,5.000005245208740234e+00,7.178491592407226562e+00,3.995777606964111328e+00,4.953745365142822266e+00
1.637729492187500000e+02,5.000005245208740234e+00,5.000005245208740234e+00,5.000005245208740234e+00,5.000005245208740234e+00,5.000005245208740234e+00,2.230370521545410156e+00,1.355583548545837402e+00,6.170983791351318359e+00,5.323575496673583984e+00,5.000005245208740234e+00,5.000005245208740234e+00,7.212536334991455078e+00,3.995757341384887695e+00,4.953740596771240234e+00
1.642737884521484375e+02,5.000005245208740234e+00,5.000005245208740234e+00,5.000005245208740234e+00,5.000005245208740234e+00,5.000005245208740234e+00,2.102899074554443359e+00,1.452971100807189941e+00,6.170997619628906250e+00,5.323582649230957031e+00,5.000005245208740234e+00,5.000005245208740234e+00,7.248129844665527344e+00,3.995740175247192383e+00,4.953740119934082031e+00
1.647746276855468750e+02,5.000005245208740234e+00,5.000005245208740234e+00,5.000005245208740234e+00,5.000005245208740234e+00,5.000005245208740234e+00,1.969587564468383789e+00,1.562796831130981445e+00,6.171011447906494141e+00,5.323586463928222656e+00,5.000005245208740234e+00,5.000005245208740234e+00,7.280498981475830078e+00,3.995726108551025391e+00,4.953737258911132812e+00
1.652754516601562500e+02,5.000005245208740234e+00,5.000005245208740234e+00,5.000005245208740234e+00,5.000005245208740234e+00,5.000005245208740234e+00,1.843133211135864258e+00,1.682378888130187988e+00,6.171020030975341797e+00,5.323586463928222656e+00,5.000005245208740234e+00,5.000005245208740234e+00,7.303797721862792969e+00,3.995712280273437500e+00,4.953732967376708984e+00
1.657762908935546875e+02,5.000005245208740234e+00,5.000005245208740234e+00,5.000005245208740234e+00,5.000005245208740234e+00,5.000005245208740234e+00,1.735818505287170410e+00,1.807578444480895996e+00,6.171031951904296875e+00,5.323591232299804688e+00,5.000005245208740234e+00,5.000005245208740234e+00,7.313215255737304688e+00,3.995700836181640625e+00,4.953733444213867188e+00
1.662771301269531250e+02,9.160467147827148438e+00,6.106335520744323730e-01,9.799205780029296875e+00,9.482697486877441406e+00,9.667769432067871094e+00,9.768258094787597656e+00,9.847455024719238281e+00,6.180868148803710938e+00,5.326327323913574219e+00,4.066754579544067383e-01,3.790060579776763916e-01,1.626224219799041748e-01,3.985308647155761719e+00,4.951230049133300781e+00
1.667779693603515625e+02,8.857278823852539062e+00,1.449730277061462402e+00,6.507920742034912109e+00,9.708342552185058594e+00,9.894585609436035156e+00,9.893596649169921875e+00,9.925962448120117188e+00,6.200359821319580078e+00,5.335896968841552734e+00,9.008905887603759766e-01,1.842363625764846802e-01,6.706222146749496460e-02,3.960648059844970703e+00,4.943580150604248047e+00
1.672787933349609375e+02,8.757773399353027344e+00,1.306815862655639648e+00,3.254281997680664062e+00,8.310765266418457031e+00,7.380641698837280273e-01,3.584880590438842773e+00,9.397592544555664062e+00,6.218690395355224609e+00,5.341655731201171875e+00,4.462289810180664062e-01,1.230388283729553223e+00,4.466451644897460938e+00,3.965111732482910156e+00,4.946156978607177734e+00
1.677796325683593750e+02,9.043517112731933594e+00,8.910800218582153320e-01,1.540974020957946777e+00,6.873057365417480469e+00,1.630364298820495605e+00,8.004165649414062500e+00,2.214318364858627319e-01,6.221668243408203125e+00,5.350040912628173828e+00,1.216833889484405518e-01,3.938447713851928711e+00,1.980307936668395996e+00,3.999702692031860352e+00,4.956789016723632812e+00
1.682804718017578125e+02,8.912526130676269531e+00,4.204672574996948242e-01,3.443097770214080811e-01,5.457925319671630859e+00,9.474217891693115234e-01,5.510176181793212891e+00,9.515419006347656250e-01,6.057519912719726562e+00,5.317675113677978516e+00,2.284032106399536133e-01,5.387555599212646484e+00,6.619040966033935547e+00,4.137029647827148438e+00,4.960974216461181641e+00
1.687812957763671875e+02,8.901409149169921875e+00,4.878157377243041992e-01,4.770878553390502930e-01,4.896430492401123047e+00,9.058106541633605957e-01,3.390273094177246094e+00,8.883656859397888184e-01,6.033193111419677734e+00,5.296746253967285156e+00,2.547408342361450195e-01,5.704271793365478516e+00,6.955242156982421875e+00,4.161437034606933594e+00,4.977470397949218750e+00
1.692821350097656250e+02,8.903344154357910156e+00,4.901265799999237061e-01,4.554212987422943115e-01,4.661682605743408203e+00,8.083892464637756348e-01,2.862728118896484375e+00,7.943716645240783691e-01,6.041018486022949219e+00,5.292176723480224609e+00,2.666193544864654541e-01,5.849903106689453125e+00,7.211459636688232422e+00,4.153802394866943359e+00,4.982005119323730469e+00
1.697829742431640625e+02,8.941332817077636719e+00,4.763147234916687012e-01,4.263019561767578125e-01,7.750078678131103516e+00,6.028741002082824707e-01,2.500571250915527344e+00,7.497105598449707031e-01,6.057483673095703125e+00,5.297218799591064453e+00,3.648843169212341309e-01,3.138894796371459961e+00,7.389950752258300781e+00,4.144479274749755859e+00,4.985027313232421875e+00
1.702838134765625000e+02,8.880453109741210938e+00,4.947172403335571289e-01,4.206404089927673340e-01,7.133900165557861328e+00,1.220131397247314453e+00,2.467926025390625000e+00,7.601869702339172363e-01,6.065426349639892578e+00,5.300001144409179688e+00,3.595293462276458740e-01,5.624699115753173828e+00,7.454657077789306641e+00,4.136062145233154297e+00,4.982762813568115234e+00
1.707846374511718750e+02,8.867070198059082031e+00,4.937295913696289062e-01,4.083612263202667236e-01,5.506221771240234375e+00,1.086248755455017090e+00,2.533467054367065430e+00,7.764928936958312988e-01,6.066999435424804688e+00,5.301098823547363281e+00,3.911135494709014893e-01,5.592251300811767578e+00,7.418911457061767578e+00,4.133010387420654297e+00,4.980888366699218750e+00
1.712854766845703125e+02,8.854856491088867188e+00,4.940974414348602295e-01,3.974927961826324463e-01,4.921775817871093750e+00,1.006397366523742676e+00,2.594364404678344727e+00,7.932817935943603516e-01,6.066734313964843750e+00,5.300963878631591797e+00,4.386053085327148438e-01,5.507578849792480469e+00,7.384290218353271484e+00,4.131330490112304688e+00,4.979675769805908203e+00
1.717863159179687500e+02,8.837683677673339844e+00,5.071222782135009766e-01,3.946947157382965088e-01,4.842076778411865234e+00,9.608170390129089355e-01,2.632953882217407227e+00,8.075305819511413574e-01,6.067393302917480469e+00,5.300618171691894531e+00,5.240515470504760742e-01,5.660083293914794922e+00,7.353281974792480469e+00,4.128978252410888672e+00,4.978766918182373047e+00
1.722871398925781250e+02,8.809123992919921875e+00,5.397576093673706055e-01,3.974734544754028320e-01,4.826912403106689453e+00,9.321088194847106934e-01,2.659029960632324219e+00,8.192549347877502441e-01,6.069212436676025391e+00,5.300354480743408203e+00,6.283540725708007812e-01,5.768301010131835938e+00,7.333480834960937500e+00,4.125069141387939453e+00,4.977700710296630859e+00
1.727879791259765625e+02,8.758639335632324219e+00,6.124252080917358398e-01,4.090318977832794189e-01,4.823820590972900391e+00,9.157063364982604980e-01,2.678457021713256836e+00,8.306771516799926758e-01,6.072315216064453125e+00,5.300520420074462891e+00,7.932638525962829590e-01,5.840572834014892578e+00,7.321257591247558594e+00,4.119777679443359375e+00,4.976539134979248047e+00
1.732888183593750000e+02,8.640008926391601562e+00,8.354769349098205566e-01,4.424532651901245117e-01,4.820611000061035156e+00,9.131094813346862793e-01,2.694262027740478516e+00,8.422658443450927734e-01,6.076488018035888672e+00,5.301105976104736328e+00,1.160300374031066895e+00,5.882849693298339844e+00,7.313725948333740234e+00,4.113483905792236328e+00,4.975290775299072266e+00
1.737896423339843750e+02,8.389270782470703125e+00,2.056489944458007812e+00,5.074971318244934082e-01,4.819238662719726562e+00,9.122970700263977051e-01,2.706828355789184570e+00,8.438495993614196777e-01,6.081266403198242188e+00,5.301936626434326172e+00,1.836759328842163086e+00,5.903261661529541016e+00,7.310075759887695312e+00,4.106777191162109375e+00,4.974041938781738281e+00
1.742904815673828125e+02,8.378963470458984375e+00,5.205508232116699219e+00,3.936027288436889648e-01,4.793363094329833984e+00,8.532061576843261719e-01,2.715090513229370117e+00,8.394722938537597656e-01,6.086425781250000000e+00,5.302950382232666016e+00,1.566308856010437012e+00,5.939343929290771484e+00,7.310220241546630859e+00,4.099892139434814453e+00,4.972803592681884766e+00
1.747913208007812500e+02,8.493156433105468750e+00,6.815832138061523438e+00,3.036701977252960205e-01,4.769647121429443359e+00,8.219013810157775879e-01,2.723886251449584961e+00,8.429117798805236816e-01,6.091906547546386719e+00,5.304138183593750000e+00,1.246294379234313965e+00,5.959513187408447266e+00,7.310338497161865234e+00,4.092767238616943359e+00,4.971496582031250000e+00
1.752921600341796875e+02,8.227025032043457031e+00,7.574785232543945312e+00,2.883921563625335693e-01,4.754625320434570312e+00,8.110595345497131348e-01,2.732419013977050781e+00,8.476004600524902344e-01,6.097438335418701172e+00,5.305394172668457031e+00,1.452661156654357910e+00,5.962334632873535156e+00,7.311199188232421875e+00,4.085690975189208984e+00,4.970188617706298828e+00
1.757929840087890625e+02,6.468287467956542969e+00,6.630871772766113281e+00,2.907983362674713135e-01,4.742206096649169922e+00,8.084150552749633789e-01,2.740518093109130859e+00,8.531640768051147461e-01,6.102903366088867188e+00,5.306670188903808594e+00,3.628748655319213867e+00,5.956725120544433594e+00,7.312454700469970703e+00,4.078788280487060547e+00,4.968912124633789062e+00
1.762938232421875000e+02,5.427217960357666016e+00,5.483882427215576172e+00,2.964698672294616699e-01,4.730505943298339844e+00,8.090007901191711426e-01,2.748011350631713867e+00,8.587254285812377930e-01,6.108198642730712891e+00,5.307940006256103516e+00,4.699585914611816406e+00,5.946572780609130859e+00,7.313964366912841797e+00,4.072155952453613281e+00,4.967692852020263672e+00
1.767946624755859375e+02,5.143800735473632812e+00,5.162505149841308594e+00,3.028497695922851562e-01,4.719519615173339844e+00,8.113312721252441406e-01,2.754888534545898438e+00,8.640295267105102539e-01,6.113266468048095703e+00,5.309170722961425781e+00,4.907895088195800781e+00,5.934146404266357422e+00,7.315540313720703125e+00,4.065853118896484375e+00,4.966534137725830078e+00
1.772954864501953125e+02,5.050520896911621094e+00,5.058313369750976562e+00,3.096227943897247314e-01,4.709935665130615234e+00,8.149374723434448242e-01,2.761195182800292969e+00,8.690440654754638672e-01,6.118061542510986328e+00,5.310347080230712891e+00,4.968410491943359375e+00,5.921568870544433594e+00,7.317039966583251953e+00,4.059909343719482422e+00,4.965442657470703125e+00
1.777963256835937500e+02,5.018007755279541016e+00,5.021234989166259766e+00,3.168288171291351318e-01,4.702451229095458984e+00,8.195788264274597168e-01,2.766992092132568359e+00,8.737717866897583008e-01,6.122576236724853516e+00,5.311467647552490234e+00,4.988832473754882812e+00,5.910700321197509766e+00,7.318412303924560547e+00,4.054340839385986328e+00,4.964427947998046875e+00
1.782971649169921875e+02,5.006442070007324219e+00,5.007740020751953125e+00,3.246252834796905518e-01,4.697338581085205078e+00,8.251368403434753418e-01,2.772332429885864258e+00,8.782323002815246582e-01,6.126792907714843750e+00,5.312520503997802734e+00,4.996021747589111328e+00,5.902676105499267578e+00,7.319626808166503906e+00,4.049150943756103516e+00,4.963482379913330078e+00
1.787980041503906250e+02,5.002304553985595703e+00,5.002813816070556641e+00,3.331932127475738525e-01,4.694316387176513672e+00,8.315177559852600098e-01,2.777274370193481445e+00,8.824389576911926270e-01,6.130717754364013672e+00,5.313504695892333984e+00,4.998583316802978516e+00,5.897824287414550781e+00,7.320713043212890625e+00,4.044334888458251953e+00,4.962608337402343750e+00
1.792988281250000000e+02,5.000824928283691406e+00,5.001019477844238281e+00,3.427617549896240234e-01,4.692620277404785156e+00,8.386893868446350098e-01,2.781863212585449219e+00,8.864011764526367188e-01,6.134353637695312500e+00,5.314415931701660156e+00,4.999498844146728516e+00,5.895791053771972656e+00,7.321696758270263672e+00,4.039881229400634766e+00,4.961799144744873047e+00
1.797996673583984375e+02,5.000296592712402344e+00,5.000370025634765625e+00,3.536164760589599609e-01,4.691263198852539062e+00,8.466725945472717285e-01,2.786138057708740234e+00,8.901385068893432617e-01,6.137710094451904297e+00,5.315265178680419922e+00,4.999825477600097656e+00,5.895838260650634766e+00,7.322604179382324219e+00,4.035775184631347656e+00,4.961060047149658203e+00
1.803005065917968750e+02,5.000108242034912109e+00,5.000135898590087891e+00,3.662286102771759033e-01,4.689211845397949219e+00,8.555603623390197754e-01,2.790119171142578125e+00,8.936614394187927246e-01,6.140802383422851562e+00,5.316048622131347656e+00,4.999941349029541016e+00,5.897278308868408203e+00,7.323439121246337891e+00,4.031999111175537109e+00,4.960379600524902344e+00
1.808013305664062500e+02,5.000041484832763672e+00,5.000051498413085938e+00,3.813250362873077393e-01,4.685611248016357422e+00,8.655123114585876465e-01,2.793822526931762695e+00,8.969917297363281250e-01,6.143640995025634766e+00,5.316766738891601562e+00,4.999982833862304688e+00,5.899726390838623047e+00,7.324187278747558594e+00,4.028536796569824219e+00,4.959753036499023438e+00
1.813021697998046875e+02,5.000018119812011719e+00,5.000021934509277344e+00,4.000895321369171143e-01,4.680073261260986328e+00,8.766416311264038086e-01,2.797264099121093750e+00,9.001139998435974121e-01,6.146243095397949219e+00,5.317430019378662109e+00,4.999997138977050781e+00,5.902987957000732422e+00,7.324846267700195312e+00,4.025368213653564453e+00,4.959187507629394531e+00
1.818030090332031250e+02,5.000010013580322266e+00,5.000010967254638672e+00,4.248879551887512207e-01,4.672342300415039062e+00,8.890444040298461914e-01,2.800451993942260742e+00,9.030330181121826172e-01,6.148621559143066406e+00,5.318035125732421875e+00,5.000002861022949219e+00,5.907275199890136719e+00,7.325391292572021484e+00,4.022472381591796875e+00,4.958669662475585938e+00
1.823038330078125000e+02,5.000007152557373047e+00,5.000007629394531250e+00,4.604595899581909180e-01,4.661980152130126953e+00,9.024308323860168457e-01,2.803384780883789062e+00,9.057160615921020508e-01,6.150794029235839844e+00,5.318587779998779297e+00,5.000004291534423828e+00,5.913266658782958984e+00,7.325810909271240234e+00,4.019832134246826172e+00,4.958193302154541016e+00
1.828046722412109375e+02,5.000005722045898438e+00,5.000005722045898438e+00,5.174648761749267578e-01,4.650893688201904297e+00,9.160894155502319336e-01,2.806096553802490234e+00,9.080476164817810059e-01,6.152770519256591797e+00,5.319095611572265625e+00,5.000005245208740234e+00,5.919501781463623047e+00,7.326084613800048828e+00,4.017430305480957031e+00,4.957767963409423828e+00
1.833055114746093750e+02,5.000005245208740234e+00,5.000005722045898438e+00,6.247395277023315430e-01,4.646813392639160156e+00,9.280496239662170410e-01,2.808705091476440430e+00,9.097558259963989258e-01,6.154570102691650391e+00,5.319556713104248047e+00,5.000005245208740234e+00,5.919786453247070312e+00,7.326099872589111328e+00,4.015246868133544922e+00,4.957378387451171875e+00
1.838063507080078125e+02,5.000005245208740234e+00,5.000005245208740234e+00,8.780117630958557129e-01,4.655787944793701172e+00,9.317123293876647949e-01,2.811301469802856445e+00,9.104743599891662598e-01,6.156203269958496094e+00,5.319974422454833984e+00,5.000005245208740234e+00,5.911495685577392578e+00,7.325768470764160156e+00,4.013268470764160156e+00,4.957027435302734375e+00
1.843071746826171875e+02,5.000005245208740234e+00,5.000005245208740234e+00,1.627483487129211426e+00,4.660644531250000000e+00,9.147442579269409180e-01,2.813614368438720703e+00,9.102480411529541016e-01,6.157682895660400391e+00,5.320350646972656250e+00,5.000005245208740234e+00,5.914660930633544922e+00,7.325203895568847656e+00,4.011477947235107422e+00,4.956708908081054688e+00
1.848080139160156250e+02,5.000005245208740234e+00,5.000005245208740234e+00,3.629316329956054688e+00,4.635032176971435547e+00,8.745981454849243164e-01,2.815207004547119141e+00,9.096587300300598145e-01,6.159023761749267578e+00,5.320697784423828125e+00,5.000005245208740234e+00,5.952863693237304688e+00,7.324625968933105469e+00,4.009855747222900391e+00,4.956424236297607422e+00
1.853088531494140625e+02,5.000005245208740234e+00,5.000005245208740234e+00,5.796422481536865234e+00,4.594269752502441406e+00,8.411166667938232422e-01,2.816287755966186523e+00,9.094430208206176758e-01,6.160236358642578125e+00,5.321010589599609375e+00,5.000005245208740234e+00,5.998223781585693359e+00,7.323922157287597656e+00,4.008391857147216797e+00,4.956164360046386719e+00
1.858096771240234375e+02,5.000005245208740234e+00,5.000005245208740234e+00,5.267346858978271484e+00,4.552075862884521484e+00,8.438054323196411133e-01,2.817532062530517578e+00,9.104709029197692871e-01,6.161334514617919922e+00,5.321291446685791016e+00,5.000005245208740234e+00,6.024063110351562500e+00,7.322743415832519531e+00,4.007064342498779297e+00,4.955925941467285156e+00
1.863105163574218750e+02,5.000005245208740234e+00,5.000005245208740234e+00,5.022605895996093750e+00,4.498848915100097656e+00,8.659380674362182617e-01,2.818816184997558594e+00,9.121550321578979492e-01,6.162326812744140625e+00,5.321548938751220703e+00,5.000005245208740234e+00,6.049256801605224609e+00,7.321119785308837891e+00,4.005864143371582031e+00,4.955717086791992188e+00
1.868113555908203125e+02,5.000005245208740234e+00,5.000005245208740234e+00,5.001788139343261719e+00,4.424455642700195312e+00,8.998713493347167969e-01,2.819984197616577148e+00,9.139576554298400879e-01,6.163222789764404297e+00,5.321781158447265625e+00,5.000005245208740234e+00,6.085087299346923828e+00,7.319116115570068359e+00,4.004784107208251953e+00,4.955525398254394531e+00
1.873121795654296875e+02,5.000005245208740234e+00,5.000005245208740234e+00,5.000144481658935547e+00,4.316657543182373047e+00,9.479724764823913574e-01,2.821012496948242188e+00,9.157361388206481934e-01,6.164029121398925781e+00,5.321987628936767578e+00,5.000005245208740234e+00,6.137438297271728516e+00,7.316744804382324219e+00,4.003809928894042969e+00,4.955349922180175781e+00
1.878130187988281250e+02,5.000005245208740234e+00,5.000005245208740234e+00,5.000015735626220703e+00,4.159993648529052734e+00,1.016417026519775391e+00,2.821904182434082031e+00,9.174064397811889648e-01,6.164755344390869141e+00,5.322178840637207031e+00,5.000005245208740234e+00,6.211438655853271484e+00,7.314007759094238281e+00,4.002934455871582031e+00,4.955198287963867188e+00
1.883138580322265625e+02,5.000005245208740234e+00,5.000005245208740234e+00,5.000006198883056641e+00,3.936411142349243164e+00,1.116318106651306152e+00,2.822654724121093750e+00,9.189448356628417969e-01,6.165410041809082031e+00,5.322348117828369141e+00,5.000005245208740234e+00,6.310294151306152344e+00,7.310863018035888672e+00,4.002145290374755859e+00,4.955058574676513672e+00
1.888146972656250000e+02,5.000005245208740234e+00,5.000005245208740234e+00,5.000005245208740234e+00,3.630454301834106445e+00,1.264666914939880371e+00,2.823234319686889648e+00,9.203137755393981934e-01,6.165999889373779297e+00,5.322501659393310547e+00,5.000005245208740234e+00,6.431842803955078125e+00,7.307310104370117188e+00,4.001436233520507812e+00,4.954933643341064453e+00
1.893155212402343750e+02,5.000005245208740234e+00,5.000005245208740234e+00,5.000005245208740234e+00,3.244567871093750000e+00,1.485349655151367188e+00,2.823535680770874023e+00,9.215292334556579590e-01,6.166525840759277344e+00,5.322636604309082031e+00,5.000005245208740234e+00,6.562620162963867188e+00,7.303380489349365234e+00,4.000801563262939453e+00,4.954818725585937500e+00
1.898163604736328125e+02,5.000005245208740234e+00,5.000005245208740234e+00,5.000005245208740234e+00,2.825868844985961914e+00,1.804513335227966309e+00,2.823384523391723633e+00,9.227595925331115723e-01,6.167000293731689453e+00,5.322763442993164062e+00,5.000005245208740234e+00,6.671939373016357422e+00,7.299162864685058594e+00,4.000231266021728516e+00,4.954720497131347656e+00
1.903171997070312500e+02,5.000005245208740234e+00,5.000005245208740234e+00,5.000005245208740234e+00,2.479338169097900391e+00,2.238661527633666992e+00,2.822664260864257812e+00,9.244338870048522949e-01,6.167425632476806641e+00,5.322873592376708984e+00,5.000005245208740234e+00,6.714237213134765625e+00,7.294650077819824219e+00,3.999720573425292969e+00,4.954629898071289062e+00
1.908180236816406250e+02,5.000005245208740234e+00,5.000005245208740234e+00,5.000005245208740234e+00,8.706217765808105469e+00,1.159973025321960449e+00,1.349815607070922852e+00,2.389300346374511719e+00,6.186791419982910156e+00,5.333981037139892578e+00,5.000005245208740234e+00,2.561290740966796875e+00,7.675903320312500000e+00,4.005096435546875000e+00,4.960414886474609375e+00
1.913188629150390625e+02,5.000005245208740234e+00,5.000005245208740234e+00,5.000005245208740234e+00,8.897339820861816406e+00,1.347510337829589844e+00,1.889466762542724609e+00,4.543193876743316650e-01,6.164057731628417969e+00,5.329464912414550781e+00,5.000005245208740234e+00,5.768600940704345703e+00,7.809926033020019531e+00,4.029091835021972656e+00,4.963500499725341797e+00
1.918197021484375000e+02,5.000005245208740234e+00,5.000005245208740234e+00,5.000005245208740234e+00,7.948410987854003906e+00,1.337069392204284668e+00,2.309045791625976562e+00,9.081376791000366211e-01,6.147571086883544922e+00,5.327248573303222656e+00,5.000005245208740234e+00,6.852366447448730469e+00,7.563543796539306641e+00,4.044376373291015625e+00,4.963548183441162109e+00
1.923205413818359375e+02,5.000005245208740234e+00,5.000005245208740234e+00,5.000005245208740234e+00,6.144460201263427734e+00,1.303711652755737305e+00,2.498386144638061523e+00,9.319232702255249023e-01,6.129332065582275391e+00,5.321652412414550781e+00,5.000005245208740234e+00,5.774801731109619141e+00,7.448396682739257812e+00,4.061700820922851562e+00,4.965369224548339844e+00
1.928213653564453125e+02,5.000005245208740234e+00,5.000005245208740234e+00,5.000005245208740234e+00,5.355406761169433594e+00,1.291590929031372070e+00,2.602725028991699219e+00,9.403419494628906250e-01,6.115769863128662109e+00,5.316516399383544922e+00,5.000005245208740234e+00,5.165346145629882812e+00,7.384970188140869141e+00,4.073812007904052734e+00,4.967036247253417969e+00
1.933222045898437500e+02,5.000005245208740234e+00,5.000005245208740234e+00,5.000005245208740234e+00,5.430910587310791016e+00,1.287515282630920410e+00,2.662049293518066406e+00,9.442724585533142090e-01,6.107415676116943359e+00,5.312667846679687500e+00,5.000005245208740234e+00,5.329192638397216797e+00,7.337044715881347656e+00,4.080697059631347656e+00,4.968169689178466797e+00
1.938230438232421875e+02,5.000005245208740234e+00,5.000005245208740234e+00,5.000005245208740234e+00,5.463947296142578125e+00,1.285912871360778809e+00,2.703376054763793945e+00,9.462806582450866699e-01,6.103033542633056641e+00,5.310075283050537109e+00,5.000005245208740234e+00,5.395708084106445312e+00,7.313515186309814453e+00,4.083031177520751953e+00,4.968614101409912109e+00
1.943238677978515625e+02,5.000005245208740234e+00,5.000005245208740234e+00,5.000005245208740234e+00,5.457444667816162109e+00,1.285239934921264648e+00,2.735082864761352539e+00,9.474193453788757324e-01,6.101959228515625000e+00,5.308697223663330078e+00,5.000005245208740234e+00,5.399527072906494141e+00,7.304592132568359375e+00,4.082190036773681641e+00,4.968603134155273438e+00
1.948247070312500000e+02,5.000005245208740234e+00,5.000005245208740234e+00,5.000005245208740234e+00,5.431222915649414062e+00,1.284902215003967285e+00,2.760134935379028320e+00,9.481422901153564453e-01,6.103254795074462891e+00,5.308197498321533203e+00,5.000005245208740234e+00,5.374609470367431641e+00,7.302278518676757812e+00,4.079165458679199219e+00,4.968203067779541016e+00
1.953255462646484375e+02,5.000005245208740234e+00,5.000005245208740234e+00,5.000005245208740234e+00,5.410682201385498047e+00,1.284729480743408203e+00,2.779710531234741211e+00,9.486495852470397949e-01,6.106107234954833984e+00,5.308317184448242188e+00,5.000005245208740234e+00,5.353640556335449219e+00,7.301366329193115234e+00,4.074710845947265625e+00,4.967530250549316406e+00
1.958263702392578125e+02,5.000005245208740234e+00,5.000005245208740234e+00,5.000005245208740234e+00,5.407779693603515625e+00,1.284822106361389160e+00,2.795066118240356445e+00,9.490709900856018066e-01,6.109926700592041016e+00,5.308860301971435547e+00,5.000005245208740234e+00,5.351563930511474609e+00,7.300549030303955078e+00,4.069421291351318359e+00,4.966683387756347656e+00
1.963272094726562500e+02,5.000005245208740234e+00,5.000005245208740234e+00,5.000005245208740234e+00,5.407729625701904297e+00,1.285919666290283203e+00,2.807521343231201172e+00,9.495358467102050781e-01,6.114280223846435547e+00,5.309676170349121094e+00,5.000005245208740234e+00,5.352582454681396484e+00,7.300485610961914062e+00,4.063723087310791016e+00,4.965750217437744141e+00
1.968280487060546875e+02,5.000005245208740234e+00,5.000005245208740234e+00,5.000005245208740234e+00,5.401110172271728516e+00,1.290797710418701172e+00,2.817806243896484375e+00,9.502836465835571289e-01,6.118862628936767578e+00,5.310645103454589844e+00,5.000005245208740234e+00,5.347174644470214844e+00,7.301092624664306641e+00,4.057915687561035156e+00,4.964778423309326172e+00
1.973288879394531250e+02,5.000005245208740234e+00,5.000005245208740234e+00,5.000005245208740234e+00,5.388782501220703125e+00,1.308749914169311523e+00,2.826395750045776367e+00,9.517841935157775879e-01,6.123459339141845703e+00,5.311688899993896484e+00,5.000005245208740234e+00,5.340523719787597656e+00,7.302078247070312500e+00,4.052206993103027344e+00,4.963809967041015625e+00
1.978297119140625000e+02,5.000005245208740234e+00,5.000005245208740234e+00,5.000005245208740234e+00,5.361687183380126953e+00,1.366386294364929199e+00,2.833705902099609375e+00,9.547024369239807129e-01,6.127931594848632812e+00,5.312751293182373047e+00,5.000005245208740234e+00,5.346385955810546875e+00,7.303278446197509766e+00,4.046720981597900391e+00,4.962867259979248047e+00
1.983305511474609375e+02,5.000005245208740234e+00,5.000005245208740234e+00,5.000005245208740234e+00,5.220957756042480469e+00,1.535959482192993164e+00,2.840037822723388672e+00,9.584733843803405762e-01,6.132185459136962891e+00,5.313796043395996094e+00,5.000005245208740234e+00,5.468133926391601562e+00,7.304637432098388672e+00,4.041549682617187500e+00,4.961975574493408203e+00
1.988313903808593750e+02,8.991157531738281250e+00,6.937139630317687988e-01,9.755540847778320312e+00,9.642219543457031250e+00,9.719622611999511719e+00,4.415205955505371094e+00,5.551448822021484375e+00,6.163609027862548828e+00,5.324561595916748047e+00,2.803936004638671875e-01,2.351418882608413696e-01,6.039272785186767578e+00,4.005009174346923828e+00,4.948961734771728516e+00
1.993322143554687500e+02,8.762627601623535156e+00,1.851954340934753418e+00,9.135575294494628906e+00,1.495851874351501465e+00,9.619350433349609375e+00,8.959506988525390625e+00,9.581879615783691406e+00,6.240794181823730469e+00,5.347618103027343750e+00,2.425043135881423950e-01,8.613632202148437500e+00,5.844454288482666016e+00,3.919533014297485352e+00,4.940282344818115234e+00
1.998330535888671875e+02,8.824799537658691406e+00,9.709769487380981445e-01,2.151693820953369141e+00,3.802240133285522461e+00,1.787804126739501953e+00,3.299567699432373047e+00,6.343747138977050781e+00,6.207582473754882812e+00,5.342780590057373047e+00,1.662123799324035645e-01,6.087484836578369141e+00,7.205618858337402344e+00,3.974200248718261719e+00,4.950166225433349609e+00
2.003338928222656250e+02,8.853854179382324219e+00,6.040900945663452148e-01,7.597032785415649414e-01,4.471954345703125000e+00,1.082274556159973145e+00,1.966637372970581055e+00,3.603143393993377686e-01,6.180531501770019531e+00,5.332357883453369141e+00,1.438480764627456665e-01,5.770744323730468750e+00,7.701918601989746094e+00,4.009951114654541016e+00,4.962182044982910156e+00
2.008347320556640625e+02,8.714859962463378906e+00,4.592314362525939941e-01,1.245959162712097168e+00,4.283272743225097656e+00,1.678892493247985840e+00,2.397125005722045898e+00,1.884969234466552734e+00,6.189887523651123047e+00,5.338678359985351562e+00,2.202475666999816895e-01,5.903671741485595703e+00,7.364559173583984375e+00,4.001874446868896484e+00,4.956958293914794922e+00
2.013355560302734375e+02,8.657523155212402344e+00,4.896915853023529053e-01,1.414618372917175293e+00,4.317328453063964844e+00,1.249896764755249023e+00,2.274294376373291016e+00,9.027096629142761230e-01,6.172651767730712891e+00,5.334146022796630859e+00,2.140510082244873047e-01,5.816556453704833984e+00,7.522266864776611328e+00,4.027416706085205078e+00,4.963657379150390625e+00
2.018363952636718750e+02,8.687757492065429688e+00,4.868285953998565674e-01,8.297017216682434082e-01,4.447191715240478516e+00,9.281618595123291016e-01,2.208921670913696289e+00,2.982712984085083008e-01,6.146917819976806641e+00,5.327012062072753906e+00,2.272587716579437256e-01,5.845295906066894531e+00,7.618430614471435547e+00,4.054858207702636719e+00,4.970458507537841797e+00
2.023372344970703125e+02,8.749979972839355469e+00,5.003682374954223633e-01,5.490534305572509766e-01,4.549548149108886719e+00,8.589110970497131348e-01,2.275476455688476562e+00,3.378747403621673584e-01,6.129424571990966797e+00,5.322563171386718750e+00,2.238978743553161621e-01,5.845990657806396484e+00,7.578135967254638672e+00,4.074405193328857422e+00,4.973740577697753906e+00
2.028380584716796875e+02,8.786018371582031250e+00,4.929252266883850098e-01,4.357955157756805420e-01,4.589114665985107422e+00,8.182895183563232422e-01,2.345070362091064453e+00,4.022695422172546387e-01,6.113211631774902344e+00,5.317692756652832031e+00,2.349417805671691895e-01,5.860960006713867188e+00,7.533631801605224609e+00,4.091434478759765625e+00,4.976000308990478516e+00
2.033388977050781250e+02,8.798815727233886719e+00,4.853169023990631104e-01,3.928940892219543457e-01,4.600351810455322266e+00,7.949717044830322266e-01,2.408095836639404297e+00,4.722953736782073975e-01,6.099379062652587891e+00,5.313317298889160156e+00,2.599978744983673096e-01,5.877447128295898438e+00,7.493679046630859375e+00,4.104993343353271484e+00,4.977688789367675781e+00
2.038397369384765625e+02,8.800195693969726562e+00,4.820341169834136963e-01,3.761919736862182617e-01,4.607641696929931641e+00,7.831619977951049805e-01,2.461489200592041016e+00,5.375205278396606445e-01,6.088490962982177734e+00,5.309665203094482422e+00,2.967711687088012695e-01,5.897235870361328125e+00,7.460362911224365234e+00,4.114922046661376953e+00,4.978848457336425781e+00
2.043405609130859375e+02,8.796009063720703125e+00,4.821176528930664062e-01,3.687363862991333008e-01,4.625984668731689453e+00,7.776067852973937988e-01,2.505100488662719727e+00,5.914359688758850098e-01,6.080534458160400391e+00,5.306766986846923828e+00,3.437025845050811768e-01,5.930241107940673828e+00,7.433962345123291016e+00,4.121521949768066406e+00,4.979540824890136719e+00
2.048414001464843750e+02,8.784835815429687500e+00,4.838769733905792236e-01,3.643434345722198486e-01,4.688724517822265625e+00,7.754979133605957031e-01,2.540642976760864258e+00,6.343686580657958984e-01,6.075264453887939453e+00,5.304584503173828125e+00,4.008931815624237061e-01,6.020269870758056641e+00,7.413542270660400391e+00,4.125190258026123047e+00,4.979791641235351562e+00
2.053422393798828125e+02,8.765776634216308594e+00,4.875142872333526611e-01,3.613135814666748047e-01,4.639012336730957031e+00,7.758643031120300293e-01,2.570049762725830078e+00,6.691608428955078125e-01,6.072359561920166016e+00,5.303061962127685547e+00,4.700543880462646484e-01,5.948301792144775391e+00,7.397500038146972656e+00,4.126354694366455078e+00,4.979641437530517578e+00
2.058430786132812500e+02,8.740392684936523438e+00,5.056682229042053223e-01,3.622299134731292725e-01,4.521673202514648438e+00,7.795380949974060059e-01,2.594755887985229492e+00,6.988655924797058105e-01,6.071479797363281250e+00,5.302176475524902344e+00,5.304555892944335938e-01,5.776637077331542969e+00,7.383628368377685547e+00,4.125447273254394531e+00,4.979185581207275391e+00
2.063439025878906250e+02,8.719113349914550781e+00,5.300161242485046387e-01,3.632858991622924805e-01,4.482787132263183594e+00,7.841768860816955566e-01,2.615528583526611328e+00,7.237574458122253418e-01,6.072254180908203125e+00,5.301846504211425781e+00,5.982546806335449219e-01,5.711861133575439453e+00,7.371300697326660156e+00,4.122941493988037109e+00,4.978527069091796875e+00
2.068447418212890625e+02,8.677696228027343750e+00,5.890747308731079102e-01,3.689485192298889160e-01,4.531062126159667969e+00,7.928767204284667969e-01,2.632694244384765625e+00,7.473018169403076172e-01,6.074442863464355469e+00,5.301984786987304688e+00,7.560801506042480469e-01,5.764421463012695312e+00,7.356631755828857422e+00,4.119191169738769531e+00,4.977691173553466797e+00
2.073455810546875000e+02,8.565402984619140625e+00,7.778231501579284668e-01,3.853915929794311523e-01,4.588632106781005859e+00,8.063110113143920898e-01,2.648066520690917969e+00,7.688077092170715332e-01,6.077522277832031250e+00,5.302330970764160156e+00,1.115177392959594727e+00,5.824891090393066406e+00,7.344009876251220703e+00,4.114420890808105469e+00,4.976595401763916016e+00
2.078464050292968750e+02,8.277353286743164062e+00,1.831828236579895020e+00,4.290832281112670898e-01,4.644197940826416016e+00,8.254770040512084961e-01,2.661643028259277344e+00,7.829923629760742188e-01,6.081177711486816406e+00,5.302833557128906250e+00,1.939667463302612305e+00,5.872334957122802734e+00,7.333919048309326172e+00,4.109051704406738281e+00,4.975391864776611328e+00
2.083472442626953125e+02,8.196200370788574219e+00,5.041254043579101562e+00,3.761699795722961426e-01,4.674766540527343750e+00,8.031187057495117188e-01,2.671510696411132812e+00,7.875059843063354492e-01,6.085164546966552734e+00,5.303480148315429688e+00,1.812342643737792969e+00,5.922040939331054688e+00,7.327665328979492188e+00,4.103395938873291016e+00,4.974205017089843750e+00
2.088480834960937500e+02,8.321294784545898438e+00,6.718842029571533203e+00,3.141521811485290527e-01,4.695234298706054688e+00,7.882766127586364746e-01,2.681695461273193359e+00,7.972297072410583496e-01,6.089541435241699219e+00,5.304319858551025391e+00,1.456949830055236816e+00,5.958673000335693359e+00,7.321815013885498047e+00,4.097341537475585938e+00,4.972962856292724609e+00
2.093489074707031250e+02,8.284071922302246094e+00,7.510570049285888672e+00,3.012833297252655029e-01,4.714869022369384766e+00,7.890209555625915527e-01,2.691950082778930664e+00,8.077788949012756348e-01,6.094120025634765625e+00,5.305276870727539062e+00,1.426202178001403809e+00,5.976737499237060547e+00,7.317125320434570312e+00,4.091123104095458984e+00,4.971715927124023438e+00
2.098497467041015625e+02,7.046114444732666016e+00,7.105855464935302734e+00,3.020380437374114990e-01,4.729812622070312500e+00,7.946999073028564453e-01,2.702023744583129883e+00,8.183897733688354492e-01,6.098803520202636719e+00,5.306314468383789062e+00,2.952443599700927734e+00,5.983406543731689453e+00,7.313854694366455078e+00,4.084884166717529297e+00,4.970498561859130859e+00
2.103505859375000000e+02,5.605618953704833984e+00,5.697709560394287109e+00,3.048746287822723389e-01,4.739549636840820312e+00,8.010789155960083008e-01,2.711708784103393555e+00,8.282107710838317871e-01,6.103500843048095703e+00,5.307387351989746094e+00,4.546711921691894531e+00,5.982711315155029297e+00,7.312048912048339844e+00,4.078735351562500000e+00,4.969313621520996094e+00
2.108514251708984375e+02,5.202425003051757812e+00,5.230101108551025391e+00,3.080211877822875977e-01,4.744997978210449219e+00,8.073538541793823242e-01,2.720971584320068359e+00,8.371222615242004395e-01,6.108138561248779297e+00,5.308465480804443359e+00,4.868231296539306641e+00,5.976847648620605469e+00,7.311510086059570312e+00,4.072747707366943359e+00,4.968175411224365234e+00
2.113522491455078125e+02,5.071662425994873047e+00,5.082989215850830078e+00,3.113249540328979492e-01,4.747025012969970703e+00,8.134329915046691895e-01,2.729805707931518555e+00,8.452097177505493164e-01,6.112660408020019531e+00,5.309527873992919922e+00,4.954957485198974609e+00,5.967195034027099609e+00,7.311942577362060547e+00,4.066970348358154297e+00,4.967083454132080078e+00
2.118530883789062500e+02,5.025868415832519531e+00,5.030577659606933594e+00,3.148508071899414062e-01,4.746065616607666016e+00,8.193553686141967773e-01,2.738189458847045898e+00,8.525797128677368164e-01,6.117027282714843750e+00,5.310570716857910156e+00,4.983924388885498047e+00,5.954428672790527344e+00,7.313041210174560547e+00,4.061440944671630859e+00,4.966048240661621094e+00
2.123539276123046875e+02,5.009385108947753906e+00,5.011295318603515625e+00,3.187853693962097168e-01,4.742449760437011719e+00,8.252234458923339844e-01,2.746091365814208984e+00,8.593257665634155273e-01,6.121208190917968750e+00,5.311573505401611328e+00,4.994195938110351562e+00,5.939041137695312500e+00,7.314497470855712891e+00,4.056179523468017578e+00,4.965068817138671875e+00
2.128547515869140625e+02,5.003405570983886719e+00,5.004160881042480469e+00,3.233210444450378418e-01,4.737010955810546875e+00,8.311550617218017578e-01,2.753487348556518555e+00,8.655315637588500977e-01,6.125179290771484375e+00,5.312533378601074219e+00,4.997901916503906250e+00,5.922237873077392578e+00,7.316071033477783203e+00,4.051203250885009766e+00,4.964143276214599609e+00
2.133555908203125000e+02,5.001235008239746094e+00,5.001527309417724609e+00,3.285905718803405762e-01,4.731101036071777344e+00,8.372383117675781250e-01,2.760371685028076172e+00,8.712652325630187988e-01,6.128934383392333984e+00,5.313453197479248047e+00,4.999244689941406250e+00,5.906004905700683594e+00,7.317595481872558594e+00,4.046518802642822266e+00,4.963281631469726562e+00
2.138564300537109375e+02,5.000448703765869141e+00,5.000560283660888672e+00,3.347462415695190430e-01,4.726018905639648438e+00,8.435773849487304688e-01,2.766748189926147461e+00,8.765661120414733887e-01,6.132464408874511719e+00,5.314320087432861328e+00,4.999731063842773438e+00,5.892300605773925781e+00,7.318976402282714844e+00,4.042131423950195312e+00,4.962477684020996094e+00
2.143572692871093750e+02,5.000164508819580078e+00,5.000206470489501953e+00,3.419608771800994873e-01,4.722518920898437500e+00,8.502809405326843262e-01,2.772650718688964844e+00,8.814864158630371094e-01,6.135768413543701172e+00,5.315134048461914062e+00,4.999907016754150391e+00,5.882400989532470703e+00,7.320205688476562500e+00,4.038038253784179688e+00,4.961730957031250000e+00
2.148580932617187500e+02,5.000062465667724609e+00,5.000077724456787109e+00,3.504729866981506348e-01,4.720584392547607422e+00,8.574761152267456055e-01,2.778115272521972656e+00,8.860587477684020996e-01,6.138845443725585938e+00,5.315896511077880859e+00,4.999969959259033203e+00,5.876616954803466797e+00,7.321300506591796875e+00,4.034233570098876953e+00,4.961035251617431641e+00
2.153589324951171875e+02,5.000025272369384766e+00,5.000031471252441406e+00,3.605523407459259033e-01,4.719505310058593750e+00,8.652951717376708984e-01,2.783185720443725586e+00,8.903087973594665527e-01,6.141707420349121094e+00,5.316611766815185547e+00,4.999992847442626953e+00,5.874424934387207031e+00,7.322330474853515625e+00,4.030706882476806641e+00,4.960397243499755859e+00
2.158597717285156250e+02,5.000012397766113281e+00,5.000014781951904297e+00,3.726418018341064453e-01,4.718198776245117188e+00,8.739435672760009766e-01,2.787895202636718750e+00,8.942747116088867188e-01,6.144355297088623047e+00,5.317273139953613281e+00,5.000000476837158203e+00,5.874804496765136719e+00,7.323306083679199219e+00,4.027450561523437500e+00,4.959808826446533203e+00
2.163605957031250000e+02,5.000008106231689453e+00,5.000008583068847656e+00,3.874302208423614502e-01,4.715473651885986328e+00,8.836582303047180176e-01,2.792263507843017578e+00,8.979824781417846680e-01,6.146798610687255859e+00,5.317881107330322266e+00,5.000004291534423828e+00,5.876924037933349609e+00,7.324238300323486328e+00,4.024450302124023438e+00,4.959267616271972656e+00
2.168614349365234375e+02,5.000006198883056641e+00,5.000006198883056641e+00,4.060716629028320312e-01,4.710531234741210938e+00,8.946889638900756836e-01,2.796310186386108398e+00,9.014382362365722656e-01,6.149046897888183594e+00,5.318450927734375000e+00,5.000004768371582031e+00,5.880257606506347656e+00,7.325134754180908203e+00,4.021697044372558594e+00,4.958772659301757812e+00
2.173622741699218750e+02,5.000005722045898438e+00,5.000005722045898438e+00,4.308688938617706299e-01,4.703079700469970703e+00,9.072571992874145508e-01,2.800050973892211914e+00,9.046409726142883301e-01,6.151113986968994141e+00,5.318972587585449219e+00,5.000005245208740234e+00,5.884622097015380859e+00,7.325966835021972656e+00,4.019170284271240234e+00,4.958319187164306641e+00
2.178630981445312500e+02,5.000005245208740234e+00,5.000005245208740234e+00,4.666317999362945557e-01,4.692517757415771484e+00,9.211289882659912109e-01,2.803487777709960938e+00,9.075571298599243164e-01,6.153004169464111328e+00,5.319448947906494141e+00,5.000005245208740234e+00,5.890800476074218750e+00,7.326717853546142578e+00,4.016860485076904297e+00,4.957902908325195312e+00
2.183639373779296875e+02,5.000005245208740234e+00,5.000005245208740234e+00,5.243921279907226562e-01,4.680146694183349609e+00,9.354751706123352051e-01,2.806650876998901367e+00,9.100608229637145996e-01,6.154733657836914062e+00,5.319890499114990234e+00,5.000005245208740234e+00,5.897945880889892578e+00,7.327382087707519531e+00,4.014751911163330078e+00,4.957528114318847656e+00
2.188647766113281250e+02,5.000005245208740234e+00,5.000005245208740234e+00,6.341801881790161133e-01,4.674181938171386719e+00,9.480708241462707520e-01,2.809667587280273438e+00,9.118313193321228027e-01,6.156309604644775391e+00,5.320290565490722656e+00,5.000005245208740234e+00,5.899291038513183594e+00,7.327836036682128906e+00,4.012834072113037109e+00,4.957186222076416016e+00
2.193656158447265625e+02,5.000005245208740234e+00,5.000005245208740234e+00,8.954858183860778809e-01,4.681544303894042969e+00,9.514638781547546387e-01,2.812637567520141602e+00,9.124645590782165527e-01,6.157742023468017578e+00,5.320655345916748047e+00,5.000005245208740234e+00,5.891593933105468750e+00,7.327986240386962891e+00,4.011091709136962891e+00,4.956876277923583984e+00
2.198664398193359375e+02,5.000005245208740234e+00,5.000005245208740234e+00,1.649634361267089844e+00,4.683351516723632812e+00,9.324179291725158691e-01,2.815266609191894531e+00,9.121077060699462891e-01,6.159043312072753906e+00,5.320984363555908203e+00,5.000005245208740234e+00,5.897079944610595703e+00,7.327973365783691406e+00,4.009511947631835938e+00,4.956593036651611328e+00
2.203672790527343750e+02,5.000005245208740234e+00,5.000005245208740234e+00,3.544949293136596680e+00,4.654814720153808594e+00,8.915743231773376465e-01,2.817178010940551758e+00,9.115265011787414551e-01,6.160225391387939453e+00,5.321289062500000000e+00,5.000005245208740234e+00,5.937487125396728516e+00,7.327973365783691406e+00,4.008081912994384766e+00,4.956342220306396484e+00
2.208681182861328125e+02,5.000005245208740234e+00,5.000005245208740234e+00,5.768823146820068359e+00,4.611609458923339844e+00,8.599224090576171875e-01,2.818627119064331055e+00,9.114024043083190918e-01,6.161293983459472656e+00,5.321562290191650391e+00,5.000005245208740234e+00,5.984107017517089844e+00,7.327861309051513672e+00,4.006786346435546875e+00,4.956113815307617188e+00
2.213689422607421875e+02,5.000005245208740234e+00,5.000005245208740234e+00,5.339847564697265625e+00,4.565570354461669922e+00,8.640385866165161133e-01,2.820220947265625000e+00,9.124497175216674805e-01,6.162264347076416016e+00,5.321808815002441406e+00,5.000005245208740234e+00,6.013357162475585938e+00,7.327334403991699219e+00,4.005611896514892578e+00,4.955903053283691406e+00
2.218697814941406250e+02,5.000005245208740234e+00,5.000005245208740234e+00,5.029283046722412109e+00,4.506285667419433594e+00,8.885154128074645996e-01,2.821854114532470703e+00,9.141038060188293457e-01,6.163140296936035156e+00,5.322036266326904297e+00,5.000005245208740234e+00,6.043791294097900391e+00,7.326424121856689453e+00,4.004551887512207031e+00,4.955716609954833984e+00
2.223706207275390625e+02,5.000005245208740234e+00,5.000005245208740234e+00,5.002315044403076172e+00,4.422569274902343750e+00,9.257224798202514648e-01,2.823378562927246094e+00,9.158334732055664062e-01,6.163931846618652344e+00,5.322241306304931641e+00,5.000005245208740234e+00,6.087364196777343750e+00,7.325198650360107422e+00,4.003593921661376953e+00,4.955545425415039062e+00
2.228714599609375000e+02,5.000005245208740234e+00,5.000005245208740234e+00,5.000185966491699219e+00,4.301620960235595703e+00,9.780717492103576660e-01,2.824770689010620117e+00,9.174706339836120605e-01,6.164646148681640625e+00,5.322426319122314453e+00,5.000005245208740234e+00,6.150002002716064453e+00,7.323685169219970703e+00,4.002730369567871094e+00,4.955392837524414062e+00
2.233722839355468750e+02,5.000005245208740234e+00,5.000005245208740234e+00,5.000019550323486328e+00,4.128710746765136719e+00,1.051866054534912109e+00,2.826024770736694336e+00,9.189404845237731934e-01,6.165288448333740234e+00,5.322589397430419922e+00,5.000005245208740234e+00,6.235900878906250000e+00,7.321862697601318359e+00,4.001954555511474609e+00,4.955253124237060547e+00
2.238731231689453125e+02,5.000005245208740234e+00,5.000005245208740234e+00,5.000006198883056641e+00,3.889137744903564453e+00,1.157101988792419434e+00,2.827142238616943359e+00,9.202048778533935547e-01,6.165867328643798828e+00,5.322741508483886719e+00,5.000005245208740234e+00,6.345926761627197266e+00,7.319736480712890625e+00,4.001255512237548828e+00,4.955132961273193359e+00
2.243739624023437500e+02,5.000005245208740234e+00,5.000005245208740234e+00,5.000005245208740234e+00,3.574419260025024414e+00,1.308562397956848145e+00,2.828073978424072266e+00,9.212503433227539062e-01,6.166387557983398438e+00,5.322875976562500000e+00,5.000005245208740234e+00,6.474662780761718750e+00,7.317284584045410156e+00,4.000629901885986328e+00,4.955021858215332031e+00
2.248747863769531250e+02,5.000005245208740234e+00,5.000005245208740234e+00,5.000005245208740234e+00,3.195939779281616211e+00,1.524752020835876465e+00,2.828722238540649414e+00,9.221165180206298828e-01,6.166854858398437500e+00,5.322995185852050781e+00,5.000005245208740234e+00,6.606299877166748047e+00,7.314541339874267578e+00,4.000066280364990234e+00,4.954919338226318359e+00
2.253756256103515625e+02,5.000005245208740234e+00,5.000005245208740234e+00,5.000005245208740234e+00,2.802411317825317383e+00,1.823400378227233887e+00,2.828957557678222656e+00,9.229745268821716309e-01,6.167273998260498047e+00,5.323107242584228516e+00,5.000005245208740234e+00,6.712317943572998047e+00,7.311560153961181641e+00,3.999562263488769531e+00,4.954832077026367188e+00
2.258764648437500000e+02,5.000005245208740234e+00,5.000005245208740234e+00,5.000005245208740234e+00,2.480419158935546875e+00,2.213781118392944336e+00,2.828720569610595703e+00,9.241854548454284668e-01,6.167649745941162109e+00,5.323204994201660156e+00,5.000005245208740234e+00,6.756062507629394531e+00,7.308296680450439453e+00,3.999109745025634766e+00,4.954751968383789062e+00
2.263772888183593750e+02,5.000005245208740234e+00,5.000005245208740234e+00,5.000005245208740234e+00,2.330926895141601562e+00,2.696777820587158203e+00,2.828161478042602539e+00,9.262641072273254395e-01,6.167987346649169922e+00,5.323290824890136719e+00,5.000005245208740234e+00,6.699983596801757812e+00,7.304602146148681641e+00,3.998702764511108398e+00,4.954678058624267578e+00
2.268781280517578125e+02,5.000005245208740234e+00,5.000005245208740234e+00,5.000005245208740234e+00,2.483733892440795898e+00,3.296846866607666016e+00,2.827841997146606445e+00,9.293596148490905762e-01,6.168289661407470703e+00,5.323371887207031250e+00,5.000005245208740234e+00,6.491359710693359375e+00,7.300113677978515625e+00,3.998340606689453125e+00,4.954617023468017578e+00
2.273789672851562500e+02,5.000005245208740234e+00,5.000005245208740234e+00,5.000005245208740234e+00,3.190275430679321289e+00,4.102718830108642578e+00,2.828710556030273438e+00,9.314419031143188477e-01,6.168561458587646484e+00,5.323442459106445312e+00,5.000005245208740234e+00,6.018354892730712891e+00,7.294250965118408203e+00,3.998014211654663086e+00,4.954559803009033203e+00
2.278798065185546875e+02,5.000005245208740234e+00,5.000005245208740234e+00,5.000005245208740234e+00,4.526605606079101562e+00,5.079596996307373047e+00,2.829193592071533203e+00,9.268381595611572266e-01,6.168801307678222656e+00,5.323505401611328125e+00,5.000005245208740234e+00,5.226880073547363281e+00,7.288200378417968750e+00,3.997726440429687500e+00,4.954509735107421875e+00
2.283806304931640625e+02,5.000005245208740234e+00,5.000005245208740234e+00,5.000005245208740234e+00,5.421324253082275391e+00,5.620394706726074219e+00,2.826192617416381836e+00,9.155229330062866211e-01,6.169013500213623047e+00,5.323557376861572266e+00,5.000005245208740234e+00,4.671795368194580078e+00,7.283657073974609375e+00,3.997471809387207031e+00,4.954463005065917969e+00
2.288814697265625000e+02,5.000005245208740234e+00,5.000005245208740234e+00,5.000005245208740234e+00,5.376049995422363281e+00,5.465203762054443359e+00,2.822596073150634766e+00,9.077082276344299316e-01,6.169203281402587891e+00,5.323610305786132812e+00,5.000005245208740234e+00,4.737913608551025391e+00,7.277736186981201172e+00,3.997245073318481445e+00,4.954425334930419922e+00
2.293823089599609375e+02,5.000005245208740234e+00,5.000005245208740234e+00,5.000005245208740234e+00,5.172546863555908203e+00,5.215100288391113281e+00,2.819871187210083008e+00,9.057136774063110352e-01,6.169374465942382812e+00,5.323654651641845703e+00,5.000005245208740234e+00,4.887504100799560547e+00,7.269530773162841797e+00,3.997040987014770508e+00,4.954390048980712891e+00
2.298831329345703125e+02,5.000005245208740234e+00,5.000005245208740234e+00,5.000005245208740234e+00,2.985234260559082031e+00,8.137319684028625488e-01,1.623386621475219727e+00,8.251424789428710938e+00,6.179347515106201172e+00,5.328388214111328125e+00,5.000005245208740234e+00,6.719653606414794922e+00,7.717390537261962891e+00,3.998324632644653320e+00,4.956794261932373047e+00
2.303839721679687500e+02,5.000005245208740234e+00,5.000005245208740234e+00,5.000005245208740234e+00,4.523234367370605469e+00,1.216664075851440430e+00,1.499478220939636230e+00,1.402883529663085938e+00,6.175641536712646484e+00,5.328552722930908203e+00,5.000005245208740234e+00,5.730238437652587891e+00,7.243207454681396484e+00,4.001934051513671875e+00,4.957729339599609375e+00
2.308848114013671875e+02,5.000005245208740234e+00,5.000005245208740234e+00,5.000005245208740234e+00,5.050325393676757812e+00,1.196014761924743652e+00,1.882226586341857910e+00,3.510460555553436279e-01,6.167823791503906250e+00,5.326880931854248047e+00,5.000005245208740234e+00,5.469136714935302734e+00,7.774338245391845703e+00,4.013566017150878906e+00,4.959573745727539062e+00
2.313856353759765625e+02,5.000005245208740234e+00,5.000005245208740234e+00,5.000005245208740234e+00,5.308651924133300781e+00,1.268721342086791992e+00,2.227556467056274414e+00,8.816475272178649902e-01,6.160050392150878906e+00,5.326303005218505859e+00,5.000005245208740234e+00,5.415994644165039062e+00,7.621590137481689453e+00,4.019715785980224609e+00,4.959664344787597656e+00
2.318864746093750000e+02,5.000005245208740234e+00,5.000005245208740234e+00,5.000005245208740234e+00,5.553368091583251953e+00,1.282631278038024902e+00,2.401682376861572266e+00,9.323830008506774902e-01,6.151464462280273438e+00,5.323974132537841797e+00,5.000005245208740234e+00,5.573995590209960938e+00,7.511018753051757812e+00,4.028884410858154297e+00,4.960478305816650391e+00
2.323873138427734375e+02,5.000005245208740234e+00,5.000005245208740234e+00,5.000005245208740234e+00,5.873409271240234375e+00,1.284678459167480469e+00,2.517132282257080078e+00,9.386612176895141602e-01,6.143599510192871094e+00,5.321506500244140625e+00,5.000005245208740234e+00,5.890395164489746094e+00,7.445123672485351562e+00,4.036722183227539062e+00,4.961504459381103516e+00
2.328881530761718750e+02,5.000005245208740234e+00,5.000005245208740234e+00,5.000005245208740234e+00,5.276466369628906250e+00,1.285454750061035156e+00,2.596301794052124023e+00,9.424399733543395996e-01,6.137571811676025391e+00,5.319229125976562500e+00,5.000005245208740234e+00,5.208815574645996094e+00,7.395381927490234375e+00,4.042276382446289062e+00,4.962255954742431641e+00
2.333889770507812500e+02,5.000005245208740234e+00,5.000005245208740234e+00,5.000005245208740234e+00,5.425419330596923828e+00,1.285673379898071289e+00,2.648798942565917969e+00,9.448068737983703613e-01,6.133635520935058594e+00,5.317418575286865234e+00,5.000005245208740234e+00,5.369984149932861328e+00,7.347876071929931641e+00,4.045535087585449219e+00,4.962705135345458984e+00
2.338898162841796875e+02,5.000005245208740234e+00,5.000005245208740234e+00,5.000005245208740234e+00,5.465159893035888672e+00,1.285736560821533203e+00,2.690939188003540039e+00,9.463443756103515625e-01,6.131398200988769531e+00,5.316137790679931641e+00,5.000005245208740234e+00,5.412558555603027344e+00,7.325181961059570312e+00,4.046645164489746094e+00,4.962848186492919922e+00
2.343906555175781250e+02,5.000005245208740234e+00,5.000005245208740234e+00,5.000005245208740234e+00,5.453969955444335938e+00,1.285736441612243652e+00,2.725339412689208984e+00,9.473773241043090820e-01,6.130786895751953125e+00,5.315407752990722656e+00,5.000005245208740234e+00,5.399568080902099609e+00,7.316806793212890625e+00,4.046185970306396484e+00,4.962792873382568359e+00
2.348914794921875000e+02,5.000005245208740234e+00,5.000005245208740234e+00,5.000005245208740234e+00,5.423655509948730469e+00,1.285748481750488281e+00,2.753004074096679688e+00,9.481078386306762695e-01,6.131405830383300781e+00,5.315101146697998047e+00,5.000005245208740234e+00,5.365704059600830078e+00,7.314406871795654297e+00,4.044562816619873047e+00,4.962540626525878906e+00
2.353923187255859375e+02,5.000005245208740234e+00,5.000005245208740234e+00,5.000005245208740234e+00,5.481516838073730469e+00,1.290855288505554199e+00,7.731038093566894531e+00,5.285782814025878906e-01,6.086424827575683594e+00,5.316224098205566406e+00,5.000005245208740234e+00,5.430063247680664062e+00,4.866539478302001953e+00,4.100090026855468750e+00,4.959995746612548828e+00
2.358931579589843750e+02,5.000005245208740234e+00,5.000005245208740234e+00,5.000005245208740234e+00,5.439480781555175781e+00,1.280515670776367188e+00,4.605012893676757812e+00,1.072574734687805176e+00,6.052532196044921875e+00,5.301692008972167969e+00,5.000005245208740234e+00,5.386294364929199219e+00,6.554320812225341797e+00,4.127494335174560547e+00,4.967549800872802734e+00
2.363939971923828125e+02,5.000005245208740234e+00,5.000005245208740234e+00,5.000005245208740234e+00,5.407671451568603516e+00,1.292825222015380859e+00,3.404915809631347656e+00,1.009701848030090332e+00,6.058966636657714844e+00,5.295500755310058594e+00,5.000005245208740234e+00,5.350276947021484375e+00,6.980794429779052734e+00,4.121120452880859375e+00,4.973001003265380859e+00
2.368948211669921875e+02,5.000005245208740234e+00,5.000005245208740234e+00,5.000005245208740234e+00,5.380513191223144531e+00,1.341889619827270508e+00,3.029372692108154297e+00,9.763172864913940430e-01,6.074835300445556641e+00,5.297441482543945312e+00,5.000005245208740234e+00,5.338746547698974609e+00,7.171219825744628906e+00,4.104431629180908203e+00,4.972767353057861328e+00
2.373956604003906250e+02,5.000005245208740234e+00,5.000005245208740234e+00,5.000005245208740234e+00,5.259031295776367188e+00,1.513908624649047852e+00,2.906444787979125977e+00,9.649692773818969727e-01,6.089636802673339844e+00,5.301170349121093750e+00,5.000005245208740234e+00,5.436653614044189453e+00,7.243028640747070312e+00,4.088480472564697266e+00,4.970724582672119141e+00
2.378964996337890625e+02,5.000005245208740234e+00,5.000005245208740234e+00,5.000005245208740234e+00,4.773592472076416016e+00,1.986075282096862793e+00,2.867480993270874023e+00,9.622654318809509277e-01,6.101784706115722656e+00,5.304704666137695312e+00,5.000005245208740234e+00,5.830256462097167969e+00,7.270595073699951172e+00,4.075122833251953125e+00,4.968476295471191406e+00
2.383973236083984375e+02,5.000005245208740234e+00,5.000005245208740234e+00,5.000005245208740234e+00,4.232725143432617188e+00,3.000879049301147461e+00,2.856620073318481445e+00,9.634310603141784668e-01,6.111595630645751953e+00,5.307641983032226562e+00,5.000005245208740234e+00,6.117930889129638672e+00,7.282843112945556641e+00,4.064148902893066406e+00,4.966476917266845703e+00
2.388981628417968750e+02,5.000005245208740234e+00,5.000005245208740234e+00,5.000005245208740234e+00,4.834624290466308594e+00,4.626123428344726562e+00,2.854891061782836914e+00,9.603772163391113281e-01,6.119572639465332031e+00,5.310009479522705078e+00,5.000005245208740234e+00,5.568508625030517578e+00,7.289989471435546875e+00,4.055113792419433594e+00,4.964813232421875000e+00
2.393990020751953125e+02,5.000005245208740234e+00,5.000005245208740234e+00,5.000005245208740234e+00,6.033404350280761719e+00,5.988307952880859375e+00,2.854040622711181641e+00,9.485958218574523926e-01,6.126142024993896484e+00,5.311907291412353516e+00,5.000005245208740234e+00,4.429568290710449219e+00,7.296576023101806641e+00,4.047609806060791016e+00,4.963449478149414062e+00
2.398998260498046875e+02,5.000005245208740234e+00,5.000005245208740234e+00,5.000005245208740234e+00,6.900552272796630859e+00,6.870744228363037109e+00,2.854041337966918945e+00,9.400289654731750488e-01,6.131693840026855469e+00,5.313481807708740234e+00,5.000005245208740234e+00,3.351779937744140625e+00,7.301738262176513672e+00,4.041213035583496094e+00,4.962291717529296875e+00
2.404006652832031250e+02,5.000005245208740234e+00,5.000005245208740234e+00,5.000005245208740234e+00,7.375577449798583984e+00,7.392467021942138672e+00,2.855475664138793945e+00,9.376816153526306152e-01,6.136471748352050781e+00,5.314824104309082031e+00,5.000005245208740234e+00,2.638498306274414062e+00,7.304945468902587891e+00,4.035669803619384766e+00,4.961296081542968750e+00
2.409015045166015625e+02,5.000005245208740234e+00,5.000005245208740234e+00,5.000005245208740234e+00,7.242524147033691406e+00,7.356483459472656250e+00,2.857542991638183594e+00,9.387236833572387695e-01,6.140609264373779297e+00,5.315973281860351562e+00,5.000005245208740234e+00,2.781653404235839844e+00,7.307036399841308594e+00,4.030838489532470703e+00,4.960427761077880859e+00
2.414023437500000000e+02,5.000005245208740234e+00,5.000005245208740234e+00,5.000005245208740234e+00,6.035599231719970703e+00,6.191614627838134766e+00,2.859557628631591797e+00,9.404667019844055176e-01,6.144216060638427734e+00,5.316965579986572266e+00,5.000005245208740234e+00,4.164374351501464844e+00,7.308709621429443359e+00,4.026615619659423828e+00,4.959673404693603516e+00
2.419031677246093750e+02,5.000005245208740234e+00,5.000005245208740234e+00,5.000005245208740234e+00,5.346366882324218750e+00,5.405835151672363281e+00,2.861320018768310547e+00,9.420796036720275879e-01,6.147369861602783203e+00,5.317823886871337891e+00,5.000005245208740234e+00,4.764534950256347656e+00,7.310159683227539062e+00,4.022912502288818359e+00,4.959012031555175781e+00
2.424040069580078125e+02,5.000005245208740234e+00,5.000005245208740234e+00,5.000005245208740234e+00,5.120185375213623047e+00,5.140454292297363281e+00,2.862820148468017578e+00,9.434388875961303711e-01,6.150135993957519531e+00,5.318576812744140625e+00,5.000005245208740234e+00,4.923383712768554688e+00,7.311422348022460938e+00,4.019659519195556641e+00,4.958437919616699219e+00
2.429048461914062500e+02,5.000005245208740234e+00,5.000005245208740234e+00,5.000005245208740234e+00,5.042367458343505859e+00,5.049489498138427734e+00,2.864071846008300781e+00,9.445771574974060059e-01,6.152568817138671875e+00,5.319233894348144531e+00,5.000005245208740234e+00,4.973543167114257812e+00,7.312469959259033203e+00,4.016794204711914062e+00,4.957931995391845703e+00
2.434056701660156250e+02,5.000005245208740234e+00,5.000005245208740234e+00,5.000005245208740234e+00,5.014968395233154297e+00,5.017483711242675781e+00,2.865097999572753906e+00,9.455288648605346680e-01,6.154708862304687500e+00,5.319807052612304688e+00,5.000005245208740234e+00,4.990723133087158203e+00,7.313289165496826172e+00,4.014270305633544922e+00,4.957484722137451172e+00
2.439065093994140625e+02,5.000005245208740234e+00,5.000005245208740234e+00,5.000005245208740234e+00,5.005275249481201172e+00,5.006161689758300781e+00,2.865921497344970703e+00,9.463222622871398926e-01,6.156594753265380859e+00,5.320317745208740234e+00,5.000005245208740234e+00,4.996744155883789062e+00,7.313876152038574219e+00,4.012043476104736328e+00,4.957093715667724609e+00
2.444073486328125000e+02,5.000005245208740234e+00,5.000005245208740234e+00,5.000005245208740234e+00,5.009783267974853516e+00,5.012250423431396484e+00,9.088626861572265625e+00,4.318224191665649414e-01,6.116259574890136719e+00,5.323668956756591797e+00,5.000005245208740234e+00,4.993954658508300781e+00,3.058208465576171875e+00,4.067602157592773438e+00,4.955794811248779297e+00
2.449081878662109375e+02,5.000005245208740234e+00,5.000005245208740234e+00,5.000005245208740234e+00,5.001922607421875000e+00,5.002315044403076172e+00,5.687339305877685547e+00,1.100694656372070312e+00,6.075965881347656250e+00,5.307987689971923828e+00,5.000005245208740234e+00,4.998819351196289062e+00,6.264488697052001953e+00,4.099210262298583984e+00,4.961978912353515625e+00
2.454090118408203125e+02,5.000005245208740234e+00,5.000005245208740234e+00,5.000005245208740234e+00,5.000753879547119141e+00,5.000892162322998047e+00,3.751026153564453125e+00,1.030346393585205078e+00,6.080009937286376953e+00,5.300980567932128906e+00,5.000005245208740234e+00,4.999542713165283203e+00,6.845016479492187500e+00,4.095706462860107422e+00,4.968331813812255859e+00
2.459098510742187500e+02,5.000005245208740234e+00,5.000005245208740234e+00,5.000005245208740234e+00,5.000290870666503906e+00,5.000341415405273438e+00,3.160451412200927734e+00,9.845104813575744629e-01,6.094481945037841797e+00,5.302453041076660156e+00,5.000005245208740234e+00,4.999828815460205078e+00,7.122138023376464844e+00,4.080824851989746094e+00,4.968597888946533203e+00
2.464106903076171875e+02,5.000005245208740234e+00,5.000005245208740234e+00,5.000005245208740234e+00,5.000111103057861328e+00,5.000129699707031250e+00,2.963029861450195312e+00,9.630720615386962891e-01,6.107923507690429688e+00,5.305840015411376953e+00,5.000005245208740234e+00,4.999939918518066406e+00,7.230515480041503906e+00,4.066598892211914062e+00,4.966928958892822266e+00
2.469115142822265625e+02,5.000005245208740234e+00,5.000005245208740234e+00,5.000005245208740234e+00,5.000043869018554688e+00,5.000051021575927734e+00,2.896344184875488281e+00,9.547733664512634277e-01,6.118650913238525391e+00,5.309046268463134766e+00,5.000005245208740234e+00,4.999981403350830078e+00,7.271353721618652344e+00,4.055007934570312500e+00,4.965011596679687500e+00
2.474123535156250000e+02,5.000005245208740234e+00,5.000005245208740234e+00,5.000005245208740234e+00,5.000019550323486328e+00,5.000021934509277344e+00,2.874268531799316406e+00,9.518100619316101074e-01,6.127001762390136719e+00,5.311648845672607422e+00,5.000005245208740234e+00,4.999997138977050781e+00,7.287811756134033203e+00,4.045825004577636719e+00,4.963335990905761719e+00
2.479131927490234375e+02,5.000005245208740234e+00,5.000005245208740234e+00,5.000005245208740234e+00,5.000010490417480469e+00,5.000010967254638672e+00,2.867430686950683594e+00,9.507921338081359863e-01,6.133566379547119141e+00,5.313681125640869141e+00,5.000005245208740234e+00,5.000001907348632812e+00,7.295548915863037109e+00,4.038493156433105469e+00,4.961964130401611328e+00
2.484140167236328125e+02,5.000005245208740234e+00,5.000005245208740234e+00,5.000005245208740234e+00,5.000007152557373047e+00,5.000007629394531250e+00,2.865750551223754883e+00,9.504536986351013184e-01,6.138831138610839844e+00,5.315276145935058594e+00,5.000005245208740234e+00,5.000004291534423828e+00,7.300057888031005859e+00,4.032539844512939453e+00,4.960847854614257812e+00
2.489148559570312500e+02,5.000005245208740234e+00,5.000005245208740234e+00,5.000005245208740234e+00,5.000005722045898438e+00,5.000005722045898438e+00,2.865770101547241211e+00,9.503476619720458984e-01,6.143142700195312500e+00,5.316552162170410156e+00,5.000005245208740234e+00,5.000005245208740234e+00,7.303254604339599609e+00,4.027612686157226562e+00,4.959939479827880859e+00
2.494156951904296875e+02,5.000005245208740234e+00,5.000005245208740234e+00,5.000005245208740234e+00,5.000005722045898438e+00,5.000005722045898438e+00,2.866294860839843750e+00,9.503237605094909668e-01,6.146736621856689453e+00,5.317591667175292969e+00,5.000005245208740234e+00,5.000005245208740234e+00,7.305777072906494141e+00,4.023470878601074219e+00,4.959182262420654297e+00
2.499165344238281250e+02,5.000005245208740234e+00,5.000005245208740234e+00,5.000005245208740234e+00,5.000005245208740234e+00,5.000005245208740234e+00,2.866916894912719727e+00,9.503200054168701172e-01,6.149775981903076172e+00,5.318454265594482422e+00,5.000005245208740234e+00,5.000005245208740234e+00,7.307863235473632812e+00,4.019942283630371094e+00,4.958542823791503906e+00
2.504173583984375000e+02,5.000005245208740234e+00,5.000005245208740234e+00,5.000005245208740234e+00,5.000005245208740234e+00,5.000005245208740234e+00,2.867497920989990234e+00,9.503280520439147949e-01,6.152378082275390625e+00,5.319178104400634766e+00,5.000005245208740234e+00,5.000005245208740234e+00,7.309587001800537109e+00,4.016909122467041016e+00,4.957995414733886719e+00
2.509181976318359375e+02,5.000005245208740234e+00,5.000005245208740234e+00,5.000005245208740234e+00,5.000005245208740234e+00,5.000005245208740234e+00,2.867991685867309570e+00,9.503332972526550293e-01,6.154623031616210938e+00,5.319800376892089844e+00,5.000005245208740234e+00,5.000005245208740234e+00,7.310993671417236328e+00,4.014282703399658203e+00,4.957530021667480469e+00
2.514190368652343750e+02,5.000005245208740234e+00,5.000005245208740234e+00,5.000005245208740234e+00,5.000005245208740234e+00,5.000005245208740234e+00,2.868382453918457031e+00,9.503422975540161133e-01,6.156570434570312500e+00,5.320333957672119141e+00,5.000005245208740234e+00,5.000005245208740234e+00,7.312081336975097656e+00,4.011995792388916016e+00,4.957122802734375000e+00
2.519198608398437500e+02,5.000005245208740234e+00,5.000005245208740234e+00,5.000005245208740234e+00,5.000005245208740234e+00,5.000005245208740234e+00,2.868662834167480469e+00,9.503501653671264648e-01,6.158269405364990234e+00,5.320791721343994141e+00,5.000005245208740234e+00,5.000005245208740234e+00,7.312855243682861328e+00,4.009995460510253906e+00,4.956768512725830078e+00
2.524207000732421875e+02,5.000005245208740234e+00,5.000005245208740234e+00,5.000005245208740234e+00,5.000005245208740234e+00,5.000005245208740234e+00,2.868835449218750000e+00,9.503534436225891113e-01,6.159755706787109375e+00,5.321197509765625000e+00,5.000005245208740234e+00,5.000005245208740234e+00,7.313327312469482422e+00,4.008245944976806641e+00,4.956461906433105469e+00
2.529215393066406250e+02,5.000005245208740234e+00,5.000005245208740234e+00,5.000005245208740234e+00,5.000005245208740234e+00,5.000005245208740234e+00,2.868895292282104492e+00,9.503617882728576660e-01,6.161057472229003906e+00,5.321549892425537109e+00,5.000005245208740234e+00,5.000005245208740234e+00,7.313482284545898438e+00,4.006710052490234375e+00,4.956189155578613281e+00
2.534223632812500000e+02,5.000005245208740234e+00,5.000005245208740234e+00,5.000005245208740234e+00,5.000005245208740234e+00,5.000005245208740234e+00,2.868838071823120117e+00,9.503642916679382324e-01,6.162201881408691406e+00,5.321855068206787109e+00,5.000005245208740234e+00,5.000005245208740234e+00,7.313316345214843750e+00,4.005358219146728516e+00,4.955949306488037109e+00
2.539232025146484375e+02,5.000005245208740234e+00,5.000005245208740234e+00,5.000005245208740234e+00,5.000005245208740234e+00,5.000005245208740234e+00,2.868668794631958008e+00,9.503654837608337402e-01,6.163206577301025391e+00,5.322126865386962891e+00,5.000005245208740234e+00,5.000005245208740234e+00,7.312836647033691406e+00,4.004170894622802734e+00,4.955744743347167969e+00
2.544240417480468750e+02,5.000005245208740234e+00,5.000005245208740234e+00,5.000005245208740234e+00,5.000005245208740234e+00,5.000005245208740234e+00,2.868377685546875000e+00,9.503711462020874023e-01,6.164091587066650391e+00,5.322364330291748047e+00,5.000005245208740234e+00,5.000005245208740234e+00,7.312014102935791016e+00,4.003124713897705078e+00,4.955559730529785156e+00
2.549248809814453125e+02,5.000005245208740234e+00,5.000005245208740234e+00,5.000005245208740234e+00,5.000005245208740234e+00,5.000005245208740234e+00,2.867960691452026367e+00,9.503744244575500488e-01,6.164869785308837891e+00,5.322573184967041016e+00,5.000005245208740234e+00,5.000005245208740234e+00,7.310842514038085938e+00,4.002202033996582031e+00,4.955396652221679688e+00
2.554257049560546875e+02,5.000005245208740234e+00,5.000005245208740234e+00,5.000005245208740234e+00,5.000005245208740234e+00,5.000005245208740234e+00,2.867406129837036133e+00,9.503759741783142090e-01,6.165556907653808594e+00,5.322753906250000000e+00,5.000005245208740234e+00,5.000005245208740234e+00,7.309292793273925781e+00,4.001390933990478516e+00,4.955253124237060547e+00
2.559265441894531250e+02,5.000005245208740234e+00,5.000005245208740234e+00,5.000005245208740234e+00,5.000005245208740234e+00,5.000005245208740234e+00,2.866717815399169922e+00,9.503750205039978027e-01,6.166158676147460938e+00,5.322919845581054688e+00,5.000005245208740234e+00,5.000005245208740234e+00,7.307364940643310547e+00,4.000675678253173828e+00,4.955129146575927734e+00
2.564273681640625000e+02,5.000005245208740234e+00,5.000005245208740234e+00,5.000005245208740234e+00,5.000005245208740234e+00,5.000005245208740234e+00,7.924175262451171875e+00,8.993892073631286621e-01,6.145114421844482422e+00,5.321985721588134766e+00,5.000005245208740234e+00,5.000005245208740234e+00,5.060811519622802734e+00,4.024806499481201172e+00,4.954473495483398438e+00
2.569282226562500000e+02,5.000005245208740234e+00,5.000005245208740234e+00,5.000005245208740234e+00,5.000005245208740234e+00,5.000005245208740234e+00,4.561005115509033203e+00,1.069163680076599121e+00,6.139504432678222656e+00,5.317547321319580078e+00,5.000005245208740234e+00,5.000005245208740234e+00,6.520509243011474609e+00,4.029987812042236328e+00,4.958004474639892578e+00
2.574290466308593750e+02,5.000005245208740234e+00,5.000005245208740234e+00,5.000005245208740234e+00,5.000005245208740234e+00,5.000005245208740234e+00,3.431162834167480469e+00,1.008084058761596680e+00,6.143019199371337891e+00,5.316733837127685547e+00,5.000005245208740234e+00,5.000005245208740234e+00,7.005038738250732422e+00,4.026437759399414062e+00,4.958992004394531250e+00
2.579298706054687500e+02,5.000005245208740234e+00,5.000005245208740234e+00,5.000005245208740234e+00,5.000005245208740234e+00,5.000005245208740234e+00,3.060761451721191406e+00,9.735379815101623535e-01,6.147690296173095703e+00,5.317570686340332031e+00,5.000005245208740234e+00,5.000005245208740234e+00,7.202394008636474609e+00,4.021468639373779297e+00,4.958717346191406250e+00
2.584307250976562500e+02,5.000005245208740234e+00,5.000005245208740234e+00,5.000005245208740234e+00,5.000005245208740234e+00,5.000005245208740234e+00,2.934463739395141602e+00,9.588295817375183105e-01,6.151678562164306641e+00,5.318659305572509766e+00,5.000005245208740234e+00,5.000005245208740234e+00,7.273931503295898438e+00,4.017143249511718750e+00,4.958116531372070312e+00
2.589315490722656250e+02,5.000005245208740234e+00,5.000005245208740234e+00,5.000005245208740234e+00,5.000005245208740234e+00,5.000005245208740234e+00,2.891289949417114258e+00,9.533467888832092285e-01,6.154813289642333984e+00,5.319603443145751953e+00,5.000005245208740234e+00,5.000005245208740234e+00,7.299402236938476562e+00,4.013684749603271484e+00,4.957513332366943359e+00
2.594323730468750000e+02,5.000005245208740234e+00,5.000005245208740234e+00,5.000005245208740234e+00,5.000005245208740234e+00,5.000005245208740234e+00,2.876592874526977539e+00,9.514077305793762207e-01,6.157265186309814453e+00,5.320356845855712891e+00,5.000005245208740234e+00,5.000005245208740234e+00,7.308598995208740234e+00,4.010940551757812500e+00,4.957009315490722656e+00
2.599332275390625000e+02,5.000005245208740234e+00,5.000005245208740234e+00,5.000005245208740234e+00,5.000005245208740234e+00,5.000005245208740234e+00,2.871614217758178711e+00,9.507362842559814453e-01,6.159214973449707031e+00,5.320953369140625000e+00,5.000005245208740234e+00,5.000005245208740234e+00,7.311970233917236328e+00,4.008731842041015625e+00,4.956604003906250000e+00
2.604340515136718750e+02,5.000005245208740234e+00,5.000005245208740234e+00,5.000005245208740234e+00,5.000005245208740234e+00,5.000005245208740234e+00,2.869894981384277344e+00,9.505032896995544434e-01,6.160791873931884766e+00,5.321416378021240234e+00,5.000005245208740234e+00,5.000005245208740234e+00,7.313108921051025391e+00,4.006922721862792969e+00,4.956263542175292969e+00
2.609349060058593750e+02,5.000005245208740234e+00,5.000005245208740234e+00,5.000005245208740234e+00,5.000005245208740234e+00,5.000005245208740234e+00,2.869230747222900391e+00,9.504262804985046387e-01,6.162098407745361328e+00,5.321799755096435547e+00,5.000005245208740234e+00,5.000005245208740234e+00,7.313295841217041016e+00,4.005413532257080078e+00,4.955993652343750000e+00
2.614357299804687500e+02,5.000005245208740234e+00,5.000005245208740234e+00,5.000005245208740234e+00,5.000005245208740234e+00,5.000005245208740234e+00,2.868842840194702148e+00,9.503960609436035156e-01,6.163194656372070312e+00,5.322106838226318359e+00,5.000005245208740234e+00,5.000005245208740234e+00,7.312915802001953125e+00,4.004137992858886719e+00,4.955757617950439453e+00
2.619365539550781250e+02,5.000005245208740234e+00,5.000005245208740234e+00,5.000005245208740234e+00,5.000005245208740234e+00,5.000005245208740234e+00,2.868476390838623047e+00,9.503886103630065918e-01,6.164129734039306641e+00,5.322367191314697266e+00,5.000005245208740234e+00,5.000005245208740234e+00,7.312130928039550781e+00,4.003043174743652344e+00,4.955561161041259766e+00
2.624374084472656250e+02,5.000005245208740234e+00,5.000005245208740234e+00,5.000005245208740234e+00,5.000005245208740234e+00,5.000005245208740234e+00,2.868035554885864258e+00,9.503840208053588867e-01,6.164934158325195312e+00,5.322594165802001953e+00,5.000005245208740234e+00,5.000005245208740234e+00,7.310982227325439453e+00,4.002101898193359375e+00,4.955398082733154297e+00
2.629382324218750000e+02,5.000005245208740234e+00,5.000005245208740234e+00,5.000005245208740234e+00,5.000005245208740234e+00,5.000005245208740234e+00,2.867471456527709961e+00,9.503835439682006836e-01,6.165628910064697266e+00,5.322778224945068359e+00,5.000005245208740234e+00,5.000005245208740234e+00,7.309433460235595703e+00,4.001280784606933594e+00,4.955248355865478516e+00
2.634390563964843750e+02,5.000005245208740234e+00,5.000005245208740234e+00,5.000005245208740234e+00,5.000005245208740234e+00,5.000005245208740234e+00,2.866777896881103516e+00,9.503849148750305176e-01,6.166234493255615234e+00,5.322946071624755859e+00,5.000005245208740234e+00,5.000005245208740234e+00,7.307500839233398438e+00,4.000567436218261719e+00,4.955119609832763672e+00
2.639399108886718750e+02,5.000005245208740234e+00,5.000005245208740234e+00,5.000005245208740234e+00,5.000005245208740234e+00,5.000005245208740234e+00,2.865938425064086914e+00,9.503807425498962402e-01,6.166765689849853516e+00,5.323092460632324219e+00,5.000005245208740234e+00,5.000005245208740234e+00,7.305162429809570312e+00,3.999940633773803711e+00,4.955014705657958984e+00
2.644407348632812500e+02,5.000005245208740234e+00,5.000005245208740234e+00,5.000005245208740234e+00,5.000005245208740234e+00,5.000005245208740234e+00,2.864933729171752930e+00,9.503846168518066406e-01,6.167228221893310547e+00,5.323213100433349609e+00,5.000005245208740234e+00,5.000005245208740234e+00,7.302351474761962891e+00,3.999392032623291016e+00,4.954912662506103516e+00
2.649415588378906250e+02,5.000005245208740234e+00,5.000005245208740234e+00,5.000005245208740234e+00,5.000005245208740234e+00,5.000005245208740234e+00,2.863756895065307617e+00,9.503819346427917480e-01,6.167636394500732422e+00,5.323321819305419922e+00,5.000005245208740234e+00,5.000005245208740234e+00,7.299065113067626953e+00,3.998909473419189453e+00,4.954828739166259766e+00
2.654424133300781250e+02,5.000005245208740234e+00,5.000005245208740234e+00,5.000005245208740234e+00,5.000005245208740234e+00,5.000005245208740234e+00,2.862397670745849609e+00,9.503840208053588867e-01,6.167995452880859375e+00,5.323422908782958984e+00,5.000005245208740234e+00,5.000005245208740234e+00,7.295267105102539062e+00,3.998484373092651367e+00,4.954758167266845703e+00
2.659432373046875000e+02,5.000005245208740234e+00,5.000005245208740234e+00,5.000005245208740234e+00,5.000005245208740234e+00,5.000005245208740234e+00,2.860827922821044922e+00,9.503874182701110840e-01,6.168309211730957031e+00,5.323502540588378906e+00,5.000005245208740234e+00,5.000005245208740234e+00,7.290880680084228516e+00,3.998111248016357422e+00,4.954687595367431641e+00
2.664440612792968750e+02,5.000005245208740234e+00,5.000005245208740234e+00,5.000005245208740234e+00,5.000005245208740234e+00,5.000005245208740234e+00,2.859041929244995117e+00,9.503833651542663574e-01,6.168586730957031250e+00,5.323575973510742188e+00,5.000005245208740234e+00,5.000005245208740234e+00,7.285891056060791016e+00,3.997781276702880859e+00,4.954631328582763672e+00
2.669449157714843750e+02,5.000005245208740234e+00,5.000005245208740234e+00,5.000005245208740234e+00,5.000005245208740234e+00,5.000005245208740234e+00,2.857025146484375000e+00,9.503852128982543945e-01,6.168832778930664062e+00,5.323647499084472656e+00,5.000005245208740234e+00,5.000005245208740234e+00,7.280254364013671875e+00,3.997491359710693359e+00,4.954584598541259766e+00
2.674457397460937500e+02,5.000005245208740234e+00,5.000005245208740234e+00,5.000005245208740234e+00,5.000005245208740234e+00,5.000005245208740234e+00,2.854746818542480469e+00,9.503868222236633301e-01,6.169047832489013672e+00,5.323699951171875000e+00,5.000005245208740234e+00,5.000005245208740234e+00,7.273888587951660156e+00,3.997235774993896484e+00,4.954533576965332031e+00
2.679465637207031250e+02,5.000005245208740234e+00,5.000005245208740234e+00,5.000005245208740234e+00,5.000005245208740234e+00,5.000005245208740234e+00,2.852204561233520508e+00,9.503819346427917480e-01,6.169236660003662109e+00,5.323749542236328125e+00,5.000005245208740234e+00,5.000005245208740234e+00,7.266788005828857422e+00,3.997010231018066406e+00,4.954495429992675781e+00
2.684474182128906250e+02,5.000005245208740234e+00,5.000005245208740234e+00,5.000005245208740234e+00,5.000005245208740234e+00,5.000005245208740234e+00,2.849383831024169922e+00,9.503946900367736816e-01,6.169404983520507812e+00,5.323800563812255859e+00,5.000005245208740234e+00,5.000005245208740234e+00,7.258906364440917969e+00,3.996812105178833008e+00,4.954464435577392578e+00
2.689482421875000000e+02,5.000005245208740234e+00,5.000005245208740234e+00,5.000005245208740234e+00,5.000005245208740234e+00,5.000005245208740234e+00,2.846258640289306641e+00,9.503816366195678711e-01,6.169553279876708984e+00,5.323834419250488281e+00,5.000005245208740234e+00,5.000005245208740234e+00,7.250180721282958984e+00,3.996635675430297852e+00,4.954429626464843750e+00
2.694490966796875000e+02,5.000005245208740234e+00,5.000005245208740234e+00,5.000005245208740234e+00,5.000005245208740234e+00,5.000005245208740234e+00,2.842842102050781250e+00,9.503889083862304688e-01,6.169683456420898438e+00,5.323874473571777344e+00,5.000005245208740234e+00,5.000005245208740234e+00,7.240638732910156250e+00,3.996482133865356445e+00,4.954407691955566406e+00
2.699499206542968750e+02,5.000005245208740234e+00,5.000005245208740234e+00,5.000005245208740234e+00,5.000005245208740234e+00,5.000005245208740234e+00,2.839112043380737305e+00,9.503977298736572266e-01,6.169798374176025391e+00,5.323900699615478516e+00,5.000005245208740234e+00,5.000005245208740234e+00,7.230228900909423828e+00,3.996345043182373047e+00,4.954377174377441406e+00
2.704507446289062500e+02,5.000005245208740234e+00,5.000005245208740234e+00,5.000005245208740234e+00,5.000005245208740234e+00,5.000005245208740234e+00,2.835086345672607422e+00,9.504113793373107910e-01,6.169898509979248047e+00,5.323926925659179688e+00,5.000005245208740234e+00,5.000005245208740234e+00,7.219013214111328125e+00,3.996224880218505859e+00,4.954357147216796875e+00
2.709515991210937500e+02,5.000005245208740234e+00,5.000005245208740234e+00,5.000005245208740234e+00,5.000005245208740234e+00,5.000005245208740234e+00,2.830773830413818359e+00,9.504422545433044434e-01,6.169988632202148438e+00,5.323956012725830078e+00,5.000005245208740234e+00,5.000005245208740234e+00,7.207030773162841797e+00,3.996118783950805664e+00,4.954344749450683594e+00
2.714524230957031250e+02,5.000005245208740234e+00,5.000005245208740234e+00,5.000005245208740234e+00,5.000005245208740234e+00,5.000005245208740234e+00,2.826179504394531250e+00,9.504941105842590332e-01,6.170067310333251953e+00,5.323971748352050781e+00,5.000005245208740234e+00,5.000005245208740234e+00,7.194318294525146484e+00,3.996025323867797852e+00,4.954323768615722656e+00
2.719532470703125000e+02,5.000005245208740234e+00,5.000005245208740234e+00,5.000005245208740234e+00,5.000005245208740234e+00,5.000005245208740234e+00,2.821337938308715820e+00,9.505829215049743652e-01,6.170136451721191406e+00,5.323991775512695312e+00,5.000005245208740234e+00,5.000005245208740234e+00,7.181018352508544922e+00,3.995944023132324219e+00,4.954307079315185547e+00
2.724541015625000000e+02,5.000005245208740234e+00,5.000005245208740234e+00,5.000005245208740234e+00,5.000005245208740234e+00,5.000005245208740234e+00,2.816261529922485352e+00,9.507974386215209961e-01,6.170197486877441406e+00,5.324013233184814453e+00,5.000005245208740234e+00,5.000005245208740234e+00,7.167263984680175781e+00,3.995870113372802734e+00,4.954299926757812500e+00
2.729549255371093750e+02,5.000005245208740234e+00,5.000005245208740234e+00,5.000005245208740234e+00,5.000005245208740234e+00,5.000005245208740234e+00,2.810932874679565430e+00,9.511651396751403809e-01,6.170251369476318359e+00,5.324021339416503906e+00,5.000005245208740234e+00,5.000005245208740234e+00,7.153193473815917969e+00,3.995805978775024414e+00,4.954286098480224609e+00
2.734557495117187500e+02,5.000005245208740234e+00,5.000005245208740234e+00,5.000005245208740234e+00,5.000005245208740234e+00,5.000005245208740234e+00,2.805336713790893555e+00,9.518083333969116211e-01,6.170300006866455078e+00,5.324035644531250000e+00,5.000005245208740234e+00,5.000005245208740234e+00,7.139033794403076172e+00,3.995748758316040039e+00,4.954275608062744141e+00
2.739566040039062500e+02,5.000005245208740234e+00,5.000005245208740234e+00,5.000005245208740234e+00,5.000005245208740234e+00,5.000005245208740234e+00,2.799387454986572266e+00,9.528988599777221680e-01,6.170342445373535156e+00,5.324052333831787109e+00,5.000005245208740234e+00,5.000005245208740234e+00,7.124998092651367188e+00,3.995700120925903320e+00,4.954271316528320312e+00
2.744574279785156250e+02,5.000005245208740234e+00,5.000005245208740234e+00,5.000005245208740234e+00,5.000005245208740234e+00,5.000005245208740234e+00,2.792920589447021484e+00,9.546592831611633301e-01,6.170379638671875000e+00,5.324056148529052734e+00,5.000005245208740234e+00,5.000005245208740234e+00,7.111307144165039062e+00,3.995653867721557617e+00,4.954259395599365234e+00
2.749582519531250000e+02,5.000005245208740234e+00,5.000005245208740234e+00,5.000005245208740234e+00,5.000005245208740234e+00,5.000005245208740234e+00,2.785690069198608398e+00,9.573951959609985352e-01,6.170412063598632812e+00,5.324065208435058594e+00,5.000005245208740234e+00,5.000005245208740234e+00,7.098248481750488281e+00,3.995615720748901367e+00,4.954253196716308594e+00
2.754591064453125000e+02,5.000005245208740234e+00,5.000005245208740234e+00,5.000005245208740234e+00,5.000005245208740234e+00,5.000005245208740234e+00,2.777306079864501953e+00,9.614792466163635254e-01,6.170440673828125000e+00,5.324079513549804688e+00,5.000005245208740234e+00,5.000005245208740234e+00,7.086096286773681641e+00,3.995581626892089844e+00,4.954251766204833984e+00
2.759599304199218750e+02,5.000005245208740234e+00,5.000005245208740234e+00,5.000005245208740234e+00,5.000005245208740234e+00,5.000005245208740234e+00,2.767205953598022461e+00,9.675107002258300781e-01,6.170465946197509766e+00,5.324081897735595703e+00,5.000005245208740234e+00,5.000005245208740234e+00,7.075118064880371094e+00,3.995550155639648438e+00,4.954241275787353516e+00
2.764607543945312500e+02,5.000005245208740234e+00,5.000005245208740234e+00,5.000005245208740234e+00,5.000005245208740234e+00,5.000005245208740234e+00,2.754649639129638672e+00,9.759202003479003906e-01,6.170487880706787109e+00,5.324088096618652344e+00,5.000005245208740234e+00,5.000005245208740234e+00,7.065666675567626953e+00,3.995524406433105469e+00,4.954237937927246094e+00
2.769616088867187500e+02,5.000005245208740234e+00,5.000005245208740234e+00,5.000005245208740234e+00,5.000005245208740234e+00,5.000005245208740234e+00,2.738651990890502930e+00,9.876713752746582031e-01,6.170509815216064453e+00,5.324098110198974609e+00,5.000005245208740234e+00,5.000005245208740234e+00,7.058065414428710938e+00,3.995500564575195312e+00,4.954238891601562500e+00
2.774624328613281250e+02,5.000005245208740234e+00,5.000005245208740234e+00,5.000005245208740234e+00,5.000005245208740234e+00,5.000005245208740234e+00,2.717887401580810547e+00,1.003517627716064453e+00,6.170525550842285156e+00,5.324097633361816406e+00,5.000005245208740234e+00,5.000005245208740234e+00,7.052698612213134766e+00,3.995479822158813477e+00,4.954229831695556641e+00
2.779632873535156250e+02,5.000005245208740234e+00,5.000005245208740234e+00,5.000005245208740234e+00,5.000005245208740234e+00,5.000005245208740234e+00,2.690738916397094727e+00,1.024681925773620605e+00,6.170542716979980469e+00,5.324107170104980469e+00,5.000005245208740234e+00,5.000005245208740234e+00,7.050020217895507812e+00,3.995460748672485352e+00,4.954233169555664062e+00
2.784641113281250000e+02,5.000005245208740234e+00,5.000005245208740234e+00,5.000005245208740234e+00,5.000005245208740234e+00,5.000005245208740234e+00,2.655079364776611328e+00,1.052810311317443848e+00,6.170556545257568359e+00,5.324105262756347656e+00,5.000005245208740234e+00,5.000005245208740234e+00,7.050561428070068359e+00,3.995444536209106445e+00,4.954225063323974609e+00
2.789649353027343750e+02,5.000005245208740234e+00,5.000005245208740234e+00,5.000005245208740234e+00,5.000005245208740234e+00,5.000005245208740234e+00,2.608280658721923828e+00,1.089227318763732910e+00,6.170568466186523438e+00,5.324109554290771484e+00,5.000005245208740234e+00,5.000005245208740234e+00,7.054993629455566406e+00,3.995429515838623047e+00,4.954221725463867188e+00
2.794657897949218750e+02,5.000005245208740234e+00,5.000005245208740234e+00,5.000005245208740234e+00,5.000005245208740234e+00,5.000005245208740234e+00,2.547229290008544922e+00,1.136273860931396484e+00,6.170580863952636719e+00,5.324117183685302734e+00,5.000005245208740234e+00,5.000005245208740234e+00,7.064019203186035156e+00,3.995417833328247070e+00,4.954225063323974609e+00
2.799666137695312500e+02,5.000005245208740234e+00,5.000005245208740234e+00,5.000005245208740234e+00,5.000005245208740234e+00,5.000005245208740234e+00,2.468390703201293945e+00,1.196443557739257812e+00,6.170588493347167969e+00,5.324114799499511719e+00,5.000005245208740234e+00,5.000005245208740234e+00,7.078300952911376953e+00,3.995404720306396484e+00,4.954218864440917969e+00
2.804674377441406250e+02,5.000005245208740234e+00,5.000005245208740234e+00,5.000005245208740234e+00,5.000005245208740234e+00,5.000005245208740234e+00,2.368497610092163086e+00,1.271772265434265137e+00,6.170597076416015625e+00,5.324117183685302734e+00,5.000005245208740234e+00,5.000005245208740234e+00,7.098175525665283203e+00,3.995395898818969727e+00,4.954216957092285156e+00
2.809682922363281250e+02,5.000005245208740234e+00,5.000005245208740234e+00,5.000005245208740234e+00,5.000005245208740234e+00,5.000005245208740234e+00,2.246231079101562500e+00,1.364202857017517090e+00,6.170604228973388672e+00,5.324125289916992188e+00,5.000005245208740234e+00,5.000005245208740234e+00,7.122889041900634766e+00,3.995387554168701172e+00,4.954219818115234375e+00
2.814691162109375000e+02,5.000005245208740234e+00,5.000005245208740234e+00,5.000005245208740234e+00,5.000005245208740234e+00,5.000005245208740234e+00,2.105068922042846680e+00,1.474392414093017578e+00,6.170609951019287109e+00,5.324120521545410156e+00,5.000005245208740234e+00,5.000005245208740234e+00,7.149640083312988281e+00,3.995379686355590820e+00,4.954214572906494141e+00
2.819699401855468750e+02,5.000005245208740234e+00,5.000005245208740234e+00,5.000005245208740234e+00,5.000005245208740234e+00,5.000005245208740234e+00,1.956220388412475586e+00,1.600389480590820312e+00,6.170615673065185547e+00,5.324122905731201172e+00,5.000005245208740234e+00,5.000005245208740234e+00,7.172867774963378906e+00,3.995372056961059570e+00,4.954212188720703125e+00
2.824707946777343750e+02,5.000005245208740234e+00,5.000005245208740234e+00,5.000005245208740234e+00,5.000005245208740234e+00,5.000005245208740234e+00,1.817521810531616211e+00,1.738496303558349609e+00,6.170620918273925781e+00,5.324130058288574219e+00,5.000005245208740234e+00,5.000005245208740234e+00,7.185263156890869141e+00,3.995367765426635742e+00,4.954216003417968750e+00
2.829716186523437500e+02,5.000005245208740234e+00,5.000005245208740234e+00,5.000005245208740234e+00,5.000005245208740234e+00,5.000005245208740234e+00,1.706156969070434570e+00,1.883758068084716797e+00,6.170624256134033203e+00,5.324126243591308594e+00,5.000005245208740234e+00,5.000005245208740234e+00,7.180879116058349609e+00,3.995362281799316406e+00,4.954210281372070312e+00
2.834724426269531250e+02,5.000005245208740234e+00,5.000005245208740234e+00,5.000005245208740234e+00,5.000005245208740234e+00,5.000005245208740234e+00,1.632527351379394531e+00,2.031745433807373047e+00,6.170629978179931641e+00,5.324127197265625000e+00,5.000005245208740234e+00,5.000005245208740234e+00,7.156862735748291016e+00,3.995357513427734375e+00,4.954209804534912109e+00
2.839732971191406250e+02,5.000005245208740234e+00,5.000005245208740234e+00,5.000005245208740234e+00,5.000005245208740234e+00,5.000005245208740234e+00,1.600689888000488281e+00,2.180060625076293945e+00,6.170633316040039062e+00,5.324133396148681641e+00,5.000005245208740234e+00,5.000005245208740234e+00,7.112550258636474609e+00,3.995353937149047852e+00,4.954214572906494141e+00
2.844741210937500000e+02,5.000005245208740234e+00,5.000005245208740234e+00,5.000005245208740234e+00,5.000005245208740234e+00,5.000005245208740234e+00,1.613341093063354492e+00,2.330387353897094727e+00,6.170635223388671875e+00,5.324127674102783203e+00,5.000005245208740234e+00,5.000005245208740234e+00,7.047183036804199219e+00,3.995349645614624023e+00,4.954209804534912109e+00
2.849749450683593750e+02,5.000005245208740234e+00,5.000005245208740234e+00,5.000005245208740234e+00,5.000005245208740234e+00,5.000005245208740234e+00,1.675651907920837402e+00,2.487339735031127930e+00,6.170638084411621094e+00,5.324129104614257812e+00,5.000005245208740234e+00,5.000005245208740234e+00,6.958643436431884766e+00,3.995346307754516602e+00,4.954208850860595703e+00
2.854757995605468750e+02,5.000005245208740234e+00,5.000005245208740234e+00,5.000005245208740234e+00,5.000005245208740234e+00,5.000005245208740234e+00,1.798817157745361328e+00,2.658937215805053711e+00,6.170641899108886719e+00,5.324135780334472656e+00,5.000005245208740234e+00,5.000005245208740234e+00,6.842382431030273438e+00,3.995344400405883789e+00,4.954212665557861328e+00
2.859766235351562500e+02,5.000005245208740234e+00,5.000005245208740234e+00,5.000005245208740234e+00,5.000005245208740234e+00,5.000005245208740234e+00,2.003707885742187500e+00,2.858638048171997070e+00,6.170642852783203125e+00,5.324130058288574219e+00,5.000005245208740234e+00,5.000005245208740234e+00,6.690236568450927734e+00,3.995341062545776367e+00,4.954207897186279297e+00
2.864774475097656250e+02,5.000005245208740234e+00,5.000005245208740234e+00,5.000005245208740234e+00,5.000005245208740234e+00,5.000005245208740234e+00,2.321984291076660156e+00,3.105530738830566406e+00,6.170644760131835938e+00,5.324131488800048828e+00,5.000005245208740234e+00,5.000005245208740234e+00,6.490181446075439453e+00,3.995337963104248047e+00,4.954206943511962891e+00
2.869783020019531250e+02,5.000005245208740234e+00,5.000005245208740234e+00,5.000005245208740234e+00,5.000005245208740234e+00,5.000005245208740234e+00,2.787312746047973633e+00,3.423018932342529297e+00,6.170647144317626953e+00,5.324137210845947266e+00,5.000005245208740234e+00,5.000005245208740234e+00,6.229094982147216797e+00,3.995336294174194336e+00,4.954212188720703125e+00
2.874791259765625000e+02,5.000005245208740234e+00,5.000005245208740234e+00,5.000005245208740234e+00,5.000005245208740234e+00,5.000005245208740234e+00,3.391520977020263672e+00,3.819973468780517578e+00,6.170648097991943359e+00,5.324131965637207031e+00,5.000005245208740234e+00,5.000005245208740234e+00,5.907883167266845703e+00,3.995334863662719727e+00,4.954206466674804688e+00
2.879799804687500000e+02,5.000005245208740234e+00,5.000005245208740234e+00,5.000005245208740234e+00,5.000005245208740234e+00,5.000005245208740234e+00,4.021368503570556641e+00,4.249709129333496094e+00,6.170650005340576172e+00,5.324138164520263672e+00,5.000005245208740234e+00,5.000005245208740234e+00,5.569577693939208984e+00,3.995334148406982422e+00,4.954211711883544922e+00
2.884808044433593750e+02,5.000005245208740234e+00,5.000005245208740234e+00,5.000005245208740234e+00,5.000005245208740234e+00,5.000005245208740234e+00,4.509240150451660156e+00,4.608237743377685547e+00,6.170649051666259766e+00,5.324133872985839844e+00,5.000005245208740234e+00,5.000005245208740234e+00,5.294333934783935547e+00,3.995333194732666016e+00,4.954205989837646484e+00
2.889816284179687500e+02,5.000005245208740234e+00,5.000005245208740234e+00,5.000005245208740234e+00,5.000005245208740234e+00,5.000005245208740234e+00,4.789907455444335938e+00,4.828057765960693359e+00,6.170650005340576172e+00,5.324133396148681641e+00,5.000005245208740234e+00,5.000005245208740234e+00,5.128336429595947266e+00,3.995332717895507812e+00,4.954205989837646484e+00
2.894824829101562500e+02,5.000005245208740234e+00,5.000005245208740234e+00,5.000005245208740234e+00,5.000005245208740234e+00,5.000005245208740234e+00,4.918439865112304688e+00,4.932430744171142578e+00,6.170651912689208984e+00,5.324137210845947266e+00,5.000005245208740234e+00,5.000005245208740234e+00,5.050230026245117188e+00,3.995332002639770508e+00,4.954212188720703125e+00
2.899833068847656250e+02,5.000005245208740234e+00,5.000005245208740234e+00,5.000005245208740234e+00,5.000005245208740234e+00,5.000005245208740234e+00,4.969793319702148438e+00,4.974828720092773438e+00,6.170651912689208984e+00,5.324132442474365234e+00,5.000005245208740234e+00,5.000005245208740234e+00,5.018660068511962891e+00,3.995331287384033203e+00,4.954206943511962891e+00
2.904841308593750000e+02,5.000005245208740234e+00,5.000005245208740234e+00,5.000005245208740234e+00,5.000005245208740234e+00,5.000005245208740234e+00,4.989014625549316406e+00,4.990815639495849609e+00,6.170651912689208984e+00,5.324133872985839844e+00,5.000005245208740234e+00,5.000005245208740234e+00,5.006796360015869141e+00,3.995331764221191406e+00,4.954205989837646484e+00
2.909849853515625000e+02,5.000005245208740234e+00,5.000005245208740234e+00,5.000005245208740234e+00,5.000005245208740234e+00,5.000005245208740234e+00,4.996026992797851562e+00,4.996670722961425781e+00,6.170652866363525391e+00,5.324140548706054688e+00,5.000005245208740234e+00,5.000005245208740234e+00,5.002463817596435547e+00,3.995330572128295898e+00,4.954209804534912109e+00
2.914858093261718750e+02,5.000005245208740234e+00,5.000005245208740234e+00,5.000005245208740234e+00,5.000005245208740234e+00,5.000005245208740234e+00,4.998564243316650391e+00,4.998795032501220703e+00,6.170654296875000000e+00,5.324132442474365234e+00,5.000005245208740234e+00,5.000005245208740234e+00,5.000895500183105469e+00,3.995328903198242188e+00,4.954206466674804688e+00
2.919866333007812500e+02,5.000005245208740234e+00,5.000005245208740234e+00,5.000005245208740234e+00,5.000005245208740234e+00,5.000005245208740234e+00,4.999482154846191406e+00,4.999564647674560547e+00,6.170654296875000000e+00,5.324134349822998047e+00,5.000005245208740234e+00,5.000005245208740234e+00,5.000329017639160156e+00,3.995328903198242188e+00,4.954206466674804688e+00
2.924874877929687500e+02,5.000005245208740234e+00,5.000005245208740234e+00,5.000005245208740234e+00,5.000005245208740234e+00,5.000005245208740234e+00,4.999814510345458984e+00,4.999844551086425781e+00,6.170654773712158203e+00,5.324139118194580078e+00,5.000005245208740234e+00,5.000005245208740234e+00,5.000123023986816406e+00,3.995328903198242188e+00,4.954210281372070312e+00
2.929883117675781250e+02,5.000005245208740234e+00,5.000005245208740234e+00,5.000005245208740234e+00,5.000005245208740234e+00,5.000005245208740234e+00,4.999935626983642578e+00,4.999946117401123047e+00,6.170654773712158203e+00,5.324133872985839844e+00,5.000005245208740234e+00,5.000005245208740234e+00,5.000048160552978516e+00,3.995327711105346680e+00,4.954205513000488281e+00
2.934891357421875000e+02,5.000005245208740234e+00,5.000005245208740234e+00,5.000005245208740234e+00,5.000005245208740234e+00,5.000005245208740234e+00,4.999979496002197266e+00,4.999983787536621094e+00,6.170655250549316406e+00,5.324134349822998047e+00,5.000005245208740234e+00,5.000005245208740234e+00,5.000021457672119141e+00,3.995327711105346680e+00,4.954205513000488281e+00
2.939899902343750000e+02,5.000005245208740234e+00,5.000005245208740234e+00,5.000005245208740234e+00,5.000005245208740234e+00,5.000005245208740234e+00,4.999995708465576172e+00,4.999997138977050781e+00,6.170656681060791016e+00,5.324139595031738281e+00,5.000005245208740234e+00,5.000005245208740234e+00,5.000010967254638672e+00,3.995328426361083984e+00,4.954211235046386719e+00
2.944908142089843750e+02,5.000005245208740234e+00,5.000005245208740234e+00,5.000005245208740234e+00,5.000005245208740234e+00,5.000005245208740234e+00,5.000001907348632812e+00,5.000002384185791016e+00,6.170655250549316406e+00,5.324134349822998047e+00,5.000005245208740234e+00,5.000005245208740234e+00,5.000007629394531250e+00,3.995326519012451172e+00,4.954205513000488281e+00
2.949916381835937500e+02,5.000005245208740234e+00,5.000005245208740234e+00,5.000005245208740234e+00,5.000005245208740234e+00,5.000005245208740234e+00,5.000004291534423828e+00,5.000004291534423828e+00,6.170655250549316406e+00,5.324134349822998047e+00,5.000005245208740234e+00,5.000005245208740234e+00,5.000005722045898438e+00,3.995326519012451172e+00,4.954205513000488281e+00
2.954924926757812500e+02,5.000005245208740234e+00,5.000005245208740234e+00,5.000005245208740234e+00,5.000005245208740234e+00,5.000005245208740234e+00,5.000004768371582031e+00,5.000005245208740234e+00,6.170657157897949219e+00,5.324138641357421875e+00,5.000005245208740234e+00,5.000005245208740234e+00,5.000005722045898438e+00,3.995327234268188477e+00,4.954211235046386719e+00
2.959933166503906250e+02,5.000005245208740234e+00,5.000005245208740234e+00,5.000005245208740234e+00,5.000005245208740234e+00,5.000005245208740234e+00,5.000005245208740234e+00,5.000005245208740234e+00,6.170655250549316406e+00,5.324134826660156250e+00,5.000005245208740234e+00,5.000005245208740234e+00,5.000005245208740234e+00,3.995326519012451172e+00,4.954205989837646484e+00
2.964941711425781250e+02,5.000005245208740234e+00,5.000005245208740234e+00,5.000005245208740234e+00,5.000005245208740234e+00,5.000005245208740234e+00,5.000005245208740234e+00,5.000005245208740234e+00,6.170656204223632812e+00,5.324140548706054688e+00,5.000005245208740234e+00,5.000005245208740234e+00,5.000005245208740234e+00,3.995327234268188477e+00,4.954209804534912109e+00
2.969949951171875000e+02,5.000005245208740234e+00,5.000005245208740234e+00,5.000005245208740234e+00,5.000005245208740234e+00,5.000005245208740234e+00,5.000005245208740234e+00,5.000005245208740234e+00,6.170656204223632812e+00,5.324134349822998047e+00,5.000005245208740234e+00,5.000005245208740234e+00,5.000005245208740234e+00,3.995327234268188477e+00,4.954205513000488281e+00
2.974958190917968750e+02,5.000005245208740234e+00,5.000005245208740234e+00,5.000005245208740234e+00,5.000005245208740234e+00,5.000005245208740234e+00,5.000005245208740234e+00,5.000005245208740234e+00,6.170655250549316406e+00,5.324134349822998047e+00,5.000005245208740234e+00,5.000005245208740234e+00,5.000005245208740234e+00,3.995326519012451172e+00,4.954205513000488281e+00
2.979966735839843750e+02,5.000005245208740234e+00,5.000005245208740234e+00,5.000005245208740234e+00,5.000005245208740234e+00,5.000005245208740234e+00,5.000005245208740234e+00,5.000005245208740234e+00,6.170657157897949219e+00,5.324139595031738281e+00,5.000005245208740234e+00,5.000005245208740234e+00,5.000005245208740234e+00,3.995326519012451172e+00,4.954211235046386719e+00
2.984974975585937500e+02,5.000005245208740234e+00,5.000005245208740234e+00,5.000005245208740234e+00,5.000005245208740234e+00,5.000005245208740234e+00,5.000005245208740234e+00,5.000005245208740234e+00,6.170656681060791016e+00,5.324134826660156250e+00,5.000005245208740234e+00,5.000005245208740234e+00,5.000005245208740234e+00,3.995326995849609375e+00,4.954205513000488281e+00
2.989983215332031250e+02,5.000005245208740234e+00,5.000005245208740234e+00,5.000005245208740234e+00,5.000005245208740234e+00,5.000005245208740234e+00,5.000005245208740234e+00,5.000005245208740234e+00,6.170656681060791016e+00,5.324134826660156250e+00,5.000005245208740234e+00,5.000005245208740234e+00,5.000005245208740234e+00,3.995326995849609375e+00,4.954205513000488281e+00
2.994991760253906250e+02,5.000005245208740234e+00,5.000005245208740234e+00,5.000005245208740234e+00,5.000005245208740234e+00,5.000005245208740234e+00,5.000005245208740234e+00,5.000005245208740234e+00,6.170657634735107422e+00,5.324140548706054688e+00,5.000005245208740234e+00,5.000005245208740234e+00,5.000005245208740234e+00,3.995326042175292969e+00,4.954210281372070312e+00
3.000000000000000000e+02,5.000005245208740234e+00,5.000005245208740234e+00,5.000005245208740234e+00,5.000005245208740234e+00,5.000005245208740234e+00,5.000005245208740234e+00,5.000005245208740234e+00,6.170657157897949219e+00,5.324135780334472656e+00,5.000005245208740234e+00,5.000005245208740234e+00,5.000005245208740234e+00,3.995326519012451172e+00,4.954205513000488281e+00
