scaffold,P,sample_idx,species,nrmse
reduced2,2,978,A,0.09143688150568441
reduced2,2,978,M,0.847850985231418
reduced2,2,933,A,0.08213041321351493
reduced2,2,933,M,0.9095709223390486
reduced2,2,859,A,0.10148937122298353
reduced2,2,859,M,0.8393448119265551
reduced2,2,916,A,0.4512976658432611
reduced2,2,916,M,0.7919555816403677
reduced2,2,127,A,0.09398286700445167
reduced2,2,127,M,0.9209322759251792
reduced2,2,608,A,0.11632375921031292
reduced2,2,608,M,0.9890244105448426
reduced2,2,856,A,0.15270921102666354
reduced2,2,856,M,0.7569628208996376
reduced2,2,260,A,0.08671446142084216
reduced2,2,260,M,1.0060045597277192
reduced2,2,147,A,0.15255035985231627
reduced2,2,147,M,1.1743995111527306
reduced2,2,810,A,0.10050366698676982
reduced2,2,810,M,0.999450304487829
reduced2,2,635,A,0.11977206779245804
reduced2,2,635,M,0.8423117641259451
reduced2,2,972,A,0.09365267415385997
reduced2,2,972,M,0.9640486642719105
reduced2,2,593,A,0.09647050853899787
reduced2,2,593,M,0.9046034926119965
reduced2,2,994,A,0.08519371666920164
reduced2,2,994,M,0.9097077496636476
reduced2,2,285,A,0.09612087086078835
reduced2,2,285,M,0.9200910256578252
reduced2,2,554,A,0.0949186615799531
reduced2,2,554,M,0.9645056047532027
reduced2,2,467,A,0.08351976485040886
reduced2,2,467,M,0.9081518280338448
reduced2,2,276,A,0.12275340778049992
reduced2,2,276,M,0.819183009228376
reduced2,2,55,A,0.27352141357742565
reduced2,2,55,M,1.1620253005297425
reduced2,2,61,A,0.11005531948952375
reduced2,2,61,M,1.0307033153709781
reduced2,2,839,A,0.08849462786671697
reduced2,2,839,M,0.8678245942999804
reduced2,2,425,A,0.07842744874668504
reduced2,2,425,M,0.9631064470434496
reduced2,2,82,A,0.08956318210011069
reduced2,2,82,M,0.9548115223472327
reduced2,2,620,A,0.15748933921210923
reduced2,2,620,M,0.5096127992665613
reduced2,2,787,A,0.11309939136284707
reduced2,2,787,M,0.8814549888888872
reduced2,2,2,A,0.07099354139380533
reduced2,2,2,M,0.9713496024545131
reduced2,2,753,A,0.0812497413230488
reduced2,2,753,M,0.8774312947013347
reduced2,2,7,A,0.06380313806075955
reduced2,2,7,M,0.9541106082745466
reduced2,2,903,A,0.10056005685715173
reduced2,2,903,M,0.923637528577386
reduced2,2,626,A,0.05790565071706794
reduced2,2,626,M,1.0679767237688695
reduced2,2,51,A,32260751.724243164
reduced2,2,51,M,0.42854072380434155
reduced2,2,557,A,0.10640429558769886
reduced2,2,557,M,0.9048639601093033
reduced2,2,310,A,0.09270164521963553
reduced2,2,310,M,0.9218485733740418
reduced2,2,100,A,0.104702357910829
reduced2,2,100,M,0.8467452964654567
reduced2,2,848,A,0.10594689169740078
reduced2,2,848,M,0.7280706671049056
reduced2,2,921,A,0.08391671100499065
reduced2,2,921,M,0.8899334448454084
reduced2,2,45,A,0.0930632172627539
reduced2,2,45,M,0.8356270930869538
reduced2,2,976,A,0.09391954854893997
reduced2,2,976,M,0.9229409854174002
reduced2,2,136,A,0.09368970036833384
reduced2,2,136,M,0.9554556978413018
reduced2,2,128,A,0.18693792564556175
reduced2,2,128,M,0.8174204619012079
reduced2,2,605,A,0.111849662104934
reduced2,2,605,M,0.993583958332767
reduced2,2,945,A,27494832.87334442
reduced2,2,945,M,0.5104268924813746
reduced2,2,773,A,0.10678916536770104
reduced2,2,773,M,0.8213939964782516
reduced2,2,941,A,0.1124872385858829
reduced2,2,941,M,0.9185022573527244
reduced2,2,613,A,0.10546623876171189
reduced2,2,613,M,0.7122877599518346
reduced2,2,98,A,0.10548188032394347
reduced2,2,98,M,0.981001007916641
reduced2,2,758,A,0.07399432092467154
reduced2,2,758,M,1.0116419827452583
reduced2,2,595,A,0.09331893586281625
reduced2,2,595,M,0.788291833088864
reduced2,2,470,A,0.09914076711178349
reduced2,2,470,M,0.904524941596964
reduced2,2,25,A,0.11168305574096923
reduced2,2,25,M,0.18177795579197215
reduced2,2,514,A,0.34575643936201994
reduced2,2,514,M,0.6650975440862541
reduced2,2,239,A,0.08687864460722873
reduced2,2,239,M,0.9609706181008043
reduced2,2,980,A,0.10354661046669582
reduced2,2,980,M,0.7785998126119457
reduced2,2,623,A,0.09333142167131184
reduced2,2,623,M,0.887702280970669
reduced2,2,252,A,0.08941473832149945
reduced2,2,252,M,1.0032785432634796
reduced2,2,662,A,0.06962358715445709
reduced2,2,662,M,0.811240222572468
reduced2,2,171,A,0.08822619063540414
reduced2,2,171,M,0.9008543255048725
reduced2,2,408,A,0.09745805094141352
reduced2,2,408,M,0.9464557777438313
reduced2,2,993,A,0.10510443812376302
reduced2,2,993,M,0.8954005722181753
reduced2,2,592,A,0.10275165837995617
reduced2,2,592,M,0.9602898198801265
reduced2,2,701,A,0.09645638085362022
reduced2,2,701,M,1.0491003372946262
reduced2,2,427,A,0.10537668446101806
reduced2,2,427,M,1.0046132456326393
reduced2,2,457,A,0.08990567030628686
reduced2,2,457,M,0.976612971163906
reduced2,2,454,A,0.12521143834408763
reduced2,2,454,M,0.9407238400514996
reduced2,2,151,A,0.10591341748049414
reduced2,2,151,M,0.9545725400484143
reduced2,2,756,A,0.09516513210725534
reduced2,2,756,M,0.7530263274393594
reduced2,2,250,A,0.09927706391210808
reduced2,2,250,M,0.98204856417813
reduced2,2,904,A,0.23931051826747135
reduced2,2,904,M,0.7671479528476913
reduced2,2,324,A,0.11350237457277719
reduced2,2,324,M,0.777210490065231
reduced2,2,439,A,0.07849183499947181
reduced2,2,439,M,0.8604946852301298
reduced2,2,650,A,0.09864644521414985
reduced2,2,650,M,1.0996610478028401
reduced2,2,238,A,0.07448907863072139
reduced2,2,238,M,0.8017833575800454
reduced2,2,498,A,0.08541579034272365
reduced2,2,498,M,0.8505812025730174
reduced2,2,806,A,0.11599619399612339
reduced2,2,806,M,0.9808829081281351
reduced2,2,629,A,0.09417414487866992
reduced2,2,629,M,0.8991280751937776
reduced2,2,468,A,0.05758370119658795
reduced2,2,468,M,0.9537622194441309
reduced2,2,343,A,0.2992558646917512
reduced2,2,343,M,0.915434998447241
reduced2,2,664,A,0.11510401623771506
reduced2,2,664,M,0.9473450177026472
reduced2,2,671,A,0.10429810216173556
reduced2,2,671,M,0.8143285490567223
reduced2,2,652,A,0.056396556149282795
reduced2,2,652,M,1.0452090211202238
reduced2,2,346,A,0.0924614613228053
reduced2,2,346,M,0.9610839628409346
reduced2,2,381,A,0.09258558504983772
reduced2,2,381,M,0.8514291602648638
reduced2,2,493,A,0.0926053099184216
reduced2,2,493,M,0.8522898797902689
reduced2,2,708,A,0.0794035681654296
reduced2,2,708,M,1.0815039412631804
reduced2,2,513,A,0.06365280025209857
reduced2,2,513,M,0.7728064263813874
reduced2,2,563,A,0.1457012232720289
reduced2,2,563,M,0.9015118062468818
reduced2,2,857,A,0.15729484435496757
reduced2,2,857,M,0.6041744206677312
reduced2,2,781,A,0.09939373482600271
reduced2,2,781,M,1.007752964142916
reduced2,2,135,A,0.10002676091711309
reduced2,2,135,M,0.9002630728510533
reduced2,2,232,A,0.11782266882166398
reduced2,2,232,M,0.9268960792231943
reduced2,2,931,A,0.07434699576600555
reduced2,2,931,M,0.9185522000222238
reduced2,2,426,A,0.08183186380844905
reduced2,2,426,M,0.9633854570462597
reduced2,2,660,A,0.10547860005137875
reduced2,2,660,M,0.8839895231296686
reduced2,2,995,A,0.08792049575575937
reduced2,2,995,M,0.7333287713766976
reduced2,2,36,A,0.10263081520260109
reduced2,2,36,M,0.8741258330761272
reduced2,2,545,A,0.1221438620053438
reduced2,2,545,M,0.8274206638652292
reduced2,2,116,A,0.12357784514806394
reduced2,2,116,M,0.789473646808074
reduced2,2,434,A,0.11876485071207028
reduced2,2,434,M,0.8852879450938552
reduced2,2,390,A,0.09763182745252826
reduced2,2,390,M,0.787026583618042
reduced2,2,751,A,0.13121818389905773
reduced2,2,751,M,0.9539557958264929
reduced3,3,978,A,0.0575486024532957
reduced3,3,978,M,0.8434971548650726
reduced3,3,933,A,0.03671877086650385
reduced3,3,933,M,0.9010972118277051
reduced3,3,859,A,0.07086106750234909
reduced3,3,859,M,0.8315738343897933
reduced3,3,916,A,22260886.430740356
reduced3,3,916,M,0.7907934319182686
reduced3,3,127,A,0.0451630526649101
reduced3,3,127,M,0.9077916223895179
reduced3,3,608,A,0.1190069257944735
reduced3,3,608,M,0.9750292990947113
reduced3,3,856,A,0.0925463978715207
reduced3,3,856,M,0.8628278770469437
reduced3,3,260,A,0.05071567117940069
reduced3,3,260,M,1.0015013078230501
reduced3,3,147,A,0.08786717227119399
reduced3,3,147,M,1.170037776202015
reduced3,3,810,A,0.07240218828581137
reduced3,3,810,M,0.9908421129775621
reduced3,3,635,A,0.07029851811544927
reduced3,3,635,M,0.8304765657418433
reduced3,3,972,A,0.06756121482312298
reduced3,3,972,M,1.0255465334166147
reduced3,3,593,A,0.06960073474179992
reduced3,3,593,M,0.8965356579913611
reduced3,3,994,A,0.08943495793316705
reduced3,3,994,M,0.8600314612518206
reduced3,3,285,A,0.05204783553638782
reduced3,3,285,M,0.92402843250672
reduced3,3,554,A,0.05295460141280692
reduced3,3,554,M,0.9519340739707618
reduced3,3,467,A,0.04900828703219405
reduced3,3,467,M,0.9253103150775126
reduced3,3,276,A,0.06733785602879558
reduced3,3,276,M,0.7764703127569129
reduced3,3,55,A,0.16202932868461228
reduced3,3,55,M,1.1622512817314747
reduced3,3,61,A,0.0740060543704088
reduced3,3,61,M,1.0188496014783226
reduced3,3,839,A,0.055346021654069204
reduced3,3,839,M,0.8837208581191655
reduced3,3,425,A,0.04714954929820808
reduced3,3,425,M,0.9785658567860135
reduced3,3,82,A,0.07481623914454283
reduced3,3,82,M,0.9491275808178699
reduced3,3,620,A,0.09289322009381354
reduced3,3,620,M,0.4994702283858687
reduced3,3,787,A,0.06341164880958552
reduced3,3,787,M,0.8449941280126413
reduced3,3,2,A,0.041172793115586574
reduced3,3,2,M,0.9597423380516117
reduced3,3,753,A,0.05914723360527576
reduced3,3,753,M,0.8724342705050213
reduced3,3,7,A,0.06578611243734399
reduced3,3,7,M,0.9431391660361749
reduced3,3,903,A,0.06598247742207586
reduced3,3,903,M,0.9109410545169008
reduced3,3,626,A,0.024846978129877167
reduced3,3,626,M,1.0546907670639623
reduced3,3,51,A,17466388.642787933
reduced3,3,51,M,0.437999335527314
reduced3,3,557,A,0.05010072057992886
reduced3,3,557,M,0.9120972276666206
reduced3,3,310,A,0.09618171557225491
reduced3,3,310,M,0.9097726626932321
reduced3,3,100,A,0.082217755201911
reduced3,3,100,M,0.8506120818679093
reduced3,3,848,A,0.06662947182984327
reduced3,3,848,M,0.794494015112313
reduced3,3,921,A,0.062080394922068696
reduced3,3,921,M,0.8714030502601571
reduced3,3,45,A,0.05240282430602417
reduced3,3,45,M,0.8437961569586685
reduced3,3,976,A,0.05609947724793678
reduced3,3,976,M,0.9031212833159316
reduced3,3,136,A,0.09039072444967905
reduced3,3,136,M,0.9666889943345673
reduced3,3,128,A,0.0995739481534105
reduced3,3,128,M,0.8119467736867739
reduced3,3,605,A,0.06698847303842695
reduced3,3,605,M,0.986936502275369
reduced3,3,945,A,16259697.079658508
reduced3,3,945,M,0.5205977060850332
reduced3,3,773,A,0.061651547856759165
reduced3,3,773,M,0.8105777943436707
reduced3,3,941,A,0.056526995284027846
reduced3,3,941,M,0.9072798924724909
reduced3,3,613,A,0.059814187826207454
reduced3,3,613,M,0.7086276402069831
reduced3,3,98,A,0.0675111113357284
reduced3,3,98,M,0.9807885090220753
reduced3,3,758,A,0.07305703605330911
reduced3,3,758,M,1.0034693700183726
reduced3,3,595,A,0.08269374752306691
reduced3,3,595,M,0.791236242933292
reduced3,3,470,A,0.06034953807796863
reduced3,3,470,M,0.9290987461799186
reduced3,3,25,A,9839052.706956863
reduced3,3,25,M,0.15780494320212235
reduced3,3,514,A,0.19551692770870113
reduced3,3,514,M,0.7482937787305953
reduced3,3,239,A,0.057456933299337785
reduced3,3,239,M,0.954825683251457
reduced3,3,980,A,0.06545783675209506
reduced3,3,980,M,0.7697752344352689
reduced3,3,623,A,0.05079999879646208
reduced3,3,623,M,0.8616007398123365
reduced3,3,252,A,0.053314044566487
reduced3,3,252,M,0.9933724924157454
reduced3,3,662,A,0.06535058134379787
reduced3,3,662,M,0.9412082349848931
reduced3,3,171,A,0.05424962847637157
reduced3,3,171,M,0.8857714778058678
reduced3,3,408,A,0.05696813548123921
reduced3,3,408,M,0.9769112827037112
reduced3,3,993,A,0.06941704291273004
reduced3,3,993,M,0.8863286407962028
reduced3,3,592,A,0.075587353830474
reduced3,3,592,M,0.9505907812925991
reduced3,3,701,A,0.04929101420385204
reduced3,3,701,M,1.0382988723015014
reduced3,3,427,A,0.07150053523527503
reduced3,3,427,M,0.9919400522130408
reduced3,3,457,A,0.06953227981336897
reduced3,3,457,M,0.9919097511141028
reduced3,3,454,A,0.07662118417761413
reduced3,3,454,M,0.9303714486726006
reduced3,3,151,A,0.06471224505367901
reduced3,3,151,M,0.9230476927606074
reduced3,3,756,A,0.045456611431158596
reduced3,3,756,M,0.7388923361978702
reduced3,3,250,A,0.05078072506188869
reduced3,3,250,M,0.9793396238160925
reduced3,3,904,A,0.2013694095089416
reduced3,3,904,M,0.7623765773675438
reduced3,3,324,A,0.06289819230005494
reduced3,3,324,M,0.732129591786085
reduced3,3,439,A,0.0711873415381365
reduced3,3,439,M,0.8517361966953186
reduced3,3,650,A,0.07398943974779579
reduced3,3,650,M,1.093420204777966
reduced3,3,238,A,0.0521431424226074
reduced3,3,238,M,0.804184633331068
reduced3,3,498,A,0.07676900946518515
reduced3,3,498,M,0.8374739631738961
reduced3,3,806,A,0.0714603290247439
reduced3,3,806,M,1.0384407459698302
reduced3,3,629,A,0.07378893389967826
reduced3,3,629,M,0.8829754585523815
reduced3,3,468,A,0.03684662819078926
reduced3,3,468,M,0.9382110620718151
reduced3,3,343,A,0.15652103731122516
reduced3,3,343,M,0.919308891983383
reduced3,3,664,A,0.06346581680105354
reduced3,3,664,M,0.9871683251486429
reduced3,3,671,A,0.05471457874374778
reduced3,3,671,M,0.8015978815375004
reduced3,3,652,A,0.06173272840939965
reduced3,3,652,M,1.0333659466667215
reduced3,3,346,A,0.05612494252576926
reduced3,3,346,M,0.9080309919674289
reduced3,3,381,A,0.06411238950241895
reduced3,3,381,M,0.8178078884560323
reduced3,3,493,A,0.052487410138000325
reduced3,3,493,M,0.8550630780633323
reduced3,3,708,A,0.05529198621221845
reduced3,3,708,M,1.0709271165919414
reduced3,3,513,A,0.041560543772087795
reduced3,3,513,M,0.9043197347452735
reduced3,3,563,A,0.0809894380811262
reduced3,3,563,M,1.101863341906164
reduced3,3,857,A,0.11048939823191231
reduced3,3,857,M,0.7018187607603209
reduced3,3,781,A,0.07791402412901911
reduced3,3,781,M,0.9900933740595048
reduced3,3,135,A,0.08931365272548447
reduced3,3,135,M,0.8868937018743983
reduced3,3,232,A,0.07470412204853268
reduced3,3,232,M,0.9157967520913564
reduced3,3,931,A,0.04943886140315643
reduced3,3,931,M,0.9122981244623304
reduced3,3,426,A,0.06687150197673529
reduced3,3,426,M,0.938872529442107
reduced3,3,660,A,0.05437279040790184
reduced3,3,660,M,0.8801390162698517
reduced3,3,995,A,0.10019117366167132
reduced3,3,995,M,0.7584831459028634
reduced3,3,36,A,0.06845560129977991
reduced3,3,36,M,0.8633473500983632
reduced3,3,545,A,0.0801606268845868
reduced3,3,545,M,0.8675384400320484
reduced3,3,116,A,0.06801226491699633
reduced3,3,116,M,0.7511194063836409
reduced3,3,434,A,0.07094516380321245
reduced3,3,434,M,0.8607518551239915
reduced3,3,390,A,0.0584218767835139
reduced3,3,390,M,0.7706287107111678
reduced3,3,751,A,0.06645615687836082
reduced3,3,751,M,0.9459109501168558
reduced4_AEIM,4,978,A,0.1374471669715936
reduced4_AEIM,4,978,M,0.8276012126541543
reduced4_AEIM,4,933,A,0.07290640702929645
reduced4_AEIM,4,933,M,0.8789191372292176
reduced4_AEIM,4,859,A,0.11721175503698912
reduced4_AEIM,4,859,M,0.8172247419656369
reduced4_AEIM,4,916,A,38239702.582359314
reduced4_AEIM,4,916,M,0.2907678270368626
reduced4_AEIM,4,127,A,0.1056754128011485
reduced4_AEIM,4,127,M,0.8947768622905854
reduced4_AEIM,4,608,A,0.19164953241182317
reduced4_AEIM,4,608,M,0.9396058694577913
reduced4_AEIM,4,856,A,0.15930087035489665
reduced4_AEIM,4,856,M,0.6870591092841073
reduced4_AEIM,4,260,A,0.07446455636151593
reduced4_AEIM,4,260,M,0.9362609124187571
reduced4_AEIM,4,147,A,0.1451291409283918
reduced4_AEIM,4,147,M,1.0355633982824188
reduced4_AEIM,4,810,A,0.12030118220884171
reduced4_AEIM,4,810,M,0.9639332677173295
reduced4_AEIM,4,635,A,0.12636433343842857
reduced4_AEIM,4,635,M,0.8150124532885898
reduced4_AEIM,4,972,A,0.10624526843274164
reduced4_AEIM,4,972,M,1.0052053482239454
reduced4_AEIM,4,593,A,0.16431787908083656
reduced4_AEIM,4,593,M,0.8714062844039347
reduced4_AEIM,4,994,A,0.1295768362426279
reduced4_AEIM,4,994,M,0.8642172734667549
reduced4_AEIM,4,285,A,0.07757270437436911
reduced4_AEIM,4,285,M,0.9137017720732736
reduced4_AEIM,4,554,A,0.07895410767476457
reduced4_AEIM,4,554,M,0.9384155655787446
reduced4_AEIM,4,467,A,0.08661906902346203
reduced4_AEIM,4,467,M,0.8981138082264967
reduced4_AEIM,4,276,A,0.17088534214124781
reduced4_AEIM,4,276,M,0.7694235727999584
reduced4_AEIM,4,55,A,32092997.431755066
reduced4_AEIM,4,55,M,0.8415509018629747
reduced4_AEIM,4,61,A,0.10338822344998316
reduced4_AEIM,4,61,M,1.0068330848517228
reduced4_AEIM,4,839,A,0.09098298239193471
reduced4_AEIM,4,839,M,0.86775935736246
reduced4_AEIM,4,425,A,0.10968200684903634
reduced4_AEIM,4,425,M,0.9670202031557757
reduced4_AEIM,4,82,A,0.09630701713269173
reduced4_AEIM,4,82,M,0.9358915772670388
reduced4_AEIM,4,620,A,0.1138640794199803
reduced4_AEIM,4,620,M,0.2505432707919537
reduced4_AEIM,4,787,A,0.10075363088473359
reduced4_AEIM,4,787,M,0.8294606628809439
reduced4_AEIM,4,2,A,0.09378105079005007
reduced4_AEIM,4,2,M,0.9323339513871481
reduced4_AEIM,4,753,A,0.09649535260326167
reduced4_AEIM,4,753,M,0.9091583953697332
reduced4_AEIM,4,7,A,0.08789581949754105
reduced4_AEIM,4,7,M,0.9316245681435109
reduced4_AEIM,4,903,A,0.08481448494794398
reduced4_AEIM,4,903,M,0.9305237220100109
reduced4_AEIM,4,626,A,0.16020975163565487
reduced4_AEIM,4,626,M,1.028931722434899
reduced4_AEIM,4,51,A,26874187.58869171
reduced4_AEIM,4,51,M,0.1620792632201288
reduced4_AEIM,4,557,A,0.09012010938552188
reduced4_AEIM,4,557,M,0.9007763434972026
reduced4_AEIM,4,310,A,0.13357797979586347
reduced4_AEIM,4,310,M,0.9327723169994788
reduced4_AEIM,4,100,A,0.1553594090845989
reduced4_AEIM,4,100,M,0.8547860898353022
reduced4_AEIM,4,848,A,0.1247405209001244
reduced4_AEIM,4,848,M,0.7725154548082889
reduced4_AEIM,4,921,A,32147166.13292694
reduced4_AEIM,4,921,M,0.6945032067953198
reduced4_AEIM,4,45,A,0.09251434809070348
reduced4_AEIM,4,45,M,0.8387791069236707
reduced4_AEIM,4,976,A,0.0714480872442551
reduced4_AEIM,4,976,M,0.8982985918596958
reduced4_AEIM,4,136,A,0.19682902167901434
reduced4_AEIM,4,136,M,0.9609631006841594
reduced4_AEIM,4,128,A,0.2004151899456275
reduced4_AEIM,4,128,M,0.3382015317031538
reduced4_AEIM,4,605,A,0.09316231592995242
reduced4_AEIM,4,605,M,0.9732873412668042
reduced4_AEIM,4,945,A,24420645.833015442
reduced4_AEIM,4,945,M,0.33101098505701876
reduced4_AEIM,4,773,A,0.10913003737560133
reduced4_AEIM,4,773,M,0.7901718558489691
reduced4_AEIM,4,941,A,0.07113103721959248
reduced4_AEIM,4,941,M,0.8942684433261151
reduced4_AEIM,4,613,A,0.13881465479552668
reduced4_AEIM,4,613,M,0.6394437405330434
reduced4_AEIM,4,98,A,0.11194194031727872
reduced4_AEIM,4,98,M,0.9776878772230096
reduced4_AEIM,4,758,A,0.1062002160814599
reduced4_AEIM,4,758,M,0.9828758795973966
reduced4_AEIM,4,595,A,0.10320235463927874
reduced4_AEIM,4,595,M,0.7881252118237463
reduced4_AEIM,4,470,A,0.09113299752455198
reduced4_AEIM,4,470,M,0.9156560218071418
reduced4_AEIM,4,25,A,12998533.248901367
reduced4_AEIM,4,25,M,0.15037521222457412
reduced4_AEIM,4,514,A,0.34429459428307496
reduced4_AEIM,4,514,M,0.45887261755698433
reduced4_AEIM,4,239,A,0.08756084091178454
reduced4_AEIM,4,239,M,0.9325016576838285
reduced4_AEIM,4,980,A,0.09601023533288815
reduced4_AEIM,4,980,M,0.7668775678017303
reduced4_AEIM,4,623,A,0.08659051605194885
reduced4_AEIM,4,623,M,0.855330777079872
reduced4_AEIM,4,252,A,0.10858841778266835
reduced4_AEIM,4,252,M,0.9058786750706405
reduced4_AEIM,4,662,A,0.1152829665417065
reduced4_AEIM,4,662,M,0.8819199037938729
reduced4_AEIM,4,171,A,0.11717894752116609
reduced4_AEIM,4,171,M,0.8504464374521655
reduced4_AEIM,4,408,A,0.14611740654847608
reduced4_AEIM,4,408,M,0.9648215891418418
reduced4_AEIM,4,993,A,0.10229722066227517
reduced4_AEIM,4,993,M,0.8604877967116098
reduced4_AEIM,4,592,A,0.09797007021605332
reduced4_AEIM,4,592,M,0.9355630580482568
reduced4_AEIM,4,701,A,0.1311696838693136
reduced4_AEIM,4,701,M,0.8333462130731419
reduced4_AEIM,4,427,A,0.10291879914329122
reduced4_AEIM,4,427,M,0.9787269589831576
reduced4_AEIM,4,457,A,0.10153101285522374
reduced4_AEIM,4,457,M,1.0027154838308474
reduced4_AEIM,4,454,A,0.11908912462615771
reduced4_AEIM,4,454,M,0.9155405811816878
reduced4_AEIM,4,151,A,0.0844733385421102
reduced4_AEIM,4,151,M,0.9234025242573629
reduced4_AEIM,4,756,A,0.07020020983362468
reduced4_AEIM,4,756,M,0.7277228998512125
reduced4_AEIM,4,250,A,0.0794701697117444
reduced4_AEIM,4,250,M,0.9568709777722604
reduced4_AEIM,4,904,A,0.2962848926564574
reduced4_AEIM,4,904,M,0.7675790395771755
reduced4_AEIM,4,324,A,0.1647634159828255
reduced4_AEIM,4,324,M,0.7237112085838546
reduced4_AEIM,4,439,A,0.07722049973006971
reduced4_AEIM,4,439,M,0.8456190647783512
reduced4_AEIM,4,650,A,0.13197933844922724
reduced4_AEIM,4,650,M,1.0750852339047596
reduced4_AEIM,4,238,A,0.12212479938132258
reduced4_AEIM,4,238,M,0.7920450592706695
reduced4_AEIM,4,498,A,0.109833433602569
reduced4_AEIM,4,498,M,0.8217323863253915
reduced4_AEIM,4,806,A,0.17043124772901802
reduced4_AEIM,4,806,M,0.9026772677429674
reduced4_AEIM,4,629,A,0.10927891145492134
reduced4_AEIM,4,629,M,0.870834154489661
reduced4_AEIM,4,468,A,0.10544788892608492
reduced4_AEIM,4,468,M,0.8790572572200142
reduced4_AEIM,4,343,A,0.35080944639615846
reduced4_AEIM,4,343,M,0.46437810262445073
reduced4_AEIM,4,664,A,0.1031409233875562
reduced4_AEIM,4,664,M,0.9714790598940339
reduced4_AEIM,4,671,A,0.10112077128619655
reduced4_AEIM,4,671,M,0.7839470772884964
reduced4_AEIM,4,652,A,0.10437753877681281
reduced4_AEIM,4,652,M,1.0077523496252963
reduced4_AEIM,4,346,A,0.3318841970600384
reduced4_AEIM,4,346,M,0.8315999470677445
reduced4_AEIM,4,381,A,0.16021309944786016
reduced4_AEIM,4,381,M,0.823636256631051
reduced4_AEIM,4,493,A,0.11269893811461093
reduced4_AEIM,4,493,M,0.8480916581295659
reduced4_AEIM,4,708,A,0.1004577327227241
reduced4_AEIM,4,708,M,1.0574073794003922
reduced4_AEIM,4,513,A,0.12695193848365185
reduced4_AEIM,4,513,M,0.8727610092443645
reduced4_AEIM,4,563,A,0.17922478319958784
reduced4_AEIM,4,563,M,0.5161281019370401
reduced4_AEIM,4,857,A,0.18287149780698256
reduced4_AEIM,4,857,M,0.6305142105162187
reduced4_AEIM,4,781,A,0.1236224854344055
reduced4_AEIM,4,781,M,0.9816531656673941
reduced4_AEIM,4,135,A,0.09560034867172833
reduced4_AEIM,4,135,M,0.8905926119666987
reduced4_AEIM,4,232,A,0.09677738810640645
reduced4_AEIM,4,232,M,0.9118360862473256
reduced4_AEIM,4,931,A,0.16936134231487618
reduced4_AEIM,4,931,M,0.9075861770067447
reduced4_AEIM,4,426,A,0.13089121784870564
reduced4_AEIM,4,426,M,0.9148337047219651
reduced4_AEIM,4,660,A,0.122994201541013
reduced4_AEIM,4,660,M,0.8574802493566261
reduced4_AEIM,4,995,A,0.1680898953480548
reduced4_AEIM,4,995,M,0.7527255906494773
reduced4_AEIM,4,36,A,0.08974284752291431
reduced4_AEIM,4,36,M,0.8510607463383713
reduced4_AEIM,4,545,A,0.13630099592812162
reduced4_AEIM,4,545,M,0.8596146633239237
reduced4_AEIM,4,116,A,0.09910295862384741
reduced4_AEIM,4,116,M,0.7437407347511475
reduced4_AEIM,4,434,A,0.09372557923119847
reduced4_AEIM,4,434,M,0.8482393577397571
reduced4_AEIM,4,390,A,0.08533143702182348
reduced4_AEIM,4,390,M,0.7608803369475566
reduced4_AEIM,4,751,A,0.10079625988317543
reduced4_AEIM,4,751,M,0.9269814836606406
reduced5,5,978,A,0.048448818254648814
reduced5,5,978,M,0.8478861921660227
reduced5,5,933,A,0.04689984333384725
reduced5,5,933,M,0.9020590076716152
reduced5,5,859,A,0.04151186023525589
reduced5,5,859,M,0.8394586535953263
reduced5,5,916,A,220809.71393734217
reduced5,5,916,M,1.2255459815912118
reduced5,5,127,A,0.04440828938412344
reduced5,5,127,M,0.9123104787926394
reduced5,5,608,A,0.04179776559840968
reduced5,5,608,M,0.9739537402199077
reduced5,5,856,A,0.02537081826556957
reduced5,5,856,M,0.9187543855697063
reduced5,5,260,A,0.050338727071746255
reduced5,5,260,M,0.9540835037799097
reduced5,5,147,A,0.0309534364615498
reduced5,5,147,M,1.1928242657818338
reduced5,5,810,A,0.04983500125394903
reduced5,5,810,M,0.9966418950043869
reduced5,5,635,A,0.05637244823632245
reduced5,5,635,M,0.83803281514766
reduced5,5,972,A,0.046261210144543
reduced5,5,972,M,1.0301390661422372
reduced5,5,593,A,0.04514361459538129
reduced5,5,593,M,0.9030493246134524
reduced5,5,994,A,0.03579154376087984
reduced5,5,994,M,0.8810593463323962
reduced5,5,285,A,0.04388506787098565
reduced5,5,285,M,0.9375510115229854
reduced5,5,554,A,0.05535036996309688
reduced5,5,554,M,0.9554822465414553
reduced5,5,467,A,0.04169150411426515
reduced5,5,467,M,0.9309721403541507
reduced5,5,276,A,0.029928019436324664
reduced5,5,276,M,0.7946915100383292
reduced5,5,55,A,1345271.9897031784
reduced5,5,55,M,1.210973827286875
reduced5,5,61,A,0.03828092608777114
reduced5,5,61,M,1.0255192883832718
reduced5,5,839,A,0.044746827246628464
reduced5,5,839,M,0.8859228340644104
reduced5,5,425,A,0.05038471443042788
reduced5,5,425,M,0.9832959747512231
reduced5,5,82,A,0.04940112209308367
reduced5,5,82,M,0.9546117343579578
reduced5,5,620,A,0.025465798005767787
reduced5,5,620,M,0.7063493041371445
reduced5,5,787,A,0.04105166163945541
reduced5,5,787,M,0.8622150926586684
reduced5,5,2,A,0.03111713369061637
reduced5,5,2,M,0.962492335206029
reduced5,5,753,A,0.05336356974156873
reduced5,5,753,M,0.9233066252774921
reduced5,5,7,A,0.051758198290168256
reduced5,5,7,M,0.9751117902675005
reduced5,5,903,A,0.04963923130120823
reduced5,5,903,M,0.9439476623360595
reduced5,5,626,A,0.0434321252509844
reduced5,5,626,M,1.0551669907098014
reduced5,5,51,A,413424.10258948803
reduced5,5,51,M,0.5484519356037022
reduced5,5,557,A,0.052205552115064884
reduced5,5,557,M,0.924417965517476
reduced5,5,310,A,0.033512201424748485
reduced5,5,310,M,0.9520325716335187
reduced5,5,100,A,0.044789979592869296
reduced5,5,100,M,0.8669402549427431
reduced5,5,848,A,0.02633710659191069
reduced5,5,848,M,0.868680606977108
reduced5,5,921,A,3628768.7718868256
reduced5,5,921,M,0.8998066756157638
reduced5,5,45,A,0.049025669784348906
reduced5,5,45,M,0.8655932360466639
reduced5,5,976,A,0.04216196910137411
reduced5,5,976,M,0.9125831105344281
reduced5,5,136,A,0.05257309460876316
reduced5,5,136,M,0.9798713819563356
reduced5,5,128,A,0.02428319537889959
reduced5,5,128,M,0.9208174020060194
reduced5,5,605,A,0.05928016354630355
reduced5,5,605,M,0.9910791414188614
reduced5,5,945,A,52411.999786272645
reduced5,5,945,M,0.7536744353279385
reduced5,5,773,A,0.03827587941883836
reduced5,5,773,M,0.8164146631163899
reduced5,5,941,A,0.07637510508633168
reduced5,5,941,M,0.9108096301057413
reduced5,5,613,A,0.03146314332368603
reduced5,5,613,M,0.7188152507990107
reduced5,5,98,A,0.03987641679750858
reduced5,5,98,M,1.0153960550573975
reduced5,5,758,A,0.03745368639068948
reduced5,5,758,M,1.009999552636949
reduced5,5,595,A,0.04890562871236921
reduced5,5,595,M,0.8123184361157836
reduced5,5,470,A,0.048379077306086114
reduced5,5,470,M,0.934042777608808
reduced5,5,25,A,1423085.294663906
reduced5,5,25,M,0.5598481680422529
reduced5,5,514,A,0.030154106972093666
reduced5,5,514,M,0.8101710047934879
reduced5,5,239,A,0.04091554429895633
reduced5,5,239,M,0.9594682231312355
reduced5,5,980,A,0.039853020209660375
reduced5,5,980,M,0.7831857914876749
reduced5,5,623,A,0.03596041687176598
reduced5,5,623,M,0.8783008083899265
reduced5,5,252,A,0.031592728203996195
reduced5,5,252,M,1.0007361549471308
reduced5,5,662,A,0.030392083974329055
reduced5,5,662,M,0.9565982355179432
reduced5,5,171,A,0.043782870046532626
reduced5,5,171,M,0.8820316929732785
reduced5,5,408,A,0.05791996410243079
reduced5,5,408,M,0.9840258427522589
reduced5,5,993,A,0.05828251581522988
reduced5,5,993,M,0.8833116305492842
reduced5,5,592,A,0.06056319962357574
reduced5,5,592,M,0.9530701651106247
reduced5,5,701,A,0.03407047450099363
reduced5,5,701,M,1.0674117853740765
reduced5,5,427,A,0.05699988892323146
reduced5,5,427,M,0.9970707558635034
reduced5,5,457,A,0.06222368051201761
reduced5,5,457,M,1.0211066981954449
reduced5,5,454,A,0.06355966929965777
reduced5,5,454,M,0.9337579573820742
reduced5,5,151,A,0.04556381561135626
reduced5,5,151,M,0.9318671829220766
reduced5,5,756,A,0.05716305994509919
reduced5,5,756,M,0.7407914667262266
reduced5,5,250,A,0.04974083072177702
reduced5,5,250,M,0.9820709578581329
reduced5,5,904,A,0.03134584599368957
reduced5,5,904,M,0.8571641913968668
reduced5,5,324,A,0.04449527867616827
reduced5,5,324,M,0.7442068322442991
reduced5,5,439,A,0.06228853541575656
reduced5,5,439,M,0.8616256698616432
reduced5,5,650,A,0.05345333713692534
reduced5,5,650,M,1.0984461714816667
reduced5,5,238,A,0.04285597865584217
reduced5,5,238,M,0.8119776212198382
reduced5,5,498,A,0.05563629094828332
reduced5,5,498,M,0.8437616046032707
reduced5,5,806,A,0.03666081665158571
reduced5,5,806,M,1.0546167263621367
reduced5,5,629,A,0.055749172924336995
reduced5,5,629,M,0.8854523626790607
reduced5,5,468,A,0.024180743460106128
reduced5,5,468,M,0.948292365003894
reduced5,5,343,A,0.034582861280493336
reduced5,5,343,M,1.237371915203018
reduced5,5,664,A,0.040818341225194954
reduced5,5,664,M,0.9919851836517036
reduced5,5,671,A,0.0350915009276135
reduced5,5,671,M,0.8075912426399426
reduced5,5,652,A,0.04184126542672574
reduced5,5,652,M,1.0404244393539717
reduced5,5,346,A,0.038825135151692246
reduced5,5,346,M,0.9522371599000159
reduced5,5,381,A,0.05352031770968776
reduced5,5,381,M,0.8432617009528317
reduced5,5,493,A,0.056827139589971216
reduced5,5,493,M,0.8765605876240462
reduced5,5,708,A,0.04457528505292145
reduced5,5,708,M,1.0790321037096076
reduced5,5,513,A,0.029788798883685144
reduced5,5,513,M,0.9375130856560852
reduced5,5,563,A,0.023456912933029598
reduced5,5,563,M,1.2194267882192766
reduced5,5,857,A,0.04015363684830742
reduced5,5,857,M,0.7162607308753128
reduced5,5,781,A,0.058429708969843876
reduced5,5,781,M,1.0002045214440043
reduced5,5,135,A,0.06252565351161053
reduced5,5,135,M,0.9050782268409356
reduced5,5,232,A,0.06620107864878008
reduced5,5,232,M,0.9306121061601941
reduced5,5,931,A,0.05719413659319328
reduced5,5,931,M,0.9300471237315585
reduced5,5,426,A,0.04509342812066544
reduced5,5,426,M,0.9433602822912972
reduced5,5,660,A,0.03782740393706493
reduced5,5,660,M,0.8815448505060106
reduced5,5,995,A,0.042431797454116696
reduced5,5,995,M,0.7691015643349651
reduced5,5,36,A,0.057130125432300456
reduced5,5,36,M,0.8688455218618971
reduced5,5,545,A,0.03281169536818469
reduced5,5,545,M,0.8881013810814299
reduced5,5,116,A,0.05183676425816805
reduced5,5,116,M,0.760536231692324
reduced5,5,434,A,0.05747356781350408
reduced5,5,434,M,0.8612039469173134
reduced5,5,390,A,0.06340991185778173
reduced5,5,390,M,0.7693577256065147
reduced5,5,751,A,0.05107058755515231
reduced5,5,751,M,0.9504339213718341
reduced6_ADGJLM,6,978,A,0.0451840209586977
reduced6_ADGJLM,6,978,M,0.21795729042501005
reduced6_ADGJLM,6,933,A,0.03301812625709532
reduced6_ADGJLM,6,933,M,0.23582226751341728
reduced6_ADGJLM,6,859,A,0.02125731588148461
reduced6_ADGJLM,6,859,M,0.21357366511947515
reduced6_ADGJLM,6,916,A,1085840.3518795967
reduced6_ADGJLM,6,916,M,0.23786482747925097
reduced6_ADGJLM,6,127,A,0.028152809286662174
reduced6_ADGJLM,6,127,M,0.23827928412683982
reduced6_ADGJLM,6,608,A,0.043473890409130654
reduced6_ADGJLM,6,608,M,0.24275997842432032
reduced6_ADGJLM,6,856,A,0.011589690577138611
reduced6_ADGJLM,6,856,M,0.21359797327008823
reduced6_ADGJLM,6,260,A,0.026021381422223794
reduced6_ADGJLM,6,260,M,0.25106482978597416
reduced6_ADGJLM,6,147,A,0.08208587143432992
reduced6_ADGJLM,6,147,M,0.26975173318850754
reduced6_ADGJLM,6,810,A,0.03169146853723241
reduced6_ADGJLM,6,810,M,0.251981389252131
reduced6_ADGJLM,6,635,A,0.03025634356958488
reduced6_ADGJLM,6,635,M,0.21212467719292163
reduced6_ADGJLM,6,972,A,0.03604860793405526
reduced6_ADGJLM,6,972,M,0.25505199642014786
reduced6_ADGJLM,6,593,A,0.049041004893253734
reduced6_ADGJLM,6,593,M,0.22759643613261818
reduced6_ADGJLM,6,994,A,0.03601012764226578
reduced6_ADGJLM,6,994,M,0.22729813240545088
reduced6_ADGJLM,6,285,A,0.020877413758207643
reduced6_ADGJLM,6,285,M,0.23912471486393325
reduced6_ADGJLM,6,554,A,0.038745064652470206
reduced6_ADGJLM,6,554,M,0.25180296330422325
reduced6_ADGJLM,6,467,A,0.04496130264046224
reduced6_ADGJLM,6,467,M,0.228753595610183
reduced6_ADGJLM,6,276,A,0.036427772543929836
reduced6_ADGJLM,6,276,M,0.1907721859616593
reduced6_ADGJLM,6,55,A,2982041.0534739494
reduced6_ADGJLM,6,55,M,0.26203139952385895
reduced6_ADGJLM,6,61,A,0.04140390150633878
reduced6_ADGJLM,6,61,M,0.26619616861642836
reduced6_ADGJLM,6,839,A,0.03279163609605874
reduced6_ADGJLM,6,839,M,0.23122114508477923
reduced6_ADGJLM,6,425,A,0.11416266615952864
reduced6_ADGJLM,6,425,M,0.2525992784095059
reduced6_ADGJLM,6,82,A,0.03545012451491038
reduced6_ADGJLM,6,82,M,0.2456161534038941
reduced6_ADGJLM,6,620,A,0.009698158234041625
reduced6_ADGJLM,6,620,M,0.1819354702275304
reduced6_ADGJLM,6,787,A,0.029987826049324224
reduced6_ADGJLM,6,787,M,0.21598370907149328
reduced6_ADGJLM,6,2,A,0.027010591605638446
reduced6_ADGJLM,6,2,M,0.2531455173768968
reduced6_ADGJLM,6,753,A,0.06034649878794366
reduced6_ADGJLM,6,753,M,0.22090461235848743
reduced6_ADGJLM,6,7,A,0.03874078705924747
reduced6_ADGJLM,6,7,M,0.2538292652726347
reduced6_ADGJLM,6,903,A,0.02459893992965148
reduced6_ADGJLM,6,903,M,0.2435229236836381
reduced6_ADGJLM,6,626,A,0.0627614234193807
reduced6_ADGJLM,6,626,M,0.2623532912708915
reduced6_ADGJLM,6,51,A,1054535.4336500168
reduced6_ADGJLM,6,51,M,0.10542784585280099
reduced6_ADGJLM,6,557,A,0.03988366354858463
reduced6_ADGJLM,6,557,M,0.24407231151926942
reduced6_ADGJLM,6,310,A,0.02578152473765308
reduced6_ADGJLM,6,310,M,0.23901042468171782
reduced6_ADGJLM,6,100,A,0.03825124358885885
reduced6_ADGJLM,6,100,M,0.21673433217510685
reduced6_ADGJLM,6,848,A,0.005442677933976871
reduced6_ADGJLM,6,848,M,0.188509169855434
reduced6_ADGJLM,6,921,A,6612564.6233558655
reduced6_ADGJLM,6,921,M,0.21409108781188918
reduced6_ADGJLM,6,45,A,0.041810334618093324
reduced6_ADGJLM,6,45,M,0.22081309528425536
reduced6_ADGJLM,6,976,A,0.031470926204147716
reduced6_ADGJLM,6,976,M,0.2363902936960551
reduced6_ADGJLM,6,136,A,0.05121039884325724
reduced6_ADGJLM,6,136,M,0.2455574838015222
reduced6_ADGJLM,6,128,A,0.10364756894792719
reduced6_ADGJLM,6,128,M,0.19661397024731783
reduced6_ADGJLM,6,605,A,0.039848711007715074
reduced6_ADGJLM,6,605,M,0.2639727101567445
reduced6_ADGJLM,6,945,A,959229.4692993164
reduced6_ADGJLM,6,945,M,0.14916604590268093
reduced6_ADGJLM,6,773,A,0.030633489559143856
reduced6_ADGJLM,6,773,M,0.2032787252608311
reduced6_ADGJLM,6,941,A,0.03614718585698861
reduced6_ADGJLM,6,941,M,0.2424176854711738
reduced6_ADGJLM,6,613,A,0.02694829428870799
reduced6_ADGJLM,6,613,M,0.16496428535115407
reduced6_ADGJLM,6,98,A,0.043788003037951974
reduced6_ADGJLM,6,98,M,0.24641850367895285
reduced6_ADGJLM,6,758,A,0.042781048257581514
reduced6_ADGJLM,6,758,M,0.24719745858802444
reduced6_ADGJLM,6,595,A,0.03871743190286764
reduced6_ADGJLM,6,595,M,0.20885068086773653
reduced6_ADGJLM,6,470,A,0.049426783034985954
reduced6_ADGJLM,6,470,M,0.242512847289212
reduced6_ADGJLM,6,25,A,1262576.0398805141
reduced6_ADGJLM,6,25,M,0.108986476075813
reduced6_ADGJLM,6,514,A,0.013675202637762267
reduced6_ADGJLM,6,514,M,0.179954928772335
reduced6_ADGJLM,6,239,A,0.0154114218821118
reduced6_ADGJLM,6,239,M,0.2362618030703878
reduced6_ADGJLM,6,980,A,0.036314014618782114
reduced6_ADGJLM,6,980,M,0.19021097533549242
reduced6_ADGJLM,6,623,A,0.022481829878530122
reduced6_ADGJLM,6,623,M,0.22348602210425897
reduced6_ADGJLM,6,252,A,0.03434303499407791
reduced6_ADGJLM,6,252,M,0.23380535766961483
reduced6_ADGJLM,6,662,A,0.013977821735823072
reduced6_ADGJLM,6,662,M,0.22396686027949333
reduced6_ADGJLM,6,171,A,0.08556655644287033
reduced6_ADGJLM,6,171,M,0.22550184296401143
reduced6_ADGJLM,6,408,A,0.07004155507494593
reduced6_ADGJLM,6,408,M,0.25744160027257756
reduced6_ADGJLM,6,993,A,0.03261510561162522
reduced6_ADGJLM,6,993,M,0.22817403741954947
reduced6_ADGJLM,6,592,A,0.03796304671207169
reduced6_ADGJLM,6,592,M,0.2521584754984275
reduced6_ADGJLM,6,701,A,0.02745489009373601
reduced6_ADGJLM,6,701,M,0.2483740294472067
reduced6_ADGJLM,6,427,A,0.03668725715263765
reduced6_ADGJLM,6,427,M,0.26215564616115594
reduced6_ADGJLM,6,457,A,0.02659217533834823
reduced6_ADGJLM,6,457,M,0.26393826055821923
reduced6_ADGJLM,6,454,A,0.04221859588539749
reduced6_ADGJLM,6,454,M,0.2472875204056601
reduced6_ADGJLM,6,151,A,0.04398916815464322
reduced6_ADGJLM,6,151,M,0.24317074575126835
reduced6_ADGJLM,6,756,A,0.04018830824780004
reduced6_ADGJLM,6,756,M,0.19572904147247078
reduced6_ADGJLM,6,250,A,0.03191497723035396
reduced6_ADGJLM,6,250,M,0.2456333925054106
reduced6_ADGJLM,6,904,A,0.01719878708063335
reduced6_ADGJLM,6,904,M,0.1898645389975731
reduced6_ADGJLM,6,324,A,0.05831048796981911
reduced6_ADGJLM,6,324,M,0.19183284995169714
reduced6_ADGJLM,6,439,A,0.02886672205939519
reduced6_ADGJLM,6,439,M,0.226466186987375
reduced6_ADGJLM,6,650,A,0.03750430409822539
reduced6_ADGJLM,6,650,M,0.2736186799224622
reduced6_ADGJLM,6,238,A,0.11228874329470204
reduced6_ADGJLM,6,238,M,0.20397363334703525
reduced6_ADGJLM,6,498,A,0.028579835326318276
reduced6_ADGJLM,6,498,M,0.21622527297364702
reduced6_ADGJLM,6,806,A,0.055825026734426644
reduced6_ADGJLM,6,806,M,0.24107200089459185
reduced6_ADGJLM,6,629,A,0.034364199899711345
reduced6_ADGJLM,6,629,M,0.2322236445945608
reduced6_ADGJLM,6,468,A,0.06193941242443209
reduced6_ADGJLM,6,468,M,0.22753021653460936
reduced6_ADGJLM,6,343,A,0.0414216892541761
reduced6_ADGJLM,6,343,M,0.2577767164141974
reduced6_ADGJLM,6,664,A,0.027141404981014486
reduced6_ADGJLM,6,664,M,0.25532191561319634
reduced6_ADGJLM,6,671,A,0.12754239834229855
reduced6_ADGJLM,6,671,M,0.19811395613737084
reduced6_ADGJLM,6,652,A,0.03191189515107351
reduced6_ADGJLM,6,652,M,0.2520680065098574
reduced6_ADGJLM,6,346,A,0.062055069068312436
reduced6_ADGJLM,6,346,M,0.21911407351969897
reduced6_ADGJLM,6,381,A,0.05021792983697015
reduced6_ADGJLM,6,381,M,0.2167295560858576
reduced6_ADGJLM,6,493,A,0.04975068598842906
reduced6_ADGJLM,6,493,M,0.22417052366740386
reduced6_ADGJLM,6,708,A,0.0668894936552195
reduced6_ADGJLM,6,708,M,0.27637018521468465
reduced6_ADGJLM,6,513,A,0.03369623789346302
reduced6_ADGJLM,6,513,M,0.22373968836387692
reduced6_ADGJLM,6,563,A,0.011550362588634169
reduced6_ADGJLM,6,563,M,0.273780015592543
reduced6_ADGJLM,6,857,A,0.06855071043820486
reduced6_ADGJLM,6,857,M,0.1683273115474108
reduced6_ADGJLM,6,781,A,0.04999269573852703
reduced6_ADGJLM,6,781,M,0.2625294978354819
reduced6_ADGJLM,6,135,A,0.04268563614948005
reduced6_ADGJLM,6,135,M,0.23922775182927586
reduced6_ADGJLM,6,232,A,0.027889455161480222
reduced6_ADGJLM,6,232,M,0.2419717890234625
reduced6_ADGJLM,6,931,A,0.06766242660805892
reduced6_ADGJLM,6,931,M,0.2324210547042496
reduced6_ADGJLM,6,426,A,0.03452612394241993
reduced6_ADGJLM,6,426,M,0.23846434146486356
reduced6_ADGJLM,6,660,A,0.04089589080556257
reduced6_ADGJLM,6,660,M,0.21475608595875528
reduced6_ADGJLM,6,995,A,0.09487326561329551
reduced6_ADGJLM,6,995,M,0.19212606857852282
reduced6_ADGJLM,6,36,A,0.02685613028516871
reduced6_ADGJLM,6,36,M,0.22973504495230207
reduced6_ADGJLM,6,545,A,0.024864739916464804
reduced6_ADGJLM,6,545,M,0.2164959267080362
reduced6_ADGJLM,6,116,A,0.041207269039799405
reduced6_ADGJLM,6,116,M,0.19845946270442658
reduced6_ADGJLM,6,434,A,0.03724304144477676
reduced6_ADGJLM,6,434,M,0.23179833668105598
reduced6_ADGJLM,6,390,A,0.05005846069011637
reduced6_ADGJLM,6,390,M,0.20529903550887268
reduced6_ADGJLM,6,751,A,0.04064260154943307
reduced6_ADGJLM,6,751,M,0.23923135893600594
reduced7,7,978,A,0.056727276791928474
reduced7,7,978,M,0.015607571286844002
reduced7,7,933,A,0.04653428691576081
reduced7,7,933,M,0.02208398753804466
reduced7,7,859,A,0.030123025540806564
reduced7,7,859,M,0.01553973845056674
reduced7,7,916,A,755619.3508207798
reduced7,7,916,M,0.03353574682609563
reduced7,7,127,A,0.032040915887443254
reduced7,7,127,M,0.018616345785732687
reduced7,7,608,A,8976612.985134125
reduced7,7,608,M,0.01895265709127069
reduced7,7,856,A,0.019638345916036644
reduced7,7,856,M,0.0397350238515157
reduced7,7,260,A,0.030160548503198787
reduced7,7,260,M,0.01899318834484035
reduced7,7,147,A,0.11188078510137395
reduced7,7,147,M,0.02817737756715485
reduced7,7,810,A,0.04302017640321097
reduced7,7,810,M,0.026743504457033933
reduced7,7,635,A,0.044105390608231654
reduced7,7,635,M,0.021188518611597366
reduced7,7,972,A,9332948.178052902
reduced7,7,972,M,0.013598536124568834
reduced7,7,593,A,0.03975256321043289
reduced7,7,593,M,0.015642322702025126
reduced7,7,994,A,0.11119239572144755
reduced7,7,994,M,0.01725731305327631
reduced7,7,285,A,0.030316469846003564
reduced7,7,285,M,0.017030792417298744
reduced7,7,554,A,0.05338190705090191
reduced7,7,554,M,0.02006679711169998
reduced7,7,467,A,0.06825216466273458
reduced7,7,467,M,0.01880731487002395
reduced7,7,276,A,0.05119084479486052
reduced7,7,276,M,0.012286783572161527
reduced7,7,55,A,3944135.457277298
reduced7,7,55,M,0.023913712512902155
reduced7,7,61,A,0.06408042201577302
reduced7,7,61,M,0.0137260249581015
reduced7,7,839,A,0.04670201050571269
reduced7,7,839,M,0.0209192712545845
reduced7,7,425,A,0.12691908868946275
reduced7,7,425,M,0.014461777452660314
reduced7,7,82,A,0.047775108861086324
reduced7,7,82,M,0.013616898918043524
reduced7,7,620,A,0.018447098167743117
reduced7,7,620,M,0.06102921725948439
reduced7,7,787,A,0.036700528026233165
reduced7,7,787,M,0.020580611010965456
reduced7,7,2,A,0.030662596004078592
reduced7,7,2,M,0.024395437328908056
reduced7,7,753,A,0.08119042139984119
reduced7,7,753,M,0.011324142234463586
reduced7,7,7,A,0.06205800114892698
reduced7,7,7,M,0.018600541413422957
reduced7,7,903,A,0.029748296108299845
reduced7,7,903,M,0.01254784963910564
reduced7,7,626,A,0.06691369201014762
reduced7,7,626,M,0.02355816731609432
reduced7,7,51,A,1662365.347146988
reduced7,7,51,M,0.015196370971961345
reduced7,7,557,A,0.056881213431026305
reduced7,7,557,M,0.024767070431594373
reduced7,7,310,A,0.03713843497351278
reduced7,7,310,M,0.010440337250979375
reduced7,7,100,A,0.047838693650431544
reduced7,7,100,M,0.010777568168140364
reduced7,7,848,A,0.016150098863076227
reduced7,7,848,M,0.020089199199870393
reduced7,7,921,A,8461152.762174606
reduced7,7,921,M,0.032745912639756306
reduced7,7,45,A,0.061332820201930593
reduced7,7,45,M,0.0183110283487262
reduced7,7,976,A,0.04173045282311268
reduced7,7,976,M,0.017198905632613927
reduced7,7,136,A,0.051322992287422355
reduced7,7,136,M,0.00884443996696489
reduced7,7,128,A,7879658.043384552
reduced7,7,128,M,0.03269412352341691
reduced7,7,605,A,0.06072914965690272
reduced7,7,605,M,0.020586337137676804
reduced7,7,945,A,0.0
reduced7,7,945,M,0.014587740188894317
reduced7,7,773,A,0.03526482366510331
reduced7,7,773,M,0.013814742741391033
reduced7,7,941,A,0.045405894998452434
reduced7,7,941,M,0.025332484941530224
reduced7,7,613,A,0.022215424539712796
reduced7,7,613,M,0.01661173671870555
reduced7,7,98,A,0.04693999954419868
reduced7,7,98,M,0.02900859440062705
reduced7,7,758,A,0.07374632377291943
reduced7,7,758,M,0.015550657913985425
reduced7,7,595,A,0.05451071811492884
reduced7,7,595,M,0.014281889420691318
reduced7,7,470,A,0.06639808684097027
reduced7,7,470,M,0.018142687644730583
reduced7,7,25,A,2287581.5629959106
reduced7,7,25,M,0.024145376159863056
reduced7,7,514,A,0.022933274100570403
reduced7,7,514,M,0.02471035792904871
reduced7,7,239,A,0.021760261908484912
reduced7,7,239,M,0.018924048232559592
reduced7,7,980,A,0.04953002450437791
reduced7,7,980,M,0.015212688542438983
reduced7,7,623,A,0.05616343827000844
reduced7,7,623,M,0.013728089975382577
reduced7,7,252,A,0.04322801013353976
reduced7,7,252,M,0.030072899411560716
reduced7,7,662,A,0.02340853697607194
reduced7,7,662,M,0.022108081161636383
reduced7,7,171,A,0.09493505146215529
reduced7,7,171,M,0.016741230494153332
reduced7,7,408,A,0.07414946633044492
reduced7,7,408,M,0.016414335890390933
reduced7,7,993,A,0.044058056109502586
reduced7,7,993,M,0.018699087847497062
reduced7,7,592,A,0.04950976461061686
reduced7,7,592,M,0.021379507376249454
reduced7,7,701,A,9314239.770174026
reduced7,7,701,M,0.03825604841306188
reduced7,7,427,A,0.05765379531489918
reduced7,7,427,M,0.019965980061452396
reduced7,7,457,A,0.037018815654569714
reduced7,7,457,M,0.017155215662081936
reduced7,7,454,A,0.05061850147796897
reduced7,7,454,M,0.021999309895324313
reduced7,7,151,A,0.05306778513130274
reduced7,7,151,M,0.017390373232140512
reduced7,7,756,A,0.04915000817199894
reduced7,7,756,M,0.022605584634366183
reduced7,7,250,A,0.04070199151270471
reduced7,7,250,M,0.019241884699956607
reduced7,7,904,A,0.02469979380476642
reduced7,7,904,M,0.013878566605587686
reduced7,7,324,A,0.0742560756670715
reduced7,7,324,M,0.01722629194726396
reduced7,7,439,A,0.03779248212884973
reduced7,7,439,M,0.01861107299177018
reduced7,7,650,A,0.04010740913228197
reduced7,7,650,M,0.01584506644428086
reduced7,7,238,A,0.11095797886214545
reduced7,7,238,M,0.012180194062218206
reduced7,7,498,A,0.03782223206857328
reduced7,7,498,M,0.01886720002848221
reduced7,7,806,A,0.07042945638015949
reduced7,7,806,M,0.027997195845647464
reduced7,7,629,A,0.04320569492701179
reduced7,7,629,M,0.022454607734384686
reduced7,7,468,A,0.07384741702917517
reduced7,7,468,M,0.029598521321264077
reduced7,7,343,A,0.05459502901294881
reduced7,7,343,M,0.0370153198912217
reduced7,7,664,A,0.028680076207030867
reduced7,7,664,M,0.02047232782398454
reduced7,7,671,A,8807309.716939926
reduced7,7,671,M,0.01345859505524308
reduced7,7,652,A,0.03357848243151097
reduced7,7,652,M,0.018493984311677588
reduced7,7,346,A,0.050085831505981136
reduced7,7,346,M,0.017767549395926792
reduced7,7,381,A,0.059429295394810164
reduced7,7,381,M,0.015142095502436132
reduced7,7,493,A,0.058083302606461995
reduced7,7,493,M,0.020560549715130823
reduced7,7,708,A,0.06615203000445333
reduced7,7,708,M,0.016020077397251756
reduced7,7,513,A,0.04987467385749131
reduced7,7,513,M,0.01927095344955236
reduced7,7,563,A,0.02281758412068833
reduced7,7,563,M,0.06250531747587965
reduced7,7,857,A,0.08178166028663787
reduced7,7,857,M,0.01378971874853365
reduced7,7,781,A,0.0607101538976917
reduced7,7,781,M,0.016467449984103766
reduced7,7,135,A,0.05828413444484056
reduced7,7,135,M,0.01985758730937866
reduced7,7,232,A,0.04807926706134158
reduced7,7,232,M,0.01773725880988814
reduced7,7,931,A,0.07609278902009176
reduced7,7,931,M,0.013592835212867556
reduced7,7,426,A,0.049086827353138365
reduced7,7,426,M,0.024770120854581967
reduced7,7,660,A,0.04969039367703862
reduced7,7,660,M,0.012373344008498
reduced7,7,995,A,0.12000246299418038
reduced7,7,995,M,0.013060684436237641
reduced7,7,36,A,0.04086842485699809
reduced7,7,36,M,0.021195505942858673
reduced7,7,545,A,0.03536033829389396
reduced7,7,545,M,0.01258040716566671
reduced7,7,116,A,0.07507568812036851
reduced7,7,116,M,0.0221794649008323
reduced7,7,434,A,0.05216336860449626
reduced7,7,434,M,0.0229892501909466
reduced7,7,390,A,0.061293361512048124
reduced7,7,390,M,0.021570055465664942
reduced7,7,751,A,0.043912907672355415
reduced7,7,751,M,0.014496109371720278
reduced8_ADGHJKLM,8,978,A,0.040498930495786054
reduced8_ADGHJKLM,8,978,M,0.03125779124083893
reduced8_ADGHJKLM,8,933,A,0.042447328039002995
reduced8_ADGHJKLM,8,933,M,0.04025629640077962
reduced8_ADGHJKLM,8,859,A,0.03149793526707262
reduced8_ADGHJKLM,8,859,M,0.03143153063028328
reduced8_ADGHJKLM,8,916,A,115558.27222764492
reduced8_ADGHJKLM,8,916,M,0.03167588647860277
reduced8_ADGHJKLM,8,127,A,0.04100333427872478
reduced8_ADGHJKLM,8,127,M,0.036735524935385296
reduced8_ADGHJKLM,8,608,A,2593429.0140867233
reduced8_ADGHJKLM,8,608,M,0.033331237802893224
reduced8_ADGHJKLM,8,856,A,0.02304598375558513
reduced8_ADGHJKLM,8,856,M,0.05561722892334769
reduced8_ADGHJKLM,8,260,A,0.043764488450818456
reduced8_ADGHJKLM,8,260,M,0.03792434405018454
reduced8_ADGHJKLM,8,147,A,0.05138126163184617
reduced8_ADGHJKLM,8,147,M,0.041218856134678385
reduced8_ADGHJKLM,8,810,A,0.04781483203156886
reduced8_ADGHJKLM,8,810,M,0.04326355526866552
reduced8_ADGHJKLM,8,635,A,0.047676320184606574
reduced8_ADGHJKLM,8,635,M,0.03370430072134874
reduced8_ADGHJKLM,8,972,A,3778133.1688165665
reduced8_ADGHJKLM,8,972,M,0.031275104578524796
reduced8_ADGHJKLM,8,593,A,0.03977519951743942
reduced8_ADGHJKLM,8,593,M,0.03258650856887915
reduced8_ADGHJKLM,8,994,A,0.04284363610515508
reduced8_ADGHJKLM,8,994,M,0.035344588434525884
reduced8_ADGHJKLM,8,285,A,0.036140527741408274
reduced8_ADGHJKLM,8,285,M,0.03669310269662575
reduced8_ADGHJKLM,8,554,A,0.0411205679827311
reduced8_ADGHJKLM,8,554,M,0.04102816763248425
reduced8_ADGHJKLM,8,467,A,0.02967002948288506
reduced8_ADGHJKLM,8,467,M,0.03471221290060649
reduced8_ADGHJKLM,8,276,A,0.02445874915569099
reduced8_ADGHJKLM,8,276,M,0.026736822658018508
reduced8_ADGHJKLM,8,55,A,613619.8062449694
reduced8_ADGHJKLM,8,55,M,0.025408289649753214
reduced8_ADGHJKLM,8,61,A,0.03570723985383953
reduced8_ADGHJKLM,8,61,M,0.038306864303597185
reduced8_ADGHJKLM,8,839,A,0.04387147031219814
reduced8_ADGHJKLM,8,839,M,0.03763165430200644
reduced8_ADGHJKLM,8,425,A,0.05428621861186353
reduced8_ADGHJKLM,8,425,M,0.034675241170603416
reduced8_ADGHJKLM,8,82,A,0.03576327196199343
reduced8_ADGHJKLM,8,82,M,0.03433009081827987
reduced8_ADGHJKLM,8,620,A,0.022079917572256712
reduced8_ADGHJKLM,8,620,M,0.0927690422412309
reduced8_ADGHJKLM,8,787,A,0.03779583139675629
reduced8_ADGHJKLM,8,787,M,0.03610915541157819
reduced8_ADGHJKLM,8,2,A,0.03049743480966585
reduced8_ADGHJKLM,8,2,M,0.037346100889876575
reduced8_ADGHJKLM,8,753,A,0.04387551076745613
reduced8_ADGHJKLM,8,753,M,0.027080878938481993
reduced8_ADGHJKLM,8,7,A,0.05889212816998113
reduced8_ADGHJKLM,8,7,M,0.04041340538394658
reduced8_ADGHJKLM,8,903,A,0.04057735315178163
reduced8_ADGHJKLM,8,903,M,0.03475971752122972
reduced8_ADGHJKLM,8,626,A,0.030859948193808346
reduced8_ADGHJKLM,8,626,M,0.03893384142292451
reduced8_ADGHJKLM,8,51,A,34619.70190983266
reduced8_ADGHJKLM,8,51,M,0.017934358142929645
reduced8_ADGHJKLM,8,557,A,0.046529304125846216
reduced8_ADGHJKLM,8,557,M,0.04432846742496216
reduced8_ADGHJKLM,8,310,A,0.024627569245692916
reduced8_ADGHJKLM,8,310,M,0.027986456962539666
reduced8_ADGHJKLM,8,100,A,0.03859512059149124
reduced8_ADGHJKLM,8,100,M,0.028106663175315957
reduced8_ADGHJKLM,8,848,A,0.02423241227445167
reduced8_ADGHJKLM,8,848,M,0.030854082350871018
reduced8_ADGHJKLM,8,921,A,1294943.2246387005
reduced8_ADGHJKLM,8,921,M,0.03877604707801697
reduced8_ADGHJKLM,8,45,A,0.04386062218119387
reduced8_ADGHJKLM,8,45,M,0.03578653692027051
reduced8_ADGHJKLM,8,976,A,0.04118327536410848
reduced8_ADGHJKLM,8,976,M,0.0366074245370952
reduced8_ADGHJKLM,8,136,A,0.03586157819796557
reduced8_ADGHJKLM,8,136,M,0.02774617108010323
reduced8_ADGHJKLM,8,128,A,3013019.636273384
reduced8_ADGHJKLM,8,128,M,0.04604076811467315
reduced8_ADGHJKLM,8,605,A,0.05726433122419779
reduced8_ADGHJKLM,8,605,M,0.044018643958232684
reduced8_ADGHJKLM,8,945,A,10424.634092487395
reduced8_ADGHJKLM,8,945,M,0.013986583007653477
reduced8_ADGHJKLM,8,773,A,0.03689643686808744
reduced8_ADGHJKLM,8,773,M,0.027801845144298218
reduced8_ADGHJKLM,8,941,A,0.06606865776535639
reduced8_ADGHJKLM,8,941,M,0.04488486626031941
reduced8_ADGHJKLM,8,613,A,0.027559357983825434
reduced8_ADGHJKLM,8,613,M,0.026303793445241152
reduced8_ADGHJKLM,8,98,A,0.037581564922688014
reduced8_ADGHJKLM,8,98,M,0.045321576675743915
reduced8_ADGHJKLM,8,758,A,0.03507995254374981
reduced8_ADGHJKLM,8,758,M,0.031115492146087775
reduced8_ADGHJKLM,8,595,A,0.04257809444825283
reduced8_ADGHJKLM,8,595,M,0.03316613750185181
reduced8_ADGHJKLM,8,470,A,0.038783421991790135
reduced8_ADGHJKLM,8,470,M,0.03646337381002548
reduced8_ADGHJKLM,8,25,A,153927.35367640853
reduced8_ADGHJKLM,8,25,M,0.04454594414578613
reduced8_ADGHJKLM,8,514,A,0.026453514336590978
reduced8_ADGHJKLM,8,514,M,0.03591455170829052
reduced8_ADGHJKLM,8,239,A,0.038933726606065616
reduced8_ADGHJKLM,8,239,M,0.03288372162223081
reduced8_ADGHJKLM,8,980,A,0.03239116059015411
reduced8_ADGHJKLM,8,980,M,0.026028264535339636
reduced8_ADGHJKLM,8,623,A,0.0358418349937794
reduced8_ADGHJKLM,8,623,M,0.032157241164476665
reduced8_ADGHJKLM,8,252,A,0.013316395721974215
reduced8_ADGHJKLM,8,252,M,0.041307064458591204
reduced8_ADGHJKLM,8,662,A,0.02781823069718006
reduced8_ADGHJKLM,8,662,M,0.03430907976306295
reduced8_ADGHJKLM,8,171,A,0.04484989579453512
reduced8_ADGHJKLM,8,171,M,0.03233232927049647
reduced8_ADGHJKLM,8,408,A,0.04601765767475699
reduced8_ADGHJKLM,8,408,M,0.03979243929733375
reduced8_ADGHJKLM,8,993,A,0.04829745942394964
reduced8_ADGHJKLM,8,993,M,0.034994879889573435
reduced8_ADGHJKLM,8,592,A,0.06104705479757502
reduced8_ADGHJKLM,8,592,M,0.042817027164948146
reduced8_ADGHJKLM,8,701,A,3508229.9262285233
reduced8_ADGHJKLM,8,701,M,0.05356984690713072
reduced8_ADGHJKLM,8,427,A,0.05299597436412674
reduced8_ADGHJKLM,8,427,M,0.04264230631117003
reduced8_ADGHJKLM,8,457,A,0.06168526705765911
reduced8_ADGHJKLM,8,457,M,0.04132376135056735
reduced8_ADGHJKLM,8,454,A,0.05074635997505514
reduced8_ADGHJKLM,8,454,M,0.041589230747772085
reduced8_ADGHJKLM,8,151,A,0.04441694106744752
reduced8_ADGHJKLM,8,151,M,0.03784867263854219
reduced8_ADGHJKLM,8,756,A,0.04224073226922105
reduced8_ADGHJKLM,8,756,M,0.040229333041867994
reduced8_ADGHJKLM,8,250,A,0.05055003667937338
reduced8_ADGHJKLM,8,250,M,0.03517324908472462
reduced8_ADGHJKLM,8,904,A,0.027150142643653105
reduced8_ADGHJKLM,8,904,M,0.02847169168596244
reduced8_ADGHJKLM,8,324,A,0.03332759715362915
reduced8_ADGHJKLM,8,324,M,0.03207499774889092
reduced8_ADGHJKLM,8,439,A,0.057866630907761764
reduced8_ADGHJKLM,8,439,M,0.03864012404940629
reduced8_ADGHJKLM,8,650,A,0.049708506318002055
reduced8_ADGHJKLM,8,650,M,0.03483752748354324
reduced8_ADGHJKLM,8,238,A,3189570.4567432404
reduced8_ADGHJKLM,8,238,M,0.028184225981637306
reduced8_ADGHJKLM,8,498,A,0.048247114612679796
reduced8_ADGHJKLM,8,498,M,0.035561875822997205
reduced8_ADGHJKLM,8,806,A,0.03404397608396222
reduced8_ADGHJKLM,8,806,M,0.037093885703059666
reduced8_ADGHJKLM,8,629,A,0.04653373104594804
reduced8_ADGHJKLM,8,629,M,0.04220414580651967
reduced8_ADGHJKLM,8,468,A,0.04245926747374266
reduced8_ADGHJKLM,8,468,M,0.04453549023399531
reduced8_ADGHJKLM,8,343,A,0.0302582314721665
reduced8_ADGHJKLM,8,343,M,0.053009832387870874
reduced8_ADGHJKLM,8,664,A,0.03872414498944072
reduced8_ADGHJKLM,8,664,M,0.03935150717320841
reduced8_ADGHJKLM,8,671,A,2905425.2430796623
reduced8_ADGHJKLM,8,671,M,0.02376771091838859
reduced8_ADGHJKLM,8,652,A,0.040272533271718175
reduced8_ADGHJKLM,8,652,M,0.033492478849428645
reduced8_ADGHJKLM,8,346,A,0.02722029126014217
reduced8_ADGHJKLM,8,346,M,0.03038166544915497
reduced8_ADGHJKLM,8,381,A,0.045874724532318056
reduced8_ADGHJKLM,8,381,M,0.03362680931891888
reduced8_ADGHJKLM,8,493,A,0.05461877802908144
reduced8_ADGHJKLM,8,493,M,0.03861938540746446
reduced8_ADGHJKLM,8,708,A,0.040439941175656774
reduced8_ADGHJKLM,8,708,M,0.03637285872359858
reduced8_ADGHJKLM,8,513,A,0.02305124208782028
reduced8_ADGHJKLM,8,513,M,0.03286278751655216
reduced8_ADGHJKLM,8,563,A,0.01903497798348229
reduced8_ADGHJKLM,8,563,M,0.09448877128246172
reduced8_ADGHJKLM,8,857,A,0.040730157472121706
reduced8_ADGHJKLM,8,857,M,0.026548590582204233
reduced8_ADGHJKLM,8,781,A,0.03712202921046524
reduced8_ADGHJKLM,8,781,M,0.039727574769002585
reduced8_ADGHJKLM,8,135,A,0.04619000623383794
reduced8_ADGHJKLM,8,135,M,0.04122660967098202
reduced8_ADGHJKLM,8,232,A,0.057870145826404915
reduced8_ADGHJKLM,8,232,M,0.038933666520734087
reduced8_ADGHJKLM,8,931,A,0.05313610702322853
reduced8_ADGHJKLM,8,931,M,0.03160478483837477
reduced8_ADGHJKLM,8,426,A,0.04250511412680687
reduced8_ADGHJKLM,8,426,M,0.04197851772949402
reduced8_ADGHJKLM,8,660,A,0.03442552935568072
reduced8_ADGHJKLM,8,660,M,0.0246407364891578
reduced8_ADGHJKLM,8,995,A,0.045859438022525865
reduced8_ADGHJKLM,8,995,M,0.028498243696871556
reduced8_ADGHJKLM,8,36,A,0.047305048995543914
reduced8_ADGHJKLM,8,36,M,0.04065714038569862
reduced8_ADGHJKLM,8,545,A,0.031137132067562013
reduced8_ADGHJKLM,8,545,M,0.027025009333786328
reduced8_ADGHJKLM,8,116,A,0.0400900982028746
reduced8_ADGHJKLM,8,116,M,0.03501492004877321
reduced8_ADGHJKLM,8,434,A,0.05331474784603168
reduced8_ADGHJKLM,8,434,M,0.04130527642178433
reduced8_ADGHJKLM,8,390,A,0.05720908761920425
reduced8_ADGHJKLM,8,390,M,0.03956970026538985
reduced8_ADGHJKLM,8,751,A,0.04243553015053979
reduced8_ADGHJKLM,8,751,M,0.02961986273751788
reduced9,9,978,A,0.04984969186244592
reduced9,9,978,M,0.006183612892328685
reduced9,9,933,A,0.04481158666773481
reduced9,9,933,M,0.004777304161553772
reduced9,9,859,A,0.042931927697606
reduced9,9,859,M,0.0046315286058671995
reduced9,9,916,A,0.0
reduced9,9,916,M,0.022428456442879368
reduced9,9,127,A,0.0404525731786449
reduced9,9,127,M,0.00606515784105606
reduced9,9,608,A,6965122.371912003
reduced9,9,608,M,0.005826268003411898
reduced9,9,856,A,7535453.140735626
reduced9,9,856,M,0.010752475651957851
reduced9,9,260,A,0.033485499052089744
reduced9,9,260,M,0.007954592960778687
reduced9,9,147,A,0.10988138063045678
reduced9,9,147,M,0.009233409723237145
reduced9,9,810,A,0.04152775212294309
reduced9,9,810,M,0.006626152626770062
reduced9,9,635,A,0.042800424628372025
reduced9,9,635,M,0.006006194957091412
reduced9,9,972,A,8854308.724403381
reduced9,9,972,M,0.006530946787793221
reduced9,9,593,A,0.04805834188767373
reduced9,9,593,M,0.006575162140192776
reduced9,9,994,A,0.08182154717971851
reduced9,9,994,M,0.006680861511477688
reduced9,9,285,A,0.030890658278667223
reduced9,9,285,M,0.007825419827819114
reduced9,9,554,A,0.062320587784297186
reduced9,9,554,M,0.00558951453652077
reduced9,9,467,A,0.07473577128108519
reduced9,9,467,M,0.006337518515443511
reduced9,9,276,A,0.034691778442355596
reduced9,9,276,M,0.0062813073580380826
reduced9,9,55,A,1950517.6693201065
reduced9,9,55,M,0.011635043083425617
reduced9,9,61,A,0.06115842688552204
reduced9,9,61,M,0.0061687493620655115
reduced9,9,839,A,0.043440919362566534
reduced9,9,839,M,0.005958740681067206
reduced9,9,425,A,0.12491165108509365
reduced9,9,425,M,0.007052929643034795
reduced9,9,82,A,0.044200754521544885
reduced9,9,82,M,0.005414574204095063
reduced9,9,620,A,0.015417621976505287
reduced9,9,620,M,0.03325530695902909
reduced9,9,787,A,0.025764126155578628
reduced9,9,787,M,0.0052173431416131
reduced9,9,2,A,0.022709382034598512
reduced9,9,2,M,0.006898322671420074
reduced9,9,753,A,0.0728126996366684
reduced9,9,753,M,0.006373942636182554
reduced9,9,7,A,0.052308973411875875
reduced9,9,7,M,0.006082481268839281
reduced9,9,903,A,0.028141406701776055
reduced9,9,903,M,0.005602763250020168
reduced9,9,626,A,0.049399859642281364
reduced9,9,626,M,0.007116214884060814
reduced9,9,51,A,0.0
reduced9,9,51,M,0.011211577815245202
reduced9,9,557,A,0.07790857474189929
reduced9,9,557,M,0.006053664708792531
reduced9,9,310,A,6850607.693195343
reduced9,9,310,M,0.006754721728633105
reduced9,9,100,A,0.03628373916667322
reduced9,9,100,M,0.005907701373048782
reduced9,9,848,A,0.013942162639332132
reduced9,9,848,M,0.009489867128057664
reduced9,9,921,A,4424195.736646652
reduced9,9,921,M,0.011549585395106905
reduced9,9,45,A,0.05678138170790912
reduced9,9,45,M,0.005071427656309613
reduced9,9,976,A,0.028502341636538676
reduced9,9,976,M,0.006789814328169077
reduced9,9,136,A,0.041015016509441754
reduced9,9,136,M,0.007408217747685332
reduced9,9,128,A,7558725.7742881775
reduced9,9,128,M,0.0156999049268877
reduced9,9,605,A,0.06182181084405719
reduced9,9,605,M,0.004995492673513381
reduced9,9,945,A,0.0
reduced9,9,945,M,0.009949172569614069
reduced9,9,773,A,0.02023391140850913
reduced9,9,773,M,0.004610761690247194
reduced9,9,941,A,0.06567970556610987
reduced9,9,941,M,0.007150934366902369
reduced9,9,613,A,6751013.547182083
reduced9,9,613,M,0.005913599231203736
reduced9,9,98,A,0.057793934273208517
reduced9,9,98,M,0.008795043487537962
reduced9,9,758,A,6939394.026994705
reduced9,9,758,M,0.006302267241095717
reduced9,9,595,A,0.07661514706852171
reduced9,9,595,M,0.004030420201027096
reduced9,9,470,A,0.07786918413010485
reduced9,9,470,M,0.0056474163113910065
reduced9,9,25,A,891520.3623473644
reduced9,9,25,M,0.01278463402976922
reduced9,9,514,A,0.02296288313112625
reduced9,9,514,M,0.012961999012865395
reduced9,9,239,A,0.028661276471461168
reduced9,9,239,M,0.008317939388704057
reduced9,9,980,A,0.04323376423831469
reduced9,9,980,M,0.0070208335443309455
reduced9,9,623,A,0.055334526135542926
reduced9,9,623,M,0.0064252872986057755
reduced9,9,252,A,0.036029941165432657
reduced9,9,252,M,0.011300025054027024
reduced9,9,662,A,0.013208082146314432
reduced9,9,662,M,0.009360649691704801
reduced9,9,171,A,0.16967310335799468
reduced9,9,171,M,0.006569789898722355
reduced9,9,408,A,0.07118886145742864
reduced9,9,408,M,0.005420959784497031
reduced9,9,993,A,0.05504343293767173
reduced9,9,993,M,0.006851054486607212
reduced9,9,592,A,0.0723096607461655
reduced9,9,592,M,0.0054399712017853315
reduced9,9,701,A,9350585.19244194
reduced9,9,701,M,0.012218317461097337
reduced9,9,427,A,0.055952068872033446
reduced9,9,427,M,0.005508104546336913
reduced9,9,457,A,0.04702499735409138
reduced9,9,457,M,0.005477313584507484
reduced9,9,454,A,0.06463683300284644
reduced9,9,454,M,0.006128149932793112
reduced9,9,151,A,0.0503037499993218
reduced9,9,151,M,0.005163118469561373
reduced9,9,756,A,0.04701523550288282
reduced9,9,756,M,0.006325529145168535
reduced9,9,250,A,0.02500539765592273
reduced9,9,250,M,0.007815957677392817
reduced9,9,904,A,0.021877235786157006
reduced9,9,904,M,0.006483797008076963
reduced9,9,324,A,0.05955484790047995
reduced9,9,324,M,0.006313203236720307
reduced9,9,439,A,0.0473059272687559
reduced9,9,439,M,0.005837193308910278
reduced9,9,650,A,0.04008963417235784
reduced9,9,650,M,0.00785634893355208
reduced9,9,238,A,8663088.828325272
reduced9,9,238,M,0.006642581929491489
reduced9,9,498,A,0.05114191081087439
reduced9,9,498,M,0.0060190364409186785
reduced9,9,806,A,0.03781463878646656
reduced9,9,806,M,0.01398214990615646
reduced9,9,629,A,0.05170198838784375
reduced9,9,629,M,0.006156062045694596
reduced9,9,468,A,0.056619045625185584
reduced9,9,468,M,0.010559233236568617
reduced9,9,343,A,0.046184168553369126
reduced9,9,343,M,0.019921151614900105
reduced9,9,664,A,0.02695936828452038
reduced9,9,664,M,0.0064910826134703895
reduced9,9,671,A,7921273.26130867
reduced9,9,671,M,0.0058664017038640775
reduced9,9,652,A,0.0236628432450788
reduced9,9,652,M,0.007597888085652728
reduced9,9,346,A,0.04063198480802741
reduced9,9,346,M,0.007145641749048871
reduced9,9,381,A,0.11417037365277216
reduced9,9,381,M,0.004748892784651973
reduced9,9,493,A,0.06181821630070816
reduced9,9,493,M,0.00639773790452414
reduced9,9,708,A,0.07370058979960738
reduced9,9,708,M,0.008447919398591968
reduced9,9,513,A,0.03260846421233594
reduced9,9,513,M,0.008406896034986738
reduced9,9,563,A,0.018174220250939472
reduced9,9,563,M,0.03479099105596166
reduced9,9,857,A,0.04608117550269423
reduced9,9,857,M,0.005950160447832421
reduced9,9,781,A,0.13964595466024224
reduced9,9,781,M,0.005700384264650917
reduced9,9,135,A,0.06903453448729314
reduced9,9,135,M,0.00489017172793139
reduced9,9,232,A,0.07337104434340357
reduced9,9,232,M,0.006105151915045245
reduced9,9,931,A,0.051681019263105754
reduced9,9,931,M,0.00591804053169596
reduced9,9,426,A,0.028807472019314842
reduced9,9,426,M,0.008943686918375219
reduced9,9,660,A,0.03845974803011265
reduced9,9,660,M,0.007722290395006995
reduced9,9,995,A,0.09955358853134995
reduced9,9,995,M,0.005304146572105599
reduced9,9,36,A,0.0550953348415533
reduced9,9,36,M,0.005309271215459725
reduced9,9,545,A,0.10052518515030057
reduced9,9,545,M,0.006265451944690974
reduced9,9,116,A,0.07026360492845249
reduced9,9,116,M,0.006136407551140275
reduced9,9,434,A,0.11073928175702062
reduced9,9,434,M,0.0038608904207500542
reduced9,9,390,A,0.06205069982326575
reduced9,9,390,M,0.005438426152450286
reduced9,9,751,A,0.03476045207800855
reduced9,9,751,M,0.007632444392817324
reduced10_with_M,10,978,A,0.03190705618240469
reduced10_with_M,10,978,M,0.005043668358834604
reduced10_with_M,10,933,A,0.039691418906380324
reduced10_with_M,10,933,M,0.004918099057208134
reduced10_with_M,10,859,A,0.04017322190131458
reduced10_with_M,10,859,M,0.004279269473224591
reduced10_with_M,10,916,A,0.0
reduced10_with_M,10,916,M,0.03816841840525063
reduced10_with_M,10,127,A,0.02909863483375751
reduced10_with_M,10,127,M,0.0061637365746690185
reduced10_with_M,10,608,A,4368637.874722481
reduced10_with_M,10,608,M,0.0060571949976920515
reduced10_with_M,10,856,A,7487311.214208603
reduced10_with_M,10,856,M,0.0144782952431482
reduced10_with_M,10,260,A,0.034724144801817146
reduced10_with_M,10,260,M,0.0061838790267168325
reduced10_with_M,10,147,A,0.11169113106571296
reduced10_with_M,10,147,M,0.01393874606284887
reduced10_with_M,10,810,A,0.03252321026165131
reduced10_with_M,10,810,M,0.006046520453268833
reduced10_with_M,10,635,A,0.04514297326067426
reduced10_with_M,10,635,M,0.00576604106506302
reduced10_with_M,10,972,A,7212936.878204346
reduced10_with_M,10,972,M,0.006724072321438106
reduced10_with_M,10,593,A,0.028427402527706824
reduced10_with_M,10,593,M,0.006389368346297751
reduced10_with_M,10,994,A,0.05077966228955386
reduced10_with_M,10,994,M,0.004627125829148514
reduced10_with_M,10,285,A,0.031811191001375534
reduced10_with_M,10,285,M,0.0058685126731703695
reduced10_with_M,10,554,A,0.04660674261487627
reduced10_with_M,10,554,M,0.005206671523704055
reduced10_with_M,10,467,A,0.06835991448352961
reduced10_with_M,10,467,M,0.0064603334850964035
reduced10_with_M,10,276,A,0.012100462302635357
reduced10_with_M,10,276,M,0.0078038980439862115
reduced10_with_M,10,55,A,0.0
reduced10_with_M,10,55,M,0.021509975374714635
reduced10_with_M,10,61,A,0.054018872584614686
reduced10_with_M,10,61,M,0.006031751268896919
reduced10_with_M,10,839,A,0.037819144589777254
reduced10_with_M,10,839,M,0.005466197396996711
reduced10_with_M,10,425,A,0.08138102727475584
reduced10_with_M,10,425,M,0.0052485564578198555
reduced10_with_M,10,82,A,0.03227879937182386
reduced10_with_M,10,82,M,0.004818062468863464
reduced10_with_M,10,620,A,0.01390254458378505
reduced10_with_M,10,620,M,0.027868785746404213
reduced10_with_M,10,787,A,0.02616904315648651
reduced10_with_M,10,787,M,0.005159002419351388
reduced10_with_M,10,2,A,0.01656896313410368
reduced10_with_M,10,2,M,0.00779326355631118
reduced10_with_M,10,753,A,0.021669265818641863
reduced10_with_M,10,753,M,0.0057118284984740185
reduced10_with_M,10,7,A,0.04730042611240765
reduced10_with_M,10,7,M,0.005586030146129844
reduced10_with_M,10,903,A,0.026982338792712533
reduced10_with_M,10,903,M,0.0055319205086067184
reduced10_with_M,10,626,A,0.028466584307462257
reduced10_with_M,10,626,M,0.007469803274399045
reduced10_with_M,10,51,A,0.0
reduced10_with_M,10,51,M,0.016980372222425693
reduced10_with_M,10,557,A,0.04537151818188664
reduced10_with_M,10,557,M,0.005878634329605713
reduced10_with_M,10,310,A,6313943.117856979
reduced10_with_M,10,310,M,0.005777723332962817
reduced10_with_M,10,100,A,0.030549845750911613
reduced10_with_M,10,100,M,0.0052194663982574885
reduced10_with_M,10,848,A,6340543.9257621765
reduced10_with_M,10,848,M,0.008918271854882177
reduced10_with_M,10,921,A,0.0
reduced10_with_M,10,921,M,0.012880848017450161
reduced10_with_M,10,45,A,0.044044290939655624
reduced10_with_M,10,45,M,0.004112560050812043
reduced10_with_M,10,976,A,0.023370919000871255
reduced10_with_M,10,976,M,0.005321127836439379
reduced10_with_M,10,136,A,0.022277562531395866
reduced10_with_M,10,136,M,0.006498994066340121
reduced10_with_M,10,128,A,7453213.632106781
reduced10_with_M,10,128,M,0.024819646154041794
reduced10_with_M,10,605,A,0.04356498569037162
reduced10_with_M,10,605,M,0.006266058210608463
reduced10_with_M,10,945,A,0.0
reduced10_with_M,10,945,M,0.018412438935026868
reduced10_with_M,10,773,A,0.017849211111570017
reduced10_with_M,10,773,M,0.0050046037356901475
reduced10_with_M,10,941,A,0.05543384788457425
reduced10_with_M,10,941,M,0.005051881511218787
reduced10_with_M,10,613,A,5907328.426837921
reduced10_with_M,10,613,M,0.008837882778289322
reduced10_with_M,10,98,A,0.025193202709075643
reduced10_with_M,10,98,M,0.008042585317485864
reduced10_with_M,10,758,A,5756321.921944618
reduced10_with_M,10,758,M,0.007228930602426334
reduced10_with_M,10,595,A,0.04622304958842366
reduced10_with_M,10,595,M,0.004300727295051796
reduced10_with_M,10,470,A,0.04637742919716439
reduced10_with_M,10,470,M,0.004688184371069299
reduced10_with_M,10,25,A,0.0
reduced10_with_M,10,25,M,0.01567238696912531
reduced10_with_M,10,514,A,0.02451587732428836
reduced10_with_M,10,514,M,0.01648542873570056
reduced10_with_M,10,239,A,0.03367184986748707
reduced10_with_M,10,239,M,0.007614980283533362
reduced10_with_M,10,980,A,0.04127296774010586
reduced10_with_M,10,980,M,0.006481675895681295
reduced10_with_M,10,623,A,0.051407309586941966
reduced10_with_M,10,623,M,0.0048197707851532125
reduced10_with_M,10,252,A,0.031202078361265696
reduced10_with_M,10,252,M,0.011795412723588973
reduced10_with_M,10,662,A,0.015499658495395273
reduced10_with_M,10,662,M,0.00981374084508239
reduced10_with_M,10,171,A,0.120177886534048
reduced10_with_M,10,171,M,0.004657900012268687
reduced10_with_M,10,408,A,0.04824952994273403
reduced10_with_M,10,408,M,0.005894812822399718
reduced10_with_M,10,993,A,0.049658596938199
reduced10_with_M,10,993,M,0.005352532568351293
reduced10_with_M,10,592,A,0.04142404873380426
reduced10_with_M,10,592,M,0.005153679139231322
reduced10_with_M,10,701,A,9341339.021921158
reduced10_with_M,10,701,M,0.015450066117592242
reduced10_with_M,10,427,A,0.041227005261390774
reduced10_with_M,10,427,M,0.005412810257287363
reduced10_with_M,10,457,A,0.03869372096878292
reduced10_with_M,10,457,M,0.006416913951796603
reduced10_with_M,10,454,A,0.0488639208297692
reduced10_with_M,10,454,M,0.006424808525948852
reduced10_with_M,10,151,A,0.03784115626493741
reduced10_with_M,10,151,M,0.004897673253197555
reduced10_with_M,10,756,A,0.0414971328935117
reduced10_with_M,10,756,M,0.005142883530814517
reduced10_with_M,10,250,A,0.0277805505094483
reduced10_with_M,10,250,M,0.006678195243938397
reduced10_with_M,10,904,A,0.022393888083575755
reduced10_with_M,10,904,M,0.009816692598498742
reduced10_with_M,10,324,A,0.031009479880812176
reduced10_with_M,10,324,M,0.0048261394350883405
reduced10_with_M,10,439,A,0.042148131506364706
reduced10_with_M,10,439,M,0.005995978920553209
reduced10_with_M,10,650,A,0.03987094039230268
reduced10_with_M,10,650,M,0.006970276220035772
reduced10_with_M,10,238,A,5836241.692304611
reduced10_with_M,10,238,M,0.005473068965448175
reduced10_with_M,10,498,A,0.042832811331715785
reduced10_with_M,10,498,M,0.004891952923357893
reduced10_with_M,10,806,A,0.019653249937960266
reduced10_with_M,10,806,M,0.012778296775650236
reduced10_with_M,10,629,A,0.04631174127736508
reduced10_with_M,10,629,M,0.005000992073624333
reduced10_with_M,10,468,A,0.04464998273940162
reduced10_with_M,10,468,M,0.01068731716071484
reduced10_with_M,10,343,A,0.04035448235355431
reduced10_with_M,10,343,M,0.03058874711801035
reduced10_with_M,10,664,A,0.027282176669943533
reduced10_with_M,10,664,M,0.005933606577243271
reduced10_with_M,10,671,A,7565764.337778091
reduced10_with_M,10,671,M,0.005692427971502894
reduced10_with_M,10,652,A,0.024342236530760213
reduced10_with_M,10,652,M,0.007462570990006233
reduced10_with_M,10,346,A,0.014690911030546433
reduced10_with_M,10,346,M,0.010684473232605896
reduced10_with_M,10,381,A,0.07531686081391385
reduced10_with_M,10,381,M,0.004213987451197847
reduced10_with_M,10,493,A,0.03863212348850256
reduced10_with_M,10,493,M,0.004953202183005584
reduced10_with_M,10,708,A,0.04959086018964451
reduced10_with_M,10,708,M,0.007081474483454748
reduced10_with_M,10,513,A,0.023909310573385262
reduced10_with_M,10,513,M,0.00854800227346734
reduced10_with_M,10,563,A,0.019723690589988838
reduced10_with_M,10,563,M,0.03567266895381652
reduced10_with_M,10,857,A,0.014843289303866086
reduced10_with_M,10,857,M,0.007213883220336849
reduced10_with_M,10,781,A,0.09676323709411265
reduced10_with_M,10,781,M,0.006019156233957688
reduced10_with_M,10,135,A,0.04984664254594949
reduced10_with_M,10,135,M,0.004594258372539342
reduced10_with_M,10,232,A,0.06648680771534267
reduced10_with_M,10,232,M,0.005665468065313198
reduced10_with_M,10,931,A,0.04022155759100987
reduced10_with_M,10,931,M,0.005044109338135431
reduced10_with_M,10,426,A,0.049040534423637025
reduced10_with_M,10,426,M,0.0064659125912465325
reduced10_with_M,10,660,A,0.04552753624356319
reduced10_with_M,10,660,M,0.007056120621763144
reduced10_with_M,10,995,A,0.06885590841012662
reduced10_with_M,10,995,M,0.005247932350984113
reduced10_with_M,10,36,A,0.04284611691542782
reduced10_with_M,10,36,M,0.005768540209326245
reduced10_with_M,10,545,A,3612734.004855156
reduced10_with_M,10,545,M,0.005791130836664777
reduced10_with_M,10,116,A,0.06158443894416037
reduced10_with_M,10,116,M,0.00519553004223127
reduced10_with_M,10,434,A,0.07282517231472689
reduced10_with_M,10,434,M,0.0033370049237203938
reduced10_with_M,10,390,A,0.05612539653170992
reduced10_with_M,10,390,M,0.004706478669009718
reduced10_with_M,10,751,A,0.02725535282289564
reduced10_with_M,10,751,M,0.005823673922857338
reduced11_with_M,11,978,A,0.019476499743027134
reduced11_with_M,11,978,M,0.0030081024414878176
reduced11_with_M,11,933,A,0.030512995198553727
reduced11_with_M,11,933,M,0.002567149556489891
reduced11_with_M,11,859,A,0.029431116430168092
reduced11_with_M,11,859,M,0.0026877452826370076
reduced11_with_M,11,916,A,0.0
reduced11_with_M,11,916,M,0.007981788290938971
reduced11_with_M,11,127,A,0.022374694284289204
reduced11_with_M,11,127,M,0.002645396119784103
reduced11_with_M,11,608,A,2543032.728135586
reduced11_with_M,11,608,M,0.004563298303339411
reduced11_with_M,11,856,A,5526153.3707380295
reduced11_with_M,11,856,M,0.005955421364283705
reduced11_with_M,11,260,A,0.019160528005632334
reduced11_with_M,11,260,M,0.0025439699553313137
reduced11_with_M,11,147,A,0.07925925240998988
reduced11_with_M,11,147,M,0.008173206607737956
reduced11_with_M,11,810,A,0.02260010745134093
reduced11_with_M,11,810,M,0.004079728267780875
reduced11_with_M,11,635,A,0.03353399847828444
reduced11_with_M,11,635,M,0.003036895887911087
reduced11_with_M,11,972,A,4137403.517961502
reduced11_with_M,11,972,M,0.004049177361940895
reduced11_with_M,11,593,A,0.017946669958801537
reduced11_with_M,11,593,M,0.004109015776334892
reduced11_with_M,11,994,A,0.0336028565859381
reduced11_with_M,11,994,M,0.0029390974208500266
reduced11_with_M,11,285,A,0.024353698175957603
reduced11_with_M,11,285,M,0.002740836703653694
reduced11_with_M,11,554,A,0.034400287079153685
reduced11_with_M,11,554,M,0.0031740550487733502
reduced11_with_M,11,467,A,0.0267506530793785
reduced11_with_M,11,467,M,0.0038750385953129807
reduced11_with_M,11,276,A,0.010296586339460562
reduced11_with_M,11,276,M,0.004055510418454496
reduced11_with_M,11,55,A,0.0
reduced11_with_M,11,55,M,0.007604996525678318
reduced11_with_M,11,61,A,0.0350131694751347
reduced11_with_M,11,61,M,0.00302721321814647
reduced11_with_M,11,839,A,0.028599949027888358
reduced11_with_M,11,839,M,0.0029956697653075954
reduced11_with_M,11,425,A,0.05503456916972207
reduced11_with_M,11,425,M,0.0020317141916764534
reduced11_with_M,11,82,A,0.02796221308978307
reduced11_with_M,11,82,M,0.0028326630396047123
reduced11_with_M,11,620,A,0.008043935282485487
reduced11_with_M,11,620,M,0.014152363390117
reduced11_with_M,11,787,A,0.016689802181780216
reduced11_with_M,11,787,M,0.003662627999741934
reduced11_with_M,11,2,A,0.013341396909653507
reduced11_with_M,11,2,M,0.00466198907457418
reduced11_with_M,11,753,A,0.01442648546941763
reduced11_with_M,11,753,M,0.0030991671361951783
reduced11_with_M,11,7,A,0.03399702751065266
reduced11_with_M,11,7,M,0.003116503422294224
reduced11_with_M,11,903,A,0.01736020265744426
reduced11_with_M,11,903,M,0.002855719735484947
reduced11_with_M,11,626,A,0.01763585572509672
reduced11_with_M,11,626,M,0.004387903908976995
reduced11_with_M,11,51,A,0.0
reduced11_with_M,11,51,M,0.005289000655316566
reduced11_with_M,11,557,A,0.027422970774942206
reduced11_with_M,11,557,M,0.002681841236766969
reduced11_with_M,11,310,A,4561756.178736687
reduced11_with_M,11,310,M,0.002987212059466637
reduced11_with_M,11,100,A,0.027062312792354114
reduced11_with_M,11,100,M,0.003081251907282382
reduced11_with_M,11,848,A,4866888.001561165
reduced11_with_M,11,848,M,0.0032153486243548307
reduced11_with_M,11,921,A,0.0
reduced11_with_M,11,921,M,0.005668024379470098
reduced11_with_M,11,45,A,0.03244926428727518
reduced11_with_M,11,45,M,0.003162159190784912
reduced11_with_M,11,976,A,0.015254241590827671
reduced11_with_M,11,976,M,0.00347956893197361
reduced11_with_M,11,136,A,0.018229710970457166
reduced11_with_M,11,136,M,0.0037168106108700265
reduced11_with_M,11,128,A,5781264.975667
reduced11_with_M,11,128,M,0.005062164337164879
reduced11_with_M,11,605,A,0.03210604103927891
reduced11_with_M,11,605,M,0.0032189095476665075
reduced11_with_M,11,945,A,0.0
reduced11_with_M,11,945,M,0.004497800072561496
reduced11_with_M,11,773,A,0.013883554924426205
reduced11_with_M,11,773,M,0.0031602601267257165
reduced11_with_M,11,941,A,0.03606693979079358
reduced11_with_M,11,941,M,0.0030405867950997725
reduced11_with_M,11,613,A,4592999.070882797
reduced11_with_M,11,613,M,0.004435331236736725
reduced11_with_M,11,98,A,0.017400371764458758
reduced11_with_M,11,98,M,0.003659774818500146
reduced11_with_M,11,758,A,3357023.373246193
reduced11_with_M,11,758,M,0.0047666786486463076
reduced11_with_M,11,595,A,0.024559024967599416
reduced11_with_M,11,595,M,0.002446440885929557
reduced11_with_M,11,470,A,0.030772092860399544
reduced11_with_M,11,470,M,0.002583091453824535
reduced11_with_M,11,25,A,0.0
reduced11_with_M,11,25,M,0.005907894544460002
reduced11_with_M,11,514,A,0.01721548383097433
reduced11_with_M,11,514,M,0.006282237616339245
reduced11_with_M,11,239,A,0.02225177138308436
reduced11_with_M,11,239,M,0.0047262834790328685
reduced11_with_M,11,980,A,0.017093076184952736
reduced11_with_M,11,980,M,0.00396960622029704
reduced11_with_M,11,623,A,0.036879686077530255
reduced11_with_M,11,623,M,0.0026350810904334997
reduced11_with_M,11,252,A,6074883.788824081
reduced11_with_M,11,252,M,0.0058844745737244904
reduced11_with_M,11,662,A,0.00849677250261581
reduced11_with_M,11,662,M,0.005478402064912152
reduced11_with_M,11,171,A,0.04216064402183751
reduced11_with_M,11,171,M,0.002636596088239233
reduced11_with_M,11,408,A,0.04282953951765542
reduced11_with_M,11,408,M,0.002888860170147919
reduced11_with_M,11,993,A,0.030197175960231096
reduced11_with_M,11,993,M,0.0030191769213211385
reduced11_with_M,11,592,A,0.03621510770227854
reduced11_with_M,11,592,M,0.0024291074748808545
reduced11_with_M,11,701,A,6912228.465080261
reduced11_with_M,11,701,M,0.006376933892485335
reduced11_with_M,11,427,A,0.03777605900803856
reduced11_with_M,11,427,M,0.0030339289937366377
reduced11_with_M,11,457,A,0.030904631994720492
reduced11_with_M,11,457,M,0.003059119519819792
reduced11_with_M,11,454,A,0.03386476444717279
reduced11_with_M,11,454,M,0.002587049897345907
reduced11_with_M,11,151,A,0.03698247714321523
reduced11_with_M,11,151,M,0.0028867611315693364
reduced11_with_M,11,756,A,0.027302766369166565
reduced11_with_M,11,756,M,0.0020001075486764754
reduced11_with_M,11,250,A,0.01674677960931411
reduced11_with_M,11,250,M,0.0043583975521043474
reduced11_with_M,11,904,A,0.01601181871468318
reduced11_with_M,11,904,M,0.005849479771428835
reduced11_with_M,11,324,A,0.02474751910813221
reduced11_with_M,11,324,M,0.0030522706645035717
reduced11_with_M,11,439,A,0.035368164892412186
reduced11_with_M,11,439,M,0.003013699494544562
reduced11_with_M,11,650,A,0.03378363652328118
reduced11_with_M,11,650,M,0.0031221273365750948
reduced11_with_M,11,238,A,2132439.613342285
reduced11_with_M,11,238,M,0.0028934414620419694
reduced11_with_M,11,498,A,0.025574272300675993
reduced11_with_M,11,498,M,0.0031164319274562197
reduced11_with_M,11,806,A,0.04255117890635876
reduced11_with_M,11,806,M,0.00921663609522246
reduced11_with_M,11,629,A,0.03616517189866152
reduced11_with_M,11,629,M,0.002202845697518801
reduced11_with_M,11,468,A,0.015742035235701064
reduced11_with_M,11,468,M,0.00493953977632509
reduced11_with_M,11,343,A,0.03266483425755964
reduced11_with_M,11,343,M,0.0058622412923328175
reduced11_with_M,11,664,A,0.018456862276194842
reduced11_with_M,11,664,M,0.003165777273915541
reduced11_with_M,11,671,A,2240145.392715931
reduced11_with_M,11,671,M,0.003829399565276527
reduced11_with_M,11,652,A,0.02188339090790736
reduced11_with_M,11,652,M,0.004504206876996417
reduced11_with_M,11,346,A,0.00897425911770038
reduced11_with_M,11,346,M,0.0042859944108224425
reduced11_with_M,11,381,A,0.06097456143197606
reduced11_with_M,11,381,M,0.0022208332461959852
reduced11_with_M,11,493,A,0.029642653837242263
reduced11_with_M,11,493,M,0.002771851081913142
reduced11_with_M,11,708,A,0.021886499275582165
reduced11_with_M,11,708,M,0.0042489817856438015
reduced11_with_M,11,513,A,0.015018883802473768
reduced11_with_M,11,513,M,0.0046848278334489625
reduced11_with_M,11,563,A,0.01228005979265536
reduced11_with_M,11,563,M,0.01230845055550103
reduced11_with_M,11,857,A,0.01064921642828551
reduced11_with_M,11,857,M,0.003944539062274716
reduced11_with_M,11,781,A,0.061055856959143444
reduced11_with_M,11,781,M,0.0031216088210129704
reduced11_with_M,11,135,A,0.034472098368345264
reduced11_with_M,11,135,M,0.002811490230599765
reduced11_with_M,11,232,A,0.046935598182879956
reduced11_with_M,11,232,M,0.0029949968755888213
reduced11_with_M,11,931,A,0.03143863872206422
reduced11_with_M,11,931,M,0.003000669737280348
reduced11_with_M,11,426,A,0.041973088353849615
reduced11_with_M,11,426,M,0.0036156635908591176
reduced11_with_M,11,660,A,0.03768865943138503
reduced11_with_M,11,660,M,0.003889136438592713
reduced11_with_M,11,995,A,0.021848300015514282
reduced11_with_M,11,995,M,0.003163180579894455
reduced11_with_M,11,36,A,0.029313224242026724
reduced11_with_M,11,36,M,0.0026406456602067496
reduced11_with_M,11,545,A,1831002.7197003365
reduced11_with_M,11,545,M,0.0038142248433148413
reduced11_with_M,11,116,A,0.03611881290329566
reduced11_with_M,11,116,M,0.00329910674893734
reduced11_with_M,11,434,A,0.044512979316748254
reduced11_with_M,11,434,M,0.002505987221830624
reduced11_with_M,11,390,A,0.029228900417731553
reduced11_with_M,11,390,M,0.0028404948442737657
reduced11_with_M,11,751,A,0.015985786495139192
reduced11_with_M,11,751,M,0.003630670988009685
reduced12_with_M,12,978,A,0.01700658523373203
reduced12_with_M,12,978,M,0.004039029416271387
reduced12_with_M,12,933,A,0.01909230263759795
reduced12_with_M,12,933,M,0.003110848733783978
reduced12_with_M,12,859,A,0.012023638046814578
reduced12_with_M,12,859,M,0.0024950389439775014
reduced12_with_M,12,916,A,0.0
reduced12_with_M,12,916,M,0.027733525477175548
reduced12_with_M,12,127,A,0.015738292698489982
reduced12_with_M,12,127,M,0.004688468079772768
reduced12_with_M,12,608,A,0.02117592988182881
reduced12_with_M,12,608,M,0.0028677797966998155
reduced12_with_M,12,856,A,0.02212919311921953
reduced12_with_M,12,856,M,0.00992941426112909
reduced12_with_M,12,260,A,0.01597524433524015
reduced12_with_M,12,260,M,0.004542695083428839
reduced12_with_M,12,147,A,0.013187515142841215
reduced12_with_M,12,147,M,0.009761599371980414
reduced12_with_M,12,810,A,0.01713690276539794
reduced12_with_M,12,810,M,0.0033922792470887186
reduced12_with_M,12,635,A,0.01581591092344332
reduced12_with_M,12,635,M,0.0033536392661384852
reduced12_with_M,12,972,A,0.029419695666407432
reduced12_with_M,12,972,M,0.0030331239400669015
reduced12_with_M,12,593,A,0.01506618199962958
reduced12_with_M,12,593,M,0.0037093627067394347
reduced12_with_M,12,994,A,0.0229558531677982
reduced12_with_M,12,994,M,0.0033129219337260955
reduced12_with_M,12,285,A,0.01658480510983718
reduced12_with_M,12,285,M,0.0031791944966736885
reduced12_with_M,12,554,A,0.014997970634926328
reduced12_with_M,12,554,M,0.005538547400671761
reduced12_with_M,12,467,A,0.015615541875023859
reduced12_with_M,12,467,M,0.0029011269334604482
reduced12_with_M,12,276,A,0.011804524735616157
reduced12_with_M,12,276,M,0.0036634776273525103
reduced12_with_M,12,55,A,0.0
reduced12_with_M,12,55,M,0.015257942910743803
reduced12_with_M,12,61,A,0.01200058176160961
reduced12_with_M,12,61,M,0.006534965557554673
reduced12_with_M,12,839,A,0.016315842014691776
reduced12_with_M,12,839,M,0.0038687902290887436
reduced12_with_M,12,425,A,0.014119090376407946
reduced12_with_M,12,425,M,0.004377648373147176
reduced12_with_M,12,82,A,0.009412101489836662
reduced12_with_M,12,82,M,0.004979650614492909
reduced12_with_M,12,620,A,0.009738249105248006
reduced12_with_M,12,620,M,0.012761455153583273
reduced12_with_M,12,787,A,0.015793012100860884
reduced12_with_M,12,787,M,0.0030478940663273635
reduced12_with_M,12,2,A,0.014622532540912397
reduced12_with_M,12,2,M,0.0036001659715187177
reduced12_with_M,12,753,A,0.013338915861196782
reduced12_with_M,12,753,M,0.0034808071042127017
reduced12_with_M,12,7,A,0.025016285370905476
reduced12_with_M,12,7,M,0.005722507231198109
reduced12_with_M,12,903,A,0.01588016317285951
reduced12_with_M,12,903,M,0.005630184322466088
reduced12_with_M,12,626,A,0.010412284221512866
reduced12_with_M,12,626,M,0.0033221439011005406
reduced12_with_M,12,51,A,0.0
reduced12_with_M,12,51,M,0.01296068525707768
reduced12_with_M,12,557,A,0.017589092921542385
reduced12_with_M,12,557,M,0.004724735431175715
reduced12_with_M,12,310,A,0.021456174101869334
reduced12_with_M,12,310,M,0.004618334792602931
reduced12_with_M,12,100,A,0.010155776645344467
reduced12_with_M,12,100,M,0.004400829316066965
reduced12_with_M,12,848,A,0.01908151195119491
reduced12_with_M,12,848,M,0.005317484042144313
reduced12_with_M,12,921,A,0.0
reduced12_with_M,12,921,M,0.009846768549111724
reduced12_with_M,12,45,A,0.018641048488552234
reduced12_with_M,12,45,M,0.004500154937081822
reduced12_with_M,12,976,A,0.017421172037759565
reduced12_with_M,12,976,M,0.0044243597958828675
reduced12_with_M,12,136,A,0.011998246388083316
reduced12_with_M,12,136,M,0.004094435097039041
reduced12_with_M,12,128,A,0.01631749737017636
reduced12_with_M,12,128,M,0.02391224561828069
reduced12_with_M,12,605,A,0.021531983111061984
reduced12_with_M,12,605,M,0.006518625416391206
reduced12_with_M,12,945,A,0.0
reduced12_with_M,12,945,M,0.013102028570926095
reduced12_with_M,12,773,A,0.013454048042490604
reduced12_with_M,12,773,M,0.0034361228993117945
reduced12_with_M,12,941,A,0.023988500221511284
reduced12_with_M,12,941,M,0.004018371436282835
reduced12_with_M,12,613,A,0.025349172943375853
reduced12_with_M,12,613,M,0.005599399842521991
reduced12_with_M,12,98,A,0.037972389074280063
reduced12_with_M,12,98,M,0.0034350944055885927
reduced12_with_M,12,758,A,0.027363518128616673
reduced12_with_M,12,758,M,0.003022466934885895
reduced12_with_M,12,595,A,0.01943232718013859
reduced12_with_M,12,595,M,0.006029248484191698
reduced12_with_M,12,470,A,0.020638841157603727
reduced12_with_M,12,470,M,0.0051981358152401
reduced12_with_M,12,25,A,0.0
reduced12_with_M,12,25,M,0.0096124884161286
reduced12_with_M,12,514,A,0.017292206785543152
reduced12_with_M,12,514,M,0.012525997296190495
reduced12_with_M,12,239,A,0.03239592074343412
reduced12_with_M,12,239,M,0.003074482608968138
reduced12_with_M,12,980,A,0.00908170352392929
reduced12_with_M,12,980,M,0.0029350555501848844
reduced12_with_M,12,623,A,0.020202538004111904
reduced12_with_M,12,623,M,0.003181861716650514
reduced12_with_M,12,252,A,0.014362699075140628
reduced12_with_M,12,252,M,0.0062666301809451925
reduced12_with_M,12,662,A,0.010562978065079786
reduced12_with_M,12,662,M,0.00530963770708187
reduced12_with_M,12,171,A,0.026857090962798216
reduced12_with_M,12,171,M,0.003117089425975429
reduced12_with_M,12,408,A,0.017173212829649235
reduced12_with_M,12,408,M,0.006938371727115026
reduced12_with_M,12,993,A,0.015463252133379594
reduced12_with_M,12,993,M,0.0033689818247729037
reduced12_with_M,12,592,A,0.022465342394332673
reduced12_with_M,12,592,M,0.005333066850471892
reduced12_with_M,12,701,A,0.021661364591282036
reduced12_with_M,12,701,M,0.010561005093888319
reduced12_with_M,12,427,A,0.019541564894241168
reduced12_with_M,12,427,M,0.006122056051278119
reduced12_with_M,12,457,A,0.018936406286636617
reduced12_with_M,12,457,M,0.007168416399781587
reduced12_with_M,12,454,A,0.019072069938985785
reduced12_with_M,12,454,M,0.0056712146005969905
reduced12_with_M,12,151,A,0.012422562282357903
reduced12_with_M,12,151,M,0.005012806073925331
reduced12_with_M,12,756,A,0.015478195716513536
reduced12_with_M,12,756,M,0.0029676639854209867
reduced12_with_M,12,250,A,0.01701120823735683
reduced12_with_M,12,250,M,0.0032117989315676044
reduced12_with_M,12,904,A,0.016960438669680934
reduced12_with_M,12,904,M,0.006835851731615231
reduced12_with_M,12,324,A,0.012780425072493242
reduced12_with_M,12,324,M,0.003020571487039596
reduced12_with_M,12,439,A,0.023122861776948184
reduced12_with_M,12,439,M,0.0056672224510321036
reduced12_with_M,12,650,A,0.021479225030540217
reduced12_with_M,12,650,M,0.0028110368207443616
reduced12_with_M,12,238,A,0.023072247908900348
reduced12_with_M,12,238,M,0.0031576899218099994
reduced12_with_M,12,498,A,0.015726925302100826
reduced12_with_M,12,498,M,0.0035178245249988653
reduced12_with_M,12,806,A,0.024712699916944882
reduced12_with_M,12,806,M,0.00877148213473554
reduced12_with_M,12,629,A,0.025448965233518122
reduced12_with_M,12,629,M,0.0031537211182080475
reduced12_with_M,12,468,A,0.013889717213414015
reduced12_with_M,12,468,M,0.005801123497230511
reduced12_with_M,12,343,A,0.010492396016334764
reduced12_with_M,12,343,M,0.022541365469610157
reduced12_with_M,12,664,A,0.012387139367979798
reduced12_with_M,12,664,M,0.003395089826402154
reduced12_with_M,12,671,A,0.01795662079937058
reduced12_with_M,12,671,M,0.003137109800704204
reduced12_with_M,12,652,A,0.01475825197373891
reduced12_with_M,12,652,M,0.0034055098630004187
reduced12_with_M,12,346,A,0.0105158795632581
reduced12_with_M,12,346,M,0.00677180966841771
reduced12_with_M,12,381,A,0.027910387315004243
reduced12_with_M,12,381,M,0.0036610432287142477
reduced12_with_M,12,493,A,0.023213754287588144
reduced12_with_M,12,493,M,0.003297952015244002
reduced12_with_M,12,708,A,0.014831938799355147
reduced12_with_M,12,708,M,0.0050807785629143195
reduced12_with_M,12,513,A,0.012383314327667845
reduced12_with_M,12,513,M,0.004529058393062293
reduced12_with_M,12,563,A,0.01262588328992004
reduced12_with_M,12,563,M,0.02059870501591045
reduced12_with_M,12,857,A,0.012844189512176713
reduced12_with_M,12,857,M,0.004560590149853619
reduced12_with_M,12,781,A,0.02257132039897525
reduced12_with_M,12,781,M,0.006801329651754717
reduced12_with_M,12,135,A,0.01803570306879423
reduced12_with_M,12,135,M,0.005879973428155207
reduced12_with_M,12,232,A,0.026268959418598945
reduced12_with_M,12,232,M,0.006260232656946402
reduced12_with_M,12,931,A,0.017777765832828536
reduced12_with_M,12,931,M,0.0033734316350688734
reduced12_with_M,12,426,A,0.021316755771048575
reduced12_with_M,12,426,M,0.00264571661660239
reduced12_with_M,12,660,A,0.012462779331297193
reduced12_with_M,12,660,M,0.002745682931384756
reduced12_with_M,12,995,A,0.01631879685247548
reduced12_with_M,12,995,M,0.002275306155916881
reduced12_with_M,12,36,A,0.016163141580764484
reduced12_with_M,12,36,M,0.00612706490787646
reduced12_with_M,12,545,A,0.017092334979890905
reduced12_with_M,12,545,M,0.0033571460594668087
reduced12_with_M,12,116,A,0.01602292185099892
reduced12_with_M,12,116,M,0.003063558367840354
reduced12_with_M,12,434,A,0.025529194132372694
reduced12_with_M,12,434,M,0.004604784047350288
reduced12_with_M,12,390,A,0.02470806211304295
reduced12_with_M,12,390,M,0.005027042073852775
reduced12_with_M,12,751,A,0.017172641760539408
reduced12_with_M,12,751,M,0.0032980004658087736
full13,13,978,A,0.010097459658458305
full13,13,978,M,0.0033062836233208486
full13,13,933,A,0.015392355559810868
full13,13,933,M,0.003378405804895882
full13,13,859,A,0.004454771751731607
full13,13,859,M,0.002972119345402982
full13,13,916,A,0.0
full13,13,916,M,0.016780398500632135
full13,13,127,A,0.011386714122119591
full13,13,127,M,0.003519770500176262
full13,13,608,A,0.009469341043746962
full13,13,608,M,0.004294508375621373
full13,13,856,A,0.008285610227546461
full13,13,856,M,0.0046161119929214
full13,13,260,A,0.011056509448610571
full13,13,260,M,0.0032650211237720303
full13,13,147,A,0.01277183242583492
full13,13,147,M,0.005247359488737207
full13,13,810,A,0.015015345308634397
full13,13,810,M,0.00482236612210277
full13,13,635,A,0.006168076101335017
full13,13,635,M,0.003690629246012365
full13,13,972,A,0.010929802409743774
full13,13,972,M,0.004591031594272631
full13,13,593,A,0.012098881350823576
full13,13,593,M,0.004790173295709846
full13,13,994,A,0.0071229161631386415
full13,13,994,M,0.0037072669396977574
full13,13,285,A,0.012905930475674858
full13,13,285,M,0.0036792341364118796
full13,13,554,A,0.011989038561688847
full13,13,554,M,0.003336398226944204
full13,13,467,A,0.005614744684730462
full13,13,467,M,0.0034430316383792106
full13,13,276,A,0.013262192341485431
full13,13,276,M,0.003164883719971766
full13,13,55,A,0.0
full13,13,55,M,0.005358125850540799
full13,13,61,A,0.003303948462551358
full13,13,61,M,0.003521003698026602
full13,13,839,A,0.0091639602056746
full13,13,839,M,0.0033401314884767674
full13,13,425,A,0.002844608450432625
full13,13,425,M,0.0030933907736895774
full13,13,82,A,0.003551448159795695
full13,13,82,M,0.0031973681427274574
full13,13,620,A,0.007812352241584906
full13,13,620,M,0.009108465217731124
full13,13,787,A,0.015049835165508896
full13,13,787,M,0.0033053784169831835
full13,13,2,A,0.014914137783676716
full13,13,2,M,0.005705794292092635
full13,13,753,A,0.012651146497909228
full13,13,753,M,0.004449279236660731
full13,13,7,A,0.017414912706780666
full13,13,7,M,0.0024008195587869262
full13,13,903,A,0.014086193223520787
full13,13,903,M,0.0025729566080875724
full13,13,626,A,0.0013025876897481518
full13,13,626,M,0.005074909146605682
full13,13,51,A,0.0
full13,13,51,M,0.008211458295182834
full13,13,557,A,0.01293181606534501
full13,13,557,M,0.0041455514323229525
full13,13,310,A,0.008147225300392918
full13,13,310,M,0.0032624438618218533
full13,13,100,A,0.0051801215448490255
full13,13,100,M,0.0035431140641082196
full13,13,848,A,0.009167205612249187
full13,13,848,M,0.003094300536388619
full13,13,921,A,0.0
full13,13,921,M,0.004379403504228401
full13,13,45,A,0.01156279194596153
full13,13,45,M,0.00345144732834861
full13,13,976,A,0.014777761942470994
full13,13,976,M,0.004044258726868457
full13,13,136,A,0.018502331514379862
full13,13,136,M,0.004603222197462345
full13,13,128,A,0.0
full13,13,128,M,0.013550967295445474
full13,13,605,A,0.017631993664171303
full13,13,605,M,0.003405112575131542
full13,13,945,A,0.0
full13,13,945,M,0.0075696913392578865
full13,13,773,A,0.01035858612103287
full13,13,773,M,0.0031029764112188323
full13,13,941,A,0.019044245270144172
full13,13,941,M,0.00298509569371564
full13,13,613,A,0.01583866176753632
full13,13,613,M,0.003120345887750427
full13,13,98,A,0.026102351378074404
full13,13,98,M,0.00334377619283041
full13,13,758,A,0.009760098936061995
full13,13,758,M,0.004984541357337651
full13,13,595,A,0.015387518237641014
full13,13,595,M,0.003267867887428719
full13,13,470,A,0.00726874494319245
full13,13,470,M,0.00264731338909712
full13,13,25,A,0.0
full13,13,25,M,0.007252081085816271
full13,13,514,A,0.0019190225909617093
full13,13,514,M,0.006742628496710032
full13,13,239,A,0.020599386302707166
full13,13,239,M,0.0052185709855074765
full13,13,980,A,0.006264618866185203
full13,13,980,M,0.004307488165186192
full13,13,623,A,0.011130623341231112
full13,13,623,M,0.003593855952210291
full13,13,252,A,0.007186556019843939
full13,13,252,M,0.0038127487738203996
full13,13,662,A,0.00997658626542398
full13,13,662,M,0.004083791402459233
full13,13,171,A,0.016280207547219403
full13,13,171,M,0.00291866714261874
full13,13,408,A,0.006342409964664291
full13,13,408,M,0.004136701036570419
full13,13,993,A,0.01194802945455349
full13,13,993,M,0.004245993749536742
full13,13,592,A,0.01637997482145667
full13,13,592,M,0.003777361608819176
full13,13,701,A,0.008203917073323908
full13,13,701,M,0.0030764977383840367
full13,13,427,A,0.016710001280952833
full13,13,427,M,0.0033041882593474107
full13,13,457,A,0.01563839506596962
full13,13,457,M,0.003313272495486233
full13,13,454,A,0.010194781188149708
full13,13,454,M,0.0035910565157561912
full13,13,151,A,0.004850730217010827
full13,13,151,M,0.0028494103575544983
full13,13,756,A,0.016274348131088877
full13,13,756,M,0.0027966661914355763
full13,13,250,A,0.014720257800493953
full13,13,250,M,0.00506835092090329
full13,13,904,A,0.008546811104738749
full13,13,904,M,0.004977474432184192
full13,13,324,A,0.014007049078067095
full13,13,324,M,0.0029439740130208186
full13,13,439,A,0.018101377234251897
full13,13,439,M,0.004059767586952568
full13,13,650,A,0.020642322842551405
full13,13,650,M,0.006031300525222604
full13,13,238,A,0.018310082578531114
full13,13,238,M,0.0037290282167309332
full13,13,498,A,0.011537462500955425
full13,13,498,M,0.003868438359492525
full13,13,806,A,0.02464300612862025
full13,13,806,M,0.0046203722196669844
full13,13,629,A,0.016347109462879712
full13,13,629,M,0.0031642278834614034
full13,13,468,A,0.0010075365139677267
full13,13,468,M,0.003280889935191209
full13,13,343,A,0.00662656615898193
full13,13,343,M,0.011341345502491853
full13,13,664,A,0.009167287151589987
full13,13,664,M,0.004434813901292561
full13,13,671,A,0.011964853507056748
full13,13,671,M,0.003808577640565802
full13,13,652,A,0.0134141522366162
full13,13,652,M,0.003842244319912286
full13,13,346,A,0.006515000496451616
full13,13,346,M,0.00391964698081554
full13,13,381,A,0.01924783494307582
full13,13,381,M,0.0030013723343986815
full13,13,493,A,0.017289121306076613
full13,13,493,M,0.0034082430293696044
full13,13,708,A,0.008374912666276041
full13,13,708,M,0.004690230002335764
full13,13,513,A,0.004866919319521388
full13,13,513,M,0.003187117770144567
full13,13,563,A,0.0015174716935237509
full13,13,563,M,0.010625834988615421
full13,13,857,A,0.013046813992681188
full13,13,857,M,0.002593886211591867
full13,13,781,A,0.01832042034869056
full13,13,781,M,0.004272018128337006
full13,13,135,A,0.013642278689059442
full13,13,135,M,0.003611221271631314
full13,13,232,A,0.012857085956953193
full13,13,232,M,0.0030283489430295335
full13,13,931,A,0.012134368787721
full13,13,931,M,0.004328134524670612
full13,13,426,A,0.012439230033736601
full13,13,426,M,0.0036258628043748607
full13,13,660,A,0.008988577435108107
full13,13,660,M,0.005342805014662479
full13,13,995,A,0.0069355139930130484
full13,13,995,M,0.0032748663436035753
full13,13,36,A,0.009085758026710886
full13,13,36,M,0.004147271566072778
full13,13,545,A,0.009791956210978732
full13,13,545,M,0.003849955134852032
full13,13,116,A,0.006411239403405282
full13,13,116,M,0.003606296962118498
full13,13,434,A,0.017761093694085475
full13,13,434,M,0.0032698183596634824
full13,13,390,A,0.01751017144718251
full13,13,390,M,0.0036714797470258215
full13,13,751,A,0.014448123982527233
full13,13,751,M,0.004169746658922194
