time,true_A,true_D,true_E,true_F,true_G,true_H,true_I,true_J,true_K,true_L,true_M,onestep_A,onestep_D,onestep_E,onestep_F,onestep_G,onestep_H,onestep_I,onestep_J,onestep_K,onestep_L,onestep_M,rollout_A,rollout_D,rollout_E,rollout_F,rollout_G,rollout_H,rollout_I,rollout_J,rollout_K,rollout_L,rollout_M
5.008347034454345703e-01,0.000000000000000000e+00,0.000000000000000000e+00,0.000000000000000000e+00,0.000000000000000000e+00,0.000000000000000000e+00,0.000000000000000000e+00,0.000000000000000000e+00,0.000000000000000000e+00,0.000000000000000000e+00,0.000000000000000000e+00,0.000000000000000000e+00,0.000000000000000000e+00,0.000000000000000000e+00,0.000000000000000000e+00,0.000000000000000000e+00,0.000000000000000000e+00,0.000000000000000000e+00,0.000000000000000000e+00,0.000000000000000000e+00,0.000000000000000000e+00,0.000000000000000000e+00,0.000000000000000000e+00,0.000000000000000000e+00,0.000000000000000000e+00,0.000000000000000000e+00,0.000000000000000000e+00,0.000000000000000000e+00,0.000000000000000000e+00,0.000000000000000000e+00,0.000000000000000000e+00,0.000000000000000000e+00,0.000000000000000000e+00,0.000000000000000000e+00
1.001669406890869141e+00,0.000000000000000000e+00,0.000000000000000000e+00,0.000000000000000000e+00,0.000000000000000000e+00,0.000000000000000000e+00,0.000000000000000000e+00,0.000000000000000000e+00,0.000000000000000000e+00,0.000000000000000000e+00,0.000000000000000000e+00,0.000000000000000000e+00,0.000000000000000000e+00,0.000000000000000000e+00,0.000000000000000000e+00,0.000000000000000000e+00,0.000000000000000000e+00,0.000000000000000000e+00,0.000000000000000000e+00,0.000000000000000000e+00,0.000000000000000000e+00,0.000000000000000000e+00,0.000000000000000000e+00,0.000000000000000000e+00,0.000000000000000000e+00,0.000000000000000000e+00,0.000000000000000000e+00,0.000000000000000000e+00,0.000000000000000000e+00,0.000000000000000000e+00,0.000000000000000000e+00,0.000000000000000000e+00,0.000000000000000000e+00,0.000000000000000000e+00
1.502504229545593262e+00,0.000000000000000000e+00,0.000000000000000000e+00,0.000000000000000000e+00,0.000000000000000000e+00,0.000000000000000000e+00,0.000000000000000000e+00,0.000000000000000000e+00,0.000000000000000000e+00,0.000000000000000000e+00,0.000000000000000000e+00,0.000000000000000000e+00,0.000000000000000000e+00,0.000000000000000000e+00,0.000000000000000000e+00,0.000000000000000000e+00,0.000000000000000000e+00,0.000000000000000000e+00,0.000000000000000000e+00,0.000000000000000000e+00,0.000000000000000000e+00,0.000000000000000000e+00,0.000000000000000000e+00,0.000000000000000000e+00,0.000000000000000000e+00,0.000000000000000000e+00,0.000000000000000000e+00,0.000000000000000000e+00,0.000000000000000000e+00,0.000000000000000000e+00,0.000000000000000000e+00,0.000000000000000000e+00,0.000000000000000000e+00,0.000000000000000000e+00
2.003338813781738281e+00,0.000000000000000000e+00,0.000000000000000000e+00,0.000000000000000000e+00,0.000000000000000000e+00,0.000000000000000000e+00,0.000000000000000000e+00,0.000000000000000000e+00,0.000000000000000000e+00,0.000000000000000000e+00,0.000000000000000000e+00,0.000000000000000000e+00,0.000000000000000000e+00,0.000000000000000000e+00,0.000000000000000000e+00,0.000000000000000000e+00,0.000000000000000000e+00,0.000000000000000000e+00,0.000000000000000000e+00,0.000000000000000000e+00,0.000000000000000000e+00,0.000000000000000000e+00,0.000000000000000000e+00,0.000000000000000000e+00,0.000000000000000000e+00,0.000000000000000000e+00,0.000000000000000000e+00,0.000000000000000000e+00,0.000000000000000000e+00,0.000000000000000000e+00,0.000000000000000000e+00,0.000000000000000000e+00,0.000000000000000000e+00,0.000000000000000000e+00
2.504173517227172852e+00,0.000000000000000000e+00,0.000000000000000000e+00,0.000000000000000000e+00,0.000000000000000000e+00,0.000000000000000000e+00,0.000000000000000000e+00,0.000000000000000000e+00,0.000000000000000000e+00,0.000000000000000000e+00,0.000000000000000000e+00,0.000000000000000000e+00,0.000000000000000000e+00,0.000000000000000000e+00,0.000000000000000000e+00,0.000000000000000000e+00,0.000000000000000000e+00,0.000000000000000000e+00,0.000000000000000000e+00,0.000000000000000000e+00,0.000000000000000000e+00,0.000000000000000000e+00,0.000000000000000000e+00,0.000000000000000000e+00,0.000000000000000000e+00,0.000000000000000000e+00,0.000000000000000000e+00,0.000000000000000000e+00,0.000000000000000000e+00,0.000000000000000000e+00,0.000000000000000000e+00,0.000000000000000000e+00,0.000000000000000000e+00,0.000000000000000000e+00
3.005008459091186523e+00,0.000000000000000000e+00,0.000000000000000000e+00,0.000000000000000000e+00,0.000000000000000000e+00,0.000000000000000000e+00,0.000000000000000000e+00,0.000000000000000000e+00,0.000000000000000000e+00,0.000000000000000000e+00,0.000000000000000000e+00,0.000000000000000000e+00,0.000000000000000000e+00,0.000000000000000000e+00,0.000000000000000000e+00,0.000000000000000000e+00,0.000000000000000000e+00,0.000000000000000000e+00,0.000000000000000000e+00,0.000000000000000000e+00,0.000000000000000000e+00,0.000000000000000000e+00,0.000000000000000000e+00,0.000000000000000000e+00,0.000000000000000000e+00,0.000000000000000000e+00,0.000000000000000000e+00,0.000000000000000000e+00,0.000000000000000000e+00,0.000000000000000000e+00,0.000000000000000000e+00,0.000000000000000000e+00,0.000000000000000000e+00,0.000000000000000000e+00
3.505843162536621094e+00,0.000000000000000000e+00,0.000000000000000000e+00,0.000000000000000000e+00,0.000000000000000000e+00,0.000000000000000000e+00,0.000000000000000000e+00,0.000000000000000000e+00,0.000000000000000000e+00,0.000000000000000000e+00,0.000000000000000000e+00,0.000000000000000000e+00,0.000000000000000000e+00,0.000000000000000000e+00,0.000000000000000000e+00,0.000000000000000000e+00,0.000000000000000000e+00,0.000000000000000000e+00,0.000000000000000000e+00,0.000000000000000000e+00,0.000000000000000000e+00,0.000000000000000000e+00,0.000000000000000000e+00,0.000000000000000000e+00,0.000000000000000000e+00,0.000000000000000000e+00,0.000000000000000000e+00,0.000000000000000000e+00,0.000000000000000000e+00,0.000000000000000000e+00,0.000000000000000000e+00,0.000000000000000000e+00,0.000000000000000000e+00,0.000000000000000000e+00
4.006677627563476562e+00,0.000000000000000000e+00,0.000000000000000000e+00,0.000000000000000000e+00,0.000000000000000000e+00,0.000000000000000000e+00,0.000000000000000000e+00,0.000000000000000000e+00,0.000000000000000000e+00,0.000000000000000000e+00,0.000000000000000000e+00,0.000000000000000000e+00,0.000000000000000000e+00,0.000000000000000000e+00,0.000000000000000000e+00,0.000000000000000000e+00,0.000000000000000000e+00,0.000000000000000000e+00,0.000000000000000000e+00,0.000000000000000000e+00,0.000000000000000000e+00,0.000000000000000000e+00,0.000000000000000000e+00,0.000000000000000000e+00,0.000000000000000000e+00,0.000000000000000000e+00,0.000000000000000000e+00,0.000000000000000000e+00,0.000000000000000000e+00,0.000000000000000000e+00,0.000000000000000000e+00,0.000000000000000000e+00,0.000000000000000000e+00,0.000000000000000000e+00
4.507512569427490234e+00,0.000000000000000000e+00,0.000000000000000000e+00,0.000000000000000000e+00,0.000000000000000000e+00,0.000000000000000000e+00,0.000000000000000000e+00,0.000000000000000000e+00,0.000000000000000000e+00,0.000000000000000000e+00,0.000000000000000000e+00,0.000000000000000000e+00,0.000000000000000000e+00,0.000000000000000000e+00,0.000000000000000000e+00,0.000000000000000000e+00,0.000000000000000000e+00,0.000000000000000000e+00,0.000000000000000000e+00,0.000000000000000000e+00,0.000000000000000000e+00,0.000000000000000000e+00,0.000000000000000000e+00,0.000000000000000000e+00,0.000000000000000000e+00,0.000000000000000000e+00,0.000000000000000000e+00,0.000000000000000000e+00,0.000000000000000000e+00,0.000000000000000000e+00,0.000000000000000000e+00,0.000000000000000000e+00,0.000000000000000000e+00,0.000000000000000000e+00
5.008347034454345703e+00,0.000000000000000000e+00,0.000000000000000000e+00,0.000000000000000000e+00,0.000000000000000000e+00,0.000000000000000000e+00,0.000000000000000000e+00,0.000000000000000000e+00,0.000000000000000000e+00,0.000000000000000000e+00,0.000000000000000000e+00,0.000000000000000000e+00,0.000000000000000000e+00,0.000000000000000000e+00,0.000000000000000000e+00,0.000000000000000000e+00,0.000000000000000000e+00,0.000000000000000000e+00,0.000000000000000000e+00,0.000000000000000000e+00,0.000000000000000000e+00,0.000000000000000000e+00,0.000000000000000000e+00,0.000000000000000000e+00,0.000000000000000000e+00,0.000000000000000000e+00,0.000000000000000000e+00,0.000000000000000000e+00,0.000000000000000000e+00,0.000000000000000000e+00,0.000000000000000000e+00,0.000000000000000000e+00,0.000000000000000000e+00,0.000000000000000000e+00
5.509181976318359375e+00,0.000000000000000000e+00,0.000000000000000000e+00,0.000000000000000000e+00,0.000000000000000000e+00,0.000000000000000000e+00,0.000000000000000000e+00,0.000000000000000000e+00,0.000000000000000000e+00,0.000000000000000000e+00,0.000000000000000000e+00,0.000000000000000000e+00,0.000000000000000000e+00,0.000000000000000000e+00,0.000000000000000000e+00,0.000000000000000000e+00,0.000000000000000000e+00,0.000000000000000000e+00,0.000000000000000000e+00,0.000000000000000000e+00,0.000000000000000000e+00,0.000000000000000000e+00,0.000000000000000000e+00,0.000000000000000000e+00,0.000000000000000000e+00,0.000000000000000000e+00,0.000000000000000000e+00,0.000000000000000000e+00,0.000000000000000000e+00,0.000000000000000000e+00,0.000000000000000000e+00,0.000000000000000000e+00,0.000000000000000000e+00,0.000000000000000000e+00
6.010016918182373047e+00,0.000000000000000000e+00,0.000000000000000000e+00,0.000000000000000000e+00,0.000000000000000000e+00,0.000000000000000000e+00,0.000000000000000000e+00,0.000000000000000000e+00,0.000000000000000000e+00,0.000000000000000000e+00,0.000000000000000000e+00,0.000000000000000000e+00,0.000000000000000000e+00,0.000000000000000000e+00,0.000000000000000000e+00,0.000000000000000000e+00,0.000000000000000000e+00,0.000000000000000000e+00,0.000000000000000000e+00,0.000000000000000000e+00,0.000000000000000000e+00,0.000000000000000000e+00,0.000000000000000000e+00,0.000000000000000000e+00,0.000000000000000000e+00,0.000000000000000000e+00,0.000000000000000000e+00,0.000000000000000000e+00,0.000000000000000000e+00,0.000000000000000000e+00,0.000000000000000000e+00,0.000000000000000000e+00,0.000000000000000000e+00,0.000000000000000000e+00
6.510851383209228516e+00,0.000000000000000000e+00,0.000000000000000000e+00,0.000000000000000000e+00,0.000000000000000000e+00,0.000000000000000000e+00,0.000000000000000000e+00,0.000000000000000000e+00,0.000000000000000000e+00,0.000000000000000000e+00,0.000000000000000000e+00,0.000000000000000000e+00,0.000000000000000000e+00,0.000000000000000000e+00,0.000000000000000000e+00,0.000000000000000000e+00,0.000000000000000000e+00,0.000000000000000000e+00,0.000000000000000000e+00,0.000000000000000000e+00,0.000000000000000000e+00,0.000000000000000000e+00,0.000000000000000000e+00,0.000000000000000000e+00,0.000000000000000000e+00,0.000000000000000000e+00,0.000000000000000000e+00,0.000000000000000000e+00,0.000000000000000000e+00,0.000000000000000000e+00,0.000000000000000000e+00,0.000000000000000000e+00,0.000000000000000000e+00,0.000000000000000000e+00
7.011686325073242188e+00,0.000000000000000000e+00,0.000000000000000000e+00,0.000000000000000000e+00,0.000000000000000000e+00,0.000000000000000000e+00,0.000000000000000000e+00,0.000000000000000000e+00,0.000000000000000000e+00,0.000000000000000000e+00,0.000000000000000000e+00,0.000000000000000000e+00,0.000000000000000000e+00,0.000000000000000000e+00,0.000000000000000000e+00,0.000000000000000000e+00,0.000000000000000000e+00,0.000000000000000000e+00,0.000000000000000000e+00,0.000000000000000000e+00,0.000000000000000000e+00,0.000000000000000000e+00,0.000000000000000000e+00,0.000000000000000000e+00,0.000000000000000000e+00,0.000000000000000000e+00,0.000000000000000000e+00,0.000000000000000000e+00,0.000000000000000000e+00,0.000000000000000000e+00,0.000000000000000000e+00,0.000000000000000000e+00,0.000000000000000000e+00,0.000000000000000000e+00
7.512520790100097656e+00,0.000000000000000000e+00,0.000000000000000000e+00,0.000000000000000000e+00,0.000000000000000000e+00,0.000000000000000000e+00,0.000000000000000000e+00,0.000000000000000000e+00,0.000000000000000000e+00,0.000000000000000000e+00,0.000000000000000000e+00,0.000000000000000000e+00,0.000000000000000000e+00,0.000000000000000000e+00,0.000000000000000000e+00,0.000000000000000000e+00,0.000000000000000000e+00,0.000000000000000000e+00,0.000000000000000000e+00,0.000000000000000000e+00,0.000000000000000000e+00,0.000000000000000000e+00,0.000000000000000000e+00,0.000000000000000000e+00,0.000000000000000000e+00,0.000000000000000000e+00,0.000000000000000000e+00,0.000000000000000000e+00,0.000000000000000000e+00,0.000000000000000000e+00,0.000000000000000000e+00,0.000000000000000000e+00,0.000000000000000000e+00,0.000000000000000000e+00
8.013355255126953125e+00,0.000000000000000000e+00,0.000000000000000000e+00,0.000000000000000000e+00,0.000000000000000000e+00,0.000000000000000000e+00,0.000000000000000000e+00,0.000000000000000000e+00,0.000000000000000000e+00,0.000000000000000000e+00,0.000000000000000000e+00,0.000000000000000000e+00,0.000000000000000000e+00,0.000000000000000000e+00,0.000000000000000000e+00,0.000000000000000000e+00,0.000000000000000000e+00,0.000000000000000000e+00,0.000000000000000000e+00,0.000000000000000000e+00,0.000000000000000000e+00,0.000000000000000000e+00,0.000000000000000000e+00,0.000000000000000000e+00,0.000000000000000000e+00,0.000000000000000000e+00,0.000000000000000000e+00,0.000000000000000000e+00,0.000000000000000000e+00,0.000000000000000000e+00,0.000000000000000000e+00,0.000000000000000000e+00,0.000000000000000000e+00,0.000000000000000000e+00
8.514190673828125000e+00,0.000000000000000000e+00,0.000000000000000000e+00,0.000000000000000000e+00,0.000000000000000000e+00,0.000000000000000000e+00,0.000000000000000000e+00,0.000000000000000000e+00,0.000000000000000000e+00,0.000000000000000000e+00,0.000000000000000000e+00,0.000000000000000000e+00,0.000000000000000000e+00,0.000000000000000000e+00,0.000000000000000000e+00,0.000000000000000000e+00,0.000000000000000000e+00,0.000000000000000000e+00,0.000000000000000000e+00,0.000000000000000000e+00,0.000000000000000000e+00,0.000000000000000000e+00,0.000000000000000000e+00,0.000000000000000000e+00,0.000000000000000000e+00,0.000000000000000000e+00,0.000000000000000000e+00,0.000000000000000000e+00,0.000000000000000000e+00,0.000000000000000000e+00,0.000000000000000000e+00,0.000000000000000000e+00,0.000000000000000000e+00,0.000000000000000000e+00
9.015025138854980469e+00,0.000000000000000000e+00,0.000000000000000000e+00,0.000000000000000000e+00,0.000000000000000000e+00,0.000000000000000000e+00,0.000000000000000000e+00,0.000000000000000000e+00,0.000000000000000000e+00,0.000000000000000000e+00,0.000000000000000000e+00,0.000000000000000000e+00,0.000000000000000000e+00,0.000000000000000000e+00,0.000000000000000000e+00,0.000000000000000000e+00,0.000000000000000000e+00,0.000000000000000000e+00,0.000000000000000000e+00,0.000000000000000000e+00,0.000000000000000000e+00,0.000000000000000000e+00,0.000000000000000000e+00,0.000000000000000000e+00,0.000000000000000000e+00,0.000000000000000000e+00,0.000000000000000000e+00,0.000000000000000000e+00,0.000000000000000000e+00,0.000000000000000000e+00,0.000000000000000000e+00,0.000000000000000000e+00,0.000000000000000000e+00,0.000000000000000000e+00
9.515859603881835938e+00,0.000000000000000000e+00,0.000000000000000000e+00,0.000000000000000000e+00,0.000000000000000000e+00,0.000000000000000000e+00,0.000000000000000000e+00,6.198447346687316895e-01,8.676609396934509277e-02,1.156842801719903946e-02,8.624934125691652298e-04,8.305949450004845858e-05,0.000000000000000000e+00,0.000000000000000000e+00,0.000000000000000000e+00,0.000000000000000000e+00,0.000000000000000000e+00,0.000000000000000000e+00,6.142920851707458496e-01,8.269500732421875000e-02,1.101532392203807831e-02,5.953826010227203369e-03,5.168562754988670349e-03,0.000000000000000000e+00,0.000000000000000000e+00,0.000000000000000000e+00,0.000000000000000000e+00,0.000000000000000000e+00,0.000000000000000000e+00,6.143222451210021973e-01,8.272671699523925781e-02,1.119242049753665924e-02,5.889107473194599152e-03,4.994275979697704315e-03
1.001669406890869141e+01,0.000000000000000000e+00,0.000000000000000000e+00,0.000000000000000000e+00,0.000000000000000000e+00,0.000000000000000000e+00,0.000000000000000000e+00,5.080497264862060547e-01,1.409084945917129517e-01,5.615977197885513306e-02,1.105132885277271271e-02,2.955473726615309715e-03,0.000000000000000000e+00,0.000000000000000000e+00,0.000000000000000000e+00,0.000000000000000000e+00,0.000000000000000000e+00,0.000000000000000000e+00,5.077208876609802246e-01,1.406819969415664673e-01,5.608531832695007324e-02,1.048598065972328186e-02,4.150576889514923096e-03,0.000000000000000000e+00,0.000000000000000000e+00,0.000000000000000000e+00,0.000000000000000000e+00,0.000000000000000000e+00,0.000000000000000000e+00,5.076285004615783691e-01,1.405791342258453369e-01,5.616931244730949402e-02,1.078928541392087936e-02,3.958487883210182190e-03
1.051752948760986328e+01,0.000000000000000000e+00,0.000000000000000000e+00,0.000000000000000000e+00,0.000000000000000000e+00,0.000000000000000000e+00,0.000000000000000000e+00,4.364005029201507568e-01,1.438119262456893921e-01,9.676984697580337524e-02,2.968640625476837158e-02,1.245611254125833511e-02,0.000000000000000000e+00,0.000000000000000000e+00,0.000000000000000000e+00,0.000000000000000000e+00,0.000000000000000000e+00,0.000000000000000000e+00,4.364003539085388184e-01,1.438117027282714844e-01,9.676995128393173218e-02,2.968646772205829620e-02,1.245630159974098206e-02,0.000000000000000000e+00,0.000000000000000000e+00,0.000000000000000000e+00,0.000000000000000000e+00,0.000000000000000000e+00,0.000000000000000000e+00,4.364004135131835938e-01,1.438118368387222290e-01,9.676989912986755371e-02,2.968643046915531158e-02,1.245615072548389435e-02
1.101836395263671875e+01,0.000000000000000000e+00,0.000000000000000000e+00,0.000000000000000000e+00,0.000000000000000000e+00,0.000000000000000000e+00,0.000000000000000000e+00,3.813769519329071045e-01,1.327714771032333374e-01,1.253909617662429810e-01,5.143439769744873047e-02,2.815101109445095062e-02,0.000000000000000000e+00,0.000000000000000000e+00,0.000000000000000000e+00,0.000000000000000000e+00,0.000000000000000000e+00,0.000000000000000000e+00,3.813769817352294922e-01,1.327715069055557251e-01,1.253909170627593994e-01,5.143437534570693970e-02,2.815099060535430908e-02,0.000000000000000000e+00,0.000000000000000000e+00,0.000000000000000000e+00,0.000000000000000000e+00,0.000000000000000000e+00,0.000000000000000000e+00,3.813769817352294922e-01,1.327715218067169189e-01,1.253909170627593994e-01,5.143434926867485046e-02,2.815096825361251831e-02
1.151919841766357422e+01,0.000000000000000000e+00,0.000000000000000000e+00,0.000000000000000000e+00,0.000000000000000000e+00,0.000000000000000000e+00,0.000000000000000000e+00,3.353216350078582764e-01,1.189085543155670166e-01,1.439055204391479492e-01,7.329787313938140869e-02,4.769122973084449768e-02,0.000000000000000000e+00,0.000000000000000000e+00,0.000000000000000000e+00,0.000000000000000000e+00,0.000000000000000000e+00,0.000000000000000000e+00,3.353216648101806641e-01,1.189086213707923889e-01,1.439054608345031738e-01,7.329782843589782715e-02,4.769119620323181152e-02,0.000000000000000000e+00,0.000000000000000000e+00,0.000000000000000000e+00,0.000000000000000000e+00,0.000000000000000000e+00,0.000000000000000000e+00,3.353216350078582764e-01,1.189086139202117920e-01,1.439054608345031738e-01,7.329781353473663330e-02,4.769117012619972229e-02
1.202003383636474609e+01,0.000000000000000000e+00,0.000000000000000000e+00,0.000000000000000000e+00,0.000000000000000000e+00,0.000000000000000000e+00,0.000000000000000000e+00,2.954494059085845947e-01,1.054297760128974915e-01,1.554317325353622437e-01,9.397223591804504395e-02,6.884165108203887939e-02,0.000000000000000000e+00,0.000000000000000000e+00,0.000000000000000000e+00,0.000000000000000000e+00,0.000000000000000000e+00,0.000000000000000000e+00,2.954494655132293701e-01,1.054298356175422668e-01,1.554316878318786621e-01,9.397220611572265625e-02,6.884159892797470093e-02,0.000000000000000000e+00,0.000000000000000000e+00,0.000000000000000000e+00,0.000000000000000000e+00,0.000000000000000000e+00,0.000000000000000000e+00,2.954494357109069824e-01,1.054298207163810730e-01,1.554316580295562744e-01,9.397217631340026855e-02,6.884159147739410400e-02
1.252086830139160156e+01,0.000000000000000000e+00,0.000000000000000000e+00,0.000000000000000000e+00,0.000000000000000000e+00,0.000000000000000000e+00,0.000000000000000000e+00,2.605073750019073486e-01,9.316133707761764526e-02,1.624544858932495117e-01,1.129667237401008606e-01,9.003487974405288696e-02,0.000000000000000000e+00,0.000000000000000000e+00,0.000000000000000000e+00,0.000000000000000000e+00,0.000000000000000000e+00,0.000000000000000000e+00,2.605074048042297363e-01,9.316137433052062988e-02,1.624544560909271240e-01,1.129666715860366821e-01,9.003484249114990234e-02,0.000000000000000000e+00,0.000000000000000000e+00,0.000000000000000000e+00,0.000000000000000000e+00,0.000000000000000000e+00,0.000000000000000000e+00,2.605073750019073486e-01,9.316137433052062988e-02,1.624544262886047363e-01,1.129666864871978760e-01,9.003481268882751465e-02
1.302170276641845703e+01,0.000000000000000000e+00,0.000000000000000000e+00,0.000000000000000000e+00,0.000000000000000000e+00,0.000000000000000000e+00,0.000000000000000000e+00,2.297552525997161865e-01,8.222471922636032104e-02,1.666641235351562500e-01,1.301541924476623535e-01,1.103265061974525452e-01,0.000000000000000000e+00,0.000000000000000000e+00,0.000000000000000000e+00,0.000000000000000000e+00,0.000000000000000000e+00,0.000000000000000000e+00,2.297552824020385742e-01,8.222475647926330566e-02,1.666641086339950562e-01,1.301541775465011597e-01,1.103264987468719482e-01,0.000000000000000000e+00,0.000000000000000000e+00,0.000000000000000000e+00,0.000000000000000000e+00,0.000000000000000000e+00,0.000000000000000000e+00,2.297552525997161865e-01,8.222474902868270874e-02,1.666640788316726685e-01,1.301541328430175781e-01,1.103264540433883667e-01
1.352253723144531250e+01,0.000000000000000000e+00,0.000000000000000000e+00,0.000000000000000000e+00,0.000000000000000000e+00,0.000000000000000000e+00,0.000000000000000000e+00,2.026507258415222168e-01,7.254300266504287720e-02,1.691445112228393555e-01,1.455696374177932739e-01,1.292169094085693359e-01,0.000000000000000000e+00,0.000000000000000000e+00,0.000000000000000000e+00,0.000000000000000000e+00,0.000000000000000000e+00,0.000000000000000000e+00,2.026507407426834106e-01,7.254303246736526489e-02,1.691445261240005493e-01,1.455696076154708862e-01,1.292168945074081421e-01,0.000000000000000000e+00,0.000000000000000000e+00,0.000000000000000000e+00,0.000000000000000000e+00,0.000000000000000000e+00,0.000000000000000000e+00,2.026507258415222168e-01,7.254303246736526489e-02,1.691444814205169678e-01,1.455695778131484985e-01,1.292168498039245605e-01
1.402337265014648438e+01,0.000000000000000000e+00,0.000000000000000000e+00,0.000000000000000000e+00,0.000000000000000000e+00,0.000000000000000000e+00,0.000000000000000000e+00,1.787489801645278931e-01,6.399247795343399048e-02,1.705725789070129395e-01,1.593199372291564941e-01,1.464908123016357422e-01,0.000000000000000000e+00,0.000000000000000000e+00,0.000000000000000000e+00,0.000000000000000000e+00,0.000000000000000000e+00,0.000000000000000000e+00,1.787489801645278931e-01,6.399249285459518433e-02,1.705725491046905518e-01,1.593199372291564941e-01,1.464908123016357422e-01,0.000000000000000000e+00,0.000000000000000000e+00,0.000000000000000000e+00,0.000000000000000000e+00,0.000000000000000000e+00,0.000000000000000000e+00,1.787489950656890869e-01,6.399250030517578125e-02,1.705725342035293579e-01,1.593198925256729126e-01,1.464907675981521606e-01
1.452420711517333984e+01,0.000000000000000000e+00,0.000000000000000000e+00,0.000000000000000000e+00,0.000000000000000000e+00,0.000000000000000000e+00,0.000000000000000000e+00,1.576679795980453491e-01,5.644712969660758972e-02,1.713656783103942871e-01,1.715411394834518433e-01,1.621028631925582886e-01,0.000000000000000000e+00,0.000000000000000000e+00,0.000000000000000000e+00,0.000000000000000000e+00,0.000000000000000000e+00,0.000000000000000000e+00,1.576679795980453491e-01,5.644713342189788818e-02,1.713656783103942871e-01,1.715411692857742310e-01,1.621028333902359009e-01,0.000000000000000000e+00,0.000000000000000000e+00,0.000000000000000000e+00,0.000000000000000000e+00,0.000000000000000000e+00,0.000000000000000000e+00,1.576679795980453491e-01,5.644714459776878357e-02,1.713656187057495117e-01,1.715411096811294556e-01,1.621028333902359009e-01
1.502504158020019531e+01,0.000000000000000000e+00,0.000000000000000000e+00,0.000000000000000000e+00,0.000000000000000000e+00,0.000000000000000000e+00,0.000000000000000000e+00,1.390736550092697144e-01,4.979064688086509705e-02,1.717793047428131104e-01,1.823773682117462158e-01,1.761038154363632202e-01,0.000000000000000000e+00,0.000000000000000000e+00,0.000000000000000000e+00,0.000000000000000000e+00,0.000000000000000000e+00,0.000000000000000000e+00,1.390736550092697144e-01,4.979065805673599243e-02,1.717792898416519165e-01,1.823773682117462158e-01,1.761038154363632202e-01,0.000000000000000000e+00,0.000000000000000000e+00,0.000000000000000000e+00,0.000000000000000000e+00,0.000000000000000000e+00,0.000000000000000000e+00,1.390736550092697144e-01,4.979066178202629089e-02,1.717792451381683350e-01,1.823773235082626343e-01,1.761037707328796387e-01
1.552587604522705078e+01,0.000000000000000000e+00,0.000000000000000000e+00,0.000000000000000000e+00,0.000000000000000000e+00,0.000000000000000000e+00,0.000000000000000000e+00,1.226724237203598022e-01,4.391889274120330811e-02,1.719690561294555664e-01,1.919699758291244507e-01,1.885944455862045288e-01,0.000000000000000000e+00,0.000000000000000000e+00,0.000000000000000000e+00,0.000000000000000000e+00,0.000000000000000000e+00,0.000000000000000000e+00,1.226724237203598022e-01,4.391888901591300964e-02,1.719690561294555664e-01,1.919699758291244507e-01,1.885944455862045288e-01,0.000000000000000000e+00,0.000000000000000000e+00,0.000000000000000000e+00,0.000000000000000000e+00,0.000000000000000000e+00,0.000000000000000000e+00,1.226724162697792053e-01,4.391889646649360657e-02,1.719690263271331787e-01,1.919699311256408691e-01,1.885943859815597534e-01
1.602671051025390625e+01,0.000000000000000000e+00,0.000000000000000000e+00,0.000000000000000000e+00,0.000000000000000000e+00,0.000000000000000000e+00,0.000000000000000000e+00,1.082054823637008667e-01,3.873951733112335205e-02,1.720292419195175171e-01,2.004522979259490967e-01,1.996982544660568237e-01,0.000000000000000000e+00,0.000000000000000000e+00,0.000000000000000000e+00,0.000000000000000000e+00,0.000000000000000000e+00,0.000000000000000000e+00,1.082054749131202698e-01,3.873949870467185974e-02,1.720292419195175171e-01,2.004523277282714844e-01,1.996982693672180176e-01,0.000000000000000000e+00,0.000000000000000000e+00,0.000000000000000000e+00,0.000000000000000000e+00,0.000000000000000000e+00,0.000000000000000000e+00,1.082054674625396729e-01,3.873950615525245667e-02,1.720292121171951294e-01,2.004522681236267090e-01,1.996981948614120483e-01
1.652754592895507812e+01,0.000000000000000000e+00,0.000000000000000000e+00,0.000000000000000000e+00,0.000000000000000000e+00,0.000000000000000000e+00,0.000000000000000000e+00,9.544463455677032471e-02,3.417091444134712219e-02,1.720167398452758789e-01,2.079471349716186523e-01,2.095453739166259766e-01,0.000000000000000000e+00,0.000000000000000000e+00,0.000000000000000000e+00,0.000000000000000000e+00,0.000000000000000000e+00,0.000000000000000000e+00,9.544460475444793701e-02,3.417088091373443604e-02,1.720167547464370728e-01,2.079471498727798462e-01,2.095454037189483643e-01,0.000000000000000000e+00,0.000000000000000000e+00,0.000000000000000000e+00,0.000000000000000000e+00,0.000000000000000000e+00,0.000000000000000000e+00,9.544461220502853394e-02,3.417091071605682373e-02,1.720166951417922974e-01,2.079470902681350708e-01,2.095453292131423950e-01
1.702838134765625000e+01,0.000000000000000000e+00,0.000000000000000000e+00,0.000000000000000000e+00,0.000000000000000000e+00,0.000000000000000000e+00,0.000000000000000000e+00,8.418869227170944214e-02,3.014108911156654358e-02,1.719655841588973999e-01,2.145659476518630981e-01,2.182634770870208740e-01,0.000000000000000000e+00,0.000000000000000000e+00,0.000000000000000000e+00,0.000000000000000000e+00,0.000000000000000000e+00,0.000000000000000000e+00,8.418864011764526367e-02,3.014099970459938049e-02,1.719656437635421753e-01,2.145660072565078735e-01,2.182635217905044556e-01,0.000000000000000000e+00,0.000000000000000000e+00,0.000000000000000000e+00,0.000000000000000000e+00,0.000000000000000000e+00,0.000000000000000000e+00,8.418866991996765137e-02,3.014107421040534973e-02,1.719655692577362061e-01,2.145659178495407104e-01,2.182633727788925171e-01
1.752921485900878906e+01,0.000000000000000000e+00,0.000000000000000000e+00,2.717235870659351349e-02,7.248426675796508789e-01,4.196026921272277832e-02,1.022039446979761124e-03,7.427752017974853516e-02,2.658662013709545135e-02,1.718959212303161621e-01,2.204089760780334473e-01,2.259731888771057129e-01,0.000000000000000000e+00,0.000000000000000000e+00,2.205748856067657471e-02,7.125681638717651367e-01,3.762520104646682739e-02,7.138608954846858978e-03,7.678975164890289307e-02,2.889057248830795288e-02,1.752847582101821899e-01,2.240937948226928711e-01,2.296911627054214478e-01,0.000000000000000000e+00,0.000000000000000000e+00,2.208496630191802979e-02,7.127866744995117188e-01,3.811586275696754456e-02,6.918696686625480652e-03,7.676324993371963501e-02,2.888109162449836731e-02,1.751342713832855225e-01,2.239293754100799561e-01,2.295252382755279541e-01
1.803005027770996094e+01,0.000000000000000000e+00,0.000000000000000000e+00,1.918475776910781860e-01,2.411770671606063843e-01,2.568511664867401123e-01,8.097429573535919189e-02,8.768714219331741333e-02,2.522080019116401672e-02,1.720134764909744263e-01,2.255805879831314087e-01,2.327874302864074707e-01,0.000000000000000000e+00,0.000000000000000000e+00,1.918402612209320068e-01,2.411690652370452881e-01,2.568432092666625977e-01,8.096706122159957886e-02,8.768689632415771484e-02,2.521828934550285339e-02,1.720238178968429565e-01,2.255920171737670898e-01,2.327989637851715088e-01,0.000000000000000000e+00,0.000000000000000000e+00,1.913913339376449585e-01,2.406814247369766235e-01,2.563477456569671631e-01,8.056174218654632568e-02,8.765411376953125000e-02,2.514219470322132111e-02,1.726311743259429932e-01,2.262575179338455200e-01,2.334722280502319336e-01
1.853088569641113281e+01,0.000000000000000000e+00,0.000000000000000000e+00,2.068620473146438599e-01,1.073431447148323059e-01,2.518517076969146729e-01,1.328753978013992310e-01,1.392303854227066040e-01,3.227892890572547913e-02,1.743302941322326660e-01,2.304861098527908325e-01,2.388815283775329590e-01,0.000000000000000000e+00,0.000000000000000000e+00,2.068620324134826660e-01,1.073431149125099182e-01,2.518516778945922852e-01,1.328753679990768433e-01,1.392303705215454102e-01,3.227891772985458374e-02,1.743303388357162476e-01,2.304861843585968018e-01,2.388815581798553467e-01,0.000000000000000000e+00,0.000000000000000000e+00,2.068620175123214722e-01,1.073431149125099182e-01,2.518517076969146729e-01,1.328753829002380371e-01,1.392304003238677979e-01,3.227893263101577759e-02,1.743302941322326660e-01,2.304861098527908325e-01,2.388815283775329590e-01
1.903171920776367188e+01,0.000000000000000000e+00,0.000000000000000000e+00,1.871123015880584717e-01,6.578242033720016479e-02,2.159022986888885498e-01,1.404814720153808594e-01,1.964662373065948486e-01,4.618298634886741638e-02,1.813289076089859009e-01,2.361398339271545410e-01,2.447430938482284546e-01,0.000000000000000000e+00,0.000000000000000000e+00,1.871119141578674316e-01,6.578205525875091553e-02,2.159019559621810913e-01,1.404811292886734009e-01,1.964660137891769409e-01,4.618264362215995789e-02,1.813295483589172363e-01,2.361405193805694580e-01,2.447437793016433716e-01,0.000000000000000000e+00,0.000000000000000000e+00,1.871122717857360840e-01,6.578239053487777710e-02,2.159022539854049683e-01,1.404814422130584717e-01,1.964661926031112671e-01,4.618296399712562561e-02,1.813289672136306763e-01,2.361398339271545410e-01,2.447431236505508423e-01
1.953255462646484375e+01,0.000000000000000000e+00,0.000000000000000000e+00,1.618790030479431152e-01,4.925693199038505554e-02,1.817458420991897583e-01,1.290607899427413940e-01,2.428171485662460327e-01,6.150507554411888123e-02,1.931597143411636353e-01,2.435343861579895020e-01,2.511806190013885498e-01,0.000000000000000000e+00,0.000000000000000000e+00,1.618771702051162720e-01,4.925518482923507690e-02,1.817443370819091797e-01,1.290592700242996216e-01,2.428159117698669434e-01,6.150307506322860718e-02,1.931627690792083740e-01,2.435377538204193115e-01,2.511840164661407471e-01,0.000000000000000000e+00,0.000000000000000000e+00,1.618782132863998413e-01,4.925616830587387085e-02,1.817451268434524536e-01,1.290601193904876709e-01,2.428165376186370850e-01,6.150418147444725037e-02,1.931610554456710815e-01,2.435358464717864990e-01,2.511821687221527100e-01
2.003338813781738281e+01,0.000000000000000000e+00,0.000000000000000000e+00,1.382472813129425049e-01,4.010997340083122253e-02,1.531048864126205444e-01,1.125839129090309143e-01,2.750051915645599365e-01,7.467855513095855713e-02,2.083061784505844116e-01,2.531233727931976318e-01,2.589801847934722900e-01,0.000000000000000000e+00,0.000000000000000000e+00,1.382456868886947632e-01,4.010842740535736084e-02,1.531035304069519043e-01,1.125825792551040649e-01,2.750039398670196533e-01,7.467657327651977539e-02,2.083089947700500488e-01,2.531264424324035645e-01,2.589833438396453857e-01,0.000000000000000000e+00,0.000000000000000000e+00,1.382464319467544556e-01,4.010918736457824707e-02,1.531041264533996582e-01,1.125831529498100281e-01,2.750044763088226318e-01,7.467743754386901855e-02,2.083077281713485718e-01,2.531250119209289551e-01,2.589818835258483887e-01
2.053422355651855469e+01,0.000000000000000000e+00,0.000000000000000000e+00,1.176049485802650452e-01,3.361448645591735840e-02,1.292902827262878418e-01,9.632931649684906006e-02,2.945007681846618652e-01,8.438893407583236694e-02,2.249412089586257935e-01,2.648443281650543213e-01,2.686252892017364502e-01,0.000000000000000000e+00,0.000000000000000000e+00,1.176039129495620728e-01,3.361346572637557983e-02,1.292893886566162109e-01,9.632842987775802612e-02,2.944998443126678467e-01,8.438749611377716064e-02,2.249431461095809937e-01,2.648464441299438477e-01,2.686274051666259766e-01,0.000000000000000000e+00,0.000000000000000000e+00,1.176043972373008728e-01,3.361397981643676758e-02,1.292897760868072510e-01,9.632878005504608154e-02,2.945002019405364990e-01,8.438806235790252686e-02,2.249422669410705566e-01,2.648455202579498291e-01,2.686264812946319580e-01
2.103505897521972656e+01,0.000000000000000000e+00,0.000000000000000000e+00,9.992561489343643188e-02,2.842964231967926025e-02,1.093576326966285706e-01,8.185099065303802490e-02,3.037920296192169189e-01,9.059604257345199585e-02,2.416155636310577393e-01,2.783361375331878662e-01,2.802358865737915039e-01,0.000000000000000000e+00,0.000000000000000000e+00,9.992490708827972412e-02,2.842890657484531403e-02,1.093570515513420105e-01,8.185037970542907715e-02,3.037914037704467773e-01,9.059499949216842651e-02,2.416169345378875732e-01,2.783376276493072510e-01,2.802373468875885010e-01,0.000000000000000000e+00,0.000000000000000000e+00,9.992527961730957031e-02,2.842934243381023407e-02,1.093573048710823059e-01,8.185069262981414795e-02,3.037916421890258789e-01,9.059550613164901733e-02,2.416162341833114624e-01,2.783368527889251709e-01,2.802366614341735840e-01
2.153589248657226562e+01,0.000000000000000000e+00,0.000000000000000000e+00,8.487305045127868652e-02,2.411280944943428040e-02,9.258523583412170410e-02,6.939090043306350708e-02,3.052316606044769287e-01,9.377164393663406372e-02,2.574012577533721924e-01,2.931264340877532959e-01,2.936465740203857422e-01,0.000000000000000000e+00,0.000000000000000000e+00,8.487233519554138184e-02,2.411198988556861877e-02,9.258469194173812866e-02,6.939034909009933472e-02,3.052310645580291748e-01,9.377073496580123901e-02,2.574026286602020264e-01,2.931278049945831299e-01,2.936479449272155762e-01,0.000000000000000000e+00,0.000000000000000000e+00,8.487281948328018188e-02,2.411259710788726807e-02,9.258503466844558716e-02,6.939069181680679321e-02,3.052313923835754395e-01,9.377127885818481445e-02,2.574016749858856201e-01,2.931269109249114990e-01,2.936471104621887207e-01
2.203672790527343750e+01,0.000000000000000000e+00,0.000000000000000000e+00,7.207985222339630127e-02,2.046928741037845612e-02,7.843014597892761230e-02,5.879398435354232788e-02,3.007850348949432373e-01,9.451180696487426758e-02,2.718043327331542969e-01,3.087426126003265381e-01,3.085224926471710205e-01,0.000000000000000000e+00,0.000000000000000000e+00,7.207849621772766113e-02,2.046760730445384979e-02,7.842928171157836914e-02,5.879303812980651855e-02,3.007843196392059326e-01,9.451053291559219360e-02,2.718065381050109863e-01,3.087449669837951660e-01,3.085247874259948730e-01,0.000000000000000000e+00,0.000000000000000000e+00,7.207955420017242432e-02,2.046898752450942993e-02,7.842989265918731689e-02,5.879370123147964478e-02,3.007847368717193604e-01,9.451136738061904907e-02,2.718049585819244385e-01,3.087432384490966797e-01,3.085230886936187744e-01
2.253756332397460938e+01,0.000000000000000000e+00,0.000000000000000000e+00,6.121291220188140869e-02,1.738096587359905243e-02,6.646519154310226440e-02,4.981614649295806885e-02,2.920339107513427734e-01,9.337990731000900269e-02,2.846288084983825684e-01,3.247634768486022949e-01,3.244581818580627441e-01,0.000000000000000000e+00,0.000000000000000000e+00,6.120930984616279602e-02,1.737611368298530579e-02,6.646335870027542114e-02,4.981401562690734863e-02,2.920328974723815918e-01,9.337760508060455322e-02,2.846339046955108643e-01,3.247688710689544678e-01,3.244635760784149170e-01,0.000000000000000000e+00,0.000000000000000000e+00,6.121237203478813171e-02,1.738039962947368622e-02,6.646474450826644897e-02,4.981565847992897034e-02,2.920335233211517334e-01,9.337923675775527954e-02,2.846298813819885254e-01,3.247645199298858643e-01,3.244592249393463135e-01
2.303839683532714844e+01,0.000000000000000000e+00,0.000000000000000000e+00,5.198378488421440125e-02,1.475981529802083969e-02,5.634240433573722839e-02,4.221756756305694580e-02,2.802339494228363037e-01,9.085762500762939453e-02,2.958610653877258301e-01,3.408379852771759033e-01,3.410453498363494873e-01,0.000000000000000000e+00,0.000000000000000000e+00,5.197263881564140320e-02,1.474335417151451111e-02,5.633816123008728027e-02,4.221233725547790527e-02,2.802328169345855713e-01,9.085334092378616333e-02,2.958745360374450684e-01,3.408524692058563232e-01,3.410598337650299072e-01,0.000000000000000000e+00,0.000000000000000000e+00,5.198268219828605652e-02,1.475859712809324265e-02,5.634156242012977600e-02,4.221661016345024109e-02,2.802333235740661621e-01,9.085644036531448364e-02,2.958629429340362549e-01,3.408400714397430420e-01,3.410473465919494629e-01
2.353923225402832031e+01,0.000000000000000000e+00,0.000000000000000000e+00,4.414596781134605408e-02,1.253425795584917068e-02,4.777294397354125977e-02,3.578642755746841431e-02,2.663742005825042725e-01,8.733893930912017822e-02,3.055884540081024170e-01,3.566866815090179443e-01,3.579116463661193848e-01,0.000000000000000000e+00,0.000000000000000000e+00,4.411163926124572754e-02,1.247863657772541046e-02,4.776397719979286194e-02,3.577459976077079773e-02,2.663762569427490234e-01,8.733299374580383301e-02,3.056245446205139160e-01,3.567259609699249268e-01,3.579509556293487549e-01,0.000000000000000000e+00,0.000000000000000000e+00,4.414378479123115540e-02,1.253169029951095581e-02,4.777139425277709961e-02,3.578464686870574951e-02,2.663730978965759277e-01,8.733692765235900879e-02,3.055920004844665527e-01,3.566905558109283447e-01,3.579154908657073975e-01
2.404006767272949219e+01,0.000000000000000000e+00,0.000000000000000000e+00,3.748985007405281067e-02,1.064436137676239014e-02,4.051521793007850647e-02,3.034187480807304382e-02,2.512282133102416992e-01,8.313891291618347168e-02,3.139469027519226074e-01,3.720952868461608887e-01,3.747389316558837891e-01,0.000000000000000000e+00,0.000000000000000000e+00,3.740074485540390015e-02,1.048432197421789169e-02,4.050124436616897583e-02,3.032119013369083405e-02,2.512445747852325439e-01,8.313786238431930542e-02,3.140308260917663574e-01,3.721873164176940918e-01,3.748314380645751953e-01,0.000000000000000000e+00,0.000000000000000000e+00,3.748618811368942261e-02,1.063963118940591812e-02,4.051284864544868469e-02,3.033908829092979431e-02,2.512268424034118652e-01,8.313612639904022217e-02,3.139524757862091064e-01,3.721013367176055908e-01,3.747451007366180420e-01
2.454090118408203125e+01,0.000000000000000000e+00,0.000000000000000000e+00,3.183732181787490845e-02,9.039448574185371399e-03,3.436621651053428650e-02,2.573097124695777893e-02,2.353954762220382690e-01,7.850575447082519531e-02,3.210895955562591553e-01,3.869062662124633789e-01,3.912685215473175049e-01,0.000000000000000000e+00,0.000000000000000000e+00,3.165565431118011475e-02,8.671978488564491272e-03,3.435422107577323914e-02,2.570695616304874420e-02,2.354469150304794312e-01,7.852653414011001587e-02,3.212488591670989990e-01,3.870825469493865967e-01,3.914459049701690674e-01,0.000000000000000000e+00,0.000000000000000000e+00,3.183028101921081543e-02,9.029364213347434998e-03,3.436232730746269226e-02,2.572629414498806000e-02,2.353937327861785889e-01,7.850168645381927490e-02,3.210993707180023193e-01,3.869171738624572754e-01,3.912794291973114014e-01
2.504173660278320312e+01,0.000000000000000000e+00,0.000000000000000000e+00,2.703705430030822754e-02,7.676524575799703598e-03,2.915493585169315338e-02,2.182473428547382355e-02,2.193350642919540405e-01,7.363267987966537476e-02,3.271696865558624268e-01,4.010094702243804932e-01,4.072993397712707520e-01,0.000000000000000000e+00,0.000000000000000000e+00,2.674532867968082428e-02,6.984429899603128433e-03,2.916089445352554321e-02,2.181431464850902557e-02,2.194445133209228516e-01,7.369758188724517822e-02,3.274204134941101074e-01,4.012899100780487061e-01,4.075821936130523682e-01,0.000000000000000000e+00,0.000000000000000000e+00,2.702366374433040619e-02,7.656375877559185028e-03,2.914861962199211121e-02,2.181694470345973969e-02,2.193331718444824219e-01,7.362695783376693726e-02,3.271867632865905762e-01,4.010286331176757812e-01,4.073185622692108154e-01
2.554257011413574219e+01,0.000000000000000000e+00,0.000000000000000000e+00,2.296055853366851807e-02,6.519100163131952286e-03,2.473720721900463104e-02,1.851446181535720825e-02,2.033937275409698486e-01,6.866825371980667114e-02,3.323307931423187256e-01,4.143334031105041504e-01,4.226819872856140137e-01,0.000000000000000000e+00,0.000000000000000000e+00,2.259278669953346252e-02,5.428613163530826569e-03,2.478200197219848633e-02,1.854223385453224182e-02,2.035706937313079834e-01,6.879091262817382812e-02,3.326626121997833252e-01,4.147083163261413574e-01,4.230613112449645996e-01,0.000000000000000000e+00,0.000000000000000000e+00,2.293714135885238647e-02,6.482434459030628204e-03,2.472766675055027008e-02,1.850240118801593781e-02,2.033922821283340454e-01,6.866089999675750732e-02,3.323583900928497314e-01,4.143648147583007812e-01,4.227136671543121338e-01
2.604340553283691406e+01,0.000000000000000000e+00,0.000000000000000000e+00,1.949868164956569672e-02,5.536182783544063568e-03,2.099130116403102875e-02,1.570844464004039764e-02,1.878277957439422607e-01,6.372489780187606812e-02,3.367030024528503418e-01,4.268375337123870850e-01,4.373117089271545410e-01,0.000000000000000000e+00,0.000000000000000000e+00,1.911737211048603058e-02,4.100486636161804199e-03,2.108205296099185944e-02,1.578325964510440826e-02,1.880557835102081299e-01,6.389523297548294067e-02,3.370827436447143555e-01,4.272710382938385010e-01,4.377515017986297607e-01,0.000000000000000000e+00,0.000000000000000000e+00,1.946064084768295288e-02,5.474769044667482376e-03,2.097768150269985199e-02,1.569078117609024048e-02,1.878277659416198730e-01,6.371634453535079956e-02,3.367450833320617676e-01,4.268858432769775391e-01,4.373607933521270752e-01
2.654424095153808594e+01,0.000000000000000000e+00,0.000000000000000000e+00,1.655876636505126953e-02,4.701464436948299408e-03,1.781442388892173767e-02,1.332931127399206161e-02,1.728220283985137939e-01,5.888619273900985718e-02,3.404013514518737793e-01,4.385055005550384521e-01,4.511205255985260010e-01,0.000000000000000000e+00,0.000000000000000000e+00,1.619883812963962555e-02,3.090963466092944145e-03,1.793413236737251282e-02,1.343136746436357498e-02,1.730696260929107666e-01,5.907800793647766113e-02,3.407948613166809082e-01,4.389593601226806641e-01,4.515824019908905029e-01,0.000000000000000000e+00,0.000000000000000000e+00,1.650092191994190216e-02,4.605355672538280487e-03,1.779613457620143890e-02,1.330491621047258377e-02,1.728248596191406250e-01,5.887746810913085938e-02,3.404620289802551270e-01,4.385759234428405762e-01,4.511921107769012451e-01
2.704507446289062500e+01,0.000000000000000000e+00,0.000000000000000000e+00,1.406212430447340012e-02,3.992603160440921783e-03,1.511967834085226059e-02,1.131170615553855896e-02,1.585042774677276611e-01,5.421262606978416443e-02,3.435261547565460205e-01,4.493396878242492676e-01,4.640707075595855713e-01,0.000000000000000000e+00,0.000000000000000000e+00,1.371696032583713531e-02,2.384685445576906204e-03,1.523914188146591187e-02,1.140393223613500595e-02,1.587464958429336548e-01,5.440285801887512207e-02,3.439163863658905029e-01,4.497944116592407227e-01,4.645346403121948242e-01,0.000000000000000000e+00,0.000000000000000000e+00,1.397920213639736176e-02,3.850049804896116257e-03,1.509680971503257751e-02,1.128027029335498810e-02,1.585121452808380127e-01,5.420574918389320374e-02,3.436090350151062012e-01,4.494367241859436035e-01,4.641697108745574951e-01
2.754590988159179688e+01,0.000000000000000000e+00,0.000000000000000000e+00,1.194190420210361481e-02,3.390617435798048973e-03,1.283353008329868317e-02,9.600368328392505646e-03,1.449575573205947876e-01,4.974634572863578796e-02,3.461641073226928711e-01,4.593566954135894775e-01,4.761484265327453613e-01,0.000000000000000000e+00,0.000000000000000000e+00,1.157409604638814926e-02,1.904754433780908585e-03,1.292422413825988770e-02,9.635282680392265320e-03,1.451852917671203613e-01,4.992455989122390747e-02,3.465551435947418213e-01,4.598169028759002686e-01,4.766193032264709473e-01,0.000000000000000000e+00,0.000000000000000000e+00,1.182935945689678192e-02,3.187723457813262939e-03,1.280759461224079132e-02,9.563415311276912689e-03,1.449734270572662354e-01,4.974478110671043396e-02,3.462716341018676758e-01,4.594836533069610596e-01,4.762781262397766113e-01
2.804674530029296875e+01,0.000000000000000000e+00,0.000000000000000000e+00,1.014136057347059250e-02,2.879396313801407814e-03,1.089377608150243759e-02,8.148583583533763885e-03,1.322301626205444336e-01,4.551515355706214905e-02,3.483895063400268555e-01,4.685833454132080078e-01,4.873582720756530762e-01,0.000000000000000000e+00,0.000000000000000000e+00,9.695774875581264496e-03,1.579023781232535839e-03,1.093723159283399582e-02,8.058580569922924042e-03,1.324495077133178711e-01,4.568459093570709229e-02,3.488015532493591309e-01,4.690729677677154541e-01,4.878603219985961914e-01,0.000000000000000000e+00,0.000000000000000000e+00,9.996878914535045624e-03,2.600062638521194458e-03,1.086858194321393967e-02,8.110885508358478546e-03,1.322578042745590210e-01,4.552389681339263916e-02,3.485214710235595703e-01,4.687406122684478760e-01,4.875195026397705078e-01
2.854757881164550781e+01,0.000000000000000000e+00,0.000000000000000000e+00,8.612299337983131409e-03,2.445255871862173080e-03,9.247748181223869324e-03,6.916821934282779694e-03,1.203434765338897705e-01,4.153558611869812012e-02,3.502658009529113770e-01,4.770537316799163818e-01,4.977187812328338623e-01,0.000000000000000000e+00,0.000000000000000000e+00,8.025300689041614532e-03,1.357887173071503639e-03,9.246740490198135376e-03,6.616334430873394012e-03,1.205708682537078857e-01,4.171029478311538696e-02,3.507244288921356201e-01,4.776036143302917480e-01,4.982840120792388916e-01,0.000000000000000000e+00,0.000000000000000000e+00,8.438264019787311554e-03,2.072831848636269569e-03,9.229681454598903656e-03,6.886816117912530899e-03,1.203865781426429749e-01,4.155985638499259949e-02,3.504192531108856201e-01,4.772381186485290527e-01,4.979082942008972168e-01
2.904841423034667969e+01,0.000000000000000000e+00,0.000000000000000000e+00,7.313776761293411255e-03,2.076571341603994370e-03,7.850819267332553864e-03,5.871605128049850464e-03,1.092982888221740723e-01,3.781545162200927734e-02,3.518469929695129395e-01,4.848070144653320312e-01,5.072590112686157227e-01,0.000000000000000000e+00,0.000000000000000000e+00,6.517114117741584778e-03,1.209201873280107975e-03,7.818104699254035950e-03,5.306923296302556992e-03,1.095517054200172424e-01,3.801291435956954956e-02,3.523711562156677246e-01,4.854406118392944336e-01,5.079118609428405762e-01,0.000000000000000000e+00,0.000000000000000000e+00,7.119667250663042068e-03,1.599595881998538971e-03,7.847576402127742767e-03,5.858737975358963013e-03,1.093584522604942322e-01,3.785808384418487549e-02,3.520160913467407227e-01,4.850117564201354980e-01,5.074697732925415039e-01
2.954924964904785156e+01,0.000000000000000000e+00,0.000000000000000000e+00,6.211038678884506226e-03,1.763475476764142513e-03,6.665193941444158554e-03,4.984593018889427185e-03,9.908020496368408203e-02,3.435595706105232239e-02,3.531788289546966553e-01,4.918851256370544434e-01,5.160151124000549316e-01,0.000000000000000000e+00,0.000000000000000000e+00,5.147704854607582092e-03,1.107466290704905987e-03,6.595290265977382660e-03,4.188115242868661880e-03,9.937064349651336670e-02,3.458866104483604431e-02,3.537723422050476074e-01,4.926079213619232178e-01,5.167613625526428223e-01,0.000000000000000000e+00,0.000000000000000000e+00,6.011903751641511917e-03,1.185787841677665710e-03,6.682098377496004105e-03,4.994274117052555084e-03,9.915542602539062500e-02,3.441535681486129761e-02,3.533560037612915039e-01,4.921009540557861328e-01,5.162379145622253418e-01
3.005008316040039062e+01,0.000000000000000000e+00,0.000000000000000000e+00,5.274569615721702576e-03,1.497587538324296474e-03,5.658837500959634781e-03,4.231773782521486282e-03,8.966366946697235107e-02,3.115334361791610718e-02,3.543002307415008545e-01,4.983315467834472656e-01,5.240280032157897949e-01,0.000000000000000000e+00,0.000000000000000000e+00,3.936952445656061172e-03,1.025247853249311447e-03,5.528246518224477768e-03,3.304740879684686661e-03,8.999041467905044556e-02,3.142317757010459900e-02,3.549500107765197754e-01,4.991283416748046875e-01,5.248523354530334473e-01,0.000000000000000000e+00,0.000000000000000000e+00,5.084672942757606506e-03,8.459369419142603874e-04,5.694977939128875732e-03,4.261985886842012405e-03,8.974824845790863037e-02,3.122375532984733582e-02,3.544777929782867432e-01,4.985492229461669922e-01,5.242531299591064453e-01
3.055091857910156250e+01,0.000000000000000000e+00,0.000000000000000000e+00,4.479293711483478546e-03,1.271788030862808228e-03,4.804583266377449036e-03,3.592791734263300896e-03,8.101511001586914062e-02,2.820016257464885712e-02,3.552440106868743896e-01,5.041900873184204102e-01,5.313417315483093262e-01,0.000000000000000000e+00,0.000000000000000000e+00,2.942049410194158554e-03,9.373190114274621010e-04,4.588715732097625732e-03,2.639730228111147881e-03,8.136693388223648071e-02,2.849872224032878876e-02,3.559246361255645752e-01,5.050296783447265625e-01,5.322118401527404785e-01,0.000000000000000000e+00,0.000000000000000000e+00,4.306790418922901154e-03,5.909059545956552029e-04,4.852978978306055069e-03,3.635456785559654236e-03,8.110187947750091553e-02,2.827422134578227997e-02,3.554152548313140869e-01,5.044013857841491699e-01,5.315607786178588867e-01
3.105175209045410156e+01,0.000000000000000000e+00,0.000000000000000000e+00,3.803930943831801414e-03,1.080034999176859856e-03,4.079407546669244766e-03,3.050402039662003517e-03,7.309582084417343140e-02,2.548642270267009735e-02,3.560379445552825928e-01,5.095040798187255859e-01,5.380014777183532715e-01,0.000000000000000000e+00,0.000000000000000000e+00,2.196531975641846657e-03,8.356867474503815174e-04,3.769303439185023308e-03,2.139180665835738182e-03,7.345607131719589233e-02,2.579941041767597198e-02,3.567180931568145752e-01,5.103477835655212402e-01,5.388774871826171875e-01,0.000000000000000000e+00,0.000000000000000000e+00,3.650624770671129227e-03,4.155830247327685356e-04,4.131116438657045364e-03,3.095886437222361565e-03,7.317858934402465820e-02,2.555782720446586609e-02,3.561985194683074951e-01,5.097032189369201660e-01,5.382083654403686523e-01
3.155258750915527344e+01,0.000000000000000000e+00,0.000000000000000000e+00,3.230393631383776665e-03,9.171927813440561295e-04,3.463769098743796349e-03,2.589969895780086517e-03,6.586364656686782837e-02,2.300031483173370361e-02,3.567055761814117432e-01,5.143156051635742188e-01,5.440530776977539062e-01,0.000000000000000000e+00,0.000000000000000000e+00,1.669941470026969910e-03,7.290904177352786064e-04,3.080355934798717499e-03,1.754061551764607430e-03,6.621510535478591919e-02,2.331183291971683502e-02,3.573560714721679688e-01,5.151267051696777344e-01,5.448964238166809082e-01,0.000000000000000000e+00,0.000000000000000000e+00,3.094483166933059692e-03,3.009914653375744820e-04,3.511922666803002357e-03,2.630969509482383728e-03,6.593877077102661133e-02,2.306527271866798401e-02,3.568531274795532227e-01,5.144997239112854004e-01,5.442444682121276855e-01
3.205342102050781250e+01,0.000000000000000000e+00,0.000000000000000000e+00,2.743334043771028519e-03,7.789038936607539654e-04,2.941105281934142113e-03,2.199094975367188454e-03,5.927490815520286560e-02,2.072898484766483307e-02,3.572667241096496582e-01,5.186651945114135742e-01,5.495412349700927734e-01,0.000000000000000000e+00,0.000000000000000000e+00,1.301138428971171379e-03,6.278980872593820095e-04,2.525257179513573647e-03,1.451832009479403496e-03,5.960347503423690796e-02,2.102507650852203369e-02,3.578659594058990479e-01,5.194160342216491699e-01,5.503228902816772461e-01,0.000000000000000000e+00,0.000000000000000000e+00,2.621601568534970284e-03,2.260339388158172369e-04,2.981924451887607574e-03,2.231479156762361526e-03,5.934112519025802612e-02,2.078599110245704651e-02,3.574011325836181641e-01,5.188337564468383789e-01,5.497167110443115234e-01
3.255425643920898438e+01,0.000000000000000000e+00,0.000000000000000000e+00,2.329707378521561623e-03,6.614645244553685188e-04,2.497352194041013718e-03,1.867249957285821438e-03,5.328528583049774170e-02,1.865892112255096436e-02,3.577381670475006104e-01,5.225914120674133301e-01,5.545099973678588867e-01,0.000000000000000000e+00,0.000000000000000000e+00,1.036811387166380882e-03,5.372274899855256081e-04,2.088105771690607071e-03,1.210987218655645847e-03,5.358208343386650085e-02,1.892997696995735168e-02,3.582744598388671875e-01,5.232661962509155273e-01,5.552136301994323730e-01,0.000000000000000000e+00,0.000000000000000000e+00,2.218479756265878677e-03,1.751435047481209040e-04,2.529138466343283653e-03,1.888833357952535152e-03,5.334282666444778442e-02,1.870790682733058929e-02,3.578607738018035889e-01,5.227457284927368164e-01,5.546708703041076660e-01
3.305509185791015625e+01,0.000000000000000000e+00,0.000000000000000000e+00,1.978445332497358322e-03,5.617321003228425980e-04,2.120586577802896500e-03,1.585511374287307262e-03,4.785102605819702148e-02,1.677646115422248840e-02,3.581340312957763672e-01,5.261306166648864746e-01,5.590010881423950195e-01,0.000000000000000000e+00,0.000000000000000000e+00,8.410187438130378723e-04,4.582332039717584848e-04,1.743749715387821198e-03,1.016339985653758049e-03,4.811232537031173706e-02,1.701755076646804810e-02,3.586044013500213623e-01,5.267248749732971191e-01,5.596210956573486328e-01,0.000000000000000000e+00,0.000000000000000000e+00,1.871481072157621384e-03,1.389030803693458438e-04,2.139775548130273819e-03,1.589290332049131393e-03,4.790136590600013733e-02,1.681827008724212646e-02,3.582497537136077881e-01,5.262771248817443848e-01,5.591537356376647949e-01
3.355592727661132812e+01,0.000000000000000000e+00,0.000000000000000000e+00,1.680144807323813438e-03,4.770368395838886499e-04,1.800687285140156746e-03,1.346305245533585548e-03,4.292942956089973450e-02,1.506801694631576538e-02,3.584662675857543945e-01,5.293170213699340820e-01,5.630546212196350098e-01,0.000000000000000000e+00,0.000000000000000000e+00,6.913115503266453743e-04,3.902814933098852634e-04,1.468578469939529896e-03,8.569134515710175037e-04,4.315503314137458801e-02,1.527739036828279495e-02,3.588733375072479248e-01,5.298331379890441895e-01,5.635935664176940918e-01,0.000000000000000000e+00,0.000000000000000000e+00,1.574841793626546860e-03,1.116774947149679065e-04,1.808058470487594604e-03,1.331946230493485928e-03,4.297402873635292053e-02,1.510406844317913055e-02,3.585766553878784180e-01,5.294573307037353516e-01,5.632010698318481445e-01
3.405676269531250000e+01,0.000000000000000000e+00,0.000000000000000000e+00,1.426820526830852032e-03,4.051114665344357491e-04,1.529064727947115898e-03,1.143204979598522186e-03,3.847939148545265198e-02,1.352030970156192780e-02,3.587449193000793457e-01,5.321824550628662109e-01,5.667082667350769043e-01,0.000000000000000000e+00,0.000000000000000000e+00,5.737554747611284256e-04,3.321606491226702929e-04,1.244523562490940094e-03,7.248200126923620701e-04,3.867076337337493896e-02,1.369747705757617950e-02,3.590949177742004395e-01,5.326275229454040527e-01,5.671737194061279297e-01,0.000000000000000000e+00,0.000000000000000000e+00,1.320811570622026920e-03,9.094738925341516733e-05,1.524916733615100384e-03,1.107083633542060852e-03,3.851996734738349915e-02,1.355231553316116333e-02,3.588524758815765381e-01,5.323194861412048340e-01,5.668516755104064941e-01
3.455759429931640625e+01,2.317289352416992188e+00,4.336022306233644485e-03,1.482122228480875492e-03,3.502318868413567543e-04,1.298736548051238060e-03,9.707678691484034061e-04,3.446174785494804382e-02,1.212054118514060974e-02,3.589785099029541016e-01,5.347564816474914551e-01,5.699973702430725098e-01,2.711104631423950195e+00,6.476537138223648071e-02,3.718971461057662964e-02,2.896731346845626831e-02,2.478846535086631775e-02,1.610460691154003143e-02,3.771136328577995300e-02,1.518326904624700546e-02,3.643341064453125000e-01,5.415874719619750977e-01,5.771474838256835938e-01,2.710868835449218750e+00,6.474073231220245361e-02,3.721471130847930908e-02,2.899978309869766235e-02,2.475142478942871094e-02,1.608027145266532898e-02,3.767850995063781738e-02,1.517214160412549973e-02,3.644193708896636963e-01,5.416964292526245117e-01,5.772617459297180176e-01
3.505842971801757812e+01,1.567163825035095215e+00,8.320707082748413086e-02,2.139112539589405060e-02,1.798717305064201355e-03,1.371762948110699654e-03,8.568096673116087914e-04,3.084336780011653900e-02,1.085665822029113770e-02,3.591741919517517090e-01,5.370665192604064941e-01,5.729548335075378418e-01,1.886158108711242676e+00,1.357218623161315918e-01,7.812855392694473267e-02,6.333167850971221924e-02,5.554634332656860352e-02,3.945810720324516296e-02,3.954586014151573181e-02,1.910823583602905273e-02,3.729373514652252197e-01,5.546862483024597168e-01,5.914195775985717773e-01,2.140450477600097656e+00,1.653627604246139526e-01,1.092515364289283752e-01,9.670703113079071045e-02,9.128005802631378174e-02,7.394994050264358521e-02,6.478413939476013184e-02,4.623485729098320007e-02,4.036321043968200684e-01,5.942772626876831055e-01,6.329537034034729004e-01
3.555926513671875000e+01,1.205295324325561523e+00,2.015553265810012817e-01,9.373958408832550049e-02,1.093716267496347427e-02,4.275434650480747223e-03,1.362244831398129463e-03,2.772373519837856293e-02,9.727940894663333893e-03,3.593393862247467041e-01,5.391377806663513184e-01,5.756115317344665527e-01,1.261925101280212402e+00,2.180118411779403687e-01,1.068393290042877197e-01,2.602632530033588409e-02,2.079146914184093475e-02,1.435020938515663147e-02,3.102921321988105774e-02,1.291045360267162323e-02,3.650493025779724121e-01,5.464625358581542969e-01,5.832892060279846191e-01,1.600692510604858398e+00,3.051722645759582520e-01,1.767649352550506592e-01,8.503732085227966309e-02,8.162395656108856201e-02,7.389423251152038574e-02,9.551035612821578979e-02,7.522275298833847046e-02,4.818158745765686035e-01,6.991696357727050781e-01,7.439801692962646484e-01
3.606010055541992188e+01,9.670171737670898438e-01,2.966409325599670410e-01,2.100283652544021606e-01,3.099270537495613098e-02,1.458819396793842316e-02,4.279757849872112274e-03,2.585642971098423004e-02,8.818862959742546082e-03,3.594979941844940186e-01,5.409960150718688965e-01,5.779960155487060547e-01,9.594321846961975098e-01,2.932499945163726807e-01,2.073855549097061157e-01,2.886873856186866760e-02,8.721756748855113983e-03,5.254633724689483643e-03,2.725630812346935272e-02,1.008957624435424805e-02,3.622369170188903809e-01,5.445193648338317871e-01,5.816904306411743164e-01,1.268419981002807617e+00,4.174163341522216797e-01,3.142869472503662109e-01,1.051889061927795410e-01,8.632584661245346069e-02,7.451923936605453491e-02,9.935047477483749390e-02,7.976204156875610352e-02,4.935101270675659180e-01,7.168717980384826660e-01,7.632324099540710449e-01
3.656093597412109375e+01,7.855339646339416504e-01,3.542202711105346680e-01,3.456197977066040039e-01,5.935750901699066162e-02,3.520643338561058044e-02,1.179573405534029007e-02,2.705182135105133057e-02,8.431759662926197052e-03,3.597464859485626221e-01,5.426794886589050293e-01,5.801393389701843262e-01,7.611834406852722168e-01,3.400274813175201416e-01,3.320209383964538574e-01,5.087817460298538208e-02,2.640524692833423615e-02,5.362384486943483353e-03,2.658950723707675934e-02,7.572353351861238480e-03,3.608711659908294678e-01,5.441355705261230469e-01,5.816661119461059570e-01,1.006320953369140625e+00,4.753931760787963867e-01,4.653750956058502197e-01,1.314079910516738892e-01,1.041444316506385803e-01,7.721634954214096069e-02,1.000822186470031738e-01,7.865213602781295776e-02,4.942284226417541504e-01,7.195390462875366211e-01,7.665240764617919922e-01
3.706177139282226562e+01,6.403583884239196777e-01,3.795512914657592773e-01,4.795415699481964111e-01,9.125763177871704102e-02,6.588495522737503052e-02,2.512835152447223663e-02,3.380520269274711609e-02,9.127693250775337219e-03,3.603320121765136719e-01,5.442678332328796387e-01,5.820879936218261719e-01,6.155632734298706055e-01,3.619140386581420898e-01,4.594475626945495605e-01,8.018478751182556152e-02,5.585157871246337891e-02,1.450272835791110992e-02,3.096315078437328339e-02,4.276480991393327713e-03,3.604370355606079102e-01,5.444076061248779297e-01,5.822343826293945312e-01,7.960656881332397461e-01,4.870918989181518555e-01,6.045004725456237793e-01,1.569071710109710693e-01,1.288306415081024170e-01,8.277616649866104126e-02,1.040818691253662109e-01,7.582145929336547852e-02,4.942428171634674072e-01,7.205852270126342773e-01,7.679805159568786621e-01
3.756260299682617188e+01,5.225288867950439453e-01,3.815370500087738037e-01,5.984061956405639648e-01,1.224374324083328247e-01,1.040744334459304810e-01,4.404660686850547791e-02,4.848325252532958984e-02,1.160607207566499710e-02,3.616922199726104736e-01,5.459174513816833496e-01,5.839281082153320312e-01,5.006283521652221680e-01,3.634380996227264404e-01,5.744256973266601562e-01,1.104159206151962280e-01,9.302777051925659180e-02,3.367381915450096130e-02,4.248712956905364990e-02,2.730051521211862564e-03,3.614096939563751221e-01,5.455570220947265625e-01,5.835493803024291992e-01,6.310065984725952148e-01,4.699217975139617920e-01,7.187464833259582520e-01,1.797119826078414917e-01,1.599186807870864868e-01,9.339606016874313354e-02,1.118015274405479431e-01,7.017883658409118652e-02,4.946658015251159668e-01,7.209932804107666016e-01,7.685428261756896973e-01
3.806343841552734375e+01,4.264976680278778076e-01,3.680216073989868164e-01,6.952327489852905273e-01,1.500096023082733154e-01,1.462487578392028809e-01,6.718619167804718018e-02,7.264269143342971802e-02,1.650748215615749359e-02,3.644220829010009766e-01,5.478857159614562988e-01,5.858143568038940430e-01,4.085533022880554199e-01,3.514809012413024902e-01,6.701067090034484863e-01,1.382524222135543823e-01,1.350720822811126709e-01,5.734231695532798767e-02,6.407874077558517456e-02,4.766555503010749817e-03,3.635628819465637207e-01,5.467839241027832031e-01,5.846577882766723633e-01,5.026185512542724609e-01,4.377715587615966797e-01,8.045714497566223145e-01,1.986776143312454224e-01,1.951453387737274170e-01,1.090889647603034973e-01,1.238125041127204895e-01,6.199720501899719238e-02,4.960789978504180908e-01,7.209050059318542480e-01,7.682167291641235352e-01
3.856427383422851562e+01,3.481420278549194336e-01,3.449703454971313477e-01,7.675038576126098633e-01,1.723964810371398926e-01,1.888943314552307129e-01,9.262468665838241577e-02,1.067187041044235229e-01,2.424785867333412170e-02,3.691824674606323242e-01,5.505314469337463379e-01,5.879906415939331055e-01,3.333349823951721191e-01,3.302223682403564453e-01,7.422385811805725098e-01,1.611549258232116699e-01,1.775309294462203979e-01,8.299242705106735229e-02,9.708992391824722290e-02,1.475985907018184662e-02,3.673714697360992432e-01,5.482139587402343750e-01,5.855594873428344727e-01,4.019064009189605713e-01,3.984564542770385742e-01,8.618417382240295410e-01,2.127129584550857544e-01,2.307997643947601318e-01,1.277898997068405151e-01,1.438767760992050171e-01,5.560763925313949585e-02,4.988800287246704102e-01,7.202488780021667480e-01,7.667634487152099609e-01
3.906510925292968750e+01,2.841878831386566162e-01,3.166693747043609619e-01,8.155515789985656738e-01,1.890077739953994751e-01,2.290563583374023438e-01,1.183810681104660034e-01,1.500475257635116577e-01,3.493648767471313477e-02,3.765910863876342773e-01,5.542904734611511230e-01,5.907934308052062988e-01,2.722856402397155762e-01,3.041526377201080322e-01,7.919559478759765625e-01,1.787793189287185669e-01,2.183045446872711182e-01,1.094539612531661987e-01,1.407442390918731689e-01,2.689478732645511627e-02,3.735291063785552979e-01,5.503926277160644531e-01,5.867100954055786133e-01,3.207736313343048096e-01,3.551691174507141113e-01,8.900382518768310547e-01,2.202685922384262085e-01,2.625491023063659668e-01,1.460089683532714844e-01,1.793533563613891602e-01,5.820634961128234863e-02,5.033918619155883789e-01,7.190519571304321289e-01,7.640728950500488281e-01
3.956594467163085938e+01,2.319835424423217773e-01,2.860974371433258057e-01,8.413839340209960938e-01,1.999115794897079468e-01,2.645515799522399902e-01,1.427329331636428833e-01,2.010897547006607056e-01,4.837582260370254517e-02,3.871300518512725830e-01,5.596351623535156250e-01,5.946357250213623047e-01,2.226754426956176758e-01,2.759505808353424072e-01,8.207613229751586914e-01,1.910687088966369629e-01,2.548877000808715820e-01,1.348261535167694092e-01,1.924327462911605835e-01,4.148261621594429016e-02,3.826711475849151611e-01,5.540056824684143066e-01,5.887510180473327637e-01,2.562459707260131836e-01,3.125710785388946533e-01,8.964136838912963867e-01,2.229080051183700562e-01,2.901637852191925049e-01,1.635862290859222412e-01,2.242210358381271362e-01,6.547423452138900757e-02,5.097492337226867676e-01,7.173961400985717773e-01,7.601547837257385254e-01
4.006677627563476562e+01,1.893695592880249023e-01,2.552619278430938721e-01,8.478804230690002441e-01,2.055735588073730469e-01,2.939807176589965820e-01,1.643667072057723999e-01,2.577320933341979980e-01,6.411641836166381836e-02,4.010882079601287842e-01,5.670289993286132812e-01,5.999759435653686523e-01,1.821466535329818726e-01,2.472105920314788818e-01,8.306059837341308594e-01,1.981433331966400146e-01,2.856136262416839600e-01,1.575770378112792969e-01,2.498918175697326660e-01,5.828601866960525513e-02,3.954446613788604736e-01,5.599800348281860352e-01,5.926277637481689453e-01,2.051848769187927246e-01,2.728959023952484131e-01,8.865019679069519043e-01,2.218258827924728394e-01,3.127676844596862793e-01,1.795456409454345703e-01,2.755417525768280029e-01,7.626561820507049561e-02,5.178407430648803711e-01,7.153869271278381348e-01,7.551271915435791016e-01
4.056761169433593750e+01,1.545833200216293335e-01,2.254632115364074707e-01,8.382590413093566895e-01,2.066699713468551636e-01,3.166375756263732910e-01,1.824113577604293823e-01,3.175882399082183838e-01,8.153823018074035645e-02,4.185416698455810547e-01,5.768846273422241211e-01,6.072787046432495117e-01,1.489896476268768311e-01,2.191551327705383301e-01,8.242185115814208984e-01,2.005563080310821533e-01,3.095468878746032715e-01,1.766779720783233643e-01,3.105496764183044434e-01,7.667250931262969971e-02,4.120858013629913330e-01,5.689188838005065918e-01,5.990033149719238281e-01,1.648885011672973633e-01,2.370796799659729004e-01,8.646134138107299805e-01,2.179320603609085083e-01,3.301114737987518311e-01,1.932615339756011963e-01,3.311703205108642578e-01,9.000769257545471191e-02,5.273632407188415527e-01,7.131921052932739258e-01,7.492640614509582520e-01
4.106844711303710938e+01,1.261871606111526489e-01,1.974968165159225464e-01,8.157368302345275879e-01,2.039607465267181396e-01,3.323731422424316406e-01,1.964016705751419067e-01,3.782494664192199707e-01,9.993397444486618042e-02,4.393641054630279541e-01,5.895306468009948730e-01,6.169751286506652832e-01,1.217650100588798523e-01,1.924933791160583496e-01,8.043345808982849121e-01,1.989062875509262085e-01,3.263033330440521240e-01,1.914971023797988892e-01,3.717939257621765137e-01,9.577660262584686279e-02,4.327855706214904785e-01,5.815171599388122559e-01,6.086831092834472656e-01,1.332627534866333008e-01,2.054984569549560547e-01,8.342686295509338379e-01,2.120524793863296509e-01,3.423636555671691895e-01,2.044479548931121826e-01,3.890531063079833984e-01,1.060573533177375793e-01,5.378791093826293945e-01,7.110320329666137695e-01,7.429686188697814941e-01
4.156928253173828125e+01,1.030072495341300964e-01,1.718020588159561157e-01,7.833259701728820801e-01,1.982079893350601196e-01,3.414545953273773193e-01,2.062096893787384033e-01,4.374759197235107422e-01,1.185834482312202454e-01,4.632591903209686279e-01,6.051912903785705566e-01,6.294288635253906250e-01,9.939537942409515381e-02,1.677246540784835815e-01,7.739376425743103027e-01,1.939464509487152100e-01,3.361722528934478760e-01,2.019327431917190552e-01,4.314310550689697266e-01,1.149051785469055176e-01,4.571233987808227539e-01,5.978135466575622559e-01,6.218274235725402832e-01,1.086673066020011902e-01,1.781895011663436890e-01,7.982360124588012695e-01,2.048920094966888428e-01,3.499414026737213135e-01,2.130614221096038818e-01,4.473672807216644287e-01,1.237833350896835327e-01,5.488824844360351562e-01,7.091497778892517090e-01,7.367135882377624512e-01
4.207011795043945312e+01,8.408550173044204712e-02,2.173164606094360352e+00,1.101529240608215332e+00,2.034885734319686890e-01,3.453122973442077637e-01,2.120011299848556519e-01,4.933235347270965576e-01,1.368106156587600708e-01,4.898023009300231934e-01,6.239771246910095215e-01,6.449111700057983398e-01,9.588716924190521240e-02,2.277614116668701172e+00,1.146583080291748047e+00,2.180620878934860229e-01,3.635625839233398438e-01,2.267837822437286377e-01,5.158620476722717285e-01,1.498013734817504883e-01,5.122339129447937012e-01,6.506860256195068359e-01,6.723219156265258789e-01,1.050111651420593262e-01,2.363400459289550781e+00,1.182705879211425781e+00,2.294526845216751099e-01,3.779372274875640869e-01,2.383745759725570679e-01,5.338812470436096191e-01,1.596421599388122559e-01,5.602447986602783203e-01,7.082383036613464355e-01,7.314475774765014648e-01
4.257095336914062500e+01,6.863949447870254517e-02,9.708468317985534668e-01,1.652853012084960938e+00,3.183368146419525146e-01,3.877711296081542969e-01,2.224923521280288696e-01,5.457575917243957520e-01,1.541206091642379761e-01,5.184947848320007324e-01,6.458861231803894043e-01,6.635864973068237305e-01,8.273494243621826172e-02,1.019612908363342285e+00,1.742377877235412598e+00,3.398892283439636230e-01,4.116848111152648926e-01,2.409917116165161133e-01,5.755142569541931152e-01,1.705874353647232056e-01,5.471965074539184570e-01,6.796868443489074707e-01,6.981296539306640625e-01,1.083435490727424622e-01,1.112778306007385254e+00,1.920522332191467285e+00,3.795795142650604248e-01,4.558916389942169189e-01,2.748817503452301025e-01,6.310066580772399902e-01,2.006425559520721436e-01,6.006397604942321777e-01,7.430751919746398926e-01,7.629750370979309082e-01
4.307178497314453125e+01,5.603090673685073853e-02,6.362643241882324219e-01,1.774112820625305176e+00,3.950720429420471191e-01,4.707936942577362061e-01,2.542279958724975586e-01,6.035902500152587891e-01,1.712952107191085815e-01,5.490238070487976074e-01,6.708404421806335449e-01,6.855123043060302734e-01,5.132480710744857788e-02,6.251115798950195312e-01,1.742335677146911621e+00,3.869189321994781494e-01,4.619547724723815918e-01,2.477615177631378174e-01,5.933022499084472656e-01,1.657601296901702881e-01,5.397374033927917480e-01,6.600480675697326660e-01,6.745300292968750000e-01,8.985526114702224731e-02,7.197518944740295410e-01,2.028269529342651367e+00,4.550309777259826660e-01,5.379670262336730957e-01,3.025370836257934570e-01,6.842507123947143555e-01,2.134104520082473755e-01,6.245307326316833496e-01,7.592190504074096680e-01,7.755135893821716309e-01
4.357262039184570312e+01,4.573835432529449463e-02,4.830872118473052979e-01,1.771273255348205566e+00,4.244104325771331787e-01,5.525786876678466797e-01,2.994846701622009277e-01,6.761842966079711914e-01,1.906914263963699341e-01,5.818520784378051758e-01,6.988475322723388672e-01,7.106930613517761230e-01,3.925472125411033630e-02,4.702041149139404297e-01,1.726932644844055176e+00,4.125009477138519287e-01,5.387322902679443359e-01,2.897289395332336426e-01,6.603108644485473633e-01,1.825949996709823608e-01,5.683307051658630371e-01,6.832725405693054199e-01,6.949011087417602539e-01,7.250100374221801758e-02,5.378291606903076172e-01,1.972634553909301758e+00,4.747856557369232178e-01,6.130784749984741211e-01,3.414162993431091309e-01,7.473714947700500488e-01,2.258846610784530640e-01,6.458637714385986328e-01,7.730265259742736816e-01,7.859447002410888672e-01
4.407345581054687500e+01,3.733647614717483521e-02,3.815657198429107666e-01,1.711478590965270996e+00,4.263052940368652344e-01,6.155360937118530273e-01,3.444343209266662598e-01,7.643405199050903320e-01,2.140583992004394531e-01,6.181616783142089844e-01,7.301808595657348633e-01,7.392075061798095703e-01,3.191501647233963013e-02,3.720318675041198730e-01,1.675194025039672852e+00,4.161469042301177979e-01,6.026354432106018066e-01,3.354718685150146484e-01,7.490379214286804199e-01,2.067679017782211304e-01,6.054468750953674316e-01,7.156588435173034668e-01,7.245342135429382324e-01,5.850688368082046509e-02,4.195181429386138916e-01,1.863992214202880859e+00,4.668190777301788330e-01,6.679584383964538574e-01,3.804264962673187256e-01,8.272447586059570312e-01,2.433262020349502563e-01,6.710800528526306152e-01,7.908927202224731445e-01,8.005714416503906250e-01
4.457429122924804688e+01,3.047797456383705139e-02,3.042911291122436523e-01,1.618757486343383789e+00,4.129197597503662109e-01,6.559942364692687988e-01,3.806698322296142578e-01,8.628278970718383789e-01,2.414240390062332153e-01,6.591355204582214355e-01,7.653608322143554688e-01,7.713161110877990723e-01,2.619664557278156281e-02,2.974727153778076172e-01,1.591511964797973633e+00,4.049247503280639648e-01,6.450620889663696289e-01,3.730559051036834717e-01,8.490267395973205566e-01,2.352684438228607178e-01,6.482114195823669434e-01,7.530014514923095703e-01,7.588734626770019531e-01,4.721304029226303101e-02,3.312815427780151367e-01,1.731177806854248047e+00,4.446798563003540039e-01,6.999143362045288086e-01,4.109939336776733398e-01,9.187022447586059570e-01,2.658631503582000732e-01,7.032771110534667969e-01,8.154662251472473145e-01,8.217672705650329590e-01
4.507512664794921875e+01,2.487933821976184845e-02,2.432655245065689087e-01,1.506951212882995605e+00,3.908129632472991943e-01,6.753539443016052246e-01,4.050109982490539551e-01,9.644665718078613281e-01,2.714821994304656982e-01,7.053806781768798828e-01,8.049759864807128906e-01,8.074529767036437988e-01,2.151049301028251648e-02,2.383346855640411377e-01,1.487035274505615234e+00,3.846476376056671143e-01,6.664357185363769531e-01,3.987295627593994141e-01,9.522271752357482910e-01,2.663362622261047363e-01,6.961615085601806641e-01,7.946538329124450684e-01,7.971025705337524414e-01,3.810872510075569153e-02,2.628168463706970215e-01,1.588437199592590332e+00,4.153507351875305176e-01,7.111662030220031738e-01,4.300663173198699951e-01,1.013987421989440918e+00,2.919499576091766357e-01,7.425257563591003418e-01,8.466669917106628418e-01,8.492603898048400879e-01
4.557595825195312500e+01,2.030916884541511536e-02,1.946384310722351074e-01,1.385596632957458496e+00,3.638483285903930664e-01,6.766867637634277344e-01,4.173033833503723145e-01,1.062472105026245117e+00,3.023504912853240967e-01,7.567667365074157715e-01,8.494960069656372070e-01,8.481208682060241699e-01,1.765699125826358795e-02,1.910175234079360962e-01,1.371239423751831055e+00,3.591357171535491943e-01,6.695833802223205566e-01,4.122221469879150391e-01,1.051743388175964355e+00,2.980588078498840332e-01,7.489863038063049316e-01,8.408756256103515625e-01,8.395131826400756836e-01,3.077896870672702789e-02,2.090307772159576416e-01,1.444060683250427246e+00,3.826563656330108643e-01,7.052553296089172363e-01,4.376350343227386475e-01,1.105960726737976074e+00,3.194881379604339600e-01,7.881776094436645508e-01,8.843603730201721191e-01,8.829325437545776367e-01
4.607679367065429688e+01,1.657848246395587921e-02,1.558005362749099731e-01,1.261420249938964844e+00,3.345177769660949707e-01,6.634908318519592285e-01,4.188357889652252197e-01,1.151411294937133789e+00,3.321413695812225342e-01,8.125497102737426758e-01,8.991563320159912109e-01,8.937594890594482422e-01,1.447741687297821045e-02,1.531047523021697998e-01,1.251155853271484375e+00,3.309315443038940430e-01,6.579340696334838867e-01,4.147899746894836426e-01,1.142134189605712891e+00,3.285742104053497314e-01,8.059709072113037109e-01,8.919359445571899414e-01,8.865799903869628906e-01,2.487025782465934753e-02,1.665380001068115234e-01,1.303094863891601562e+00,3.488660752773284912e-01,6.858793497085571289e-01,4.350743293762207031e-01,1.189086437225341797e+00,3.464411199092864990e-01,8.391876220703125000e-01,9.284316301345825195e-01,9.228667616844177246e-01
4.657762908935546875e+01,1.353310141712427139e-02,1.247571408748626709e-01,1.139078378677368164e+00,3.045018911361694336e-01,6.391757130622863770e-01,4.114603400230407715e-01,1.227428436279296875e+00,3.592664599418640137e-01,8.715951442718505859e-01,9.539157748222351074e-01,9.446372985839843750e-01,1.185686327517032623e-02,1.227267310023307800e-01,1.131776690483093262e+00,3.017794489860534668e-01,6.348900794982910156e-01,4.082806706428527832e-01,1.219530344009399414e+00,3.563176095485687256e-01,8.660271167755126953e-01,9.478486180305480957e-01,9.386275410652160645e-01,2.010258659720420837e-02,1.328577846288681030e-01,1.168677210807800293e+00,3.154203295707702637e-01,6.564751863479614258e-01,4.242587089538574219e-01,1.259558439254760742e+00,3.711298108100891113e-01,8.942080736160278320e-01,9.785814881324768066e-01,9.690669775009155273e-01
4.707846450805664062e+01,1.104713976383209229e-02,9.993321448564529419e-02,1.021676301956176758e+00,2.749375700950622559e-01,6.068249940872192383e-01,3.971387147903442383e-01,1.288156509399414062e+00,3.825536668300628662e-01,9.325996041297912598e-01,1.013472676277160645e+00,1.000794172286987305e+00,9.705952368676662445e-03,9.839064627885818481e-02,1.016495823860168457e+00,2.728732228279113770e-01,6.035557985305786133e-01,3.946656882762908936e-01,1.281539678573608398e+00,3.801324367523193359e-01,9.278874993324279785e-01,1.008358597755432129e+00,9.957444071769714355e-01,1.625264436006546021e-02,1.061009541153907776e-01,1.042670965194702148e+00,2.832384705543518066e-01,6.200479269027709961e-01,4.071193039417266846e-01,1.315114736557006836e+00,3.923259079456329346e-01,9.517856240272521973e-01,1.034310936927795410e+00,1.021369099617004395e+00
4.757929992675781250e+01,9.017839096486568451e-03,8.007568120956420898e-02,9.111720323562622070e-01,2.465755641460418701e-01,5.690945982933044434e-01,3.777162432670593262e-01,1.332495570182800293e+00,4.012541472911834717e-01,9.942603707313537598e-01,1.077310323715209961e+00,1.062028765678405762e+00,7.954249158501625061e-03,7.889620959758758545e-02,9.074975252151489258e-01,2.450101524591445923e-01,5.666202306747436523e-01,3.758076727390289307e-01,1.327036738395690918e+00,3.992802798748016357e-01,9.902752637863159180e-01,1.072987198829650879e+00,1.057769060134887695e+00,1.314142625778913498e-02,8.480694144964218140e-02,9.260729551315307617e-01,2.528886198997497559e-01,5.791207551956176758e-01,3.854363560676574707e-01,1.354758024215698242e+00,4.092416763305664062e-01,1.010509967803955078e+00,1.094950675964355469e+00,1.079409122467041016e+00
4.808013534545898438e+01,7.361317519098520279e-03,6.418562680482864380e-02,8.086850047111511230e-01,2.198868542909622192e-01,5.281860828399658203e-01,3.548173904418945312e-01,1.360353469848632812e+00,4.149960279464721680e-01,1.055387377738952637e+00,1.144754767417907715e+00,1.127919435501098633e+00,6.543084513396024704e-03,6.328003853559494019e-02,8.060742020606994629e-01,2.186982929706573486e-01,5.263223648071289062e-01,3.533521890640258789e-01,1.355912208557128906e+00,4.133979976177215576e-01,1.052020549774169922e+00,1.141089439392089844e+00,1.124311089515686035e+00,1.062447391450405121e-02,6.783640384674072266e-02,8.192846179008483887e-01,2.246941328048706055e-01,5.357460975646972656e-01,3.607538044452667236e-01,1.378465890884399414e+00,4.214739501476287842e-01,1.069113612174987793e+00,1.159706950187683105e+00,1.142636537551879883e+00
4.858096694946289062e+01,6.009097211062908173e-03,5.146611109375953674e-02,7.147324085235595703e-01,1.951397955417633057e-01,4.858647286891937256e-01,3.298088312149047852e-01,1.372394800186157227e+00,4.237162172794342041e-01,1.114966273307800293e+00,1.215033054351806641e+00,1.197865843772888184e+00,5.421740002930164337e-03,5.077033489942550659e-02,7.128697633743286133e-01,1.942346543073654175e-01,4.844636321067810059e-01,3.286865949630737305e-01,1.368823647499084473e+00,4.224294722080230713e-01,1.112123131752014160e+00,1.211914539337158203e+00,1.194795608520507812e+00,8.585002273321151733e-03,5.429537966847419739e-02,7.222990989685058594e-01,1.988075077533721924e-01,4.915452003479003906e-01,3.343554437160491943e-01,1.386931180953979492e+00,4.289303421974182129e-01,1.126523017883300781e+00,1.227713942527770996e+00,1.210350394248962402e+00
4.908180236816406250e+01,4.905262030661106110e-03,4.128095135092735291e-02,6.294054985046386719e-01,1.724570393562316895e-01,4.434990882873535156e-01,3.037975728511810303e-01,1.369814515113830566e+00,4.275882542133331299e-01,1.172185778617858887e+00,1.287328243255615234e+00,1.271142601966857910e+00,4.545240197330713272e-03,4.074900597333908081e-02,6.280673146247863770e-01,1.717642396688461304e-01,4.424445033073425293e-01,3.029376864433288574e-01,1.366968035697937012e+00,4.265557527542114258e-01,1.169783830642700195e+00,1.284665107727050781e+00,1.268516421318054199e+00,6.930609699338674545e-03,4.348026961088180542e-02,6.348324418067932129e-01,1.752624213695526123e-01,4.477599859237670898e-01,3.072714805603027344e-01,1.381338477134704590e+00,4.317561388015747070e-01,1.181879997253417969e+00,1.298081517219543457e+00,1.281743288040161133e+00
4.958263778686523438e+01,4.004194401204586029e-03,3.312251716852188110e-02,5.525071620941162109e-01,1.518598198890686035e-01,4.021151065826416016e-01,2.776510417461395264e-01,1.354146957397460938e+00,4.269548654556274414e-01,1.226436495780944824e+00,1.360820055007934570e+00,1.346945881843566895e+00,3.870137967169284821e-03,3.271691873669624329e-02,5.515344738960266113e-01,1.513243168592453003e-01,4.013168811798095703e-01,2.769888043403625488e-01,1.351890444755554199e+00,4.261261820793151855e-01,1.224407434463500977e+00,1.358538389205932617e+00,1.344690799713134766e+00,5.590381100773811340e-03,3.483647108078002930e-02,5.564212799072265625e-01,1.540119349956512451e-01,4.053103625774383545e-01,2.803026735782623291e-01,1.363183617591857910e+00,4.302654266357421875e-01,1.234536051750183105e+00,1.369929909706115723e+00,1.355948448181152344e+00
5.008347320556640625e+01,3.268646774813532829e-03,2.658532373607158661e-02,4.836486876010894775e-01,1.332993656396865845e-01,3.624492287635803223e-01,2.520250082015991211e-01,1.327112674713134766e+00,4.222699105739593506e-01,1.277297377586364746e+00,1.434722304344177246e+00,1.424443602561950684e+00,3.359462367370724678e-03,2.623359486460685730e-02,4.829245805740356445e-01,1.328761577606201172e-01,3.618368208408355713e-01,2.515076696872711182e-01,1.325326561927795410e+00,4.216006696224212646e-01,1.275598883628845215e+00,1.432780981063842773e+00,1.422518730163574219e+00,4.508046433329582214e-03,2.792388945817947388e-02,4.864890277385711670e-01,1.349553018808364868e-01,3.648471832275390625e-01,2.540488541126251221e-01,1.334130167961120605e+00,4.248843491077423096e-01,1.284036874771118164e+00,1.442428112030029297e+00,1.432084679603576660e+00
5.058430862426757812e+01,1.395871639251708984e+00,5.258757248520851135e-02,4.274805486202239990e-01,1.169600561261177063e-01,3.250358104705810547e-01,2.273981869220733643e-01,1.290499329566955566e+00,4.140506982803344727e-01,1.324512362480163574e+00,1.508306145668029785e+00,1.502812743186950684e+00,1.531161189079284668e+00,1.118686348199844360e-01,4.664230048656463623e-01,1.401172876358032227e-01,3.585214614868164062e-01,2.559241056442260742e-01,1.392933726310729980e+00,4.521127343177795410e-01,1.429930329322814941e+00,1.631725311279296875e+00,1.625672340393066406e+00,1.537845015525817871e+00,1.120402589440345764e-01,4.686443805694580078e-01,1.415675878524780273e-01,3.604180812835693359e-01,2.575506269931793213e-01,1.398981332778930664e+00,4.542962908744812012e-01,1.436177968978881836e+00,1.639085292816162109e+00,1.632997393608093262e+00
5.108514022827148438e+01,1.033918619155883789e+00,1.358332931995391846e-01,4.116021990776062012e-01,1.062156558036804199e-01,2.911936044692993164e-01,2.042747437953948975e-01,1.246104001998901367e+00,4.028421938419342041e-01,1.367963910102844238e+00,1.580917716026306152e+00,1.581270813941955566e+00,1.058395624160766602e+00,1.434016078710556030e-01,4.233307540416717529e-01,1.133961006999015808e-01,3.009977042675018311e-01,2.127966880798339844e-01,1.276029229164123535e+00,4.144274890422821045e-01,1.401266217231750488e+00,1.620555162429809570e+00,1.620918631553649902e+00,1.151642918586730957e+00,1.711583882570266724e-01,4.668004810810089111e-01,1.396811306476593018e-01,3.371420204639434814e-01,2.440993189811706543e-01,1.391030907630920410e+00,4.573371112346649170e-01,1.529925942420959473e+00,1.775188446044921875e+00,1.775597453117370605e+00
5.158597564697265625e+01,8.199241161346435547e-01,2.165000289678573608e-01,4.418480992317199707e-01,1.052041426301002502e-01,2.642939984798431396e-01,1.838575601577758789e-01,1.195944070816040039e+00,3.892194628715515137e-01,1.407653093338012695e+00,1.651988863945007324e+00,1.659099340438842773e+00,8.219196200370788574e-01,2.173576354980468750e-01,4.431934952735900879e-01,1.059611961245536804e-01,2.653822898864746094e-01,1.848033964633941650e-01,1.199366807937622070e+00,3.905683457851409912e-01,1.411974430084228516e+00,1.657235622406005859e+00,1.664373993873596191e+00,9.151691198348999023e-01,2.579316198825836182e-01,5.007043480873107910e-01,1.392735689878463745e-01,3.092280924320220947e-01,2.231153845787048340e-01,1.337297201156616211e+00,4.437873065471649170e-01,1.579364895820617676e+00,1.862709879875183105e+00,1.871022582054138184e+00
5.208681106567382812e+01,6.638195514678955078e-01,2.703303396701812744e-01,5.008091926574707031e-01,1.133725941181182861e-01,2.474577873945236206e-01,1.679723113775253296e-01,1.142658591270446777e+00,3.738614618778228760e-01,1.443700909614562988e+00,1.721044301986694336e+00,1.735657811164855957e+00,6.594096422195434570e-01,2.676984965801239014e-01,4.974666237831115723e-01,1.114739105105400085e-01,2.454013079404830933e-01,1.661179661750793457e-01,1.137363076210021973e+00,3.716226220130920410e-01,1.437562704086303711e+00,1.713442683219909668e+00,1.727973937988281250e+00,7.379714250564575195e-01,3.128137290477752686e-01,5.609906911849975586e-01,1.459398865699768066e-01,2.887980937957763672e-01,2.040508091449737549e-01,1.270016193389892578e+00,4.245052337646484375e-01,1.612250089645385742e+00,1.932618260383605957e+00,1.949649691581726074e+00
5.258764648437500000e+01,5.406277775764465332e-01,2.972803413867950439e-01,5.696704387664794922e-01,1.272257119417190552e-01,2.414555698633193970e-01,1.580073386430740356e-01,1.089450955390930176e+00,3.576122522354125977e-01,1.476386189460754395e+00,1.787719726562500000e+00,1.810399889945983887e+00,5.347045660018920898e-01,2.930307388305664062e-01,5.637444853782653809e-01,1.241755113005638123e-01,2.378376871347427368e-01,1.547310054302215576e-01,1.081156373023986816e+00,3.540231883525848389e-01,1.465905785560607910e+00,1.774455904960632324e+00,1.796919703483581543e+00,5.977326035499572754e-01,3.373537063598632812e-01,6.293174028396606445e-01,1.574919670820236206e-01,2.784749567508697510e-01,1.899847686290740967e-01,1.200145363807678223e+00,4.029636085033416748e-01,1.635652899742126465e+00,1.992136478424072266e+00,2.018350124359130859e+00
5.308848190307617188e+01,4.410318732261657715e-01,3.037323951721191406e-01,6.350984573364257812e-01,1.430173665285110474e-01,2.448333948850631714e-01,1.542323827743530273e-01,1.039527773857116699e+00,3.414282202720642090e-01,1.506173968315124512e+00,1.851784467697143555e+00,1.882892727851867676e+00,4.342494606971740723e-01,2.981295883655548096e-01,6.266355514526367188e-01,1.388358771800994873e-01,2.403199523687362671e-01,1.501438021659851074e-01,1.030772686004638672e+00,3.375269174575805664e-01,1.494654655456542969e+00,1.836892962455749512e+00,1.867674589157104492e+00,4.840872883796691895e-01,3.387618362903594971e-01,6.912388801574707031e-01,1.699777990579605103e-01,2.775316536426544189e-01,1.820244938135147095e-01,1.134346008300781250e+00,3.813529610633850098e-01,1.653831601142883301e+00,2.045434236526489258e+00,2.081017494201660156e+00
5.358931732177734375e+01,3.599515855312347412e-01,2.961848378181457520e-01,6.893081665039062500e-01,1.579221040010452271e-01,2.549279034137725830e-01,1.558523327112197876e-01,9.954870939254760742e-01,3.262342512607574463e-01,1.533698558807373047e+00,1.913159847259521484e+00,1.952836394309997559e+00,3.533893227577209473e-01,2.901792228221893311e-01,6.794604063034057617e-01,1.532054692506790161e-01,2.500426471233367920e-01,1.514630764722824097e-01,9.870054125785827637e-01,3.223676383495330811e-01,1.521983742713928223e+00,1.897701501846313477e+00,1.936954617500305176e+00,3.923963606357574463e-01,3.255525231361389160e-01,7.401976585388183594e-01,1.813854277133941650e-01,2.835778892040252686e-01,1.797728240489959717e-01,1.075974702835083008e+00,3.609341979026794434e-01,1.668296456336975098e+00,2.093328714370727539e+00,2.138187170028686523e+00
5.409014892578125000e+01,2.938159406185150146e-01,2.797923386096954346e-01,7.286221385002136230e-01,1.702012121677398682e-01,2.687866985797882080e-01,1.614261567592620850e-01,9.589578509330749512e-01,3.127762079238891602e-01,1.559694409370422363e+00,1.971919417381286621e+00,2.020079851150512695e+00,2.880876362323760986e-01,2.741495370864868164e-01,7.186711430549621582e-01,1.655337810516357422e-01,2.639801204204559326e-01,1.571677625179290771e-01,9.509199261665344238e-01,3.090514242649078369e-01,1.547996044158935547e+00,1.956179380416870117e+00,2.003826141357421875e+00,3.187565207481384277e-01,3.041360974311828613e-01,7.739727497100830078e-01,1.905851960182189941e-01,2.939327657222747803e-01,1.821032464504241943e-01,1.026706576347351074e+00,3.425425291061401367e-01,1.680277347564697266e+00,2.136411428451538086e+00,2.190180063247680664e+00
5.459098434448242188e+01,2.398400902748107910e-01,2.583230137825012207e-01,7.520858645439147949e-01,1.790010482072830200e-01,2.837387919425964355e-01,1.693059355020523071e-01,9.305302500724792480e-01,3.015295267105102539e-01,1.584904193878173828e+00,2.028271675109863281e+00,2.084625244140625000e+00,2.351285070180892944e-01,2.534379065036773682e-01,7.429294586181640625e-01,1.747537255287170410e-01,2.792980074882507324e-01,1.654353588819503784e-01,9.230196475982666016e-01,2.980130314826965332e-01,1.573365688323974609e+00,2.012465000152587891e+00,2.068226099014282227e+00,2.596353292465209961e-01,2.786735892295837402e-01,7.923917770385742188e-01,1.969115734100341797e-01,3.060450851917266846e-01,1.874687522649765015e-01,9.871491193771362305e-01,3.267598450183868408e-01,1.691125154495239258e+00,2.175670862197875977e+00,2.237773418426513672e+00
5.509181976318359375e+01,1.957819014787673950e-01,2.344239503145217896e-01,7.604191899299621582e-01,1.840877085924148560e-01,2.976604700088500977e-01,1.779497116804122925e-01,9.098904132843017578e-01,2.926778495311737061e-01,1.609990954399108887e+00,2.082521200180053711e+00,2.146611213684082031e+00,1.920118629932403564e-01,2.303803712129592896e-01,7.524603605270385742e-01,1.804028600454330444e-01,2.937060296535491943e-01,1.745559573173522949e-01,9.030017852783203125e-01,2.894361317157745361e-01,1.598821759223937988e+00,2.066970825195312500e+00,2.130407810211181641e+00,2.119688093662261963e-01,2.516454756259918213e-01,7.961721420288085938e-01,1.999871134757995605e-01,3.176034688949584961e-01,1.941253095865249634e-01,9.570881128311157227e-01,3.139203488826751709e-01,1.702277541160583496e+00,2.212541341781616211e+00,2.282274723052978516e+00
5.559265518188476562e+01,1.598177701234817505e-01,2.098973244428634644e-01,7.552843093872070312e-01,1.856213659048080444e-01,3.090450763702392578e-01,1.860931068658828735e-01,8.960519433021545410e-01,2.861444354057312012e-01,1.635475993156433105e+00,2.135029315948486328e+00,2.206286430358886719e+00,1.568195819854736328e-01,2.066165804862976074e-01,7.485878467559814453e-01,1.825003772974014282e-01,3.055943250656127930e-01,1.831682473421096802e-01,8.898558616638183594e-01,2.832246720790863037e-01,1.624898791313171387e+00,2.120088338851928711e+00,2.190659999847412109e+00,1.732469797134399414e-01,2.244935184717178345e-01,7.865799665451049805e-01,1.996902823448181152e-01,3.267895579338073730e-01,2.004914581775665283e-01,9.355312585830688477e-01,3.040338456630706787e-01,1.714998722076416016e+00,2.248561859130859375e+00,2.325186967849731445e+00
5.609349060058593750e+01,1.304601579904556274e-01,1.859270483255386353e-01,7.387927174568176270e-01,1.839884817600250244e-01,3.169630467891693115e-01,1.928115636110305786e-01,8.876084685325622559e-01,2.816525697708129883e-01,1.661708235740661621e+00,2.186169147491455078e+00,2.263972759246826172e+00,1.280680298805236816e-01,1.832831501960754395e-01,7.332552075386047363e-01,1.813709139823913574e-01,3.139844834804534912e-01,1.903076022863388062e-01,8.821259140968322754e-01,2.790720164775848389e-01,1.651898145675659180e+00,2.172135353088378906e+00,2.249246358871459961e+00,1.416089832782745361e-01,1.981882154941558838e-01,7.655551433563232422e-01,1.962462365627288818e-01,3.325197696685791016e-01,2.054691761732101440e-01,9.207916855812072754e-01,2.967548370361328125e-01,1.730020761489868164e+00,2.284825563430786133e+00,2.367624282836914062e+00
5.659432220458984375e+01,1.064955517649650574e-01,1.632523387670516968e-01,7.131837606430053711e-01,1.796849817037582397e-01,3.209698498249053955e-01,1.975137740373611450e-01,8.829618692398071289e-01,2.787963151931762695e-01,1.688860654830932617e+00,2.236290931701660156e+00,2.320024728775024414e+00,1.045746058225631714e-01,1.611237525939941406e-01,7.086576819419860840e-01,1.775020658969879150e-01,3.184181153774261475e-01,1.953768134117126465e-01,8.781701922416687012e-01,2.765462994575500488e-01,1.679917454719543457e+00,2.223355293273925781e+00,2.306411981582641602e+00,1.157156080007553101e-01,1.734403073787689209e-01,7.355389595031738281e-01,1.901799738407135010e-01,3.343829214572906494e-01,2.084721773862838745e-01,9.109132885932922363e-01,2.915509343147277832e-01,1.747488379478454590e+00,2.321807146072387695e+00,2.410115242004394531e+00
5.709515762329101562e+01,8.693293482065200806e-02,1.422969996929168701e-01,6.806241273880004883e-01,1.732393652200698853e-01,3.209982514381408691e-01,1.998982429504394531e-01,8.805038928985595703e-01,2.771059870719909668e-01,1.716948509216308594e+00,2.285696983337402344e+00,2.374795436859130859e+00,8.537203818559646606e-02,1.405701190233230591e-01,6.769506335258483887e-01,1.714223772287368774e-01,3.188263773918151855e-01,1.980794817209243774e-01,8.763545751571655273e-01,2.751619517803192139e-01,1.708914518356323242e+00,2.273963928222656250e+00,2.362418889999389648e+00,9.453675895929336548e-02,1.506966501474380493e-01,6.989592313766479492e-01,1.821037530899047852e-01,3.324002921581268311e-01,2.092643827199935913e-01,9.040336012840270996e-01,2.878614664077758789e-01,1.767213463783264160e+00,2.359650135040283203e+00,2.452885389328002930e+00
5.759599304199218750e+01,7.096385210752487183e-02,1.232664361596107483e-01,6.430942416191101074e-01,1.651646643877029419e-01,3.172534704208374023e-01,1.998945474624633789e-01,8.787468671798706055e-01,2.761024832725524902e-01,1.745857357978820801e+00,2.334621191024780273e+00,2.428604364395141602e+00,6.966879963874816895e-02,1.218367964029312134e-01,6.401175260543823242e-01,1.636471003293991089e-01,3.154138922691345215e-01,1.983489394187927246e-01,8.751799464225769043e-01,2.744326889514923096e-01,1.738739013671875000e+00,2.324135541915893555e+00,2.417520523071289062e+00,7.720544189214706421e-02,1.301312297582626343e-01,6.579119563102722168e-01,1.725672632455825806e-01,3.268294334411621094e-01,2.078124433755874634e-01,8.985057473182678223e-01,2.851487100124359131e-01,1.788911581039428711e+00,2.398447513580322266e+00,2.496133804321289062e+00
5.809682846069335938e+01,5.792818963527679443e-02,1.062171086668968201e-01,6.023289561271667480e-01,1.559303700923919678e-01,3.101211488246917725e-01,1.976032257080078125e-01,8.764072060585021973e-01,2.753375768661499023e-01,1.775378823280334473e+00,2.383225202560424805e+00,2.481716871261596680e+00,5.685087665915489197e-02,1.050345376133918762e-01,5.999296307563781738e-01,1.546655744314193726e-01,3.085734546184539795e-01,1.962957233190536499e-01,8.733601570129394531e-01,2.739101946353912354e-01,1.769123554229736328e+00,2.373940944671630859e+00,2.471884727478027344e+00,6.304634362459182739e-02,1.118100732564926147e-01,6.141774058341979980e-01,1.620627194643020630e-01,3.180838823318481445e-01,2.042374312877655029e-01,8.929365277290344238e-01,2.829222381114959717e-01,1.812193870544433594e+00,2.438178062438964844e+00,2.539956092834472656e+00
5.859766387939453125e+01,4.728709906339645386e-02,9.110777825117111206e-02,5.597972869873046875e-01,1.459481865167617798e-01,3.000922203063964844e-01,1.932409405708312988e-01,8.724491000175476074e-01,2.744204998016357422e-01,1.805244207382202148e+00,2.431595802307128906e+00,2.534332752227783203e+00,4.638722911477088928e-02,9.012724459171295166e-02,5.578708052635192871e-01,1.448958218097686768e-01,2.987976670265197754e-01,1.921392679214477539e-01,8.698624372482299805e-01,2.732053995132446289e-01,1.799788117408752441e+00,2.423439741134643555e+00,2.525681257247924805e+00,5.148799717426300049e-02,9.566454589366912842e-02,5.692022442817687988e-01,1.510010361671447754e-01,3.066594898700714111e-01,1.987588107585906982e-01,8.862137198448181152e-01,2.807587087154388428e-01,1.836656332015991211e+00,2.478782892227172852e+00,2.584418773651123047e+00
5.909849929809570312e+01,3.860071301460266113e-02,7.783602178096771240e-02,5.167055130004882812e-01,1.355667561292648315e-01,2.877040803432464600e-01,1.870944947004318237e-01,8.660982847213745117e-01,2.730326652526855469e-01,1.835155010223388672e+00,2.479752540588378906e+00,2.586579322814941406e+00,3.784427791833877563e-02,7.701855152845382690e-02,5.151615142822265625e-01,1.346911936998367310e-01,2.866262793540954590e-01,1.861692667007446289e-01,8.639155030250549316e-01,2.720019221305847168e-01,1.830427408218383789e+00,2.472638130187988281e+00,2.579022169113159180e+00,4.204868152737617493e-02,8.154676854610443115e-02,5.241298079490661621e-01,1.397120207548141479e-01,2.930827140808105469e-01,1.916546523571014404e-01,8.775014281272888184e-01,2.783104777336120605e-01,1.861899495124816895e+00,2.520174741744995117e+00,2.629544019699096680e+00
5.959933090209960938e+01,3.151001781225204468e-02,6.626418977975845337e-02,4.740151464939117432e-01,1.250724345445632935e-01,2.734978497028350830e-01,1.794844269752502441e-01,8.568332791328430176e-01,2.709331512451171875e-01,1.864808201789855957e+00,2.527654886245727539e+00,2.638514995574951172e+00,3.086869791150093079e-02,6.557714194059371948e-02,4.727774560451507568e-01,1.243430227041244507e-01,2.726032435894012451e-01,1.787089407444000244e-01,8.550017476081848145e-01,2.700611948966979980e-01,1.860738396644592285e+00,2.521489620208740234e+00,2.631955623626708984e+00,3.433826193213462830e-02,6.928408890962600708e-02,4.798517227172851562e-01,1.284608691930770874e-01,2.778768539428710938e-01,1.832321137189865112e-01,8.662275075912475586e-01,2.753114700317382812e-01,1.887529373168945312e+00,2.562205076217651367e+00,2.675287485122680664e+00
6.010016632080078125e+01,2.572179213166236877e-02,5.623712390661239624e-02,4.324668347835540771e-01,1.146930009126663208e-01,2.579879462718963623e-01,1.707374155521392822e-01,8.443621993064880371e-01,2.679571807384490967e-01,1.893916249275207520e+00,2.575216293334960938e+00,2.690135240554809570e+00,2.517050132155418396e-02,5.565183982253074646e-02,4.314719736576080322e-01,1.140833571553230286e-01,2.572462558746337891e-01,1.700874716043472290e-01,8.428329825401306152e-01,2.672207951545715332e-01,1.890434622764587402e+00,2.569908380508422852e+00,2.684480428695678711e+00,2.803900837898254395e-02,5.869265273213386536e-02,4.370414912700653076e-01,1.174544021487236023e-01,2.615351378917694092e-01,1.738023012876510620e-01,8.520569801330566406e-01,2.715752124786376953e-01,1.913178086280822754e+00,2.604686975479125977e+00,2.721542358398437500e+00
6.060100173950195312e+01,2.099683135747909546e-02,4.759488999843597412e-02,3.926109373569488525e-01,1.046041101217269897e-01,2.416434884071350098e-01,1.611674278974533081e-01,8.285923004150390625e-01,2.640100419521331787e-01,1.922219038009643555e+00,2.622313022613525391e+00,2.741380453109741211e+00,2.051062881946563721e-02,4.708365350961685181e-02,3.918063342571258545e-01,1.040914133191108704e-01,2.410274446010589600e-01,1.606211960315704346e-01,8.273201584815979004e-01,2.633883059024810791e-01,1.919264316558837891e+00,2.617776632308959961e+00,2.736540794372558594e+00,2.289058081805706024e-02,4.958735033869743347e-02,3.961886763572692871e-01,1.068483665585517883e-01,2.445042133331298828e-01,1.636628210544586182e-01,8.348580002784729004e-01,2.669877111911773682e-01,1.938514590263366699e+00,2.647404432296752930e+00,2.768157958984375000e+00
6.110183715820312500e+01,1.713982038199901581e-02,4.018049314618110657e-02,3.548352122306823730e-01,9.493576735258102417e-02,2.248771637678146362e-01,1.510627567768096924e-01,8.095939755439758301e-01,2.590580284595489502e-01,1.949493646621704102e+00,2.668797492980957031e+00,2.792147874832153320e+00,1.669405214488506317e-02,3.971740230917930603e-02,3.541782200336456299e-01,9.450080990791320801e-02,2.243631631135940552e-01,1.506010144948959351e-01,8.085385560989379883e-01,2.585322558879852295e-01,1.947008013725280762e+00,2.664956092834472656e+00,2.788043260574340820e+00,1.867987960577011108e-02,4.179006442427635193e-02,3.576279878616333008e-01,9.675461798906326294e-02,2.271750122308731079e-01,1.530858129262924194e-01,8.146654963493347168e-01,2.614983320236206055e-01,1.963255524635314941e+00,2.690128087997436523e+00,2.814943552017211914e+00
6.160267257690429688e+01,1.399133913218975067e-02,3.384505212306976318e-02,3.193928301334381104e-01,8.577929437160491943e-02,2.080406844615936279e-01,1.406787037849426270e-01,7.875658869743347168e-01,2.531181871891021729e-01,1.975558400154113770e+00,2.714509248733520508e+00,2.842304229736328125e+00,1.356088183820247650e-02,3.340591117739677429e-02,3.188501000404357910e-01,8.540638536214828491e-02,2.076085507869720459e-01,1.402850151062011719e-01,7.866914868354797363e-01,2.526721954345703125e-01,1.973490476608276367e+00,2.711291313171386719e+00,2.838860511779785156e+00,1.523535605520009995e-02,3.513757139444351196e-02,3.215695619583129883e-01,8.724930137395858765e-02,2.098794728517532349e-01,1.423118859529495239e-01,7.916467785835266113e-01,2.551092803478240967e-01,1.987160801887512207e+00,2.732618808746337891e+00,2.861685514450073242e+00
6.210350418090820312e+01,1.142123248428106308e-02,2.845068089663982391e-02,2.864278554916381836e-01,7.719399034976959229e-02,1.914247423410415649e-01,1.302342265844345093e-01,7.628018260002136230e-01,2.462477236986160278e-01,2.000273227691650391e+00,2.759283781051635742e+00,2.891695022583007812e+00,1.097626890987157822e-02,2.801018022000789642e-02,2.859730720520019531e-01,7.687035948038101196e-02,1.910575926303863525e-01,1.298945248126983643e-01,7.620777487754821777e-01,2.458675205707550049e-01,1.998579502105712891e+00,2.756628274917602539e+00,2.888848781585693359e+00,1.241640932857990265e-02,2.947964146733283997e-02,2.881219983100891113e-01,7.837869226932525635e-02,1.928906887769699097e-01,1.315469890832901001e-01,7.660665512084960938e-01,2.478647530078887939e-01,2.010041713714599609e+00,2.774641036987304688e+00,2.908156394958496094e+00
6.260433959960937500e+01,9.323220700025558472e-03,2.387189492583274841e-02,2.559969425201416016e-01,6.921290606260299683e-02,1.752614527940750122e-01,1.199109777808189392e-01,7.356589436531066895e-01,2.385336160659790039e-01,2.023539781570434570e+00,2.802961587905883789e+00,2.940156698226928711e+00,8.826681412756443024e-03,2.340620383620262146e-02,2.556099891662597656e-01,6.892859190702438354e-02,1.749455928802490234e-01,1.196137294173240662e-01,7.350592613220214844e-01,2.382077127695083618e-01,2.022182464599609375e+00,2.800818204879760742e+00,2.937855720520019531e+00,1.010659057646989822e-02,2.467908896505832672e-02,2.573129832744598389e-01,7.016438990831375122e-02,1.764251589775085449e-01,1.209607198834419250e-01,7.382551431655883789e-01,2.398401200771331787e-01,2.031755924224853516e+00,2.815975904464721680e+00,2.954128980636596680e+00
6.310517501831054688e+01,7.610600441694259644e-03,1.999626308679580688e-02,2.280901074409484863e-01,6.184865906834602356e-02,1.597299873828887939e-01,1.098552867770195007e-01,7.065334320068359375e-01,2.300836592912673950e-01,2.045296430587768555e+00,2.845392465591430664e+00,2.987524032592773438e+00,7.020706776529550552e-03,1.948948018252849579e-02,2.277526557445526123e-01,6.159318983554840088e-02,1.594518125057220459e-01,1.095884293317794800e-01,7.060331702232360840e-01,2.297999113798141479e-01,2.044247388839721680e+00,2.843722581863403320e+00,2.985728502273559570e+00,8.209989406168460846e-03,2.061340585350990295e-02,2.291086465120315552e-01,6.260892748832702637e-02,1.606484204530715942e-01,1.106887459754943848e-01,7.085850238800048828e-01,2.311328500509262085e-01,2.052204608917236328e+00,2.856420040130615234e+00,2.999384403228759766e+00
6.360601043701171875e+01,6.212577223777770996e-03,1.672400347888469696e-02,2.026465684175491333e-01,5.509778484702110291e-02,1.449618786573410034e-01,1.001805216073989868e-01,6.758375763893127441e-01,2.210180908441543579e-01,2.065515041351318359e+00,2.886441230773925781e+00,3.033637762069702148e+00,5.552607122808694839e-03,1.609433069825172424e-02,2.023249715566635132e-01,5.484624207019805908e-02,1.446956396102905273e-01,9.991846978664398193e-02,6.753975152969360352e-01,2.207524627447128296e-01,2.064771175384521484e+00,2.885251760482788086e+00,3.032355785369873047e+00,6.646417547017335892e-03,1.717309094965457916e-02,2.034286558628082275e-01,5.569946393370628357e-02,1.456800699234008789e-01,1.008348315954208374e-01,6.774467825889587402e-01,2.218536436557769775e-01,2.071328878402709961e+00,2.895796775817871094e+00,3.043716192245483398e+00
6.410684204101562500e+01,5.071369931101799011e-03,1.396743673831224442e-02,1.795687228441238403e-01,4.894481971859931946e-02,1.310476213693618774e-01,9.097071737051010132e-02,6.439825892448425293e-01,2.114629745483398438e-01,2.084197044372558594e+00,2.925990581512451172e+00,3.078350067138671875e+00,4.549276549369096756e-03,1.282340940088033676e-02,1.791968643665313721e-01,4.864272475242614746e-02,1.307438313961029053e-01,9.066147357225418091e-02,6.435449123382568359e-01,2.111739069223403931e-01,2.083826780319213867e+00,2.925399541854858398e+00,3.077710390090942383e+00,5.347528960555791855e-03,1.426086761057376862e-02,1.801592856645584106e-01,4.941193014383316040e-02,1.316004097461700439e-01,9.147454798221588135e-02,6.452329754829406738e-01,2.121202945709228516e-01,2.089104652404785156e+00,2.933951377868652344e+00,3.086940765380859375e+00
6.460768127441406250e+01,4.139783326536417007e-03,1.164997927844524384e-02,1.587328463792800903e-01,4.336538165807723999e-02,1.180424839258193970e-01,8.228398859500885010e-02,6.113640666007995605e-01,2.015443891286849976e-01,3.064470052719116211e+00,3.136951923370361328e+00,3.150095939636230469e+00,3.989521879702806473e-03,9.099288843572139740e-03,1.582247018814086914e-01,4.293889924883842468e-02,1.176407635211944580e-01,8.185734599828720093e-02,6.109063029289245605e-01,2.012127935886383057e-01,3.064740896224975586e+00,3.137236356735229492e+00,3.150382280349731445e+00,4.209707491099834442e-03,1.174809690564870834e-02,1.590913385152816772e-01,4.365837946534156799e-02,1.183833256363868713e-01,8.258903771638870239e-02,6.121775507926940918e-01,2.019733935594558716e-01,3.070618391036987305e+00,3.143323183059692383e+00,3.156506776809692383e+00
6.510851287841796875e+01,3.379333997145295143e-03,9.705349802970886230e-03,1.399996727705001831e-01,3.832929953932762146e-02,1.059734597802162170e-01,7.415704429149627686e-02,5.783539414405822754e-01,1.913846582174301147e-01,2.801279544830322266e+00,3.324273347854614258e+00,3.319486141204833984e+00,3.036134410649538040e-03,4.914538934826850891e-03,1.395141631364822388e-01,3.791620954871177673e-02,1.056261137127876282e-01,7.378771901130676270e-02,5.780699253082275391e-01,1.911622136831283569e-01,2.802273511886596680e+00,3.325564861297607422e+00,3.320775270462036133e+00,3.261476755142211914e-03,9.647000581026077271e-03,1.402183771133422852e-01,3.850894048810005188e-02,1.061955615878105164e-01,7.434725761413574219e-02,5.789442658424377441e-01,1.916894167661666870e-01,2.805860042572021484e+00,3.330204010009765625e+00,3.325402736663818359e+00
6.560935211181640625e+01,2.758565125986933708e-03,8.076280355453491211e-03,1.232198029756546021e-01,3.380227461457252502e-02,9.484366327524185181e-02,6.660804152488708496e-02,5.452910065650939941e-01,1.810984015464782715e-01,2.654990911483764648e+00,3.409574747085571289e+00,3.469125509262084961e+00,1.595557318069040775e-03,2.054419368505477905e-03,1.230919957160949707e-01,3.368746489286422729e-02,9.477636218070983887e-02,6.653282046318054199e-02,5.453280210494995117e-01,1.810999661684036255e-01,2.656119346618652344e+00,3.411220550537109375e+00,3.470815420150756836e+00,2.472002292051911354e-03,7.874014787375926971e-03,1.233043447136878967e-01,3.386685624718666077e-02,9.494837373495101929e-02,6.668087095022201538e-02,5.456786751747131348e-01,1.812796145677566528e-01,2.658654689788818359e+00,3.414911985397338867e+00,3.474607229232788086e+00
6.611018371582031250e+01,2.251835307106375694e-03,6.713723298162221909e-03,1.082412078976631165e-01,2.974815480411052704e-02,8.463849872350692749e-02,5.964085459709167480e-02,5.124798417091369629e-01,1.707913428544998169e-01,2.571718692779541016e+00,3.465057373046875000e+00,3.580661058425903320e+00,9.430812206119298935e-04,1.120201428420841694e-03,1.082408353686332703e-01,2.973989024758338928e-02,8.465979248285293579e-02,5.965519696474075317e-02,5.125866532325744629e-01,1.708450913429260254e-01,2.572706460952758789e+00,3.466603040695190430e+00,3.582288742065429688e+00,1.862313714809715748e-03,6.284805946052074432e-03,1.081506460905075073e-01,2.965102158486843109e-02,8.459455519914627075e-02,5.955597385764122009e-02,5.126523971557617188e-01,1.708246469497680664e-01,2.574866771697998047e+00,3.469987154006958008e+00,3.585848331451416016e+00
6.661101531982421875e+01,1.838188269175589085e-03,5.575676914304494858e-03,9.491188824176788330e-02,2.612977102398872375e-02,7.532887905836105347e-02,5.324739962816238403e-02,4.801850616931915283e-01,1.605577319860458374e-01,2.524947166442871094e+00,3.508275985717773438e+00,3.663067579269409180e+00,6.721214158460497856e-04,7.698327535763382912e-04,9.492648392915725708e-02,2.613414078950881958e-02,7.535739988088607788e-02,5.326927080750465393e-02,4.802805483341217041e-01,1.606076657772064209e-01,2.525774955749511719e+00,3.509631872177124023e+00,3.664518356323242188e+00,1.500705489888787270e-03,4.565685521811246872e-03,9.460031241178512573e-02,2.581948414444923401e-02,7.510585337877273560e-02,5.296741053462028503e-02,4.801366329193115234e-01,1.604206413030624390e-01,2.527875661849975586e+00,3.513080358505249023e+00,3.668205976486206055e+00
6.711185455322265625e+01,1.500520505942404270e-03,4.626381210982799530e-03,8.308377116918563843e-02,2.291022427380084991e-02,6.687543541193008423e-02,4.741067066788673401e-02,4.486328363418579102e-01,1.504802256822586060e-01,2.499779462814331055e+00,3.544641494750976562e+00,3.725887775421142578e+00,5.331595893949270248e-04,5.890144966542720795e-04,8.308184891939163208e-02,2.289695478975772858e-02,6.688890606164932251e-02,4.741658642888069153e-02,4.486985802650451660e-01,1.505113989114761353e-01,2.500475645065307617e+00,3.545815944671630859e+00,3.727157354354858398e+00,8.530582999810576439e-04,1.933246385306119919e-03,8.280981332063674927e-02,2.262488007545471191e-02,6.677025556564331055e-02,4.731030389666557312e-02,4.488350152969360352e-01,1.505938470363616943e-01,2.502490282058715820e+00,3.549220085144042969e+00,3.730838060379028320e+00
6.761268615722656250e+01,1.224884646944701672e-03,3.835512325167655945e-03,7.261548936367034912e-02,2.005373500287532806e-02,5.923207476735115051e-02,4.210731014609336853e-02,4.180128574371337891e-01,1.406300514936447144e-01,2.487393856048583984e+00,3.576407909393310547e+00,3.775778532028198242e+00,4.503675154410302639e-04,4.761460004374384880e-04,7.257962226867675781e-02,2.000216208398342133e-02,5.921953916549682617e-02,4.208456724882125854e-02,4.180435240268707275e-01,1.406358480453491211e-01,2.487992763519287109e+00,3.577441215515136719e+00,3.776902437210083008e+00,1.210586196975782514e-04,2.644641790539026260e-04,7.272527366876602173e-02,2.014304883778095245e-02,5.936489626765251160e-02,4.222849383950233459e-02,4.183200001716613770e-01,1.408155858516693115e-01,2.489723205566406250e+00,3.580422878265380859e+00,3.780150413513183594e+00
6.811352539062500000e+01,9.998781606554985046e-04,3.177348058670759201e-03,6.337267160415649414e-02,1.752586290240287781e-02,5.234757810831069946e-02,3.730898350477218628e-02,3.884769082069396973e-01,1.310661137104034424e-01,2.482477903366088867e+00,3.604760408401489258e+00,3.816992282867431641e+00,3.950027457904070616e-04,3.970161196775734425e-04,6.328422576189041138e-02,1.741009019315242767e-02,5.229891464114189148e-02,3.724500164389610291e-02,3.884693384170532227e-01,1.310412883758544922e-01,2.483017206192016602e+00,3.605706930160522461e+00,3.818027257919311523e+00,9.118199159274809062e-06,2.049740578513592482e-05,6.346148997545242310e-02,1.759673468768596649e-02,5.245186015963554382e-02,3.739918768405914307e-02,3.887128829956054688e-01,1.312067508697509766e-01,2.484447956085205078e+00,3.608208179473876953e+00,3.820764780044555664e+00
6.861435699462890625e+01,8.162067970260977745e-04,2.630206290632486343e-03,5.523019656538963318e-02,1.529421936720609665e-02,4.616870731115341187e-02,3.298464417457580566e-02,3.601450026035308838e-01,1.218368187546730042e-01,2.481823682785034180e+00,3.630403041839599609e+00,3.852178573608398438e+00,3.538699820637702942e-04,3.370633348822593689e-04,5.506484583020210266e-02,1.507560350000858307e-02,4.607277736067771912e-02,3.286504372954368591e-02,3.600974678993225098e-01,1.217769682407379150e-01,2.482343196868896484e+00,3.631326675415039062e+00,3.853192567825317383e+00,1.246490114681364503e-06,1.768360789355938323e-06,5.525769293308258057e-02,1.530372910201549530e-02,4.622165486216545105e-02,3.302128612995147705e-02,3.603044450283050537e-01,1.219252422451972961e-01,2.483485460281372070e+00,3.633345842361450195e+00,3.855410814285278320e+00
6.911518859863281250e+01,6.662746891379356384e-04,2.175790257751941681e-03,4.807166382670402527e-02,1.332840416580438614e-02,4.064106568694114685e-02,2.910132892429828644e-02,3.331051766872406006e-01,1.129796802997589111e-01,2.483500480651855469e+00,3.653784751892089844e+00,3.882989168167114258e+00,3.200906794518232346e-04,2.890390460379421711e-04,4.780187457799911499e-02,1.295331958681344986e-02,4.048832133412361145e-02,2.891293354332447052e-02,3.330191671848297119e-01,1.128832548856735229e-01,2.484039545059204102e+00,3.654751777648925781e+00,3.884052515029907227e+00,4.436305403032747563e-07,3.380681050657585729e-07,4.804617539048194885e-02,1.328020822256803513e-02,4.065060615539550781e-02,2.909188903868198395e-02,3.332051038742065430e-01,1.130261719226837158e-01,2.484910488128662109e+00,3.656305074691772461e+00,3.885762691497802734e+00
6.961602783203125000e+01,5.438831285573542118e-04,1.798721845261752605e-03,4.179007187485694885e-02,1.160027086734771729e-02,3.571077436208724976e-02,2.562546543776988983e-02,3.074180185794830322e-01,1.045227423310279846e-01,2.486355781555175781e+00,3.675205707550048828e+00,3.910460948944091797e+00,2.904997672885656357e-04,2.491808554623275995e-04,4.139132797718048096e-02,1.099513005465269089e-02,3.550078719854354858e-02,2.536648325622081757e-02,3.073036968708038330e-01,1.043972447514533997e-01,2.486944437026977539e+00,3.676270484924316406e+00,3.911634445190429688e+00,1.618541460857159109e-07,1.068918464852686157e-07,4.171436280012130737e-02,1.148962136358022690e-02,3.568390756845474243e-02,2.557623572647571564e-02,3.074742257595062256e-01,1.045377850532531738e-01,2.487563371658325195e+00,3.677380561828613281e+00,3.912858724594116211e+00
7.011685943603515625e+01,4.439757904037833214e-04,1.486105495132505894e-03,3.628788888454437256e-02,1.008400041610002518e-02,3.132558241486549377e-02,2.252381294965744019e-02,2.831209301948547363e-01,9.648576378822326660e-02,2.489709854125976562e+00,3.694877624511718750e+00,3.935256242752075195e+00,2.638721780385822058e-04,2.153047826141119003e-04,3.574373573064804077e-02,9.139601141214370728e-03,3.107320144772529602e-02,2.221423014998435974e-02,2.829985022544860840e-01,9.634974598884582520e-02,2.490369796752929688e+00,3.696080207824707031e+00,3.936584472656250000e+00,6.091989490641935845e-08,3.852534646853200684e-08,3.615810349583625793e-02,9.906345978379249573e-03,3.126172721385955811e-02,2.243333123624324799e-02,2.831377387046813965e-01,9.646983444690704346e-02,2.490761756896972656e+00,3.696785211563110352e+00,3.937365293502807617e+00
7.061769866943359375e+01,3.624202217906713486e-04,1.227121334522962570e-03,3.147621825337409973e-02,8.755927905440330505e-03,2.743513882160186768e-02,1.976376213133335114e-02,1.044613361358642578e+00,1.404528975486755371e+00,3.171271800994873047e+00,3.832693815231323242e+00,3.982885122299194336e+00,1.736062404233962297e-04,1.549139851704239845e-04,2.987473644316196442e-02,3.743832930922508240e-03,2.713448740541934967e-02,1.840516179800033569e-02,1.045019984245300293e+00,1.405026674270629883e+00,3.173432588577270508e+00,3.835600852966308594e+00,3.985975980758666992e+00,2.287445788340392028e-08,1.435614915834548810e-08,2.999700233340263367e-02,3.555105533450841904e-03,2.719222381711006165e-02,1.899056509137153625e-02,1.045166373252868652e+00,1.405238866806030273e+00,3.173982858657836914e+00,3.836337804794311523e+00,3.986759662628173828e+00
7.111853027343750000e+01,2.958460536319762468e-04,1.012727967463433743e-03,2.727490477263927460e-02,7.594616618007421494e-03,2.399188838899135590e-02,1.731409318745136261e-02,1.226913571357727051e+00,7.492901086807250977e-01,3.336347818374633789e+00,4.027966499328613281e+00,4.107399940490722656e+00,1.650700287427753210e-04,1.375495630782097578e-04,2.571618370711803436e-02,3.282889723777770996e-03,2.367943525314331055e-02,1.559704355895519257e-02,1.227246761322021484e+00,7.494418621063232422e-01,3.338497877120971680e+00,4.030862331390380859e+00,4.110386848449707031e+00,8.727910838501884427e-09,5.426147087206345532e-09,2.530773729085922241e-02,1.988809788599610329e-03,2.348977513611316681e-02,1.620455831289291382e-02,1.227519750595092773e+00,7.496199607849121094e-01,3.339394807815551758e+00,4.032065868377685547e+00,4.111629486083984375e+00
7.161936187744140625e+01,2.415011258563026786e-04,8.353691082447767258e-04,2.361177280545234680e-02,6.580673623830080032e-03,2.095116674900054932e-02,1.514512021094560623e-02,1.180119276046752930e+00,5.143620967864990234e-01,3.331236600875854492e+00,4.173559188842773438e+00,4.259079456329345703e+00,1.496432669227942824e-04,1.190723123727366328e-04,2.193091064691543579e-02,2.750546205788850784e-03,2.060013264417648315e-02,1.243332587182521820e-02,1.180250763893127441e+00,5.143515467643737793e-01,3.333524465560913086e+00,4.176830768585205078e+00,4.262460231781005859e+00,3.344603927146749811e-09,2.071749660714772290e-09,2.141153439879417419e-02,1.335908891633152962e-03,2.020929008722305298e-02,1.332478132098913193e-02,1.180477857589721680e+00,5.144656896591186523e-01,3.334339857101440430e+00,4.177993774414062500e+00,4.263661384582519531e+00
7.212020111083984375e+01,1.971383608179166913e-04,6.887400522828102112e-04,2.042211778461933136e-02,5.696651060134172440e-03,1.827142387628555298e-02,1.322895567864179611e-02,1.075224280357360840e+00,4.109209179878234863e-01,3.297597885131835938e+00,4.282168865203857422e+00,4.401570320129394531e+00,1.351740647805854678e-04,1.029933337122201920e-04,1.866247504949569702e-02,2.366010099649429321e-03,1.783908903598785400e-02,9.690039791166782379e-03,1.075242638587951660e+00,4.108508825302124023e-01,3.299915313720703125e+00,4.285678386688232422e+00,4.405239582061767578e+00,1.283849471178655222e-09,7.941277080369957275e-10,1.808910071849822998e-02,1.023776479996740818e-03,1.735164225101470947e-02,1.053362060338258743e-02,1.075361371040344238e+00,4.108985960483551025e-01,3.300679683685302734e+00,4.286833763122558594e+00,4.406448841094970703e+00
7.262103271484375000e+01,1.609253231436014175e-04,5.675936117768287659e-04,1.764831691980361938e-02,4.926955327391624451e-03,1.591443642973899841e-02,1.153971813619136810e-02,9.628221988677978516e-01,3.509399592876434326e-01,3.268304109573364258e+00,4.368702888488769531e+00,4.524678707122802734e+00,1.209831534652039409e-04,8.873277693055570126e-05,1.580778323113918304e-02,2.075697295367717743e-03,1.532066892832517624e-02,7.580194622278213501e-03,9.627987146377563477e-01,3.508518338203430176e-01,3.270568609237670898e+00,4.372294902801513672e+00,4.528479576110839844e+00,4.931348662751133816e-10,3.048671592953411391e-10,1.525227725505828857e-02,8.313763537444174290e-04,1.487406529486179352e-02,7.980501279234886169e-03,9.628731608390808105e-01,3.508787155151367188e-01,3.271317005157470703e+00,4.373478889465332031e+00,4.529734611511230469e+00
7.312187194824218750e+01,1.313639659201726317e-04,4.675553063862025738e-04,1.523892674595117569e-02,4.257621243596076965e-03,1.384500227868556976e-02,1.005338970571756363e-02,8.571292757987976074e-01,3.073253631591796875e-01,3.248021364212036133e+00,4.441083908081054688e+00,4.628831863403320312e+00,1.069554855348542333e-04,7.599007221870124340e-05,1.326179504394531250e-02,1.855007023550570011e-03,1.299561560153961182e-02,6.050896365195512772e-03,8.570657372474670410e-01,3.072150349617004395e-01,3.250210285186767578e+00,4.444684028625488281e+00,4.632683753967285156e+00,1.894575052396874071e-10,1.171040486802610303e-10,1.281571108847856522e-02,6.939439917914569378e-04,1.269390992820262909e-02,5.827676970511674881e-03,8.571771383285522461e-01,3.072730898857116699e-01,3.250928640365600586e+00,4.445863723754882812e+00,4.633946895599365234e+00
7.362270355224609375e+01,1.072333543561398983e-04,3.849946369882673025e-04,1.314846053719520569e-02,3.676265943795442581e-03,1.203117333352565765e-02,8.748024702072143555e-03,7.614638805389404297e-01,2.715098559856414795e-01,3.235101699829101562e+00,4.503260612487792969e+00,4.717101097106933594e+00,9.338205563835799694e-05,6.466205377364531159e-05,1.098958682268857956e-02,1.684243325144052505e-03,1.079382561147212982e-02,4.954824224114418030e-03,7.613574266433715820e-01,2.713720202445983887e-01,3.237227678298950195e+00,4.506862163543701172e+00,4.720986366271972656e+00,7.279486041733562729e-11,4.499146194492098516e-11,1.070922054350376129e-02,5.882692639715969563e-04,1.075615826994180679e-02,4.169116728007793427e-03,7.615250349044799805e-01,2.714754343032836914e-01,3.237876892089843750e+00,4.507955074310302734e+00,4.722165584564208984e+00
7.412354278564453125e+01,8.753508154768496752e-05,3.168901894241571426e-04,1.133653428405523300e-02,3.171866759657859802e-03,1.044384296983480453e-02,7.603508885949850082e-03,6.759420037269592285e-01,2.405793219804763794e-01,3.227209091186523438e+00,4.557408809661865234e+00,4.792556285858154297e+00,8.059934771154075861e-05,5.468321251100860536e-05,8.985118009150028229e-03,1.546539249829947948e-03,8.699650876224040985e-03,4.150576889514923096e-03,6.758246421813964844e-01,2.404354810714721680e-01,3.229284048080444336e+00,4.561007499694824219e+00,4.796464443206787109e+00,2.797025458467494730e-11,1.728680913692937082e-11,8.883940987288951874e-03,5.024247802793979645e-04,9.035240858793258667e-03,2.990290056914091110e-03,6.759994626045227051e-01,2.405502796173095703e-01,3.229828596115112305e+00,4.561945438385009766e+00,4.797484874725341797e+00
7.462437438964843750e+01,7.145549898268654943e-05,2.607393253128975630e-04,9.767624549567699432e-03,2.734705107286572456e-03,9.056834504008293152e-03,6.601657718420028687e-03,5.998139977455139160e-01,2.133719027042388916e-01,3.222522974014282227e+00,4.604904651641845703e+00,4.857649803161621094e+00,6.887958443257957697e-05,4.598844316205941141e-05,7.184250745922327042e-03,1.436805119737982750e-03,6.861686240881681442e-03,3.538877470418810844e-03,5.997281074523925781e-01,2.132539302110671997e-01,3.224536657333374023e+00,4.608464241027832031e+00,4.861536026000976562e+00,1.074739342660224750e-11,6.642287414537761947e-12,7.308629341423511505e-03,4.292057419661432505e-04,7.515845354646444321e-03,2.191650914028286934e-03,5.998494029045104980e-01,2.133336961269378662e-01,3.224975347518920898e+00,4.609236717224121094e+00,4.862380027770996094e+00
7.512520599365234375e+01,5.832962051499634981e-05,2.144641184713691473e-04,8.410371840000152588e-03,2.356182551011443138e-03,7.846543565392494202e-03,5.725991912186145782e-03,5.321495532989501953e-01,1.892858743667602539e-01,3.219816684722900391e+00,4.646734237670898438e+00,4.914240360260009766e+00,5.836701529915444553e-05,3.848514461424201727e-05,5.523476283997297287e-03,1.347335521131753922e-03,5.445190705358982086e-03,3.067107405513525009e-03,5.321105122566223145e-01,1.892074048519134521e-01,3.221740722656250000e+00,4.650188922882080078e+00,4.918028831481933594e+00,4.129634134653059618e-12,2.552258751564728811e-12,5.959513131529092789e-03,3.649765567388385534e-04,6.181314587593078613e-03,1.652810722589492798e-03,5.321565866470336914e-01,1.892317086458206177e-01,3.222101926803588867e+00,4.650834083557128906e+00,4.918737411499023438e+00
7.562604522705078125e+01,4.761472155223600566e-05,1.763434847816824913e-04,7.237230893224477768e-03,2.028731629252433777e-03,6.791828200221061707e-03,4.961688071489334106e-03,4.720426797866821289e-01,1.679174900054931641e-01,3.218307495117187500e+00,4.683664798736572266e+00,4.963730812072753906e+00,4.910098869004286826e-05,3.206517067155800760e-05,4.077992867678403854e-03,1.251013833098113537e-03,4.424438811838626862e-03,2.693124581128358841e-03,4.720459282398223877e-01,1.678779423236846924e-01,3.220108032226562500e+00,4.686941146850585938e+00,4.967338085174560547e+00,1.586770970694872940e-12,9.806789711894192685e-13,4.812020808458328247e-03,3.086641663685441017e-04,5.015111062675714493e-03,1.277808798477053642e-03,4.720253646373748779e-01,1.678488999605178833e-01,3.220429420471191406e+00,4.687523841857910156e+00,4.967978954315185547e+00
7.612687683105468750e+01,3.886822014464996755e-05,1.449541014153510332e-04,6.224094890058040619e-03,1.745717134326696396e-03,5.873858928680419922e-03,4.295491147786378860e-03,4.186661541461944580e-01,1.489483863115310669e-01,3.217510223388671875e+00,4.716318130493164062e+00,5.007196426391601562e+00,4.105256812181323767e-05,2.661576945683918893e-05,2.980873454362154007e-03,1.129944808781147003e-03,3.661320777609944344e-03,2.370106754824519157e-03,4.187016487121582031e-01,1.489418596029281616e-01,3.219157934188842773e+00,4.719350337982177734e+00,5.010544776916503906e+00,6.097101989954722967e-13,3.768217020968384068e-13,3.838366130366921425e-03,2.602517197374254465e-04,4.006654955446720123e-03,1.004396937787532806e-03,4.186341166496276855e-01,1.488720476627349854e-01,3.219476222991943359e+00,4.719936847686767578e+00,5.011190891265869141e+00
7.662771606445312500e+01,3.172828655806370080e-05,1.191165210912004113e-04,5.349795799702405930e-03,1.501302234828472137e-03,5.075814202427864075e-03,3.715516999363899231e-03,3.712736070156097412e-01,1.321062743663787842e-01,3.217128515243530273e+00,4.745219230651855469e+00,5.045487403869628906e+00,3.414926322875544429e-05,2.202308860432822257e-05,2.234220271930098534e-03,9.972847765311598778e-04,3.061302937567234039e-03,2.074463292956352234e-03,3.713279068470001221e-01,1.321225762367248535e-01,3.218604087829589844e+00,4.747960567474365234e+00,5.048523426055908203e+00,2.342752456873514744e-13,1.447900772801741232e-13,3.009141189977526665e-03,2.196541754528880119e-04,3.151908749714493752e-03,7.962379022501409054e-04,3.712367117404937744e-01,1.320300698280334473e-01,3.218946456909179688e+00,4.748599052429199219e+00,5.049230575561523438e+00
7.712854766845703125e+01,2.590000985946971923e-05,9.785717702470719814e-05,4.595887381583452225e-03,1.290393411181867123e-03,4.382815212011337280e-03,3.211217932403087616e-03,3.292018175125122070e-01,1.171537190675735474e-01,3.216983318328857422e+00,4.770813465118408203e+00,5.079289436340332031e+00,2.829578079399652779e-05,1.817879638110753149e-05,1.741301501169800758e-03,8.716242737136781216e-04,2.583919093012809753e-03,1.805637730285525322e-03,3.292632400989532471e-01,1.171828582882881165e-01,3.218280315399169922e+00,4.773245334625244141e+00,5.081988334655761719e+00,9.001932771250664711e-14,5.563500100067356180e-14,2.296781865879893303e-03,1.861320633906871080e-04,2.448852173984050751e-03,6.331622716970741749e-04,3.291673362255096436e-01,1.170835718512535095e-01,3.218660593032836914e+00,4.773961067199707031e+00,5.082782268524169922e+00
7.762937927246093750e+01,2.114234666805714369e-05,8.037059888010844588e-05,3.946234937757253647e-03,1.108528347685933113e-03,3.781651845201849937e-03,2.773201558738946915e-03,2.918581962585449219e-01,1.038798168301582336e-01,3.216967105865478516e+00,4.793488502502441406e+00,5.109172821044921875e+00,2.337516525585670024e-05,1.497713310527615249e-05,1.407462521456182003e-03,7.608150481246411800e-04,2.204465679824352264e-03,1.567080384120345116e-03,2.919189333915710449e-01,1.039143726229667664e-01,3.218090534210205078e+00,4.795610904693603516e+00,5.111532688140869141e+00,3.458956279495280228e-14,2.137752594302128051e-14,1.677959458902478218e-03,1.582969998707994819e-04,1.890543149784207344e-03,5.044579738751053810e-04,2.918298542499542236e-01,1.038189306855201721e-01,3.218511343002319336e+00,4.796408176422119141e+00,5.112419605255126953e+00
7.813021850585937500e+01,1.725857873680070043e-05,6.599176413146778941e-05,3.386784577742218971e-03,9.518143488094210625e-04,3.260660683736205101e-03,2.393150934949517250e-03,2.587155103683471680e-01,9.209741652011871338e-02,3.217016458511352539e+00,4.813581943511962891e+00,5.135615825653076172e+00,1.926644108607433736e-05,1.232135400641709566e-05,1.170356292277574539e-03,6.652824813500046730e-04,1.901665236800909042e-03,1.359181944280862808e-03,2.587714791297912598e-01,9.213281422853469849e-02,3.217978477478027344e+00,4.815412044525146484e+00,5.137654781341552734e+00,1.329070588394071217e-14,8.214107935229208318e-15,1.137965940870344639e-03,1.336566492682322860e-04,1.459647552110254765e-03,4.036966711282730103e-04,2.586951255798339844e-01,9.204760193824768066e-02,3.218434095382690430e+00,4.816282749176025391e+00,5.138624668121337891e+00
7.863105010986328125e+01,1.408828575222287327e-05,5.417241118266247213e-05,2.905328059569001198e-03,8.168666390702128410e-04,2.809585072100162506e-03,2.063733525574207306e-03,2.293062806129455566e-01,8.164066076278686523e-02,3.217094898223876953e+00,4.831388473510742188e+00,5.159029006958007812e+00,1.585350037203170359e-05,1.012550728773931041e-05,9.929423686116933823e-04,5.828881985507905483e-04,1.657379791140556335e-03,1.179711893200874329e-03,2.293557524681091309e-01,8.167431503534317017e-02,3.217910528182983398e+00,4.832950115203857422e+00,5.160772800445556641e+00,5.106899705366579195e-15,3.156237884981497044e-15,6.777739035896956921e-04,1.081655864254571497e-04,1.125012175180017948e-03,3.248573339078575373e-04,2.292953878641128540e-01,8.160411566495895386e-02,3.218395709991455078e+00,4.833879947662353516e+00,5.161808013916015625e+00
7.913188934326171875e+01,1.150032039731740952e-05,4.445952072273939848e-05,2.491226885467767715e-03,7.007311214692890644e-04,2.419375348836183548e-03,1.778463600203394890e-03,2.032128870487213135e-01,7.236140221357345581e-02,3.217182159423828125e+00,4.847170352935791016e+00,5.179768562316894531e+00,1.302819964621448889e-05,8.313641956192441285e-06,8.533770451322197914e-04,5.111160571686923504e-04,1.457055332139134407e-03,1.025224686600267887e-03,2.032554298639297485e-01,7.239203155040740967e-02,3.217869520187377930e+00,4.848492145538330078e+00,5.181246280670166016e+00,1.962277183190780372e-15,1.212753927670566240e-15,3.205544489901512861e-04,7.724959868937730789e-05,8.419716032221913338e-04,2.596037520561367273e-04,2.032136321067810059e-01,7.234081625938415527e-02,3.218372821807861328e+00,4.849462985992431641e+00,5.182329654693603516e+00
7.963272094726562500e+01,9.387797035742551088e-06,3.648022538982331753e-05,2.135271439328789711e-03,6.008483469486236572e-04,2.082113409414887428e-03,1.531654153950512409e-03,1.800655722618103027e-01,6.412850320339202881e-02,3.217266559600830078e+00,4.861156463623046875e+00,5.198142051696777344e+00,1.069642985385144129e-05,6.821609986218390986e-06,7.389451493509113789e-04,4.479700874071568251e-04,1.289656967855989933e-03,8.921541739255189896e-04,1.801016777753829956e-01,6.415568292140960693e-02,3.217842340469360352e+00,4.862268447875976562e+00,5.199386596679687500e+00,7.539970188498153290e-16,4.659958112066637723e-16,1.032018044497817755e-04,4.152222754782997072e-05,5.645924247801303864e-04,1.964694674825295806e-04,1.800810843706130981e-01,6.412709504365921021e-02,3.218353271484375000e+00,4.863258838653564453e+00,5.200493335723876953e+00
8.013355255126953125e+01,7.663326869078446180e-06,2.992669215018395334e-05,1.829454908147454262e-03,5.149903008714318275e-04,1.790839363820850849e-03,1.318295369856059551e-03,1.595342308282852173e-01,5.682485550642013550e-02,3.217342615127563477e+00,4.873550415039062500e+00,5.214423179626464844e+00,8.775525202509015799e-06,5.594365575234405696e-06,6.420179270207881927e-04,3.919525770470499992e-04,1.146799535490572453e-03,7.771163946017622948e-04,1.595644950866699219e-01,5.684847757220268250e-02,3.217822551727294922e+00,4.874481678009033203e+00,5.215465068817138672e+00,2.897203139491633626e-16,1.790570078724957226e-16,2.207248871854972094e-05,1.421650722477352247e-05,2.938259858638048172e-04,1.269458443857729435e-04,1.595681011676788330e-01,5.684586241841316223e-02,3.218326568603515625e+00,4.875461101531982422e+00,5.216560840606689453e+00
8.063439178466796875e+01,6.255610060179606080e-06,2.454547029628884047e-05,1.566844875924289227e-03,4.412261187098920345e-04,1.539468299597501755e-03,1.133998855948448181e-03,1.413256078958511353e-01,5.034641921520233154e-02,3.217408180236816406e+00,4.884533882141113281e+00,5.228849411010742188e+00,7.195469606813276187e-06,4.585938313539372757e-06,5.581514560617506504e-04,3.420700668357312679e-04,1.022331882268190384e-03,6.771952030248939991e-04,1.413507610559463501e-01,5.036669224500656128e-02,3.217807769775390625e+00,4.885311126708984375e+00,5.229718685150146484e+00,1.113222447700722823e-16,6.880093273755528874e-17,5.257628799881786108e-06,3.675981133710592985e-06,1.038992195390164852e-04,6.058518192730844021e-05,1.413751840591430664e-01,5.038594454526901245e-02,3.218285322189331055e+00,4.886240482330322266e+00,5.230759143829345703e+00
8.113522338867187500e+01,5.106499429530231282e-06,2.012805998674593866e-05,1.341453404165804386e-03,3.778865502681583166e-04,1.322695519775152206e-03,9.749316377565264702e-04,1.251797080039978027e-01,4.460094869136810303e-02,3.217463016510009766e+00,4.894265174865722656e+00,5.241632461547851562e+00,5.897529263165779412e-06,3.758131242648232728e-06,4.847521486226469278e-04,2.976683899760246277e-04,9.118383168242871761e-04,5.899847019463777542e-04,1.252005845308303833e-01,4.461823776364326477e-02,3.217793703079223633e+00,4.894911766052246094e+00,5.242357730865478516e+00,4.277512413167276458e-17,2.643648061895795091e-17,1.714916606943006627e-06,1.090663658942503389e-06,2.478721216903068125e-05,1.939493449754081666e-05,1.252316236495971680e-01,4.464519396424293518e-02,3.218227863311767578e+00,4.895760059356689453e+00,5.243308067321777344e+00
8.163606262207031250e+01,4.168458417552756146e-06,1.650256672292016447e-05,1.148089068010449409e-03,3.235229814890772104e-04,1.135880243964493275e-03,8.377350168302655220e-04,1.108644977211952209e-01,3.950609266757965088e-02,3.217507362365722656e+00,4.902886867523193359e+00,5.252959251403808594e+00,4.831949354411335662e-06,3.078835561609594151e-06,4.201820120215415955e-04,2.582414890639483929e-04,8.122079307213425636e-04,5.135260289534926414e-04,1.108817383646965027e-01,3.952071070671081543e-02,3.217782020568847656e+00,4.903424739837646484e+00,5.253561973571777344e+00,1.643592987891840035e-17,1.015796321060839173e-17,6.209126581779855769e-07,3.859074979573051678e-07,5.866078936378471553e-06,4.917106707580387592e-06,1.109099388122558594e-01,3.954581916332244873e-02,3.218166828155517578e+00,4.904178142547607422e+00,5.254407405853271484e+00
8.213689422607421875e+01,3.402741867830627598e-06,1.352777326246723533e-05,9.822787251323461533e-04,2.768863341771066189e-04,9.749911841936409473e-04,7.194867357611656189e-04,9.817456454038619995e-02,3.498896211385726929e-02,3.217542648315429688e+00,4.910523891448974609e+00,5.262994289398193359e+00,3.957933131459867582e-06,2.521816895750816911e-06,3.634123131632804871e-04,2.234068524558097124e-04,7.214928627945482731e-04,4.463281948119401932e-04,9.818880259990692139e-02,3.500129282474517822e-02,3.217770338058471680e+00,4.910970687866210938e+00,5.263497829437255859e+00,6.315440018010192165e-18,3.903156358678949042e-18,2.335223854288415168e-07,1.445657460408256156e-07,2.009727722906973213e-06,1.429929625373915769e-06,9.821283072233200073e-02,3.502294793725013733e-02,3.218106746673583984e+00,4.911633014678955078e+00,5.264240741729736328e+00
8.263772583007812500e+01,2.777681402221787721e-06,1.108736523747211322e-05,8.401531958952546120e-04,2.368952264077961445e-04,8.365131216123700142e-04,6.176343886181712151e-04,8.692678809165954590e-02,3.098454140126705170e-02,3.217569351196289062e+00,4.917288780212402344e+00,5.271884918212890625e+00,3.241251533836475573e-06,2.065152784780366346e-06,3.136131272185593843e-04,1.927781122503802180e-04,6.385036394931375980e-04,3.872097295243293047e-04,8.693849295377731323e-02,3.099481016397476196e-02,3.217758655548095703e+00,4.917661190032958984e+00,5.272303581237792969e+00,2.426682392253953676e-18,1.499772232160587374e-18,8.905362847144715488e-08,5.507595801645948086e-08,8.060162599576869980e-07,5.172549322196573485e-07,8.695886284112930298e-02,3.101340308785438538e-02,3.218052864074707031e+00,4.918239593505859375e+00,5.272953987121582031e+00
8.313856506347656250e+01,2.267433274028007872e-06,9.085722922463901341e-06,7.183760753832757473e-04,2.026165166171267629e-04,7.173922494985163212e-04,5.299578770063817501e-04,7.695850729942321777e-02,2.743508853018283844e-02,3.217589378356933594e+00,4.923280239105224609e+00,5.279760360717773438e+00,2.653808223840314895e-06,1.690878889348823577e-06,2.700905606616288424e-04,1.659841655055060983e-04,5.626311758533120155e-04,3.352469066157937050e-04,7.696806639432907104e-02,2.744351141154766083e-02,3.217746734619140625e+00,4.923592090606689453e+00,5.280109882354736328e+00,9.324293159354732410e-19,5.762730030218717661e-19,3.412777971334435279e-08,2.109842611730528006e-08,3.373027084307977930e-07,2.081714853829907952e-07,7.698545604944229126e-02,2.745960652828216553e-02,3.218001842498779297e+00,4.924096584320068359e+00,5.280676364898681641e+00
8.363939666748046875e+01,1.850920966717239935e-06,7.444325092365033925e-06,6.140768527984619141e-04,1.732468226691707969e-04,6.149827968329191208e-04,4.545308765955269337e-04,6.812566518783569336e-02,2.428944222629070282e-02,3.217603683471679688e+00,4.928586006164550781e+00,5.286735534667968750e+00,2.172543645428959280e-06,1.384266965942515526e-06,2.322099753655493259e-04,1.426583330612629652e-04,4.935814649797976017e-04,2.896795922424644232e-04,6.813322007656097412e-02,2.429596148431301117e-02,3.217735767364501953e+00,4.928847789764404297e+00,5.287029266357421875e+00,3.582822187866510406e-19,2.214305889631283488e-19,1.310144526200929249e-08,8.098160364511386433e-09,1.425233335794473533e-07,8.676260421225379105e-08,6.814832985401153564e-02,2.431027218699455261e-02,3.217957258224487305e+00,4.929284572601318359e+00,5.287520408630371094e+00
8.414023590087890625e+01,1.510914216851233505e-06,6.098543963162228465e-06,5.247765802778303623e-04,1.480919163441285491e-04,5.269842222332954407e-04,3.896764246746897697e-04,6.029972434043884277e-02,2.150196023285388947e-02,3.217612981796264648e+00,4.933283329010009766e+00,5.292912960052490234e+00,1.778257455953280441e-06,1.133075215875578579e-06,1.993430341826751828e-04,1.224233128596097231e-04,4.311486554797738791e-04,2.498314424883574247e-04,6.030516326427459717e-02,2.150615490972995758e-02,3.217725276947021484e+00,4.933504104614257812e+00,5.293159961700439453e+00,1.376664802750698510e-19,8.508256349863413267e-20,5.032504191149200778e-09,3.110418811402837491e-09,6.011090647461969638e-08,3.644227319909987273e-08,6.031882390379905701e-02,2.151967957615852356e-02,3.217915773391723633e+00,4.933881282806396484e+00,5.293585300445556641e+00
8.464106750488281250e+01,1.233372586284531280e-06,4.995380095351720229e-06,4.483479715418070555e-04,1.265556056750938296e-04,4.514099273364990950e-04,3.339447430334985256e-04,4.904706776142120361e-01,1.604097008705139160e+00,3.602017879486083984e+00,4.973801136016845703e+00,5.302334785461425781e+00,1.454224388908187393e-06,9.266465212931507267e-07,1.334889966528862715e-04,9.139729809248819947e-05,2.385654661338776350e-04,1.801755133783444762e-04,4.904855787754058838e-01,1.604142069816589355e+00,3.602161407470703125e+00,4.974044322967529297e+00,5.302605628967285156e+00,5.289779304480837886e-20,3.269263350053917051e-20,1.930257953475233990e-09,1.193670384758149794e-09,2.385663044890407036e-08,1.486154310725851246e-08,4.904994368553161621e-01,1.604184627532958984e+00,3.602294921875000000e+00,4.974267005920410156e+00,5.302852630615234375e+00
8.514190673828125000e+01,1.006807337944337633e-06,4.091195478395093232e-06,3.829537599813193083e-04,1.081227310351096094e-04,3.865335020236670971e-04,2.860743552446365356e-04,8.418152928352355957e-01,7.345049977302551270e-01,3.894912719726562500e+00,5.132709980010986328e+00,5.368977546691894531e+00,1.190569037134991959e-06,7.586750712107459549e-07,1.310159568674862385e-04,8.459429955109953880e-05,2.570109209045767784e-04,1.694260863587260246e-04,8.418316245079040527e-01,7.345194220542907715e-01,3.895028114318847656e+00,5.132891178131103516e+00,5.369174003601074219e+00,2.032546585578165710e-20,1.256182973852023666e-20,7.414917013726096684e-10,4.583372570365895626e-10,9.943925682875942584e-09,6.063541668765992654e-09,8.418521285057067871e-01,7.345377206802368164e-01,3.895172834396362305e+00,5.133118152618408203e+00,5.369417190551757812e+00
8.564273834228515625e+01,8.218635230150539428e-07,3.350250381117803045e-06,3.270207380410283804e-04,9.235191100742667913e-05,3.308684972580522299e-04,2.449780004099011421e-04,8.667001724243164062e-01,4.415951967239379883e-01,3.922952890396118164e+00,5.262104511260986328e+00,5.479738235473632812e+00,9.742145721247652546e-07,6.208310878719203174e-07,1.128075527958571911e-04,7.264778832904994488e-05,2.248954115202650428e-04,1.463510270696133375e-04,8.667138814926147461e-01,4.416032731533050537e-01,3.923048496246337891e+00,5.262259960174560547e+00,5.479905605316162109e+00,7.809978426403563646e-21,4.826831922690980495e-21,2.848775937369651956e-10,1.760754320123680827e-10,4.124732111421280933e-09,2.508341534479541224e-09,8.667317628860473633e-01,4.416141510009765625e-01,3.923172950744628906e+00,5.262460231781005859e+00,5.480118751525878906e+00
8.614356994628906250e+01,6.708926321152830496e-07,2.743157665463513695e-06,2.791936858557164669e-04,7.886272214818745852e-05,2.831270685419440269e-04,2.097129035973921418e-04,8.022114634513854980e-01,3.269907236099243164e-01,3.896228551864624023e+00,5.354838371276855469e+00,5.592967987060546875e+00,7.971079298840777483e-07,5.079862717138894368e-07,9.771416807780042291e-05,6.254442268982529640e-05,1.977195497602224350e-04,1.264578895643353462e-04,8.022220730781555176e-01,3.269963860511779785e-01,3.896307706832885742e+00,5.354970455169677734e+00,5.593108177185058594e+00,3.000952495360389060e-21,1.854690596586082218e-21,1.094575680093967662e-10,6.765024651578244175e-11,1.704900109977813827e-09,1.036327024195315971e-09,8.022363185882568359e-01,3.270041942596435547e-01,3.896412372589111328e+00,5.355145931243896484e+00,5.593298435211181641e+00
8.664440917968750000e+01,5.476522915159875993e-07,2.245802761535742320e-06,2.383089740760624409e-04,6.732835754519328475e-05,2.421978715574368834e-04,1.794645359041169286e-04,7.191050648689270020e-01,2.694905996322631836e-01,3.866780996322631836e+00,5.425333499908447266e+00,5.692651748657226562e+00,6.521305522255715914e-07,4.156092359153262805e-07,8.479437383357435465e-05,5.388094359659589827e-05,1.744867186062037945e-04,1.093742030207067728e-04,7.191129922866821289e-01,2.694950699806213379e-01,3.866844892501831055e+00,5.425443649291992188e+00,5.692770957946777344e+00,1.153087047595632135e-21,7.126469453312711043e-22,4.205723616590439917e-11,2.599305666539653004e-11,7.017666447950432485e-10,4.267531883428432593e-10,7.191241383552551270e-01,2.695010602474212646e-01,3.866933584213256836e+00,5.425599575042724609e+00,5.692939281463623047e+00
8.714524078369140625e+01,4.470521162147633731e-07,1.838419620980857871e-06,2.033695491263642907e-04,5.746866372646763921e-05,2.071238995995372534e-04,1.535309565952047706e-04,6.378405690193176270e-01,2.319867610931396484e-01,3.844674348831176758e+00,5.482401847839355469e+00,5.776566028594970703e+00,5.334857746674970258e-07,3.400075172521610511e-07,7.350085070356726646e-05,4.638089376385323703e-05,1.539817312732338905e-04,9.458181011723354459e-05,6.378464698791503906e-01,2.319901138544082642e-01,3.844725131988525391e+00,5.482493877410888672e+00,5.776666641235351562e+00,4.430690664279878163e-22,2.738317198268225886e-22,1.616021552686142115e-11,9.987598421912213809e-12,2.876794080730604719e-10,1.750709160974750489e-10,6.378551721572875977e-01,2.319950610399246216e-01,3.844801902770996094e+00,5.482630252838134766e+00,5.776815414428710938e+00
8.764608001708984375e+01,3.649307416253577685e-07,1.504768192717165221e-06,1.735178666422143579e-04,4.904256275040097535e-05,1.770780800143256783e-04,1.313049870077520609e-04,5.637372136116027832e-01,2.029096037149429321e-01,3.829741954803466797e+00,5.530412673950195312e+00,5.846758842468261719e+00,4.363750463198812213e-07,2.781256682737875963e-07,6.356222002068534493e-05,3.986762385466136038e-05,1.355428685201331973e-04,8.170045475708320737e-05,5.637416243553161621e-01,2.029122561216354370e-01,3.829784870147705078e+00,5.530489444732666016e+00,5.846843719482421875e+00,1.702450059670583394e-22,1.052172073093219376e-22,6.209391507916439679e-12,3.837620325686241785e-12,1.174804420411845740e-10,7.155186859675310984e-11,5.637484788894653320e-01,2.029163092374801636e-01,3.829848766326904297e+00,5.530609607696533203e+00,5.846974372863769531e+00
8.814691162109375000e+01,2.978950988108408637e-07,1.231544160873454530e-06,1.480199425714090466e-04,4.184363569947890937e-05,1.026673614978790283e-01,2.000348567962646484e+00,6.830685734748840332e-01,1.824220567941665649e-01,3.820107698440551758e+00,5.571633338928222656e+00,5.905879974365234375e+00,3.563347945600980893e-07,2.271733308134571416e-07,3.745818685274571180e-05,2.826763738994486630e-05,9.427972882986068726e-02,1.939378023147583008e+00,6.801698207855224609e-01,1.790497153997421265e-01,3.835437059402465820e+00,5.600359916687011719e+00,5.937578201293945312e+00,6.541595608842859025e-23,4.042928232020152011e-23,2.385903323867677450e-12,1.474578597247810929e-12,9.305634349584579468e-02,1.931174039840698242e+00,6.798875927925109863e-01,1.785443574190139771e-01,3.837509393692016602e+00,5.604265213012695312e+00,5.941885471343994141e+00
8.864774322509765625e+01,2.431737016195256729e-07,1.007830292110156734e-06,1.262459118152037263e-04,3.569466571207158267e-05,3.955686092376708984e-01,8.570724129676818848e-01,1.317487955093383789e+00,2.893303334712982178e-01,3.839619159698486328e+00,5.610411643981933594e+00,5.956666469573974609e+00,2.918249606409517583e-07,1.860174450030172011e-07,4.434567017597146332e-05,2.855149796232581139e-05,3.955699205398559570e-01,8.570746779441833496e-01,1.317491769790649414e+00,2.893314361572265625e-01,3.839635610580444336e+00,5.610442161560058594e+00,5.956700325012207031e+00,2.513581738868996507e-23,1.553478852647133564e-23,9.167737098983441690e-13,5.665978211784328256e-13,3.940976858139038086e-01,8.544493913650512695e-01,1.313480496406555176e+00,2.879899442195892334e-01,3.841560602188110352e+00,5.614051342010498047e+00,5.960692882537841797e+00
8.914858245849609375e+01,1.985037840768200113e-07,8.246737479566945694e-07,1.076558546628803015e-04,3.044368531845975667e-05,3.758359849452972412e-01,4.694186151027679443e-01,1.462718367576599121e+00,3.880953788757324219e-01,3.905941247940063477e+00,5.658774375915527344e+00,6.005397319793701172e+00,2.386472885973489610e-07,1.521260628578602336e-07,3.799701516982167959e-05,2.439889794914051890e-05,3.758365213871002197e-01,4.694191217422485352e-01,1.462720155715942383e+00,3.880957663059234619e-01,3.905956745147705078e+00,5.658802032470703125e+00,6.005426883697509766e+00,9.658196034298185714e-24,5.969093138628007943e-24,3.522613787037415234e-13,2.177095309585652672e-13,3.758355975151062012e-01,4.694179892539978027e-01,1.462717533111572266e+00,3.880944848060607910e-01,3.905971050262451172e+00,5.658828735351562500e+00,6.005456447601318359e+00
8.964941406250000000e+01,1.620400951196643291e-07,6.747433189957519062e-07,9.178813343169167638e-05,2.596070771687664092e-05,2.992768585681915283e-01,3.033742606639862061e-01,1.462226390838623047e+00,4.337834417819976807e-01,3.988301038742065430e+00,5.719776153564453125e+00,6.059463500976562500e+00,1.951589467807934852e-07,1.244072507233795477e-07,3.281381941633298993e-05,2.092633621941786259e-05,2.992771267890930176e-01,3.033744096755981445e-01,1.462227463722229004e+00,4.337834417819976807e-01,3.988314390182495117e+00,5.719800472259521484e+00,6.059489250183105469e+00,3.711122764548064484e-24,2.293599868509929372e-24,1.353549976094992058e-13,8.365399031037140665e-14,2.992779314517974854e-01,3.033751547336578369e-01,1.462229967117309570e+00,4.337843954563140869e-01,3.988324642181396484e+00,5.719818592071533203e+00,6.059510707855224609e+00
9.015025329589843750e+01,1.322741098874757881e-07,5.520207650988595560e-07,7.824646309018135071e-05,2.213411789853125811e-05,2.265093177556991577e-01,2.124518603086471558e-01,1.406579971313476562e+00,4.433215856552124023e-01,4.066194534301757812e+00,5.789350509643554688e+00,6.121812343597412109e+00,1.595802103793175775e-07,1.017293485006121045e-07,2.835192026395816356e-05,1.795190109987743199e-05,2.265095114707946777e-01,2.124520987272262573e-01,1.406580924987792969e+00,4.433217644691467285e-01,4.066204547882080078e+00,5.789369583129882812e+00,6.121834278106689453e+00,1.425963116078321023e-24,8.812937096380208112e-25,5.200884617721432401e-14,3.214323338746050140e-14,2.265100777149200439e-01,2.124526351690292358e-01,1.406583070755004883e+00,4.433225989341735840e-01,4.066213607788085938e+00,5.789386749267578125e+00,6.121852874755859375e+00
9.065108489990234375e+01,1.079763052302951110e-07,4.515821672157471767e-07,6.669254071312025189e-05,1.886858808575198054e-05,1.685608178377151489e-01,1.537005603313446045e-01,1.325099825859069824e+00,4.324971735477447510e-01,4.132105350494384766e+00,5.862780570983886719e+00,6.191490650177001953e+00,1.304790089307061862e-07,8.317999800055986270e-08,2.430582571832928807e-05,1.534464900032617152e-05,1.685610413551330566e-01,1.537007242441177368e-01,1.325100898742675781e+00,4.324974417686462402e-01,4.132113456726074219e+00,5.862798213958740234e+00,6.191509246826171875e+00,5.479205980535554591e-25,3.386335565752218049e-25,1.998418893203995211e-14,1.235090758236901537e-14,1.685614287853240967e-01,1.537011861801147461e-01,1.325102686882019043e+00,4.324980080127716064e-01,4.132122039794921875e+00,5.862811088562011719e+00,6.191525459289550781e+00
9.115191650390625000e+01,8.814182450578300632e-08,3.693880614719091682e-07,5.683630661224015057e-05,1.608236743777524680e-05,1.247012913227081299e-01,1.125599294900894165e-01,1.230889320373535156e+00,4.107324182987213135e-01,4.184958457946777344e+00,5.936534404754638672e+00,6.265872001647949219e+00,1.066770707325304102e-07,6.800805607554138987e-08,2.085275627905502915e-05,1.311950290983077139e-05,1.247013136744499207e-01,1.125599220395088196e-01,1.230889678001403809e+00,4.107323586940765381e-01,4.184967041015625000e+00,5.936549663543701172e+00,6.265886783599853516e+00,2.105362766774609909e-25,1.301185757300182837e-25,7.678844098936692814e-15,4.745786690062495095e-15,1.247016787528991699e-01,1.125602722167968750e-01,1.230891108512878418e+00,4.107328951358795166e-01,4.184974193572998047e+00,5.936561107635498047e+00,6.265900611877441406e+00
9.165275573730468750e+01,7.195052376118837856e-08,3.021297061422956176e-07,4.842972339247353375e-05,1.370552035950822756e-05,9.206216037273406982e-02,8.279695361852645874e-02,1.582246422767639160e+00,1.077429413795471191e+00,4.614941596984863281e+00,6.081604003906250000e+00,6.358582019805908203e+00,8.720998323497042293e-08,5.559896720797041780e-08,1.783757033990696073e-05,1.119832086260430515e-05,9.206245094537734985e-02,8.279722183942794800e-02,1.582247972488403320e+00,1.077430129051208496e+00,4.614948749542236328e+00,6.081615924835205078e+00,6.358593463897705078e+00,8.089652719096021728e-26,4.999680547411034161e-26,2.950521534180686883e-15,1.823522598518685298e-15,9.206268936395645142e-02,8.279745280742645264e-02,1.582249283790588379e+00,1.077431201934814453e+00,4.614954948425292969e+00,6.081625461578369141e+00,6.358604907989501953e+00
9.215358734130859375e+01,5.873368635889164580e-08,2.471001039339171257e-07,4.126107160118408501e-05,1.167833579529542476e-05,6.791664659976959229e-02,6.100156903266906738e-02,1.581983923912048340e+00,7.119935750961303711e-01,4.725137710571289062e+00,6.247653961181640625e+00,6.493984222412109375e+00,7.129401069505547639e-08,4.545306353520572884e-08,1.532055466668680310e-05,9.577828677720390260e-06,6.791692972183227539e-02,6.100184097886085510e-02,1.581985592842102051e+00,7.119943499565124512e-01,4.725142955780029297e+00,6.247662544250488281e+00,6.493995189666748047e+00,3.108416725725186350e-26,1.921107107657699113e-26,1.133725965449976832e-15,7.006812181991630382e-16,6.791710108518600464e-02,6.100200861692428589e-02,1.581986546516418457e+00,7.119948863983154297e-01,4.725148677825927734e+00,6.247672080993652344e+00,6.494003772735595703e+00
9.265442657470703125e+01,4.794453900558437454e-08,2.020783540501724929e-07,3.514889613143168390e-05,9.949624654836952686e-06,5.009105056524276733e-02,4.496938735246658325e-02,1.466615915298461914e+00,5.623574256896972656e-01,4.742053508758544922e+00,6.382386684417724609e+00,6.641205310821533203e+00,5.827769200550392270e-08,3.715545915383700049e-08,1.313204666075762361e-05,8.182851161109283566e-06,5.009096860885620117e-02,4.496923834085464478e-02,1.466616153717041016e+00,5.623574256896972656e-01,4.742059707641601562e+00,6.382396697998046875e+00,6.641214370727539062e+00,1.194379090595750576e-26,7.381668853736420852e-27,4.356232743609334945e-16,2.692300046199306001e-16,5.009126663208007812e-02,4.496958106756210327e-02,1.466617345809936523e+00,5.623579621315002441e-01,4.742062568664550781e+00,6.382402896881103516e+00,6.641223430633544922e+00
9.315525817871093750e+01,3.913744706096622394e-08,1.652487355841003591e-07,2.993850102939177305e-05,8.475735739921219647e-06,3.694128617644309998e-02,3.315804153680801392e-02,1.326085329055786133e+00,4.810015857219696045e-01,4.739470005035400391e+00,6.493150711059570312e+00,6.779879570007324219e+00,4.763647609706822550e-08,3.037171580899666878e-08,1.124949903896776959e-05,6.988690074649639428e-06,3.693624213337898254e-02,3.315123915672302246e-02,1.326073646545410156e+00,4.809947907924652100e-01,4.739480495452880859e+00,6.493170261383056641e+00,6.779900074005126953e+00,4.589353546076753789e-27,2.836376347741369368e-27,1.673864952809973666e-16,1.034505492155563553e-16,3.693903610110282898e-02,3.315512090921401978e-02,1.326079726219177246e+00,4.809981286525726318e-01,4.739480972290039062e+00,6.493171215057373047e+00,6.779901027679443359e+00
9.365608978271484375e+01,3.194818631868656666e-08,1.351226188717191690e-07,2.549746204749681056e-05,7.219289727800060064e-06,2.724318206310272217e-02,2.445115707814693451e-02,1.187526345252990723e+00,4.233122467994689941e-01,4.735289096832275391e+00,6.587776660919189453e+00,6.904093742370605469e+00,3.893581990155325911e-08,2.482495631284109550e-08,9.629088708607014269e-06,5.966125627310248092e-06,2.721093595027923584e-02,2.440346404910087585e-02,1.187472701072692871e+00,4.232808649539947510e-01,4.735327720642089844e+00,6.587846279144287109e+00,6.904168128967285156e+00,1.763440390537251396e-27,1.089866133269745626e-27,6.431758073029337662e-17,3.975045550381136358e-17,2.723062224686145782e-02,2.443405613303184509e-02,1.187499880790710449e+00,4.232965111732482910e-01,4.735312461853027344e+00,6.587817192077636719e+00,6.904135227203369141e+00
9.415692901611328125e+01,2.607946036903285858e-08,1.104813378560720594e-07,2.171266896766610444e-05,6.148353349999524653e-06,2.009116485714912415e-02,1.803127489984035492e-02,1.058779954910278320e+00,3.757485151290893555e-01,4.732782363891601562e+00,6.670475482940673828e+00,7.013789176940917969e+00,3.182227104048251931e-08,2.028990664371121966e-08,8.235118912125471979e-06,5.090817467134911567e-06,1.994207501411437988e-02,1.778271049261093140e-02,1.058613777160644531e+00,3.756459951400756836e-01,4.732923984527587891e+00,6.670733451843261719e+00,7.014069557189941406e+00,6.775850063766921891e-28,4.187705478406662281e-28,2.471341046345079087e-17,1.527372788339159562e-17,2.004152163863182068e-02,1.795776002109050751e-02,1.058703184127807617e+00,3.757009804248809814e-01,4.732839584350585938e+00,6.670579433441162109e+00,7.013903141021728516e+00
9.465776062011718750e+01,2.128885157048898691e-08,9.032844161538378103e-08,1.848770079959649593e-05,5.235699518379988149e-06,1.481708325445652008e-02,1.329743210226297379e-02,9.416917562484741211e-01,3.341062963008880615e-01,4.731813907623291016e+00,6.743484020233154297e+00,7.110490798950195312e+00,2.600782167405668588e-08,1.658294124240455858e-08,7.038002877379767597e-06,4.342323336459230632e-06,1.449287496507167816e-02,1.225477736443281174e-02,9.413781166076660156e-01,3.339019119739532471e-01,4.732202529907226562e+00,6.744203090667724609e+00,7.111280918121337891e+00,2.603592950926675725e-28,1.609108931486945442e-28,9.496028469025082389e-18,5.868868779940270285e-18,1.465704478323459625e-02,1.303746271878480911e-02,9.415096640586853027e-01,3.339874446392059326e-01,4.731965541839599609e+00,6.743766307830810547e+00,7.110802173614501953e+00
9.515859985351562500e+01,1.737818600133778091e-08,7.384705469348773477e-08,1.574004454596433789e-05,4.458019702724413946e-06,1.092771347612142563e-02,9.806594811379909515e-03,8.361996412277221680e-01,2.969557344913482666e-01,4.731747627258300781e+00,6.808188438415527344e+00,7.195879459381103516e+00,2.125422504661855783e-08,1.355227396970803966e-08,6.010985089233145118e-06,3.702495178004028276e-06,1.051587611436843872e-02,7.249314337968826294e-03,8.358179330825805664e-01,2.966893613338470459e-01,4.732485771179199219e+00,6.809565544128417969e+00,7.197392463684082031e+00,1.000405411424370364e-28,6.182846002387262415e-29,3.648757374878571657e-18,2.255056063629307559e-18,1.063320320099592209e-02,8.982641622424125671e-03,8.359028100967407227e-01,2.967522144317626953e-01,4.732079505920410156e+00,6.808811187744140625e+00,7.196563720703125000e+00
9.565943145751953125e+01,1.418593686963731670e-08,6.036963640099202166e-08,1.339942900813184679e-05,3.795462816924555227e-06,8.059555664658546448e-03,7.232400123029947281e-03,7.416378855705261230e-01,2.636814117431640625e-01,4.732084751129150391e+00,6.865596771240234375e+00,7.271415233612060547e+00,1.736918342487570044e-08,1.107527758392734540e-08,5.131264060764806345e-06,3.156066895826370455e-06,6.388860289007425308e-03,3.877800656482577324e-03,7.412061095237731934e-01,2.633602917194366455e-01,4.733245372772216797e+00,6.867795467376708984e+00,7.273843288421630859e+00,3.844017140929062309e-29,2.375733290311305271e-29,1.402020266669709898e-18,8.664961968749433729e-19,7.718174252659082413e-03,5.371729843318462372e-03,7.412975430488586426e-01,2.634344100952148438e-01,4.732645988464355469e+00,6.866663932800292969e+00,7.272593498229980469e+00
9.616027069091796875e+01,1.158004270251922208e-08,4.934906883136136457e-08,1.140574204328004271e-05,3.231043137930100784e-06,5.944377742707729340e-03,5.334057379513978958e-03,6.571474075317382812e-01,2.338983565568923950e-01,4.732529640197753906e+00,6.916534423828125000e+00,7.338322162628173828e+00,1.419332029684028385e-08,9.050402205446061998e-09,4.378080575406784192e-06,2.689425400603795424e-06,2.815989311784505844e-03,2.054592594504356384e-03,6.570077538490295410e-01,2.337779700756072998e-01,4.733855724334716797e+00,6.919070720672607422e+00,7.341135978698730469e+00,1.477026519322336753e-29,9.128525759672158601e-30,5.387127476585818774e-19,3.329427814920078673e-19,5.090274382382631302e-03,2.719441428780555725e-03,6.567357778549194336e-01,2.335783839225769043e-01,4.733365535736083984e+00,6.918138027191162109e+00,7.340098381042480469e+00
9.666110229492187500e+01,9.452868710013717646e-09,4.033833533867436927e-08,9.707818207971286029e-06,2.750298790488159284e-06,4.384515341371297836e-03,3.934141248464584351e-03,5.818371772766113281e-01,2.072911709547042847e-01,4.732932090759277344e+00,6.961710929870605469e+00,7.397622585296630859e+00,1.159798745931084341e-08,7.395616563599105575e-09,3.733075345735414885e-06,2.291004420840181410e-06,1.386667601764202118e-03,1.206571003422141075e-03,5.818440914154052734e-01,2.072804868221282959e-01,4.734059810638427734e+00,6.963891506195068359e+00,7.400050163269042969e+00,5.675414619555373553e-30,3.507599158898868771e-30,2.069982001292445447e-19,1.279319086338161139e-19,2.262055408209562302e-03,1.260201330296695232e-03,5.815600752830505371e-01,2.070709615945816040e-01,4.733973503112792969e+00,6.963730812072753906e+00,7.399869441986083984e+00
9.716193389892578125e+01,7.716439931471086311e-09,3.297122574963395891e-08,8.261920811492018402e-06,2.340867013117531314e-06,3.234130563214421272e-03,2.901746425777673721e-03,5.148327946662902832e-01,1.835678219795227051e-01,4.733232021331787109e+00,7.001756668090820312e+00,7.450189113616943359e+00,9.476750051362614613e-09,6.043089584295557870e-09,3.181198735546786338e-06,1.950967089214827865e-06,8.589209173806011677e-04,8.049343596212565899e-04,5.148645043373107910e-01,1.835815310478210449e-01,4.734096527099609375e+00,7.003443717956542969e+00,7.452070713043212891e+00,2.180755302470356523e-30,1.347780821409878175e-30,7.953821742193553984e-20,4.915732432010906893e-20,5.888526211492717266e-04,4.410161636769771576e-04,5.148055553436279297e-01,1.835361272096633911e-01,4.734241962432861328e+00,7.003727436065673828e+00,7.452386379241943359e+00
9.766277313232421875e+01,6.298962240691707848e-09,2.694820899762362387e-08,7.030760571069549769e-06,1.992204943235265091e-06,2.385697560384869576e-03,2.140359953045845032e-03,4.553060233592987061e-01,1.624529361724853516e-01,4.733416557312011719e+00,7.037233352661132812e+00,7.496781349182128906e+00,7.743079954991571867e-09,4.937661834958362306e-09,2.709673935896717012e-06,1.660964585425972473e-06,6.171556306071579456e-04,5.816359771415591240e-04,4.553350508213043213e-01,1.624689996242523193e-01,4.734052658081054688e+00,7.038485050201416016e+00,7.498179435729980469e+00,8.379341268254677433e-31,5.178717945174741887e-31,3.056179039320842894e-20,1.888822500118656648e-20,9.773580677574500442e-05,9.726463031256571412e-05,4.553467631340026855e-01,1.624767184257507324e-01,4.734244823455810547e+00,7.038861751556396484e+00,7.498602390289306641e+00
9.816360473632812500e+01,5.141884251713690901e-09,2.202448889931929443e-08,5.982587026664987206e-06,1.695334049145458266e-06,1.759959966875612736e-03,1.578843686729669571e-03,4.024880528450012207e-01,1.436886042356491089e-01,4.733495235443115234e+00,7.068644523620605469e+00,7.538062572479248047e+00,6.326513535270805733e-09,4.034401257513309247e-09,2.307321210537338629e-06,1.413825430063297972e-06,4.829622048418968916e-04,4.400454636197537184e-04,4.025101065635681152e-01,1.437021195888519287e-01,4.733952522277832031e+00,7.069552421569824219e+00,7.539081096649169922e+00,3.219728162566109856e-31,1.989901287354465397e-31,1.174324404951951779e-20,7.257724699805746028e-21,1.192119725601514801e-05,1.454808079870417714e-05,4.025246798992156982e-01,1.437128037214279175e-01,4.734122753143310547e+00,7.069887638092041016e+00,7.539454460144042969e+00
9.866444396972656250e+01,4.197340253142556321e-09,1.799952187298003992e-08,5.090266768092988059e-06,1.442580014554550871e-06,1.298434217460453510e-03,1.164704910479485989e-03,3.556682765483856201e-01,1.270336657762527466e-01,4.733488559722900391e+00,7.096441745758056641e+00,7.574624061584472656e+00,5.168789840581666795e-09,3.296180661749303908e-09,1.964133161891368218e-06,1.203224314849649090e-06,3.952642728108912706e-04,3.412138903513550758e-04,3.556839525699615479e-01,1.270439475774765015e-01,4.733814239501953125e+00,7.097090721130371094e+00,7.575352668762207031e+00,1.237149499720656817e-31,7.646004180417919918e-32,4.512228236211284758e-21,2.788710390200213132e-21,1.717442842164018657e-06,1.979854914679890499e-06,3.556941151618957520e-01,1.270515471696853638e-01,4.733951568603515625e+00,7.097364425659179688e+00,7.575663566589355469e+00
9.916527557373046875e+01,3.426316563803766257e-09,1.470953048254841633e-08,4.330723186285467818e-06,1.227415509674756322e-06,9.580233599990606308e-04,8.592616650275886059e-04,3.142010569572448730e-01,1.122668683528900146e-01,4.733416557312011719e+00,7.121028423309326172e+00,7.606989860534667969e+00,4.222899807615476675e-09,2.693019141020158713e-09,1.671670815994730219e-06,1.023874801830970682e-06,3.291040193289518356e-04,2.672605332918465137e-04,3.142119050025939941e-01,1.122744008898735046e-01,4.733644962310791016e+00,7.121490001678466797e+00,7.607505798339843750e+00,4.753696803736629038e-32,2.937946532599141604e-32,1.733805500982916435e-21,1.071550687354575960e-21,5.113599854666972533e-07,4.023735584723908687e-07,3.142189681529998779e-01,1.122797057032585144e-01,4.733757019042968750e+00,7.121713638305664062e+00,7.607758998870849609e+00
9.966610717773437500e+01,2.796926912296271439e-09,1.202040422754180327e-08,3.684249804791761562e-06,1.044264990923693404e-06,7.069281418807804585e-04,6.339732790365815163e-04,2.774990797042846680e-01,9.918532520532608032e-02,4.733299255371093750e+00,7.142766475677490234e+00,7.635629177093505859e+00,3.449961871737627916e-09,2.200136517416240167e-09,1.422484274371527135e-06,8.711396048965980299e-07,2.734990557655692101e-04,2.092958311550319195e-04,2.775064706802368164e-01,9.919068962335586548e-02,4.733459949493408203e+00,7.143088340759277344e+00,7.635994911193847656e+00,1.826588916799244336e-32,1.128894081335845712e-32,6.662078019352902070e-22,4.117390453694646175e-22,1.832786153954657493e-07,1.221911247739626560e-07,2.775115966796875000e-01,9.919457137584686279e-02,4.733550548553466797e+00,7.143271923065185547e+00,7.636199951171875000e+00
1.001669464111328125e+02,2.283144340253784321e-09,9.822469060338789859e-09,3.134053940812009387e-06,8.883772011358814780e-07,5.217003053985536098e-04,4.677943070419132710e-04,2.450326383113861084e-01,8.760485053062438965e-02,4.733152866363525391e+00,7.161980628967285156e+00,7.660961627960205078e+00,2.818374422730585138e-09,1.797383686330533692e-09,1.210243908644770272e-06,7.410968692056485452e-07,2.242222399218007922e-04,1.628324534976854920e-04,2.450377047061920166e-01,8.760864287614822388e-02,4.733264446258544922e+00,7.162208557128906250e+00,7.661216735839843750e+00,7.018491794359984411e-33,4.337666357372383528e-33,2.559839248619272077e-22,1.582067739832194791e-22,6.860438617195541156e-08,4.350492588400811655e-08,2.450413703918457031e-01,8.761152625083923340e-02,4.733337879180908203e+00,7.162354469299316406e+00,7.661383628845214844e+00
1.006677780151367188e+02,1.863746712515990112e-09,8.026144193706841179e-09,2.665851297933841124e-06,7.557096637356153224e-07,3.850568900816142559e-04,3.452133678365498781e-04,2.163273841142654419e-01,7.735964655876159668e-02,4.732989311218261719e+00,7.178956985473632812e+00,7.683358669281005859e+00,2.302407375864845562e-09,1.468351662481381936e-09,1.029569261845608708e-06,6.304233579612628091e-07,1.803919440135359764e-04,1.254973321920260787e-04,2.163308113813400269e-01,7.736232876777648926e-02,4.733067512512207031e+00,7.179118156433105469e+00,7.683539867401123047e+00,2.696827037509161588e-33,1.666730868637029034e-33,9.836078804171368373e-23,6.079030924304052245e-23,2.611357885484721919e-08,1.628503198958242137e-08,2.163335233926773071e-01,7.736447453498840332e-02,4.733125686645507812e+00,7.179234504699707031e+00,7.683670997619628906e+00
1.011686172485351562e+02,1.521384573877071489e-09,6.558066978357146581e-09,2.267443278469727375e-06,6.428098799915460404e-07,2.842438698280602694e-04,2.547838666941970587e-04,1.909567713737487793e-01,6.829996407032012939e-02,4.732818126678466797e+00,7.193953514099121094e+00,7.703154563903808594e+00,1.880798183861998041e-09,1.199489396697117627e-09,8.757503451306547504e-07,5.362169872569211293e-07,1.423397334292531013e-04,9.578328899806365371e-05,1.909591406583786011e-01,6.830186396837234497e-02,4.732874870300292969e+00,7.194067478179931641e+00,7.703282833099365234e+00,1.036229861660524787e-33,6.404252557865656458e-34,3.779418081873211493e-23,2.335808936206001657e-23,1.000046090382511466e-08,6.200239432985199528e-09,1.909611672163009644e-01,6.830347329378128052e-02,4.732919216156005859e+00,7.194159984588623047e+00,7.703385353088378906e+00
1.016694488525390625e+02,1.241916569583167984e-09,5.358344878914067522e-09,1.928463234435184859e-06,5.467431947181466967e-07,2.098618570016697049e-04,1.880702620837837458e-04,1.685414761304855347e-01,6.029217690229415894e-02,4.732647895812988281e+00,7.207197189331054688e+00,7.720646381378173828e+00,1.536392346679349430e-09,9.798547528916401461e-10,7.448632572959468234e-07,4.560653223961708136e-07,1.104197872336953878e-04,7.248770270962268114e-05,1.685430854558944702e-01,6.029350310564041138e-02,4.732687473297119141e+00,7.207279682159423828e+00,7.720737457275390625e+00,3.981671658481196233e-34,2.460808113426445251e-34,1.452226188879301036e-23,8.975250749655767838e-24,3.838138695755333174e-09,2.374742624766668087e-09,1.685445755720138550e-01,6.029473617672920227e-02,4.732722282409667969e+00,7.207348823547363281e+00,7.720818996429443359e+00
1.021702804565429688e+02,1.013784833858721868e-09,4.377948670253317687e-09,1.640063373997691087e-06,4.650048879284440773e-07,1.549748412799090147e-04,1.388479431625455618e-04,1.487422883510589600e-01,5.321647599339485168e-02,4.732481479644775391e+00,7.218891143798828125e+00,7.736097812652587891e+00,1.255006432110405967e-09,8.004072959977293067e-10,6.334794875328952912e-07,3.878625420838943683e-07,8.449985034530982375e-05,5.449032323667779565e-05,1.487434357404708862e-01,5.321744829416275024e-02,4.732510089874267578e+00,7.218948841094970703e+00,7.736166000366210938e+00,1.529941254261228018e-34,9.455557745841326313e-35,5.580120420190273610e-24,3.448704240121768802e-24,1.474186550609601909e-09,9.114526355880059327e-10,1.487445384263992310e-01,5.321836099028587341e-02,4.732536315917968750e+00,7.219003677368164062e+00,7.736226081848144531e+00
1.026711196899414062e+02,8.275568008642153472e-10,3.576803297988817576e-09,1.394710920976649504e-06,3.954621661250712350e-07,1.144682246376760304e-04,1.025270976242609322e-04,1.312576234340667725e-01,4.696606472134590149e-02,4.732323646545410156e+00,7.229214668273925781e+00,7.749744892120361328e+00,1.025114992891928978e-09,6.537976271481227286e-10,5.387046826399455313e-07,3.298329716017178725e-07,6.401002610800787807e-05,4.075899778399616480e-05,1.312584131956100464e-01,4.696673527359962463e-02,4.732344150543212891e+00,7.229255676269531250e+00,7.749794960021972656e+00,5.878651840237067727e-35,3.633206517481691579e-35,2.144107374311700446e-24,1.325131309603423904e-24,5.663615132434074440e-10,3.500782719267903076e-10,1.312592178583145142e-01,4.696745052933692932e-02,4.732365131378173828e+00,7.229298114776611328e+00,7.749839305877685547e+00
1.031719512939453125e+02,6.755400128177768693e-10,2.922180275533037275e-09,1.186001327369012870e-06,3.363015537161118118e-07,8.457138028461486101e-05,7.572407776024192572e-05,1.158203035593032837e-01,4.144617170095443726e-02,4.732175350189208984e+00,7.238327503204345703e+00,7.761794090270996094e+00,8.373374771331043576e-10,5.340427544631154433e-10,4.580914207963360241e-07,2.804761152219725773e-07,4.814120620721951127e-05,3.038412796740885824e-05,1.158208400011062622e-01,4.144661128520965576e-02,4.732190132141113281e+00,7.238359451293945312e+00,7.761829376220703125e+00,2.258848282940746724e-35,1.396045043465691733e-35,8.238646357379311517e-25,5.091763356431109563e-25,2.176114566321274424e-10,1.344976213735193937e-10,1.158214658498764038e-01,4.144718497991561890e-02,4.732205390930175781e+00,7.238390922546386719e+00,7.761864185333251953e+00
1.036727905273437500e+02,5.514459444633246221e-10,2.387285702454278180e-09,1.008468530017125886e-06,2.859750338757294230e-07,6.250132719287648797e-05,5.594167669187299907e-05,1.021923497319221497e-01,3.657224029302597046e-02,4.732038021087646484e+00,7.246370315551757812e+00,7.772432804107666016e+00,6.839226407429066512e-10,4.362021022163986572e-10,3.895074769388884306e-07,2.384852564318862278e-07,3.602791548473760486e-05,2.259835309814661741e-05,1.021926552057266235e-01,3.657247126102447510e-02,4.732048511505126953e+00,7.246394634246826172e+00,7.772458076477050781e+00,8.679407180202808651e-36,5.364168369040958545e-36,3.165620173080431156e-25,1.956460956831068503e-25,8.361369235876381367e-11,5.167695091290447351e-11,1.021931916475296021e-01,3.657298907637596130e-02,4.732060432434082031e+00,7.246417522430419922e+00,7.772484779357910156e+00
1.041736221313476562e+02,4.501488348740423362e-10,1.950250405613473959e-09,8.574697858421131968e-07,2.431675909519981360e-07,4.620676918420940638e-05,4.133930997340939939e-05,9.016363322734832764e-02,3.226952627301216125e-02,4.731912136077880859e+00,7.253468513488769531e+00,7.781823158264160156e+00,5.586187068473691397e-10,3.562875550144894987e-10,3.311820933049602900e-07,2.027757091127568856e-07,2.687703999981749803e-05,1.678483022260479629e-05,9.016373753547668457e-02,3.226950392127037048e-02,4.731919288635253906e+00,7.253484725952148438e+00,7.781844139099121094e+00,3.335026849457049143e-36,2.061159821826430291e-36,1.216376923753585588e-25,7.517622559626649096e-26,3.212803634244920659e-11,1.985633012180354484e-11,9.016425907611846924e-02,3.227008506655693054e-02,4.731928348541259766e+00,7.253502845764160156e+00,7.781863212585449219e+00
1.046744537353515625e+02,3.674593129776582145e-10,1.593177367809062162e-09,7.290450412256177515e-07,2.067576190256659174e-07,3.417372499825432897e-05,3.055861088796518743e-05,7.954748719930648804e-02,2.847154624760150909e-02,4.731796741485595703e+00,7.259732246398925781e+00,7.790111541748046875e+00,4.562570876665006381e-10,2.910042762316322751e-10,2.815723405547032598e-07,1.724023661608953262e-07,2.001105713134165853e-05,1.245756720891222358e-05,7.954726368188858032e-02,2.847109176218509674e-02,4.731802940368652344e+00,7.259743690490722656e+00,7.790127754211425781e+00,1.281470630043473314e-36,7.919924577750762961e-37,4.673879452810800776e-26,2.888616041924906508e-26,1.234504339031605724e-11,7.629671200382048823e-12,7.954793423414230347e-02,2.847195602953433990e-02,4.731809616088867188e+00,7.259757518768310547e+00,7.790141105651855469e+00
1.051752929687500000e+02,2.999585302365659345e-10,1.301442398293772840e-09,6.198246182975708507e-07,1.757905465638032183e-07,2.528556433389894664e-05,2.259779466839972883e-05,7.017877697944641113e-02,2.511943690478801727e-02,4.731693267822265625e+00,7.265259265899658203e+00,7.797426700592041016e+00,3.726391972769249605e-10,2.376747409993384963e-10,2.393788633980875602e-07,1.465694765556690982e-07,1.488312591391149908e-05,9.243393833457957953e-06,7.017799466848373413e-02,2.511822059750556946e-02,4.731697559356689453e+00,7.265268802642822266e+00,7.797439098358154297e+00,4.923927833910909202e-37,3.043154809215592547e-37,1.795893003434956300e-26,1.109922979562888183e-26,4.743460832457024878e-12,2.931621742238710304e-12,7.017911225557327271e-02,2.511974424123764038e-02,4.731702804565429688e+00,7.265277385711669922e+00,7.797449111938476562e+00
1.056761245727539062e+02,2.448583558134487248e-10,1.063105048437762434e-09,5.269450866762781516e-07,1.494551185032833018e-07,1.871885979198850691e-05,1.671818063186947256e-05,6.191182509064674377e-02,2.216124162077903748e-02,4.731599330902099609e+00,7.270135879516601562e+00,7.803881645202636719e+00,3.043481577869044941e-10,1.941194704979665175e-10,2.035041575254581403e-07,1.246051795078528812e-07,1.106507806980516762e-05,6.859378572698915377e-06,6.191000342369079590e-02,2.215850725769996643e-02,4.731603622436523438e+00,7.270143508911132812e+00,7.803892135620117188e+00,1.891999555368224214e-37,1.169320005580718072e-37,6.900647050082309316e-27,4.264834350447504548e-27,1.822655307931464463e-12,1.126463288966816911e-12,6.191207468509674072e-02,2.216147258877754211e-02,4.731606483459472656e+00,7.270150661468505859e+00,7.803897380828857422e+00
1.061769638061523438e+02,1.998790577495412890e-10,8.683906926876261423e-10,4.479631741105549736e-07,1.270590814783645328e-07,1.386563144478714094e-05,1.237441483681323007e-05,5.461727827787399292e-02,1.955078728497028351e-02,4.731514930725097656e+00,7.274438381195068359e+00,7.809576988220214844e+00,2.485612826674810094e-10,1.585390707603551164e-10,1.729938503558514640e-07,1.059250251955745625e-07,8.226988938986323774e-06,5.092081210023025051e-06,5.461343005299568176e-02,1.954507268965244293e-02,4.731518745422363281e+00,7.274447917938232422e+00,7.809587001800537109e+00,7.274009727293250342e-38,5.142207086763891643e-38,2.651507295344610792e-27,1.638721404384611655e-27,7.003377370216889997e-13,4.328325350043404907e-13,5.461745336651802063e-02,1.955095119774341583e-02,4.731519699096679688e+00,7.274449348449707031e+00,7.809590339660644531e+00
1.066777954101562500e+02,1.631627194464968511e-10,7.093244325240277703e-10,3.808048631981364451e-07,1.080147811194365204e-07,1.027764574246248230e-05,9.164482435153331608e-06,4.818130657076835632e-02,1.724742166697978973e-02,4.731439113616943359e+00,7.278234481811523438e+00,7.814603328704833984e+00,2.030018653176313137e-10,1.294811063923262395e-10,1.470556156846214435e-07,9.004404688539580093e-08,6.119778845459222794e-06,3.782540261454414576e-06,4.817365109920501709e-02,1.723605021834373474e-02,4.731444358825683594e+00,7.278246402740478516e+00,7.814614295959472656e+00,3.282815186141120193e-38,2.287811440640183503e-38,1.018830999869441793e-27,6.296722027027126324e-28,2.691019607668765357e-13,1.663141602518611317e-13,4.818142205476760864e-02,1.724753528833389282e-02,4.731442451477050781e+00,7.278243541717529297e+00,7.814612865447998047e+00
1.071786346435546875e+02,1.331904725399013500e-10,5.793795998521034107e-10,3.237013288526213728e-07,9.182094373727522907e-08,7.623923011124134064e-06,6.791564828745322302e-06,4.250293225049972534e-02,1.521507557481527328e-02,4.731371879577636719e+00,7.281583309173583984e+00,7.819037437438964844e+00,1.657858156312030928e-10,1.057445103702647771e-10,1.249982943818395142e-07,7.653899558590637753e-08,4.555640771286562085e-06,2.812013235597987659e-06,4.248850792646408081e-02,1.519354339689016342e-02,4.731380462646484375e+00,7.281599998474121094e+00,7.819055557250976562e+00,3.282815186141120193e-38,2.287811440640183503e-38,3.914759797793186635e-28,2.419454548202569057e-28,1.033998258651198932e-13,6.390461076977160815e-14,4.250302538275718689e-02,1.521516218781471252e-02,4.731375217437744141e+00,7.281589508056640625e+00,7.819045066833496094e+00
1.076794662475585938e+02,1.087243281516769855e-10,4.732308434007848064e-10,2.751509953213826520e-07,7.805205370914336527e-08,5.660362603521207348e-06,5.036791208112845197e-06,3.749332204461097717e-02,1.342199649661779404e-02,4.731311798095703125e+00,7.284537315368652344e+00,7.822949409484863281e+00,1.353938489101480513e-10,8.636001636030954387e-11,1.062482439806444745e-07,6.505876370965779643e-08,3.394815394131001085e-06,2.092663635266944766e-06,3.746753931045532227e-02,1.338325440883636475e-02,4.731325149536132812e+00,7.284565448760986328e+00,7.822978973388671875e+00,3.282815186141120193e-38,2.287811440640183503e-38,1.504230731176637175e-28,9.296656434551626186e-29,3.973096469335989089e-14,2.455508703541695731e-14,3.749342262744903564e-02,1.342208590358495712e-02,4.731315612792968750e+00,7.284542083740234375e+00,7.822955131530761719e+00
1.081802978515625000e+02,8.875242207828648588e-11,3.865213427101110710e-10,2.338739761853503296e-07,6.634534344129860983e-08,4.206693120067939162e-06,3.738546865861280821e-06,3.307377547025680542e-02,1.184005290269851685e-02,4.731258392333984375e+00,7.287144184112548828e+00,7.826400756835937500e+00,1.105702612802517137e-10,7.052704253940333956e-11,9.030642900142993312e-08,5.529781788027321454e-08,2.532938879085122608e-06,1.559178713250730652e-06,3.303019702434539795e-02,1.177402958273887634e-02,4.731278419494628906e+00,7.287187576293945312e+00,7.826449871063232422e+00,3.282815186141120193e-38,2.287811440640183503e-38,5.779945670993206021e-29,3.572203124713846451e-29,1.526646274945409748e-14,9.435193173089849450e-15,3.307383880019187927e-02,1.184010505676269531e-02,4.731260299682617188e+00,7.287147998809814453e+00,7.826405525207519531e+00
1.086811370849609375e+02,7.244898431180146758e-11,3.156919725633144935e-10,1.987817341841946472e-07,5.639228817244656966e-08,3.129854576400248334e-06,2.777567715384066105e-06,2.917484007775783539e-02,1.044441200792789459e-02,4.731211185455322266e+00,7.289443492889404297e+00,7.829445838928222656e+00,9.029515329883608388e-11,5.759508842073657320e-11,7.675284052766073728e-08,4.699901623439473042e-08,1.892660975499893539e-06,1.163287606686935760e-06,2.910554409027099609e-02,1.033818256109952927e-02,4.731242656707763672e+00,7.289513111114501953e+00,7.829522132873535156e+00,3.282815186141120193e-38,2.287811440640183503e-38,2.220888221856017697e-29,1.372584391681155289e-29,5.865991150938096310e-15,3.625381905894868237e-15,2.917487360537052155e-02,1.044443715363740921e-02,4.731212615966796875e+00,7.289447307586669922e+00,7.829449653625488281e+00
1.091819686889648438e+02,5.914059519884773408e-11,2.578375568607071955e-10,1.689497395318539930e-07,4.793082553078420460e-08,2.331645873709931038e-06,2.065853095700731501e-06,2.573536895215511322e-02,9.213201701641082764e-03,4.731169223785400391e+00,7.291471481323242188e+00,7.832131862640380859e+00,7.373871652172070412e-11,4.703482395229663382e-11,6.523304563188503380e-08,3.994542296936742787e-08,1.416693294231663458e-06,8.693095878697931767e-07,2.563178539276123047e-02,9.051578119397163391e-03,4.731218814849853516e+00,7.291573524475097656e+00,7.832248210906982422e+00,3.282815186141120193e-38,2.287811440640183503e-38,8.533672956009164284e-30,5.274099719710067809e-30,2.253983471763899848e-15,1.393038431867421253e-15,2.573537826538085938e-02,9.213196113705635071e-03,4.731170177459716797e+00,7.291474342346191406e+00,7.832136154174804688e+00
1.096828079223632812e+02,4.827671248874843002e-11,2.105809276953252152e-10,1.435897871715496876e-07,4.073751114219703595e-08,1.739496042318933178e-06,1.538387323307688348e-06,2.270118147134780884e-02,8.127043023705482483e-03,4.731131553649902344e+00,7.293260574340820312e+00,7.834501266479492188e+00,6.021556864244104190e-11,3.840928269882581958e-11,5.543902403815081925e-08,3.394843162141114590e-08,1.062466367329761852e-06,6.507711987069342285e-07,2.255543321371078491e-02,7.893687114119529724e-03,4.731200695037841797e+00,7.293406009674072266e+00,7.834668636322021484e+00,3.282815186141120193e-38,2.287811440640183503e-38,3.278981494387105034e-30,2.026521980083146482e-30,8.660714421119392308e-16,5.352616128310289621e-16,2.270119264721870422e-02,8.127031847834587097e-03,4.731133937835693359e+00,7.293262004852294922e+00,7.834505558013916016e+00
1.101836395263671875e+02,3.940859791273787494e-11,1.719828585100557916e-10,1.220329579609824577e-07,3.462271536136540817e-08,1.299837776969070546e-06,1.147193188444362022e-06,2.002464421093463898e-02,7.168894633650779724e-03,4.731098651885986328e+00,7.294838905334472656e+00,7.836591720581054688e+00,4.917308574214906969e-11,3.136588211383184444e-11,4.711530721124290721e-08,2.885167305066715926e-08,7.985759680195769761e-07,4.881624136032769457e-07,1.983125321567058563e-02,6.847646087408065796e-03,4.731192111968994141e+00,7.295035839080810547e+00,7.836816787719726562e+00,3.282815186141120193e-38,2.287811440640183503e-38,1.259935470296092169e-30,7.786829108943040455e-31,3.327844483694172547e-16,2.056720933293161233e-16,2.002460882067680359e-02,7.168824318796396255e-03,4.731100082397460938e+00,7.294843196868896484e+00,7.836593627929687500e+00
1.106844711303710938e+02,3.216949276407810032e-11,1.404570348917388856e-10,1.037093184663717693e-07,2.942485366475011688e-08,9.730684951136936434e-07,8.568136991016217507e-07,1.766359061002731323e-02,6.323669571429491043e-03,4.731069087982177734e+00,7.296231269836425781e+00,7.838435649871826172e+00,4.015459145745303715e-11,2.561345927021285718e-11,4.003970488497543556e-08,2.451909253409212397e-08,6.016921361151617020e-07,3.670037926895020064e-07,1.742146722972393036e-02,5.900280084460973740e-03,4.731191158294677734e+00,7.296486377716064453e+00,7.838725090026855469e+00,3.282815186141120193e-38,2.287811440640183503e-38,4.841250914370055314e-31,2.992057946501108882e-31,1.278710848026041709e-16,7.902867690463865388e-17,1.766351982951164246e-02,6.323529407382011414e-03,4.731070518493652344e+00,7.296234130859375000e+00,7.838438987731933594e+00
1.111853103637695312e+02,2.626009305839449581e-11,1.147078473873186510e-10,8.813432827992073726e-08,2.500654439074878610e-08,7.299240110114624258e-07,6.410579658222559374e-07,1.558083295822143555e-02,5.578059237450361252e-03,4.731043338775634766e+00,7.297459125518798828e+00,7.840062618255615234e+00,3.278920537863605489e-11,2.091544125393252074e-11,3.402524129114681273e-08,2.083622696602560609e-08,4.545706246972258668e-07,2.766001045984012308e-07,1.529483497142791748e-02,5.042363889515399933e-03,4.731192588806152344e+00,7.297775745391845703e+00,7.840418815612792969e+00,3.282815186141120193e-38,2.287811440640183503e-38,1.860204176101404045e-31,1.149669445231332345e-31,4.913323136644936074e-17,3.036600542761355910e-17,1.558064948767423630e-02,5.577756557613611221e-03,4.731044292449951172e+00,7.297461986541748047e+00,7.840065479278564453e+00
1.116861419677734375e+02,2.143630932482931684e-11,9.367792652703599288e-11,7.489654763048747554e-08,2.125112530393380439e-08,5.487770522449864075e-07,4.805784215022868011e-07,1.374364085495471954e-02,4.920352250337600708e-03,4.731020450592041016e+00,7.298542499542236328e+00,7.841496944427490234e+00,2.677520011262757293e-11,1.707934488281992458e-11,2.891425054940555128e-08,1.770655444488511421e-08,3.444534968366497196e-07,2.090442308144702110e-07,1.342515181750059128e-02,4.269646480679512024e-03,4.731197357177734375e+00,7.298913955688476562e+00,7.841918945312500000e+00,3.282815186141120193e-38,2.287811440640183503e-38,7.147762083614262190e-32,4.417559198268004930e-32,1.887924604611018286e-17,1.166801616040967097e-17,1.374331675469875336e-02,4.919829778373241425e-03,4.731021881103515625e+00,7.298545360565185547e+00,7.841500759124755859e+00
1.121869812011718750e+02,1.749855989274795576e-11,7.650205469111881484e-11,6.364523841284608352e-08,1.805914706665134872e-08,4.136184656999830622e-07,3.610609553561516805e-07,1.212302036583423615e-02,4.340171348303556442e-03,4.731000423431396484e+00,7.299498081207275391e+00,7.842762947082519531e+00,2.186342600019042237e-11,1.394632326290334845e-11,2.456971515130135231e-08,1.504617763714577450e-08,2.618558028188999742e-07,1.584621713845990598e-07,1.178776845335960388e-02,3.583027981221675873e-03,4.731199741363525391e+00,7.299917221069335938e+00,7.843236923217773438e+00,3.282815186141120193e-38,2.287811440640183503e-38,2.746461441586068025e-32,1.697405908000515111e-32,7.254168004117527005e-18,4.483322228759860210e-18,1.212246064096689224e-02,4.339274484664201736e-03,4.731001853942871094e+00,7.299501419067382812e+00,7.842766284942626953e+00
1.126878128051757812e+02,1.428420142585151709e-11,6.247460881958488699e-11,5.408292125252955884e-08,1.534624338717094361e-08,3.126114336282626027e-07,2.719282292673597112e-07,1.069349423050880432e-02,3.828397486358880997e-03,4.730982303619384766e+00,7.300341129302978516e+00,7.843879222869873047e+00,1.785296042944306549e-11,1.138816818624377447e-11,2.087801931338617578e-08,1.278555039618822775e-08,1.997717760104933404e-07,1.205178108421023353e-07,1.035584229975938797e-02,2.986916108056902885e-03,4.731198310852050781e+00,7.300791740417480469e+00,7.844392299652099609e+00,3.282815186141120193e-38,2.287811440640183503e-38,1.055319449107497178e-32,6.522227466801585182e-33,2.787384631320205168e-18,1.722698544616970593e-18,1.069255452603101730e-02,3.826913191005587578e-03,4.730983734130859375e+00,7.300343513488769531e+00,7.843884468078613281e+00
1.131886444091796875e+02,1.166029512528199419e-11,5.101848110644624512e-11,4.595616331926066778e-08,1.304055174955465191e-08,2.369871054952454870e-07,2.053495364862101269e-07,9.432515129446983337e-03,3.376961220055818558e-03,4.730966567993164062e+00,7.301084518432617188e+00,7.844864368438720703e+00,1.457780944569275761e-11,9.299043306210119653e-12,1.774038338453465258e-08,1.086418066620353784e-08,1.529856206161639420e-07,9.198583938996307552e-08,9.097268804907798767e-03,2.485200995579361916e-03,4.731190204620361328e+00,7.301556587219238281e+00,7.845395565032958984e+00,3.282815186141120193e-38,2.287811440640183503e-38,4.055050699469827477e-33,2.506153772282124651e-33,1.071041315349479487e-18,6.619399114621377927e-19,9.431003592908382416e-03,3.374590771272778511e-03,4.730967998504638672e+00,7.301088333129882812e+00,7.844868659973144531e+00
1.136894836425781250e+02,9.518351384851797548e-12,4.166236453051475053e-11,3.904956358269373595e-08,1.108098057756023991e-08,1.802502254122373415e-07,1.555291362365096575e-07,8.320201188325881958e-03,2.978744916617870331e-03,4.730952739715576172e+00,7.301740646362304688e+00,7.845733165740966797e+00,1.190318416749436281e-11,7.592973125247759469e-12,1.507372360265435418e-08,9.231200692738639191e-09,1.176312878214957891e-07,7.047736971799167804e-08,7.975793443620204926e-03,2.077111974358558655e-03,4.731179714202880859e+00,7.302217483520507812e+00,7.846275329589843750e+00,3.282815186141120193e-38,2.287811440640183503e-38,1.558142373927912433e-33,9.629794822020108891e-34,4.115372439961572227e-19,2.543440279884308931e-19,8.317835628986358643e-03,2.975046867504715919e-03,4.730954170227050781e+00,7.301744461059570312e+00,7.845738887786865234e+00
1.141903152465820312e+02,7.769896705200896037e-12,3.402167089716634507e-11,3.318026386978090159e-08,9.415671797796676401e-09,1.375879463694218430e-07,1.181761177804219187e-07,7.339057978242635727e-03,2.627487294375896454e-03,4.730940341949462891e+00,7.302319049835205078e+00,7.846499443054199219e+00,9.719434458654863107e-12,6.199998847655763257e-12,1.280797068403671801e-08,7.843710569943596056e-09,9.083860419423217536e-08,5.422050719516846584e-08,6.957274861633777618e-03,1.755548175424337387e-03,4.731168746948242188e+00,7.302798748016357422e+00,7.847044944763183594e+00,3.282815186141120193e-38,2.287811440640183503e-38,5.987380935090802212e-34,3.700351064745460175e-34,1.581315231656970281e-19,9.773065912775570032e-20,7.335513830184936523e-03,2.621945459395647049e-03,4.730942249298095703e+00,7.302323818206787109e+00,7.846506595611572266e+00
1.146911544799804688e+02,6.342600056274960707e-12,2.778178902207439904e-11,2.819246347485204751e-08,8.000435869348621054e-09,1.054268139455416531e-07,9.010785362306705792e-08,6.473593879491090775e-03,2.317642327398061752e-03,4.730929374694824219e+00,7.302829265594482422e+00,7.847175598144531250e+00,7.936024233601290945e-12,5.062395815047526781e-12,1.088227286061282939e-08,6.664444995863050281e-09,7.046439520763669861e-08,4.189367786011644057e-08,6.016694474965333939e-03,1.507950481027364731e-03,4.731159687042236328e+00,7.303315162658691406e+00,7.847727298736572266e+00,3.282815186141120193e-38,2.287811440640183503e-38,2.300875448923601582e-34,1.421965095681618864e-34,6.076051312099143443e-20,3.755206433652105307e-20,6.468425039201974869e-03,2.309566596522927284e-03,4.730932712554931641e+00,7.302834987640380859e+00,7.847184658050537109e+00
1.151919860839843750e+02,5.177507294423788764e-12,2.268613595590718290e-11,2.395401388355367089e-08,6.797788554280259632e-09,8.111530291898816358e-08,6.896542004142247606e-08,5.710194818675518036e-03,2.044336870312690735e-03,4.730919837951660156e+00,7.303279399871826172e+00,7.847771644592285156e+00,6.479958930549756246e-12,4.133587135773941768e-12,9.246163834575327201e-09,5.662514457327461059e-09,5.491849108807400626e-08,3.251726354847050970e-08,5.141534842550754547e-03,1.318886643275618553e-03,4.731154918670654297e+00,7.303776264190673828e+00,7.848332881927490234e+00,3.282815186141120193e-38,2.287811440640183503e-38,8.843838062101840928e-35,5.465252632366317326e-35,2.334698215002740679e-20,1.442922874544991006e-20,5.702913273125886917e-03,2.032946329563856125e-03,4.730924606323242188e+00,7.303289413452148438e+00,7.847781181335449219e+00
1.156928176879882812e+02,4.226433439336041431e-12,1.852488301645749402e-11,2.035236335018453246e-08,5.775806055652310533e-09,6.268113850182999158e-08,5.299649430412500806e-08,5.036815535277128220e-03,1.803258899599313736e-03,4.730911254882812500e+00,7.303676128387451172e+00,7.848297595977783203e+00,5.290933923624008273e-12,3.375119628223899326e-12,7.855792460986776859e-09,4.811061771192726155e-09,4.300988365457669715e-08,2.535866450159574015e-08,4.330854862928390503e-03,1.172293443232774734e-03,4.731153964996337891e+00,7.304188251495361328e+00,7.848880290985107422e+00,3.282815186141120193e-38,2.287811440640183503e-38,3.401026294179505236e-35,2.101409813116368997e-35,8.970984577258558122e-21,5.544373137783085526e-21,5.026865750551223755e-03,1.787662389688193798e-03,4.730917453765869141e+00,7.303687572479248047e+00,7.848311901092529297e+00
1.161936569213867188e+02,3.450054911896538457e-12,1.512668983127962719e-11,1.729187104615448334e-08,4.907358963635033433e-09,4.865681546561972937e-08,4.089914185101406474e-08,4.442832432687282562e-03,1.590605243109166622e-03,4.730904102325439453e+00,7.304026603698730469e+00,7.848761558532714844e+00,4.319984040629387678e-12,2.755759162531568052e-12,6.674274466433871567e-09,4.087501004335081234e-09,3.385026658975220926e-08,1.987217146393049916e-08,3.592710476368665695e-03,1.053239451721310616e-03,4.731154918670654297e+00,7.304557800292968750e+00,7.849366664886474609e+00,3.282815186141120193e-38,2.287811440640183503e-38,1.309628989524723978e-35,8.088551947218567882e-36,3.447014285492619175e-21,2.130371961732820134e-21,4.429637454450130463e-03,1.569842570461332798e-03,4.730910778045654297e+00,7.304041862487792969e+00,7.848779201507568359e+00
1.166944885253906250e+02,2.816302096045331105e-12,1.235175416808287352e-11,1.469136723386554877e-08,4.169421696786912435e-09,3.794934499978808162e-08,3.170528017903961882e-08,3.918902017176151276e-03,1.403030822984874249e-03,4.730897426605224609e+00,7.304335117340087891e+00,7.849170684814453125e+00,3.527278295833990995e-12,2.250092256614322217e-12,5.670508063104762186e-09,3.472791831882204860e-09,2.677546362406246772e-08,1.565041429785196669e-08,2.940130885690450668e-03,9.495139820501208305e-04,4.731158256530761719e+00,7.304884433746337891e+00,7.849792957305908203e+00,3.282815186141120193e-38,2.287811440640183503e-38,5.060370808031813742e-36,3.122080422881452084e-36,1.324501246398423882e-21,8.185867997168734229e-22,3.901861142367124557e-03,1.376081956550478935e-03,4.730906963348388672e+00,7.304354667663574219e+00,7.849192619323730469e+00
1.171953277587890625e+02,2.298958983251719879e-12,1.008573259630995977e-11,1.248170011791671641e-08,3.542377280396635797e-09,2.974242185871389665e-08,2.469325721676796093e-08,3.456749254837632179e-03,1.237573451362550259e-03,4.730891704559326172e+00,7.304607868194580078e+00,7.849531173706054688e+00,2.879930668941987904e-12,1.837150657296726664e-12,4.817492182951355062e-09,2.950396815748490553e-09,2.128526865874391660e-08,1.238719349316852458e-08,2.384607447311282158e-03,8.532147039659321308e-04,4.731156349182128906e+00,7.305165767669677734e+00,7.850165367126464844e+00,3.282815186141120193e-38,2.287811440640183503e-38,1.972573544443638319e-36,1.213716750675372378e-36,5.089268603539870744e-22,3.145340900151935185e-22,3.435306251049041748e-03,1.203421037644147873e-03,4.730903625488281250e+00,7.304633140563964844e+00,7.849556446075439453e+00
1.176961593627929688e+02,1.876656816057753474e-12,8.235371586062800731e-12,1.060423038268254459e-08,3.009590132663220174e-09,2.342635596619402349e-08,1.932520632408341044e-08,3.049102844670414925e-03,1.091629848815500736e-03,4.730886459350585938e+00,7.304848194122314453e+00,7.849849700927734375e+00,2.351433284197845808e-12,1.500019075964531545e-12,4.092837624369849436e-09,2.506610030650335830e-09,1.700532337167715013e-08,9.853755145172726770e-09,1.929392572492361069e-03,7.613826310262084007e-04,4.731151103973388672e+00,7.305403232574462891e+00,7.850479602813720703e+00,3.282815186141120193e-38,2.287811440640183503e-38,7.861279900707137928e-37,4.804530030102297444e-37,1.955530648235160706e-22,1.208584510372310383e-22,3.022771328687667847e-03,1.049286685883998871e-03,4.730900764465332031e+00,7.304877281188964844e+00,7.849882602691650391e+00
1.181969985961914062e+02,1.531923568033610739e-12,6.724394045060089198e-12,9.008995327519642160e-09,2.556886480320486044e-09,1.854412623458756570e-08,1.519890702184056863e-08,2.689522691071033478e-03,9.628945845179259777e-04,4.730881690979003906e+00,7.305060386657714844e+00,7.850130558013916016e+00,1.919855767418265913e-12,1.224714123518322317e-12,3.477041543575865035e-09,2.129484588664354305e-09,1.365208213144342153e-08,7.877264174283027387e-09,1.567148370668292046e-03,6.744948914274573326e-04,4.731139183044433594e+00,7.305601119995117188e+00,7.850742816925048828e+00,3.282815186141120193e-38,2.287811440640183503e-38,3.302369241223940128e-37,1.986968579100200008e-37,7.513937987553588055e-23,4.643869532298673180e-23,2.657947596162557602e-03,9.114569402299821377e-04,4.730898857116699219e+00,7.305094718933105469e+00,7.850170135498046875e+00
1.186978302001953125e+02,1.250519978367170548e-12,5.490604065155890723e-12,7.653635947235670756e-09,2.172248603216075935e-09,1.475309829856996657e-08,1.201359722813322151e-08,2.372351475059986115e-03,8.493423811160027981e-04,4.730877876281738281e+00,7.305247306823730469e+00,7.850378513336181641e+00,1.567519117978699583e-12,9.999545679331700576e-13,2.953929545412847801e-09,1.809119964946148684e-09,1.101224178512438812e-08,6.327975476949632139e-09,1.283465418964624405e-03,5.942132556810975075e-04,4.731122493743896484e+00,7.305762290954589844e+00,7.850962638854980469e+00,3.282815186141120193e-38,2.287811440640183503e-38,1.557484052249901094e-37,8.683984471189780951e-38,2.887200305305780633e-23,1.784387905936186372e-23,2.335325116291642189e-03,7.880115881562232971e-04,4.730896949768066406e+00,7.305289268493652344e+00,7.850422382354736328e+00
1.191986618041992188e+02,1.020808004098539001e-12,4.483146926609338223e-12,6.502085980741867388e-09,1.845443575732019781e-09,1.179535402684450673e-08,9.543550838486680732e-09,2.092583104968070984e-03,7.491807336919009686e-04,4.730874538421630859e+00,7.305412292480468750e+00,7.850596904754638672e+00,1.279819783137070566e-12,8.164278172788363985e-13,2.509451313414956530e-09,1.536909932653429678e-09,8.923356276113736385e-09,5.107376743751501635e-09,1.061960123479366302e-03,5.217258003540337086e-04,4.731102466583251953e+00,7.305894851684570312e+00,7.851144313812255859e+00,3.282815186141120193e-38,2.287811440640183503e-38,8.760990866478901218e-38,5.523628197326620791e-38,1.109395128079301516e-23,6.856438200269979136e-24,2.050128998234868050e-03,6.773277418687939644e-04,4.730896472930908203e+00,7.305459499359130859e+00,7.850647449493408203e+00
1.196995010375976562e+02,8.332899799866344548e-13,3.660500288299450844e-12,5.523701496201738337e-09,1.567777241362477980e-09,9.476427642596263468e-09,7.619126662916642090e-09,1.845803461037576199e-03,6.608295952901244164e-04,4.730871200561523438e+00,7.305557727813720703e+00,7.850790023803710938e+00,1.044901361615946378e-12,6.665705314101710854e-13,2.131793186421759856e-09,1.305620389580042229e-09,7.262125123475016153e-09,4.140896958659823213e-09,8.879119995981454849e-04,4.573672194965183735e-04,4.731082439422607422e+00,7.306003093719482422e+00,7.851295471191406250e+00,3.282815186141120193e-38,2.287811440640183503e-38,8.760990866478901218e-38,5.523628197326620791e-38,4.262743613285172252e-24,2.634520308197483602e-24,1.798229292035102844e-03,5.780712817795574665e-04,4.730895519256591797e+00,7.305609226226806641e+00,7.850849628448486328e+00
1.202003326416015625e+02,6.802202572910032163e-13,2.988789988070394976e-12,4.692482846735401836e-09,1.331872612198026218e-09,7.649352262717457052e-09,6.112575334782377467e-09,1.628129393793642521e-03,5.828986759297549725e-04,4.730868339538574219e+00,7.305686473846435547e+00,7.850959777832031250e+00,8.531206882426978222e-13,5.442298087882102564e-13,1.810994243456320874e-09,1.109152436562510502e-09,5.934590596723410272e-09,3.371880330504950507e-09,7.495868485420942307e-04,4.008164105471223593e-04,4.731061458587646484e+00,7.306091785430908203e+00,7.851421356201171875e+00,3.282815186141120193e-38,2.287811440640183503e-38,8.760990866478901218e-38,5.523628197326620791e-38,1.637941775617172057e-24,1.012303784472600347e-24,1.576058450154960155e-03,4.891706630587577820e-04,4.730895042419433594e+00,7.305744171142578125e+00,7.851026058197021484e+00
1.207011718750000000e+02,5.552665532232436973e-13,2.440311624649083022e-12,3.986283747536845112e-09,1.131446158986193495e-09,6.202528712861976601e-09,4.927275920607598891e-09,1.436122343875467777e-03,5.141569417901337147e-04,4.730865955352783203e+00,7.305799007415771484e+00,7.851109981536865234e+00,6.965162496243293422e-13,4.443291980009422826e-13,1.538409732937395802e-09,9.422109759071872759e-10,4.868380365508073737e-09,2.756856076757685514e-09,6.381084676831960678e-04,3.513658011797815561e-04,4.731039524078369141e+00,7.306167602539062500e+00,7.851529121398925781e+00,3.282815186141120193e-38,2.287811440640183503e-38,8.760990866478901218e-38,5.523628197326620791e-38,6.293633374656713626e-25,3.889679359684964301e-25,1.380503992550075054e-03,4.098335921298712492e-04,4.730895996093750000e+00,7.305862903594970703e+00,7.851181983947753906e+00
1.212020034790039062e+02,4.532677401816731511e-13,1.992475195250476006e-12,3.386330105215051844e-09,9.611704765433159992e-10,5.051106644060610051e-09,3.990079378013433598e-09,1.266761100850999355e-03,4.535227199085056782e-04,4.730864048004150391e+00,7.305899143218994141e+00,7.851241588592529297e+00,5.686707073120078615e-13,3.627734506024549166e-13,1.306871721951097243e-09,8.004076290646366942e-10,4.008133380750678043e-09,2.262668941099832409e-09,5.470383330248296261e-04,3.082235925830900669e-04,4.731021881103515625e+00,7.306228637695312500e+00,7.851619243621826172e+00,3.282815186141120193e-38,2.287811440640183503e-38,8.760990866478901218e-38,5.523628197326620791e-38,2.418303394837719529e-25,1.494593497142579999e-25,1.208791625685989857e-03,3.395616658963263035e-04,4.730896949768066406e+00,7.305966377258300781e+00,7.851319313049316406e+00
1.217028350830078125e+02,3.700053772485306647e-13,1.626810990605631613e-12,2.876636040483049328e-09,8.165094711465314958e-10,4.130211728181620856e-09,3.245316904099126987e-09,1.117372303269803524e-03,4.000389890279620886e-04,4.730862140655517578e+00,7.305987358093261719e+00,7.851358890533447266e+00,4.642829632035827547e-13,2.961819700088297314e-13,1.110154856931444556e-09,6.799293350567836569e-10,3.310823171176480173e-09,1.863663889878353075e-09,4.716603725682944059e-04,2.705804363358765841e-04,4.731005668640136719e+00,7.306284427642822266e+00,7.851692676544189453e+00,3.282815186141120193e-38,2.287811440640183503e-38,8.760990866478901218e-38,5.523628197326620791e-38,9.292232958655357583e-26,5.742916018175116798e-26,1.058282679878175259e-03,2.781528746709227562e-04,4.730895519256591797e+00,7.306059360504150391e+00,7.851439952850341797e+00
1.222036743164062500e+02,3.020373393666092587e-13,6.202031373977661133e-01,2.713460028171539307e-01,2.094509638845920563e-02,3.073669970035552979e-03,2.722106582950800657e-04,1.006849692203104496e-03,3.534896241035312414e-04,4.730860233306884766e+00,7.306065082550048828e+00,7.851461410522460938e+00,2.404919452965259552e-02,6.834555864334106445e-01,3.096899390220642090e-01,4.772675409913063049e-02,3.810505568981170654e-02,2.933946624398231506e-02,1.976709067821502686e-02,1.367962919175624847e-02,4.733800888061523438e+00,7.312240600585937500e+00,7.858474731445312500e+00,2.390914037823677063e-02,6.831528544425964355e-01,3.095076084136962891e-01,4.762431606650352478e-02,3.805794566869735718e-02,2.952817454934120178e-02,1.960887387394905090e-02,1.383798662573099136e-02,4.733909130096435547e+00,7.312465667724609375e+00,7.858732700347900391e+00
1.227045059204101562e+02,2.465552989636826675e-13,3.004086315631866455e-01,4.380950927734375000e-01,7.309310138225555420e-02,3.044729493558406830e-02,6.901873275637626648e-03,2.476141322404146194e-03,4.351949319243431091e-04,4.780807018280029297e+00,7.875035285949707031e+00,7.973695755004882812e+00,8.015936240553855896e-03,3.083313405513763428e-01,4.479058384895324707e-01,7.849442958831787109e-02,3.524865210056304932e-02,1.302228681743144989e-02,9.413776919245719910e-03,6.188215687870979309e-03,4.782612323760986328e+00,7.879286766052246094e+00,7.978045463562011719e+00,1.750230416655540466e-02,3.297213017940521240e-01,4.739013016223907471e-01,9.201443940401077271e-02,4.392534494400024414e-02,3.291539847850799561e-02,3.077240288257598877e-02,2.835151180624961853e-02,4.803756237030029297e+00,7.929284572601318359e+00,8.029166221618652344e+00
1.232053451538085938e+02,2.012641220133434827e-13,2.022219747304916382e-01,4.877550601959228516e-01,1.032553315162658691e-01,7.055932283401489258e-02,2.384463325142860413e-02,1.054658647626638412e-02,1.436840975657105446e-03,4.858370304107666016e+00,7.642547130584716797e+00,8.129005432128906250e+00,2.567289164289832115e-03,1.929137557744979858e-01,4.737522304058074951e-01,9.543563425540924072e-02,6.351551413536071777e-02,1.685631275177001953e-02,1.642621355131268501e-03,1.023891731165349483e-03,4.859040737152099609e+00,7.644011020660400391e+00,8.130636215209960938e+00,6.189985200762748718e-03,2.088310867547988892e-01,4.979469478130340576e-01,1.088915392756462097e-01,7.556117326021194458e-02,2.767775580286979675e-02,1.598626747727394104e-02,1.439178548753261566e-02,4.898502349853515625e+00,7.730314254760742188e+00,8.227017402648925781e+00
1.237061767578125000e+02,1.642932480599296197e-13,1.529112607240676880e-01,4.980983734130859375e-01,1.163090616464614868e-01,1.082787886261940002e-01,4.572527483105659485e-02,2.845346182584762573e-02,4.525017924606800079e-03,4.884009838104248047e+00,7.594349384307861328e+00,8.152880668640136719e+00,1.790696755051612854e-03,1.435225009918212891e-01,4.825333654880523682e-01,1.074910834431648254e-01,1.000184714794158936e-01,3.831130266189575195e-02,2.093498222529888153e-02,1.224004896357655525e-03,4.884453296661376953e+00,7.595302581787109375e+00,8.153960227966308594e+00,2.450271975249052048e-03,1.502890884876251221e-01,4.938669800758361816e-01,1.137557476758956909e-01,1.063921675086021423e-01,4.397540912032127380e-02,2.695886231958866119e-02,2.816829364746809006e-03,4.926945209503173828e+00,7.686432361602783203e+00,8.257429122924804688e+00
1.242070083618164062e+02,1.341136674371662396e-13,1.191981956362724304e-01,4.880975186824798584e-01,1.197321116924285889e-01,1.382334977388381958e-01,6.699058413505554199e-02,5.567318946123123169e-02,1.031947042793035507e-02,4.897034168243408203e+00,7.584203243255615234e+00,8.153426170349121094e+00,1.554329763166606426e-03,1.126503124833106995e-01,4.767344295978546143e-01,1.132078915834426880e-01,1.317179948091506958e-01,6.125696003437042236e-02,5.003226175904273987e-02,1.616213587112724781e-03,4.897413730621337891e+00,7.585013389587402344e+00,8.154344558715820312e+00,1.380211091600358486e-03,1.111458688974380493e-01,4.740763604640960693e-01,1.117224320769309998e-01,1.300874501466751099e-01,5.983006954193115234e-02,4.858418181538581848e-02,9.254990145564079285e-04,4.940048694610595703e+00,7.675813198089599609e+00,8.257698059082031250e+00
1.247078475952148438e+02,1.094775176546311513e-13,9.359502047300338745e-02,4.656705558300018311e-01,1.176607087254524231e-01,1.594864130020141602e-01,8.464446663856506348e-02,8.958531916141510010e-02,1.866983808577060699e-02,4.907200336456298828e+00,7.582840442657470703e+00,8.151431083679199219e+00,1.264399848878383636e-03,8.865020424127578735e-02,4.569212496280670166e-01,1.125466525554656982e-01,1.540200859308242798e-01,7.986493408679962158e-02,8.507703244686126709e-02,9.329534135758876801e-03,4.907876014709472656e+00,7.584287166595458984e+00,8.153071403503417969e+00,6.673750467598438263e-04,8.250083774328231812e-02,4.459698498249053955e-01,1.061336845159530640e-01,1.471312642097473145e-01,7.382474094629287720e-02,7.872538268566131592e-02,1.520292600616812706e-03,4.949357509613037109e+00,7.672273159027099609e+00,8.253208160400390625e+00
1.252086791992187500e+02,8.936720721081092833e-14,7.361609488725662231e-02,4.357389807701110840e-01,1.123440042138099670e-01,1.726741939783096313e-01,9.763818979263305664e-02,1.270295679569244385e-01,2.891968004405498505e-02,4.917517185211181641e+00,7.584549903869628906e+00,8.150671958923339844e+00,1.114464947022497654e-03,7.030689716339111328e-02,4.300024509429931641e-01,1.088247820734977722e-01,1.689909994602203369e-01,9.440951049327850342e-02,1.236898824572563171e-01,2.556347288191318512e-02,4.916629314422607422e+00,7.582693099975585938e+00,8.148559570312500000e+00,4.065459943376481533e-04,5.974197015166282654e-02,4.112060666084289551e-01,9.753349423408508301e-02,1.562266647815704346e-01,8.321018517017364502e-02,1.118471100926399231e-01,1.582941040396690369e-02,4.957843780517578125e+00,7.669816017150878906e+00,8.247651100158691406e+00
1.257095184326171875e+02,7.295088876512964560e-14,5.792450904846191406e-02,4.017475247383117676e-01,1.051385849714279175e-01,1.789612919092178345e-01,1.059844493865966797e-01,1.651105880737304688e-01,4.022422432899475098e-02,4.929039478302001953e+00,7.588342189788818359e+00,8.151788711547851562e+00,1.178750768303871155e-03,5.605364218354225159e-02,3.986031711101531982e-01,1.031374782323837280e-01,1.768319755792617798e-01,1.041069328784942627e-01,1.630675196647644043e-01,3.837690874934196472e-02,4.927244186401367188e+00,7.584583759307861328e+00,8.147516250610351562e+00,2.921125851571559906e-04,4.352474585175514221e-02,3.767555952072143555e-01,8.951469510793685913e-02,1.612078100442886353e-01,9.033972769975662231e-02,1.477809548377990723e-01,2.617866732180118561e-02,4.966578960418701172e+00,7.667445659637451172e+00,8.241692543029785156e+00
1.262103500366210938e+02,5.955034642485257379e-14,4.558195546269416809e-02,3.661296665668487549e-01,9.693400561809539795e-02,1.796430498361587524e-01,1.101892068982124329e-01,2.014988511800765991e-01,5.176182836294174194e-02,4.942033767700195312e+00,7.594117164611816406e+00,8.154916763305664062e+00,1.269205473363399506e-03,4.468054696917533875e-02,3.647221624851226807e-01,9.599022567272186279e-02,1.786705106496810913e-01,1.093234568834304810e-01,2.005176693201065063e-01,5.091773718595504761e-02,4.939670085906982422e+00,7.589181423187255859e+00,8.149317741394042969e+00,2.199308946728706360e-04,3.180751204490661621e-02,3.428770005702972412e-01,8.186313509941101074e-02,1.622511893510818481e-01,9.476526826620101929e-02,1.834819763898849487e-01,3.771523758769035339e-02,4.975811004638671875e+00,7.665045738220214844e+00,8.235471725463867188e+00
1.267111816406250000e+02,4.861138008511838027e-14,3.587009757757186890e-02,3.305662274360656738e-01,8.833386749029159546e-02,1.759731918573379517e-01,1.109466031193733215e-01,2.344958335161209106e-01,6.284252554178237915e-02,4.956377029418945312e+00,7.601879596710205078e+00,8.160116195678710938e+00,1.299448078498244286e-03,3.541037812829017639e-02,3.299465775489807129e-01,8.789110183715820312e-02,1.755476295948028564e-01,1.105617210268974304e-01,2.340511083602905273e-01,6.247037649154663086e-02,4.954036235809326172e+00,7.597005367279052734e+00,8.154586791992187500e+00,1.803155028028413653e-04,2.366512268781661987e-02,3.106488883495330811e-01,7.494799792766571045e-02,1.603860706090927124e-01,9.701982140541076660e-02,2.173580378293991089e-01,4.990721866488456726e-02,4.985429286956787109e+00,7.662668228149414062e+00,8.229099273681640625e+00
1.272120208740234375e+02,3.968169448088400275e-14,2.822751738131046295e-02,2.961803376674652100e-01,7.974787801504135132e-02,1.690815538167953491e-01,1.089816316962242126e-01,2.629859149456024170e-01,7.294498383998870850e-02,4.971751689910888672e+00,7.611577510833740234e+00,8.167407035827636719e+00,1.322251046076416969e-03,2.792379632592201233e-02,2.958614826202392578e-01,7.950708270072937012e-02,1.688610464334487915e-01,1.087782457470893860e-01,2.627495229244232178e-01,7.275450229644775391e-02,4.969708919525146484e+00,7.607336521148681641e+00,8.162598609924316406e+00,1.664163864916190505e-04,1.835594326257705688e-02,2.806774973869323730e-01,6.894813477993011475e-02,1.564686447381973267e-01,9.762051701545715332e-02,2.483182698488235474e-01,6.211712211370468140e-02,4.995223045349121094e+00,7.660515785217285156e+00,8.222898483276367188e+00
1.277128524780273438e+02,3.239244403306987263e-14,2.221338637173175812e-02,2.636865675449371338e-01,7.144799828529357910e-02,1.599398702383041382e-01,1.049723252654075623e-01,2.863470017910003662e-01,8.171506971120834351e-02,4.987767696380615234e+00,7.623085021972656250e+00,8.176749229431152344e+00,1.354119391180574894e-03,2.186255902051925659e-02,2.634577155113220215e-01,7.126718014478683472e-02,1.597812771797180176e-01,1.048228740692138672e-01,2.861749231815338135e-01,8.158008009195327759e-02,4.986104011535644531e+00,7.619637012481689453e+00,8.172844886779785156e+00,1.778331061359494925e-04,1.522702351212501526e-02,2.532144188880920410e-01,6.388998776674270630e-02,1.511457264423370361e-01,9.698150306940078735e-02,2.756009697914123535e-01,7.387345284223556519e-02,5.004996776580810547e+00,7.658888816833496094e+00,8.217313766479492188e+00
1.282136840820312500e+02,2.644213922256208327e-14,1.748059317469596863e-02,2.335004955530166626e-01,6.360597163438796997e-02,1.493529677391052246e-01,9.951384365558624268e-02,3.043535053730010986e-01,8.894736319780349731e-02,5.004028320312500000e+00,7.636213779449462891e+00,8.188039779663085938e+00,1.426539849489927292e-03,1.677238941192626953e-02,2.332594990730285645e-01,6.340785324573516846e-02,1.491890698671340942e-01,9.935519099235534668e-02,3.041799068450927734e-01,8.881007879972457886e-02,5.002777099609375000e+00,7.633631706237792969e+00,8.185115814208984375e+00,2.251821279060095549e-04,1.347341015934944153e-02,2.281605750322341919e-01,5.960808321833610535e-02,1.447828859090805054e-01,9.531581401824951172e-02,2.985736131668090820e-01,8.470139652490615845e-02,5.014767646789550781e+00,7.658467292785644531e+00,8.213233947753906250e+00
1.287145233154296875e+02,2.158483725686177052e-14,1.375614758580923080e-02,2.058262825012207031e-01,5.632187798619270325e-02,1.379668712615966797e-01,9.310634434223175049e-02,3.170786798000335693e-01,9.455768018960952759e-02,5.020176887512207031e+00,7.650731086730957031e+00,8.201112747192382812e+00,1.637852750718593597e-03,1.210744585841894150e-02,2.054928094148635864e-01,5.603900924324989319e-02,1.377414762973785400e-01,9.288197010755538940e-02,3.168513774871826172e-01,9.437214583158493042e-02,5.019412040710449219e+00,7.649162769317626953e+00,8.199337959289550781e+00,3.326814912725239992e-04,1.215776335448026657e-02,2.045228183269500732e-01,5.529322475194931030e-02,1.368824392557144165e-01,9.208254516124725342e-02,3.157577514648437500e-01,9.352525323629379272e-02,5.025490760803222656e+00,7.661720752716064453e+00,8.213542938232421875e+00
1.292153625488281250e+02,1.761979979779913774e-14,1.082523725926876068e-02,1.807198822498321533e-01,4.964469000697135925e-02,1.262846291065216064e-01,8.615563064813613892e-02,3.248098790645599365e-01,9.855574369430541992e-02,5.035912513732910156e+00,7.666378498077392578e+00,8.215751647949218750e+00,2.040109131485223770e-03,6.926539354026317596e-03,1.802279204130172729e-01,4.922241345047950745e-02,1.259546428918838501e-01,8.581987023353576660e-02,3.244974911212921143e-01,9.829445183277130127e-02,5.035832881927490234e+00,7.666234016418457031e+00,8.215584754943847656e+00,4.790981183759868145e-04,1.048967894166707993e-02,1.806494146585464478e-01,4.957950115203857422e-02,1.262446343898773193e-01,8.610909432172775269e-02,3.247991800308227539e-01,9.852595627307891846e-02,5.038946628570556641e+00,7.672646522521972656e+00,8.222838401794433594e+00
1.297161865234375000e+02,1.438320897930930875e-14,8.518853224813938141e-03,1.581366956233978271e-01,4.358777031302452087e-02,1.146858185529708862e-01,7.898073643445968628e-02,3.279771208763122559e-01,1.010196730494499207e-01,5.051000118255615234e+00,7.682888984680175781e+00,8.231709480285644531e+00,1.318254973739385605e-03,2.169091021642088890e-03,1.579241305589675903e-01,4.341131448745727539e-02,1.145516410470008850e-01,7.884418964385986328e-02,3.278666436672210693e-01,1.009285598993301392e-01,5.051447391510009766e+00,7.683818817138671875e+00,8.232759475708007812e+00,5.401403177529573441e-04,8.404645137488842010e-03,1.581326276063919067e-01,4.357961937785148621e-02,1.146921887993812561e-01,7.898066192865371704e-02,3.280129730701446533e-01,1.010314747691154480e-01,5.053287982940673828e+00,7.687605381011962891e+00,8.237040519714355469e+00
1.302170257568359375e+02,1.174107435353202028e-14,6.703807972371578217e-03,1.379640698432922363e-01,3.813963755965232849e-02,1.034452319145202637e-01,7.182371616363525391e-02,3.270952999591827393e-01,1.020742431282997131e-01,5.065266132354736328e+00,7.700000286102294922e+00,8.248720169067382812e+00,6.975561846047639847e-04,8.739791810512542725e-04,1.379300206899642944e-01,3.810942545533180237e-02,1.034241765737533569e-01,7.180105149745941162e-02,3.270845115184783936e-01,1.020621880888938904e-01,5.065736770629882812e+00,7.700968742370605469e+00,8.249816894531250000e+00,5.419387016445398331e-04,6.490722764283418655e-03,1.378975212574005127e-01,3.807877376675605774e-02,1.033937409520149231e-01,7.176513969898223877e-02,3.270654380321502686e-01,1.020314246416091919e-01,5.067133426666259766e+00,7.703845024108886719e+00,8.253065109252929688e+00
1.307178649902343750e+02,9.584287912465551396e-15,5.275479517877101898e-03,1.200509220361709595e-01,3.327349945902824402e-02,9.275411069393157959e-02,6.486268341541290283e-02,3.227185904979705811e-01,1.018723994493484497e-01,5.078595638275146484e+00,7.717463493347167969e+00,8.266511917114257812e+00,4.906471003778278828e-04,5.467323353514075279e-04,1.200421378016471863e-01,3.326479345560073853e-02,9.274943917989730835e-02,6.485673785209655762e-02,3.227207660675048828e-01,1.018711179494857788e-01,5.078989505767822266e+00,7.718274116516113281e+00,8.267426490783691406e+00,5.786816473118960857e-04,4.752366337925195694e-03,1.198424622416496277e-01,3.308892622590065002e-02,9.257081896066665649e-02,6.466632336378097534e-02,3.225488066673278809e-01,1.017059907317161560e-01,5.080259323120117188e+00,7.720900535583496094e+00,8.270394325256347656e+00
1.312187042236328125e+02,7.823697744345492477e-15,4.151477944105863571e-03,1.042231842875480652e-01,2.895261719822883606e-02,3.771764338016510010e-01,1.924947142601013184e+00,8.744761943817138672e-01,1.344882398843765259e-01,5.093181133270263672e+00,7.735148429870605469e+00,8.284828186035156250e+00,8.284858631668612361e-05,1.615315995877608657e-04,9.583102166652679443e-02,1.782072335481643677e-02,3.660506606101989746e-01,1.873973131179809570e+00,8.572970628738403320e-01,1.197679936885833740e-01,5.114531040191650391e+00,7.779491901397705078e+00,8.334877967834472656e+00,1.897448419185820967e-05,1.009469851851463318e-04,9.612165391445159912e-02,1.931087858974933624e-02,3.659409582614898682e-01,1.873466014862060547e+00,8.571627736091613770e-01,1.197061538696289062e-01,5.115841865539550781e+00,7.782202243804931641e+00,8.337942123413085938e+00
1.317195281982421875e+02,6.386560659661644213e-15,3.266981570050120354e-03,9.029803425073623657e-02,2.513505704700946808e-02,5.591590404510498047e-01,9.095551371574401855e-01,1.456993579864501953e+00,3.017718493938446045e-01,5.152226448059082031e+00,7.759666442871093750e+00,8.304830551147460938e+00,2.058805257547646761e-04,2.397297794232144952e-04,9.020278602838516235e-02,2.495913580060005188e-02,5.591434836387634277e-01,9.095249176025390625e-01,1.456965804100036621e+00,3.017665147781372070e-01,5.152571201324462891e+00,7.760369300842285156e+00,8.305624008178710938e+00,1.077907768376462627e-06,3.480633040453540161e-06,8.648695051670074463e-02,2.115800976753234863e-02,5.548961162567138672e-01,9.031300544738769531e-01,1.446527600288391113e+00,2.986766695976257324e-01,5.159775733947753906e+00,7.775013446807861328e+00,8.322144508361816406e+00
1.322203674316406250e+02,5.213379370132970037e-15,2.570913406088948250e-03,7.809093594551086426e-02,2.177629433572292328e-02,4.937588870525360107e-01,5.420156121253967285e-01,1.612807393074035645e+00,4.212659001350402832e-01,5.255348205566406250e+00,7.803145408630371094e+00,8.333169937133789062e+00,1.746463094605132937e-04,1.928632846102118492e-04,7.770472019910812378e-02,2.107772417366504669e-02,4.936399459838867188e-01,5.418716669082641602e-01,1.612507343292236328e+00,4.211550951004028320e-01,5.255903720855712891e+00,7.804258823394775391e+00,8.334416389465332031e+00,2.960069878099602647e-07,3.208775183338730130e-07,7.691857218742370605e-02,2.017671056091785431e-02,4.935333728790283203e-01,5.417479276657104492e-01,1.612228512763977051e+00,4.210456907749176025e-01,5.257357120513916016e+00,7.807144641876220703e+00,8.337660789489746094e+00
1.327212066650390625e+02,4.255705285242418479e-15,2.023149980232119560e-03,6.742445379495620728e-02,1.883212104439735413e-02,3.920041620731353760e-01,3.705638051033020020e-01,1.628605484962463379e+00,4.776678085327148438e-01,5.366705417633056641e+00,7.864965915679931641e+00,8.375980377197265625e+00,1.583258272148668766e-04,1.612172345630824566e-04,6.672307848930358887e-02,1.744091138243675232e-02,3.918395042419433594e-01,3.703863024711608887e-01,1.628118634223937988e+00,4.774648845195770264e-01,5.367483139038085938e+00,7.866490364074707031e+00,8.377683639526367188e+00,1.107708342829027970e-07,7.689627778972862870e-08,6.663625687360763550e-02,1.754717528820037842e-02,3.918700218200683594e-01,3.704163432121276855e-01,1.628224492073059082e+00,4.774967133998870850e-01,5.368259906768798828e+00,7.867996215820312500e+00,8.379366874694824219e+00
1.332220306396484375e+02,3.473972648990793916e-15,1.592105603776872158e-03,5.813045799732208252e-02,1.625966839492321014e-02,3.020032942295074463e-01,2.696936428546905518e-01,1.583903193473815918e+00,4.937959313392639160e-01,5.467190265655517578e+00,7.938816070556640625e+00,8.434035301208496094e+00,1.462733052903786302e-04,1.367811637464910746e-04,5.716273561120033264e-02,1.404027640819549561e-02,3.018487691879272461e-01,2.695375680923461914e-01,1.583389401435852051e+00,4.935642480850219727e-01,5.468156814575195312e+00,7.940679550170898438e+00,8.436111450195312500e+00,4.118826169019484951e-08,2.639535523485392332e-08,5.715479329228401184e-02,1.447755843400955200e-02,3.018602728843688965e-01,2.695488929748535156e-01,1.583429574966430664e+00,4.935728013515472412e-01,5.468715667724609375e+00,7.941749572753906250e+00,8.437305450439453125e+00
1.337228698730468750e+02,2.835818873562351294e-15,1.252888352610170841e-03,5.005177855491638184e-02,1.401813887059688568e-02,2.309236526489257812e-01,2.014734596014022827e-01,1.507267236709594727e+00,4.868391752243041992e-01,5.550934314727783203e+00,8.018744468688964844e+00,8.504424095153808594e+00,1.301957236137241125e-04,1.141253524110652506e-04,4.881693050265312195e-02,1.042556669563055038e-02,2.307958006858825684e-01,2.013402134180068970e-01,1.506882429122924805e+00,4.866509139537811279e-01,5.552161216735839844e+00,8.021082878112792969e+00,8.507019996643066406e+00,1.560013984658326081e-08,9.769479447641060688e-09,4.865119233727455139e-02,1.091524399816989899e-02,2.307720333337783813e-01,2.013167291879653931e-01,1.506799697875976562e+00,4.866067171096801758e-01,5.552657604217529297e+00,8.022027015686035156e+00,8.508068084716796875e+00
1.342237091064453125e+02,2.314891069902114823e-15,9.859453421086072922e-04,4.304500669240951538e-02,1.206982508301734924e-02,1.765989661216735840e-01,1.523021012544631958e-01,1.413005709648132324e+00,4.668645262718200684e-01,5.618035793304443359e+00,8.100419998168945312e+00,8.583003997802734375e+00,1.140392851084470749e-04,9.458863496547564864e-05,4.175193607807159424e-02,7.411189377307891846e-03,1.765151172876358032e-01,1.522091925144195557e-01,1.412823915481567383e+00,4.667622745037078857e-01,5.619392395019531250e+00,8.102997779846191406e+00,8.585856437683105469e+00,5.959199356198041642e-09,3.701541517742157339e-09,4.133469611406326294e-02,7.218427490442991257e-03,1.764860302209854126e-01,1.521781533956527710e-01,1.412761926651000977e+00,4.667271077632904053e-01,5.619964599609375000e+00,8.104082107543945312e+00,8.587059974670410156e+00
1.347245483398437500e+02,1.889655331150275237e-15,7.758776191622018814e-04,3.697966784238815308e-02,1.038005482405424118e-02,1.354553550481796265e-01,1.159176975488662720e-01,1.310007333755493164e+00,4.397092163562774658e-01,5.670679569244384766e+00,8.180931091308593750e+00,8.665811538696289062e+00,1.000655902316793799e-04,7.877450843807309866e-05,3.577337414026260376e-02,5.461881402879953384e-03,1.354100108146667480e-01,1.158642470836639404e-01,1.309952735900878906e+00,4.396663010120391846e-01,5.671998023986816406e+00,8.183438301086425781e+00,8.668586730957031250e+00,2.284651579032015434e-09,1.414659167586762578e-09,3.521345555782318115e-02,4.392386414110660553e-03,1.354141980409622192e-01,1.158679127693176270e-01,1.309999108314514160e+00,4.396823942661285400e-01,5.672643184661865234e+00,8.184658050537109375e+00,8.669941902160644531e+00
1.352253723144531250e+02,1.542543029310475874e-15,6.105719367042183876e-04,3.173846751451492310e-02,8.917389437556266785e-03,1.043279543519020081e-01,8.868788927793502808e-02,1.204221367835998535e+00,4.089148938655853271e-01,5.711477756500244141e+00,8.258396148681640625e+00,8.749603271484375000e+00,8.712884300621226430e-05,6.557743472512811422e-05,3.065930306911468506e-02,4.182668402791023254e-03,1.043056398630142212e-01,8.865877240896224976e-02,1.204225063323974609e+00,4.089027047157287598e-01,5.712691307067871094e+00,8.260706901550292969e+00,8.752162933349609375e+00,8.771504633742210899e-10,5.424865001657508401e-10,3.008932992815971375e-02,2.713695168495178223e-03,1.043302789330482483e-01,8.868476003408432007e-02,1.204313278198242188e+00,4.089413583278656006e-01,5.713324546813964844e+00,8.261912345886230469e+00,8.753501892089843750e+00
1.357262115478515625e+02,1.259185203344613188e-15,4.804825293831527233e-04,2.721615135669708252e-02,7.653410546481609344e-03,8.073126524686813354e-02,6.818427890539169312e-02,1.099629402160644531e+00,3.767194747924804688e-01,5.742859840393066406e+00,8.331662178039550781e+00,8.831954002380371094e+00,7.485668902518227696e-05,5.433800833998247981e-05,2.626575157046318054e-02,3.297696122899651527e-03,8.071901649236679077e-02,6.816601008176803589e-02,1.099650621414184570e+00,3.767184913158416748e-01,5.743944168090820312e+00,8.333742141723632812e+00,8.834263801574707031e+00,3.369338419378919980e-10,2.082893441057720452e-10,2.575365453958511353e-02,1.842123339883983135e-03,8.074369281530380249e-02,6.819274276494979858e-02,1.099725484848022461e+00,3.767530918121337891e-01,5.744512557983398438e+00,8.334824562072753906e+00,8.835464477539062500e+00
1.362270507812500000e+02,1.027878610778711326e-15,3.781101549975574017e-04,2.331963554024696350e-02,6.562847178429365158e-03,6.278666853904724121e-02,5.267829075455665588e-02,9.988346099853515625e-01,3.445682227611541748e-01,5.766881465911865234e+00,8.400071144104003906e+00,8.911162376403808594e+00,6.336583464872092009e-05,4.472365981200709939e-05,2.247855812311172485e-02,2.660728758201003075e-03,6.277267634868621826e-02,5.265780538320541382e-02,9.988459944725036621e-01,3.445634245872497559e-01,5.767842769622802734e+00,8.401930809020996094e+00,8.913228988647460938e+00,1.294492985026707288e-10,8.001135864965647215e-11,2.204186469316482544e-02,1.373977051116526127e-03,6.279210746288299561e-02,5.267948284745216370e-02,9.989000558853149414e-01,3.445893526077270508e-01,5.768322944641113281e+00,8.402855873107910156e+00,8.914256095886230469e+00
1.367278747558593750e+02,8.390671317809656783e-16,2.975515380967408419e-04,1.996660605072975159e-02,5.623235367238521576e-03,4.908816888928413391e-02,4.090537130832672119e-02,9.034477472305297852e-01,3.133871853351593018e-01,5.785212516784667969e+00,8.463319778442382812e+00,8.986117362976074219e+00,5.288862666930072010e-05,3.654200554592534900e-05,1.919132471084594727e-02,2.192668616771697998e-03,4.905661568045616150e-02,4.086366295814514160e-02,9.034260511398315430e-01,3.133630156517028809e-01,5.786073684692382812e+00,8.464999198913574219e+00,8.987986564636230469e+00,4.973911560401944598e-11,3.074146839865399272e-11,1.883796229958534241e-02,1.088280696421861649e-03,4.907664284110069275e-02,4.088723659515380859e-02,9.034731984138488770e-01,3.133879899978637695e-01,5.786465644836425781e+00,8.465760231018066406e+00,8.988835334777832031e+00
1.372287139892578125e+02,6.849341874954359508e-16,2.341546642128378153e-04,1.708432659506797791e-02,4.814640153199434280e-03,3.858567029237747192e-02,3.192993625998497009e-02,8.143689632415771484e-01,2.837473452091217041e-01,5.799175262451171875e+00,8.521351814270019531e+00,9.056168556213378906e+00,4.360091406852006912e-05,2.964740451716352254e-05,1.629496552050113678e-02,1.849212218075990677e-03,3.851000964641571045e-02,3.183232992887496948e-02,8.142901659011840820e-01,2.836849987506866455e-01,5.799976348876953125e+00,8.522927284240722656e+00,9.057927131652832031e+00,1.911150404598771502e-11,1.181169658609482198e-11,1.605751179158687592e-02,8.921319385990500450e-04,3.854653984308242798e-02,3.187844529747962952e-02,8.143510222434997559e-01,2.837224304676055908e-01,5.800274848937988281e+00,8.523510932922363281e+00,9.058577537536621094e+00
1.377295532226562500e+02,5.591146959004205004e-16,1.842651981860399246e-04,1.460930705070495605e-02,4.119597375392913818e-03,3.049663640558719635e-02,2.505811676383018494e-02,7.320179939270019531e-01,2.559799849987030029e-01,5.809798717498779297e+00,8.574272155761718750e+00,9.120999336242675781e+00,3.558028765837661922e-05,2.390627196291461587e-05,1.367920543998479843e-02,1.606080099008977413e-03,3.033396229147911072e-02,2.484319359064102173e-02,7.318574190139770508e-01,2.558577358722686768e-01,5.810597896575927734e+00,8.575857162475585938e+00,9.122768402099609375e+00,7.343374172630312557e-12,4.538473763471273514e-12,1.363449450582265854e-02,7.464443333446979523e-04,3.041546605527400970e-02,2.495280839502811432e-02,7.319542169570922852e-01,2.559241652488708496e-01,5.810783863067626953e+00,8.576222419738769531e+00,9.123177528381347656e+00
1.382303771972656250e+02,4.564105216777380927e-16,1.450063282391056418e-04,1.248602475970983505e-02,3.522785846143960953e-03,2.423610910773277283e-02,1.977300085127353668e-02,6.564788222312927246e-01,2.302487492561340332e-01,5.817878246307373047e+00,8.622293472290039062e+00,9.180532455444335938e+00,2.879944622691255063e-05,1.917781628435477614e-05,1.123397052288055420e-02,1.450995448976755142e-03,2.393023669719696045e-02,1.934951730072498322e-02,6.562209725379943848e-01,2.300490438938140869e-01,5.818745613098144531e+00,8.624032020568847656e+00,9.182475090026855469e+00,2.821697736576922466e-12,1.743907644159714554e-12,1.151422318071126938e-02,6.328925956040620804e-04,2.409336157143115997e-02,1.958457939326763153e-02,6.563670039176940918e-01,2.301567196846008301e-01,5.818788051605224609e+00,8.624109268188476562e+00,9.182564735412597656e+00
1.387312164306640625e+02,3.725697976601885552e-16,1.141109605669043958e-04,1.066590752452611923e-02,3.010762855410575867e-03,1.936558820307254791e-02,1.568832620978355408e-02,5.876058936119079590e-01,2.066007107496261597e-01,5.824024200439453125e+00,8.665698051452636719e+00,9.234867095947265625e+00,2.316045356565155089e-05,1.531913403596263379e-05,8.844543248414993286e-03,1.376157044433057308e-03,1.886650547385215759e-02,1.496613211929798126e-02,5.872570276260375977e-01,2.063213884830474854e-01,5.825033187866210938e+00,8.667737960815429688e+00,9.237152099609375000e+00,1.084209545060277335e-12,6.700785759594651836e-13,9.650809690356254578e-03,5.417066859081387520e-04,1.913748309016227722e-02,1.537730172276496887e-02,5.874444246292114258e-01,2.064673453569412231e-01,5.824897289276123047e+00,8.667456626892089844e+00,9.236838340759277344e+00
1.392320556640625000e+02,3.041302237363107319e-16,8.979820995591580868e-05,9.106907993555068970e-03,2.571864984929561615e-03,1.555642951279878616e-02,1.251552812755107880e-02,5.251173973083496094e-01,1.850088536739349365e-01,5.828701972961425781e+00,8.704801559448242188e+00,9.284206390380859375e+00,1.853206595114897937e-05,1.219524165207985789e-05,6.461286451667547226e-03,1.354098087176680565e-03,1.493258029222488403e-02,1.137596927583217621e-02,5.247409343719482422e-01,1.846965700387954712e-01,5.829895019531250000e+00,8.707225799560546875e+00,9.286928176879882812e+00,4.165969056269674953e-13,2.574711006463753504e-13,8.009161800146102905e-03,4.663330910261720419e-04,1.521618850529193878e-02,1.203006412833929062e-02,5.249040722846984863e-01,1.848283708095550537e-01,5.829577922821044922e+00,8.706578254699707031e+00,9.286201477050781250e+00
1.397328948974609375e+02,2.482626833924956580e-16,7.066557736834511161e-05,7.772491779178380966e-03,2.195934765040874481e-03,1.256111264228820801e-02,1.003804802894592285e-02,4.686431586742401123e-01,1.653958708047866821e-01,5.832265377044677734e+00,8.739934921264648438e+00,9.328828811645507812e+00,1.476669785915873945e-05,9.680326911620795727e-06,4.341390449553728104e-03,1.302152872085571289e-03,1.202448550611734390e-02,8.344160392880439758e-03,4.683294296264648438e-01,1.651244908571243286e-01,5.833606243133544922e+00,8.742673873901367188e+00,9.331906318664550781e+00,1.600733163641815393e-13,9.893076483892537798e-14,6.569270044565200806e-03,4.010983102489262819e-04,1.209338381886482239e-02,9.296271950006484985e-03,4.683827161788940430e-01,1.651687473058700562e-01,5.833177566528320312e+00,8.741799354553222656e+00,9.330924034118652344e+00
1.402337188720703125e+02,2.026590515521447676e-16,5.560979479923844337e-05,6.631062831729650497e-03,1.874170848168432713e-03,1.019282080233097076e-02,8.093083277344703674e-03,4.177679717540740967e-01,1.476545780897140503e-01,5.834980964660644531e+00,8.771430969238281250e+00,9.369047164916992188e+00,1.172599422716302797e-05,7.665843440918251872e-06,2.892381045967340469e-03,1.170683652162551880e-03,9.708519093692302704e-03,5.944790318608283997e-03,4.175448417663574219e-01,1.474500149488449097e-01,5.836383342742919922e+00,8.774307250976562500e+00,9.372283935546875000e+00,6.150842232462497283e-14,3.801429657168675647e-14,5.319011863321065903e-03,3.426501061767339706e-04,9.624747559428215027e-03,6.979240104556083679e-03,4.174800515174865723e-01,1.473949998617172241e-01,5.835953235626220703e+00,8.773427963256835938e+00,9.371292114257812500e+00
1.407345581054687500e+02,1.654313314804976278e-16,4.376142169348895550e-05,5.655214190483093262e-03,1.598926028236746788e-03,8.309832774102687836e-03,6.557679269462823868e-03,3.720536231994628906e-01,1.316592246294021606e-01,5.837054252624511719e+00,8.799614906311035156e+00,9.405200004577636719e+00,9.286484782933257520e-06,6.059388397261500359e-06,2.063069259747862816e-03,1.013733213767409325e-03,7.580408360809087753e-03,4.285278264433145523e-03,3.718805909156799316e-01,1.314901411533355713e-01,5.838453769683837891e+00,8.802495956420898438e+00,9.408449172973632812e+00,2.363401832637494759e-14,1.460662747167478653e-14,4.237649962306022644e-03,2.915663353633135557e-04,7.679285481572151184e-03,5.005432292819023132e-03,3.717668056488037109e-01,1.313915252685546875e-01,5.838088512420654297e+00,8.801750183105468750e+00,9.407603263854980469e+00
1.412353973388671875e+02,1.350422510225162895e-16,3.443750028964132071e-05,4.821396432816982269e-03,1.363618765026330948e-03,6.804569158703088760e-03,5.338933784514665604e-03,3.310665786266326904e-01,1.172780916094779968e-01,5.838637828826904297e+00,8.824794769287109375e+00,9.437621116638183594e+00,7.340989213844295591e-06,4.783619260706473142e-06,1.593656023032963276e-03,8.746922831051051617e-04,5.593819078058004379e-03,3.200225299224257469e-03,3.309332132339477539e-01,1.171414405107498169e-01,5.839996814727783203e+00,8.827608108520507812e+00,9.440792083740234375e+00,9.081143565532918960e-15,5.612455555100044624e-15,3.293643007054924965e-03,2.493508218321949244e-04,6.105732172727584839e-03,3.421715693548321724e-03,3.308085799217224121e-01,1.170289665460586548e-01,5.839718818664550781e+00,8.827035903930664062e+00,9.440151214599609375e+00
1.417362213134765625e+02,1.102364147061412735e-16,2.710043190745636821e-05,4.109306260943412781e-03,1.162567292340099812e-03,5.594863090664148331e-03,4.366264678537845612e-03,2.943853437900543213e-01,1.043780222535133362e-01,5.899618625640869141e+00,9.330389976501464844e+00,1.056317996978759766e+01,5.795356173621257767e-06,3.773019898289931007e-06,1.296230359002947807e-03,7.580992532894015312e-04,3.999105188995599747e-03,2.454911125823855400e-03,2.942995131015777588e-01,1.042862907052040100e-01,5.900757312774658203e+00,9.332952499389648438e+00,1.056638908386230469e+01,3.489443494014156898e-15,2.156594799862152599e-15,2.435955684632062912e-03,2.183896285714581609e-04,4.800652619451284409e-03,2.266722265630960464e-03,2.941631674766540527e-01,1.041577681899070740e-01,5.900609016418457031e+00,9.332623481750488281e+00,1.056597900390625000e+01
1.422370605468750000e+02,8.998645759313681912e-17,2.132635745510924608e-05,3.501397790387272835e-03,9.908550418913364410e-04,4.617572296410799026e-03,3.585740691050887108e-03,2.616048157215118408e-01,9.282750636339187622e-02,6.009591102600097656e+00,9.475934982299804688e+00,1.035454559326171875e+01,4.570600594888674095e-06,2.973836444652988575e-06,1.097069471143186092e-03,6.621935172006487846e-04,2.954656258225440979e-03,1.938137924298644066e-03,2.615631222724914551e-01,9.277834743261337280e-02,6.010637760162353516e+00,9.478276252746582031e+00,1.035729789733886719e+01,1.340785075230421872e-15,8.286507441121059199e-16,1.656995969824492931e-03,1.901278883451595902e-04,3.763039829209446907e-03,1.514824340119957924e-03,2.614310979843139648e-01,9.264914691448211670e-02,6.010607719421386719e+00,9.478217124938964844e+00,1.035722351074218750e+01
1.427378997802734375e+02,7.345631845989352934e-17,1.678251646808348596e-05,2.982659032568335533e-03,8.442710386589169502e-04,3.824165556579828262e-03,2.956154989078640938e-03,2.323485612869262695e-01,8.250205218791961670e-02,6.092305660247802734e+00,9.507182121276855469e+00,1.028226566314697266e+01,3.602191554819000885e-06,2.342793095522210933e-06,9.438843117095530033e-04,5.797583726234734058e-04,2.287339419126510620e-03,1.564398058690130711e-03,2.323319464921951294e-01,8.247845619916915894e-02,6.093226432800292969e+00,9.509206771850585938e+00,1.028459739685058594e+01,5.151837556075498405e-16,3.184010613014307857e-16,9.634349262341856956e-04,1.582223776495084167e-04,2.974076196551322937e-03,1.046493416652083397e-03,2.322106361389160156e-01,8.235459774732589722e-02,6.093314647674560547e+00,9.509406089782714844e+00,1.028482532501220703e+01
1.432387237548828125e+02,5.996307037524272409e-17,1.320689079875592142e-05,2.540188143029808998e-03,7.191924960352480412e-04,3.177040489390492439e-03,2.445782534778118134e-03,2.062667161226272583e-01,7.328429073095321655e-02,6.146085262298583984e+00,9.518543243408203125e+00,1.025415897369384766e+01,2.837657575582852587e-06,1.845058136495936196e-06,8.195301052182912827e-04,5.078685935586690903e-04,1.847512903623282909e-03,1.286701648496091366e-03,2.062625885009765625e-01,7.327440381050109863e-02,6.146870136260986328e+00,9.520247459411621094e+00,1.025610733032226562e+01,1.979601495121413373e-16,1.223461006459011834e-16,4.293512320145964622e-04,1.107769421651028097e-04,2.344941720366477966e-03,7.469134288839995861e-04,2.061509937047958374e-01,7.315486669540405273e-02,6.147062778472900391e+00,9.520666122436523438e+00,1.025658702850341797e+01
1.437395629882812500e+02,4.894812819769469442e-17,1.039301059790886939e-05,2.162879100069403648e-03,6.124977953732013702e-04,2.646873239427804947e-03,2.030052244663238525e-03,1.830350160598754883e-01,6.506419181823730469e-02,6.179687500000000000e+00,9.527343750000000000e+00,1.024464511871337891e+01,2.234525027233758010e-06,1.452648575650528073e-06,7.144787814468145370e-04,4.444079822860658169e-04,1.540561905130743980e-03,1.073639141395688057e-03,1.830366551876068115e-01,6.506137549877166748e-02,6.180345535278320312e+00,9.528757095336914062e+00,1.024625682830810547e+01,7.606427996493031669e-17,4.701031533772386797e-17,1.264851889573037624e-04,5.513366704690270126e-05,1.762959756888449192e-03,5.352901644073426723e-04,1.829311996698379517e-01,6.494409590959548950e-02,6.180617809295654297e+00,9.529347419738769531e+00,1.024693298339843750e+01
1.442404022216796875e+02,3.995658229501467765e-17,8.178659300028812140e-06,1.841246732510626316e-03,5.215188139118254185e-04,2.210763981565833092e-03,1.689904602244496346e-03,1.623591631650924683e-01,5.774107575416564941e-02,6.200432300567626953e+00,9.536118507385253906e+00,1.024431896209716797e+01,1.759230599418515339e-06,1.143533381764427759e-06,6.233900785446166992e-04,3.880102303810417652e-04,1.313517102971673012e-03,9.053276735357940197e-04,1.623632460832595825e-01,5.774182081222534180e-02,6.200974941253662109e+00,9.537281036376953125e+00,1.024564456939697266e+01,2.922696448923823914e-17,1.806326049596744787e-17,2.424001286271959543e-05,1.699939821264706552e-05,1.183645799756050110e-03,3.714894992299377918e-04,1.622676551342010498e-01,5.763483420014381409e-02,6.201305389404296875e+00,9.537992477416992188e+00,1.024645614624023438e+01
1.447412414550781250e+02,3.261673740459074570e-17,6.436100647988496348e-06,1.567154657095670700e-03,4.439652257133275270e-04,1.850674976594746113e-03,1.410434721037745476e-03,1.439707279205322266e-01,5.122246965765953064e-02,6.213196754455566406e+00,9.544845581054687500e+00,1.024872970581054688e+01,1.384824599881540053e-06,9.000959835248067975e-07,5.430830060504376888e-04,3.377193061169236898e-04,1.136364531703293324e-03,7.689670892432332039e-04,1.439756304025650024e-01,5.122488737106323242e-02,6.213642120361328125e+00,9.545796394348144531e+00,1.024981403350830078e+01,1.123018036319861534e-17,6.940632637554814842e-18,5.264724677545018494e-06,3.957555236411280930e-06,6.677987403236329556e-04,2.414301270619034767e-04,1.439068615436553955e-01,5.114943534135818481e-02,6.214005470275878906e+00,9.546575546264648438e+00,1.025069713592529297e+01
1.452420654296875000e+02,2.662535407694463393e-17,5.064850029157241806e-06,1.333644730038940907e-03,3.778767713811248541e-04,1.552341273054480553e-03,1.179938786663115025e-03,1.276269406080245972e-01,4.542432725429534912e-02,6.221046447753906250e+00,9.553233146667480469e+00,1.025546646118164062e+01,1.090023260985617526e-06,7.084478852448228281e-07,4.718080163002014160e-04,2.929317997768521309e-04,9.916534181684255600e-04,6.561992340721189976e-04,1.276317834854125977e-01,4.542741551995277405e-02,6.221410751342773438e+00,9.554010391235351562e+00,1.025634860992431641e+01,4.315214312870708396e-18,2.666948995288862583e-18,1.681994945101905614e-06,1.096617779694497585e-06,2.950414782389998436e-04,1.356189750367775559e-04,1.276012957096099854e-01,4.539424180984497070e-02,6.221778869628906250e+00,9.554798126220703125e+00,1.025724697113037109e+01
1.457429046630859375e+02,2.173439227923496637e-17,3.985723196819890290e-06,1.134745078161358833e-03,3.215701144654303789e-04,1.304386183619499207e-03,9.891513036563992500e-04,1.131072863936424255e-01,4.026992246508598328e-02,6.225876808166503906e+00,9.561080932617187500e+00,1.026315975189208984e+01,8.578763299738056958e-07,5.575507202593144029e-07,4.084949614480137825e-04,2.531823120079934597e-04,8.688874077051877975e-04,5.613839020952582359e-04,1.131117790937423706e-01,4.027315974235534668e-02,6.226172924041748047e+00,9.561714172363281250e+00,1.026388072967529297e+01,1.658079401959481209e-18,1.024749393138868123e-18,6.050553906788991299e-07,3.790635787481733132e-07,9.064695041161030531e-05,5.699332541553303599e-05,1.131099164485931396e-01,4.026991873979568481e-02,6.226523876190185547e+00,9.562466621398925781e+00,1.026473522186279297e+01
1.462437438964843750e+02,1.774187601257222002e-17,3.136517079838085920e-06,9.653696906752884388e-04,2.736107562668621540e-04,1.097731059417128563e-03,8.307298994623124599e-04,1.002146080136299133e-01,3.569043800234794617e-02,6.228850841522216797e+00,9.568291664123535156e+00,1.027103042602539062e+01,6.751555474693304859e-07,4.387881062939413823e-07,3.525208740029484034e-04,2.181308082072064281e-04,7.618835079483687878e-04,4.807449004147201777e-04,1.002186238765716553e-01,3.569352626800537109e-02,6.229092121124267578e+00,9.568808555603027344e+00,1.027161979675292969e+01,6.371009701368774857e-19,3.937500432423056190e-19,2.269867422910465393e-07,1.409074315006364486e-07,1.906416582642123103e-05,1.597770096850581467e-05,1.002258881926536560e-01,3.570005297660827637e-02,6.229411125183105469e+00,9.569489479064941406e+00,1.027239227294921875e+01
1.467445678710937500e+02,1.448285719100719565e-17,2.468261982357944362e-06,8.211702224798500538e-04,2.327716356376186013e-04,9.250695002265274525e-04,6.988064851611852646e-04,8.877170085906982422e-02,3.162382543087005615e-02,6.230684280395507812e+00,9.574839591979980469e+00,1.027865028381347656e+01,5.313528390615829267e-07,3.453243380135972984e-07,3.033186658285558224e-04,1.874136214610189199e-04,6.669951835647225380e-04,4.116464697290211916e-04,8.877512067556381226e-02,3.162659704685211182e-02,6.230880737304687500e+00,9.575263023376464844e+00,1.027913284301757812e+01,2.448070491160007605e-19,1.512990630047973041e-19,8.650445693092478905e-08,5.354535304036289745e-08,4.535724656307138503e-06,3.768150236282963306e-06,8.878234773874282837e-02,3.163335099816322327e-02,6.231161117553710938e+00,9.575857162475585938e+00,1.027980995178222656e+01
1.472454071044921875e+02,1.182241521200698146e-17,1.942368498930591159e-06,6.984205683693289757e-04,1.980007800739258528e-04,7.804788183420896530e-04,5.886570434086024761e-04,7.861868292093276978e-02,2.801397256553173065e-02,6.231815338134765625e+00,9.580739021301269531e+00,1.028579616546630859e+01,4.181487724963517394e-07,2.717517872952157632e-07,2.603055909276008606e-04,1.606381993042305112e-04,5.821401719003915787e-04,3.521951148286461830e-04,7.862153649330139160e-02,2.801629714667797089e-02,6.231976509094238281e+00,9.581086158752441406e+00,1.028619194030761719e+01,9.406474328693699978e-20,5.813520987781004943e-20,3.314566754397674231e-08,2.049642411350305338e-08,1.528135726402979344e-06,1.065655283127853181e-06,7.862762361764907837e-02,2.802210301160812378e-02,6.232218265533447266e+00,9.581601142883300781e+00,1.028677940368652344e+01
1.477462463378906250e+02,9.650684773792896868e-18,1.528522602711746003e-06,5.939520779065787792e-04,1.684031449258327484e-04,6.591601995751261711e-04,4.964782274328172207e-04,6.961347162723541260e-02,2.481090277433395386e-02,6.232513427734375000e+00,9.586022377014160156e+00,1.029237174987792969e+01,3.290658412424818380e-07,2.138562251730036223e-07,2.229350502602756023e-04,1.374326966470107436e-04,5.062115960754454136e-04,3.010067739523947239e-04,6.961563229560852051e-02,2.481257542967796326e-02,6.232646942138671875e+00,9.586308479309082031e+00,1.029269886016845703e+01,3.614346945739701271e-20,2.233789288854660431e-20,1.272369054561295343e-08,7.865258666583940794e-09,5.723028948523278814e-07,3.677708377836097497e-07,6.962093710899353027e-02,2.481775358319282532e-02,6.232855319976806641e+00,9.586753845214843750e+00,1.029320335388183594e+01
1.482470855712890625e+02,7.877890310123336675e-18,1.202851649395597633e-06,5.050565814599394798e-04,1.432135468348860741e-04,5.571909714490175247e-04,4.191799962427467108e-04,6.162870675325393677e-02,2.196975611150264740e-02,6.232944011688232422e+00,9.590739250183105469e+00,1.029834461212158203e+01,2.589588632417871850e-07,1.682938801650379901e-07,1.906129036797210574e-04,1.174036369775421917e-04,4.385067441035062075e-04,2.569629577919840813e-04,6.162992119789123535e-02,2.197029627859592438e-02,6.233055114746093750e+00,9.590977668762207031e+00,1.029861450195312500e+01,1.388777925780999942e-20,8.583120072708583614e-21,4.887344751125510811e-09,3.020770078521195501e-09,2.213424465935531771e-07,1.381863086180601385e-07,6.163493543863296509e-02,2.197552286088466644e-02,6.233232975006103516e+00,9.591360092163085938e+00,1.029904842376708984e+01
1.487479095458984375e+02,6.430791595201630704e-18,9.465758239457500167e-07,4.294262616895139217e-04,1.217795725096948445e-04,4.713568778242915869e-04,3.542448976077139378e-04,5.455092713236808777e-02,1.945049129426479340e-02,6.233209133148193359e+00,9.594937324523925781e+00,1.030372619628906250e+01,2.037929647258351906e-07,1.324416416537133045e-07,1.627683523111045361e-04,1.001788186840713024e-04,3.785027074627578259e-04,2.191337116528302431e-04,5.455058813095092773e-02,1.944891363382339478e-02,6.233302116394042969e+00,9.595137596130371094e+00,1.030395221710205078e+01,5.336400625521004352e-21,3.298076942690108673e-21,1.877757060952944812e-09,1.160549656376019811e-09,8.658393824134691386e-08,5.350451814933876449e-08,5.455612763762474060e-02,1.945535466074943542e-02,6.233453750610351562e+00,9.595462799072265625e+00,1.030432224273681641e+01
1.492487487792968750e+02,5.249479245983013374e-18,7.448957148881163448e-07,3.650866274256259203e-04,1.035429304465651512e-04,3.990041441284120083e-04,2.996056573465466499e-04,4.827829822897911072e-02,1.721713133156299591e-02,6.233371734619140625e+00,9.598669052124023438e+00,1.030854797363281250e+01,1.603700638952432200e-07,1.042218968905217480e-07,1.388402306474745274e-04,8.539798000128939748e-05,3.256669733673334122e-04,1.866984530352056026e-04,4.827512800693511963e-02,1.721143908798694611e-02,6.233450412750244141e+00,9.598836898803710938e+00,1.030873966217041016e+01,2.050460579225872341e-21,1.267254228973484749e-21,7.214819852663367783e-10,4.459048685845345972e-10,3.399627601652355224e-08,2.093215556442373781e-08,4.828264564275741577e-02,1.722122728824615479e-02,6.233578205108642578e+00,9.599113464355468750e+00,1.030905437469482422e+01
1.497495880126953125e+02,4.285173594564620089e-18,5.861870135959179606e-07,3.103612398263067007e-04,8.802939555607736111e-05,3.379471017979085445e-04,2.535677922423928976e-04,4.272072017192840576e-02,1.523781102150678635e-02,6.233469963073730469e+00,9.601981163024902344e+00,1.031285190582275391e+01,1.262018400893794023e-07,8.201644874361591064e-08,1.183368876809254289e-04,7.274780364241451025e-05,2.794631582219153643e-04,1.589483872521668673e-04,4.271234571933746338e-02,1.522434316575527191e-02,6.233538150787353516e+00,9.602129936218261719e+00,1.031301784515380859e+01,7.878696920272707414e-22,4.869302376292554141e-22,2.772188034683154001e-10,1.713312547391154794e-10,1.336175969868236280e-08,8.217001301602522290e-09,4.272436350584030151e-02,1.524126157164573669e-02,6.233645439147949219e+00,9.602357864379882812e+00,1.031328105926513672e+01
1.502504119873046875e+02,3.498028937249465231e-18,4.612964517036743928e-07,2.638200530782341957e-04,7.483436638722196221e-05,2.863717963919043541e-04,2.147314080502837896e-04,3.779785335063934326e-02,1.348409336060285568e-02,6.233528614044189453e+00,9.604917526245117188e+00,1.031668376922607422e+01,9.931644484595381073e-08,6.454386181076188223e-08,1.008003164315596223e-04,6.193891022121533751e-05,2.392976894043385983e-04,1.352475228486582637e-04,3.778037801384925842e-02,1.345678791403770447e-02,6.233589649200439453e+00,9.605051040649414062e+00,1.031683635711669922e+01,3.027401272329345341e-22,1.871036955745514068e-22,1.065212432149742483e-10,6.583383838076883876e-11,5.251942436501622069e-09,3.228581846315137227e-09,3.780091181397438049e-02,1.348700001835823059e-02,6.233676910400390625e+00,9.605236053466796875e+00,1.031704807281494141e+01
1.507512512207031250e+02,2.855456632649644028e-18,3.630118499131640419e-07,2.242410409962758422e-04,6.361198757076635957e-05,2.427653525955975056e-04,1.819336466724053025e-04,3.343781456351280212e-02,1.193050760775804520e-02,6.233562946319580078e+00,9.607520103454589844e+00,1.032008838653564453e+01,7.815435054681074689e-08,5.079113662986856070e-08,8.581492147641256452e-05,5.271023837849497795e-05,2.045470464508980513e-04,1.150287716882303357e-04,3.340549767017364502e-02,1.188033074140548706e-02,6.233623027801513672e+00,9.607648849487304688e+00,1.032023525238037109e+01,1.163249747000089935e-22,7.189279442110621851e-23,4.092969366209509019e-11,2.529595283240482217e-11,2.063612392078084667e-09,1.268518179387001510e-09,3.344037756323814392e-02,1.193296443670988083e-02,6.233688354492187500e+00,9.607789993286132812e+00,1.032039642333984375e+01
1.512520904541015625e+02,2.330921967485374183e-18,2.856679088836244773e-07,1.905872341012582183e-04,5.406869968282990158e-05,2.058702812064439058e-04,1.542114187031984329e-04,2.957708574831485748e-02,1.055453531444072723e-02,6.233581066131591797e+00,9.609825134277343750e+00,1.032311058044433594e+01,6.150276021799072623e-08,3.996954944796016207e-08,7.303044549189507961e-05,4.484253076952882111e-05,1.746123598422855139e-04,9.780348045751452446e-05,2.952240407466888428e-02,1.046929508447647095e-02,6.233644008636474609e+00,9.609961509704589844e+00,1.032326507568359375e+01,4.469675160473941884e-23,2.762411029797592952e-23,1.572683303030508739e-11,9.719718085943185315e-12,8.105011661818650737e-10,4.982487200599905464e-10,2.957922592759132385e-02,1.055659446865320206e-02,6.233686447143554688e+00,9.610053062438964844e+00,1.032337284088134766e+01
1.517529144287109375e+02,1.902753430093225786e-18,2.248045802843989804e-07,1.619750837562605739e-04,4.595433347276411951e-05,1.746345224091783166e-04,1.307616621488705277e-04,2.615918405354022980e-02,9.336137212812900543e-03,6.233589649200439453e+00,9.611865043640136719e+00,1.032578945159912109e+01,4.840039480313862441e-08,3.145446214602998225e-08,6.213328015292063355e-05,3.814022420556284487e-05,1.489109708927571774e-04,8.314123260788619518e-05,2.607356756925582886e-02,9.201039560139179230e-03,6.233659744262695312e+00,9.612019538879394531e+00,1.032596683502197266e+01,1.717479563854598946e-23,1.061460705148361432e-23,6.043058848465010513e-12,3.734815842010297260e-12,3.181981622635277063e-10,1.956275558212539067e-10,2.616098523139953613e-02,9.337875992059707642e-03,6.233680725097656250e+00,9.612058639526367188e+00,1.032601165771484375e+01
1.522537536621093750e+02,1.553225780717106283e-18,1.769072497381785070e-07,1.376499276375398040e-04,3.905516496160998940e-05,1.481739309383556247e-04,1.109113873098976910e-04,2.313362061977386475e-02,8.257390931248664856e-03,6.233592510223388672e+00,9.613670349121093750e+00,1.032816314697265625e+01,3.808728976650854747e-08,2.475224292197708564e-08,5.284646613290533423e-05,3.243114770157262683e-05,1.268941414309665561e-04,7.066554098855704069e-05,2.300865016877651215e-02,8.056053891777992249e-03,6.233677864074707031e+00,9.613855361938476562e+00,1.032837200164794922e+01,6.599249823645298762e-24,4.078560369134170416e-24,2.321987003714442999e-12,1.435066909055704443e-12,1.248639108775151385e-10,7.677386504312266879e-11,2.313512377440929413e-02,8.258836343884468079e-03,6.233669281005859375e+00,9.613835334777832031e+00,1.032835006713867188e+01
1.527545928955078125e+02,1.267904614270388772e-18,1.392150039691841812e-07,1.169717943412251770e-04,3.318990638945251703e-05,1.257487747352570295e-04,9.409902122570201755e-05,2.045585215091705322e-02,7.302476093173027039e-03,6.233591556549072266e+00,9.615267753601074219e+00,1.033026504516601562e+01,2.997234815893534687e-08,1.947848460304157925e-08,4.494017775868996978e-05,2.757277070486452430e-05,1.080737929441966116e-04,6.005709656164981425e-05,2.028498984873294830e-02,7.018339820206165314e-03,6.233695030212402344e+00,9.615491867065429688e+00,1.033052158355712891e+01,2.535697927663410706e-24,1.567147623045601711e-24,8.922010808105895752e-13,5.514105881967990008e-13,4.897667688075202364e-11,3.011689508891635114e-11,2.045710012316703796e-02,7.303670514374971390e-03,6.233656406402587891e+00,9.615407943725585938e+00,1.033042240142822266e+01
1.532554321289062500e+02,1.034995679386562477e-18,1.095535395734259509e-07,9.939517622115090489e-05,2.820401459757704288e-05,1.067360863089561462e-04,7.985265256138518453e-05,1.808623969554901123e-02,6.457309238612651825e-03,6.233588218688964844e+00,9.616681098937988281e+00,1.033212566375732422e+01,2.358638795385559206e-08,1.532836790829605889e-08,3.821077552856877446e-05,2.343907908652909100e-05,9.200666681863367558e-05,5.103831790620461106e-05,1.786669157445430756e-02,6.075234618037939072e-03,6.233714580535888672e+00,9.616951942443847656e+00,1.033243942260742188e+01,9.743175680882666600e-25,6.021613426937746704e-25,3.428196582947601323e-13,2.118742193409767216e-13,1.920266549937377221e-11,1.180934516842313542e-11,1.808726973831653595e-02,6.458276882767677307e-03,6.233642578125000000e+00,9.616798400878906250e+00,1.033226108551025391e+01
1.537562561035156250e+02,8.448763323010097422e-19,8.621242386652738787e-08,8.445634011877700686e-05,2.396608215349260718e-05,9.061161836143583059e-05,6.777593807782977819e-05,1.598966680467128754e-02,5.709407385438680649e-03,6.233583450317382812e+00,9.617932319641113281e+00,1.033377265930175781e+01,1.856158249324835197e-08,1.206280142440618874e-08,3.248572829761542380e-05,1.992348916246555746e-05,7.830420508980751038e-05,4.337277277954854071e-05,1.572414301335811615e-02,5.217758938670158386e-03,6.233732223510742188e+00,9.618260383605957031e+00,1.033414459228515625e+01,3.743830318185111771e-25,2.313814330598604647e-25,1.317289783113115287e-13,8.141299185368891522e-14,7.526147240144442918e-12,4.628913571891324352e-12,1.599048450589179993e-02,5.710148252546787262e-03,6.233628749847412109e+00,9.618034362792968750e+00,1.033388519287109375e+01
1.542570953369140625e+02,6.896757943889236563e-19,6.784377859503365471e-08,7.175944483606144786e-05,2.036393198068253696e-05,7.693189400015398860e-05,5.753422010457143188e-05,1.413479913026094437e-02,5.047627259045839310e-03,6.233578205108642578e+00,9.619036674499511719e+00,1.033522891998291016e+01,1.460647958140270930e-08,9.492484132067602332e-09,2.761382711469195783e-05,1.693266858637798578e-05,6.662309897365048528e-05,3.685644333017989993e-05,1.383251976221799850e-02,4.441265948116779327e-03,6.233755588531494141e+00,9.619418144226074219e+00,1.033565902709960938e+01,1.438530631722719979e-25,8.890608464367785375e-26,5.061559217546182654e-14,3.128215324580893575e-14,2.948524454107759318e-12,1.813642118431157968e-12,1.413540728390216827e-02,5.048127844929695129e-03,6.233618259429931641e+00,9.619121551513671875e+00,1.033532524108886719e+01
1.547579345703125000e+02,5.629849151678785067e-19,5.338880626482023217e-08,6.096902870922349393e-05,1.730247458908706903e-05,6.532386760227382183e-05,4.884635927737690508e-05,1.249402202665805817e-02,4.462147131562232971e-03,6.233572483062744141e+00,9.620014190673828125e+00,1.033651733398437500e+01,1.149438588754492230e-08,7.469991736286374362e-09,2.347068584640510380e-05,1.438995695934863761e-05,5.667187724611721933e-05,3.131828270852565765e-05,1.216935925185680389e-02,3.746001515537500381e-03,6.233769893646240234e+00,9.620440483093261719e+00,1.033700180053710938e+01,5.527415242605873675e-26,3.416130102585317020e-26,1.944855409531653923e-14,1.201986677779130069e-14,1.154719007044613388e-12,7.103333221104846107e-13,1.249440573155879974e-02,4.462366458028554916e-03,6.233605861663818359e+00,9.620086669921875000e+00,1.033659934997558594e+01
1.552587585449218750e+02,4.595695542155801573e-19,4.201394077085751633e-08,5.179957952350378036e-05,1.470078132115304470e-05,5.547209730139002204e-05,4.147496292716823518e-05,1.104283612221479416e-02,3.944247961044311523e-03,6.233566761016845703e+00,9.620879173278808594e+00,1.033765697479248047e+01,9.045633575510692026e-09,5.878576736506602174e-09,1.994784179260022938e-05,1.222850914928130805e-05,4.819744208361953497e-05,2.661162034200970083e-05,1.071091368794441223e-02,3.136133309453725815e-03,6.233779430389404297e+00,9.621336936950683594e+00,1.033818149566650391e+01,2.123917853786176963e-26,1.312653452931283974e-26,7.473136218465355196e-15,4.618652550393781767e-15,4.520701033568913507e-13,2.781181318231573663e-13,1.104293763637542725e-02,3.944095689803361893e-03,6.233594894409179688e+00,9.620939254760742188e+00,1.033772754669189453e+01
1.557595977783203125e+02,3.751488709163076937e-19,3.306240259348669497e-08,4.400756006361916661e-05,1.248980152013245970e-05,4.710901703219860792e-05,3.521887629176490009e-05,9.759404696524143219e-03,3.486158093437552452e-03,6.233561038970947266e+00,9.621643066406250000e+00,1.033866405487060547e+01,7.118184708332364607e-09,4.625978711203515559e-09,1.695136961643584073e-05,1.039045309880748391e-05,4.098121644346974790e-05,2.261084046040195972e-05,9.428672492504119873e-03,2.616334939375519753e-03,6.233784198760986328e+00,9.622121810913085938e+00,1.033921051025390625e+01,8.160949413042072792e-27,5.043744360831856383e-27,2.871480654707651847e-15,1.774672620263753695e-15,1.769188365686319431e-13,1.088513434661757262e-13,9.759154170751571655e-03,3.485511988401412964e-03,6.233586311340332031e+00,9.621694564819335938e+00,1.033872318267822266e+01
1.562604370117187500e+02,3.062359370966321125e-19,2.601809256930209813e-08,3.738652958418242633e-05,1.061100374499801546e-05,4.000887929578311741e-05,2.990856046380940825e-05,8.624485693871974945e-03,3.081026021391153336e-03,6.233555793762207031e+00,9.622318267822265625e+00,1.033955574035644531e+01,5.601577868219465017e-09,3.640363344104002863e-09,1.440426967747043818e-05,8.828370482660830021e-06,3.484001717879436910e-05,1.921098373713903129e-05,8.289098739624023438e-03,2.187804784625768661e-03,6.233781337738037109e+00,9.622805595397949219e+00,1.034011173248291016e+01,3.135766009456253955e-27,1.938009954777415912e-27,1.103338764346347214e-15,6.819008566321998945e-16,6.921478228885322159e-14,4.258861330003888002e-14,8.623755536973476410e-03,3.079675137996673584e-03,6.233577251434326172e+00,9.622363090515136719e+00,1.033960437774658203e+01
1.567612762451171875e+02,2.499819168775266440e-19,2.047464597865200631e-08,3.176075551891699433e-05,9.014553143060766160e-06,3.398026456125080585e-05,2.540036621212493628e-05,7.620993070304393768e-03,2.722767414525151253e-03,6.233550548553466797e+00,9.622916221618652344e+00,1.034034347534179688e+01,4.408099663066877838e-09,2.864743109398659726e-09,1.223911749548278749e-05,7.500751507905079052e-06,2.961526297440286726e-05,1.632183921174146235e-05,7.258152589201927185e-03,1.845847349613904953e-03,6.233777046203613281e+00,9.623403549194335938e+00,1.034090137481689453e+01,1.204887869559401197e-27,7.446616315175511072e-28,4.239472692901677863e-16,2.620138133049159952e-16,2.706981435340004294e-14,1.665764829674939995e-14,7.619594223797321320e-03,2.720422577112913132e-03,6.233568668365478516e+00,9.622954368591308594e+00,1.034038543701171875e+01
1.572621002197265625e+02,2.040627041563557743e-19,1.611240740828634443e-08,2.698095522646326572e-05,7.658115464437287301e-06,2.886113179556559771e-05,2.157277958758641034e-05,6.733818911015987396e-03,2.405999926850199699e-03,6.233545780181884766e+00,9.623443603515625000e+00,1.034103965759277344e+01,3.469008857948097102e-09,2.254439745996705824e-09,1.039919061440741643e-05,6.372703865054063499e-06,2.517208849894814193e-05,1.386708663630997762e-05,6.308472249656915665e-03,1.580053474754095078e-03,6.233773708343505859e+00,9.623935699462890625e+00,1.034160041809082031e+01,4.629799808245835691e-28,2.861373618416803228e-28,1.629023955024617065e-16,1.006792162308178947e-16,1.058401718318727897e-14,6.513455089006284573e-15,6.731512024998664856e-03,2.402274869382381439e-03,6.233561515808105469e+00,9.623476028442382812e+00,1.034107780456542969e+01
1.577629394531250000e+02,1.665773474125931481e-19,1.267947524752344179e-08,2.291981945745646954e-05,6.505581040983088315e-06,2.451367618050426245e-05,1.832252564781811088e-05,5.949503276497125626e-03,2.125928644090890884e-03,6.233541011810302734e+00,9.623909950256347656e+00,1.034165477752685547e+01,2.729835246739753529e-09,1.774070002014127567e-09,8.835042535793036222e-06,5.413827693701023236e-06,2.139364005415700376e-05,1.178108323074411601e-05,5.424073897302150726e-03,1.376306870952248573e-03,6.233771800994873047e+00,9.624410629272460938e+00,1.034222221374511719e+01,1.778955971058726627e-28,1.099455266240476759e-28,6.259367015928386270e-17,3.868501709634101203e-17,4.136893667796952279e-15,2.546048478790181521e-15,5.945963785052299500e-03,2.120316959917545319e-03,6.233555316925048828e+00,9.623939514160156250e+00,1.034168720245361328e+01
1.582637786865234375e+02,1.359778686027252718e-19,9.977966008989369584e-09,1.946952397702261806e-05,5.526368568098405376e-06,2.082147148030344397e-05,1.556239112687762827e-05,5.256204400211572647e-03,1.878333045169711113e-03,6.233537197113037109e+00,9.624321937561035156e+00,1.034219837188720703e+01,2.148212940866756071e-09,1.396084248206364009e-09,7.506091606046538800e-06,4.599206931743538007e-06,1.818169403122738004e-05,1.000884458335349336e-05,4.600745160132646561e-03,1.219201367348432541e-03,6.233774662017822266e+00,9.624835014343261719e+00,1.034278392791748047e+01,6.835467225195428777e-29,4.224550805284599063e-29,2.405101580944690205e-17,1.486434461771052648e-17,1.616491970221091683e-15,9.949384523720572471e-16,5.251046270132064819e-03,1.870226697064936161e-03,6.233549594879150391e+00,9.624348640441894531e+00,1.034223079681396484e+01
1.587646026611328125e+02,1.110000384827384830e-19,7.852101191474503139e-09,1.653836625337135047e-05,4.694463768828427419e-06,1.768569381965789944e-05,1.321837771683931351e-05,4.643429070711135864e-03,1.659473055042326450e-03,6.233532905578613281e+00,9.624686241149902344e+00,1.034267902374267578e+01,1.690561690637082393e-09,1.098662272269734785e-09,6.377035333571257070e-06,3.907174232153920457e-06,1.545152917969971895e-05,8.503206117893569171e-06,3.844038816168904305e-03,1.093783765099942684e-03,6.233779907226562500e+00,9.625218391418457031e+00,1.034328365325927734e+01,2.626539021951902112e-29,1.623290215705887043e-29,9.241640652162974470e-18,5.711647801683235144e-18,6.314872026170776503e-16,3.887018842477815272e-16,4.636208061128854752e-03,1.648159581236541271e-03,6.233546257019042969e+00,9.624713897705078125e+00,1.034270572662353516e+01
1.592654418945312500e+02,9.060982958815321258e-20,6.179118106075520700e-09,1.404815884598065168e-05,3.987686795881018043e-06,1.502222585259005427e-05,1.122752746596233919e-05,4.101835191249847412e-03,1.466018380597233772e-03,6.233529567718505859e+00,9.625007629394531250e+00,1.034310436248779297e+01,1.330337728866481939e-09,8.645621996095087525e-10,5.417356078396551311e-06,3.319004463264718652e-06,1.313035318162292242e-05,7.223771262943046167e-06,3.165924921631813049e-03,9.870452340692281723e-04,6.233783245086669922e+00,9.625557899475097656e+00,1.034372997283935547e+01,1.009222348802430511e-29,6.237337030434884243e-30,3.551011096254405483e-18,2.194645409133334841e-18,2.466189894885690865e-16,1.518123387078489615e-16,4.092051647603511810e-03,1.450693001970648766e-03,6.233540058135986328e+00,9.625035285949707031e+00,1.034313488006591797e+01
1.597662811279296875e+02,7.396520436713315615e-20,4.862583224962691020e-09,1.193269326904555783e-05,3.387253627806785516e-06,1.275993508897954598e-05,9.536616744298953563e-06,3.623206168413162231e-03,1.295039081014692783e-03,6.233526229858398438e+00,9.625291824340820312e+00,1.034347915649414062e+01,1.046893571832185899e-09,6.803569929658692672e-10,4.602068656822666526e-06,2.819372866724734195e-06,1.115733721235301346e-05,6.136760021036025137e-06,2.579371444880962372e-03,8.896887884475290775e-04,6.233785629272460938e+00,9.625854492187500000e+00,1.034412002563476562e+01,3.877839630481317181e-30,2.396636626750282874e-30,1.364441761634155558e-18,8.432713434187154457e-19,9.628875329762323740e-17,5.927664943316662003e-17,3.610346466302871704e-03,1.274838461540639400e-03,6.233538627624511719e+00,9.625319480895996094e+00,1.034350967407226562e+01
1.602671051025390625e+02,6.037848492496264706e-20,3.826579053622936044e-09,1.013567180052632466e-05,2.877191946026869118e-06,1.083840925275580958e-05,8.100451850623358041e-06,3.200265578925609589e-03,1.143940142355859280e-03,6.233523368835449219e+00,9.625542640686035156e+00,1.034381103515625000e+01,8.238650317515805455e-10,5.354134913204688928e-10,3.909466613549739122e-06,2.394964212726335973e-06,9.480328117206227034e-06,5.213253643887583166e-06,2.091343514621257782e-03,7.971577579155564308e-04,6.233784198760986328e+00,9.626106262207031250e+00,1.034445285797119141e+01,1.490065666898945960e-30,9.209112386149842949e-31,5.242888374259767419e-19,3.240283335787063149e-19,3.758614073978881688e-17,2.313995411969732205e-17,3.183799330145120621e-03,1.117947860620915890e-03,6.233537197113037109e+00,9.625573158264160156e+00,1.034384059906005859e+01
1.607679443359375000e+02,4.928721106332550098e-20,3.011279670062094738e-09,8.609101314505096525e-06,2.443884113745298237e-06,9.206194590660743415e-06,6.880549790366785601e-06,2.826537471264600754e-03,1.010411768220365047e-03,6.233520507812500000e+00,9.625764846801757812e+00,1.034410381317138672e+01,6.483160119863384807e-10,4.213287496668272070e-10,3.320820269436808303e-06,2.034284307228517719e-06,8.054654244915582240e-06,4.428505690157180652e-06,1.698465668596327305e-03,7.089424179866909981e-04,6.233775615692138672e+00,9.626315116882324219e+00,1.034473609924316406e+01,5.725433314776082874e-31,3.538512591455437485e-31,2.014529105496597586e-19,1.245047571843411377e-19,1.466768408143726926e-17,9.030714559045627731e-18,2.805976662784814835e-03,9.777104714885354042e-04,6.233533859252929688e+00,9.625795364379882812e+00,1.034413909912109375e+01
1.612687835693359375e+02,4.023335090506608556e-20,2.369689333647784224e-09,7.312349225685466081e-06,2.075801376122399233e-06,7.819762686267495155e-06,5.844361567142186686e-06,2.496328670531511307e-03,8.924229186959564686e-04,6.233518123626708984e+00,9.625960350036621094e+00,1.034436321258544922e+01,5.101843947308282168e-10,3.315595020758621558e-10,2.820789859470096417e-06,1.727925337036140263e-06,6.843026312708389014e-06,3.761821062653325498e-06,1.388762961141765118e-03,6.265335832722485065e-04,6.233763694763183594e+00,9.626490592956542969e+00,1.034496784210205078e+01,2.199942379541314360e-31,1.359639302460521477e-31,7.740634033883910698e-20,4.783975162010853947e-20,5.722589333235780318e-18,3.523532156305393903e-18,2.471256069839000702e-03,8.521166746504604816e-04,6.233535289764404297e+00,9.625990867614746094e+00,1.034440231323242188e+01
1.617696228027343750e+02,3.284267307766377926e-20,1.864799648032544610e-09,6.210842911968939006e-06,1.763132900123309810e-06,6.642099833698011935e-06,4.964212166669312865e-06,2.204590942710638046e-03,7.881724741309881210e-04,6.233516216278076172e+00,9.626132965087890625e+00,1.034459114074707031e+01,4.014833188126232244e-10,2.609166771527782203e-10,2.395987394265830517e-06,1.467672859689628240e-06,5.813342795590870082e-06,3.195427552782348357e-06,1.146450871601700783e-03,5.513925570994615555e-04,6.233747482299804688e+00,9.626634597778320312e+00,1.034515953063964844e+01,8.453066275597854908e-32,5.224282457201315396e-32,2.974264247988511543e-20,1.838196300132283737e-20,2.232153086828939328e-18,1.374465743092226285e-18,2.174707595258951187e-03,7.394326967187225819e-04,6.233533382415771484e+00,9.626170158386230469e+00,1.034463310241699219e+01
1.622704467773437500e+02,2.680979122313452729e-20,1.467493238038741765e-09,5.275226158119039610e-06,1.497547941653465386e-06,5.641791631205705926e-06,4.216617071506334469e-06,1.946864998899400234e-03,6.960693281143903732e-04,6.233513832092285156e+00,9.626286506652832031e+00,1.034479331970214844e+01,3.159520423068329364e-10,2.053309466898411983e-10,2.035170837189070880e-06,1.246633132723218296e-06,4.938445727020734921e-06,2.714295078476425260e-06,9.562893537804484367e-04,4.842050839215517044e-04,6.233728408813476562e+00,9.626749992370605469e+00,1.034532260894775391e+01,3.248103655799479219e-32,2.007438428799665563e-32,1.142865611501437751e-20,7.063297673971004155e-21,8.705047141233753450e-19,5.360492260861611283e-19,1.912032952532172203e-03,6.381655111908912659e-04,6.233532905578613281e+00,9.626326560974121094e+00,1.034484100341796875e+01
1.627712860107421875e+02,2.188495334203700152e-20,1.154826678728682054e-09,4.480480129132047296e-06,1.271946985070826486e-06,4.792076651938259602e-06,3.581572173061431386e-06,1.719185733236372471e-03,6.146981031633913517e-04,6.233512401580810547e+00,9.626421928405761719e+00,1.034497165679931641e+01,2.486292283165880690e-10,1.615795969245326091e-10,1.728563233882596251e-06,1.058808948073419742e-06,4.194951998215401545e-06,2.305513817191240378e-06,8.055404177866876125e-04,4.248502082191407681e-04,6.233708858489990234e+00,9.626846313476562500e+00,1.034545707702636719e+01,1.248052621247556321e-32,7.713388953268425991e-33,4.391350410750221492e-21,2.714004025541883927e-21,3.394001152451147933e-19,2.090106788607977765e-19,1.679496839642524719e-03,5.470711621455848217e-04,6.233534336090087891e+00,9.626470565795898438e+00,1.034501934051513672e+01
1.632721252441406250e+02,1.786478447919539574e-20,9.087772201432642305e-10,3.805427468250854872e-06,1.080319975699239876e-06,4.070310296810930595e-06,3.042150183318881318e-06,1.518068136647343636e-03,5.428150179795920849e-04,6.233510494232177734e+00,9.626541137695312500e+00,1.034512901306152344e+01,1.956558248750184248e-10,1.271531491209287879e-10,1.468156824557809159e-06,8.992923312689526938e-07,3.563314749044366181e-06,1.958282155101187527e-06,6.845142343081533909e-04,3.727988805621862411e-04,6.233689785003662109e+00,9.626927375793457031e+00,1.034557151794433594e+01,4.795521774359649144e-33,2.963795396234334464e-33,1.687333944870061816e-21,1.042829789030191428e-21,1.323005596414383604e-19,8.147801411950920987e-20,1.473882701247930527e-03,4.651288327295333147e-04,6.233533382415771484e+00,9.626591682434082031e+00,1.034518623352050781e+01
1.637729492187500000e+02,1.458319096813561012e-20,7.151566006058374114e-10,3.232066774216946214e-06,9.175577702080772724e-07,3.457244929450098425e-06,2.583966306701768190e-06,1.340428250841796398e-03,4.793193365912884474e-04,6.233509063720703125e+00,9.626646041870117188e+00,1.034526824951171875e+01,1.539736671496427789e-10,1.000644150872531668e-10,1.246997271664440632e-06,7.638207648597017396e-07,3.026748800039058551e-06,1.663346210989402607e-06,5.860079545527696609e-04,3.272950707469135523e-04,6.233670711517333984e+00,9.626995086669921875e+00,1.034566783905029297e+01,1.842686577249786299e-33,1.138842987976625531e-33,6.483606633026679701e-22,4.007089271354002762e-22,5.156265568148816871e-20,3.175672064270090091e-20,1.292420085519552231e-03,3.915726556442677975e-04,6.233533859252929688e+00,9.626699447631835938e+00,1.034533309936523438e+01
1.642737884521484375e+02,1.190432051014931406e-20,5.627838750577041083e-10,2.745055780906113796e-06,7.793061058691819198e-07,2.936481450888095424e-06,2.194763737861649133e-06,1.183524262160062790e-03,4.232319479342550039e-04,6.233507633209228516e+00,9.626738548278808594e+00,1.034539127349853516e+01,1.211650085819471201e-10,7.874292884402223081e-11,1.059082705978653394e-06,6.487147743428067770e-07,2.570858669059816748e-06,1.412781557519338094e-06,5.047325394116342068e-04,2.875258505810052156e-04,6.233652591705322266e+00,9.627052307128906250e+00,1.034574985504150391e+01,7.080345480580787758e-34,4.375894352016085897e-34,2.491263128366302597e-22,1.539685335729418293e-22,2.009140282299756034e-20,1.237461469365119150e-20,1.132669858634471893e-03,3.259157820139080286e-04,6.233533859252929688e+00,9.626798629760742188e+00,1.034545993804931641e+01
1.647746276855468750e+02,9.717546584036776505e-21,4.428759026176010138e-10,2.331408495592768304e-06,6.618793690904567484e-07,2.494140744602191262e-06,1.864169348664290737e-06,1.044947071932256222e-03,3.736928047146648169e-04,6.233506679534912109e+00,9.626821517944335938e+00,1.034549999237060547e+01,9.534933953503355042e-11,6.196579360739917774e-11,8.994967402031761594e-07,5.509626817001844756e-07,2.183616288675693795e-06,1.199958205688744783e-06,4.369032976683229208e-04,2.527725300751626492e-04,6.233637332916259766e+00,9.627101898193359375e+00,1.034581851959228516e+01,2.720554482816005619e-34,1.681395206581285149e-34,9.572438334202885344e-23,5.916092650963738522e-23,7.827111727958495010e-21,4.821069527281168949e-21,9.923836914822459221e-04,2.679435419850051403e-04,6.233534812927246094e+00,9.626882553100585938e+00,1.034557247161865234e+01
1.652754516601562500e+02,7.932521518302886743e-21,3.485182975548895001e-10,1.980087517949868925e-06,5.621447485282260459e-07,2.118426209563040175e-06,1.583367634339083452e-06,9.225656394846737385e-04,3.299408999737352133e-04,6.233505249023437500e+00,9.626893997192382812e+00,1.034559535980224609e+01,7.503624110949402848e-11,4.876455489410957966e-11,7.639721957275469322e-07,4.679502580984262750e-07,1.854701281445159111e-06,1.019198407448129728e-06,3.797135432250797749e-04,2.223729825345799327e-04,6.233621597290039062e+00,9.627145767211914062e+00,1.034588146209716797e+01,1.045377228090837660e-34,6.460786718889256243e-35,3.678224267128908452e-23,2.273267728095717753e-23,3.048764382949199353e-21,1.877956868849661750e-21,8.692984702065587044e-04,2.177237911382690072e-04,6.233535766601562500e+00,9.626957893371582031e+00,1.034566974639892578e+01
1.657762908935546875e+02,6.475348761340179248e-21,2.742621130202849145e-10,1.681686967458517756e-06,4.774324224854353815e-07,1.799285541892459150e-06,1.344845941275707446e-06,8.144857129082083702e-04,2.912996860686689615e-04,6.233504295349121094e+00,9.626957893371582031e+00,1.034568023681640625e+01,5.904751687602072252e-11,3.837390474825674858e-11,6.488266421911248472e-07,3.974204503265355015e-07,1.575269948261848185e-06,8.656401746520714369e-07,3.310458268970251083e-04,1.957334316102787852e-04,6.233608722686767578e+00,9.627180099487304688e+00,1.034593391418457031e+01,4.016761198002573293e-35,2.482495123241339975e-35,1.413322251160878485e-23,8.734812256631645208e-24,1.187283574613562271e-21,7.313674097839581773e-22,7.609573076479136944e-04,1.754286640789359808e-04,6.233534812927246094e+00,9.627024650573730469e+00,1.034575462341308594e+01
1.662771301269531250e+02,5.285860617108224612e-21,6.270692944526672363e-01,1.823823302984237671e-01,1.029276195913553238e-02,1.059768255800008774e-03,6.800279516028240323e-05,7.226822781376540661e-04,2.572516677901148796e-04,6.233503818511962891e+00,9.627014160156250000e+00,1.034575462341308594e+01,1.800114288926124573e-02,6.737502217292785645e-01,2.066050767898559570e-01,3.169725462794303894e-02,2.588251978158950806e-02,1.944284513592720032e-02,1.294578984379768372e-02,8.725777268409729004e-03,6.235255241394042969e+00,9.630793571472167969e+00,1.035006141662597656e+01,1.781983301043510437e-02,6.734573245048522949e-01,2.064536511898040771e-01,3.172506764531135559e-02,2.580128237605094910e-02,1.961768046021461487e-02,1.271094568073749542e-02,8.854035288095474243e-03,6.235365390777587891e+00,9.631026268005371094e+00,1.035032749176025391e+01
1.667779693603515625e+02,4.314872958696362489e-21,2.804925143718719482e-01,3.599052727222442627e-01,5.597237497568130493e-02,2.075194194912910461e-02,4.258965142071247101e-03,1.508143264800310135e-03,2.877504739444702864e-04,6.233508586883544922e+00,9.627063751220703125e+00,1.034582042694091797e+01,9.839604608714580536e-03,2.937625050544738770e-01,3.748805522918701172e-01,6.486540287733078003e-02,2.927103638648986816e-02,1.599582657217979431e-02,1.226890925318002701e-02,8.227401413023471832e-03,6.235757827758789062e+00,9.631911277770996094e+00,1.035134506225585938e+01,1.748490706086158752e-02,3.090066909790039062e-01,3.918240070343017578e-01,7.402451336383819580e-02,3.765582293272018433e-02,3.025383502244949341e-02,2.700400166213512421e-02,2.375906333327293396e-02,6.250528335571289062e+00,9.663850784301757812e+00,1.038776683807373047e+01
1.672787933349609375e+02,3.522263487427936304e-21,1.819401234388351440e-01,4.115562140941619873e-01,8.489089459180831909e-02,1.728333979845046997e-01,9.296281933784484863e-01,2.293634414672851562e-01,1.225128676742315292e-02,6.234258651733398438e+00,9.627146720886230469e+00,1.034588336944580078e+01,2.800173126161098480e-03,1.757158935070037842e-01,4.028857946395874023e-01,7.963010668754577637e-02,1.672302782535552979e-01,9.144354462623596191e-01,2.232410311698913574e-01,7.160874549299478531e-03,6.236754894256591797e+00,9.632558822631835938e+00,1.035204696655273438e+01,5.819964688271284103e-03,1.882089674472808838e-01,4.205698072910308838e-01,9.020534157752990723e-02,1.790326088666915894e-01,9.463852047920227051e-01,2.358943372964859009e-01,2.776845358312129974e-02,6.265656471252441406e+00,9.695109367370605469e+00,1.042339897155761719e+01
1.677796325683593750e+02,2.875245074110945506e-21,1.361114680767059326e-01,4.243759214878082275e-01,9.793356060981750488e-02,3.097224235534667969e-01,4.474496841430664062e-01,5.745662450790405273e-01,1.972736954689025879e+00,6.286398887634277344e+00,9.630330085754394531e+00,1.034650325775146484e+01,1.085593481548130512e-03,1.256116032600402832e-01,4.082306623458862305e-01,8.805215358734130859e-02,2.967113256454467773e-01,4.316913783550262451e-01,5.562295317649841309e-01,1.904029488563537598e+00,6.304846763610839844e+00,9.669827461242675781e+00,1.039148521423339844e+01,1.219368772581219673e-03,1.291453540325164795e-01,4.136652350425720215e-01,9.135156869888305664e-02,3.010867834091186523e-01,4.370138347148895264e-01,5.624636411666870117e-01,1.926318049430847168e+00,6.340218067169189453e+00,9.745635986328125000e+00,1.047798061370849609e+01
1.682804718017578125e+02,2.347074702969673619e-21,1.058244481682777405e-01,4.181884825229644775e-01,1.019215732812881470e-01,3.135786354541778564e-01,2.891159951686859131e-01,1.211511731147766113e+00,9.237243533134460449e-01,6.785247325897216797e+00,9.742928504943847656e+00,1.037586021423339844e+01,2.408827655017375946e-03,1.056923121213912964e-01,4.179840087890625000e-01,1.018024012446403503e-01,3.133522570133209229e-01,2.888992428779602051e-01,1.210849404335021973e+00,9.232268333435058594e-01,6.776884078979492188e+00,9.727013587951660156e+00,1.035801601409912109e+01,1.941327820532023907e-03,1.052521094679832458e-01,4.174031019210815430e-01,1.013691499829292297e-01,3.143598139286041260e-01,2.898593246936798096e-01,1.213852763175964355e+00,9.254741668701171875e-01,6.815454483032226562e+00,9.800588607788085938e+00,1.044054412841796875e+01
1.687812957763671875e+02,1.915938918470694060e-21,8.304350078105926514e-02,4.005253016948699951e-01,1.007809862494468689e-01,2.898496985435485840e-01,2.250146269798278809e-01,1.351087689399719238e+00,5.990384221076965332e-01,6.911468029022216797e+00,9.878519058227539062e+00,1.046212768554687500e+01,2.117686206474900246e-03,8.292848616838455200e-02,4.003472924232482910e-01,1.006713584065437317e-01,2.896815240383148193e-01,2.248644083738327026e-01,1.350501298904418945e+00,5.987692475318908691e-01,6.904632568359375000e+00,9.865598678588867188e+00,1.044778728485107422e+01,2.025358844548463821e-03,8.349134027957916260e-02,4.012860655784606934e-01,1.012509390711784363e-01,2.904803156852722168e-01,2.255847603082656860e-01,1.353159666061401367e+00,5.999983549118041992e-01,6.934823036193847656e+00,9.922749519348144531e+00,1.051124858856201172e+01
1.692821350097656250e+02,1.563988814932956896e-21,6.530737131834030151e-02,3.758655786514282227e-01,9.662100672721862793e-02,2.635339796543121338e-01,1.912676692008972168e-01,1.341123819351196289e+00,4.877140820026397705e-01,6.947941303253173828e+00,9.988775253295898438e+00,1.056983566284179688e+01,1.876614289358258247e-03,6.517530232667922974e-02,3.756832778453826904e-01,9.650268405675888062e-02,2.633802294731140137e-01,1.911287903785705566e-01,1.340615868568420410e+00,4.875037968158721924e-01,6.942579746246337891e+00,9.978529930114746094e+00,1.055847835540771484e+01,1.732709584757685661e-03,6.561823189258575439e-02,3.764091134071350098e-01,9.696479886770248413e-02,2.639892697334289551e-01,1.916716098785400391e-01,1.342689037322998047e+00,4.883435666561126709e-01,6.966232776641845703e+00,1.002379035949707031e+01,1.060865688323974609e+01
1.697829742431640625e+02,1.276693296803252452e-21,5.138521268963813782e-02,3.473206460475921631e-01,9.069130569696426392e-02,3.429804146289825439e-01,7.969424128532409668e-01,1.483391404151916504e+00,4.513443410396575928e-01,6.967682361602783203e+00,1.008173179626464844e+01,1.067734622955322266e+01,2.084971405565738678e-03,5.131460353732109070e-02,3.472035229206085205e-01,9.061341732740402222e-02,3.428572118282318115e-01,7.967213988304138184e-01,1.482967972755432129e+00,4.511991441249847412e-01,6.963388442993164062e+00,1.007343482971191406e+01,1.066813278198242188e+01,1.867711194790899754e-03,5.164086818695068359e-02,3.477413654327392578e-01,9.096629917621612549e-02,3.433901369571685791e-01,7.976795434951782227e-01,1.484765052795410156e+00,4.518138468265533447e-01,6.981718540191650391e+00,1.010891342163085938e+01,1.070753288269042969e+01
1.702838134765625000e+02,1.042170427531171497e-21,4.043557122349739075e-02,3.170905411243438721e-01,8.380255103111267090e-02,3.839707374572753906e-01,4.416451454162597656e-01,1.613759040832519531e+00,4.788333475589752197e-01,7.002154350280761719e+00,1.016705989837646484e+01,1.077851676940917969e+01,1.886960002593696117e-03,4.041161760687828064e-02,3.170096874237060547e-01,8.374665677547454834e-02,3.838730752468109131e-01,4.415394663810729980e-01,1.613404989242553711e+00,4.787203669548034668e-01,6.998731136322021484e+00,1.016039276123046875e+01,1.077109813690185547e+01,1.615966903045773506e-03,4.063696786761283875e-02,3.174061477184295654e-01,8.401492983102798462e-02,3.843122124671936035e-01,4.420163333415985107e-01,1.614968419075012207e+00,4.792231917381286621e-01,7.013119220733642578e+00,1.018842697143554688e+01,1.080228996276855469e+01
1.707846374511718750e+02,8.507335505586772814e-22,3.182026371359825134e-02,2.867038547992706299e-01,7.650355994701385498e-02,3.444419801235198975e-01,3.056366443634033203e-01,1.599431872367858887e+00,4.952693283557891846e-01,7.053198814392089844e+00,1.025231456756591797e+01,1.087489414215087891e+01,1.834180438891053200e-03,3.167559206485748291e-02,2.866097390651702881e-01,7.643546164035797119e-02,3.443422019481658936e-01,3.055415153503417969e-01,1.599069714546203613e+00,4.951420724391937256e-01,7.050507545471191406e+00,1.024706363677978516e+01,1.086904621124267578e+01,1.465330016799271107e-03,3.197318688035011292e-02,2.869346439838409424e-01,7.666449993848800659e-02,3.446868956089019775e-01,3.058681488037109375e-01,1.600340008735656738e+00,4.955703914165496826e-01,7.061800479888916016e+00,1.026911640167236328e+01,1.089360904693603516e+01
1.712854766845703125e+02,6.944574032004594977e-22,2.504052780568599701e-02,2.571862936019897461e-01,6.916703283786773682e-02,2.942991554737091064e-01,2.368678152561187744e-01,1.539315700531005859e+00,4.924181997776031494e-01,7.108047485351562500e+00,1.033872509002685547e+01,1.096933555603027344e+01,1.870769658125936985e-03,2.442202344536781311e-02,2.570210099220275879e-01,6.903867423534393311e-02,2.941559851169586182e-01,2.367303669452667236e-01,1.538848996162414551e+00,4.922313690185546875e-01,7.106053829193115234e+00,1.033483886718750000e+01,1.096500301361083984e+01,1.341852010227739811e-03,2.513116598129272461e-02,2.573400139808654785e-01,6.927703320980072021e-02,2.944595515727996826e-01,2.370137572288513184e-01,1.539936661720275879e+00,4.926279783248901367e-01,7.114817142486572266e+00,1.035197734832763672e+01,1.098410606384277344e+01
1.717863159179687500e+02,5.668884721630860927e-22,1.970533095300197601e-02,2.291981577873229980e-01,6.204191595315933228e-02,2.492589056491851807e-01,1.928322762250900269e-01,1.461060881614685059e+00,4.771074950695037842e-01,7.159384727478027344e+00,1.042483234405517578e+01,1.106299877166748047e+01,2.106987871229648590e-03,1.781999878585338593e-02,2.288022488355636597e-01,6.171296909451484680e-02,2.489525377750396729e-01,1.925289779901504517e-01,1.460198760032653809e+00,4.767189919948577881e-01,7.158279895782470703e+00,1.042268180847167969e+01,1.106060028076171875e+01,1.228920998983085155e-03,1.967982202768325806e-02,2.292617857456207275e-01,6.208489090204238892e-02,2.493330240249633789e-01,1.928957700729370117e-01,1.461396932601928711e+00,4.772121906280517578e-01,7.164768218994140625e+00,1.043539333343505859e+01,1.107477474212646484e+01
1.722871398925781250e+02,4.627562073448199589e-22,1.550698000937700272e-02,2.031319290399551392e-01,5.528735369443893433e-02,2.115317136049270630e-01,1.605480909347534180e-01,1.374593257904052734e+00,4.549115896224975586e-01,7.204602718353271484e+00,1.050900363922119141e+01,1.115561389923095703e+01,2.672374714165925980e-03,9.577563032507896423e-03,2.021812647581100464e-01,5.443914607167243958e-02,2.108824700117111206e-01,1.598864644765853882e-01,1.373110771179199219e+00,4.542008936405181885e-01,7.205023765563964844e+00,1.050987148284912109e+01,1.115657424926757812e+01,1.148723415099084377e-03,1.523924339562654495e-02,2.030484378337860107e-01,5.520837381482124329e-02,2.114802449941635132e-01,1.604875922203063965e-01,1.374562025070190430e+00,4.548548758029937744e-01,7.209011077880859375e+00,1.051768970489501953e+01,1.116529941558837891e+01
1.727879791259765625e+02,3.777497426450051791e-22,1.220302563160657883e-02,1.791861057281494141e-01,4.899712279438972473e-02,1.803047955036163330e-01,1.353052407503128052e-01,1.284805536270141602e+00,4.291718304157257080e-01,7.243360996246337891e+00,1.059004497528076172e+01,1.124631690979003906e+01,9.491578675806522369e-04,1.743399770930409431e-03,1.790089905261993408e-01,4.883278161287307739e-02,1.802027225494384766e-01,1.352025270462036133e-01,1.284666657447814941e+00,4.290984272956848145e-01,7.244380950927734375e+00,1.059207057952880859e+01,1.124857616424560547e+01,1.153961056843400002e-03,1.139046251773834229e-02,1.787670105695724487e-01,4.861873760819435120e-02,1.799825131893157959e-01,1.349684000015258789e-01,1.284091353416442871e+00,4.287692606449127197e-01,7.247315406799316406e+00,1.059789371490478516e+01,1.125507831573486328e+01
1.732888183593750000e+02,3.083585839265358333e-22,9.603017941117286682e-03,1.574271470308303833e-01,4.321941733360290527e-02,1.543527394533157349e-01,1.149328202009201050e-01,1.194690823554992676e+00,4.018419384956359863e-01,7.276192188262939453e+00,1.066718196868896484e+01,1.133415985107421875e+01,4.494252789299935102e-04,7.333782850764691830e-04,1.573936492204666138e-01,4.318398237228393555e-02,1.543345302343368530e-01,1.149125024676322937e-01,1.194683194160461426e+00,4.018310606479644775e-01,7.277081012725830078e+00,1.066895198822021484e+01,1.133614253997802734e+01,1.300264615565538406e-03,6.438544485718011856e-03,1.564013808965682983e-01,4.215947911143302917e-02,1.537215411663055420e-01,1.142441779375076294e-01,1.193775057792663574e+00,4.013695716857910156e-01,7.280224800109863281e+00,1.067523574829101562e+01,1.134315776824951172e+01
1.737896423339843750e+02,2.517158718203194455e-22,7.557028904557228088e-03,1.378291547298431396e-01,3.796999156475067139e-02,1.326087415218353271e-01,9.818138182163238525e-02,1.106224298477172852e+00,3.741063177585601807e-01,7.303886890411376953e+00,1.073996162414550781e+01,1.141835117340087891e+01,3.086240612901747227e-04,4.783433105330914259e-04,1.377985477447509766e-01,3.793690353631973267e-02,1.325897276401519775e-01,9.815964847803115845e-02,1.106204867362976074e+00,3.740893304347991943e-01,7.304617881774902344e+00,1.074142551422119141e+01,1.141999149322509766e+01,2.249498065793886781e-04,6.675002514384686947e-04,1.377605050802230835e-01,3.789412975311279297e-02,1.325881779193878174e-01,9.815697371959686279e-02,1.106312870979309082e+00,3.741303682327270508e-01,7.307339668273925781e+00,1.074687004089355469e+01,1.142608356475830078e+01
1.742904815673828125e+02,2.054765816015108601e-22,5.946907214820384979e-03,1.203039512038230896e-01,3.324198350310325623e-02,1.142371594905853271e-01,8.422368019819259644e-02,1.020709037780761719e+00,3.467077314853668213e-01,7.327241420745849609e+00,1.080816459655761719e+01,1.149832153320312500e+01,2.464459685143083334e-04,3.580630582291632891e-04,1.202483475208282471e-01,3.318218141794204712e-02,1.141993477940559387e-01,8.418107032775878906e-02,1.020650982856750488e+00,3.466686904430389404e-01,7.327852249145507812e+00,1.080939292907714844e+01,1.149969673156738281e+01,1.470948518544901162e-05,4.208367317914962769e-05,1.202770471572875977e-01,3.320884332060813904e-02,1.142293736338615417e-01,8.420840650796890259e-02,1.020762085914611816e+00,3.467156887054443359e-01,7.330060958862304688e+00,1.081383800506591797e+01,1.150467205047607422e+01
1.747913208007812500e+02,1.677314174439855580e-22,4.679847043007612228e-03,1.047273799777030945e-01,2.901443466544151306e-02,9.860207140445709229e-02,7.247431576251983643e-02,9.389901161193847656e-01,3.201229572296142578e-01,7.346966266632080078e+00,1.087172126770019531e+01,1.157370376586914062e+01,2.136985713150352240e-04,2.862545079551637173e-04,1.046222671866416931e-01,2.889869920909404755e-02,9.853013604879379272e-02,7.239303737878799438e-02,9.388767480850219727e-01,3.200492858886718750e-01,7.347502231597900391e+00,1.087280750274658203e+01,1.157491970062255859e+01,1.017964336824661586e-06,2.311190428372356109e-06,1.046404913067817688e-01,2.892054431140422821e-02,9.854977577924728394e-02,7.241073250770568848e-02,9.389517307281494141e-01,3.200818300247192383e-01,7.349246501922607422e+00,1.087634086608886719e+01,1.157888317108154297e+01
1.752921600341796875e+02,1.369199367465694765e-22,3.682751907035708427e-03,9.095345437526702881e-02,2.525714598596096039e-02,8.521663397550582886e-02,6.250237673521041870e-02,8.615784049034118652e-01,2.946535348892211914e-01,7.363666057586669922e+00,1.093067932128906250e+01,1.164431095123291016e+01,1.935290929395705462e-04,2.374315517954528332e-04,9.077642858028411865e-02,2.505250833928585052e-02,8.509789407253265381e-02,6.236644461750984192e-02,8.614053726196289062e-01,2.945393323898315430e-01,7.364166736602783203e+00,1.093170452117919922e+01,1.164546298980712891e+01,3.128210437353118323e-07,2.893085877531120786e-07,9.080436080694198608e-02,2.509380131959915161e-02,8.511915057897567749e-02,6.238772347569465637e-02,8.614680767059326172e-01,2.945695817470550537e-01,7.365530967712402344e+00,1.093447875976562500e+01,1.164857673645019531e+01
1.757929840087890625e+02,1.117690568477552214e-22,2.898119855672121048e-03,7.882701605558395386e-02,2.193491905927658081e-02,7.370446622371673584e-02,5.398381501436233521e-02,7.887500524520874023e-01,2.704832851886749268e-01,7.377842903137207031e+00,1.098516178131103516e+01,1.171009349822998047e+01,1.793812407413497567e-04,2.014457131735980511e-04,7.855019718408584595e-02,2.159357815980911255e-02,7.352683693170547485e-02,5.377724766731262207e-02,7.885182499885559082e-01,2.703257799148559570e-01,7.378348827362060547e+00,1.098620796203613281e+01,1.171127223968505859e+01,1.137254628247319488e-07,7.808697688460597419e-08,7.861595600843429565e-02,2.169226482510566711e-02,7.356697320938110352e-02,5.382210761308670044e-02,7.885938286781311035e-01,2.703690528869628906e-01,7.379384517669677734e+00,1.098832702636718750e+01,1.171365737915039062e+01
1.762938232421875000e+02,9.123757601595968371e-23,2.280641347169876099e-03,6.819052994251251221e-02,1.900999248027801514e-02,6.376872211694717407e-02,4.666944593191146851e-02,7.206070423126220703e-01,2.477119714021682739e-01,7.389909267425537109e+00,1.103534698486328125e+01,1.177111148834228516e+01,1.688183401711285114e-04,1.728953939164057374e-04,6.775949895381927490e-02,1.844808645546436310e-02,6.350645422935485840e-02,4.635978117585182190e-02,7.203003168106079102e-01,2.474957555532455444e-01,7.390482425689697266e+00,1.103653717041015625e+01,1.177244949340820312e+01,4.243517182089817652e-08,2.714247315793727466e-08,6.787410378456115723e-02,1.863523758947849274e-02,6.356620788574218750e-02,4.643010720610618591e-02,7.203851342201232910e-01,2.475499957799911499e-01,7.391249656677246094e+00,1.103811264038085938e+01,1.177422809600830078e+01
1.767946624755859375e+02,7.447763286113856170e-23,1.794723561033606529e-03,5.889170244336128235e-02,1.644461601972579956e-02,5.517291650176048279e-02,4.036531597375869751e-02,6.571399569511413574e-01,2.263841927051544189e-01,7.400204181671142578e+00,1.108144378662109375e+01,1.182749557495117188e+01,1.589738822076469660e-04,1.490797585574910045e-04,5.825809016823768616e-02,1.556066609919071198e-02,5.481054261326789856e-02,3.993161767721176147e-02,6.567603945732116699e-01,2.261064648628234863e-01,7.400888442993164062e+00,1.108287525177001953e+01,1.182910633087158203e+01,1.612015232410612953e-08,1.008276129255136766e-08,5.844954773783683777e-02,1.590541377663612366e-02,5.489736795425415039e-02,4.003703221678733826e-02,6.568570733070373535e-01,2.261734604835510254e-01,7.401415824890136719e+00,1.108396339416503906e+01,1.183033370971679688e+01
1.772954864501953125e+02,6.079678421335057651e-23,1.412346377037465572e-03,5.078576877713203430e-02,1.420199219137430191e-02,4.772458970546722412e-02,3.491712734103202820e-02,5.982566475868225098e-01,2.065043002367019653e-01,7.409003257751464844e+00,1.112368011474609375e+01,1.187942504882812500e+01,1.481541985413059592e-04,1.283122983295470476e-04,4.991747811436653137e-02,1.284308079630136490e-02,4.727385193109512329e-02,3.437548130750656128e-02,5.978398919105529785e-01,2.061888724565505981e-01,7.409828662872314453e+00,1.112541389465332031e+01,1.188138008117675781e+01,6.167947486090952225e-09,3.828192873811531172e-09,5.019652843475341797e-02,1.346233952790498734e-02,4.736629873514175415e-02,3.448645770549774170e-02,5.979145765304565430e-01,2.062418758869171143e-01,7.410151004791259766e+00,1.112607955932617188e+01,1.188213348388671875e+01
1.777963256835937500e+02,4.962866896341411315e-23,1.111428951844573021e-03,4.373703151941299438e-02,1.224699337035417557e-02,4.126406088471412659e-02,3.019958734512329102e-02,5.438032746315002441e-01,1.880469471216201782e-01,7.416536331176757812e+00,1.116229724884033203e+01,1.192712020874023438e+01,1.355817075818777084e-04,1.097040949389338493e-04,4.266467690467834473e-02,1.021386217325925827e-02,4.078849777579307556e-02,2.963662333786487579e-02,5.434216260910034180e-01,1.877497285604476929e-01,7.417490005493164062e+00,1.116430759429931641e+01,1.192939281463623047e+01,2.366276952159296343e-09,1.464645960069788089e-09,4.297573491930961609e-02,1.125376392155885696e-02,4.081678390502929688e-02,2.965712361037731171e-02,5.434108376502990723e-01,1.877362132072448730e-01,7.417673110961914062e+00,1.116468715667724609e+01,1.192982196807861328e+01
1.782971649169921875e+02,4.051208747170075928e-23,8.746252860873937607e-04,3.762141242623329163e-02,1.054706238210201263e-02,3.565813601016998291e-02,2.611011639237403870e-02,4.935937225818634033e-01,1.709694713354110718e-01,7.422991752624511719e+00,1.119753551483154297e+01,1.197081756591796875e+01,1.213363284477964044e-04,9.288802539231255651e-05,3.646653145551681519e-02,7.755953818559646606e-03,3.524876385927200317e-02,2.563165128231048584e-02,4.933061897754669189e-01,1.707386225461959839e-01,7.424021244049072266e+00,1.119970703125000000e+01,1.197327232360839844e+01,9.087008367991700197e-10,5.619093523812068725e-10,3.666464984416961670e-02,9.208095259964466095e-03,3.513385355472564697e-02,2.547444775700569153e-02,4.931805729866027832e-01,1.706330180168151855e-01,7.424153327941894531e+00,1.119999122619628906e+01,1.197359275817871094e+01
1.787980041503906250e+02,3.307017879568109137e-23,6.882755551487207413e-04,3.232584893703460693e-02,9.072200395166873932e-03,3.079365752637386322e-02,2.256298996508121490e-02,4.474164843559265137e-01,1.552157849073410034e-01,7.428527832031250000e+00,1.122963237762451172e+01,1.201076412200927734e+01,1.060479626175947487e-04,7.775440462864935398e-05,3.120780922472476959e-02,5.741437431424856186e-03,3.048784472048282623e-02,2.219759672880172729e-02,4.472219049930572510e-01,1.550526320934295654e-01,7.429563045501708984e+00,1.123182392120361328e+01,1.201323986053466797e+01,3.490871758327074303e-10,2.157889145149027854e-10,3.117349743843078613e-02,7.235281169414520264e-03,3.024251759052276611e-02,2.191056311130523682e-02,4.470387399196624756e-01,1.549019664525985718e-01,7.429726600646972656e+00,1.123217105865478516e+01,1.201363277435302734e+01
1.792988281250000000e+02,2.699548281982340963e-23,5.416337517090141773e-04,2.774856425821781158e-02,7.795162964612245560e-03,2.657387591898441315e-02,1.948588341474533081e-02,4.050472676753997803e-01,1.407220363616943359e-01,7.433277130126953125e+00,1.125881958007812500e+01,1.204720878601074219e+01,9.065509220818057656e-05,6.434008537326008081e-05,2.671025879681110382e-02,4.302749410271644592e-03,2.633984014391899109e-02,1.918676681816577911e-02,4.049072265625000000e-01,1.405976712703704834e-01,7.434272766113281250e+00,1.126092815399169922e+01,1.204959869384765625e+01,1.341272232169288259e-10,8.290081121575809675e-11,2.647004649043083191e-02,5.300691816955804825e-03,2.608651854097843170e-02,1.892520114779472351e-02,4.047586917877197266e-01,1.404776573181152344e-01,7.434491157531738281e+00,1.126139831542968750e+01,1.205012416839599609e+01
1.797996673583984375e+02,2.203651384298687638e-23,4.262318543624132872e-04,2.379810996353626251e-02,6.691290531307458878e-03,2.291497774422168732e-02,1.681681908667087555e-02,3.662517666816711426e-01,1.274182200431823730e-01,7.437351226806640625e+00,1.128532409667968750e+01,1.208040142059326172e+01,7.603112317156046629e-05,5.268144013825803995e-05,2.282794751226902008e-02,3.334546694532036781e-03,2.270062454044818878e-02,1.651625894010066986e-02,3.661286532878875732e-01,1.273028254508972168e-01,7.438293457031250000e+00,1.128732204437255859e+01,1.208266544342041016e+01,5.153569931914958602e-11,3.185158387042363870e-11,2.251526340842247009e-02,3.561733989045023918e-03,2.255474217236042023e-02,1.639959216117858887e-02,3.660598397254943848e-01,1.272494792938232422e-01,7.438547134399414062e+00,1.128786373138427734e+01,1.208328151702880859e+01
1.803005065917968750e+02,1.798848830734154828e-23,3.354177169967442751e-04,2.039356529712677002e-02,5.738631822168827057e-03,1.974462904036045074e-02,1.450274232774972916e-02,3.307985961437225342e-01,1.152332350611686707e-01,7.440845012664794922e+00,1.130935668945312500e+01,1.211058235168457031e+01,6.279462104430422187e-05,4.275465107639320195e-05,1.945441588759422302e-02,2.678811317309737206e-03,1.950639113783836365e-02,1.413249690085649490e-02,3.306685686111450195e-01,1.151065006852149963e-01,7.441738128662109375e+00,1.131126022338867188e+01,1.211274337768554688e+01,1.980190317274477252e-11,1.223835442709653165e-11,1.918876729905605316e-02,2.275050850585103035e-03,1.948784664273262024e-02,1.418943889439105988e-02,3.306684494018554688e-01,1.151113882660865784e-01,7.441985130310058594e+00,1.131178569793701172e+01,1.211334133148193359e+01
1.808013305664062500e+02,1.468417558958962303e-23,2.639549784362316132e-04,1.746331155300140381e-02,4.917657002806663513e-03,1.699982397258281708e-02,1.249771378934383392e-02,2.984589636325836182e-01,1.040953397750854492e-01,7.443840026855468750e+00,1.133111953735351562e+01,1.213798046112060547e+01,5.124461677041836083e-05,3.444985850364901125e-05,1.651247218251228333e-02,2.220716560259461403e-03,1.671397127211093903e-02,1.197635848075151443e-02,2.983115017414093018e-01,1.039476767182350159e-01,7.444707393646240234e+00,1.133297348022460938e+01,1.214008331298828125e+01,7.608885743692894721e-12,4.702564292830002657e-12,1.635890640318393707e-02,1.491936971433460712e-03,1.678377389907836914e-02,1.221791096031665802e-02,2.983524799346923828e-01,1.039897128939628601e-01,7.444902420043945312e+00,1.133338546752929688e+01,1.214055061340332031e+01
1.813021697998046875e+02,1.198676748724314668e-23,2.077164390357211232e-04,1.494400110095739365e-02,4.211015533655881882e-03,1.462531276047229767e-02,1.076161488890647888e-02,2.690069377422332764e-01,9.393244236707687378e-02,7.446405410766601562e+00,1.135080432891845703e+01,1.216282272338867188e+01,4.143369005760177970e-05,2.759904782578814775e-05,1.394955068826675415e-02,1.889174222014844418e-03,1.429552398622035980e-02,9.982615709304809570e-03,2.688430845737457275e-01,9.376474469900131226e-02,7.447265148162841797e+00,1.135265445709228516e+01,1.216492366790771484e+01,2.923637460600092552e-12,1.806909222940022985e-12,1.393587235361337662e-02,1.054096152074635029e-03,1.440841145813465118e-02,1.047037728130817413e-02,2.689041495323181152e-01,9.382683038711547852e-02,7.447373867034912109e+00,1.135288143157958984e+01,1.216517829895019531e+01
1.818030090332031250e+02,9.784857907823187033e-24,1.634601358091458678e-04,1.278030779212713242e-02,3.603499848395586014e-03,1.257302705198526382e-02,9.259643964469432831e-03,2.422273904085159302e-01,8.467513322830200195e-02,7.448602199554443359e+00,1.136858844757080078e+01,1.218531608581542969e+01,3.326993100927211344e-05,2.201357710873708129e-05,1.172131393104791641e-02,1.641822280362248421e-03,1.221678406000137329e-02,8.123957552015781403e-03,2.420572489500045776e-01,8.449725806713104248e-02,7.449480533599853516e+00,1.137047481536865234e+01,1.218745422363281250e+01,1.123378950626530148e-12,6.942866420667215266e-13,1.185639016330242157e-02,7.979997317306697369e-04,1.233943458646535873e-02,8.939813822507858276e-03,2.421220690011978149e-01,8.456431329250335693e-02,7.449479579925537109e+00,1.137047481536865234e+01,1.218745803833007812e+01
1.823038330078125000e+02,7.987476200600562243e-24,1.286340411752462387e-04,1.092382986098527908e-02,3.081758273765444756e-03,1.080090552568435669e-02,7.961384020745754242e-03,2.179142832756042480e-01,7.625629752874374390e-02,7.450480461120605469e+00,1.138463687896728516e+01,1.220565605163574219e+01,2.657721233845222741e-05,1.749986950017046183e-05,9.771060198545455933e-03,1.455646823160350323e-03,1.041298173367977142e-02,6.454416085034608841e-03,2.177510559558868408e-01,7.608178257942199707e-02,7.451379776000976562e+00,1.138657855987548828e+01,1.220785999298095703e+01,4.316600245649060419e-13,2.667806026004221343e-13,1.007014419883489609e-02,6.314819329418241978e-04,1.054664235562086105e-02,7.608091458678245544e-03,2.178054600954055786e-01,7.613948732614517212e-02,7.451275825500488281e+00,1.138635158538818359e+01,1.220760536193847656e+01
1.828046722412109375e+02,6.520215032842563420e-24,1.012270950013771653e-04,9.332205168902873993e-03,2.634073607623577118e-03,9.271999821066856384e-03,6.840138696134090424e-03,1.958696097135543823e-01,6.861084699630737305e-02,7.452085494995117188e+00,1.139910602569580078e+01,1.222403049468994141e+01,2.114856761181727052e-05,1.387582778988871723e-05,8.033564314246177673e-03,1.318509108386933804e-03,8.805211633443832397e-03,5.070562940090894699e-03,1.957210600376129150e-01,6.844791024923324585e-02,7.453009128570556641e+00,1.140110206604003906e+01,1.222629737854003906e+01,1.658612076892510001e-13,1.025078662903432247e-13,8.536058478057384491e-03,5.122642032802104950e-04,8.997298777103424072e-03,6.451414432376623154e-03,1.957580596208572388e-01,6.848888844251632690e-02,7.452809810638427734e+00,1.140066814422607422e+01,1.222581100463867188e+01
1.833055114746093750e+02,5.322481998419164649e-24,7.965949043864384294e-05,7.968749850988388062e-03,2.250273013487458229e-03,7.954158820211887360e-03,5.872672423720359802e-03,1.759084612131118774e-01,6.167764216661453247e-02,7.453455448150634766e+00,1.141213703155517578e+01,1.224061107635498047e+01,1.678197077126242220e-05,1.098178381653269753e-05,6.463367957621812820e-03,1.219496829435229301e-03,7.341165095567703247e-03,4.017143975943326950e-03,1.757757067680358887e-01,6.152805313467979431e-02,7.454396724700927734e+00,1.141417694091796875e+01,1.224293613433837891e+01,6.373057599229695058e-14,3.938766223983772297e-14,7.220368366688489914e-03,4.211962223052978516e-04,7.661351934075355530e-03,5.445739254355430603e-03,1.757956147193908691e-01,6.155218556523323059e-02,7.454120159149169922e+00,1.141357231140136719e+01,1.224224472045898438e+01
1.838063507080078125e+02,4.344766609196884786e-24,6.268711149459704757e-05,6.801577284932136536e-03,1.921494957059621811e-03,6.819238420575857162e-03,5.038638133555650711e-03,1.578561663627624512e-01,5.539859831333160400e-02,7.454623222351074219e+00,1.142386245727539062e+01,1.225555610656738281e+01,1.328911093878559768e-05,8.678974154463503510e-06,5.055876914411783218e-03,1.142398337833583355e-03,6.025856360793113708e-03,3.253721166402101517e-03,1.577418595552444458e-01,5.526665598154067993e-02,7.455578327178955078e+00,1.142592811584472656e+01,1.225790119171142578e+01,2.448785803039338349e-14,1.513432899781421564e-14,6.094580050557851791e-03,3.488479997031390667e-04,6.512658670544624329e-03,4.568981472402811050e-03,1.577439010143280029e-01,5.527186766266822815e-02,7.455235958099365234e+00,1.142518997192382812e+01,1.225706672668457031e+01
1.843071746826171875e+02,3.546674453662976700e-24,4.933124000672250986e-05,5.803100764751434326e-03,1.640057424083352089e-03,5.842708982527256012e-03,4.320281557738780975e-03,1.415497660636901855e-01,4.971922188997268677e-02,7.455617427825927734e+00,1.143440437316894531e+01,1.226901435852050781e+01,1.050657192536164075e-05,6.851637408544775099e-06,3.849696367979049683e-03,1.066216966137290001e-03,4.903995431959629059e-03,2.697850111871957779e-03,1.414589285850524902e-01,4.961193725466728210e-02,7.456557750701904297e+00,1.143644046783447266e+01,1.227133560180664062e+01,9.409496734568995741e-15,5.815388555636177154e-15,5.133906845003366470e-03,2.900634135585278273e-04,5.528392270207405090e-03,3.802183782681822777e-03,1.414401680231094360e-01,4.959380254149436951e-02,7.456187248229980469e+00,1.143563747406005859e+01,1.227041912078857422e+01
1.848080139160156250e+02,2.895166064954521366e-24,3.882063174387440085e-05,4.949387162923812866e-03,1.399283995851874352e-03,5.003097467124462128e-03,3.702045185491442680e-03,1.268357932567596436e-01,4.458796977996826172e-02,7.456463336944580078e+00,1.144387245178222656e+01,1.228112316131591797e+01,8.295655788970179856e-06,5.404048806667560712e-06,2.895358949899673462e-03,9.757415391504764557e-04,3.995384089648723602e-03,2.273066202178597450e-03,1.267699301242828369e-01,4.450806975364685059e-02,7.457360267639160156e+00,1.144582462310791016e+01,1.228334426879882812e+01,3.615508466345198485e-15,2.234507007932971280e-15,4.316232632845640182e-03,2.417257492197677493e-04,4.687929991632699966e-03,3.130249213427305222e-03,1.267310380935668945e-01,4.446659609675407410e-02,7.456994056701660156e+00,1.144502830505371094e+01,1.228243637084960938e+01
1.853088531494140625e+02,2.363336553038050953e-24,3.054942862945608795e-05,4.219864495098590851e-03,1.193426665849983692e-03,4.281795583665370941e-03,3.170427400618791580e-03,1.135730966925621033e-01,3.995725512504577637e-02,7.457181453704833984e+00,1.145237255096435547e+01,1.229200839996337891e+01,6.543692052218830213e-06,4.259513843862805516e-06,2.196975983679294586e-03,8.722346974536776543e-04,3.279390744864940643e-03,1.930203754454851151e-03,1.135288029909133911e-01,3.990169614553451538e-02,7.458013057708740234e+00,1.145417881011962891e+01,1.229406452178955078e+01,1.389224242505935139e-15,8.585878530833882839e-16,3.621635027229785919e-03,2.017763763433322310e-04,3.972057253122329712e-03,2.542107133194804192e-03,1.134752109646797180e-01,3.984261676669120789e-02,7.457679271697998047e+00,1.145345592498779297e+01,1.229324245452880859e+01
1.858096771240234375e+02,1.929213577905218315e-24,2.404067708994261920e-05,3.596789436414837837e-03,1.017521368339657784e-03,3.662610193714499474e-03,2.713663270696997643e-03,1.016308143734931946e-01,3.578279539942741394e-02,7.457791328430175781e+00,1.145999431610107422e+01,1.230178546905517578e+01,5.158112799108494073e-06,3.355805802129907534e-06,1.704328460618853569e-03,7.663967553526163101e-04,2.721309661865234375e-03,1.644885633140802383e-03,1.016026809811592102e-01,3.574597090482711792e-02,7.458540916442871094e+00,1.146161937713623047e+01,1.230363464355468750e+01,5.338115453648888033e-16,3.299136948924948206e-16,3.032224019989371300e-03,1.687137992121279240e-04,3.362780902534723282e-03,2.030469942837953568e-03,1.015416607260704041e-01,3.567738831043243408e-02,7.458258628845214844e+00,1.146101379394531250e+01,1.230294799804687500e+01
1.863105163574218750e+02,1.574825014590438903e-24,1.891851388791110367e-05,3.064837539568543434e-03,8.672748226672410965e-04,3.131426405161619186e-03,2.321483334526419640e-03,9.088699519634246826e-02,3.202317655086517334e-02,7.458307743072509766e+00,1.146682548522949219e+01,1.231055831909179688e+01,4.063589130964828655e-06,2.642774688865756616e-06,1.354443607851862907e-03,6.666770204901695251e-04,2.285849768668413162e-03,1.405030139721930027e-03,9.086989611387252808e-02,3.199953213334083557e-02,7.458965301513671875e+00,1.146825790405273438e+01,1.231218814849853516e+01,2.051119398533850138e-16,1.267661435578007370e-16,2.532033016905188560e-03,1.413740683346986771e-04,2.843472873792052269e-03,1.591056818142533302e-03,9.080802649259567261e-02,3.192897140979766846e-02,7.458747863769531250e+00,1.146778678894042969e+01,1.231165504455566406e+01
1.868113555908203125e+02,1.285536704440957727e-24,1.488770249125082046e-05,2.610884606838226318e-03,7.390063256025314331e-04,2.676056930795311928e-03,1.985005568712949753e-03,8.123039454221725464e-02,2.864051423966884613e-02,7.458745479583740234e+00,1.147294235229492188e+01,1.231842708587646484e+01,3.200229912181384861e-06,2.080778131130500697e-06,1.098603243008255959e-03,5.767521215602755547e-04,1.942000933922827244e-03,1.202682731673121452e-03,8.122044056653976440e-02,2.862570807337760925e-02,7.459313869476318359e+00,1.147418117523193359e+01,1.231983947753906250e+01,7.881227983894988141e-17,4.870866933652794354e-17,2.107061445713043213e-03,1.188023306895047426e-04,2.399375429376959801e-03,1.221449463628232479e-03,8.116228133440017700e-02,2.855852246284484863e-02,7.459157943725585938e+00,1.147384834289550781e+01,1.231946086883544922e+01
1.873121795654296875e+02,1.049396024236092322e-24,1.171579151559853926e-05,2.223651390522718430e-03,6.295489729382097721e-04,2.285937778651714325e-03,1.696521416306495667e-03,7.255864143371582031e-02,2.559985034167766571e-02,7.459115028381347656e+00,1.147841835021972656e+01,1.232547760009765625e+01,2.519752570151467808e-06,1.638063849895843305e-06,9.048433857969939709e-04,4.972899332642555237e-04,1.665133633650839329e-03,1.031294232234358788e-03,7.255323231220245361e-02,2.559084258973598480e-02,7.459599971771240234e+00,1.147947883605957031e+01,1.232668590545654297e+01,3.028374066133393539e-17,1.871638080094339214e-17,1.745182671584188938e-03,1.001964046736247838e-04,2.018027706071734428e-03,9.196796454489231110e-04,7.250110059976577759e-02,2.552974037826061249e-02,7.459504127502441406e+00,1.147926902770996094e+01,1.232644939422607422e+01
1.878130187988281250e+02,8.566268179926649930e-25,9.219605999533087015e-06,1.893425825983285904e-03,5.361736402846872807e-04,1.951896585524082184e-03,1.449326751753687859e-03,6.477715075016021729e-02,2.286879718303680420e-02,7.459426879882812500e+00,1.148331546783447266e+01,1.233179187774658203e+01,1.983529955396079458e-06,1.289334932152996771e-06,7.532773888669908047e-04,4.277055850252509117e-04,1.437045633792877197e-03,8.853436447679996490e-04,6.477452069520950317e-02,2.286350540816783905e-02,7.459838390350341797e+00,1.148421287536621094e+01,1.233281993865966797e+01,1.163623588127538365e-17,7.191589309236052802e-18,1.435959944501519203e-03,8.488806633977219462e-05,1.689328579232096672e-03,6.824156735092401505e-04,6.472875177860260010e-02,2.280886285006999969e-02,7.459790706634521484e+00,1.148411178588867188e+01,1.233270454406738281e+01
1.883138580322265625e+02,6.992681972780247474e-25,7.255260243255179375e-06,1.611914718523621559e-03,4.565476847346872091e-04,1.666040974669158459e-03,1.237645861692726612e-03,5.780015140771865845e-02,2.041791006922721863e-02,7.459690093994140625e+00,1.148769283294677734e+01,1.233744239807128906e+01,1.561277144901396241e-06,1.014789063447096851e-06,6.317353108897805214e-04,3.671287267934530973e-04,1.245079678483307362e-03,7.604402489960193634e-04,5.779907852411270142e-02,2.041480503976345062e-02,7.460039138793945312e+00,1.148845291137695312e+01,1.233830547332763672e+01,4.471111802147658692e-18,2.763298993039039247e-18,1.170415314845740795e-03,7.233184442156925797e-05,1.405217917636036873e-03,5.033701891079545021e-04,5.775862932205200195e-02,2.036546356976032257e-02,7.460031986236572266e+00,1.148843765258789062e+01,1.233829212188720703e+01
1.888146972656250000e+02,5.708157081057848847e-25,5.709440301870927215e-06,1.372002414427697659e-03,3.886682970914989710e-04,1.421548309735953808e-03,1.056478940881788731e-03,5.154907330870628357e-02,1.822016388177871704e-02,7.459911346435546875e+00,1.149160480499267578e+01,1.234249687194824219e+01,1.228819087373267394e-06,7.986621994859888218e-07,5.324160447344183922e-04,3.145890077576041222e-04,1.080587273463606834e-03,6.530913524329662323e-04,5.154852941632270813e-02,1.821781881153583527e-02,7.460204601287841797e+00,1.149224376678466797e+01,1.234322452545166016e+01,1.717981547173886953e-18,1.061770998827021137e-18,9.403989533893764019e-04,6.215576286194846034e-05,1.159176928922533989e-03,3.732735058292746544e-04,5.151200667023658752e-02,1.817245222628116608e-02,7.460228919982910156e+00,1.149230003356933594e+01,1.234328842163085938e+01
1.893155212402343750e+02,4.659621901284578954e-25,4.493008418648969382e-06,1.167602720670402050e-03,3.308211744297295809e-04,1.212541712448000908e-03,9.015136747620999813e-04,4.595246165990829468e-02,1.625092327594757080e-02,7.460097312927246094e+00,1.149509620666503906e+01,1.234701347351074219e+01,9.671340421846252866e-07,6.285603149080998264e-07,4.501966759562492371e-04,2.691790577955543995e-04,9.378395625390112400e-04,5.605893093161284924e-04,4.595118761062622070e-02,1.624744385480880737e-02,7.460344791412353516e+00,1.149563503265380859e+01,1.234762859344482422e+01,6.601370713170784689e-19,4.079871140540503394e-19,7.375127752311527729e-04,5.423698166850954294e-05,9.462118614464998245e-04,2.814060426317155361e-04,4.591804370284080505e-02,1.620595715939998627e-02,7.460394859313964844e+00,1.149574565887451172e+01,1.234775447845458984e+01
1.898163604736328125e+02,3.803668622593552976e-25,3.535718406055821106e-06,9.934917325153946877e-04,2.815338957589119673e-04,1.033941865898668766e-03,7.690183701924979687e-04,4.094483330845832825e-02,1.448756922036409378e-02,7.460253238677978516e+00,1.149821281433105469e+01,1.235104846954345703e+01,7.611105843352561351e-07,4.946523404214531183e-07,3.814791562035679817e-04,2.300253690918907523e-04,8.129872148856520653e-04,4.807669611182063818e-04,4.094077274203300476e-02,1.447972655296325684e-02,7.460461139678955078e+00,1.149866676330566406e+01,1.235157299041748047e+01,2.536512900748118747e-19,1.567651241913359955e-19,5.510726477950811386e-04,4.881980203208513558e-05,7.641766569577157497e-04,2.178237191401422024e-04,4.091218486428260803e-02,1.444456726312637329e-02,7.460531234741210938e+00,1.149882411956787109e+01,1.235174274444580078e+01
1.903171997070312500e+02,3.104950359974080427e-25,2.782390083666541614e-06,8.452200563624501228e-04,2.395516494289040565e-04,8.813956519588828087e-04,6.557912565767765045e-04,3.646717965602874756e-02,1.290968339890241623e-02,7.460384368896484375e+00,1.150099182128906250e+01,1.235465145111083984e+01,5.989748501633584965e-07,3.892735662702762056e-07,3.237251949030905962e-04,1.963709073606878519e-04,7.034913287498056889e-04,4.119110526517033577e-04,3.645692765712738037e-02,1.289202179759740829e-02,7.460563182830810547e+00,1.150138187408447266e+01,1.235509872436523438e+01,9.746305973724626029e-20,6.023547961421900683e-20,3.660722868517041206e-04,4.615102443494834006e-05,6.167597020976245403e-04,1.748580834828317165e-04,3.643653169274330139e-02,1.286915596574544907e-02,7.460648059844970703e+00,1.150156688690185547e+01,1.235531139373779297e+01
1.908180236816406250e+02,2.534593325180874984e-25,2.189577571698464453e-06,7.189818425104022026e-04,2.038006059592589736e-04,1.699114322662353516e+00,7.142825722694396973e-01,2.437044233083724976e-01,2.794044837355613708e-02,7.462141036987304688e+00,1.150358200073242188e+01,1.235787677764892578e+01,4.706665208686899859e-07,3.059482196476892568e-07,1.364937779726460576e-04,1.188206369988620281e-04,1.677972674369812012e+00,7.055054903030395508e-01,2.393672168254852295e-01,2.143695019185543060e-02,7.469429016113281250e+00,1.151952743530273438e+01,1.237607002258300781e+01,3.745033081469983402e-20,2.314557659556781569e-20,7.176194230851251632e-06,1.772464565874543041e-05,1.677567005157470703e+00,7.053405046463012695e-01,2.392851412296295166e-01,2.125224843621253967e-02,7.469616889953613281e+00,1.151994037628173828e+01,1.237654304504394531e+01
1.913188629150390625e+02,2.069000716386513133e-25,1.723063292047299910e-06,6.115201977081596851e-04,1.733612443786114454e-04,1.117042303085327148e+00,7.892912030220031738e-01,6.433733105659484863e-01,1.055936515331268311e-01,7.483092308044433594e+00,1.150895404815673828e+01,1.236143398284912109e+01,3.705548294874461135e-07,2.408516763807710959e-07,1.287848572246730328e-04,1.063179079210385680e-04,1.107485055923461914e+00,7.823216319084167480e-01,6.379513740539550781e-01,1.018605828285217285e-01,7.487702846527099609e+00,1.151906204223632812e+01,1.237294673919677734e+01,1.438992797283083789e-20,8.893464667606554899e-21,3.847826235414686380e-07,8.450145969618461095e-07,1.099545359611511230e+00,7.766500711441040039e-01,6.331431865692138672e-01,9.942071139812469482e-02,7.491430759429931641e+00,1.152717018127441406e+01,1.238220787048339844e+01
1.918197021484375000e+02,1.688935174341048974e-25,1.355944846181955654e-06,5.200600717216730118e-04,1.474498567404225469e-04,7.879797220230102539e-01,6.511168479919433594e-01,9.398936033248901367e-01,2.028285712003707886e-01,7.534618377685546875e+00,1.152389240264892578e+01,1.236857032775878906e+01,2.917673782576457597e-07,1.896272863177728141e-07,1.405753573635593057e-04,1.031635329127311707e-04,7.879821062088012695e-01,6.511188149452209473e-01,9.398967027664184570e-01,2.028297036886215210e-01,7.534694194793701172e+00,1.152405071258544922e+01,1.236875247955322266e+01,5.529191061589112988e-21,3.417228109401824189e-21,1.710928643205988919e-07,1.274644745308251004e-07,7.870334982872009277e-01,6.502948403358459473e-01,9.388224482536315918e-01,2.023772746324539185e-01,7.535322666168212891e+00,1.152541637420654297e+01,1.237030220031738281e+01
1.923205413818359375e+02,1.378685671300390971e-25,1.067045104718999937e-06,4.422317433636635542e-04,1.253968366654589772e-04,5.716788768768310547e-01,4.983243942260742188e-01,1.112689375877380371e+00,2.826496064662933350e-01,7.607550144195556641e+00,1.155224132537841797e+01,1.238386535644531250e+01,2.296430068327026675e-07,1.492475973918772070e-07,1.287062041228637099e-04,9.104621858568862081e-05,5.716808438301086426e-01,4.983261525630950928e-01,1.112693071365356445e+00,2.826509773731231689e-01,7.607611179351806641e+00,1.155237197875976562e+01,1.238401317596435547e+01,2.124538278540725576e-21,1.313036939122125896e-21,6.382470729704436962e-08,4.116562735134721152e-08,5.716820955276489258e-01,4.983274042606353760e-01,1.112695574760437012e+00,2.826518714427947998e-01,7.607648849487304688e+00,1.155245494842529297e+01,1.238410854339599609e+01
1.928213653564453125e+02,1.125434326890345650e-25,8.397047395192203112e-07,3.760153776966035366e-04,1.066312906914390624e-04,4.191139340400695801e-01,3.722668290138244629e-01,1.191237568855285645e+00,3.347710669040679932e-01,7.687918663024902344e+00,1.159343338012695312e+01,1.241034412384033203e+01,1.807330676228957600e-07,1.174590664732022560e-07,1.115247505367733538e-04,7.809250382706522942e-05,4.191152751445770264e-01,3.722679615020751953e-01,1.191240549087524414e+00,3.347721099853515625e-01,7.687969684600830078e+00,1.159354019165039062e+01,1.241047000885009766e+01,8.163571884979057222e-22,5.045364518305359123e-22,2.402158827408129582e-08,1.508782254688867397e-08,4.191162288188934326e-01,3.722689151763916016e-01,1.191242694854736328e+00,3.347729742527008057e-01,7.688004016876220703e+00,1.159361457824707031e+01,1.241055107116699219e+01
1.933222045898437500e+02,9.186970564210093228e-26,6.607957061532943044e-07,3.196830512024462223e-04,9.066461643669754267e-05,3.084306716918945312e-01,2.757850587368011475e-01,1.205071687698364258e+00,3.615574240684509277e-01,7.765290737152099609e+00,1.164453887939453125e+01,1.244848442077636719e+01,1.422323805400083074e-07,9.243679244264058070e-08,9.787936141947284341e-05,6.743933045072481036e-05,3.084314167499542236e-01,2.757856547832489014e-01,1.205073714256286621e+00,3.615581095218658447e-01,7.765335083007812500e+00,1.164462852478027344e+01,1.244859027862548828e+01,3.136773492068000491e-22,1.938632742774347292e-22,9.156686076039477484e-09,5.693990168254003947e-09,3.084320425987243652e-01,2.757863998413085938e-01,1.205075740814208984e+00,3.615588247776031494e-01,7.765366077423095703e+00,1.164469146728515625e+01,1.244865989685058594e+01
1.938230438232421875e+02,7.499364127456275896e-26,5.200052441978186835e-07,2.717671741265803576e-04,7.708172779530286789e-05,2.272905409336090088e-01,2.037115246057510376e-01,1.176497101783752441e+00,3.689110279083251953e-01,7.833976745605468750e+00,1.170205307006835938e+01,1.249677944183349609e+01,1.119344830158297555e-07,7.274570634763222188e-08,8.593876555096358061e-05,5.824848267366178334e-05,2.272910177707672119e-01,2.037118673324584961e-01,1.176498293876647949e+00,3.689114749431610107e-01,7.834014415740966797e+00,1.170213127136230469e+01,1.249686622619628906e+01,1.205274954884982359e-22,7.449009055255381192e-23,3.507793167045747396e-09,2.172950486212243959e-09,2.272914946079254150e-01,2.037124931812286377e-01,1.176500082015991211e+00,3.689122498035430908e-01,7.834041118621826172e+00,1.170218658447265625e+01,1.249692726135253906e+01
1.943238677978515625e+02,6.121800980572111137e-26,4.092148344625456957e-07,2.310163399670273066e-04,6.552855484187602997e-05,1.675832718610763550e-01,1.503208428621292114e-01,1.121368169784545898e+00,3.626503050327301025e-01,7.891848087310791016e+00,1.176280307769775391e+01,1.255269813537597656e+01,8.809080043192807352e-08,5.724943363816237252e-08,7.415514846798032522e-05,4.989760782336816192e-05,1.675835400819778442e-01,1.503211408853530884e-01,1.121369242668151855e+00,3.626506626605987549e-01,7.891878604888916016e+00,1.176286697387695312e+01,1.255277347564697266e+01,4.631287516404760130e-23,2.862293126628694494e-23,1.346133426949336354e-09,8.327473155489428791e-10,1.675840318202972412e-01,1.503215283155441284e-01,1.121370434761047363e+00,3.626512885093688965e-01,7.891901969909667969e+00,1.176291751861572266e+01,1.255282497406005859e+01
1.948247070312500000e+02,4.997251718639568530e-26,3.220266080461442471e-07,1.963608665391802788e-04,5.570238499785773456e-05,1.235844641923904419e-01,1.108836382627487183e-01,1.050742983818054199e+00,3.474740087985992432e-01,7.938906669616699219e+00,1.182425880432128906e+01,1.261346721649169922e+01,6.932233986844948959e-08,4.505195505544179468e-08,6.417733675334602594e-05,4.280186112737283111e-05,1.235844716429710388e-01,1.108836010098457336e-01,1.050743460655212402e+00,3.474739789962768555e-01,7.938932895660400391e+00,1.182431507110595703e+01,1.261352825164794922e+01,1.779527576126938674e-23,1.099808417042512648e-23,5.169742411936795179e-10,3.196300446539623863e-10,1.235848441720008850e-01,1.108839809894561768e-01,1.050744533538818359e+00,3.474745154380798340e-01,7.938951969146728516e+00,1.182435607910156250e+01,1.261357498168945312e+01
1.953255462646484375e+02,4.079277394393209739e-26,2.534148961785831489e-07,1.668930490268394351e-04,4.734626782010309398e-05,9.114621579647064209e-02,8.178436011075973511e-02,9.722553491592407227e-01,3.268844187259674072e-01,7.976213455200195312e+00,1.188454532623291016e+01,1.267652606964111328e+01,5.455388318864606845e-08,3.545396154436275538e-08,5.582940138992853463e-05,3.680148438434116542e-05,9.114578366279602051e-02,8.178389072418212891e-02,9.722544550895690918e-01,3.268837332725524902e-01,7.976236820220947266e+00,1.188459300994873047e+01,1.267657852172851562e+01,6.837663310725719055e-24,4.225908147746329716e-24,1.986045217172716093e-10,1.227623974697777953e-10,9.114618599414825439e-02,8.178430050611495972e-02,9.722555875778198242e-01,3.268843591213226318e-01,7.976255416870117188e+00,1.188462829589843750e+01,1.267661762237548828e+01
1.958263702392578125e+02,3.329953519814534621e-26,1.994233969071501633e-07,1.418394531356170774e-04,4.024121153634041548e-05,6.722718477249145508e-02,6.032142788171768188e-02,8.910968899726867676e-01,3.033845126628875732e-01,8.005235671997070312e+00,1.194236660003662109e+01,1.273975467681884766e+01,4.293280042588776269e-08,2.790140030128895887e-08,4.856466694036498666e-05,3.163625297020189464e-05,6.722605973482131958e-02,6.032015755772590637e-02,8.910943865776062012e-01,3.033827543258666992e-01,8.005255699157714844e+00,1.194240951538085938e+01,1.273980236053466797e+01,2.627382694727043887e-24,1.623811797690466447e-24,7.630874404584986337e-11,4.716398799287091492e-11,6.722661852836608887e-02,6.032076478004455566e-02,8.910957574844360352e-01,3.033835589885711670e-01,8.005270957946777344e+00,1.194243907928466797e+01,1.273983573913574219e+01
1.963272094726562500e+02,2.718256599061771377e-26,1.569339218576715211e-07,1.205393855343572795e-04,3.420010762056335807e-05,4.958726838231086731e-02,4.449158161878585815e-02,8.107138276100158691e-01,2.787093222141265869e-01,8.027487754821777344e+00,1.199689674377441406e+01,1.280152893066406250e+01,3.378534074727213010e-08,2.195660897541529266e-08,4.213978172629140317e-05,2.715873415581882000e-05,4.958454146981239319e-02,4.448842629790306091e-02,8.107083439826965332e-01,2.787054479122161865e-01,8.027504920959472656e+00,1.199693489074707031e+01,1.280157279968261719e+01,1.009546419786013453e-24,6.239340022854877488e-25,2.932014700474105950e-11,1.812121112887421504e-11,4.958569630980491638e-02,4.448977857828140259e-02,8.107106685638427734e-01,2.787069380283355713e-01,8.027519226074218750e+00,1.199696254730224609e+01,1.280159854888916016e+01
1.968280487060546875e+02,2.218925056463568165e-26,1.234973154851104482e-07,1.024325320031493902e-04,2.906425106630194932e-05,3.657792881131172180e-02,3.281710296869277954e-02,7.333267927169799805e-01,2.540312707424163818e-01,8.044347763061523438e+00,1.204765319824218750e+01,1.286068344116210938e+01,2.658735986926785699e-08,1.727871534740188508e-08,3.645675315055996180e-05,2.328018672415055335e-05,3.657038882374763489e-02,3.280785307288169861e-02,7.333142161369323730e-01,2.540221512317657471e-01,8.044365882873535156e+00,1.204769802093505859e+01,1.286073303222656250e+01,3.879084957727846113e-25,2.397406222939382045e-25,1.126587798744305147e-11,6.962746351701909475e-12,3.657406568527221680e-02,3.281254693865776062e-02,7.333197593688964844e-01,2.540259659290313721e-01,8.044375419616699219e+00,1.204771518707275391e+01,1.286074924468994141e+01
1.973288879394531250e+02,1.811318315619938100e-26,9.718475268982729176e-08,8.704134961590170860e-05,2.469834362273104489e-05,2.698326669633388519e-02,2.420712821185588837e-02,6.602848768234252930e-01,2.301145344972610474e-01,8.056994438171386719e+00,1.209442329406738281e+01,1.291645050048828125e+01,2.092283857280108350e-08,1.359741208517561972e-08,3.145164009765721858e-05,1.992757643165532500e-05,2.695880271494388580e-02,2.417460829019546509e-02,6.602535247802734375e-01,2.300907820463180542e-01,8.057025909423828125e+00,1.209449005126953125e+01,1.291652488708496094e+01,1.490501034677713118e-25,9.211802426392253390e-26,4.328790364355183939e-12,2.675346272643097656e-12,2.697348780930042267e-02,2.419505082070827484e-02,6.602697372436523438e-01,2.301028966903686523e-01,8.057024955749511719e+00,1.209448814392089844e+01,1.291651821136474609e+01
1.978297119140625000e+02,1.478596199171554744e-26,7.647894051387993386e-08,7.395981810986995697e-05,2.098734330502338707e-05,1.990691386163234711e-02,1.785726286470890045e-02,5.923328399658203125e-01,2.074338793754577637e-01,8.066398620605468750e+00,1.213716983795166016e+01,1.296837425231933594e+01,1.646559866230745683e-08,1.070069011177565699e-08,2.706617669900879264e-05,1.703702946542762220e-05,1.982193253934383392e-02,1.773212663829326630e-02,5.922533869743347168e-01,2.073714882135391235e-01,8.066470146179199219e+00,1.213732337951660156e+01,1.296855258941650391e+01,5.727273152943617016e-26,3.539649696605790167e-26,1.663342207025575448e-12,1.028003094975804554e-12,1.988169550895690918e-02,1.782427355647087097e-02,5.923008918762207031e-01,2.074084281921386719e-01,8.066439628601074219e+00,1.213725090026855469e+01,1.296846675872802734e+01
1.983305511474609375e+02,1.206984302081765035e-26,6.018417764153127791e-08,6.284137634793296456e-05,1.783303741831332445e-05,1.468736212700605392e-02,1.317379996180534363e-02,5.297920703887939453e-01,1.862582117319107056e-01,8.073333740234375000e+00,1.217599391937255859e+01,1.301625061035156250e+01,1.295719265215211635e-08,8.420657060526082205e-09,2.324075830983929336e-05,1.454948960599722341e-05,1.444361358880996704e-02,1.270420849323272705e-02,5.296193361282348633e-01,1.861174404621124268e-01,8.073525428771972656e+00,1.217640781402587891e+01,1.301671314239501953e+01,2.200649367960893255e-26,1.360076165212315311e-26,6.391229234216366795e-13,3.949998422965450562e-13,1.462404616177082062e-02,1.308477204293012619e-02,5.297278761863708496e-01,1.862051934003829956e-01,8.073396682739257812e+00,1.217613124847412109e+01,1.301640224456787109e+01
1.988313903808593750e+02,9.852645446476999756e-27,1.338724851608276367e+00,5.110421776771545410e-01,3.563530370593070984e-02,1.548337936401367188e-02,1.008755527436733246e-02,4.727337658405303955e-01,1.667180508375167847e-01,8.078405380249023438e+00,1.221107006072998047e+01,1.306004333496093750e+01,3.231698274612426758e-02,1.509676098823547363e+00,5.793773531913757324e-01,7.913342118263244629e-02,6.646361947059631348e-02,5.108417198061943054e-02,4.732735753059387207e-01,1.670690774917602539e-01,8.096146583557128906e+00,1.224867725372314453e+01,1.310265064239501953e+01,3.226264566183090210e-02,1.509526252746582031e+00,5.793198943138122559e-01,7.911197096109390259e-02,6.643495708703994751e-02,5.113662034273147583e-02,4.732715785503387451e-01,1.670670211315155029e-01,8.096196174621582031e+00,1.224877834320068359e+01,1.310276603698730469e+01
1.993322143554687500e+02,8.042795151697871382e-27,6.300054788589477539e-01,8.782122135162353516e-01,1.429888755083084106e-01,2.257294654846191406e+00,1.235403493046760559e-01,4.263319671154022217e-01,1.490734368562698364e-01,8.082105636596679688e+00,1.224262905120849609e+01,1.309984493255615234e+01,1.274574082344770432e-02,6.242972016334533691e-01,8.714569807052612305e-01,1.403654068708419800e-01,2.238144636154174805e+00,1.192759796977043152e-01,4.259247481822967529e-01,1.479072570800781250e-01,8.116999626159667969e+00,1.231714248657226562e+01,1.318434047698974609e+01,1.604572869837284088e-02,6.363603472709655762e-01,8.874409198760986328e-01,1.469442546367645264e-01,2.283015966415405273e+00,1.312884688377380371e-01,4.292628765106201172e-01,1.517140865325927734e-01,8.189309120178222656e+00,1.247238349914550781e+01,1.336076354980468750e+01
1.998330535888671875e+02,6.565364217179868691e-27,4.186421334743499756e-01,9.867573976516723633e-01,2.069911956787109375e-01,1.447982788085937500e+00,7.312704324722290039e-01,6.742720603942871094e-01,1.632196456193923950e-01,8.088997840881347656e+00,1.227132034301757812e+01,1.313588428497314453e+01,6.506005767732858658e-03,4.102260470390319824e-01,9.709069728851318359e-01,2.010278552770614624e-01,1.425979495048522949e+00,7.199962735176086426e-01,6.647265553474426270e-01,1.574736833572387695e-01,8.085184097290039062e+00,1.226326560974121094e+01,1.312673377990722656e+01,7.462520617991685867e-03,4.158426523208618164e-01,9.818153381347656250e-01,2.051050662994384766e-01,1.441834568977355957e+00,7.279755473136901855e-01,6.720933914184570312e-01,1.612624078989028931e-01,8.195351600646972656e+00,1.250001239776611328e+01,1.339577293395996094e+01
2.003338928222656250e+02,5.359330708193048747e-27,3.153970539569854736e-01,1.011156320571899414e+00,2.351242601871490479e-01,1.099088907241821289e+00,7.541980743408203125e-01,1.003010869026184082e+00,2.325897961854934692e-01,8.118076324462890625e+00,1.230147361755371094e+01,1.316952514648437500e+01,4.376026336103677750e-03,3.097625374794006348e-01,9.984803795814514160e-01,2.302339076995849609e-01,1.086576104164123535e+00,7.453796267509460449e-01,9.918901324272155762e-01,2.278871238231658936e-01,8.107531547546386719e+00,1.227909469604492188e+01,1.314412593841552734e+01,4.374764859676361084e-03,3.093577623367309570e-01,9.975007176399230957e-01,2.298789769411087036e-01,1.085261225700378418e+00,7.444694042205810547e-01,9.906764030456542969e-01,2.273567616939544678e-01,8.212438583374023438e+00,1.250377845764160156e+01,1.339943504333496094e+01
2.008347320556640625e+02,4.374866965216224984e-27,2.456411421298980713e-01,2.334572076797485352e+00,4.308528900146484375e-01,9.517372846603393555e-01,6.705619692802429199e-01,1.250127553939819336e+00,3.143365085124969482e-01,8.175197601318359375e+00,1.233959102630615234e+01,1.320464515686035156e+01,4.043765831738710403e-03,2.421726882457733154e-01,2.311252832412719727e+00,4.261849820613861084e-01,9.464550614356994629e-01,6.666709780693054199e-01,1.243386149406433105e+00,3.116221725940704346e-01,8.165843009948730469e+00,1.231991672515869141e+01,1.318232440948486328e+01,3.777712350711226463e-03,2.407898902893066406e-01,2.301424503326416016e+00,4.243734478950500488e-01,9.429198503494262695e-01,6.640801429748535156e-01,1.238722681999206543e+00,3.098276555538177490e-01,8.254483222961425781e+00,1.250825023651123047e+01,1.339611053466796875e+01
2.013355560302734375e+02,3.571246503273407158e-27,1.928398162126541138e-01,2.042555332183837891e+00,4.996532499790191650e-01,9.428851604461669922e-01,6.202111840248107910e-01,1.426277160644531250e+00,3.844872415065765381e-01,8.251664161682128906e+00,1.238889503479003906e+01,1.324579048156738281e+01,3.241497324779629707e-03,1.919985860586166382e-01,2.037656784057617188e+00,4.984040856361389160e-01,9.411972761154174805e-01,6.190171241760253906e-01,1.423825025558471680e+00,3.835981488227844238e-01,8.239194869995117188e+00,1.236283779144287109e+01,1.321629142761230469e+01,2.958016470074653625e-03,1.909051537513732910e-01,2.030757427215576172e+00,4.966810047626495361e-01,9.386383295059204102e-01,6.172215342521667480e-01,1.420026421546936035e+00,3.821470439434051514e-01,8.309802055358886719e+00,1.251122760772705078e+01,1.338439559936523438e+01
2.018363952636718750e+02,2.915224882629554997e-27,1.516681611537933350e-01,1.805739521980285645e+00,4.761692881584167480e-01,9.339833855628967285e-01,6.000071763992309570e-01,1.565600633621215820e+00,4.405254721641540527e-01,8.337830543518066406e+00,1.244939041137695312e+01,1.329597091674804688e+01,3.082962241023778915e-03,1.514227837324142456e-01,1.804454207420349121e+00,4.758059978485107422e-01,9.334040284156799316e-01,5.996071100234985352e-01,1.564612269401550293e+00,4.402062892913818359e-01,8.326648712158203125e+00,1.242621803283691406e+01,1.326979637145996094e+01,3.012707689777016640e-03,1.519031673669815063e-01,1.807473301887512207e+00,4.766168296337127686e-01,9.349764585494995117e-01,6.006701588630676270e-01,1.567502260208129883e+00,4.410780966281890869e-01,8.378015518188476562e+00,1.253301048278808594e+01,1.339050006866455078e+01
2.023372344970703125e+02,2.379711202314939887e-27,1.193380057811737061e-01,1.595720887184143066e+00,4.312635660171508789e-01,9.040173888206481934e-01,5.842121243476867676e-01,1.680967330932617188e+00,4.858725368976593018e-01,8.427933692932128906e+00,1.251980876922607422e+01,1.335629177093505859e+01,2.874434459954500198e-03,1.192134395241737366e-01,1.595093131065368652e+00,4.310751557350158691e-01,9.036604166030883789e-01,5.839661359786987305e-01,1.680247783660888672e+00,4.856521785259246826e-01,8.418825149536132812e+00,1.250108718872070312e+01,1.333518886566162109e+01,2.894175704568624496e-03,1.197737827897071838e-01,1.598131418228149414e+00,4.319984316825866699e-01,9.052953720092773438e-01,5.850976705551147461e-01,1.683490037918090820e+00,4.866476058959960938e-01,8.459013938903808594e+00,1.258386421203613281e+01,1.342855262756347656e+01
2.028380584716796875e+02,1.942580764314430139e-27,9.390949457883834839e-02,1.405741453170776367e+00,3.837766051292419434e-01,8.572402596473693848e-01,5.624140501022338867e-01,1.773404479026794434e+00,5.227556824684143066e-01,8.519074440002441406e+00,1.259872531890869141e+01,1.342659091949462891e+01,2.671063179150223732e-03,9.383667260408401489e-02,1.405364751815795898e+00,3.836557567119598389e-01,8.569884896278381348e-01,5.622385144233703613e-01,1.772817373275756836e+00,5.225797295570373535e-01,8.511739730834960938e+00,1.258377170562744141e+01,1.340976428985595703e+01,2.643350278958678246e-03,9.424460679292678833e-02,1.407399296760559082e+00,3.843286931514739990e-01,8.582015037536621094e-01,5.630968809127807617e-01,1.775522947311401367e+00,5.233950614929199219e-01,8.543682098388671875e+00,1.264902496337890625e+01,1.348322105407714844e+01
2.033388977050781250e+02,1.585737145684574409e-27,7.390043139457702637e-02,1.234042525291442871e+00,3.387681245803833008e-01,7.999840974807739258e-01,5.332332253456115723e-01,1.841504573822021484e+00,5.518248677253723145e-01,8.609573364257812500e+00,1.268480014801025391e+01,1.350606918334960938e+01,2.473030937835574150e-03,7.386320084333419800e-02,1.233803987503051758e+00,3.386856913566589355e-01,7.998042106628417969e-01,5.331056118011474609e-01,1.841027975082397461e+00,5.516840219497680664e-01,8.603679656982421875e+00,1.267285442352294922e+01,1.349265003204345703e+01,2.383766928687691689e-03,7.415697723627090454e-02,1.235170006752014160e+00,3.391760289669036865e-01,8.006920814514160156e-01,5.337496399879455566e-01,1.843240976333618164e+00,5.523438453674316406e-01,8.629036903381347656e+00,1.272432136535644531e+01,1.355048942565917969e+01
2.038397369384765625e+02,1.294443900862899322e-27,5.815494805574417114e-02,1.079765915870666504e+00,2.975609302520751953e-01,7.372300624847412109e-01,4.983953237533569336e-01,1.884667038917541504e+00,5.731084346771240234e-01,8.698129653930664062e+00,1.277672576904296875e+01,1.359362411499023438e+01,2.302529755979776382e-03,5.814952030777931213e-02,1.079611301422119141e+00,2.975030243396759033e-01,7.371016740798950195e-01,4.983022511005401611e-01,1.884285092353820801e+00,5.729965567588806152e-01,8.693388938903808594e+00,1.276716327667236328e+01,1.358289623260498047e+01,2.149153035134077072e-03,5.835568904876708984e-02,1.080537199974060059e+00,2.978634834289550781e-01,7.377479076385498047e-01,4.987832009792327881e-01,1.886065721511840820e+00,5.735262036323547363e-01,8.713496208190917969e+00,1.280776977539062500e+01,1.362846660614013672e+01
2.043405609130859375e+02,1.056666375109415138e-27,4.576463997364044189e-02,9.420104622840881348e-01,2.604007124900817871e-01,6.725491881370544434e-01,4.601750671863555908e-01,1.903635978698730469e+00,5.866546034812927246e-01,8.783606529235839844e+00,1.287318229675292969e+01,1.368800354003906250e+01,2.167375059798359871e-03,4.577530547976493835e-02,9.418980479240417480e-01,2.603541612625122070e-01,6.724519729614257812e-01,4.601025879383087158e-01,1.903322815895080566e+00,5.865623354911804199e-01,8.779794692993164062e+00,1.286551761627197266e+01,1.367941474914550781e+01,1.946542528457939625e-03,4.592665284872055054e-02,9.425416588783264160e-01,2.606259882450103760e-01,6.729262471199035645e-01,4.604648947715759277e-01,1.904743313789367676e+00,5.869874954223632812e-01,8.795718193054199219e+00,1.289755249023437500e+01,1.371532726287841797e+01
2.048414001464843750e+02,8.625614293678503534e-28,3.601394221186637878e-02,8.196932077407836914e-01,2.271842956542968750e-01,6.084284186363220215e-01,4.205590784549713135e-01,1.900224685668945312e+00,5.927596688270568848e-01,8.865038871765136719e+00,1.297285270690917969e+01,1.378787994384765625e+01,2.070367569103837013e-03,3.595314919948577881e-02,8.195830583572387695e-01,2.271332144737243652e-01,6.083402037620544434e-01,4.204896986484527588e-01,1.899941325187683105e+00,5.926724672317504883e-01,8.861994743347167969e+00,1.296675205230712891e+01,1.378105258941650391e+01,1.774504897184669971e-03,3.614815697073936462e-02,8.200587034225463867e-01,2.273513674736022949e-01,6.087006330490112305e-01,4.207734465599060059e-01,1.901083469390869141e+00,5.930206179618835449e-01,8.874566078186035156e+00,1.299197864532470703e+01,1.380930423736572266e+01
2.053422393798828125e+02,7.041130061719250241e-28,2.834075503051280975e-02,7.116197943687438965e-01,1.976836770772933960e-01,5.465633869171142578e-01,3.810727298259735107e-01,1.876917958259582520e+00,5.919750928878784180e-01,8.941667556762695312e+00,1.307444381713867188e+01,1.389188289642333984e+01,2.031725365668535233e-03,2.795748598873615265e-02,7.114731073379516602e-01,1.976088285446166992e-01,5.464586019515991211e-01,3.809846043586730957e-01,1.876607775688171387e+00,5.918718576431274414e-01,8.939312934875488281e+00,1.306972694396972656e+01,1.388660144805908203e+01,1.631538034416735172e-03,2.844386920332908630e-02,7.118636369705200195e-01,1.978028714656829834e-01,5.467535257339477539e-01,3.812255561351776123e-01,1.877559185028076172e+00,5.921719670295715332e-01,8.949154853820800781e+00,1.308945846557617188e+01,1.390869522094726562e+01
2.058430786132812500e+02,5.747705844465406742e-28,2.230242639780044556e-02,6.165357828140258789e-01,1.716171503067016602e-01,4.880560040473937988e-01,3.428031504154205322e-01,1.836540818214416504e+00,5.850405097007751465e-01,9.012967109680175781e+00,1.317672920227050781e+01,1.399864959716796875e+01,2.127702115103602409e-03,2.107771858572959900e-02,6.162846088409423828e-01,1.714786589145660400e-01,4.878848791122436523e-01,3.426509797573089600e-01,1.836081027984619141e+00,5.848715305328369141e-01,9.011317253112792969e+00,1.317343425750732422e+01,1.399495983123779297e+01,1.519444747827947140e-03,2.233599126338958740e-02,6.166761517524719238e-01,1.716895699501037598e-01,4.881733357906341553e-01,3.428977429866790771e-01,1.836973905563354492e+00,5.851722955703735352e-01,9.018865585327148438e+00,1.318855953216552734e+01,1.401189517974853516e+01
2.063439025878906250e+02,4.691907197092435272e-28,1.755076088011264801e-02,5.331888794898986816e-01,1.486844420433044434e-01,4.335708022117614746e-01,3.064803481101989746e-01,1.782013535499572754e+00,5.728021264076232910e-01,9.078639984130859375e+00,1.327858448028564453e+01,1.410686874389648438e+01,2.576042199507355690e-03,1.416990067809820175e-02,5.326126813888549805e-01,1.483450978994369507e-01,4.331737160682678223e-01,3.061133027076721191e-01,1.781005144119262695e+00,5.723999142646789551e-01,9.078010559082031250e+00,1.327735328674316406e+01,1.410548305511474609e+01,1.448761671781539917e-03,1.739653199911117554e-02,5.332112312316894531e-01,1.486935764551162720e-01,4.336011409759521484e-01,3.064996004104614258e-01,1.782196998596191406e+00,5.728456974029541016e-01,9.083350181579589844e+00,1.328805255889892578e+01,1.411746406555175781e+01
2.068447418212890625e+02,3.830024417288738371e-28,1.381136197596788406e-02,4.603589475154876709e-01,1.285818070173263550e-01,3.834447562694549561e-01,2.725536525249481201e-01,1.716176629066467285e+00,5.561419725418090820e-01,9.138589859008789062e+00,1.337902164459228516e+01,1.421532154083251953e+01,2.224120544269680977e-03,5.091972183436155319e-03,4.597040712833404541e-01,1.281942129135131836e-01,3.830451965332031250e-01,2.721705436706542969e-01,1.715384721755981445e+00,5.558204650878906250e-01,9.139305114746093750e+00,1.338048553466796875e+01,1.421695709228515625e+01,1.459316117689013481e-03,1.315003726631402969e-02,4.601728022098541260e-01,1.284631937742233276e-01,3.833122253417968750e-01,2.724227309226989746e-01,1.715902209281921387e+00,5.560013651847839355e-01,9.142561912536621094e+00,1.338702869415283203e+01,1.422428607940673828e+01
2.073455810546875000e+02,3.126465115975824677e-28,1.086868532001972198e-02,3.968987762928009033e-01,1.110168099403381348e-01,3.377869129180908203e-01,2.412678450345993042e-01,1.641691923141479492e+00,5.359283089637756348e-01,9.192882537841796875e+00,1.347718429565429688e+01,1.432289886474609375e+01,7.931068539619445801e-04,1.270490698516368866e-03,3.968293368816375732e-01,1.109722107648849487e-01,3.377435803413391113e-01,2.412246316671371460e-01,1.641630649566650391e+00,5.358980894088745117e-01,9.193766593933105469e+00,1.347897148132324219e+01,1.432490158081054688e+01,1.650613965466618538e-03,8.551855571568012238e-03,3.963187336921691895e-01,1.106427982449531555e-01,3.373378515243530273e-01,2.408355325460433960e-01,1.640572547912597656e+00,5.354173183441162109e-01,9.196743965148925781e+00,1.348501777648925781e+01,1.433167266845703125e+01
2.078464050292968750e+02,2.552162436209272882e-28,8.553042076528072357e-03,3.417404890060424805e-01,9.571240097284317017e-02,2.965413331985473633e-01,2.127152681350708008e-01,1.560975432395935059e+00,5.129802823066711426e-01,9.241704940795898438e+00,1.357235813140869141e+01,1.442862319946289062e+01,4.551960737444460392e-04,6.752883782610297203e-04,3.417315781116485596e-01,9.570615738630294800e-02,2.965366542339324951e-01,2.127095311880111694e-01,1.560985922813415527e+00,5.129808187484741211e-01,9.242451667785644531e+00,1.357387351989746094e+01,1.443031883239746094e+01,8.276925655081868172e-04,2.155184280127286911e-03,3.414560854434967041e-01,9.555406123399734497e-02,2.963650822639465332e-01,2.125411033630371094e-01,1.560814857482910156e+00,5.128995776176452637e-01,9.245375633239746094e+00,1.357980632781982422e+01,1.443696784973144531e+01
2.083472442626953125e+02,2.083340532084379511e-28,6.730711553245782852e-03,2.938994467258453369e-01,8.240960538387298584e-02,2.595366239547729492e-01,1.868774443864822388e-01,1.476155519485473633e+00,4.880433380603790283e-01,9.285340309143066406e+00,1.366398048400878906e+01,1.453167057037353516e+01,3.250137669965624809e-04,4.605525173246860504e-04,2.938992083072662354e-01,8.240931481122970581e-02,2.595376074314117432e-01,1.868775039911270142e-01,1.476172447204589844e+00,4.880477190017700195e-01,9.285940170288085938e+00,1.366519927978515625e+01,1.453303527832031250e+01,1.167416485259309411e-04,2.555199898779392242e-04,2.939249873161315918e-01,8.242847770452499390e-02,2.595641911029815674e-01,1.869003325700759888e-01,1.476297855377197266e+00,4.880918264389038086e-01,9.288390159606933594e+00,1.367017555236816406e+01,1.453861904144287109e+01
2.088480834960937500e+02,1.700639113205813398e-28,5.296649876981973648e-03,2.524864375591278076e-01,7.087213546037673950e-02,2.265329658985137939e-01,1.636641174554824829e-01,1.389079093933105469e+00,4.617817401885986328e-01,9.324124336242675781e+00,1.375161075592041016e+01,1.463135051727294922e+01,2.548909396864473820e-04,3.440554428379982710e-04,2.524866461753845215e-01,7.087208330631256104e-02,2.265338897705078125e-01,1.636643558740615845e-01,1.389091253280639648e+00,4.617848694324493408e-01,9.324591636657714844e+00,1.375257873535156250e+01,1.463244056701660156e+01,9.835441233008168638e-06,2.087690518237650394e-05,2.525173127651214600e-01,7.089459896087646484e-02,2.265627831220626831e-01,1.636904925107955933e-01,1.389198064804077148e+00,4.618250131607055664e-01,9.326553344726562500e+00,1.375657463073730469e+01,1.463691902160644531e+01
2.093489074707031250e+02,1.388247016953884485e-28,4.168163053691387177e-03,2.167006582021713257e-01,6.088532879948616028e-02,1.972475200891494751e-01,1.429360359907150269e-01,1.301309704780578613e+00,4.347727000713348389e-01,9.358426094055175781e+00,1.383493137359619141e+01,1.472711753845214844e+01,2.125503960996866226e-04,2.702740894164890051e-04,2.166983187198638916e-01,6.088314577937126160e-02,1.972461491823196411e-01,1.429340988397598267e-01,1.301313042640686035e+00,4.347723126411437988e-01,9.358798027038574219e+00,1.383569622039794922e+01,1.472797584533691406e+01,9.121462767325283494e-07,1.591176214787992649e-06,2.167204469442367554e-01,6.090011447668075562e-02,1.972671300172805786e-01,1.429532319307327271e-01,1.301389098167419434e+00,4.348018765449523926e-01,9.360343933105468750e+00,1.383885955810546875e+01,1.473152828216552734e+01
2.098497467041015625e+02,1.133231262640167908e-28,3.280083183199167252e-03,1.858232617378234863e-01,5.225513875484466553e-02,1.713739037513732910e-01,1.245225742459297180e-01,1.214135527610778809e+00,4.075043499469757080e-01,9.388635635375976562e+00,1.391373825073242188e+01,1.481856155395507812e+01,1.852737332228571177e-04,2.194271219195798039e-04,1.858156025409698486e-01,5.224807932972908020e-02,1.713679879903793335e-01,1.245159506797790527e-01,1.214126706123352051e+00,4.074979722499847412e-01,9.388928413391113281e+00,1.391434192657470703e+01,1.481924819946289062e+01,2.727097125898580998e-07,2.378169909889038536e-07,1.858319491147994995e-01,5.226129665970802307e-02,1.713834404945373535e-01,1.245302408933639526e-01,1.214181303977966309e+00,4.075198769569396973e-01,9.390145301818847656e+00,1.391684818267822266e+01,1.482206344604492188e+01
2.103505859375000000e+02,9.250609255140650240e-29,2.581219421699643135e-03,1.592187732458114624e-01,4.480901360511779785e-02,1.486030966043472290e-01,1.082397475838661194e-01,1.128607273101806641e+00,3.803848624229431152e-01,9.415135383605957031e+00,1.398791313171386719e+01,1.490538692474365234e+01,1.668909681029617786e-04,1.825226208893582225e-04,1.592008173465728760e-01,4.479203745722770691e-02,1.485889852046966553e-01,1.082244813442230225e-01,1.128580570220947266e+00,3.803686797618865967e-01,9.415372848510742188e+00,1.398840522766113281e+01,1.490594482421875000e+01,9.817057389227556996e-08,6.677915109776222380e-08,1.592143774032592773e-01,4.480385035276412964e-02,1.486013233661651611e-01,1.082361191511154175e-01,1.128621339797973633e+00,3.803860247135162354e-01,9.416330337524414062e+00,1.399038982391357422e+01,1.490818214416503906e+01
2.108514251708984375e+02,7.551311913252967124e-29,2.031259704381227493e-03,1.363245546817779541e-01,3.839340806007385254e-02,1.286306977272033691e-01,9.389790147542953491e-02,1.045552015304565430e+00,3.537456095218658447e-01,9.438299179077148438e+00,1.405742454528808594e+01,1.498740768432617188e+01,1.530457229819148779e-04,1.541349774925038218e-04,1.362871825695037842e-01,3.835645318031311035e-02,1.286021471023559570e-01,9.386684000492095947e-02,1.045497775077819824e+00,3.537133932113647461e-01,9.438508987426757812e+00,1.405785465240478516e+01,1.498788738250732422e+01,3.660220215806475608e-08,2.335746174253472418e-08,1.363018453121185303e-01,3.837085515260696411e-02,1.286140978336334229e-01,9.387864172458648682e-02,1.045531749725341797e+00,3.537289202213287354e-01,9.439259529113769531e+00,1.405942249298095703e+01,1.498965740203857422e+01
2.113522491455078125e+02,6.164209019056670182e-29,1.598488190211355686e-03,1.166458576917648315e-01,3.287272900342941284e-02,1.111655905842781067e-01,8.130983263254165649e-02,9.656053781509399414e-01,3.278501927852630615e-01,9.458482742309570312e+00,1.412230014801025391e+01,1.506452560424804688e+01,1.409164979122579098e-04,1.310954394284635782e-04,1.165722161531448364e-01,3.279636800289154053e-02,1.111118197441101074e-01,8.125061541795730591e-02,9.655103087425231934e-01,3.277920484542846680e-01,9.458683013916015625e+00,1.412271976470947266e+01,1.506499958038330078e+01,1.390098702813702403e-08,8.689059249888941849e-09,1.165943443775177002e-01,3.282099217176437378e-02,1.111271232366561890e-01,8.126676082611083984e-02,9.655441641807556152e-01,3.278093039989471436e-01,9.459269523620605469e+00,1.412394618988037109e+01,1.506638622283935547e+01
2.118530883789062500e+02,5.031872049949116335e-29,1.257911557331681252e-03,9.974720329046249390e-02,2.812718972563743591e-02,9.593258053064346313e-02,7.029425352811813354e-02,8.892272114753723145e-01,3.028990030288696289e-01,9.476020812988281250e+00,1.418263053894042969e+01,1.513673114776611328e+01,1.287465274799615145e-04,1.115640770876780152e-04,9.961137920618057251e-02,2.797856368124485016e-02,9.583815187215805054e-02,7.018863409757614136e-02,8.890751004219055176e-01,3.028025627136230469e-01,9.476245880126953125e+00,1.418310642242431641e+01,1.513726902008056641e+01,5.317622342460026630e-09,3.299935436018586188e-09,9.964926540851593018e-02,2.802557311952114105e-02,9.586065262556076050e-02,7.021368294954299927e-02,8.891130089759826660e-01,3.028242290019989014e-01,9.476696014404296875e+00,1.418404960632324219e+01,1.513833332061767578e+01
2.123539276123046875e+02,4.107539426880583496e-29,9.898986900225281715e-04,8.524971455335617065e-02,2.405222877860069275e-02,8.267829567193984985e-02,6.068127974867820740e-02,8.167410492897033691e-01,2.790421545505523682e-01,9.491218566894531250e+00,1.423854637145996094e+01,1.520407199859619141e+01,1.155069112428463995e-04,9.456663974560797215e-05,8.503329008817672729e-02,2.379723452031612396e-02,8.253526687622070312e-02,6.051842123270034790e-02,8.165360093116760254e-01,2.789073288440704346e-01,9.491488456726074219e+00,1.423912239074707031e+01,1.520472240447998047e+01,2.039681756826894343e-09,1.262531523771315278e-09,8.511117100715637207e-02,2.389910817146301270e-02,8.257829397916793823e-02,6.056756153702735901e-02,8.165960311889648438e-01,2.789449393749237061e-01,9.491804122924804688e+00,1.423978805541992188e+01,1.520547580718994141e+01
2.128547515869140625e+02,3.353023269245964695e-29,7.789946976117789745e-04,7.282295078039169312e-02,2.055641822516918182e-02,7.117051631212234497e-02,5.231292173266410828e-02,7.483492493629455566e-01,2.563844025135040283e-01,9.504357337951660156e+00,1.429020595550537109e+01,1.526664924621582031e+01,1.024423108901828527e-04,7.978488429216668010e-05,7.247355580329895020e-02,2.011544629931449890e-02,7.095504552125930786e-02,5.206360295414924622e-02,7.480739355087280273e-01,2.561961710453033447e-01,9.504715919494628906e+00,1.429097747802734375e+01,1.526751899719238281e+01,7.832450799050150181e-10,4.843468959236929550e-10,7.260816544294357300e-02,2.030630037188529968e-02,7.102270424365997314e-02,5.214282870292663574e-02,7.481529116630554199e-01,2.562488019466400146e-01,9.504910469055175781e+00,1.429138755798339844e+01,1.526798534393310547e+01
2.133555908203125000e+02,2.737087099833175640e-29,6.130205001682043076e-04,6.217863038182258606e-02,1.755976490676403046e-02,6.119753420352935791e-02,4.504341632127761841e-02,6.841481328010559082e-01,2.349904626607894897e-01,9.515691757202148438e+00,1.433780193328857422e+01,1.532461261749267578e+01,8.949196489993482828e-05,6.681125523755326867e-05,6.163514405488967896e-02,1.682682149112224579e-02,6.088453903794288635e-02,4.467566311359405518e-02,6.837894916534423828e-01,2.347352504730224609e-01,9.516189575195312500e+00,1.433887481689453125e+01,1.532582187652587891e+01,3.008826243711126835e-10,1.859943310478229250e-10,6.185143068432807922e-02,1.716330647468566895e-02,6.098299100995063782e-02,4.479321837425231934e-02,6.838902831077575684e-01,2.348062545061111450e-01,9.516260147094726562e+00,1.433902359008789062e+01,1.532599353790283203e+01
2.138564300537109375e+02,2.234295553071214059e-29,4.824090574402362108e-04,5.306769907474517822e-02,1.499304082244634628e-02,5.256979912519454956e-02,3.874101489782333374e-02,6.241588592529296875e-01,2.148954570293426514e-01,9.525449752807617188e+00,1.438153553009033203e+01,1.537813949584960938e+01,7.692625513300299644e-05,5.548840636038221419e-05,5.227667838335037231e-02,1.381451636552810669e-02,5.215307697653770447e-02,3.824616223573684692e-02,6.237339973449707031e-01,2.145816534757614136e-01,9.526122093200683594e+00,1.438298606872558594e+01,1.537979125976562500e+01,1.156011814051893793e-10,7.145084524040612450e-11,5.259838327765464783e-02,1.440367382019758224e-02,5.227459222078323364e-02,3.839252144098281860e-02,6.238353848457336426e-01,2.146555185317993164e-01,9.526071548461914062e+00,1.438287162780761719e+01,1.537965965270996094e+01
2.143572692871093750e+02,1.823864534668049763e-29,3.796258533839136362e-04,4.527420178055763245e-02,1.279608625918626785e-02,4.511743411421775818e-02,3.328666090965270996e-02,5.683354735374450684e-01,1.961080133914947510e-01,9.533834457397460938e+00,1.442162513732910156e+01,1.542743110656738281e+01,6.506587669719010592e-05,4.568098665913566947e-05,4.423372074961662292e-02,1.094035524874925613e-02,4.464566335082054138e-02,3.273036703467369080e-02,5.679166316986083984e-01,1.957894265651702881e-01,9.534684181213378906e+00,1.442346382141113281e+01,1.542951774597167969e+01,4.441723377990314248e-11,2.745210829491195881e-11,4.462580755352973938e-02,1.194882765412330627e-02,4.472613334655761719e-02,3.281937912106513977e-02,5.679451823234558105e-01,1.958075165748596191e-01,9.534544944763183594e+00,1.442316436767578125e+01,1.542918109893798828e+01
2.148580932617187500e+02,1.488837284706291476e-29,2.987440675497055054e-04,3.861167654395103455e-02,1.091687195003032684e-02,3.868956118822097778e-02,2.857387252151966095e-02,5.165825486183166504e-01,1.786165982484817505e-01,9.541027069091796875e+00,1.445828914642333984e+01,1.547270393371582031e+01,5.422242975328117609e-05,3.728849333128891885e-05,3.744229674339294434e-02,8.213558234274387360e-03,3.826807439327239990e-02,2.808478660881519318e-02,5.162567496299743652e-01,1.783623099327087402e-01,9.541996002197265625e+00,1.446038818359375000e+01,1.547508525848388672e+01,1.706719314487070704e-11,1.054820900764363856e-11,3.774654120206832886e-02,9.703367017209529877e-03,3.820452839136123657e-02,2.799138240516185760e-02,5.161502361297607422e-01,1.782734096050262451e-01,9.541857719421386719e+00,1.446009254455566406e+01,1.547474384307861328e+01
2.153589324951171875e+02,1.215343571699343828e-29,2.350928843952715397e-04,3.291866183280944824e-02,9.310276247560977936e-03,3.315207734704017639e-02,2.450743690133094788e-02,4.687611758708953857e-01,1.623918116092681885e-01,9.547186851501464844e+00,1.449175262451171875e+01,1.551418972015380859e+01,4.459363844944164157e-05,3.019768337253481150e-05,3.177739307284355164e-02,5.948531907051801682e-03,3.284306824207305908e-02,2.414456941187381744e-02,4.685457646846771240e-01,1.622172892093658447e-01,9.548186302185058594e+00,1.449391841888427734e+01,1.551665401458740234e+01,6.557877504920206491e-12,4.053005327186998130e-12,3.182444721460342407e-02,7.543726824223995209e-03,3.262350708246231079e-02,2.388513460755348206e-02,4.683551192283630371e-01,1.620631515979766846e-01,9.548132896423339844e+00,1.449380779266357422e+01,1.551652812957763672e+01
2.158597717285156250e+02,9.920895468510600902e-30,1.850033731898292899e-04,2.805659361183643341e-02,7.937518879771232605e-03,2.838734537363052368e-02,2.100339904427528381e-02,4.247086942195892334e-01,1.473934054374694824e-01,9.552453994750976562e+00,1.452223587036132812e+01,1.555211925506591797e+01,3.627792466431856155e-05,2.429093547107186168e-05,2.700718119740486145e-02,4.359349608421325684e-03,2.816304937005043030e-02,2.072464302182197571e-02,4.245617091655731201e-01,1.472677439451217651e-01,9.553420066833496094e+00,1.452433395385742188e+01,1.555450630187988281e+01,2.519797521680078312e-12,1.557322413386907911e-12,2.681007981300354004e-02,5.417360924184322357e-03,2.792143449187278748e-02,2.047111466526985168e-02,4.244026541709899902e-01,1.471417099237442017e-01,9.553477287292480469e+00,1.452446651458740234e+01,1.555465698242187500e+01
2.163605957031250000e+02,8.098514351289560027e-30,1.455871097277849913e-04,2.390614524483680725e-02,6.765165831893682480e-03,2.429197542369365692e-02,1.798764616250991821e-02,3.842419385910034180e-01,1.335718184709548950e-01,9.556950569152832031e+00,1.454995250701904297e+01,1.558672714233398438e+01,2.926273009506985545e-05,1.943416646099649370e-05,2.293960191309452057e-02,3.324056277051568031e-03,2.409531176090240479e-02,1.772092655301094055e-02,3.841185569763183594e-01,1.334601491689682007e-01,9.557862281799316406e+00,1.455193614959716797e+01,1.558897686004638672e+01,9.682354744355858855e-13,5.984027292779692253e-13,2.264987677335739136e-02,3.537433454766869545e-03,2.396076358854770660e-02,1.760667189955711365e-02,3.840459883213043213e-01,1.334048211574554443e-01,9.558000564575195312e+00,1.455223846435546875e+01,1.558931922912597656e+01
2.168614349365234375e+02,6.610854592188329059e-30,1.145680798799730837e-04,2.036439999938011169e-02,5.764347501099109650e-03,2.077513374388217926e-02,1.539479102939367294e-02,3.471613228321075439e-01,1.208697408437728882e-01,9.560785293579101562e+00,1.457511234283447266e+01,1.561824417114257812e+01,2.345078246435150504e-05,1.548264117445796728e-05,1.943945698440074921e-02,2.642274368554353714e-03,2.055720426142215729e-02,1.507108751684427261e-02,3.470324575901031494e-01,1.207479014992713928e-01,9.561646461486816406e+00,1.457698917388916016e+01,1.562037754058837891e+01,3.720351121356407775e-13,2.299303596912244396e-13,1.918691210448741913e-02,2.209855476394295692e-03,2.054500021040439606e-02,1.511533372104167938e-02,3.470304012298583984e-01,1.207509636878967285e-01,9.561805725097656250e+00,1.457734107971191406e+01,1.562077999114990234e+01
2.173622741699218750e+02,5.396474135924455754e-30,9.015808609547093511e-05,1.734330877661705017e-02,4.910338204354047775e-03,1.775784604251384735e-02,1.316779572516679764e-02,3.132637441158294678e-01,1.092268228530883789e-01,9.564051628112792969e+00,1.459791660308837891e+01,1.564689445495605469e+01,1.870374217105563730e-05,1.229587905982043594e-05,1.640791073441505432e-02,2.176100853830575943e-03,1.748683489859104156e-02,1.270908955484628677e-02,3.131149709224700928e-01,1.090817227959632874e-01,9.564883232116699219e+00,1.459973430633544922e+01,1.564896011352539062e+01,1.429508909248783377e-13,8.834851795459786050e-14,1.626556739211082458e-02,1.441762316972017288e-03,1.755977235734462738e-02,1.291257236152887344e-02,3.131541907787322998e-01,1.091216430068016052e-01,9.565012931823730469e+00,1.460001468658447266e+01,1.564928054809570312e+01
2.178630981445312500e+02,4.405195736599191881e-30,7.094941247487440705e-05,1.476727705448865891e-02,4.181892611086368561e-03,1.517130527645349503e-02,1.125680468976497650e-02,2.823432683944702148e-01,9.858017414808273315e-02,9.566828727722167969e+00,1.461855506896972656e+01,1.567289638519287109e+01,1.486540531914215535e-05,9.742244401422794908e-06,1.377897150814533234e-02,1.844920217990875244e-03,1.484372280538082123e-02,1.055316068232059479e-02,2.821730375289916992e-01,9.840992093086242676e-02,9.567655563354492188e+00,1.462037372589111328e+01,1.567496490478515625e+01,5.492910407122256200e-14,3.394805392202028538e-14,1.378326863050460815e-02,1.023500342853367329e-03,1.496501639485359192e-02,1.098136603832244873e-02,2.822351157665252686e-01,9.847249835729598999e-02,9.567711830139160156e+00,1.462049198150634766e+01,1.567509746551513672e+01
2.183639373779296875e+02,3.595982792385783319e-30,5.583283927990123630e-05,1.257129851728677750e-02,3.560723969712853432e-03,1.295551937073469162e-02,9.618225507438182831e-03,2.541924715042114258e-01,8.886504918336868286e-02,9.569188117980957031e+00,1.463720703125000000e+01,1.569646072387695312e+01,1.178340244223363698e-05,7.705006282776594162e-06,1.150196790695190430e-02,1.601965166628360748e-03,1.259139645844697952e-02,8.549279533326625824e-03,2.540102899074554443e-01,8.867870271205902100e-02,9.570035934448242188e+00,1.463907718658447266e+01,1.569858551025390625e+01,2.110597734452691887e-14,1.304421082596023823e-14,1.166663784533739090e-02,7.788200746290385723e-04,1.272674836218357086e-02,9.306423366069793701e-03,2.540801763534545898e-01,8.875024318695068359e-02,9.569993972778320312e+00,1.463897895812988281e+01,1.569847869873046875e+01
2.188647766113281250e+02,2.935417973720861814e-30,4.393701601657085121e-05,1.069990638643503189e-02,3.031218424439430237e-03,1.105869095772504807e-02,8.214332163333892822e-03,2.286108732223510742e-01,8.001794666051864624e-02,9.571190834045410156e+00,1.465404415130615234e+01,1.571778202056884766e+01,9.322801815869752318e-06,6.085981112846639007e-06,9.514664299786090851e-03,1.422244939021766186e-03,1.066035963594913483e-02,6.740505341440439224e-03,2.284321337938308716e-01,7.983097434043884277e-02,9.572073936462402344e+00,1.465599060058593750e+01,1.571999454498291016e+01,8.109767875687581840e-15,5.012112483404086716e-15,9.858436882495880127e-03,6.179818883538246155e-04,1.080374792218208313e-02,7.861029356718063354e-03,2.284937947988510132e-01,7.989540696144104004e-02,9.571928977966308594e+00,1.465567016601562500e+01,1.571962833404541016e+01
2.193656158447265625e+02,2.396195393190758220e-30,3.457572529441677034e-05,9.105549193918704987e-03,2.579979831352829933e-03,9.435915388166904449e-03,7.012341637164354324e-03,2.054033428430557251e-01,7.197617739439010620e-02,9.572887420654296875e+00,1.466922283172607422e+01,1.573704910278320312e+01,7.365783858404029161e-06,4.802563125849701464e-06,7.744271308183670044e-03,1.292984350584447384e-03,8.957957848906517029e-03,5.239858757704496384e-03,2.052391916513442993e-01,7.180017232894897461e-02,9.573804855346679688e+00,1.467124652862548828e+01,1.573935699462890625e+01,3.116100169984667954e-15,1.925855825250029525e-15,8.313385769724845886e-03,5.016390932723879814e-04,9.154895320534706116e-03,6.614374462515115738e-03,2.052824348211288452e-01,7.184692472219467163e-02,9.573566436767578125e+00,1.467071914672851562e+01,1.573875617980957031e+01
2.198664398193359375e+02,1.956037458016880807e-30,2.720916381804272532e-05,7.747586350888013840e-03,2.195552922785282135e-03,8.048427291214466095e-03,5.983896553516387939e-03,1.843832284212112427e-01,6.467913836240768433e-02,9.574324607849121094e+00,1.468289184570312500e+01,1.575443649291992188e+01,5.813871212012600154e-06,3.787238483710098080e-06,6.142013706266880035e-03,1.201842678710818291e-03,7.424474228173494339e-03,4.108255729079246521e-03,1.842373609542846680e-01,6.451868265867233276e-02,9.575269699096679688e+00,1.468498039245605469e+01,1.575681686401367188e+01,1.197366303634270993e-15,7.400131931049164745e-16,6.995069328695535660e-03,4.121202800888568163e-04,7.744064554572105408e-03,5.536443553864955902e-03,1.842602938413619995e-01,6.454521417617797852e-02,9.574953079223632812e+00,1.468428421020507812e+01,1.575602531433105469e+01
2.203672790527343750e+02,1.596722124970522803e-30,2.141192999260965735e-05,6.591159384697675705e-03,1.868105609901249409e-03,6.862661335617303848e-03,5.104398820549249649e-03,1.653709411621093750e-01,5.806795880198478699e-02,9.575539588928222656e+00,1.469518947601318359e+01,1.577011203765869141e+01,4.585225724440533668e-06,2.984847924381028861e-06,4.715252667665481567e-03,1.128508825786411762e-03,6.064286455512046814e-03,3.300701500847935677e-03,1.652470380067825317e-01,5.792842060327529907e-02,9.576495170593261719e+00,1.469730472564697266e+01,1.577252578735351562e+01,4.600764802734547045e-16,2.843428988137398352e-16,5.873076152056455612e-03,3.406751784496009350e-04,6.540654692798852921e-03,4.600257147103548050e-03,1.652484834194183350e-01,5.793225765228271484e-02,9.576129913330078125e+00,1.469649314880371094e+01,1.577159690856933594e+01
2.208681182861328125e+02,1.303411269920576571e-30,1.684986273176036775e-05,5.606595426797866821e-03,1.589264604263007641e-03,5.849810782819986343e-03,4.352703224867582321e-03,1.481986343860626221e-01,5.208719521760940552e-02,9.576565742492675781e+00,1.470624065399169922e+01,1.578422546386718750e+01,3.614191200540517457e-06,2.351537659706082195e-06,3.526776097714900970e-03,1.048268284648656845e-03,4.910185467451810837e-03,2.718517323955893517e-03,1.481010913848876953e-01,5.197496339678764343e-02,9.577508926391601562e+00,1.470832920074462891e+01,1.578660488128662109e+01,1.767799583171495489e-16,1.092560203918087238e-16,4.921014886349439621e-03,2.824970288202166557e-04,5.518241319805383682e-03,3.783670486882328987e-03,1.480794548988342285e-01,5.195314064621925354e-02,9.577120780944824219e+00,1.470747089385986328e+01,1.578562545776367188e+01
2.213689422607421875e+02,1.063986862663737249e-30,1.325989342149114236e-05,4.768537823110818863e-03,1.351870829239487648e-03,4.985068924725055695e-03,3.710571909323334694e-03,1.327083259820938110e-01,4.668430984020233154e-02,9.577431678771972656e+00,1.471616458892822266e+01,1.579692173004150391e+01,2.847567884600721300e-06,1.852054765549837612e-06,2.628680551424622536e-03,9.496967541053891182e-04,3.970936406403779984e-03,2.273662481456995010e-03,1.326376795768737793e-01,4.660116881132125854e-02,9.578329086303710938e+00,1.471815109252929688e+01,1.579918575286865234e+01,6.792796602373622587e-17,4.198179505850785701e-17,4.115222021937370300e-03,2.346811670577153563e-04,4.652630072087049484e-03,3.070407081395387650e-03,1.325952559709548950e-01,4.655546694993972778e-02,9.577958106994628906e+00,1.471732616424560547e+01,1.579824733734130859e+01
2.218697814941406250e+02,8.685369467547751763e-31,1.043471092998515815e-05,4.055268596857786179e-03,1.149790012277662754e-03,4.247033502906560898e-03,3.162249689921736717e-03,1.187509149312973022e-01,4.180941730737686157e-02,9.578161239624023438e+00,1.472506523132324219e+01,1.580833053588867188e+01,2.242649543404695578e-06,1.458242081753269304e-06,1.996516715735197067e-03,8.408137946389615536e-04,3.230888396501541138e-03,1.915243687108159065e-03,1.187030747532844543e-01,4.175163432955741882e-02,9.578986167907714844e+00,1.472689151763916016e+01,1.581042003631591797e+01,2.610066514259612295e-17,1.613109727958035860e-17,3.434252692386507988e-03,1.952794846147298813e-04,3.920914605259895325e-03,2.450101077556610107e-03,1.186466515064239502e-01,4.168925806879997253e-02,9.578660964965820312e+00,1.472616958618164062e+01,1.580958843231201172e+01
2.223706207275390625e+02,7.089902958623003295e-31,8.211468411900568753e-06,3.448326140642166138e-03,9.778054663911461830e-04,3.617396578192710876e-03,2.694242168217897415e-03,1.061890497803688049e-01,3.741630166769027710e-02,9.578777313232421875e+00,1.473304557800292969e+01,1.581857299804687500e+01,1.765822389643290080e-06,1.147989451055764221e-06,1.558659248985350132e-03,7.340121082961559296e-04,2.660115715116262436e-03,1.620002556592226028e-03,1.061580777168273926e-01,3.737772628664970398e-02,9.579512596130371094e+00,1.473467922210693359e+01,1.582043933868408203e+01,1.002892882531440728e-17,6.198219012634383784e-18,2.858908381313085556e-03,1.628355385037139058e-04,3.301629563793540001e-03,1.917157904244959354e-03,1.060957759618759155e-01,3.730773553252220154e-02,9.579245567321777344e+00,1.473409175872802734e+01,1.581977367401123047e+01
2.228714599609375000e+02,5.787519635002333797e-31,6.461918474087724462e-06,2.931938972324132919e-03,8.314590086229145527e-04,3.080424154177308083e-03,2.294939244166016579e-03,9.489490091800689697e-02,3.346178308129310608e-02,9.579294204711914062e+00,1.474019241333007812e+01,1.582776069641113281e+01,1.390126385558687616e-06,9.036344295054732356e-07,1.248105429112911224e-03,6.361045525409281254e-04,2.221328904852271080e-03,1.375259947963058949e-03,9.487540274858474731e-02,3.343660756945610046e-02,9.579939842224121094e+00,1.474162006378173828e+01,1.582939434051513672e+01,3.853519318071173234e-18,2.381605805158335848e-18,2.372283954173326492e-03,1.361657923553138971e-04,2.775538712739944458e-03,1.468955189920961857e-03,9.481395035982131958e-02,3.336662426590919495e-02,9.579739570617675781e+00,1.474118423461914062e+01,1.582889747619628906e+01
2.233722839355468750e+02,4.724408186491540922e-31,5.085169050289550796e-06,2.492669271305203438e-03,7.069508428685367107e-04,2.622637432068586349e-03,1.954384148120880127e-03,8.475066721439361572e-02,2.990588918328285217e-02,9.579728126525878906e+00,1.474658870697021484e+01,1.583599662780761719e+01,1.094259914680151269e-06,7.112507773854304105e-07,1.019230461679399014e-03,5.490905023179948330e-04,1.879482995718717575e-03,1.171454321593046188e-03,8.473862707614898682e-02,2.988968789577484131e-02,9.580282211303710938e+00,1.474781799316406250e+01,1.583740043640136719e+01,1.480720711689842610e-18,9.151357610615567988e-19,1.959802815690636635e-03,1.142711189459078014e-04,2.326433314010500908e-03,1.103418180719017982e-03,8.468205481767654419e-02,2.982428856194019318e-02,9.580150604248046875e+00,1.474752998352050781e+01,1.583706474304199219e+01
2.238731231689453125e+02,3.856555988706006745e-31,4.001714842161163688e-06,2.119025215506553650e-03,6.010304205119609833e-04,2.232450060546398163e-03,1.664010458625853062e-03,7.564701884984970093e-02,2.671137824654579163e-02,9.580094337463378906e+00,1.475230884552001953e+01,1.584337139129638672e+01,8.612456667833612300e-07,5.597667041001841426e-07,8.438874501734972000e-04,4.727111081592738628e-04,1.606940524652600288e-03,1.000584918074309826e-03,7.563976198434829712e-02,2.670108526945114136e-02,9.580565452575683594e+00,1.475335121154785156e+01,1.584456729888916016e+01,5.689526096971423249e-19,3.516320744026368324e-19,1.609070110134780407e-03,9.630590648157522082e-05,1.941406168043613434e-03,8.165454491972923279e-04,7.558935880661010742e-02,2.664173208177089691e-02,9.580489158630371094e+00,1.475319004058837891e+01,1.584438228607177734e+01
2.243739624023437500e+02,3.148123629482380706e-31,3.149102212773868814e-06,1.801250851713120937e-03,5.109372432343661785e-04,1.899981172755360603e-03,1.416506245732307434e-03,6.748446077108383179e-02,2.384424954652786255e-02,9.580399513244628906e+00,1.475742244720458984e+01,1.584997177124023438e+01,6.778263923479244113e-07,4.405376898830581922e-07,7.052939618006348610e-04,4.060990759171545506e-04,1.384017057716846466e-03,8.562728762626647949e-04,6.748020648956298828e-02,2.383778430521488190e-02,9.580798149108886719e+00,1.475830459594726562e+01,1.585097980499267578e+01,2.186145559652681352e-19,1.351112159653169793e-19,1.309635583311319351e-03,8.156840340234339237e-05,1.610467676073312759e-03,6.004601600579917431e-04,6.743533164262771606e-02,2.378378249704837799e-02,9.580770492553710938e+00,1.475825023651123047e+01,1.585091590881347656e+01
2.248747863769531250e+02,2.569842945177278998e-31,2.478166607033926994e-06,1.531029469333589077e-03,4.343175969552248716e-04,1.616772031411528587e-03,1.205606851726770401e-03,6.017182022333145142e-02,2.127325162291526794e-02,9.580655097961425781e+00,1.476198959350585938e+01,1.585587501525878906e+01,5.334650268196128309e-07,3.467042688498622738e-07,5.931096966378390789e-04,3.482240135781466961e-04,1.197233679704368114e-03,7.335221162065863609e-04,6.016936898231506348e-02,2.126913331449031830e-02,9.580989837646484375e+00,1.476273155212402344e+01,1.585672092437744141e+01,8.400297647697879128e-20,5.191669221483513234e-20,1.052311854436993599e-03,6.955453864065930247e-05,1.325789373368024826e-03,4.435399605426937342e-04,6.012862175703048706e-02,2.121906541287899017e-02,9.581004142761230469e+00,1.476275920867919922e+01,1.585675716400146484e+01
2.253756256103515625e+02,2.097773817841854913e-31,1.950163323272136040e-06,1.301254145801067352e-03,3.691597084980458021e-04,1.375565305352210999e-03,1.025933655910193920e-03,5.362514406442642212e-02,1.896952837705612183e-02,9.580869674682617188e+00,1.476606750488281250e+01,1.586115074157714844e+01,4.198163594537618337e-07,2.728393440065701725e-07,5.007232539355754852e-04,2.980768331326544285e-04,1.037588808685541153e-03,6.284967530518770218e-04,5.362353101372718811e-02,1.896647363901138306e-02,9.581147193908691406e+00,1.476669025421142578e+01,1.586186218261718750e+01,3.227733390307499827e-20,1.994848960072055199e-20,8.280698675662279129e-04,6.002567533869296312e-05,1.081340713426470757e-03,3.325087309349328279e-04,5.358583852648735046e-02,1.891945488750934601e-02,9.581192970275878906e+00,1.476678943634033203e+01,1.586196899414062500e+01
2.258764648437500000e+02,1.712421496513766388e-31,1.534657371848879848e-06,1.105895964428782463e-03,3.137564053758978844e-04,1.170182484202086926e-03,8.729044930078089237e-04,4.776858538389205933e-02,1.690693944692611694e-02,9.581048011779785156e+00,1.476970577239990234e+01,1.586586284637451172e+01,3.303809421595360618e-07,2.147128697060907143e-07,4.238206311129033566e-04,2.547848271206021309e-04,8.992874645628035069e-04,5.383306997828185558e-04,4.776666685938835144e-02,1.690329052507877350e-02,9.581281661987304688e+00,1.477022552490234375e+01,1.586646366119384766e+01,1.240225415833782665e-20,7.665015024053645546e-21,6.264060502871870995e-04,5.306811726768501103e-05,8.736812160350382328e-04,2.550970530137419701e-04,4.773207753896713257e-02,1.685995794832706451e-02,9.581349372863769531e+00,1.477037906646728516e+01,1.586663055419921875e+01
2.263772888183593750e+02,1.397865320804346527e-31,1.207688569593301509e-06,9.398188558407127857e-04,2.666531072463840246e-04,9.953423868864774704e-04,7.426002412103116512e-04,4.253306612372398376e-02,1.506162527948617935e-02,9.581196784973144531e+00,1.477295017242431641e+01,1.587006950378417969e+01,2.600031052679696586e-07,1.689731163878605003e-07,3.593310248106718063e-04,2.175200497731566429e-04,7.785237976349890232e-04,4.607863666024059057e-04,4.252908751368522644e-02,1.505467295646667480e-02,9.581393241882324219e+00,1.477339076995849609e+01,1.587057113647460938e+01,4.765585418341894282e-21,2.945293701062262252e-21,4.330550436861813068e-04,4.897741746390238404e-05,7.042963407002389431e-04,2.019362291321158409e-04,4.249928519129753113e-02,1.501790527254343033e-02,9.581480026245117188e+00,1.477358245849609375e+01,1.587079048156738281e+01
2.268781280517578125e+02,1.141083046745750946e-31,9.503755222795007285e-07,7.986365817487239838e-04,2.266074006911367178e-04,8.465212886221706867e-04,6.316620274446904659e-04,3.785541653633117676e-02,1.341172028332948685e-02,9.581320762634277344e+00,1.477584171295166016e+01,1.587382316589355469e+01,2.046048450665693963e-07,1.329701433405716671e-07,3.049602382816374302e-04,1.855095906648784876e-04,6.727131549268960953e-04,3.940612368751317263e-04,3.784639760851860046e-02,1.339675765484571457e-02,9.581489562988281250e+00,1.477621841430664062e+01,1.587424850463867188e+01,1.831130489412525963e-21,1.131700813884924285e-21,2.373178140260279179e-04,4.545542833511717618e-05,5.768242990598082542e-04,1.661307032918557525e-04,3.782507404685020447e-02,1.337226852774620056e-02,9.581586837768554688e+00,1.477644348144531250e+01,1.587450408935546875e+01
2.273789672851562500e+02,9.314704810244942474e-32,7.478860766241268720e-07,6.786303711123764515e-04,1.925656833918765187e-04,7.198726525530219078e-04,5.372321465983986855e-04,3.367883712053298950e-02,1.193752419203519821e-02,9.581424713134765625e+00,1.477841854095458984e+01,1.587716960906982422e+01,1.610129629625589587e-07,1.046400086579524213e-07,2.590008080005645752e-04,1.580874377395957708e-04,5.800656508654356003e-04,3.367019235156476498e-04,3.366002440452575684e-02,1.190697494894266129e-02,9.581570625305175781e+00,1.477874183654785156e+01,1.587754344940185547e+01,7.035942552619934107e-22,4.348451725583970429e-22,8.581252041039988399e-05,3.149933763779699802e-05,4.596787039190530777e-04,1.363805786240845919e-04,3.365190327167510986e-02,1.190221495926380157e-02,9.581679344177246094e+00,1.477898406982421875e+01,1.587782669067382812e+01
2.278798065185546875e+02,7.603628784565127275e-32,5.885394784854725003e-07,5.766309914179146290e-04,1.636299421079456806e-04,6.121099577285349369e-04,4.568680597003549337e-04,2.995176427066326141e-02,1.062111929059028625e-02,9.581509590148925781e+00,1.478071308135986328e+01,1.588015270233154297e+01,1.267080307343348977e-07,8.234556503339263145e-08,2.200655872002243996e-04,1.346344361081719398e-04,4.991397145204246044e-04,2.874536730814725161e-04,2.991645596921443939e-02,1.056407578289508820e-02,9.581642150878906250e+00,1.478100681304931641e+01,1.588048648834228516e+01,2.703492965161680528e-22,1.670850689944581533e-22,2.565429895184934139e-05,1.359856287308502942e-05,3.023600147571414709e-04,1.028955011861398816e-04,2.992840670049190521e-02,1.059115305542945862e-02,9.581758499145507812e+00,1.478125858306884766e+01,1.588077640533447266e+01
2.283806304931640625e+02,6.206908747906786903e-32,4.631470176263974281e-07,4.899444757029414177e-04,1.390366960549727082e-04,5.204326589591801167e-04,3.884873585775494576e-04,2.662769891321659088e-02,9.446325711905956268e-03,9.581581115722656250e+00,1.478275489807128906e+01,1.588281059265136719e+01,9.971477510362092289e-08,6.480281200538229314e-08,1.870427804533392191e-04,1.146084978245198727e-04,4.287048359401524067e-04,2.452357730362564325e-04,2.656750194728374481e-02,9.348650462925434113e-03,9.581704139709472656e+00,1.478302955627441406e+01,1.588313293457031250e+01,1.038821328024386554e-22,6.420268801619867410e-23,8.492928827763535082e-06,4.983686721971025690e-06,1.390115357935428619e-04,6.537618173751980066e-05,2.661559358239173889e-02,9.431285783648490906e-03,9.581813812255859375e+00,1.478327465057373047e+01,1.588340663909912109e+01
2.288814697265625000e+02,5.066726835130376323e-32,3.644680361958307913e-07,4.162720288150012493e-04,1.181343541247770190e-04,4.424458311405032873e-04,3.303083649370819330e-04,2.366439625620841980e-02,8.398412726819515228e-03,9.581639289855957031e+00,1.478457260131835938e+01,1.588517665863037109e+01,7.846776384212716948e-08,5.099485633763833903e-08,1.589958701515570283e-04,9.751941252034157515e-05,3.676104242913424969e-04,2.090883353957906365e-04,2.357038296759128571e-02,8.243787102401256561e-03,9.581762313842773438e+00,1.478485012054443359e+01,1.588549804687500000e+01,3.991570547191005347e-23,2.466926453895872295e-23,3.059562004636973143e-06,1.858712494140490890e-06,4.596560756908729672e-05,2.925695480371359736e-05,2.366282604634761810e-02,8.396027609705924988e-03,9.581851959228515625e+00,1.478504753112792969e+01,1.588572025299072266e+01
2.293823089599609375e+02,4.135992742541954698e-32,2.868139290512772277e-07,3.536652075126767159e-04,1.003705983748659492e-04,3.761151165235787630e-04,2.808173303492367268e-04,2.102405577898025513e-02,7.464184891432523727e-03,9.581686973571777344e+00,1.478618907928466797e+01,1.588728237152099609e+01,6.174942512870984501e-08,4.012986920542971347e-08,1.351733953924849629e-04,8.295668521896004677e-05,3.148102259729057550e-04,1.781843311619013548e-04,2.088824100792407990e-02,7.235421333461999893e-03,9.581820487976074219e+00,1.478648185729980469e+01,1.588762092590332031e+01,1.533722620136778545e-23,9.478927393586710781e-24,1.146299950960383285e-06,7.051000920910155401e-07,1.549739317852072418e-05,1.046030592988245189e-05,2.102522179484367371e-02,7.465159986168146133e-03,9.581873893737792969e+00,1.478660583496093750e+01,1.588776016235351562e+01
2.298831329345703125e+02,3.376256931546888119e-32,2.257070548239425989e-07,4.346455931663513184e-01,8.616093993186950684e-01,6.052437424659729004e-01,1.401231437921524048e-01,4.464167356491088867e-02,8.135175332427024841e-03,9.581842422485351562e+00,1.478763198852539062e+01,1.588915729522705078e+01,4.858699753640394192e-08,3.157735761760704918e-08,4.286953806877136230e-01,8.516086935997009277e-01,5.978306531906127930e-01,1.362659633159637451e-01,3.871831297874450684e-02,1.229270733892917633e-02,9.586851119995117188e+00,1.479881381988525391e+01,1.590195178985595703e+01,5.893352630965475547e-24,3.642292283984815541e-24,4.286099672317504883e-01,8.514629602432250977e-01,5.977241396903991699e-01,1.362119466066360474e-01,3.880787640810012817e-02,1.204057410359382629e-02,9.586948394775390625e+00,1.479903030395507812e+01,1.590219593048095703e+01
2.303839721679687500e+02,2.756052887741602479e-32,1.776174656242801575e-07,5.428416728973388672e-01,3.463237583637237549e-01,6.772583723068237305e-01,3.194963037967681885e-01,1.757329404354095459e-01,2.566309645771980286e-02,9.585453987121582031e+00,1.478935527801513672e+01,1.589090633392333984e+01,3.823488015086695668e-08,2.484932082325030933e-08,5.370837450027465820e-01,3.419322669506072998e-01,6.704747080802917480e-01,3.153063952922821045e-01,1.725706160068511963e-01,1.807618141174316406e-02,9.590970039367675781e+00,1.480164241790771484e+01,1.590497589111328125e+01,2.264463882621270217e-24,1.399515666762268228e-24,5.333223342895507812e-01,3.390614688396453857e-01,6.660385131835937500e-01,3.125502169132232666e-01,1.704195290803909302e-01,1.388588640838861465e-02,9.594461441040039062e+00,1.480942058563232422e+01,1.591387176513671875e+01
2.308848114013671875e+02,2.249777609481219092e-32,1.397739026742783608e-07,5.062262415885925293e-01,1.937705278396606445e-01,5.918260216712951660e-01,3.673995435237884521e-01,3.436352908611297607e-01,6.375644356012344360e-02,9.599744796752929688e+00,1.479341125488281250e+01,1.589326000213623047e+01,3.008903703971554933e-08,1.955511841345014545e-08,5.030373334884643555e-01,1.917191594839096069e-01,5.883808135986328125e-01,3.648012876510620117e-01,3.413512706756591797e-01,6.155683472752571106e-02,9.602464675903320312e+00,1.479949951171875000e+01,1.590022182464599609e+01,8.700983928863505169e-25,5.377503567444132933e-25,4.969606101512908936e-01,1.879066377878189087e-01,5.815642476081848145e-01,3.597804009914398193e-01,3.364730775356292725e-01,5.821623653173446655e-02,9.607667922973632812e+00,1.481103992462158203e+01,1.591342353820800781e+01
2.313856353759765625e+02,1.836514203350412320e-32,1.099941755455802195e-07,4.416778385639190674e-01,1.384324729442596436e-01,4.991346597671508789e-01,3.476559817790985107e-01,4.895902276039123535e-01,1.090182065963745117e-01,9.627116203308105469e+00,1.480246543884277344e+01,1.589793872833251953e+01,2.367997886665307306e-08,1.538955451962920051e-08,4.415545463562011719e-01,1.383500695228576660e-01,4.990144073963165283e-01,3.475543558597564697e-01,4.894832074642181396e-01,1.089425608515739441e-01,9.627221107482910156e+00,1.480270099639892578e+01,1.589820766448974609e+01,3.343366312244829535e-25,2.066314151966169825e-25,4.384360015392303467e-01,1.363912820816040039e-01,4.956782460212707520e-01,3.448457121849060059e-01,4.862371087074279785e-01,1.069847717881202698e-01,9.630063056945800781e+00,1.480899524688720703e+01,1.590540218353271484e+01
2.318864746093750000e+02,1.499153936820139181e-32,8.655855765482556308e-08,3.781494498252868652e-01,1.107585206627845764e-01,4.201785922050476074e-01,3.066502213478088379e-01,5.975391268730163574e-01,1.502343714237213135e-01,9.664546966552734375e+00,1.481804370880126953e+01,1.590692901611328125e+01,1.863485721287361230e-08,1.211064315498333599e-08,3.781494200229644775e-01,1.107585430145263672e-01,4.201787114143371582e-01,3.066502213478088379e-01,5.975392460823059082e-01,1.502343565225601196e-01,9.664546966552734375e+00,1.481804275512695312e+01,1.590693092346191406e+01,1.284656286366924502e-25,7.939611991220567487e-26,3.781494498252868652e-01,1.107585132122039795e-01,4.201786518096923828e-01,3.066501915454864502e-01,5.975391268730163574e-01,1.502343863248825073e-01,9.664547920227050781e+00,1.481804466247558594e+01,1.590693092346191406e+01
2.323873138427734375e+02,1.223765218186438554e-32,6.811617936364200432e-08,3.219317197799682617e-01,9.228791296482086182e-02,3.545779585838317871e-01,2.634537816047668457e-01,6.692027449607849121e-01,1.824798732995986938e-01,9.707251548767089844e+00,1.484022617340087891e+01,1.592161941528320312e+01,1.466463483978941440e-08,9.530387146128305176e-09,3.219317197799682617e-01,9.228792041540145874e-02,3.545779585838317871e-01,2.634537816047668457e-01,6.692027449607849121e-01,1.824798882007598877e-01,9.707250595092773438e+00,1.484022617340087891e+01,1.592161846160888672e+01,4.936167691928218550e-26,3.050719254228046885e-26,3.219317793846130371e-01,9.228792041540145874e-02,3.545779287815093994e-01,2.634538710117340088e-01,6.692029237747192383e-01,1.824799180030822754e-01,9.707252502441406250e+00,1.484022808074951172e+01,1.592161941528320312e+01
2.328881530761718750e+02,9.989642662823597023e-33,5.360316635005801800e-08,2.735998034477233887e-01,7.791201770305633545e-02,2.997881472110748291e-01,2.241770476102828979e-01,7.109287977218627930e-01,2.049475461244583130e-01,9.751067161560058594e+00,1.486814594268798828e+01,1.594246578216552734e+01,1.154023632210510186e-08,7.499854071113531973e-09,2.735997140407562256e-01,7.791197299957275391e-02,2.997880578041076660e-01,2.241769582033157349e-01,7.109286785125732422e-01,2.049475014209747314e-01,9.751067161560058594e+00,1.486814594268798828e+01,1.594246578216552734e+01,1.896674760383202638e-26,1.172209479894315778e-26,2.735997140407562256e-01,7.791200280189514160e-02,2.997881472110748291e-01,2.241769880056381226e-01,7.109287977218627930e-01,2.049475610256195068e-01,9.751068115234375000e+00,1.486814689636230469e+01,1.594246578216552734e+01
2.333889770507812500e+02,8.154633533052618789e-33,4.218264137989535811e-08,2.324026226997375488e-01,6.604500859975814819e-02,2.537489831447601318e-01,1.901347786188125610e-01,7.292369008064270020e-01,2.186550945043563843e-01,9.793166160583496094e+00,1.490053176879882812e+01,1.596911048889160156e+01,9.081749574590958218e-09,5.902090371989743289e-09,2.324023395776748657e-01,6.604478508234024048e-02,2.537486851215362549e-01,1.901345402002334595e-01,7.292364239692687988e-01,2.186547964811325073e-01,9.793165206909179688e+00,1.490052986145019531e+01,1.596911525726318359e+01,7.288001636077136514e-27,4.504232449952693371e-27,2.324024587869644165e-01,6.604489684104919434e-02,2.537488937377929688e-01,1.901346445083618164e-01,7.292365431785583496e-01,2.186549454927444458e-01,9.793166160583496094e+00,1.490053272247314453e+01,1.596911334991455078e+01
2.338898162841796875e+02,6.656659204813529773e-33,3.319509644938989368e-08,1.973758339881896973e-01,5.605571717023849487e-02,2.149211466312408447e-01,1.611119210720062256e-01,7.297094464302062988e-01,2.251679897308349609e-01,9.831954956054687500e+00,1.493605232238769531e+01,1.600068283081054688e+01,7.146632174936939919e-09,4.644493678540584369e-09,1.973749995231628418e-01,5.605500936508178711e-02,2.149203568696975708e-01,1.611111015081405640e-01,7.297080159187316895e-01,2.251671850681304932e-01,9.831955909729003906e+00,1.493605327606201172e+01,1.600068664550781250e+01,2.800344509597817450e-27,1.730708055574423691e-27,1.973753869533538818e-01,5.605535954236984253e-02,2.149207144975662231e-01,1.611114740371704102e-01,7.297086715698242188e-01,2.251675277948379517e-01,9.831955909729003906e+00,1.493605422973632812e+01,1.600068664550781250e+01
2.343906555175781250e+02,5.433861859288199520e-33,2.612250149525152665e-08,1.676199585199356079e-01,4.759572446346282959e-02,1.821139454841613770e-01,1.365053057670593262e-01,7.168811559677124023e-01,2.260445803403854370e-01,9.866717338562011719e+00,1.497348785400390625e+01,1.603606414794921875e+01,5.623969290269315024e-09,3.654933244945368642e-09,1.676171869039535522e-01,4.759325087070465088e-02,1.821114271879196167e-01,1.365027278661727905e-01,7.168771028518676758e-01,2.260418832302093506e-01,9.866721153259277344e+00,1.497349739074707031e+01,1.603606986999511719e+01,1.076005311756487909e-27,6.650078171713685647e-28,1.676183491945266724e-01,4.759433493018150330e-02,1.821124255657196045e-01,1.365037113428115845e-01,7.168786525726318359e-01,2.260429114103317261e-01,9.866722106933593750e+00,1.497349357604980469e+01,1.603606986999511719e+01
2.348914794921875000e+02,4.435713606490501265e-33,2.055694992009193811e-08,1.423485577106475830e-01,4.041750729084014893e-02,1.543650776147842407e-01,1.156763285398483276e-01,6.943756937980651855e-01,2.226485013961791992e-01,9.897299766540527344e+00,1.501180267333984375e+01,1.607409667968750000e+01,4.425863675550090193e-09,2.876291649300810604e-09,1.423407495021820068e-01,4.041016101837158203e-02,1.543583869934082031e-01,1.156694144010543823e-01,6.943652033805847168e-01,2.226412892341613770e-01,9.897305488586425781e+00,1.501182460784912109e+01,1.607411384582519531e+01,4.134566663828587960e-28,2.555302664983596270e-28,1.423439681529998779e-01,4.041335359215736389e-02,1.543608605861663818e-01,1.156719923019409180e-01,6.943689584732055664e-01,2.226438373327255249e-01,9.897306442260742188e+00,1.501181602478027344e+01,1.607411003112792969e+01
2.353923187255859375e+02,3.620895819989031601e-33,1.617706502088367415e-08,1.208861097693443298e-01,3.432298451662063599e-02,1.308775097131729126e-01,9.804783016443252563e-02,1.011822342872619629e+00,1.493025779724121094e+00,1.022890567779541016e+01,1.507863521575927734e+01,1.611675071716308594e+01,3.482769406204511142e-09,2.263403464652924413e-09,1.197650432586669922e-01,3.314848616719245911e-02,1.300216019153594971e-01,9.716344624757766724e-02,1.010132551193237305e+00,1.489728569984436035e+00,1.023055744171142578e+01,1.508209514617919922e+01,1.612066268920898438e+01,1.588667351798462369e-28,9.818504606723468750e-29,1.165537089109420776e-01,1.412703841924667358e-02,1.308076530694961548e-01,9.802504628896713257e-02,1.011796832084655762e+00,1.492919325828552246e+00,1.023350906372070312e+01,1.508808231353759766e+01,1.612745857238769531e+01
2.358931579589843750e+02,2.955752994493794541e-33,1.273034921922544527e-08,1.026594191789627075e-01,2.914774976670742035e-02,1.109876707196235657e-01,8.312509208917617798e-02,1.267127871513366699e+00,7.845663428306579590e-01,1.048884868621826172e+01,1.524065780639648438e+01,1.620615577697753906e+01,2.740757842900620744e-09,1.781174763237913794e-09,1.026045233011245728e-01,2.907795645296573639e-02,1.109599024057388306e-01,8.309097588062286377e-02,1.267101764678955078e+00,7.845433354377746582e-01,1.048889255523681641e+01,1.524074840545654297e+01,1.620625495910644531e+01,6.104301162577182347e-29,3.772665649461268568e-29,1.000609546899795532e-01,2.656809613108634949e-02,1.107899621129035950e-01,8.289368450641632080e-02,1.267043113708496094e+00,7.844861745834350586e-01,1.048994541168212891e+01,1.524286270141601562e+01,1.620862960815429688e+01
2.363939971923828125e+02,2.412793806887910785e-33,1.001799621036525423e-08,8.718083053827285767e-02,2.475292421877384186e-02,9.413802623748779297e-02,7.048859447240829468e-02,1.255569458007812500e+00,5.397052168846130371e-01,1.053145790100097656e+01,1.537853908538818359e+01,1.633144569396972656e+01,2.156812506370897609e-09,1.401676774648308310e-09,8.694087713956832886e-02,2.443820796906948090e-02,9.401454031467437744e-02,7.034137845039367676e-02,1.255393505096435547e+00,5.395943522453308105e-01,1.053166103363037109e+01,1.537896728515625000e+01,1.633192443847656250e+01,2.345518759675961456e-29,1.449610154247599924e-29,8.691814541816711426e-02,2.443826757371425629e-02,9.400846809148788452e-02,7.033557444810867310e-02,1.255393743515014648e+00,5.395948886871337891e-01,1.053167152404785156e+01,1.537898159027099609e+01,1.633193778991699219e+01
2.368948211669921875e+02,1.969585967866852451e-33,7.883597774593908980e-09,7.403639703989028931e-02,2.102086320519447327e-02,7.985963672399520874e-02,5.978467687964439392e-02,1.169899940490722656e+00,4.375829696655273438e-01,1.052682113647460938e+01,1.548580169677734375e+01,1.645846939086914062e+01,1.697332052685851522e-09,1.103064639629280919e-09,7.347736507654190063e-02,2.025685086846351624e-02,7.957073301076889038e-02,5.944214016199111938e-02,1.169449090957641602e+00,4.373187720775604248e-01,1.052731990814208984e+01,1.548682594299316406e+01,1.645961380004882812e+01,9.012691605946649733e-30,5.570150134874266431e-30,7.369079440832138062e-02,2.058411017060279846e-02,7.965889573097229004e-02,5.954768881201744080e-02,1.169569969177246094e+00,4.373895823955535889e-01,1.052714538574218750e+01,1.548647212982177734e+01,1.645922088623046875e+01
2.373956604003906250e+02,1.607781112640237527e-33,6.203900948520413294e-09,6.287345290184020996e-02,1.785140857100486755e-02,6.775602698326110840e-02,5.071433261036872864e-02,1.068320870399475098e+00,3.808555901050567627e-01,1.051738548278808594e+01,1.557373237609863281e+01,1.657378578186035156e+01,1.335667021429287615e-09,8.680269836247589410e-10,6.190662458539009094e-02,1.639480516314506531e-02,6.728476285934448242e-02,5.015254020690917969e-02,1.067639470100402832e+00,3.804529905319213867e-01,1.051822185516357422e+01,1.557547950744628906e+01,1.657574462890625000e+01,3.463039835601570417e-30,2.140276167084536362e-30,6.224523857235908508e-02,1.702798157930374146e-02,6.739630550146102905e-02,5.028687044978141785e-02,1.067757368087768555e+00,3.805218040943145752e-01,1.051795959472656250e+01,1.557494258880615234e+01,1.657514381408691406e+01
2.378964996337890625e+02,1.312438156996137791e-33,4.882083182167207269e-09,5.339361727237701416e-02,1.515983697026968002e-02,5.749380961060523987e-02,4.302633926272392273e-02,9.681865572929382324e-01,3.399395942687988281e-01,1.051166057586669922e+01,1.564922904968261719e+01,1.667518615722656250e+01,1.051088327486127127e-09,6.830838672478023454e-10,5.203665047883987427e-02,1.262331847101449966e-02,5.693531036376953125e-02,4.236900061368942261e-02,9.675100445747375488e-01,3.395290672779083252e-01,1.051278877258300781e+01,1.565161037445068359e+01,1.667787361145019531e+01,1.330639668746639513e-30,8.223805498126756297e-31,5.237802118062973022e-02,1.372503489255905151e-02,5.695174634456634521e-02,4.237487539649009705e-02,9.674480557441711426e-01,3.394873738288879395e-01,1.051254081726074219e+01,1.565109062194824219e+01,1.667728424072265625e+01
2.383973236083984375e+02,1.071355010395537108e-33,3.841921891734045857e-09,4.534333571791648865e-02,1.287415251135826111e-02,4.879127070307731628e-02,3.650858253240585327e-02,8.744249939918518066e-01,3.057740330696105957e-01,1.050984382629394531e+01,1.571569156646728516e+01,1.676402473449707031e+01,8.271664464487571422e-10,5.375593858936156266e-10,4.384504631161689758e-02,9.068055078387260437e-03,4.832863807678222656e-02,3.597358614206314087e-02,8.739559054374694824e-01,3.054795265197753906e-01,1.051112365722656250e+01,1.571840763092041016e+01,1.676709365844726562e+01,5.113003108986372726e-31,3.160009523061285184e-31,4.388874024152755737e-02,1.042281556874513626e-02,4.814556241035461426e-02,3.574861213564872742e-02,8.737221956253051758e-01,3.053316175937652588e-01,1.051101016998291016e+01,1.571817398071289062e+01,1.676683807373046875e+01
2.388981628417968750e+02,8.745511747869773095e-34,3.023352013187263765e-09,3.850661963224411011e-02,1.093303132802248001e-02,4.140956699848175049e-02,3.098139353096485138e-02,7.881655097007751465e-01,2.755066454410552979e-01,1.051063823699951172e+01,1.577488899230957031e+01,1.684224510192871094e+01,6.509138783528101158e-10,4.230173433761308388e-10,3.709862008690834045e-02,6.357112899422645569e-03,4.110294207930564880e-02,3.061808645725250244e-02,7.878875732421875000e-01,2.753225564956665039e-01,1.051191997528076172e+01,1.577762508392333984e+01,1.684534263610839844e+01,1.964622046241161940e-31,1.214203262245430353e-31,3.678530454635620117e-02,7.060817908495664597e-03,4.087024182081222534e-02,3.036814369261264801e-02,7.876993417739868164e-01,2.752045392990112305e-01,1.051199340820312500e+01,1.577778053283691406e+01,1.684552001953125000e+01
2.393990020751953125e+02,7.138993924314684895e-34,2.379188401846477063e-09,3.270072117447853088e-02,9.284584783017635345e-03,3.514744713902473450e-02,2.629349939525127411e-02,7.093867063522338867e-01,2.481641769409179688e-01,1.051286983489990234e+01,1.582788753509521484e+01,1.691154098510742188e+01,5.122288704306754425e-10,3.328884112807628526e-10,3.143637254834175110e-02,4.623175598680973053e-03,3.493011742830276489e-02,2.601684443652629852e-02,7.091993093490600586e-01,2.480310201644897461e-01,1.051408004760742188e+01,1.583048057556152344e+01,1.691447830200195312e+01,7.548870731220772657e-32,4.665458908039329437e-32,3.098275512456893921e-02,4.273106809705495834e-03,3.481183201074600220e-02,2.590276673436164856e-02,7.091313004493713379e-01,2.479883432388305664e-01,1.051428794860839844e+01,1.583092403411865234e+01,1.691497993469238281e+01
2.398998260498046875e+02,5.827627579394207020e-34,1.872287214155221591e-09,2.777036651968955994e-02,7.884729653596878052e-03,2.983454242348670959e-02,2.231691591441631317e-02,6.377146840095520020e-01,2.233383506536483765e-01,1.051574230194091797e+01,1.587543773651123047e+01,1.697323417663574219e+01,4.031041889174247217e-10,2.619695294026058718e-10,2.661864459514617920e-02,3.539745928719639778e-03,2.963077276945114136e-02,2.203203551471233368e-02,6.375443339347839355e-01,2.232092022895812988e-01,1.051686191558837891e+01,1.587785720825195312e+01,1.697598075866699219e+01,2.900665435389225050e-32,1.792709700240607482e-32,2.617083117365837097e-02,2.573692006990313530e-03,2.960008010268211365e-02,2.202215231955051422e-02,6.375414729118347168e-01,2.232087403535842896e-01,1.051712512969970703e+01,1.587842082977294922e+01,1.697661781311035156e+01
2.404006652832031250e+02,4.757121863667139015e-34,1.473375976779323082e-09,2.358327060937881470e-02,6.695903837680816650e-03,2.532614767551422119e-02,1.894302852451801300e-02,5.726682543754577637e-01,2.007893770933151245e-01,1.051877784729003906e+01,1.591813564300537109e+01,1.702835845947265625e+01,3.172110074611822483e-10,2.061496806593510200e-10,2.248203754425048828e-02,2.829631557688117027e-03,2.507848106324672699e-02,1.856674812734127045e-02,5.724747776985168457e-01,2.006351649761199951e-01,1.051983451843261719e+01,1.592042255401611328e+01,1.703095245361328125e+01,1.114552609445432246e-32,6.888313876530077973e-33,2.211336046457290649e-02,1.708021620288491249e-03,2.508715353906154633e-02,1.862415112555027008e-02,5.725005269050598145e-01,2.006561905145645142e-01,1.052008247375488281e+01,1.592095470428466797e+01,1.703155517578125000e+01
2.409015045166015625e+02,3.883262118330735221e-34,1.159456863852881270e-09,2.002748474478721619e-02,5.686323624104261398e-03,2.150015346705913544e-02,1.608021371066570282e-02,5.137532949447631836e-01,1.803330779075622559e-01,1.052170753479003906e+01,1.595647716522216797e+01,1.707771110534667969e+01,2.496257645034916095e-10,1.622272455259476942e-10,1.890752278268337250e-02,2.340242499485611916e-03,2.117352187633514404e-02,1.551547180861234665e-02,5.135197639465332031e-01,1.801394224166870117e-01,1.052273082733154297e+01,1.595870590209960938e+01,1.708024406433105469e+01,4.282561018915757849e-33,2.646768243237409843e-33,1.866406574845314026e-02,1.255920971743762493e-03,2.121126838028430939e-02,1.568311825394630432e-02,5.135681629180908203e-01,1.801799982786178589e-01,1.052291584014892578e+01,1.595910835266113281e+01,1.708069419860839844e+01
2.414023437500000000e+02,3.169925998914951771e-34,9.124214717104450756e-10,1.700782403349876404e-02,4.828963428735733032e-03,1.825297623872756958e-02,1.365079171955585480e-02,4.604825377464294434e-01,1.618039757013320923e-01,1.052439975738525391e+01,1.599089527130126953e+01,1.712195205688476562e+01,1.964402668308551370e-10,1.276629635338366597e-10,1.582060754299163818e-02,1.988389529287815094e-03,1.785326935350894928e-02,1.275461725890636444e-02,4.602130651473999023e-01,1.615724563598632812e-01,1.052542781829833984e+01,1.599313926696777344e+01,1.712450599670410156e+01,1.645532848400864554e-33,1.016995192496722002e-33,1.571843586862087250e-02,9.841189021244645119e-04,1.789877377450466156e-02,1.315389759838581085e-02,4.602766335010528564e-01,1.616275310516357422e-01,1.052552795410156250e+01,1.599335098266601562e+01,1.712474250793457031e+01
2.419031677246093750e+02,2.587641887581506519e-34,7.180249173011077346e-10,1.444352604448795319e-02,4.100892227143049240e-03,1.549690589308738708e-02,1.158901490271091461e-02,4.123898148536682129e-01,1.450474113225936890e-01,1.052679920196533203e+01,1.602177619934082031e+01,1.716163253784179688e+01,1.545910621736368284e-10,1.004656635661405062e-10,1.316766254603862762e-02,1.725805341266095638e-03,1.506135053932666779e-02,1.020836178213357925e-02,4.121051430702209473e-01,1.447945833206176758e-01,1.052785587310791016e+01,1.602408981323242188e+01,1.716426467895507812e+01,6.322985031428046085e-34,3.907819848358343651e-34,1.319953054189682007e-02,7.964211399666965008e-04,1.507244072854518890e-02,1.097683701664209366e-02,4.121657013893127441e-01,1.448486000299453735e-01,1.052785778045654297e+01,1.602409362792968750e+01,1.716427040100097656e+01
2.424040069580078125e+02,2.112304344121369142e-34,5.650414025559769016e-10,1.226578932255506516e-02,3.482576459646224976e-03,1.315736863762140274e-02,9.838998317718505859e-03,3.690292835235595703e-01,1.299154758453369141e-01,1.052889823913574219e+01,1.604946899414062500e+01,1.719721984863281250e+01,1.216509531998255511e-10,7.905873872227076049e-11,1.087550632655620575e-02,1.527542946860194206e-03,1.269234716892242432e-02,7.936562411487102509e-03,3.687562942504882812e-01,1.296651214361190796e-01,1.052999210357666016e+01,1.605187416076660156e+01,1.719995689392089844e+01,2.429546162590563068e-34,1.501542045429330816e-34,1.105000078678131104e-02,6.541293114423751831e-04,1.266657002270221710e-02,9.089938364923000336e-03,3.687930703163146973e-01,1.296989917755126953e-01,1.052990722656250000e+01,1.605168342590332031e+01,1.719973754882812500e+01
2.429048461914062500e+02,1.724283646025139218e-34,4.446527590573623456e-10,1.041640155017375946e-02,2.957487478852272034e-03,1.117135863751173019e-02,8.353543467819690704e-03,3.299860656261444092e-01,1.162700504064559937e-01,1.053070735931396484e+01,1.607428359985351562e+01,1.722912979125976562e+01,9.573181136701691685e-11,6.221435866482494248e-11,8.847150951623916626e-03,1.383309136144816875e-03,1.061693020164966583e-02,6.083050742745399475e-03,3.297402262687683105e-01,1.160367429256439209e-01,1.053183460235595703e+01,1.607676887512207031e+01,1.723196411132812500e+01,9.335296293763181884e-35,5.769530607814738620e-35,9.223975241184234619e-03,5.403803661465644836e-04,1.062938664108514786e-02,7.438108325004577637e-03,3.297464847564697266e-01,1.160438805818557739e-01,1.053167629241943359e+01,1.607641792297363281e+01,1.723156547546386719e+01
2.434056701660156250e+02,1.407549218672218193e-34,3.499167899878585786e-10,8.845901116728782654e-03,2.511581638827919960e-03,9.485413320362567902e-03,7.092611398547887802e-03,2.948724329471588135e-01,1.039811894297599792e-01,1.053225326538085938e+01,1.609650230407714844e+01,1.725773048400878906e+01,7.533728502151504358e-11,4.896020394662414787e-11,7.004011422395706177e-03,1.284200930967926979e-03,8.752812631428241730e-03,4.713994450867176056e-03,2.946546375751495361e-01,1.037670671939849854e-01,1.053340911865234375e+01,1.609905433654785156e+01,1.726063537597656250e+01,3.587101941565199560e-35,2.216951064184955424e-35,7.680320180952548981e-03,4.472161526791751385e-04,8.915030397474765778e-03,5.982858128845691681e-03,2.946395874023437500e-01,1.037553325295448303e-01,1.053319072723388672e+01,1.609857559204101562e+01,1.726009368896484375e+01
2.439065093994140625e+02,1.148988789921168084e-34,2.753628713936251415e-10,7.512150332331657410e-03,2.132894936949014664e-03,8.054045960307121277e-03,6.022143177688121796e-03,2.633250653743743896e-01,9.292645007371902466e-02,1.053356552124023438e+01,1.611638832092285156e+01,1.728335189819335938e+01,5.928445928615744265e-11,3.852788921232530583e-11,5.334202200174331665e-03,1.210493384860455990e-03,7.098337635397911072e-03,3.760817693546414375e-03,2.631375789642333984e-01,9.273634850978851318e-02,1.053473377227783203e+01,1.611897277832031250e+01,1.728629112243652344e+01,1.378309313270179680e-35,8.518419555437850057e-36,6.379561033099889755e-03,3.704862610902637243e-04,7.476313039660453796e-03,4.707040730863809586e-03,2.631085813045501709e-01,9.271132946014404297e-02,1.053447341918945312e+01,1.611840248107910156e+01,1.728565216064453125e+01
2.444073486328125000e+02,9.379220063631847106e-35,2.166928025904013566e-10,6.379483733326196671e-03,1.811301452107727528e-03,6.838793866336345673e-03,5.113346967846155167e-03,2.130361318588256836e+00,2.906103730201721191e-01,1.055509185791015625e+01,1.613531684875488281e+01,1.730636978149414062e+01,4.665319519592259212e-11,3.031905976280668824e-11,7.209646282717585564e-04,7.286573527380824089e-04,2.364558167755603790e-03,2.376872347667813301e-03,2.117726802825927734e+00,2.879390716552734375e-01,1.056020069122314453e+01,1.614660072326660156e+01,1.731923675537109375e+01,5.296020691173219191e-36,3.273120756736391387e-36,3.237966157030314207e-04,4.154093912802636623e-04,1.813769107684493065e-03,1.839230535551905632e-03,2.116698980331420898e+00,2.877333164215087891e-01,1.056073379516601562e+01,1.614776992797851562e+01,1.732057189941406250e+01
2.449081878662109375e+02,7.656303503761389785e-35,1.705239838223349125e-10,5.417612381279468536e-03,1.538201002404093742e-03,5.807020235806703568e-03,4.341795574873685837e-03,1.746606826782226562e+00,4.815354943275451660e-01,1.068268013000488281e+01,1.617664909362792969e+01,1.733331489562988281e+01,3.671305620622788979e-11,2.385914382729836802e-11,9.949996601790189743e-04,7.831458933651447296e-04,2.573403995484113693e-03,2.201445400714874268e-03,1.746384263038635254e+00,4.814425706863403320e-01,1.068461132049560547e+01,1.618082809448242188e+01,1.733807182312011719e+01,2.034944733729799339e-36,1.257665147523769029e-36,4.714885290013626218e-05,4.949342837790027261e-05,7.032672874629497528e-04,4.970615264028310776e-04,1.746023893356323242e+00,4.813069701194763184e-01,1.068563079833984375e+01,1.618304252624511719e+01,1.734059906005859375e+01
2.454090118408203125e+02,6.249916922470531760e-35,1.341929067866232117e-10,4.600789863616228104e-03,1.306283986195921898e-03,4.931007977575063705e-03,3.686746815219521523e-03,1.501718640327453613e+00,4.935109019279479980e-01,1.080777454376220703e+01,1.624350738525390625e+01,1.737685585021972656e+01,2.889179000209463055e-11,1.877619934531615797e-11,8.798217168077826500e-04,6.903378525748848915e-04,2.187077887356281281e-03,1.878127106465399265e-03,1.501687765121459961e+00,4.934889376163482666e-01,1.080938148498535156e+01,1.624694252014160156e+01,1.738075447082519531e+01,7.819307312272663840e-37,4.832597253615583508e-37,6.983472758292919025e-06,7.090334293025080115e-06,2.316761529073119164e-04,1.561044773552566767e-04,1.501769661903381348e+00,4.935230016708374023e-01,1.081030654907226562e+01,1.624891090393066406e+01,1.738299179077148438e+01
2.459098510742187500e+02,5.101837189166957591e-35,1.056015760947381921e-10,3.907101694494485855e-03,1.109327771700918674e-03,4.187178332358598709e-03,3.130557714030146599e-03,1.313895821571350098e+00,4.565657973289489746e-01,1.089779186248779297e+01,1.631983947753906250e+01,1.743746566772460938e+01,2.273555996246123811e-11,1.477542393990560754e-11,7.509903516620397568e-04,5.969014018774032593e-04,1.819409895688295364e-03,1.586808240972459316e-03,1.313891887664794922e+00,4.565572440624237061e-01,1.089916419982910156e+01,1.632275009155273438e+01,1.744077491760253906e+01,3.004493320896502282e-37,1.856878980112667042e-37,1.294687081099255010e-06,1.163232695944316220e-06,4.936537879984825850e-05,4.163463017903268337e-05,1.313969731330871582e+00,4.565939903259277344e-01,1.089999198913574219e+01,1.632450103759765625e+01,1.744275665283203125e+01
2.464106903076171875e+02,4.164653654987253327e-35,8.310194199445675167e-11,3.318004542961716652e-03,9.420678252354264259e-04,3.555592149496078491e-03,2.658311277627944946e-03,1.156609773635864258e+00,4.095101654529571533e-01,1.095660209655761719e+01,1.639599800109863281e+01,1.750869941711425781e+01,1.789149037256798636e-11,1.162735272647319462e-11,6.505373166874051094e-04,5.182038294151425362e-04,1.528080785647034645e-03,1.342319184914231300e-03,1.156614303588867188e+00,4.095076620578765869e-01,1.095777225494384766e+01,1.639847183227539062e+01,1.751148986816406250e+01,1.182702854330528659e-37,6.565458853350207028e-38,4.083131841525755590e-07,2.793491375996381976e-07,7.831989933038130403e-06,8.080220140982419252e-06,1.156670093536376953e+00,4.095358550548553467e-01,1.095848751068115234e+01,1.639998626708984375e+01,1.751321029663085938e+01
2.469115142822265625e+02,3.399647039821582406e-35,6.539658398141412476e-11,2.817742992192506790e-03,8.000305388122797012e-04,3.019317286089062691e-03,2.257340820506215096e-03,1.020281672477722168e+00,3.635664582252502441e-01,1.099346923828125000e+01,1.646776199340820312e+01,1.758391761779785156e+01,1.407991952195875029e-11,9.150259543122540862e-12,5.737399915233254433e-04,4.529249272309243679e-04,1.300107687711715698e-03,1.139009138569235802e-03,1.020289063453674316e+00,3.635666966438293457e-01,1.099445152282714844e+01,1.646984672546386719e+01,1.758627319335937500e+01,4.481759986504190650e-38,3.456739867378030648e-38,1.459829661598632811e-07,9.287958135928420234e-08,1.355292624793946743e-06,1.396211928295088001e-06,1.020327210426330566e+00,3.635871112346649170e-01,1.099506950378417969e+01,1.647115898132324219e+01,1.758776092529296875e+01
2.474123535156250000e+02,2.775147298848010569e-35,5.146306991665738906e-11,2.392894588410854340e-03,6.794050568714737892e-04,2.563935006037354469e-03,1.916860695928335190e-03,9.006389379501342773e-01,3.216497898101806641e-01,1.101608848571777344e+01,1.653358650207519531e+01,1.765837669372558594e+01,1.107977945502547357e-11,7.200547449959238122e-12,5.130664794705808163e-04,3.980761393904685974e-04,1.119546359404921532e-03,9.696853812783956528e-04,9.006462693214416504e-01,3.216513991355895996e-01,1.101690864562988281e+01,1.653533172607421875e+01,1.766035270690917969e+01,3.231506082350481286e-38,2.252057030063242931e-38,5.464687902190235036e-08,3.409824245181880542e-08,4.202989316581806634e-07,3.263116354901285376e-07,9.006728529930114746e-01,3.216662406921386719e-01,1.101744651794433594e+01,1.653647422790527344e+01,1.766164588928222656e+01
2.479131927490234375e+02,2.265364872350932682e-35,4.049825405583185045e-11,2.032103016972541809e-03,5.769669660367071629e-04,2.177250338718295097e-03,1.627750229090452194e-03,7.951919436454772949e-01,2.842177152633666992e-01,1.102976322174072266e+01,1.659310340881347656e+01,1.772920227050781250e+01,8.719101829424147354e-12,5.666384896019227568e-12,4.630288458429276943e-04,3.512083203531801701e-04,9.743582922965288162e-04,8.282717317342758179e-04,7.951986193656921387e-01,2.842197716236114502e-01,1.103044414520263672e+01,1.659456062316894531e+01,1.773085403442382812e+01,3.231506082350481286e-38,2.252057030063242931e-38,2.080063055132086447e-08,1.289971152118596365e-08,1.654837689102350851e-07,1.092172823291548411e-07,7.952176928520202637e-01,2.842308282852172852e-01,1.103091239929199219e+01,1.659555625915527344e+01,1.773198699951171875e+01
2.484140167236328125e+02,1.849238724216140929e-35,3.186984703917872253e-11,1.725718844681978226e-03,4.899764899164438248e-04,1.848905114457011223e-03,1.382262096740305424e-03,7.021246552467346191e-01,2.510302662849426270e-01,1.103791427612304688e+01,1.664647674560546875e+01,1.779489898681640625e+01,6.861599396307260790e-12,4.459216849939107163e-12,4.197608795948326588e-04,3.103961353190243244e-04,8.557471446692943573e-04,7.097272318787872791e-04,7.021304368972778320e-01,2.510325908660888672e-01,1.103847980499267578e+01,1.664768600463867188e+01,1.779626846313476562e+01,3.231506082350481286e-38,2.252057030063242931e-38,7.965345716343108506e-09,4.929193497815731462e-09,6.922530815245409030e-08,4.314062707067023439e-08,7.021440863609313965e-01,2.510408163070678711e-01,1.103888893127441406e+01,1.664856338500976562e+01,1.779726791381835938e+01
2.489148559570312500e+02,1.509541232829209894e-35,2.507958771214013893e-11,1.465521403588354588e-03,4.160996468272060156e-04,1.570077263750135899e-03,1.173798809759318829e-03,6.199407577514648438e-01,2.216770797967910767e-01,1.104268932342529297e+01,1.669409751892089844e+01,1.785486221313476562e+01,5.399530648986239356e-12,3.509056326761461619e-12,3.806608438026160002e-04,2.742215292528271675e-04,7.572473259642720222e-04,6.099211750552058220e-04,6.199456453323364258e-01,2.216792851686477661e-01,1.104315185546875000e+01,1.669509506225585938e+01,1.785599708557128906e+01,3.231506082350481286e-38,2.252057030063242931e-38,3.056817909907749709e-09,1.890134937454490682e-09,2.944779708968781051e-08,1.797514137535927148e-08,6.199557185173034668e-01,2.216856330633163452e-01,1.104351043701171875e+01,1.669587516784667969e+01,1.785687828063964844e+01
2.494156951904296875e+02,1.232244813137931911e-35,1.973607215155492867e-11,1.244555343873798847e-03,3.533616545610129833e-04,1.333305030129849911e-03,9.967802325263619423e-04,5.473608970642089844e-01,1.957388967275619507e-01,1.104541397094726562e+01,1.673644256591796875e+01,1.790900802612304688e+01,4.249095433145333445e-12,2.761409590573693507e-12,3.442812594585120678e-04,2.418053045403212309e-04,6.741966353729367256e-04,5.255895666778087616e-04,5.473648309707641602e-01,1.957408189773559570e-01,1.104579353332519531e+01,1.673726463317871094e+01,1.790994453430175781e+01,3.231506082350481286e-38,2.252057030063242931e-38,1.174029318207203687e-09,7.257222045531364074e-10,1.253020442959495995e-08,7.595253315173522424e-09,5.473724603652954102e-01,1.957457661628723145e-01,1.104611110687255859e+01,1.673795127868652344e+01,1.791072654724121094e+01
2.499165344238281250e+02,1.005886816799199464e-35,1.553106775131762873e-11,1.056906068697571754e-03,3.000831056851893663e-04,1.132243429310619831e-03,8.464617421850562096e-04,4.832619726657867432e-01,1.728261411190032959e-01,1.104690265655517578e+01,1.677401161193847656e+01,1.795755386352539062e+01,3.343773175012998422e-12,2.173057307014447659e-12,3.098032029811292887e-04,2.125409373547881842e-04,6.029522628523409367e-04,4.539768269751220942e-04,4.832652211189270020e-01,1.728278547525405884e-01,1.104721069335937500e+01,1.677468490600585938e+01,1.795832633972167969e+01,3.231506082350481286e-38,2.252057030063242931e-38,4.510374296273766959e-10,2.787753361488398696e-10,5.302769778836591286e-09,3.209092991340867229e-09,4.832710027694702148e-01,1.728317588567733765e-01,1.104749298095703125e+01,1.677529716491699219e+01,1.795901679992675781e+01
2.504173583984375000e+02,8.211151617124672415e-36,1.222208358825360719e-11,8.975543314591050148e-04,2.548390184529125690e-04,9.615102899260818958e-04,7.188187446445226669e-04,4.266563057899475098e-01,1.525895148515701294e-01,1.104765224456787109e+01,1.680729484558105469e+01,1.800086784362792969e+01,2.631421122667454426e-12,1.710108075113347947e-12,2.769783895928412676e-04,1.860836637206375599e-04,5.407290882430970669e-04,3.928237129002809525e-04,4.266588985919952393e-01,1.525910049676895142e-01,1.104790687561035156e+01,1.680784606933593750e+01,1.800149536132812500e+01,3.231506082350481286e-38,2.252057030063242931e-38,1.733019561189763635e-10,1.071091687565584039e-10,2.228837558959639864e-09,1.349376943515778748e-09,4.266633391380310059e-01,1.525941193103790283e-01,1.104815483093261719e+01,1.680838584899902344e+01,1.800211143493652344e+01
2.509181976318359375e+02,6.702800945407373230e-36,9.618026861057948906e-12,7.622245466336607933e-04,2.164153847843408585e-04,8.165207109414041042e-04,6.104229832999408245e-04,3.766667246818542480e-01,1.347167938947677612e-01,1.104796886444091797e+01,1.683674812316894531e+01,1.803938865661621094e+01,2.070719897634409890e-12,1.345723120611819201e-12,2.458392118569463491e-04,1.622046984266489744e-04,4.853192367590963840e-04,3.402390284463763237e-04,3.766687512397766113e-01,1.347180455923080444e-01,1.104817581176757812e+01,1.683719253540039062e+01,1.803990364074707031e+01,3.231506082350481286e-38,2.252057030063242931e-38,6.658826268157724826e-11,4.115418422712124880e-11,9.305131110082243140e-10,5.639576583504890550e-10,3.766722977161407471e-01,1.347206085920333862e-01,1.104839706420898438e+01,1.683767509460449219e+01,1.804044723510742188e+01
2.514190368652343750e+02,5.471526216444091474e-36,7.568792814716118755e-12,6.472992245107889175e-04,1.837850868469104171e-04,6.933964323252439499e-04,5.183746106922626495e-04,3.325232565402984619e-01,1.189333051443099976e-01,1.104803276062011719e+01,1.686279296875000000e+01,1.807356834411621094e+01,1.629528760191401027e-12,1.059001085608468617e-12,2.166547492379322648e-04,1.407915842719376087e-04,4.351481911726295948e-04,2.947452012449502945e-04,3.325248956680297852e-01,1.189343631267547607e-01,1.104820346832275391e+01,1.686316108703613281e+01,1.807398414611816406e+01,3.231506082350481286e-38,2.252057030063242931e-38,2.558571757238503608e-11,1.581289439667177277e-11,3.861166109064839702e-10,2.343018556949516551e-10,3.325276970863342285e-01,1.189364567399024963e-01,1.104839515686035156e+01,1.686358070373535156e+01,1.807447242736816406e+01
2.519198608398437500e+02,4.466458457476251094e-36,5.956215121810659596e-12,5.497045931406319141e-04,1.560754317324608564e-04,5.888425512239336967e-04,4.402100457809865475e-04,2.935449481010437012e-01,1.049958840012550354e-01,1.104795742034912109e+01,1.688581275939941406e+01,1.810384750366210938e+01,1.282376765540660379e-12,8.333911360493273524e-13,1.896734465844929218e-04,1.217255194205790758e-04,3.890925727318972349e-04,2.551625948399305344e-04,2.935462892055511475e-01,1.049968376755714417e-01,1.104809665679931641e+01,1.688611221313476562e+01,1.810418701171875000e+01,3.231506082350481286e-38,2.252057030063242931e-38,9.831326724940581130e-12,6.076101861235416735e-12,1.593624121554171325e-10,9.681821316886995987e-11,2.935484647750854492e-01,1.049984991550445557e-01,1.104826164245605469e+01,1.688648605346679688e+01,1.810461616516113281e+01
2.524207000732421875e+02,3.645989014096144728e-36,4.687172091427660447e-12,4.668221517931669950e-04,1.325429620919749141e-04,5.000522942282259464e-04,3.738307568710297346e-04,2.591267824172973633e-01,9.268841147422790527e-02,1.104780769348144531e+01,1.690614891052246094e+01,1.813064765930175781e+01,1.009128436195438905e-12,6.558142158670510202e-13,1.650625054026022553e-04,1.048663034453056753e-04,3.464422770775854588e-04,2.205774653702974319e-04,2.591278254985809326e-01,9.268917888402938843e-02,1.104792022705078125e+01,1.690639305114746094e+01,1.813092231750488281e+01,3.231506082350481286e-38,2.252057030063242931e-38,3.777589352438326387e-12,2.334679324866861805e-12,6.546152508946079251e-11,3.981312848844176244e-11,2.591296434402465820e-01,9.269056469202041626e-02,1.104806900024414062e+01,1.690672302246093750e+01,1.813129997253417969e+01
2.529215393066406250e+02,2.976236148573780060e-36,3.688513036670393319e-12,3.964363713748753071e-04,1.125585986301302910e-04,4.246512835379689932e-04,3.174614394083619118e-04,2.287374138832092285e-01,8.182109147310256958e-02,1.104762554168701172e+01,1.692411231994628906e+01,1.815434455871582031e+01,7.941214959922282546e-13,5.160851130128762954e-13,1.429295371053740382e-04,9.007652988657355309e-05,3.068899677600711584e-04,1.903212396427989006e-04,2.287382930517196655e-01,8.182177692651748657e-02,1.104771709442138672e+01,1.692430877685546875e+01,1.815457534790039062e+01,3.231506082350481286e-38,2.252057030063242931e-38,1.451501787687325962e-12,8.970775511318862527e-13,2.677796179240132801e-11,1.630189212786792297e-11,2.287397384643554688e-01,8.182287216186523438e-02,1.104784679412841797e+01,1.692459678649902344e+01,1.815490531921386719e+01
2.534223632812500000e+02,2.429528677973052363e-36,2.902651426509028632e-12,3.366647870279848576e-04,9.558789315633475780e-05,3.606220125220716000e-04,2.695938164833933115e-04,2.019070386886596680e-01,7.222604751586914062e-02,1.104743194580078125e+01,1.693997573852539062e+01,1.817528915405273438e+01,6.249429142582418883e-13,4.061379867397602039e-13,1.232550566783174872e-04,7.718538836343213916e-05,2.703375939745455980e-04,1.638661051401868463e-04,2.019077241420745850e-01,7.222658395767211914e-02,1.104750728607177734e+01,1.694013977050781250e+01,1.817547416687011719e+01,3.231506082350481286e-38,2.252057030063242931e-38,5.577416783628108554e-13,3.447033782542907598e-13,1.091392688029602098e-11,6.649927136725963805e-12,2.019089013338088989e-01,7.222755998373031616e-02,1.104761981964111328e+01,1.694039344787597656e+01,1.817576026916503906e+01
2.539232025146484375e+02,1.983234174744712944e-36,2.284205593769406129e-12,2.859036321751773357e-04,8.117547986330464482e-05,3.062459581997245550e-04,2.289429685333743691e-04,1.782182902097702026e-01,6.375414133071899414e-02,1.104723930358886719e+01,1.695398521423339844e+01,1.819379425048828125e+01,4.917801192313997483e-13,3.195989208958777139e-13,1.059254427673295140e-04,6.600424239877611399e-05,2.367936249356716871e-04,1.407775562256574631e-04,1.782188415527343750e-01,6.375458091497421265e-02,1.104729938507080078e+01,1.695411872863769531e+01,1.819395065307617188e+01,3.231506082350481286e-38,2.252057030063242931e-38,2.143068708604367600e-13,1.324489427639505279e-13,4.433528197345104616e-12,2.703466573869550693e-12,1.782198399305343628e-01,6.375540047883987427e-02,1.104739475250244141e+01,1.695433998107910156e+01,1.819419860839843750e+01
2.544240417480468750e+02,1.618921864654944639e-36,1.797526971020202424e-12,2.427960571367293596e-04,6.893611862324178219e-05,2.600692678242921829e-04,1.944219548022374511e-04,1.573047041893005371e-01,5.627442896366119385e-02,1.104705715179443359e+01,1.696635246276855469e+01,1.821014022827148438e+01,3.870002734072952588e-13,2.515043837254815617e-13,9.079182927962392569e-05,5.635556954075582325e-05,2.063177234958857298e-04,1.206964589073322713e-04,1.573051661252975464e-01,5.627479404211044312e-02,1.104710865020751953e+01,1.696646308898925781e+01,1.821026992797851562e+01,3.231506082350481286e-38,2.252057030063242931e-38,8.234535151191782476e-14,5.089222635977150300e-14,1.795743241606029272e-12,1.095764538133758847e-12,1.573059558868408203e-01,5.627548694610595703e-02,1.104719352722167969e+01,1.696665191650390625e+01,1.821048355102539062e+01
2.549248809814453125e+02,1.321531981897260927e-36,1.414541227207077867e-12,2.061880804831162095e-04,5.854216215084306896e-05,2.208554215030744672e-04,1.651063357712700963e-04,1.388418078422546387e-01,4.967093840241432190e-02,1.104688739776611328e+01,1.697727012634277344e+01,1.822457122802734375e+01,3.045450176764052941e-13,1.979182605565260600e-13,7.765668851789087057e-05,4.805791104445233941e-05,1.789091911632567644e-04,1.032911823131144047e-04,1.388421654701232910e-01,4.967125505208969116e-02,1.104693031311035156e+01,1.697736740112304688e+01,1.822467613220214844e+01,3.231506082350481286e-38,2.252057030063242931e-38,3.164040752491603659e-14,1.955484656580158687e-14,7.254252537211569596e-13,4.429326913926723286e-13,1.388428360223770142e-01,4.967184364795684814e-02,1.104700469970703125e+01,1.697752952575683594e+01,1.822486305236816406e+01
2.554257049560546875e+02,1.078778120902665244e-36,1.113163272496719980e-12,1.751005911501124501e-04,4.971561429556459188e-05,1.875554153230041265e-04,1.402118796249851584e-04,1.225434169173240662e-01,4.384138807654380798e-02,1.104673194885253906e+01,1.698690605163574219e+01,1.823731613159179688e+01,2.396650044221571019e-13,1.557535160958203879e-13,6.631481664953753352e-05,4.094377800356596708e-05,1.545053819427266717e-04,8.825910481391474605e-05,1.225436925888061523e-01,4.384163022041320801e-02,1.104676723480224609e+01,1.698698234558105469e+01,1.823740577697753906e+01,3.231506082350481286e-38,2.252057030063242931e-38,1.215787554995333836e-14,7.513980147181957558e-15,2.923587207829397849e-13,1.786108289264856652e-13,1.225442811846733093e-01,4.384215548634529114e-02,1.104683208465576172e+01,1.698712158203125000e+01,1.823757362365722656e+01
2.559265441894531250e+02,8.806111107575880284e-37,8.759903067680208100e-13,1.486995606683194637e-04,4.221967174089513719e-05,1.592756889294832945e-04,1.190705224871635437e-04,1.081553548574447632e-01,3.869493305683135986e-02,1.104659175872802734e+01,1.699541473388671875e+01,1.824856758117675781e+01,1.885970763240707448e-13,1.225658029929688198e-13,5.655406857840716839e-05,3.485481647658161819e-05,1.329642982454970479e-04,7.531474693678319454e-05,1.081555709242820740e-01,3.869510069489479065e-02,1.104662036895751953e+01,1.699547767639160156e+01,1.824864196777343750e+01,3.231506082350481286e-38,2.252057030063242931e-38,4.671546793334497433e-15,2.887174481154379524e-15,1.175668449312355923e-13,7.186230912637273094e-14,1.081560850143432617e-01,3.869557008147239685e-02,1.104667758941650391e+01,1.699560165405273438e+01,1.824878311157226562e+01
2.564273681640625000e+02,7.188519871101107632e-37,6.893563953176695680e-13,1.262799196410924196e-04,3.585415106499567628e-05,1.352608815068379045e-04,1.011175627354532480e-04,6.717977523803710938e-01,1.438154876232147217e-01,1.106877517700195312e+01,1.700536537170410156e+01,1.825885200500488281e+01,1.484185902433585169e-13,9.645427089411545696e-14,4.592809273162856698e-05,2.889704410335980356e-05,1.003948418656364083e-04,6.117824523244053125e-05,6.705718636512756348e-01,1.430629044771194458e-01,1.106914138793945312e+01,1.700619125366210938e+01,1.825979804992675781e+01,3.231506082350481286e-38,2.252057030063242931e-38,1.795048950722021551e-15,1.109401296787201462e-15,4.718512229160906624e-14,2.885537674687105314e-14,6.705872416496276855e-01,1.430734097957611084e-01,1.106918430328369141e+01,1.700628280639648438e+01,1.825989532470703125e+01
2.569282226562500000e+02,5.867984178780818506e-37,5.424768165056270686e-13,1.072393715730868280e-04,3.044804725504945964e-05,1.148657611338421702e-04,8.587062620790675282e-05,5.649332404136657715e-01,1.729229241609573364e-01,1.111385345458984375e+01,1.702490997314453125e+01,1.827204513549804688e+01,1.167903528878286301e-13,7.590010840967040262e-14,3.985248986282385886e-05,2.482889613020233810e-05,9.005764877656474710e-05,5.306558159645646811e-05,5.649299621582031250e-01,1.729201078414916992e-01,1.111387729644775391e+01,1.702496337890625000e+01,1.827210807800292969e+01,3.231506082350481286e-38,2.252057030063242931e-38,6.897101827685293233e-16,4.262643543871615266e-16,1.890220429181035944e-14,1.156438836293245676e-14,5.649289488792419434e-01,1.729190945625305176e-01,1.111391735076904297e+01,1.702504920959472656e+01,1.827220726013183594e+01
2.574290466308593750e+02,4.790090153894877361e-37,4.268986965143273249e-13,9.107067307922989130e-05,2.585733273008372635e-05,9.754689381225034595e-05,7.292344525922089815e-05,4.899569451808929443e-01,1.665080338716506958e-01,1.115077877044677734e+01,1.705045509338378906e+01,1.829101753234863281e+01,9.191158576414559800e-14,5.973150305534774551e-14,3.415575702092610300e-05,2.119167584169190377e-05,7.837142038624733686e-05,4.547576827462762594e-05,4.899572134017944336e-01,1.665081977844238281e-01,1.115079593658447266e+01,1.705049896240234375e+01,1.829106521606445312e+01,3.231506082350481286e-38,2.252057030063242931e-38,2.650222096357672530e-16,1.637927462440341838e-16,7.559941848965870403e-15,4.627030129758600424e-15,4.899577796459197998e-01,1.665084958076477051e-01,1.115083122253417969e+01,1.705057525634765625e+01,1.829114913940429688e+01
2.579298706054687500e+02,3.910195342070701321e-37,3.359451659998985429e-13,7.733975508017465472e-05,2.195876913901884109e-05,8.283931674668565392e-05,6.192841829033568501e-05,4.296647310256958008e-01,1.511184424161911011e-01,1.117597389221191406e+01,1.707735633850097656e+01,1.831464767456054688e+01,7.232923434448076949e-14,4.700532769009307943e-14,2.919018152169883251e-05,1.805898864404298365e-05,6.775250221835449338e-05,3.887412822223268449e-05,4.296649694442749023e-01,1.511185616254806519e-01,1.117598819732666016e+01,1.707739257812500000e+01,1.831468582153320312e+01,3.231506082350481286e-38,2.252057030063242931e-38,1.018351912106934003e-16,6.293761185798341161e-17,3.018942526319284315e-15,1.848413720464936981e-15,4.296653568744659424e-01,1.511188745498657227e-01,1.117602157592773438e+01,1.707745742797851562e+01,1.831476211547851562e+01
2.584307250976562500e+02,3.191888852426782923e-37,2.643659759420796673e-13,6.567842501681298018e-05,1.864781188487540931e-05,7.034857117105275393e-05,5.259065801510587335e-05,3.782481849193572998e-01,1.345906704664230347e-01,1.119203567504882812e+01,1.710329627990722656e+01,1.834062385559082031e+01,5.691561994923197143e-14,3.698851934377106465e-14,2.490752194717060775e-05,1.537583557364996523e-05,5.835285264765843749e-05,3.318360177217982709e-05,3.782483935356140137e-01,1.345908194780349731e-01,1.119205093383789062e+01,1.710332870483398438e+01,1.834065818786621094e+01,3.231506082350481286e-38,2.252057030063242931e-38,3.912805503242441365e-17,2.418246638931015389e-17,1.203779507715288521e-15,7.372927879761316788e-16,3.782487511634826660e-01,1.345910578966140747e-01,1.119207668304443359e+01,1.710338973999023438e+01,1.834072113037109375e+01
2.589315490722656250e+02,2.605570104618233314e-37,2.080413342682788103e-13,5.577597767114639282e-05,1.583625089551787823e-05,5.974187661195173860e-05,4.466136306291446090e-05,3.334317207336425781e-01,1.191168129444122314e-01,1.120194435119628906e+01,1.712733840942382812e+01,1.836699676513671875e+01,4.479139701827304643e-14,2.910903939765119297e-14,2.123325612046755850e-05,1.308526589127723128e-05,5.012135443394072354e-05,2.829821460181847215e-05,3.334318995475769043e-01,1.191169396042823792e-01,1.120195484161376953e+01,1.712736129760742188e+01,1.836702156066894531e+01,3.231506082350481286e-38,2.252057030063242931e-38,1.503501513913736758e-17,9.292149954726687446e-18,4.793885667730567353e-16,2.937101567680863376e-16,3.334321975708007812e-01,1.191171556711196899e-01,1.120198059082031250e+01,1.712741661071777344e+01,1.836708068847656250e+01
2.594323730468750000e+02,2.126953363115654810e-37,1.637170217103078862e-13,4.736654591397382319e-05,1.344859538221498951e-05,5.073440843261778355e-05,3.792761708609759808e-05,2.940598726272583008e-01,1.051951572299003601e-01,1.120793342590332031e+01,1.714918708801269531e+01,1.839247703552246094e+01,3.524833419935036183e-14,2.290719121279729403e-14,1.808549131965264678e-05,1.113043617806397378e-05,4.295381950214505196e-05,2.411154491710476577e-05,2.940599918365478516e-01,1.051952689886093140e-01,1.120794200897216797e+01,1.714921188354492188e+01,1.839249992370605469e+01,3.231506082350481286e-38,2.252057030063242931e-38,5.777227094236745455e-18,3.570522632543306299e-18,1.906744485558926764e-16,1.168564271751868595e-16,2.940602600574493408e-01,1.051954403519630432e-01,1.120796394348144531e+01,1.714925193786621094e+01,1.839255523681640625e+01
2.599332275390625000e+02,1.736231778593263278e-37,1.288343346936282607e-13,4.022461507702246308e-05,1.142081509897252545e-05,4.308460120228119195e-05,3.220882717869244516e-05,2.593754827976226807e-01,9.283117204904556274e-02,1.121148872375488281e+01,1.716883277893066406e+01,1.841634750366210938e+01,2.773683755276975388e-14,1.802570984458466002e-14,1.539364166092127562e-05,9.463768947171047330e-06,3.674244362628087401e-05,2.052974195976275951e-05,2.593755722045898438e-01,9.283126890659332275e-02,1.121149635314941406e+01,1.716884613037109375e+01,1.841637039184570312e+01,3.231506082350481286e-38,2.252057030063242931e-38,2.219779292045758587e-18,1.371899001651474241e-18,7.574829035349015969e-17,4.643583509358334004e-17,2.593757808208465576e-01,9.283140301704406738e-02,1.121151447296142578e+01,1.716888999938964844e+01,1.841641807556152344e+01
2.604340515136718750e+02,1.417303198553317964e-37,1.013854663200683404e-13,3.415988612687215209e-05,9.698879694042261690e-06,3.658861169242300093e-05,2.735260204644873738e-05,2.287957519292831421e-01,8.190003037452697754e-02,1.121355438232421875e+01,1.718638229370117188e+01,1.843826293945312500e+01,2.182833551227485874e-14,1.418580032765516877e-14,1.309723938902607188e-05,8.045315553317777812e-06,3.138360261800698936e-05,1.747115675243549049e-05,2.287958264350891113e-01,8.190010488033294678e-02,1.121355915069580078e+01,1.718639564514160156e+01,1.843828010559082031e+01,3.231506082350481286e-38,2.252057030063242931e-38,8.529535958862252038e-19,5.271542944654369989e-19,3.006143421734908409e-17,1.843328650810324395e-17,2.287960052490234375e-01,8.190024644136428833e-02,1.121358013153076172e+01,1.718643569946289062e+01,1.843831825256347656e+01
2.609349060058593750e+02,1.156944298063187018e-37,7.978355118492402864e-14,2.900925210269633681e-05,8.236481335188727826e-06,3.107174052274785936e-05,2.322833825019188225e-05,2.018230408430099487e-01,7.224904745817184448e-02,1.121471881866455078e+01,1.720199394226074219e+01,1.845812606811523438e+01,1.717666265298178896e-14,1.116282867736403256e-14,1.113772941607749090e-05,6.837213732069358230e-06,2.677209886314813048e-05,1.486089968238957226e-05,2.018230855464935303e-01,7.224909216165542603e-02,1.121472549438476562e+01,1.720200538635253906e+01,1.845813751220703125e+01,3.231506082350481286e-38,2.252057030063242931e-38,3.277296566271514064e-19,2.025480589065887538e-19,1.191745661002809923e-17,7.309410434146268405e-18,2.018232941627502441e-01,7.224922627210617065e-02,1.121473789215087891e+01,1.720203781127929688e+01,1.845817756652832031e+01
2.614357299804687500e+02,9.444249424179653044e-38,6.278519913173463696e-14,2.463547571096569300e-05,6.994652721914462745e-06,2.638696969370357692e-05,1.972613608813844621e-05,1.780322343111038208e-01,6.373374164104461670e-02,1.121534061431884766e+01,1.721584510803222656e+01,1.847597312927246094e+01,1.351768699688234154e-14,8.784875157505887822e-15,9.469400538364425302e-06,5.810145921714138240e-06,2.281690831296145916e-05,1.263667400053236634e-05,1.780322641134262085e-01,6.373377889394760132e-02,1.121534729003906250e+01,1.721585655212402344e+01,1.847598266601562500e+01,3.231506082350481286e-38,2.252057030063242931e-38,1.259306226899264903e-19,7.782940444806876722e-20,4.720304097582321044e-18,2.895796783557783220e-18,1.780323982238769531e-01,6.373389810323715210e-02,1.121535873413085938e+01,1.721588706970214844e+01,1.847601509094238281e+01
2.619365539550781250e+02,7.709431275477200641e-38,4.940844147661646590e-14,2.092113936669193208e-05,5.940055871178628877e-06,2.240853609691839665e-05,1.675197017902974039e-05,1.570458561182022095e-01,5.622134357690811157e-02,1.121564197540283203e+01,1.722811317443847656e+01,1.849191665649414062e+01,1.063766486193457733e-14,6.913207629781741720e-15,8.048567906371317804e-06,4.936443474434781820e-06,1.943035204021725804e-05,1.074209012585924938e-05,1.570458710193634033e-01,5.622135102748870850e-02,1.121564674377441406e+01,1.722812271118164062e+01,1.849192619323730469e+01,3.231506082350481286e-38,2.252057030063242931e-38,4.838903508976069548e-20,2.990606558082689075e-20,1.867964488275929963e-18,1.146199669589083566e-18,1.570460200309753418e-01,5.622148141264915466e-02,1.121565818786621094e+01,1.722814750671386719e+01,1.849195289611816406e+01
2.624374084472656250e+02,6.293204498352238429e-38,3.888110604419355021e-14,1.776664248609449714e-05,5.044412318966351449e-06,1.902975418488495052e-05,1.422608875145670027e-05,1.385320872068405151e-01,4.959378018975257874e-02,1.121575641632080078e+01,1.723896408081054688e+01,1.850609970092773438e+01,8.370748044099051571e-15,5.440010234950909754e-15,6.839189609308959916e-06,4.193429049337282777e-06,1.653565595916006714e-05,9.129250429396051913e-06,1.385321170091629028e-01,4.959380254149436951e-02,1.121576023101806641e+01,1.723897361755371094e+01,1.850611114501953125e+01,3.231506082350481286e-38,2.252057030063242931e-38,1.859247723604331513e-20,1.149078271045465173e-20,7.385454181834033930e-19,4.532701602606825750e-19,1.385322213172912598e-01,4.959389939904212952e-02,1.121576976776123047e+01,1.723899269104003906e+01,1.850613784790039062e+01
2.629382324218750000e+02,5.137202209168709127e-38,3.059724579279089751e-14,1.508793138782493770e-05,4.283856014808407053e-06,1.616058943909592927e-05,1.208118374051991850e-05,1.222015842795372009e-01,4.374768212437629700e-02,1.121576309204101562e+01,1.724855422973632812e+01,1.851868820190429688e+01,6.587606047274820534e-15,4.281153543109726678e-15,5.811269147670827806e-06,3.562339770724065602e-06,1.406606406817445531e-05,7.757551429676823318e-06,1.222015991806983948e-01,4.374767094850540161e-02,1.121576499938964844e+01,1.724856185913085938e+01,1.851869773864746094e+01,3.231506082350481286e-38,2.252057030063242931e-38,7.144188506177874355e-21,4.415351169314546962e-21,2.917864359638261177e-19,1.791135539391698476e-19,1.222017109394073486e-01,4.374779760837554932e-02,1.121577548980712891e+01,1.724858283996582031e+01,1.851872062683105469e+01
2.634390563964843750e+02,4.193545963036333844e-38,2.407830913006645673e-14,1.281309323530877009e-05,3.637970394265721552e-06,1.372401675325818360e-05,1.025967139867134392e-05,1.077959537506103516e-01,3.859062120318412781e-02,1.121571254730224609e+01,1.725702476501464844e+01,1.852983856201171875e+01,5.184075841806233889e-15,3.369027807924827866e-15,4.937021913065109402e-06,3.025883415830321610e-06,1.196050288854166865e-05,6.590933935513021424e-06,1.077959090471267700e-01,3.859056904911994934e-02,1.121571540832519531e+01,1.725703239440917969e+01,1.852984046936035156e+01,3.231506082350481286e-38,2.252057030063242931e-38,2.745165470180405017e-21,1.696605597483079896e-21,1.151931204053463494e-19,7.072433011419600043e-20,1.077960506081581116e-01,3.859072551131248474e-02,1.121572494506835938e+01,1.725705146789550781e+01,1.852986335754394531e+01
2.639399108886718750e+02,3.423188297987008688e-38,1.894799319887303241e-14,1.088112730940338224e-05,3.089435267611406744e-06,1.165469620900694281e-05,8.712707312952261418e-06,9.508761018514633179e-02,3.404115140438079834e-02,1.121563339233398438e+01,1.726450347900390625e+01,1.853970146179199219e+01,4.079332696833339045e-15,2.651090728645081815e-15,4.193670065433252603e-06,2.569932121332385577e-06,1.016680744214681908e-05,5.599008545686956495e-06,9.508751332759857178e-02,3.404100611805915833e-02,1.121563434600830078e+01,1.726451110839843750e+01,1.853970718383789062e+01,3.231506082350481286e-38,2.252057030063242931e-38,1.054772613020709238e-21,6.518853695578423520e-22,4.544164193321793975e-20,2.790430142314563491e-20,9.508769214153289795e-02,3.404123708605766296e-02,1.121564483642578125e+01,1.726453018188476562e+01,1.853972244262695312e+01
2.644407348632812500e+02,2.794379994714526280e-38,1.491100029094114682e-14,9.240557119483128190e-06,2.623634372866945341e-06,9.897487871057819575e-06,7.399069545499514788e-06,8.387795835733413696e-02,3.002818860113620758e-02,1.121554279327392578e+01,1.727110671997070312e+01,1.854841995239257812e+01,3.210348890750943512e-15,2.086341887216880929e-15,3.562369101928197779e-06,2.182837306463625282e-06,8.640568012197036296e-06,4.756189809995703399e-06,8.387770503759384155e-02,3.002783097326755524e-02,1.121554374694824219e+01,1.727111244201660156e+01,1.854842185974121094e+01,3.231506082350481286e-38,2.252057030063242931e-38,4.052980023892222979e-22,2.504879498679141438e-22,1.791482567508058613e-20,1.100273807111269594e-20,8.387802541255950928e-02,3.002825006842613220e-02,1.121555042266845703e+01,1.727112770080566406e+01,1.854844284057617188e+01
2.649415588378906250e+02,2.281078201519102757e-38,1.173411682490327346e-14,7.847337656130548567e-06,2.228063294751336798e-06,8.405218977713957429e-06,6.283492893999209628e-06,7.398965209722518921e-02,2.648824453353881836e-02,1.121544933319091797e+01,1.727693176269531250e+01,1.855611991882324219e+01,2.526363433095991581e-15,1.641833396057927434e-15,3.025792693733819760e-06,1.853902858783840202e-06,7.342006028920877725e-06,4.039913619635626674e-06,7.398912310600280762e-02,2.648747526109218597e-02,1.121545028686523438e+01,1.727693557739257812e+01,1.855612373352050781e+01,3.231506082350481286e-38,2.252057030063242931e-38,1.557363897942038421e-22,9.625038317185574058e-23,7.058175454962997564e-21,4.335589632514267711e-21,7.398971915245056152e-02,2.648831345140933990e-02,1.121545600891113281e+01,1.727695274353027344e+01,1.855614280700683594e+01
2.654424133300781250e+02,1.862042316538195409e-38,9.233954238448225521e-15,6.664110969722969458e-06,1.892114369184128009e-06,7.137871307349996641e-06,5.336061349225929007e-06,6.526646018028259277e-02,2.336539328098297119e-02,1.121535873413085938e+01,1.728207206726074219e+01,1.856291961669921875e+01,1.987986750722316523e-15,1.291959555051842238e-15,2.569782054706593044e-06,1.574407406224054284e-06,6.237568868527887389e-06,3.431246796026243828e-06,6.526532769203186035e-02,2.336373366415500641e-02,1.121536254882812500e+01,1.728207588195800781e+01,1.856292152404785156e+01,3.231506082350481286e-38,2.252057030063242931e-38,5.983846336391360783e-23,3.698220313354450660e-23,2.778961331589129780e-21,1.707270895947472107e-21,6.526651978492736816e-02,2.336545288562774658e-02,1.121536731719970703e+01,1.728209304809570312e+01,1.856293487548828125e+01
2.659432373046875000e+02,1.520002176978079460e-38,7.266601633837497382e-15,5.659347607434028760e-06,1.606836008249956649e-06,6.061676231183810160e-06,4.531529157247859985e-06,5.757205560803413391e-02,2.061083540320396423e-02,1.121527481079101562e+01,1.728660774230957031e+01,1.856892204284667969e+01,1.564503946654819712e-15,1.016740021643198870e-15,2.182657681260025129e-06,1.337170260740094818e-06,5.298986707202857360e-06,2.914307515311520547e-06,5.756966397166252136e-02,2.060732617974281311e-02,1.121527767181396484e+01,1.728661155700683594e+01,1.856892395019531250e+01,3.231506082350481286e-38,2.252057030063242931e-38,2.299301873462002629e-23,1.421046777144802633e-23,1.093565081537780439e-21,6.719326854313366833e-22,5.757211893796920776e-02,2.061089314520359039e-02,1.121528530120849609e+01,1.728662300109863281e+01,1.856893730163574219e+01
2.664440612792968750e+02,1.240791496143509604e-38,5.718404977241454273e-15,4.806074230145895854e-06,1.364569470752030611e-06,5.147741831024177372e-06,3.848298547382000834e-06,5.078467726707458496e-02,1.818098127841949463e-02,1.121519660949707031e+01,1.729060935974121094e+01,1.857421684265136719e+01,1.231176576635992052e-15,8.001172216739831349e-16,1.853718003985704854e-06,1.135610091296257451e-06,4.501188868744065985e-06,2.475134806445566937e-06,5.077980458736419678e-02,1.817380450665950775e-02,1.121519947052001953e+01,1.729061317443847656e+01,1.857422828674316406e+01,3.231506082350481286e-38,2.252057030063242931e-38,8.835102510095108102e-24,5.460394211743975428e-24,4.300966085622010580e-22,2.643050821256881110e-22,5.078472942113876343e-02,1.818103529512882233e-02,1.121520614624023438e+01,1.729062080383300781e+01,1.857423400878906250e+01
2.669449157714843750e+02,1.012856708325974157e-38,4.499994669428242222e-15,4.081410224898718297e-06,1.158818463409261312e-06,4.371559953142423183e-06,3.268047976234811358e-06,4.479707404971122742e-02,1.603743992745876312e-02,1.121512603759765625e+01,1.729413986206054688e+01,1.857888984680175781e+01,9.688086506195645563e-16,6.296126657652446803e-16,1.574230623191397171e-06,9.643657676861039363e-07,3.823159659077646211e-06,2.102040298268548213e-06,4.478752985596656799e-02,1.602330245077610016e-02,1.121513175964355469e+01,1.729414749145507812e+01,1.857890510559082031e+01,3.231506082350481286e-38,2.252057030063242931e-38,3.394704344576674881e-24,2.098042630612224682e-24,1.690568804695996273e-22,1.039030092174344243e-22,4.479712620377540588e-02,1.603748835623264313e-02,1.121513175964355469e+01,1.729415512084960938e+01,1.857890701293945312e+01
2.674457397460937500e+02,8.268039290101788419e-39,3.541240617529941431e-15,3.466045882305479608e-06,9.841005521593615413e-07,3.712448233272880316e-06,2.775315806502476335e-06,3.951566293835639954e-02,1.414670888334512711e-02,1.121506309509277344e+01,1.729725265502929688e+01,1.858301353454589844e+01,7.624318258781328551e-16,4.954892337322624931e-16,1.337004960078047588e-06,8.190262974494544324e-07,3.247278755225124769e-06,1.785236122486821841e-06,3.949780762195587158e-02,1.412009913474321365e-02,1.121507358551025391e+01,1.729727363586425781e+01,1.858303260803222656e+01,3.231506082350481286e-38,2.252057030063242931e-38,1.304420358182525155e-24,8.061761062677735567e-25,6.642090177280774161e-23,4.082755294769864190e-23,3.951571509242057800e-02,1.414676010608673096e-02,1.121507072448730469e+01,1.729726791381835938e+01,1.858303070068359375e+01
2.679465637207031250e+02,6.749272778109550583e-39,2.786754701850882761e-15,2.943461140603176318e-06,8.357252454516128637e-07,3.152712451992556453e-06,2.356873892495059408e-06,3.485685959458351135e-02,1.247886568307876587e-02,1.121500587463378906e+01,1.730000114440917969e+01,1.858665084838867188e+01,5.999907059899001194e-16,3.899219822687421434e-16,1.135461161538842134e-06,6.955528419894108083e-07,2.757992206170456484e-06,1.516133011136844289e-06,3.482527658343315125e-02,1.243146508932113647e-02,1.121502017974853516e+01,1.730003166198730469e+01,1.858668899536132812e+01,3.231506082350481286e-38,2.252057030063242931e-38,5.012255544908081073e-25,3.097744115604886484e-25,2.608354699161343645e-23,1.603489951911067961e-23,3.485691174864768982e-02,1.247891876846551895e-02,1.121501350402832031e+01,1.730001640319824219e+01,1.858666801452636719e+01
2.684474182128906250e+02,5.509422113754988661e-39,2.192985029342091850e-15,2.499642960174242035e-06,7.097136744960153010e-07,2.677342763490742072e-06,2.001501570703112520e-06,3.074704110622406006e-02,1.100755482912063599e-02,1.121495532989501953e+01,1.730242538452148438e+01,1.858986091613769531e+01,4.721302885084754323e-16,3.068296383298713820e-16,9.642346867622109130e-07,5.906563274038489908e-07,2.342298330404446460e-06,1.287547092942986637e-06,3.069448471069335938e-02,1.092791371047496796e-02,1.121497631072998047e+01,1.730247879028320312e+01,1.858991813659667969e+01,3.231506082350481286e-38,2.252057030063242931e-38,1.925855002601239857e-25,1.190243810856360079e-25,1.023770745476983496e-23,6.294353506055567257e-24,3.074708394706249237e-02,1.100759860128164291e-02,1.121496009826660156e+01,1.730243873596191406e+01,1.858987998962402344e+01
2.689482421875000000e+02,4.497388948536498199e-39,1.725753926460976088e-15,2.122765181411523372e-06,6.027082122272986453e-07,2.273672180308494717e-06,1.699729409665451385e-06,2.712196297943592072e-02,9.709778241813182831e-03,1.121491050720214844e+01,1.730456161499023438e+01,1.859269142150878906e+01,3.715563492085783865e-16,2.414670704055724149e-16,8.189109621525858529e-07,5.016318596062774304e-07,1.989320708162267692e-06,1.093466153179178946e-06,2.703986130654811859e-02,9.583601728081703186e-03,1.121494960784912109e+01,1.730464172363281250e+01,1.859278488159179688e+01,3.231506082350481286e-38,2.252057030063242931e-38,7.400126658174637019e-26,4.573530182690866035e-26,4.016712885303937869e-24,2.469824097772930115e-24,2.712201140820980072e-02,9.709824807941913605e-03,1.121492004394531250e+01,1.730457305908203125e+01,1.859270858764648438e+01
2.694490966796875000e+02,3.671211399939872551e-39,1.358049512519595835e-15,1.802692054297949653e-06,5.118311605656344909e-07,1.930844973685452715e-06,1.443441988158156164e-06,2.392406761646270752e-02,8.564931340515613556e-03,1.121487140655517578e+01,1.730644798278808594e+01,1.859519004821777344e+01,2.923761328157200180e-16,1.900104011950249066e-16,6.954129503355943598e-07,4.259782144799828529e-07,1.689426994744280819e-06,9.285939768233220093e-07,2.380369044840335846e-02,8.376025594770908356e-03,1.121492385864257812e+01,1.730657005310058594e+01,1.859532737731933594e+01,3.231506082350481286e-38,2.252057030063242931e-38,2.843344670428953489e-26,1.757283500653836505e-26,1.575176747946554321e-24,9.686557161562691531e-25,2.392410859465599060e-02,8.564970456063747406e-03,1.121487712860107422e+01,1.730645942687988281e+01,1.859520721435546875e+01
2.699499206542968750e+02,2.996840717878947310e-39,1.068707081144026298e-15,1.530895133328158408e-06,4.346609614458429860e-07,1.639725951463333331e-06,1.225810024152451660e-06,2.110336720943450928e-02,7.555116899311542511e-03,1.121483612060546875e+01,1.730810928344726562e+01,1.859739303588867188e+01,2.300936413854337038e-16,1.495332906841428597e-16,5.905998250455013476e-07,3.617726349602889968e-07,1.434799401067721192e-06,7.886135904300317634e-07,2.093734778463840485e-02,7.286548614501953125e-03,1.121490955352783203e+01,1.730828285217285156e+01,1.859758567810058594e+01,3.231506082350481286e-38,2.252057030063242931e-38,1.092559565556270619e-26,6.752388962963379900e-27,6.174972917293369030e-25,3.797679935727761089e-25,2.110340818762779236e-02,7.555156014859676361e-03,1.121484088897705078e+01,1.730812454223632812e+01,1.859740829467773438e+01
2.704507446289062500e+02,2.446346221362800223e-39,8.410110194553550942e-16,1.300077656196663156e-06,3.691258712024136912e-07,1.392499711982964072e-06,1.040991037370986305e-06,1.861520856618881226e-02,6.664352491497993469e-03,1.121480560302734375e+01,1.730957794189453125e+01,1.859933662414550781e+01,1.810704978323478005e-16,1.176741183717526788e-16,5.015588726564601529e-07,3.072290155614609830e-07,1.218514967149531003e-06,6.697210892525617965e-07,1.839957758784294128e-02,6.300095468759536743e-03,1.121490955352783203e+01,1.730980110168457031e+01,1.859959220886230469e+01,3.231506082350481286e-38,2.252057030063242931e-38,4.198177144700284560e-27,2.594616095159389600e-27,2.419749228965569915e-25,1.488315889970250916e-25,1.861524768173694611e-02,6.664388813078403473e-03,1.121481227874755859e+01,1.730958747863769531e+01,1.859935188293457031e+01
2.709515991210937500e+02,1.996951205152295713e-39,6.618191348208989251e-16,1.104051648326276336e-06,3.134689734451967524e-07,1.182538198918337002e-06,8.840301575219200458e-07,1.642028242349624634e-02,5.878563970327377319e-03,1.121477794647216797e+01,1.731087303161621094e+01,1.860104942321777344e+01,1.424835678130433264e-16,9.259770796828911731e-17,4.259165677922283066e-07,2.608931026770733297e-07,1.034796582644048613e-06,5.687360840056499001e-07,1.615638472139835358e-02,5.405361764132976532e-03,1.121490573883056641e+01,1.731115913391113281e+01,1.860137557983398438e+01,3.231506082350481286e-38,2.252057030063242931e-38,1.613062047142546073e-27,9.969272060189313210e-28,9.478004771454248232e-26,5.830175127649040374e-26,1.642032526433467865e-02,5.878601688891649246e-03,1.121478366851806641e+01,1.731088638305664062e+01,1.860106277465820312e+01
2.714524230957031250e+02,1.630131904847524023e-39,5.208150423991332427e-16,9.375920626553124748e-07,2.662067686287628021e-07,1.004245063995767850e-06,7.507434816034219693e-07,1.448426116257905960e-02,5.185462068766355515e-03,1.121475410461425781e+01,1.731201553344726562e+01,1.860256195068359375e+01,1.121317038651819739e-16,7.287216351130858119e-17,3.617204811234842055e-07,2.215695644736115355e-07,8.788185823505045846e-07,4.829996669286629185e-07,1.418008469045162201e-02,4.595657810568809509e-03,1.121490573883056641e+01,1.731235885620117188e+01,1.860295867919921875e+01,3.231506082350481286e-38,2.252057030063242931e-38,6.198215525196580178e-28,3.830707640936509743e-28,3.711338493353739143e-26,2.283145421570753871e-26,1.448428910225629807e-02,5.185483954846858978e-03,1.121475982666015625e+01,1.731202888488769531e+01,1.860257530212402344e+01
2.719532470703125000e+02,1.330692639901346838e-39,4.098525616385174236e-16,7.962298127495159861e-07,2.260703553247367381e-07,8.528332955393125303e-07,6.375526595547853503e-07,1.277649030089378357e-02,4.574074875563383102e-03,1.121473312377929688e+01,1.731302070617675781e+01,1.860389709472656250e+01,8.824142413800515109e-17,5.734635399060267549e-17,3.071853029723570216e-07,1.881638240774918813e-07,7.463340807589702308e-07,4.101804620404436719e-07,1.244627777487039566e-02,3.869721665978431702e-03,1.121491050720214844e+01,1.731341934204101562e+01,1.860435485839843750e+01,3.231506082350481286e-38,2.252057030063242931e-38,2.381673821224767700e-28,1.471955395315488255e-28,1.452754687475349017e-26,8.937834115496907010e-27,1.277651172131299973e-02,4.574085585772991180e-03,1.121474075317382812e+01,1.731303215026855469e+01,1.860391426086425781e+01
2.724541015625000000e+02,1.086244530590668449e-39,3.225264823314736521e-16,6.761741815353161655e-07,1.919834460295533063e-07,7.242429660436755512e-07,5.414223664956807625e-07,1.126997731626033783e-02,4.034736659377813339e-03,1.121471405029296875e+01,1.731390953063964844e+01,1.860507392883300781e+01,6.943697507160446320e-17,4.512593834532396711e-17,2.608567797324212734e-07,1.597851309043107904e-07,6.338005960060399957e-07,3.483297064121870790e-07,1.093010138720273972e-02,3.231192938983440399e-03,1.121490764617919922e+01,1.731435394287109375e+01,1.860557937622070312e+01,3.231506082350481286e-38,2.252057030063242931e-38,9.151085621558224585e-29,5.655681661715803459e-29,5.684376838255082336e-27,3.497506112376719794e-27,1.126999314874410629e-02,4.034732468426227570e-03,1.121471977233886719e+01,1.731392288208007812e+01,1.860509109497070312e+01
2.729549255371093750e+02,8.867108396585290965e-40,2.538103786200969015e-16,5.742262487729021814e-07,1.630377823857998010e-07,6.150476110633462667e-07,4.597911527071119053e-07,9.941166266798973083e-03,3.559016855433583260e-03,1.121469688415527344e+01,1.731469345092773438e+01,1.860611152648925781e+01,5.464549348533128271e-17,3.551302098393901638e-17,2.215385563886229647e-07,1.357010148694826057e-07,5.382603376347105950e-07,2.958183245027612429e-07,9.602396748960018158e-03,2.685590647161006927e-03,1.121490192413330078e+01,1.731516456604003906e+01,1.860664939880371094e+01,3.231506082350481286e-38,2.252057030063242931e-38,3.516318656258805076e-29,2.173204302918866411e-29,2.223602446963704781e-27,1.368255165981540136e-27,9.941143915057182312e-03,3.558961907401680946e-03,1.121470165252685547e+01,1.731470680236816406e+01,1.860612869262695312e+01
2.734557495117187500e+02,7.238323139561983091e-40,1.997345908924104906e-16,4.876491743743827101e-07,1.384562864359395462e-07,5.223157586442539468e-07,3.904676191268663388e-07,8.769024163484573364e-03,3.139383625239133835e-03,1.121468257904052734e+01,1.731538391113281250e+01,1.860702705383300781e+01,4.300296606831682073e-17,2.794676683369197012e-17,1.881374771528498968e-07,1.152413702243393345e-07,4.571116960505605675e-07,2.512184948955109576e-07,8.428037166595458984e-03,2.235375111922621727e-03,1.121489620208740234e+01,1.731586074829101562e+01,1.860758209228515625e+01,3.231506082350481286e-38,2.252057030063242931e-38,1.351150897886002027e-29,8.350571937394008572e-30,8.695513995080093872e-28,5.351042276084383839e-28,8.768955245614051819e-03,3.139254637062549591e-03,1.121469116210937500e+01,1.731539535522460938e+01,1.860704231262207031e+01
2.739566040039062500e+02,5.908631026764164172e-40,1.571776571539945135e-16,4.141212741615163395e-07,1.175798018948626122e-07,4.435607934283325449e-07,3.315927870062296279e-07,7.735020481050014496e-03,2.769204555079340935e-03,1.121466922760009766e+01,1.731599235534667969e+01,1.860783576965332031e+01,3.383891330325009515e-17,2.199134766471843889e-17,1.597629051275362144e-07,9.786064225636437186e-08,3.881845600517408457e-07,2.133368468548724195e-07,7.370279636234045029e-03,1.876617432571947575e-03,1.121488761901855469e+01,1.731647491455078125e+01,1.860839462280273438e+01,3.231506082350481286e-38,2.252057030063242931e-38,5.191515693231466230e-30,3.208533083507296620e-30,3.399202073931577357e-28,2.091954253760651423e-28,7.734871003776788712e-03,2.768951002508401871e-03,1.121467590332031250e+01,1.731600761413574219e+01,1.860785102844238281e+01
2.744574279785156250e+02,4.823269314206020358e-40,1.236899978260589360e-16,3.516834112815558910e-07,9.985207327645184705e-08,3.766843121866259025e-07,2.815978916714811930e-07,6.822987459599971771e-03,2.442691475152969360e-03,1.121465778350830078e+01,1.731653213500976562e+01,1.860854721069335938e+01,2.663053388194044099e-17,1.730665493327744451e-17,1.356820291675830958e-07,8.311019428219879046e-08,3.296667898666783003e-07,1.811753946867611376e-07,6.398802623152732849e-03,1.598924282006919384e-03,1.121487712860107422e+01,1.731702232360839844e+01,1.860910224914550781e+01,3.231506082350481286e-38,2.252057030063242931e-38,1.994847767582725583e-30,1.232883771780844834e-30,1.328484688555819411e-28,8.176409791596517023e-29,6.822715047746896744e-03,2.442239783704280853e-03,1.121466732025146484e+01,1.731654357910156250e+01,1.860855865478515625e+01
2.749582519531250000e+02,3.937284347152011517e-40,9.733708230130354213e-17,2.986594154208432883e-07,8.479717195086777792e-08,3.198908586909965379e-07,2.391408315816079266e-07,6.018487270921468735e-03,2.154674846678972244e-03,1.121464824676513672e+01,1.731700706481933594e+01,1.860917472839355469e+01,2.095673662431671357e-17,1.361936500392431517e-17,1.152252480096649379e-07,7.057960971224019886e-08,2.799645528739347355e-07,1.538597018679865869e-07,5.495257675647735596e-03,1.387461437843739986e-03,1.121486854553222656e+01,1.731750297546386719e+01,1.860975074768066406e+01,3.231506082350481286e-38,2.252057030063242931e-38,7.665233622305281390e-31,4.737374829576591411e-31,5.190549117140626886e-29,3.194841828088580047e-29,6.017990410327911377e-03,2.153877401724457741e-03,1.121465492248535156e+01,1.731702423095703125e+01,1.860918426513671875e+01
2.754591064453125000e+02,3.214004144790757186e-40,7.659767911112901105e-17,2.536273768782848492e-07,7.201141727364301914e-08,2.716575409067445435e-07,2.030830330568278441e-07,5.308800376951694489e-03,1.900602132081985474e-03,1.121463871002197266e+01,1.731742477416992188e+01,1.860972976684570312e+01,1.649078849714291715e-17,1.071708932821871036e-17,9.784704957382928114e-08,5.993470608700590674e-08,2.377483383497747127e-07,1.306587478211440612e-07,4.654074087738990784e-03,1.225780462846159935e-03,1.121486282348632812e+01,1.731793785095214844e+01,1.861031913757324219e+01,3.231506082350481286e-38,2.252057030063242931e-38,2.945206973456995463e-31,1.820237955920621681e-31,2.027339334219115041e-29,1.247933541318829322e-29,5.307959392666816711e-03,1.899268245324492455e-03,1.121464252471923828e+01,1.731743812561035156e+01,1.860974693298339844e+01
2.759599304199218750e+02,2.623609075801425257e-40,6.027805413505801660e-17,2.153874589794213534e-07,6.115410400298060267e-08,2.306991717659911956e-07,1.724637854749744292e-07,4.682830069214105606e-03,1.676500309258699417e-03,1.121463108062744141e+01,1.731779479980468750e+01,1.861021804809570312e+01,1.297790629122414348e-17,8.434083245281542271e-18,8.309859822475118563e-08,5.090077692671002296e-08,2.019079090587183600e-07,1.109612526306591462e-07,3.880481468513607979e-03,1.097923610359430313e-03,1.121486568450927734e+01,1.731832885742187500e+01,1.861083030700683594e+01,3.231506082350481286e-38,2.252057030063242931e-38,1.131700603485792693e-31,6.994293655401132211e-32,7.916796842505548114e-30,4.873518328339675172e-30,4.681467078626155853e-03,1.674355589784681797e-03,1.121463680267333984e+01,1.731780815124511719e+01,1.861023521423339844e+01
2.764607543945312500e+02,2.141674507950834170e-40,4.743541999812711995e-17,1.829130411579171778e-07,5.193376750867173541e-08,1.959161437525835936e-07,1.464610477341921069e-07,4.130666144192218781e-03,1.478821272030472755e-03,1.121462440490722656e+01,1.731811904907226562e+01,1.861064910888671875e+01,1.021288055865639979e-17,6.637148342615234518e-18,7.056978290620463667e-08,4.322640734244487248e-08,1.714668513841388631e-07,9.423160207688852097e-08,3.187085501849651337e-03,9.898750577121973038e-04,1.121486949920654297e+01,1.731866836547851562e+01,1.861128807067871094e+01,3.231506082350481286e-38,2.252057030063242931e-38,4.348579426520226866e-32,2.687569468483459126e-32,3.090731998594443834e-30,1.902749195789020343e-30,4.128550179302692413e-03,1.475499011576175690e-03,1.121462821960449219e+01,1.731813240051269531e+01,1.861067008972167969e+01
2.769616088867187500e+02,1.748259964091641778e-40,3.732849383131325003e-17,1.553333817128077499e-07,4.410319220937708451e-08,1.663758979475460364e-07,1.243776353021530667e-07,3.643580013886094093e-03,1.304440433159470558e-03,1.121461868286132812e+01,1.731840705871582031e+01,1.861103057861328125e+01,8.036479858703840799e-18,5.222774547087351429e-18,5.992646379127108958e-08,3.670694326274315245e-08,1.456108407182910014e-07,8.002206186574767344e-08,2.587884198874235153e-03,8.915342041291296482e-04,1.121486854553222656e+01,1.731897354125976562e+01,1.861167907714843750e+01,3.231506082350481286e-38,2.252057030063242931e-38,1.670853988540935134e-32,1.032644016143341399e-32,1.206258730695171956e-30,7.426547613579854596e-31,3.640395123511552811e-03,1.299454015679657459e-03,1.121462535858154297e+01,1.731842231750488281e+01,1.861104774475097656e+01
2.774624328613281250e+02,1.427110382037680201e-40,2.937545995280375867e-17,1.319135378707869677e-07,3.745368459817655094e-08,1.412911529996563331e-07,1.056250269471092906e-07,3.213953459635376930e-03,1.150630530901253223e-03,1.121461296081542969e+01,1.731865882873535156e+01,1.861136627197265625e+01,6.324548103735013553e-18,4.110197598049440486e-18,5.089375321176703437e-08,3.117412106234951352e-08,1.236598734521976439e-07,6.795828966232875246e-08,2.090777270495891571e-03,7.980292430147528648e-04,1.121486473083496094e+01,1.731923294067382812e+01,1.861201858520507812e+01,3.231506082350481286e-38,2.252057030063242931e-38,6.420309902533385064e-33,3.967964200489158307e-33,4.706954916568271926e-31,2.898091043986206699e-31,3.209340386092662811e-03,1.143404049798846245e-03,1.121461963653564453e+01,1.731867790222167969e+01,1.861138343811035156e+01
2.779632873535156250e+02,1.164955465331793424e-40,2.311652174730491989e-17,1.120236063911761448e-07,3.180641883204771148e-08,1.199872627921649837e-07,8.969887943521825946e-08,2.834962215274572372e-03,1.014948240481317043e-03,1.121460819244384766e+01,1.731888198852539062e+01,1.861166191101074219e+01,4.976772687275306104e-18,3.234322103606334902e-18,4.321796964745772129e-08,2.647240471276290918e-08,1.050127238499953819e-07,5.771060784809378674e-08,1.692340243607759476e-03,7.087944541126489639e-04,1.121485424041748047e+01,1.731943893432617188e+01,1.861230659484863281e+01,3.231506082350481286e-38,2.252057030063242931e-38,2.466897954765422044e-33,1.524621499475284061e-33,1.836172252043758117e-31,1.130602926860994841e-31,2.828491386026144028e-03,1.004791585728526115e-03,1.121461486816406250e+01,1.731889915466308594e+01,1.861168479919433594e+01
2.784641113281250000e+02,9.509631768447506088e-41,1.819141889699273866e-17,9.513361476365389535e-08,2.701090906498393451e-08,1.018965818389006017e-07,7.617482822297461098e-08,2.500678878277540207e-03,8.952717180363833904e-04,1.121460437774658203e+01,1.731908035278320312e+01,1.861192321777343750e+01,3.916620791099780950e-18,2.545333799704019381e-18,3.670372450415015919e-08,2.248223296419382677e-08,8.918183169726034976e-08,4.901039218907499162e-08,1.379930763505399227e-03,6.255144253373146057e-04,1.121484565734863281e+01,1.731962013244628906e+01,1.861253166198730469e+01,3.231506082350481286e-38,2.252057030063242931e-38,9.479371034378204027e-34,5.858520581124274473e-34,7.161657014588157040e-32,4.409955219186123258e-32,2.491880208253860474e-03,8.814087486825883389e-04,1.121461391448974609e+01,1.731910133361816406e+01,1.861194610595703125e+01
2.789649353027343750e+02,7.762913232666621610e-41,1.431563270401225047e-17,8.079015856310434174e-08,2.293842804590440210e-08,8.653345417997115874e-08,6.468982149954172201e-08,2.205811208114027977e-03,7.897063042037189007e-04,1.121460056304931641e+01,1.731925392150878906e+01,1.861215400695800781e+01,3.082163057107818014e-18,2.003036671656092096e-18,3.116986846407598932e-08,1.909255509247032023e-08,7.573590465881352429e-08,4.162104261240529013e-08,1.136703300289809704e-03,5.497008678503334522e-04,1.121482658386230469e+01,1.731976127624511719e+01,1.861273002624511719e+01,3.231506082350481286e-38,2.252057030063242931e-38,3.642740362118148338e-34,2.251284051409545932e-34,2.792662483803611802e-32,1.719738096614230782e-32,2.194198314100503922e-03,7.712966762483119965e-04,1.121461009979248047e+01,1.731928062438964844e+01,1.861217880249023438e+01
2.794657897949218750e+02,6.336811785523255276e-41,1.126543893680868815e-17,6.860859969037846895e-08,1.947976713267962623e-08,7.348592134803766385e-08,5.493587096339069831e-08,1.945696654729545116e-03,6.965826614759862423e-04,1.121459674835205078e+01,1.731940650939941406e+01,1.861235618591308594e+01,2.425345875179221122e-18,1.576191933436758251e-18,2.646881114287680248e-08,1.621299006160370482e-08,6.431525889638578519e-08,3.534481862743632519e-08,9.465857874602079391e-04,4.820401081815361977e-04,1.121480751037597656e+01,1.731987380981445312e+01,1.861289405822753906e+01,3.231506082350481286e-38,2.252057030063242931e-38,1.399924461809330776e-34,8.651477135961908587e-35,1.088695774489172872e-32,6.704598068491970450e-33,1.930799568071961403e-03,6.727479049004614353e-04,1.121461200714111328e+01,1.731943893432617188e+01,1.861238288879394531e+01
2.799666137695312500e+02,5.172753151208629736e-41,8.865270164728896666e-18,5.826435511835370562e-08,1.654276537976784311e-08,6.240631478249270003e-08,4.665308850348992564e-08,1.716267550364136696e-03,6.144447252154350281e-04,1.121459388732910156e+01,1.731954383850097656e+01,1.861253547668457031e+01,1.908697756770184981e-18,1.240424536948034932e-18,2.247914920872062794e-08,1.376920355511401795e-08,5.461950181029351370e-08,3.001635917598832748e-08,7.964811520650982857e-04,4.224644217174500227e-04,1.121478366851806641e+01,1.731997299194335938e+01,1.861302375793457031e+01,3.231506082350481286e-38,2.252057030063242931e-38,5.382004329070949280e-35,3.325729796907717254e-35,4.243569136615013308e-33,2.613478610564107292e-33,1.697653322480618954e-03,5.842720856890082359e-04,1.121460723876953125e+01,1.731958007812500000e+01,1.861256980895996094e+01
2.804674377441406250e+02,4.222672792396403762e-41,6.976470237593674766e-18,4.947972698232661060e-08,1.404858185338753174e-08,5.299719063600605296e-08,3.961911332339695946e-08,1.513891038484871387e-03,5.419917870312929153e-04,1.121459102630615234e+01,1.731966209411621094e+01,1.861269378662109375e+01,1.502038293448676393e-18,9.761447773331350624e-19,1.908993496613220486e-08,1.169319929772427713e-08,4.638446426952214097e-08,2.549074018531882757e-08,6.762484554201364517e-04,3.703103866428136826e-04,1.121476554870605469e+01,1.732005119323730469e+01,1.861314392089843750e+01,3.231506082350481286e-38,2.252057030063242931e-38,2.070816682979849934e-35,1.279303473763727811e-35,1.653761859869597515e-33,1.018546018520342000e-33,1.491243718191981316e-03,5.046105943620204926e-04,1.121460914611816406e+01,1.731970214843750000e+01,1.861273384094238281e+01
2.809682922363281250e+02,3.446913962546185031e-41,5.490010133223632974e-18,4.201915260182431666e-08,1.193033050128633477e-08,4.500625294667770504e-08,3.364532474847692356e-08,1.335366978310048580e-03,4.780782910529524088e-04,1.121458911895751953e+01,1.731976890563964844e+01,1.861283302307128906e+01,1.181949278290283161e-18,7.681292225986327204e-19,1.621076961555445450e-08,9.929609134928796266e-09,3.938983184070821153e-08,2.164686563332907099e-08,5.785253015346825123e-04,3.247766289860010147e-04,1.121474266052246094e+01,1.732011795043945312e+01,1.861323928833007812e+01,3.231506082350481286e-38,2.252057030063242931e-38,7.984416951758729457e-36,4.929324424873615221e-36,6.443414427669789440e-34,3.968633773091646221e-34,1.308518811129033566e-03,4.326828930061310530e-04,1.121460437774658203e+01,1.731981277465820312e+01,1.861288261413574219e+01
2.814691162109375000e+02,2.813807316364232678e-41,4.320328357007817489e-18,3.568383988294954179e-08,1.013157024942756834e-08,3.822056626745506946e-08,2.857255054777851910e-08,1.177903614006936550e-03,4.217046662233769894e-04,1.121458721160888672e+01,1.731986045837402344e+01,1.861295700073242188e+01,9.301695618995549386e-19,6.044987319676538758e-19,1.376730551783111878e-08,8.432914810896363633e-09,3.345164500956343545e-08,1.838344942939329485e-08,4.980770172551274300e-04,2.850880555342882872e-04,1.121472454071044922e+01,1.732017135620117188e+01,1.861332511901855469e+01,3.231506082350481286e-38,2.252057030063242931e-38,3.095758432527574720e-36,1.907967452262694935e-36,2.510327420076016878e-34,1.546203369126514904e-34,1.146936905570328236e-03,3.676396154332906008e-04,1.121460914611816406e+01,1.731990432739257812e+01,1.861301422119140625e+01
2.819699401855468750e+02,2.296868312874807661e-41,3.399854799453456003e-18,3.030371331647074840e-08,8.604012613488976058e-09,3.245797230988500814e-08,2.426460810056596529e-08,1.039007445797324181e-03,3.719782398547977209e-04,1.121458530426025391e+01,1.731994247436523438e+01,1.861306381225585938e+01,7.319910458046863400e-19,4.757064004004177594e-19,1.169158547753568200e-08,7.161469639527240361e-09,2.840807766801844991e-08,1.561173945674454444e-08,4.309693467803299427e-04,2.504332514945417643e-04,1.121471118927001953e+01,1.732022666931152344e+01,1.861338424682617188e+01,3.231506082350481286e-38,2.252057030063242931e-38,1.217283985729259349e-36,7.470065171229181207e-37,9.780000500358638527e-35,6.023816209014004435e-35,1.004297402687370777e-03,3.088520315941423178e-04,1.121461009979248047e+01,1.731999969482421875e+01,1.861311912536621094e+01
2.824707946777343750e+02,1.874937345266605241e-41,2.675454273142285952e-18,2.573450075260552694e-08,7.306693916575568437e-09,2.756394046343757509e-08,2.060597559250254562e-08,9.164821240119636059e-04,3.281127428635954857e-04,1.121458435058593750e+01,1.732001495361328125e+01,1.861316108703613281e+01,5.760013775882246656e-19,3.743337102720308272e-19,9.928246669232976274e-09,6.081362080578855966e-09,2.412421906683448469e-08,1.325756393555366230e-08,3.743927518371492624e-04,2.201365423388779163e-04,1.121469497680664062e+01,1.732027053833007812e+01,1.861344337463378906e+01,3.231506082350481286e-38,2.252057030063242931e-38,4.954510220011842594e-37,3.008891828620202164e-37,3.810969617535460230e-35,2.347083110184530946e-35,8.787433616816997528e-04,2.559618151281028986e-04,1.121460819244384766e+01,1.732007408142089844e+01,1.861322402954101562e+01
2.829716186523437500e+02,1.530498182735565205e-41,2.105432118913112562e-18,2.185445246993822366e-08,6.205048030949456006e-09,2.340806481981871912e-08,1.749916656024197437e-08,8.084113942459225655e-04,2.894221397582441568e-04,1.121458244323730469e+01,1.732007789611816406e+01,1.861324501037597656e+01,4.533008693409236062e-19,2.945912244752344385e-19,8.431747744452877669e-09,5.164714433902872770e-09,2.048737535176314850e-08,1.125888893227511289e-08,3.263226826675236225e-04,1.936462358571588993e-04,1.121468067169189453e+01,1.732030105590820312e+01,1.861350440979003906e+01,3.231506082350481286e-38,2.252057030063242931e-38,2.181118369228526267e-37,1.294841483678429280e-37,1.486522809210172143e-35,9.152335591612796424e-36,7.685989257879555225e-04,2.089441986754536629e-04,1.121461200714111328e+01,1.732013893127441406e+01,1.861330986022949219e+01
2.834724426269531250e+02,1.249397710792006900e-41,1.656856518821398127e-18,1.855940823247692606e-08,5.269499059323834445e-09,1.987877773501622869e-08,1.486077838563915066e-08,7.130838930606842041e-04,2.552937366999685764e-04,1.121458148956298828e+01,1.732013511657714844e+01,1.861331939697265625e+01,3.567223370971350264e-19,2.318267241486655120e-19,7.160474879697176220e-09,4.386019547553132725e-09,1.739844890380481957e-08,9.561362368515347043e-09,2.851338067557662725e-04,1.704256865195930004e-04,1.121466922760009766e+01,1.732033157348632812e+01,1.861354827880859375e+01,3.231506082350481286e-38,2.252057030063242931e-38,1.109382322418091244e-37,6.837678456146260372e-38,5.816928844536874966e-36,3.577447089313258373e-36,6.720579112879931927e-04,1.680980494711548090e-04,1.121460914611816406e+01,1.732019615173339844e+01,1.861339378356933594e+01
2.839732971191406250e+02,1.019865022335601864e-41,1.303833514369359236e-18,1.576100672195934749e-08,4.474959958145063865e-09,1.688144024569737667e-08,1.262005877578076252e-08,6.289922166615724564e-04,2.251879050163552165e-04,1.121458053588867188e+01,1.732018470764160156e+01,1.861338424682617188e+01,2.807036374722933723e-19,1.824246416089459771e-19,6.080521863793819648e-09,3.724510255764812428e-09,1.477480804368269673e-08,8.119553029928283649e-09,2.496293745934963226e-04,1.500469370512291789e-04,1.121466255187988281e+01,1.732036018371582031e+01,1.861358261108398438e+01,3.231506082350481286e-38,2.252057030063242931e-38,8.611779484958823236e-38,5.427827587033976078e-38,2.300844727080277479e-36,1.410284980166144408e-36,5.870288587175309658e-04,1.338904985459521413e-04,1.121460723876953125e+01,1.732024955749511719e+01,1.861346244812011719e+01
2.844741210937500000e+02,8.325114176553738218e-42,1.026043310412054196e-18,1.338468180733798363e-08,3.800259662511962233e-09,1.433618557200588839e-08,1.071730260093772813e-08,5.548212793655693531e-04,1.986337738344445825e-04,1.121457958221435547e+01,1.732022666931152344e+01,1.861344146728515625e+01,2.209078625147831199e-19,1.435636188830223101e-19,5.163995453472125519e-09,3.163111550463781896e-09,1.254742709733136508e-08,6.895469084611249855e-09,2.189137594541534781e-04,1.321664458373561502e-04,1.121464920043945312e+01,1.732038116455078125e+01,1.861362457275390625e+01,3.231506082350481286e-38,2.252057030063242931e-38,8.611779484958823236e-38,5.427827587033976078e-38,9.475093236522090873e-37,5.740214905842453146e-37,5.112366052344441414e-04,1.065002725226804614e-04,1.121460914611816406e+01,1.732029724121093750e+01,1.861351966857910156e+01
2.849749450683593750e+02,6.796297551975362794e-42,8.074379826804948560e-19,1.136664096179629269e-08,3.227285327866979969e-09,1.217468437175739382e-08,9.101428943836253893e-09,4.893963923677802086e-04,1.752108073560521007e-04,1.121457862854003906e+01,1.732026672363281250e+01,1.861349296569824219e+01,1.738419965188547579e-19,1.129764443847661601e-19,4.385407592621959338e-09,2.686201927559750402e-09,1.065562305058165293e-08,5.855822493572304666e-09,1.922065275721251965e-04,1.164447749033570290e-04,1.121463966369628906e+01,1.732040023803710938e+01,1.861365318298339844e+01,3.231506082350481286e-38,2.252057030063242931e-38,8.611779484958823236e-38,5.427827587033976078e-38,4.275125299681993146e-37,2.526465348956694493e-37,4.427193489391356707e-04,8.541741408407688141e-05,1.121460628509521484e+01,1.732033348083496094e+01,1.861357498168945312e+01
2.854757995605468750e+02,5.547740620261950784e-42,6.353985290386667856e-19,9.652768362400365731e-09,2.740672133683119682e-09,1.033897412128226279e-08,7.729107132092849497e-09,4.316828853916376829e-04,1.545486447867006063e-04,1.121457767486572266e+01,1.732029914855957031e+01,1.861353874206542969e+01,1.367956529605075799e-19,8.890122340943957822e-20,3.723993557969151880e-09,2.281062450038007228e-09,9.048777727116430469e-09,4.972790179635921959e-09,1.689123018877580762e-04,1.026112295221537352e-04,1.121462917327880859e+01,1.732042503356933594e+01,1.861367797851562500e+01,3.231506082350481286e-38,2.252057030063242931e-38,8.611779484958823236e-38,5.427827587033976078e-38,2.278240235817213565e-37,1.282353896491506532e-37,3.800645063165575266e-04,6.952746480237692595e-05,1.121460723876953125e+01,1.732037162780761719e+01,1.861361694335937500e+01
2.859766235351562500e+02,4.528996636697808773e-42,5.000224601809679837e-19,8.197395651166061725e-09,2.327454007300389094e-09,8.780140170472350292e-09,6.563769971990041086e-09,3.807782195508480072e-04,1.363241026410833001e-04,1.121457767486572266e+01,1.732033157348632812e+01,1.861357879638671875e+01,1.076552561276978888e-19,6.996301375791750759e-20,3.162669681699981084e-09,1.937235927229608023e-09,7.684625380477427825e-09,4.223104088652007704e-09,1.485708926338702440e-04,9.044777834787964821e-05,1.121462440490722656e+01,1.732043838500976562e+01,1.861370086669921875e+01,3.231506082350481286e-38,2.252057030063242931e-38,8.611779484958823236e-38,5.427827587033976078e-38,1.613668721813434624e-37,8.080486701039626253e-38,3.223389212507754564e-04,5.754839003202505410e-05,1.121460819244384766e+01,1.732040214538574219e+01,1.861365699768066406e+01
2.864774475097656250e+02,3.696625348888867433e-42,3.934891970060158502e-19,6.961453191678401708e-09,1.976537600256733640e-09,7.456335993083484937e-09,5.574133155050731148e-09,3.358761896379292011e-04,1.202485655085183680e-04,1.121457672119140625e+01,1.732035636901855469e+01,1.861361312866210938e+01,8.471855233032251593e-20,5.505690246463370593e-20,2.685825783999007399e-09,1.645153901996820878e-09,6.525993967443355359e-09,3.586375640907135676e-09,1.307515194639563560e-04,7.973410538397729397e-05,1.121462154388427734e+01,1.732045173645019531e+01,1.861372184753417969e+01,3.231506082350481286e-38,2.252057030063242931e-38,8.611779484958823236e-38,5.427827587033976078e-38,1.451636019864170296e-37,8.080486701039626253e-38,2.688275417312979698e-04,4.835850995732471347e-05,1.121460819244384766e+01,1.732042694091796875e+01,1.861369514465332031e+01
2.869783020019531250e+02,3.016995593691331154e-42,3.096489618522083315e-19,5.911797273938645958e-09,1.678512995262337881e-09,6.332060653591042865e-09,4.733658798272699642e-09,2.962666621897369623e-04,1.060678332578390837e-04,1.121457576751708984e+01,1.732038116455078125e+01,1.861364555358886719e+01,6.666468922649912987e-20,4.332427928493239830e-20,2.280744926252964433e-09,1.397027604710388005e-09,5.541887837523518101e-09,3.045565577508568822e-09,1.151171745732426643e-04,7.029371045064181089e-05,1.121461296081542969e+01,1.732046508789062500e+01,1.861374092102050781e+01,3.231506082350481286e-38,2.252057030063242931e-38,8.611779484958823236e-38,5.427827587033976078e-38,1.451636019864170296e-37,8.080486701039626253e-38,2.189534279750660062e-04,4.108323628315702081e-05,1.121460819244384766e+01,1.732045555114746094e+01,1.861372375488281250e+01
2.874791259765625000e+02,2.463482700283028411e-42,2.436760088753052066e-19,5.020459159510437530e-09,1.425438989066662998e-09,5.377359002523007803e-09,4.019951926892417760e-09,2.613301912788301706e-04,9.356009104521945119e-05,1.121457576751708984e+01,1.732040023803710938e+01,1.861367225646972656e+01,5.246366862606008967e-20,3.409509237972868665e-20,1.936963700543969935e-09,1.186452047718944414e-09,4.706416145694447550e-09,2.586422187533798933e-09,1.014010194921866059e-04,6.198365736054256558e-05,1.121460819244384766e+01,1.732047462463378906e+01,1.861375999450683594e+01,3.231506082350481286e-38,2.252057030063242931e-38,8.611779484958823236e-38,5.427827587033976078e-38,1.451636019864170296e-37,8.080486701039626253e-38,1.723284367471933365e-04,3.504100823192857206e-05,1.121461200714111328e+01,1.732047462463378906e+01,1.861375427246093750e+01
2.879799804687500000e+02,2.010863296306112497e-42,1.917562211955215360e-19,4.263468245113699595e-09,1.210509470439546931e-09,4.566553357676639280e-09,3.413818561170955945e-09,2.305116504430770874e-04,8.252662519225850701e-05,1.121457576751708984e+01,1.732041931152343750e+01,1.861369514465332031e+01,4.128344053683081527e-20,2.682942222239845666e-20,1.644826941316068769e-09,1.007507965944398620e-09,3.996697639507829081e-09,2.196400172849166665e-09,8.933576464187353849e-05,5.465417052619159222e-05,1.121460437774658203e+01,1.732048416137695312e+01,1.861377334594726562e+01,3.231506082350481286e-38,2.252057030063242931e-38,8.611779484958823236e-38,5.427827587033976078e-38,1.451636019864170296e-37,8.080486701039626253e-38,1.288943021791055799e-04,2.963857150461990386e-05,1.121460914611816406e+01,1.732049179077148438e+01,1.861378860473632812e+01
2.884808044433593750e+02,1.640920501724360790e-42,1.509011115819768709e-19,3.620652666569412759e-09,1.027997464930763272e-09,3.878041443527990850e-09,2.899107398590672346e-09,2.033290220424532890e-04,7.279485726030543447e-05,1.121457481384277344e+01,1.732043457031250000e+01,1.861371803283691406e+01,3.248915999454819684e-20,2.111405655405452536e-20,1.396898818839531486e-09,8.556450548091731889e-10,3.394171610437979325e-09,1.865275045531689102e-09,7.873283902881667018e-05,4.819953755941241980e-05,1.121459960937500000e+01,1.732049179077148438e+01,1.861378479003906250e+01,3.231506082350481286e-38,2.252057030063242931e-38,8.611779484958823236e-38,5.427827587033976078e-38,1.451636019864170296e-37,8.080486701039626253e-38,8.927873568609356880e-05,2.429230335110332817e-05,1.121461009979248047e+01,1.732051849365234375e+01,1.861380767822265625e+01
2.889816284179687500e+02,1.339641331894525120e-42,1.187507854458457080e-19,3.074760890342531638e-09,8.730045575333633678e-10,3.293342487609152158e-09,2.462003934056156140e-09,1.793519622879102826e-04,6.421073339879512787e-05,1.121457481384277344e+01,1.732044982910156250e+01,1.861373519897460938e+01,2.556709937120278743e-20,1.661554788378425684e-20,1.186284293019923552e-09,7.266369728142763051e-10,2.882422966976605494e-09,1.584042230717841448e-09,6.939755257917568088e-05,4.250705387676134706e-05,1.121459674835205078e+01,1.732050132751464844e+01,1.861379623413085938e+01,3.231506082350481286e-38,2.252057030063242931e-38,8.611779484958823236e-38,5.427827587033976078e-38,1.451636019864170296e-37,8.080486701039626253e-38,5.527407120098359883e-05,1.849063482950441539e-05,1.121461200714111328e+01,1.732053375244140625e+01,1.861383247375488281e+01
2.894824829101562500e+02,1.094414100637682132e-42,9.344893317028541296e-20,2.611148408604435645e-09,7.413729630201260079e-10,2.796772147206638692e-09,2.090783102204341048e-09,1.582011173013597727e-04,5.663842239300720394e-05,1.121457481384277344e+01,1.732046127319335938e+01,1.861375236511230469e+01,2.011868362734047132e-20,1.307479884837032104e-20,1.007367966820993388e-09,6.170444155628729277e-10,2.447761771051659707e-09,1.345176747769016856e-09,6.117451994214206934e-05,3.748614108189940453e-05,1.121459579467773438e+01,1.732050514221191406e+01,1.861380577087402344e+01,3.231506082350481286e-38,2.252057030063242931e-38,8.611779484958823236e-38,5.427827587033976078e-38,1.451636019864170296e-37,8.080486701039626253e-38,2.961244172183796763e-05,1.229831650562118739e-05,1.121461391448974609e+01,1.732054519653320312e+01,1.861385154724121094e+01
2.899833068847656250e+02,8.926271217749084742e-43,7.353912880348592005e-20,2.217461325670910810e-09,6.295949317447480098e-10,2.375098562268362912e-09,1.775552371796607076e-09,1.395455765305086970e-04,4.995947529096156359e-05,1.121457386016845703e+01,1.732047271728515625e+01,1.861376762390136719e+01,1.583300432815354870e-20,1.028955490231426628e-20,8.555265940124456847e-10,5.240373135428910700e-10,2.078750505063453602e-09,1.142382188845658675e-09,5.393786705099046230e-05,3.306292273919098079e-05,1.121459197998046875e+01,1.732051277160644531e+01,1.861381149291992188e+01,3.231506082350481286e-38,2.252057030063242931e-38,8.611779484958823236e-38,5.427827587033976078e-38,1.451636019864170296e-37,8.080486701039626253e-38,1.372387396259000525e-05,6.828887308074627072e-06,1.121460914611816406e+01,1.732056045532226562e+01,1.861386489868164062e+01
2.904841308593750000e+02,7.286752014489048769e-43,5.787120355308638662e-20,1.883130984481340420e-09,5.346698639385749630e-10,2.017001010656827020e-09,1.507849400894656355e-09,1.230899360962212086e-04,4.406810694490559399e-05,1.121457386016845703e+01,1.732048225402832031e+01,1.861377906799316406e+01,1.245969716667694613e-20,8.097308982579234386e-21,7.265373858089674286e-10,4.450273205502952578e-10,1.765333990100259598e-09,9.701434100506389768e-10,4.755920963361859322e-05,2.916084486059844494e-05,1.121458911895751953e+01,1.732051658630371094e+01,1.861382102966308594e+01,3.231506082350481286e-38,2.252057030063242931e-38,8.611779484958823236e-38,5.427827587033976078e-38,1.451636019864170296e-37,8.080486701039626253e-38,5.737603260058676824e-06,3.207916506653418764e-06,1.121460819244384766e+01,1.732056808471679688e+01,1.861387252807617188e+01
2.909849853515625000e+02,5.955518473380472551e-43,4.554075174153371717e-20,1.599192223089573872e-09,4.540522680063219241e-10,1.712877173432048039e-09,1.280495709465867549e-09,1.085739204427227378e-04,3.887116326950490475e-05,1.121457386016845703e+01,1.732049179077148438e+01,1.861379051208496094e+01,9.804503945931413540e-21,6.371784375399476374e-21,6.169603716799088033e-10,3.779075663512543315e-10,1.499126711657083888e-09,8.238507653857141122e-10,4.193549830233678222e-05,2.571828372310847044e-05,1.121458816528320312e+01,1.732052230834960938e+01,1.861382293701171875e+01,3.231506082350481286e-38,2.252057030063242931e-38,8.611779484958823236e-38,5.427827587033976078e-38,1.451636019864170296e-37,8.080486701039626253e-38,2.276924988109385595e-06,1.350843376712873578e-06,1.121460914611816406e+01,1.732056808471679688e+01,1.861387443542480469e+01
2.914858093261718750e+02,4.862505671207115236e-43,3.583802978503753945e-20,1.358079093627395650e-09,3.855940011732172934e-10,1.454623643759589413e-09,1.087433032509466102e-09,9.577049058862030506e-05,3.428734271437861025e-05,1.121457386016845703e+01,1.732049751281738281e+01,1.861380195617675781e+01,7.715947216243177722e-21,5.014440363027128514e-21,5.239653710908953599e-10,3.209454924046895030e-10,1.273126271073010685e-09,6.996495049982343062e-10,3.698289947351440787e-05,2.268497337354347110e-05,1.121458816528320312e+01,1.732052421569824219e+01,1.861383438110351562e+01,3.231506082350481286e-38,2.252057030063242931e-38,8.611779484958823236e-38,5.427827587033976078e-38,1.451636019864170296e-37,8.080486701039626253e-38,8.850904009705118369e-07,5.386021939557394944e-07,1.121460437774658203e+01,1.732056236267089844e+01,1.861388778686523438e+01
2.919866333007812500e+02,3.965674654039232311e-43,2.820252265219087589e-20,1.153318995861241092e-09,3.274572835110234337e-10,1.235307300895271965e-09,9.234787379241993222e-10,8.447686559520661831e-05,3.024405486939940602e-05,1.121457386016845703e+01,1.732050514221191406e+01,1.861380958557128906e+01,6.072020260641367937e-21,3.946084499229825235e-21,4.449661750172140273e-10,2.725559777871922051e-10,1.081174705319654095e-09,5.941621639138361388e-10,3.261506208218634129e-05,2.000865424633957446e-05,1.121458339691162109e+01,1.732053184509277344e+01,1.861383628845214844e+01,3.231506082350481286e-38,2.252057030063242931e-38,8.611779484958823236e-38,5.427827587033976078e-38,1.451636019864170296e-37,8.080486701039626253e-38,3.414981506466574501e-07,2.098618097079452127e-07,1.121460151672363281e+01,1.732056999206542969e+01,1.861388206481933594e+01
2.924874877929687500e+02,3.236999452590327434e-43,2.219348040140934359e-20,9.794212108005240225e-10,2.780831398485617001e-10,1.049047182455353777e-09,7.842362315102491266e-10,7.451443525496870279e-05,2.667735680006444454e-05,1.121457386016845703e+01,1.732051086425781250e+01,1.861381721496582031e+01,4.778053712047710671e-21,3.105177858387245757e-21,3.778558854694580305e-10,2.314485547660893872e-10,9.181364557520055314e-10,5.045653894697466058e-10,2.876248618122190237e-05,1.764722401276230812e-05,1.121458435058593750e+01,1.732053375244140625e+01,1.861383819580078125e+01,3.231506082350481286e-38,2.252057030063242931e-38,8.611779484958823236e-38,5.427827587033976078e-38,1.451636019864170296e-37,8.080486701039626253e-38,1.314069209001900163e-07,8.104709081635519397e-08,1.121460151672363281e+01,1.732056999206542969e+01,1.861388206481933594e+01
2.929883117675781250e+02,2.634441112930656093e-43,1.746502198319786894e-20,8.317518895850639638e-10,2.361559836572268978e-10,8.908803139640042446e-10,6.659954254750743985e-10,6.572737765964120626e-05,2.353145282540936023e-05,1.121457290649414062e+01,1.732051658630371094e+01,1.861382484436035156e+01,3.760229778727517668e-21,2.443698324634782008e-21,3.209013055283094218e-10,1.965622664634736338e-10,7.797229528705429402e-10,4.284985977154320835e-10,2.536848296585958451e-05,1.556632741994690150e-05,1.121458053588867188e+01,1.732053184509277344e+01,1.861384963989257812e+01,3.231506082350481286e-38,2.252057030063242931e-38,8.611779484958823236e-38,5.427827587033976078e-38,1.451636019864170296e-37,8.080486701039626253e-38,5.052015339401805250e-08,3.119999192335853877e-08,1.121459484100341797e+01,1.732056617736816406e+01,1.861389160156250000e+01
2.934891357421875000e+02,2.157999635060218289e-43,1.374398877171928737e-20,7.063469809054367943e-10,2.005502708346540430e-10,7.565604254189395306e-10,5.655819146355156590e-10,5.797650374006479979e-05,2.075652264466043562e-05,1.121457290649414062e+01,1.732052040100097656e+01,1.861383056640625000e+01,2.959089401546963175e-21,1.923053156414790266e-21,2.725183134710817967e-10,1.669261534553712067e-10,6.621625470160097393e-10,3.638929990668060555e-10,2.237438093288801610e-05,1.373019404127262533e-05,1.121457958221435547e+01,1.732053565979003906e+01,1.861385345458984375e+01,3.231506082350481286e-38,2.252057030063242931e-38,8.611779484958823236e-38,5.427827587033976078e-38,1.451636019864170296e-37,8.080486701039626253e-38,1.941619132139749127e-08,1.199664456663640522e-08,1.121459293365478516e+01,1.732057189941406250e+01,1.861388969421386719e+01
2.939899902343750000e+02,1.765636065049269509e-43,1.081558522634830564e-20,5.998435637089016836e-10,1.703111957018776934e-10,6.424858423059731649e-10,4.803031861122519786e-10,5.113924635224975646e-05,1.830867950047831982e-05,1.121457290649414062e+01,1.732052421569824219e+01,1.861383628845214844e+01,2.328498076259000925e-21,1.513252411709213334e-21,2.314168023875851077e-10,1.417500283817929585e-10,5.623100873819453227e-10,3.090196432076197652e-10,1.973288817680440843e-05,1.210999289469327778e-05,1.121457767486572266e+01,1.732053947448730469e+01,1.861385154724121094e+01,3.231506082350481286e-38,2.252057030063242931e-38,8.611779484958823236e-38,5.427827587033976078e-38,1.451636019864170296e-37,8.080486701039626253e-38,7.460791984215120465e-09,4.610574144692236587e-09,1.121459197998046875e+01,1.732057380676269531e+01,1.861388969421386719e+01
2.944908142089843750e+02,1.443337418254561583e-43,8.511253102438070710e-21,5.094038524333655005e-10,1.446330000209883337e-10,5.456168850059839315e-10,4.078868076629049710e-10,4.510865255724638700e-05,1.614963366591837257e-05,1.121457290649414062e+01,1.732052803039550781e+01,1.861384010314941406e+01,1.832479302720934574e-21,1.190891685554523860e-21,1.965350382437947019e-10,1.203839666841233225e-10,4.775390083366914951e-10,2.624326589373282559e-10,1.740540756145492196e-05,1.068220444722101092e-05,1.121457767486572266e+01,1.732053947448730469e+01,1.861385726928710938e+01,3.231506082350481286e-38,2.252057030063242931e-38,8.611779484958823236e-38,5.427827587033976078e-38,1.451636019864170296e-37,8.080486701039626253e-38,2.866894499575778354e-09,1.771775393066832294e-09,1.121459102630615234e+01,1.732056808471679688e+01,1.861389541625976562e+01
2.949916381835937500e+02,1.177090710032846340e-43,6.697884579923952082e-21,4.326002334131828775e-10,1.228264712160864747e-10,4.633533279285728668e-10,3.463890563271121437e-10,3.978922904934734106e-05,1.424519359716214240e-05,1.121457290649414062e+01,1.732053184509277344e+01,1.861384582519531250e+01,1.442057424712203897e-21,9.371644329960570542e-22,1.669030191830955800e-10,1.022334161770999117e-10,4.055394076107887713e-10,2.228651152513805300e-10,1.535187220724765211e-05,9.422305083717219532e-06,1.121457576751708984e+01,1.732054519653320312e+01,1.861385726928710938e+01,3.231506082350481286e-38,2.252057030063242931e-38,8.611779484958823236e-38,5.427827587033976078e-38,1.451636019864170296e-37,8.080486701039626253e-38,1.101619018228916502e-09,6.808291708182423463e-10,1.121458911895751953e+01,1.732057189941406250e+01,1.861389350891113281e+01
2.954924926757812500e+02,9.528829557408756082e-44,5.270787996942573301e-21,3.673727710928886836e-10,1.043066882866483525e-10,3.934889358792048597e-10,2.941605292683391326e-10,3.509682210278697312e-05,1.256523773918161169e-05,1.121457290649414062e+01,1.732053375244140625e+01,1.861384773254394531e+01,1.134751547264692916e-21,7.374561537948160348e-22,1.417305717232864026e-10,8.681441676650081263e-11,3.443852703011174299e-10,1.892582202067671915e-10,1.353997686237562448e-05,8.310544217238202691e-06,1.121457576751708984e+01,1.732054519653320312e+01,1.861386299133300781e+01,3.231506082350481286e-38,2.252057030063242931e-38,8.611779484958823236e-38,5.427827587033976078e-38,1.451636019864170296e-37,8.080486701039626253e-38,4.232756090072342658e-10,2.615974381559027506e-10,1.121459007263183594e+01,1.732057189941406250e+01,1.861389350891113281e+01
2.959933166503906250e+02,7.847271400218975597e-44,4.147817613980813064e-21,3.119833835718566206e-10,8.858019873159150848e-11,3.341619758678859853e-10,2.498094786584914573e-10,3.095802458119578660e-05,1.108348351408494636e-05,1.121457290649414062e+01,1.732053756713867188e+01,1.861385154724121094e+01,8.930269963948938162e-22,5.803604998629312134e-22,1.203673966054807920e-10,7.372887023127105977e-11,2.924676056892394627e-10,1.607262656300179060e-10,1.194332890008809045e-05,7.330785592785105109e-06,1.121457576751708984e+01,1.732054710388183594e+01,1.861386108398437500e+01,3.231506082350481286e-38,2.252057030063242931e-38,8.611779484958823236e-38,5.427827587033976078e-38,1.451636019864170296e-37,8.080486701039626253e-38,1.626445228497530593e-10,1.005196550996068083e-10,1.121458816528320312e+01,1.732057762145996094e+01,1.861388969421386719e+01
2.964941711425781250e+02,6.445972935894158526e-44,3.264054293237463732e-21,2.649424846179471160e-10,7.522407002857889324e-11,2.837770018970786623e-10,2.121431780244265042e-10,2.730708365561440587e-05,9.776388651516754180e-06,1.121457290649414062e+01,1.732053947448730469e+01,1.861385536193847656e+01,7.027208284677327064e-22,4.566865474569812081e-22,1.022135015515956979e-10,6.260896662224624265e-11,2.483643846140637379e-10,1.364895696465140418e-10,1.053388950822409242e-05,6.465837032010313123e-06,1.121457576751708984e+01,1.732054901123046875e+01,1.861386299133300781e+01,3.231506082350481286e-38,2.252057030063242931e-38,8.611779484958823236e-38,5.427827587033976078e-38,1.451636019864170296e-37,8.080486701039626253e-38,6.249280259940093174e-11,3.862265368637096685e-11,1.121458721160888672e+01,1.732057762145996094e+01,1.861388969421386719e+01
2.969949951171875000e+02,5.184804318001823162e-44,2.568628850421214943e-21,2.249966601919339837e-10,6.388240630927910502e-11,2.409914490186793046e-10,1.801579857518831318e-10,2.408688487776089460e-05,8.623504982097074389e-06,1.121457290649414062e+01,1.732054138183593750e+01,1.861385726928710938e+01,5.530270879639728476e-22,3.594012923734458518e-22,8.680676316652480295e-11,5.317190784892567024e-11,2.109222657642462195e-10,1.159128279470955647e-10,9.291838068747892976e-06,5.703578153770649806e-06,1.121457195281982422e+01,1.732054710388183594e+01,1.861386871337890625e+01,3.231506082350481286e-38,2.252057030063242931e-38,8.611779484958823236e-38,5.427827587033976078e-38,1.451636019864170296e-37,8.080486701039626253e-38,2.401296002318975553e-11,1.484082128022645719e-11,1.121458435058593750e+01,1.732057380676269531e+01,1.861389541625976562e+01
2.974958190917968750e+02,4.203895392974451213e-44,2.021367490015517294e-21,1.910735181187561693e-10,5.425074278697650243e-11,2.046567360025619564e-10,1.529952414758284363e-10,2.124642560374923050e-05,7.606574854435166344e-06,1.121457290649414062e+01,1.732054328918457031e+01,1.861385917663574219e+01,4.352014600085183025e-22,2.828287731141768547e-22,7.371876026285306693e-11,4.515508800206902151e-11,1.791211762247613137e-10,9.843645343288187632e-11,8.195862392312847078e-06,5.030931788496673107e-06,1.121457195281982422e+01,1.732054901123046875e+01,1.861387062072753906e+01,3.231506082350481286e-38,2.252057030063242931e-38,8.611779484958823236e-38,5.427827587033976078e-38,1.451636019864170296e-37,8.080486701039626253e-38,9.227017587487562622e-12,5.702609391644575254e-12,1.121458435058593750e+01,1.732057571411132812e+01,1.861389350891113281e+01
2.979966735839843750e+02,3.503246160812042677e-44,1.590679929971997072e-21,1.622633971631870509e-10,4.607079995277985063e-11,1.737985311223155804e-10,1.299265695031692758e-10,1.874078043329063803e-05,6.709513399982824922e-06,1.121457290649414062e+01,1.732054328918457031e+01,1.861386108398437500e+01,3.424588572922545218e-22,2.225583358294514626e-22,6.260042484385053285e-11,3.834471976049691477e-11,1.521101855583850693e-10,8.359272996028010994e-11,7.228767117339884862e-06,4.437358256836887449e-06,1.121457290649414062e+01,1.732054901123046875e+01,1.861387062072753906e+01,3.231506082350481286e-38,2.252057030063242931e-38,8.611779484958823236e-38,5.427827587033976078e-38,1.451636019864170296e-37,8.080486701039626253e-38,3.545289062323320195e-12,2.191109273186331308e-12,1.121458339691162109e+01,1.732057380676269531e+01,1.861389541625976562e+01
2.984974975585937500e+02,2.802596928649634142e-44,1.251775894488834650e-21,1.377986197370617560e-10,3.912461674082656771e-11,1.475945893281149779e-10,1.103372948563219325e-10,1.653075742069631815e-05,5.918288934481097385e-06,1.121457290649414062e+01,1.732054519653320312e+01,1.861386299133300781e+01,2.695081057339383000e-22,1.751479468869624555e-22,5.316459078530400006e-11,3.256500624715386039e-11,1.291788342960842328e-10,7.099053289660872679e-11,6.376498276949860156e-06,3.914250555681064725e-06,1.121457672119140625e+01,1.732054710388183594e+01,1.861387062072753906e+01,3.231506082350481286e-38,2.252057030063242931e-38,8.611779484958823236e-38,5.427827587033976078e-38,1.451636019864170296e-37,8.080486701039626253e-38,1.362282899333711050e-12,8.419370886234012197e-13,1.121458435058593750e+01,1.732056999206542969e+01,1.861389732360839844e+01
2.989983215332031250e+02,2.242077542919707313e-44,9.850772947807356369e-22,1.170224611657388891e-10,3.322572078579000276e-11,1.253414594337698418e-10,9.370152570520318136e-11,1.458135011489503086e-05,5.220369075686903670e-06,1.121457290649414062e+01,1.732054710388183594e+01,1.861386489868164062e+01,2.120877913453402147e-22,1.378316201392897789e-22,4.514886381423721673e-11,2.765511777913509661e-11,1.097022958584936703e-10,6.028715027195374887e-11,5.624444384011439979e-06,3.452636747169890441e-06,1.121457576751708984e+01,1.732054710388183594e+01,1.861387443542480469e+01,3.231506082350481286e-38,2.252057030063242931e-38,8.611779484958823236e-38,5.427827587033976078e-38,1.451636019864170296e-37,8.080486701039626253e-38,5.234592598789278295e-13,3.235156283490359108e-13,1.121458435058593750e+01,1.732057189941406250e+01,1.861389541625976562e+01
2.994991760253906250e+02,1.821688003622262192e-44,7.751889991004454056e-22,9.937775602431031530e-11,2.821592959278973467e-11,1.064424173802258622e-10,7.957316056073082677e-11,1.286172846448607743e-05,4.604716195899527520e-06,1.121457290649414062e+01,1.732054710388183594e+01,1.861386680603027344e+01,1.668911859166165539e-22,1.084598042830148022e-22,3.833946007891775309e-11,2.348412089792084601e-11,9.315947319121775649e-11,5.119614107651493384e-11,4.960811565979383886e-06,3.045285211555892602e-06,1.121457481384277344e+01,1.732054901123046875e+01,1.861387252807617188e+01,3.231506082350481286e-38,2.252057030063242931e-38,8.611779484958823236e-38,5.427827587033976078e-38,1.451636019864170296e-37,8.080486701039626253e-38,2.011283256912396733e-13,1.243041314411691411e-13,1.121458053588867188e+01,1.732056999206542969e+01,1.861389732360839844e+01
3.000000000000000000e+02,1.541428310757298778e-44,6.100264156864470669e-22,8.439404730609112448e-11,2.396166425000512135e-11,9.039353293660568056e-11,6.757549381175564918e-11,1.134495960286585614e-05,4.061688287038123235e-06,1.121457290649414062e+01,1.732054901123046875e+01,1.861386680603027344e+01,1.313398881127215780e-22,8.535517908524591758e-23,3.256050290501022459e-11,1.994434478680418010e-11,7.911521437975466142e-11,4.347795040660074051e-11,4.375964635983109474e-06,2.686290372366784140e-06,1.121457386016845703e+01,1.732055282592773438e+01,1.861386871337890625e+01,3.231506082350481286e-38,2.252057030063242931e-38,8.611779484958823236e-38,5.427827587033976078e-38,1.451636019864170296e-37,8.080486701039626253e-38,7.728386886615007390e-14,4.776405914666201347e-14,1.121458148956298828e+01,1.732057952880859375e+01,1.861388587951660156e+01
