time,theta_0,theta_1,theta_2,theta_3,theta_4,theta_5,theta_6,theta_7,theta_8,theta_9,theta_10,theta_11,theta_12,theta_13,theta_14,theta_15
1.003344506025314331e-01,1.000499963760375977e+00,1.000499963760375977e+00,1.000499963760375977e+00,1.000499963760375977e+00,1.000499963760375977e+00,1.000499963760375977e+00,1.000499963760375977e+00,1.000499963760375977e+00,1.000499963760375977e+00,1.000499963760375977e+00,1.000499963760375977e+00,1.000499963760375977e+00,1.000499963760375977e+00,1.000499963760375977e+00,1.000499963760375977e+00,1.000499963760375977e+00
2.006689012050628662e-01,1.000499963760375977e+00,1.000499963760375977e+00,1.000499963760375977e+00,1.000499963760375977e+00,1.000499963760375977e+00,1.000499963760375977e+00,1.000499963760375977e+00,1.000499963760375977e+00,1.000499963760375977e+00,1.000499963760375977e+00,1.000499963760375977e+00,1.000499963760375977e+00,1.000499963760375977e+00,1.000499963760375977e+00,1.000499963760375977e+00,1.000499963760375977e+00
3.010033369064331055e-01,1.000499963760375977e+00,1.000499963760375977e+00,1.000499963760375977e+00,1.000499963760375977e+00,1.000499963760375977e+00,1.000499963760375977e+00,1.000499963760375977e+00,1.000499963760375977e+00,1.000499963760375977e+00,1.000499963760375977e+00,1.000499963760375977e+00,1.000499963760375977e+00,1.000499963760375977e+00,1.000499963760375977e+00,1.000499963760375977e+00,1.000499963760375977e+00
4.013378024101257324e-01,1.000499963760375977e+00,1.000499963760375977e+00,1.000499963760375977e+00,1.000499963760375977e+00,1.000499963760375977e+00,1.000499963760375977e+00,1.000499963760375977e+00,1.000499963760375977e+00,1.000499963760375977e+00,1.000499963760375977e+00,1.000499963760375977e+00,1.000499963760375977e+00,1.000499963760375977e+00,1.000499963760375977e+00,1.000499963760375977e+00,1.000499963760375977e+00
5.016722679138183594e-01,1.000499963760375977e+00,1.000499963760375977e+00,1.000499963760375977e+00,1.000499963760375977e+00,1.000499963760375977e+00,1.000499963760375977e+00,1.000499963760375977e+00,1.000499963760375977e+00,1.000499963760375977e+00,1.000499963760375977e+00,1.000499963760375977e+00,1.000499963760375977e+00,1.000499963760375977e+00,1.000499963760375977e+00,1.000499963760375977e+00,1.000499963760375977e+00
6.020066738128662109e-01,1.000499963760375977e+00,1.000499963760375977e+00,1.000499963760375977e+00,1.000499963760375977e+00,1.000499963760375977e+00,1.000499963760375977e+00,1.000499963760375977e+00,1.000499963760375977e+00,1.000499963760375977e+00,1.000499963760375977e+00,1.000499963760375977e+00,1.000499963760375977e+00,1.000499963760375977e+00,1.000499963760375977e+00,1.000499963760375977e+00,1.000499963760375977e+00
7.023411393165588379e-01,1.000499963760375977e+00,1.000499963760375977e+00,1.000499963760375977e+00,1.000499963760375977e+00,1.000499963760375977e+00,1.000499963760375977e+00,1.000499963760375977e+00,1.000499963760375977e+00,1.000499963760375977e+00,1.000499963760375977e+00,1.000499963760375977e+00,1.000499963760375977e+00,1.000499963760375977e+00,1.000499963760375977e+00,1.000499963760375977e+00,1.000499963760375977e+00
8.026756048202514648e-01,1.000499963760375977e+00,1.000499963760375977e+00,1.000499963760375977e+00,1.000499963760375977e+00,1.000499963760375977e+00,1.000499963760375977e+00,1.000499963760375977e+00,1.000499963760375977e+00,1.000499963760375977e+00,1.000499963760375977e+00,1.000499963760375977e+00,1.000499963760375977e+00,1.000499963760375977e+00,1.000499963760375977e+00,1.000499963760375977e+00,1.000499963760375977e+00
9.030100107192993164e-01,1.000499963760375977e+00,1.000499963760375977e+00,1.000499963760375977e+00,1.000499963760375977e+00,1.000499963760375977e+00,1.000499963760375977e+00,1.000499963760375977e+00,1.000499963760375977e+00,1.000499963760375977e+00,1.000499963760375977e+00,1.000499963760375977e+00,1.000499963760375977e+00,1.000499963760375977e+00,1.000499963760375977e+00,1.000499963760375977e+00,1.000499963760375977e+00
1.003344535827636719e+00,1.000499963760375977e+00,1.000499963760375977e+00,1.000499963760375977e+00,1.000499963760375977e+00,1.000499963760375977e+00,1.000499963760375977e+00,1.000499963760375977e+00,1.000499963760375977e+00,1.000499963760375977e+00,1.000499963760375977e+00,1.000499963760375977e+00,1.000499963760375977e+00,1.000499963760375977e+00,1.000499963760375977e+00,1.000499963760375977e+00,1.000499963760375977e+00
1.103678941726684570e+00,1.000499963760375977e+00,1.000499963760375977e+00,1.000499963760375977e+00,1.000499963760375977e+00,1.000499963760375977e+00,1.000499963760375977e+00,1.000499963760375977e+00,1.000499963760375977e+00,1.000499963760375977e+00,1.000499963760375977e+00,1.000499963760375977e+00,1.000499963760375977e+00,1.000499963760375977e+00,1.000499963760375977e+00,1.000499963760375977e+00,1.000499963760375977e+00
1.204013347625732422e+00,1.000499963760375977e+00,1.000499963760375977e+00,1.000499963760375977e+00,1.000499963760375977e+00,1.000499963760375977e+00,1.000499963760375977e+00,1.000499963760375977e+00,1.000499963760375977e+00,1.000499963760375977e+00,1.000499963760375977e+00,1.000499963760375977e+00,1.000499963760375977e+00,1.000499963760375977e+00,1.000499963760375977e+00,1.000499963760375977e+00,1.000499963760375977e+00
1.304347872734069824e+00,1.000499963760375977e+00,1.000499963760375977e+00,1.000499963760375977e+00,1.000499963760375977e+00,1.000499963760375977e+00,1.000499963760375977e+00,1.000499963760375977e+00,1.000499963760375977e+00,1.000499963760375977e+00,1.000499963760375977e+00,1.000499963760375977e+00,1.000499963760375977e+00,1.000499963760375977e+00,1.000499963760375977e+00,1.000499963760375977e+00,1.000499963760375977e+00
1.404682278633117676e+00,1.000499963760375977e+00,1.000499963760375977e+00,1.000499963760375977e+00,1.000499963760375977e+00,1.000499963760375977e+00,1.000499963760375977e+00,1.000499963760375977e+00,1.000499963760375977e+00,1.000499963760375977e+00,1.000499963760375977e+00,1.000499963760375977e+00,1.000499963760375977e+00,1.000499963760375977e+00,1.000499963760375977e+00,1.000499963760375977e+00,1.000499963760375977e+00
1.505016684532165527e+00,1.000499963760375977e+00,1.000499963760375977e+00,1.000499963760375977e+00,1.000499963760375977e+00,1.000499963760375977e+00,1.000499963760375977e+00,1.000499963760375977e+00,1.000499963760375977e+00,1.000499963760375977e+00,1.000499963760375977e+00,1.000499963760375977e+00,1.000499963760375977e+00,1.000499963760375977e+00,1.000499963760375977e+00,1.000499963760375977e+00,1.000499963760375977e+00
1.605351209640502930e+00,1.000499963760375977e+00,1.000499963760375977e+00,1.000499963760375977e+00,1.000499963760375977e+00,1.000499963760375977e+00,1.000499963760375977e+00,1.000499963760375977e+00,1.000499963760375977e+00,1.000499963760375977e+00,1.000499963760375977e+00,1.000499963760375977e+00,1.000499963760375977e+00,1.000499963760375977e+00,1.000499963760375977e+00,1.000499963760375977e+00,1.000499963760375977e+00
1.705685615539550781e+00,1.000499963760375977e+00,1.000499963760375977e+00,1.000499963760375977e+00,1.000499963760375977e+00,1.000499963760375977e+00,1.000499963760375977e+00,1.000499963760375977e+00,1.000499963760375977e+00,1.000499963760375977e+00,1.000499963760375977e+00,1.000499963760375977e+00,1.000499963760375977e+00,1.000499963760375977e+00,1.000499963760375977e+00,1.000499963760375977e+00,1.000499963760375977e+00
1.806020021438598633e+00,1.000499963760375977e+00,1.000499963760375977e+00,1.000499963760375977e+00,1.000499963760375977e+00,1.000499963760375977e+00,1.000499963760375977e+00,1.000499963760375977e+00,1.000499963760375977e+00,1.000499963760375977e+00,1.000499963760375977e+00,1.000499963760375977e+00,1.000499963760375977e+00,1.000499963760375977e+00,1.000499963760375977e+00,1.000499963760375977e+00,1.000499963760375977e+00
1.906354546546936035e+00,1.000499963760375977e+00,1.000499963760375977e+00,1.000499963760375977e+00,1.000499963760375977e+00,1.000499963760375977e+00,1.000499963760375977e+00,1.000499963760375977e+00,1.000499963760375977e+00,1.000499963760375977e+00,1.000499963760375977e+00,1.000499963760375977e+00,1.000499963760375977e+00,1.000499963760375977e+00,1.000499963760375977e+00,1.000499963760375977e+00,1.000499963760375977e+00
2.006689071655273438e+00,1.000499963760375977e+00,1.000499963760375977e+00,1.000499963760375977e+00,1.000499963760375977e+00,1.000499963760375977e+00,1.000499963760375977e+00,1.000499963760375977e+00,1.000499963760375977e+00,1.000499963760375977e+00,1.000499963760375977e+00,1.000499963760375977e+00,1.000499963760375977e+00,1.000499963760375977e+00,1.000499963760375977e+00,1.000499963760375977e+00,1.000499963760375977e+00
2.107023477554321289e+00,1.000499963760375977e+00,1.000499963760375977e+00,1.000499963760375977e+00,1.000499963760375977e+00,1.000499963760375977e+00,1.000499963760375977e+00,1.000499963760375977e+00,1.000499963760375977e+00,1.000499963760375977e+00,1.000499963760375977e+00,1.000499963760375977e+00,1.000499963760375977e+00,1.000499963760375977e+00,1.000499963760375977e+00,1.000499963760375977e+00,1.000499963760375977e+00
2.207357883453369141e+00,1.000499963760375977e+00,1.000499963760375977e+00,1.000499963760375977e+00,1.000499963760375977e+00,1.000499963760375977e+00,1.000499963760375977e+00,1.000499963760375977e+00,1.000499963760375977e+00,1.000499963760375977e+00,1.000499963760375977e+00,1.000499963760375977e+00,1.000499963760375977e+00,1.000499963760375977e+00,1.000499963760375977e+00,1.000499963760375977e+00,1.000499963760375977e+00
2.307692289352416992e+00,1.000499963760375977e+00,1.000499963760375977e+00,1.000499963760375977e+00,1.000499963760375977e+00,1.000499963760375977e+00,1.000499963760375977e+00,1.000499963760375977e+00,1.000499963760375977e+00,1.000499963760375977e+00,1.000499963760375977e+00,1.000499963760375977e+00,1.000499963760375977e+00,1.000499963760375977e+00,1.000499963760375977e+00,1.000499963760375977e+00,1.000499963760375977e+00
2.408026695251464844e+00,1.000499963760375977e+00,1.000499963760375977e+00,1.000499963760375977e+00,1.000499963760375977e+00,1.000499963760375977e+00,1.000499963760375977e+00,1.000499963760375977e+00,1.000499963760375977e+00,1.000499963760375977e+00,1.000499963760375977e+00,1.000499963760375977e+00,1.000499963760375977e+00,1.000499963760375977e+00,1.000499963760375977e+00,1.000499963760375977e+00,1.000499963760375977e+00
2.508361101150512695e+00,1.000499963760375977e+00,1.000499963760375977e+00,1.000499963760375977e+00,1.000499963760375977e+00,1.000499963760375977e+00,1.000499963760375977e+00,1.000499963760375977e+00,1.000499963760375977e+00,1.000499963760375977e+00,1.000499963760375977e+00,1.000499963760375977e+00,1.000499963760375977e+00,1.000499963760375977e+00,1.000499963760375977e+00,1.000499963760375977e+00,1.000499963760375977e+00
2.608695745468139648e+00,1.000499963760375977e+00,1.000499963760375977e+00,1.000499963760375977e+00,1.000499963760375977e+00,1.000499963760375977e+00,1.000499963760375977e+00,1.000499963760375977e+00,1.000499963760375977e+00,1.000499963760375977e+00,1.000499963760375977e+00,1.000499963760375977e+00,1.000499963760375977e+00,1.000499963760375977e+00,1.000499963760375977e+00,1.000499963760375977e+00,1.000499963760375977e+00
2.709030151367187500e+00,1.000499963760375977e+00,1.000499963760375977e+00,1.000499963760375977e+00,1.000499963760375977e+00,1.000499963760375977e+00,1.000499963760375977e+00,1.000499963760375977e+00,1.000499963760375977e+00,1.000499963760375977e+00,1.000499963760375977e+00,1.000499963760375977e+00,1.000499963760375977e+00,1.000499963760375977e+00,1.000499963760375977e+00,1.000499963760375977e+00,1.000499963760375977e+00
2.809364557266235352e+00,1.000499963760375977e+00,1.000499963760375977e+00,1.000499963760375977e+00,1.000499963760375977e+00,1.000499963760375977e+00,1.000499963760375977e+00,1.000499963760375977e+00,1.000499963760375977e+00,1.000499963760375977e+00,1.000499963760375977e+00,1.000499963760375977e+00,1.000499963760375977e+00,1.000499963760375977e+00,1.000499963760375977e+00,1.000499963760375977e+00,1.000499963760375977e+00
2.909698963165283203e+00,1.000499963760375977e+00,1.000499963760375977e+00,1.000499963760375977e+00,1.000499963760375977e+00,1.000499963760375977e+00,1.000499963760375977e+00,1.000499963760375977e+00,1.000499963760375977e+00,1.000499963760375977e+00,1.000499963760375977e+00,1.000499963760375977e+00,1.000499963760375977e+00,1.000499963760375977e+00,1.000499963760375977e+00,1.000499963760375977e+00,1.000499963760375977e+00
3.010033369064331055e+00,1.000499963760375977e+00,1.000499963760375977e+00,1.000499963760375977e+00,1.000499963760375977e+00,1.000499963760375977e+00,1.000499963760375977e+00,1.000499963760375977e+00,1.000499963760375977e+00,1.000499963760375977e+00,1.000499963760375977e+00,1.000499963760375977e+00,1.000499963760375977e+00,1.000499963760375977e+00,1.000499963760375977e+00,1.000499963760375977e+00,1.000499963760375977e+00
3.110367774963378906e+00,1.000499963760375977e+00,1.000499963760375977e+00,1.000499963760375977e+00,1.000499963760375977e+00,1.000499963760375977e+00,1.000499963760375977e+00,1.000499963760375977e+00,1.000499963760375977e+00,1.000499963760375977e+00,1.000499963760375977e+00,1.000499963760375977e+00,1.000499963760375977e+00,1.000499963760375977e+00,1.000499963760375977e+00,1.000499963760375977e+00,1.000499963760375977e+00
3.210702419281005859e+00,1.000499963760375977e+00,1.000499963760375977e+00,1.000499963760375977e+00,1.000499963760375977e+00,1.000499963760375977e+00,1.000499963760375977e+00,1.000499963760375977e+00,1.000499963760375977e+00,1.000499963760375977e+00,1.000499963760375977e+00,1.000499963760375977e+00,1.000499963760375977e+00,1.000499963760375977e+00,1.000499963760375977e+00,1.000499963760375977e+00,1.000499963760375977e+00
3.311036825180053711e+00,1.000499963760375977e+00,1.000499963760375977e+00,1.000499963760375977e+00,1.000499963760375977e+00,1.000499963760375977e+00,1.000499963760375977e+00,1.000499963760375977e+00,1.000499963760375977e+00,1.000499963760375977e+00,1.000499963760375977e+00,1.000499963760375977e+00,1.000499963760375977e+00,1.000499963760375977e+00,1.000499963760375977e+00,1.000499963760375977e+00,1.000499963760375977e+00
3.411371231079101562e+00,1.000499963760375977e+00,1.000499963760375977e+00,1.000499963760375977e+00,1.000499963760375977e+00,1.000499963760375977e+00,1.000499963760375977e+00,1.000499963760375977e+00,1.000499963760375977e+00,1.000499963760375977e+00,1.000499963760375977e+00,1.000499963760375977e+00,1.000499963760375977e+00,1.000499963760375977e+00,1.000499963760375977e+00,1.000499963760375977e+00,1.000499963760375977e+00
3.511705636978149414e+00,1.000499963760375977e+00,1.000499963760375977e+00,1.000499963760375977e+00,1.000499963760375977e+00,1.000499963760375977e+00,1.000499963760375977e+00,1.000499963760375977e+00,1.000499963760375977e+00,1.000499963760375977e+00,1.000499963760375977e+00,1.000499963760375977e+00,1.000499963760375977e+00,1.000499963760375977e+00,1.000499963760375977e+00,1.000499963760375977e+00,1.000499963760375977e+00
3.612040042877197266e+00,1.000499963760375977e+00,1.000499963760375977e+00,1.000499963760375977e+00,1.000499963760375977e+00,1.000499963760375977e+00,1.000499963760375977e+00,1.000499963760375977e+00,1.000499963760375977e+00,1.000499963760375977e+00,1.000499963760375977e+00,1.000499963760375977e+00,1.000499963760375977e+00,1.000499963760375977e+00,1.000499963760375977e+00,1.000499963760375977e+00,1.000499963760375977e+00
3.712374687194824219e+00,1.000499963760375977e+00,1.000499963760375977e+00,1.000499963760375977e+00,1.000499963760375977e+00,1.000499963760375977e+00,1.000499963760375977e+00,1.000499963760375977e+00,1.000499963760375977e+00,1.000499963760375977e+00,1.000499963760375977e+00,1.000499963760375977e+00,1.000499963760375977e+00,1.000499963760375977e+00,1.000499963760375977e+00,1.000499963760375977e+00,1.000499963760375977e+00
3.812709093093872070e+00,1.000499963760375977e+00,1.000499963760375977e+00,1.000499963760375977e+00,1.000499963760375977e+00,1.000499963760375977e+00,1.000499963760375977e+00,1.000499963760375977e+00,1.000499963760375977e+00,1.000499963760375977e+00,1.000499963760375977e+00,1.000499963760375977e+00,1.000499963760375977e+00,1.000499963760375977e+00,1.000499963760375977e+00,1.000499963760375977e+00,1.000499963760375977e+00
3.913043498992919922e+00,1.000499963760375977e+00,1.000499963760375977e+00,1.000499963760375977e+00,1.000499963760375977e+00,1.000499963760375977e+00,1.000499963760375977e+00,1.000499963760375977e+00,1.000499963760375977e+00,1.000499963760375977e+00,1.000499963760375977e+00,1.000499963760375977e+00,1.000499963760375977e+00,1.000499963760375977e+00,1.000499963760375977e+00,1.000499963760375977e+00,1.000499963760375977e+00
4.013378143310546875e+00,1.000499963760375977e+00,1.000499963760375977e+00,1.000499963760375977e+00,1.000499963760375977e+00,1.000499963760375977e+00,1.000499963760375977e+00,1.000499963760375977e+00,1.000499963760375977e+00,1.000499963760375977e+00,1.000499963760375977e+00,1.000499963760375977e+00,1.000499963760375977e+00,1.000499963760375977e+00,1.000499963760375977e+00,1.000499963760375977e+00,1.000499963760375977e+00
4.113712310791015625e+00,1.000499963760375977e+00,1.000499963760375977e+00,1.000499963760375977e+00,1.000499963760375977e+00,1.000499963760375977e+00,1.000499963760375977e+00,1.000499963760375977e+00,1.000499963760375977e+00,1.000499963760375977e+00,1.000499963760375977e+00,1.000499963760375977e+00,1.000499963760375977e+00,1.000499963760375977e+00,1.000499963760375977e+00,1.000499963760375977e+00,1.000499963760375977e+00
4.214046955108642578e+00,1.000499963760375977e+00,1.000499963760375977e+00,1.000499963760375977e+00,1.000499963760375977e+00,1.000499963760375977e+00,1.000499963760375977e+00,1.000499963760375977e+00,1.000499963760375977e+00,1.000499963760375977e+00,1.000499963760375977e+00,1.000499963760375977e+00,1.000499963760375977e+00,1.000499963760375977e+00,1.000499963760375977e+00,1.000499963760375977e+00,1.000499963760375977e+00
4.314381122589111328e+00,1.000499963760375977e+00,1.000499963760375977e+00,1.000499963760375977e+00,1.000499963760375977e+00,1.000499963760375977e+00,1.000499963760375977e+00,1.000499963760375977e+00,1.000499963760375977e+00,1.000499963760375977e+00,1.000499963760375977e+00,1.000499963760375977e+00,1.000499963760375977e+00,1.000499963760375977e+00,1.000499963760375977e+00,1.000499963760375977e+00,1.000499963760375977e+00
4.414715766906738281e+00,1.000499963760375977e+00,1.000499963760375977e+00,1.000499963760375977e+00,1.000499963760375977e+00,1.000499963760375977e+00,1.000499963760375977e+00,1.000499963760375977e+00,1.000499963760375977e+00,1.000499963760375977e+00,1.000499963760375977e+00,1.000499963760375977e+00,1.000499963760375977e+00,1.000499963760375977e+00,1.000499963760375977e+00,1.000499963760375977e+00,1.000499963760375977e+00
4.515049934387207031e+00,1.000499963760375977e+00,1.000499963760375977e+00,1.000499963760375977e+00,1.000499963760375977e+00,1.000499963760375977e+00,1.000499963760375977e+00,1.000499963760375977e+00,1.000499963760375977e+00,1.000499963760375977e+00,1.000499963760375977e+00,1.000499963760375977e+00,1.000499963760375977e+00,1.000499963760375977e+00,1.000499963760375977e+00,1.000499963760375977e+00,1.000499963760375977e+00
4.615384578704833984e+00,1.000499963760375977e+00,1.000499963760375977e+00,1.000499963760375977e+00,1.000499963760375977e+00,1.000499963760375977e+00,1.000499963760375977e+00,1.000499963760375977e+00,1.000499963760375977e+00,1.000499963760375977e+00,1.000499963760375977e+00,1.000499963760375977e+00,1.000499963760375977e+00,1.000499963760375977e+00,1.000499963760375977e+00,1.000499963760375977e+00,1.000499963760375977e+00
4.715719223022460938e+00,1.000499963760375977e+00,1.000499963760375977e+00,1.000499963760375977e+00,1.000499963760375977e+00,1.000499963760375977e+00,1.000499963760375977e+00,1.000499963760375977e+00,1.000499963760375977e+00,1.000499963760375977e+00,1.000499963760375977e+00,1.000499963760375977e+00,1.000499963760375977e+00,1.000499963760375977e+00,1.000499963760375977e+00,1.000499963760375977e+00,1.000499963760375977e+00
4.816053390502929688e+00,1.000499963760375977e+00,1.000499963760375977e+00,1.000499963760375977e+00,1.000499963760375977e+00,1.000499963760375977e+00,1.000499963760375977e+00,1.000499963760375977e+00,1.000499963760375977e+00,1.000499963760375977e+00,1.000499963760375977e+00,1.000499963760375977e+00,1.000499963760375977e+00,1.000499963760375977e+00,1.000499963760375977e+00,1.000499963760375977e+00,1.000499963760375977e+00
4.916388034820556641e+00,1.000499963760375977e+00,1.000499963760375977e+00,1.000499963760375977e+00,1.000499963760375977e+00,1.000499963760375977e+00,1.000499963760375977e+00,1.000499963760375977e+00,1.000499963760375977e+00,1.000499963760375977e+00,1.000499963760375977e+00,1.000499963760375977e+00,1.000499963760375977e+00,1.000499963760375977e+00,1.000499963760375977e+00,1.000499963760375977e+00,1.000499963760375977e+00
5.016722202301025391e+00,1.000499963760375977e+00,1.000499963760375977e+00,1.000499963760375977e+00,1.000499963760375977e+00,1.000499963760375977e+00,1.000499963760375977e+00,1.000499963760375977e+00,1.000499963760375977e+00,1.000499963760375977e+00,1.000499963760375977e+00,1.000499963760375977e+00,1.000499963760375977e+00,1.000499963760375977e+00,1.000499963760375977e+00,1.000499963760375977e+00,1.000499963760375977e+00
5.117056846618652344e+00,1.000499963760375977e+00,1.000499963760375977e+00,1.000499963760375977e+00,1.000499963760375977e+00,1.000499963760375977e+00,1.000499963760375977e+00,1.000499963760375977e+00,1.000499963760375977e+00,1.000499963760375977e+00,1.000499963760375977e+00,1.000499963760375977e+00,1.000499963760375977e+00,1.000499963760375977e+00,1.000499963760375977e+00,1.000499963760375977e+00,1.000499963760375977e+00
5.217391490936279297e+00,1.000499963760375977e+00,1.000499963760375977e+00,1.000499963760375977e+00,1.000499963760375977e+00,1.000499963760375977e+00,1.000499963760375977e+00,1.000499963760375977e+00,1.000499963760375977e+00,1.000499963760375977e+00,1.000499963760375977e+00,1.000499963760375977e+00,1.000499963760375977e+00,1.000499963760375977e+00,1.000499963760375977e+00,1.000499963760375977e+00,1.000499963760375977e+00
5.317725658416748047e+00,1.000499963760375977e+00,1.000499963760375977e+00,1.000499963760375977e+00,1.000499963760375977e+00,1.000499963760375977e+00,1.000499963760375977e+00,1.000499963760375977e+00,1.000499963760375977e+00,1.000499963760375977e+00,1.000499963760375977e+00,1.000499963760375977e+00,1.000499963760375977e+00,1.000499963760375977e+00,1.000499963760375977e+00,1.000499963760375977e+00,1.000499963760375977e+00
5.418060302734375000e+00,1.000499963760375977e+00,1.000499963760375977e+00,1.000499963760375977e+00,1.000499963760375977e+00,1.000499963760375977e+00,1.000499963760375977e+00,1.000499963760375977e+00,1.000499963760375977e+00,1.000499963760375977e+00,1.000499963760375977e+00,1.000499963760375977e+00,1.000499963760375977e+00,1.000499963760375977e+00,1.000499963760375977e+00,1.000499963760375977e+00,1.000499963760375977e+00
5.518394470214843750e+00,1.000499963760375977e+00,1.000499963760375977e+00,1.000499963760375977e+00,1.000499963760375977e+00,1.000499963760375977e+00,1.000499963760375977e+00,1.000499963760375977e+00,1.000499963760375977e+00,1.000499963760375977e+00,1.000499963760375977e+00,1.000499963760375977e+00,1.000499963760375977e+00,1.000499963760375977e+00,1.000499963760375977e+00,1.000499963760375977e+00,1.000499963760375977e+00
5.618729114532470703e+00,1.000499963760375977e+00,1.000499963760375977e+00,1.000499963760375977e+00,1.000499963760375977e+00,1.000499963760375977e+00,1.000499963760375977e+00,1.000499963760375977e+00,1.000499963760375977e+00,1.000499963760375977e+00,1.000499963760375977e+00,1.000499963760375977e+00,1.000499963760375977e+00,1.000499963760375977e+00,1.000499963760375977e+00,1.000499963760375977e+00,1.000499963760375977e+00
5.719063758850097656e+00,1.000499963760375977e+00,1.000499963760375977e+00,1.000499963760375977e+00,1.000499963760375977e+00,1.000499963760375977e+00,1.000499963760375977e+00,1.000499963760375977e+00,1.000499963760375977e+00,1.000499963760375977e+00,1.000499963760375977e+00,1.000499963760375977e+00,1.000499963760375977e+00,1.000499963760375977e+00,1.000499963760375977e+00,1.000499963760375977e+00,1.000499963760375977e+00
5.819397926330566406e+00,1.000499963760375977e+00,1.000499963760375977e+00,1.000499963760375977e+00,1.000499963760375977e+00,1.000499963760375977e+00,1.000499963760375977e+00,1.000499963760375977e+00,1.000499963760375977e+00,1.000499963760375977e+00,1.000499963760375977e+00,1.000499963760375977e+00,1.000499963760375977e+00,1.000499963760375977e+00,1.000499963760375977e+00,1.000499963760375977e+00,1.000499963760375977e+00
5.919732570648193359e+00,1.000499963760375977e+00,1.000499963760375977e+00,1.000499963760375977e+00,1.000499963760375977e+00,1.000499963760375977e+00,1.000499963760375977e+00,1.000499963760375977e+00,1.000499963760375977e+00,1.000499963760375977e+00,1.000499963760375977e+00,1.000499963760375977e+00,1.000499963760375977e+00,1.000499963760375977e+00,1.000499963760375977e+00,1.000499963760375977e+00,1.000499963760375977e+00
6.020066738128662109e+00,1.000499963760375977e+00,1.000499963760375977e+00,1.000499963760375977e+00,1.000499963760375977e+00,1.000499963760375977e+00,1.000499963760375977e+00,1.000499963760375977e+00,1.000499963760375977e+00,1.000499963760375977e+00,1.000499963760375977e+00,1.000499963760375977e+00,1.000499963760375977e+00,1.000499963760375977e+00,1.000499963760375977e+00,1.000499963760375977e+00,1.000499963760375977e+00
6.120401382446289062e+00,1.000499963760375977e+00,1.000499963760375977e+00,1.000499963760375977e+00,1.000499963760375977e+00,1.000499963760375977e+00,1.000499963760375977e+00,1.000499963760375977e+00,1.000499963760375977e+00,1.000499963760375977e+00,1.000499963760375977e+00,1.000499963760375977e+00,1.000499963760375977e+00,1.000499963760375977e+00,1.000499963760375977e+00,1.000499963760375977e+00,1.000499963760375977e+00
6.220735549926757812e+00,1.000499963760375977e+00,1.000499963760375977e+00,1.000499963760375977e+00,1.000499963760375977e+00,1.000499963760375977e+00,1.000499963760375977e+00,1.000499963760375977e+00,1.000499963760375977e+00,1.000499963760375977e+00,1.000499963760375977e+00,1.000499963760375977e+00,1.000499963760375977e+00,1.000499963760375977e+00,1.000499963760375977e+00,1.000499963760375977e+00,1.000499963760375977e+00
6.321070194244384766e+00,1.000499963760375977e+00,1.000499963760375977e+00,1.000499963760375977e+00,1.000499963760375977e+00,1.000499963760375977e+00,1.000499963760375977e+00,1.000499963760375977e+00,1.000499963760375977e+00,1.000499963760375977e+00,1.000499963760375977e+00,1.000499963760375977e+00,1.000499963760375977e+00,1.000499963760375977e+00,1.000499963760375977e+00,1.000499963760375977e+00,1.000499963760375977e+00
6.421404838562011719e+00,1.000499963760375977e+00,1.000499963760375977e+00,1.000499963760375977e+00,1.000499963760375977e+00,1.000499963760375977e+00,1.000499963760375977e+00,1.000499963760375977e+00,1.000499963760375977e+00,1.000499963760375977e+00,1.000499963760375977e+00,1.000499963760375977e+00,1.000499963760375977e+00,1.000499963760375977e+00,1.000499963760375977e+00,1.000499963760375977e+00,1.000499963760375977e+00
6.521739006042480469e+00,1.000499963760375977e+00,1.000499963760375977e+00,1.000499963760375977e+00,1.000499963760375977e+00,1.000499963760375977e+00,1.000499963760375977e+00,1.000499963760375977e+00,1.000499963760375977e+00,1.000499963760375977e+00,1.000499963760375977e+00,1.000499963760375977e+00,1.000499963760375977e+00,1.000499963760375977e+00,1.000499963760375977e+00,1.000499963760375977e+00,1.000499963760375977e+00
6.622073650360107422e+00,1.000499963760375977e+00,1.000499963760375977e+00,1.000499963760375977e+00,1.000499963760375977e+00,1.000499963760375977e+00,1.000499963760375977e+00,1.000499963760375977e+00,1.000499963760375977e+00,1.000499963760375977e+00,1.000499963760375977e+00,1.000499963760375977e+00,1.000499963760375977e+00,1.000499963760375977e+00,1.000499963760375977e+00,1.000499963760375977e+00,1.000499963760375977e+00
6.722407817840576172e+00,1.000499963760375977e+00,1.000499963760375977e+00,1.000499963760375977e+00,1.000499963760375977e+00,1.000499963760375977e+00,1.000499963760375977e+00,1.000499963760375977e+00,1.000499963760375977e+00,1.000499963760375977e+00,1.000499963760375977e+00,1.000499963760375977e+00,1.000499963760375977e+00,1.000499963760375977e+00,1.000499963760375977e+00,1.000499963760375977e+00,1.000499963760375977e+00
6.822742462158203125e+00,1.000499963760375977e+00,1.000499963760375977e+00,1.000499963760375977e+00,1.000499963760375977e+00,1.000499963760375977e+00,1.000499963760375977e+00,1.000499963760375977e+00,1.000499963760375977e+00,1.000499963760375977e+00,1.000499963760375977e+00,1.000499963760375977e+00,1.000499963760375977e+00,1.000499963760375977e+00,1.000499963760375977e+00,1.000499963760375977e+00,1.000499963760375977e+00
6.923077106475830078e+00,1.000499963760375977e+00,1.000499963760375977e+00,1.000499963760375977e+00,1.000499963760375977e+00,1.000499963760375977e+00,1.000499963760375977e+00,1.000499963760375977e+00,1.000499963760375977e+00,1.000499963760375977e+00,1.000499963760375977e+00,1.000499963760375977e+00,1.000499963760375977e+00,1.000499963760375977e+00,1.000499963760375977e+00,1.000499963760375977e+00,1.000499963760375977e+00
7.023411273956298828e+00,1.000499963760375977e+00,1.000499963760375977e+00,1.000499963760375977e+00,1.000499963760375977e+00,1.000499963760375977e+00,1.000499963760375977e+00,1.000499963760375977e+00,1.000499963760375977e+00,1.000499963760375977e+00,1.000499963760375977e+00,1.000499963760375977e+00,1.000499963760375977e+00,1.000499963760375977e+00,1.000499963760375977e+00,1.000499963760375977e+00,1.000499963760375977e+00
7.123745918273925781e+00,1.000499963760375977e+00,1.000499963760375977e+00,1.000499963760375977e+00,1.000499963760375977e+00,1.000499963760375977e+00,1.000499963760375977e+00,1.000499963760375977e+00,1.000499963760375977e+00,1.000499963760375977e+00,1.000499963760375977e+00,1.000499963760375977e+00,1.000499963760375977e+00,1.000499963760375977e+00,1.000499963760375977e+00,1.000499963760375977e+00,1.000499963760375977e+00
7.224080085754394531e+00,1.000499963760375977e+00,1.000499963760375977e+00,1.000499963760375977e+00,1.000499963760375977e+00,1.000499963760375977e+00,1.000499963760375977e+00,1.000499963760375977e+00,1.000499963760375977e+00,1.000499963760375977e+00,1.000499963760375977e+00,1.000499963760375977e+00,1.000499963760375977e+00,1.000499963760375977e+00,1.000499963760375977e+00,1.000499963760375977e+00,1.000499963760375977e+00
7.324414730072021484e+00,1.000499963760375977e+00,1.000499963760375977e+00,1.000499963760375977e+00,1.000499963760375977e+00,1.000499963760375977e+00,1.000499963760375977e+00,1.000499963760375977e+00,1.000499963760375977e+00,1.000499963760375977e+00,1.000499963760375977e+00,1.000499963760375977e+00,1.000499963760375977e+00,1.000499963760375977e+00,1.000499963760375977e+00,1.000499963760375977e+00,1.000499963760375977e+00
7.424749374389648438e+00,1.000499963760375977e+00,1.000499963760375977e+00,1.000499963760375977e+00,1.000499963760375977e+00,1.000499963760375977e+00,1.000499963760375977e+00,1.000499963760375977e+00,1.000499963760375977e+00,1.000499963760375977e+00,1.000499963760375977e+00,1.000499963760375977e+00,1.000499963760375977e+00,1.000499963760375977e+00,1.000499963760375977e+00,1.000499963760375977e+00,1.000499963760375977e+00
7.525083541870117188e+00,1.000499963760375977e+00,1.000499963760375977e+00,1.000499963760375977e+00,1.000499963760375977e+00,1.000499963760375977e+00,1.000499963760375977e+00,1.000499963760375977e+00,1.000499963760375977e+00,1.000499963760375977e+00,1.000499963760375977e+00,1.000499963760375977e+00,1.000499963760375977e+00,1.000499963760375977e+00,1.000499963760375977e+00,1.000499963760375977e+00,1.000499963760375977e+00
7.625418186187744141e+00,1.000499963760375977e+00,1.000499963760375977e+00,1.000499963760375977e+00,1.000499963760375977e+00,1.000499963760375977e+00,1.000499963760375977e+00,1.000499963760375977e+00,1.000499963760375977e+00,1.000499963760375977e+00,1.000499963760375977e+00,1.000499963760375977e+00,1.000499963760375977e+00,1.000499963760375977e+00,1.000499963760375977e+00,1.000499963760375977e+00,1.000499963760375977e+00
7.725752353668212891e+00,1.000499963760375977e+00,1.000499963760375977e+00,1.000499963760375977e+00,1.000499963760375977e+00,1.000499963760375977e+00,1.000499963760375977e+00,1.000499963760375977e+00,1.000499963760375977e+00,1.000499963760375977e+00,1.000499963760375977e+00,1.000499963760375977e+00,1.000499963760375977e+00,1.000499963760375977e+00,1.000499963760375977e+00,1.000499963760375977e+00,1.000499963760375977e+00
7.826086997985839844e+00,1.000499963760375977e+00,1.000499963760375977e+00,1.000499963760375977e+00,1.000499963760375977e+00,1.000499963760375977e+00,1.000499963760375977e+00,1.000499963760375977e+00,1.000499963760375977e+00,1.000499963760375977e+00,1.000499963760375977e+00,1.000499963760375977e+00,1.000499963760375977e+00,1.000499963760375977e+00,1.000499963760375977e+00,1.000499963760375977e+00,1.000499963760375977e+00
7.926421642303466797e+00,1.000499963760375977e+00,1.000499963760375977e+00,1.000499963760375977e+00,1.000499963760375977e+00,1.000499963760375977e+00,1.000499963760375977e+00,1.000499963760375977e+00,1.000499963760375977e+00,1.000499963760375977e+00,1.000499963760375977e+00,1.000499963760375977e+00,1.000499963760375977e+00,1.000499963760375977e+00,1.000499963760375977e+00,1.000499963760375977e+00,1.000499963760375977e+00
8.026756286621093750e+00,1.000499963760375977e+00,1.000499963760375977e+00,1.000499963760375977e+00,1.000499963760375977e+00,1.000499963760375977e+00,1.000499963760375977e+00,1.000499963760375977e+00,1.000499963760375977e+00,1.000499963760375977e+00,1.000499963760375977e+00,1.000499963760375977e+00,1.000499963760375977e+00,1.000499963760375977e+00,1.000499963760375977e+00,1.000499963760375977e+00,1.000499963760375977e+00
8.127090454101562500e+00,1.000499963760375977e+00,1.000499963760375977e+00,1.000499963760375977e+00,1.000499963760375977e+00,1.000499963760375977e+00,1.000499963760375977e+00,1.000499963760375977e+00,1.000499963760375977e+00,1.000499963760375977e+00,1.000499963760375977e+00,1.000499963760375977e+00,1.000499963760375977e+00,1.000499963760375977e+00,1.000499963760375977e+00,1.000499963760375977e+00,1.000499963760375977e+00
8.227424621582031250e+00,1.000499963760375977e+00,1.000499963760375977e+00,1.000499963760375977e+00,1.000499963760375977e+00,1.000499963760375977e+00,1.000499963760375977e+00,1.000499963760375977e+00,1.000499963760375977e+00,1.000499963760375977e+00,1.000499963760375977e+00,1.000499963760375977e+00,1.000499963760375977e+00,1.000499963760375977e+00,1.000499963760375977e+00,1.000499963760375977e+00,1.000499963760375977e+00
8.327758789062500000e+00,1.000499963760375977e+00,1.000499963760375977e+00,1.000499963760375977e+00,1.000499963760375977e+00,1.000499963760375977e+00,1.000499963760375977e+00,1.000499963760375977e+00,1.000499963760375977e+00,1.000499963760375977e+00,1.000499963760375977e+00,1.000499963760375977e+00,1.000499963760375977e+00,1.000499963760375977e+00,1.000499963760375977e+00,1.000499963760375977e+00,1.000499963760375977e+00
8.428093910217285156e+00,1.000499963760375977e+00,1.000499963760375977e+00,1.000499963760375977e+00,1.000499963760375977e+00,1.000499963760375977e+00,1.000499963760375977e+00,1.000499963760375977e+00,1.000499963760375977e+00,1.000499963760375977e+00,1.000499963760375977e+00,1.000499963760375977e+00,1.000499963760375977e+00,1.000499963760375977e+00,1.000499963760375977e+00,1.000499963760375977e+00,1.000499963760375977e+00
8.528428077697753906e+00,1.000499963760375977e+00,1.000499963760375977e+00,1.000499963760375977e+00,1.000499963760375977e+00,1.000499963760375977e+00,1.000499963760375977e+00,1.000499963760375977e+00,1.000499963760375977e+00,1.000499963760375977e+00,1.000499963760375977e+00,1.000499963760375977e+00,1.000499963760375977e+00,1.000499963760375977e+00,1.000499963760375977e+00,1.000499963760375977e+00,1.000499963760375977e+00
8.628762245178222656e+00,1.000499963760375977e+00,1.000499963760375977e+00,1.000499963760375977e+00,1.000499963760375977e+00,1.000499963760375977e+00,1.000499963760375977e+00,1.000499963760375977e+00,1.000499963760375977e+00,1.000499963760375977e+00,1.000499963760375977e+00,1.000499963760375977e+00,1.000499963760375977e+00,1.000499963760375977e+00,1.000499963760375977e+00,1.000499963760375977e+00,1.000499963760375977e+00
8.729097366333007812e+00,1.000499963760375977e+00,1.000499963760375977e+00,1.000499963760375977e+00,1.000499963760375977e+00,1.000499963760375977e+00,1.000499963760375977e+00,1.000499963760375977e+00,1.000499963760375977e+00,1.000499963760375977e+00,1.000499963760375977e+00,1.000499963760375977e+00,1.000499963760375977e+00,1.000499963760375977e+00,1.000499963760375977e+00,1.000499963760375977e+00,1.000499963760375977e+00
8.829431533813476562e+00,1.000499963760375977e+00,1.000499963760375977e+00,1.000499963760375977e+00,1.000499963760375977e+00,1.000499963760375977e+00,1.000499963760375977e+00,1.000499963760375977e+00,1.000499963760375977e+00,1.000499963760375977e+00,1.000499963760375977e+00,1.000499963760375977e+00,1.000499963760375977e+00,1.000499963760375977e+00,1.000499963760375977e+00,1.000499963760375977e+00,1.000499963760375977e+00
8.929765701293945312e+00,1.000499963760375977e+00,1.000499963760375977e+00,1.000499963760375977e+00,1.000499963760375977e+00,1.000499963760375977e+00,1.000499963760375977e+00,1.000499963760375977e+00,1.000499963760375977e+00,1.000499963760375977e+00,1.000499963760375977e+00,1.000499963760375977e+00,1.000499963760375977e+00,1.000499963760375977e+00,1.000499963760375977e+00,1.000499963760375977e+00,1.000499963760375977e+00
9.030099868774414062e+00,1.000499963760375977e+00,1.000499963760375977e+00,1.000499963760375977e+00,1.000499963760375977e+00,1.000499963760375977e+00,1.000499963760375977e+00,1.000499963760375977e+00,1.000499963760375977e+00,1.000499963760375977e+00,1.000499963760375977e+00,1.000499963760375977e+00,1.000499963760375977e+00,1.000499963760375977e+00,1.000499963760375977e+00,1.000499963760375977e+00,1.000499963760375977e+00
9.130434989929199219e+00,1.000499963760375977e+00,1.000499963760375977e+00,1.000499963760375977e+00,1.000499963760375977e+00,1.000499963760375977e+00,1.000499963760375977e+00,1.000499963760375977e+00,1.000499963760375977e+00,1.000499963760375977e+00,1.000499963760375977e+00,1.000499963760375977e+00,1.000499963760375977e+00,1.000499963760375977e+00,1.000499963760375977e+00,1.000499963760375977e+00,1.000499963760375977e+00
9.230769157409667969e+00,1.000499963760375977e+00,1.000499963760375977e+00,1.000499963760375977e+00,1.000499963760375977e+00,1.000499963760375977e+00,1.000499963760375977e+00,1.000499963760375977e+00,1.000499963760375977e+00,1.000499963760375977e+00,1.000499963760375977e+00,1.000499963760375977e+00,1.000499963760375977e+00,1.000499963760375977e+00,1.000499963760375977e+00,1.000499963760375977e+00,1.000499963760375977e+00
9.331103324890136719e+00,1.000499963760375977e+00,1.000499963760375977e+00,1.000499963760375977e+00,1.000499963760375977e+00,1.000499963760375977e+00,1.000499963760375977e+00,1.000499963760375977e+00,1.000499963760375977e+00,1.000499963760375977e+00,1.000499963760375977e+00,1.000499963760375977e+00,1.000499963760375977e+00,1.000499963760375977e+00,1.000499963760375977e+00,1.000499963760375977e+00,1.000499963760375977e+00
9.431438446044921875e+00,1.000499963760375977e+00,1.000499963760375977e+00,1.000499963760375977e+00,1.000499963760375977e+00,1.000499963760375977e+00,1.000499963760375977e+00,1.000499963760375977e+00,1.000499963760375977e+00,1.000499963760375977e+00,1.000499963760375977e+00,1.000499963760375977e+00,1.000499963760375977e+00,1.000499963760375977e+00,1.000499963760375977e+00,1.000499963760375977e+00,1.000499963760375977e+00
9.531772613525390625e+00,1.000499963760375977e+00,1.000499963760375977e+00,1.000499963760375977e+00,1.000499963760375977e+00,1.000499963760375977e+00,1.000499963760375977e+00,1.000499963760375977e+00,1.000499963760375977e+00,1.000499963760375977e+00,1.000499963760375977e+00,1.000499963760375977e+00,1.000499963760375977e+00,1.000499963760375977e+00,1.000499963760375977e+00,1.000499963760375977e+00,1.000499963760375977e+00
9.632106781005859375e+00,1.000499963760375977e+00,1.000499963760375977e+00,1.000499963760375977e+00,1.000499963760375977e+00,1.000499963760375977e+00,1.000499963760375977e+00,1.000499963760375977e+00,1.000499963760375977e+00,1.000499963760375977e+00,1.000499963760375977e+00,1.000499963760375977e+00,1.000499963760375977e+00,1.000499963760375977e+00,1.000499963760375977e+00,1.000499963760375977e+00,1.000499963760375977e+00
9.732441902160644531e+00,1.000499963760375977e+00,1.000499963760375977e+00,1.000499963760375977e+00,1.000499963760375977e+00,1.000499963760375977e+00,1.000499963760375977e+00,1.000499963760375977e+00,1.000499963760375977e+00,1.000499963760375977e+00,1.000499963760375977e+00,1.000499963760375977e+00,1.000499963760375977e+00,1.000499963760375977e+00,1.000499963760375977e+00,1.000499963760375977e+00,1.000499963760375977e+00
9.832776069641113281e+00,1.000499963760375977e+00,1.000499963760375977e+00,1.000499963760375977e+00,1.000499963760375977e+00,1.000499963760375977e+00,1.000499963760375977e+00,1.000499963760375977e+00,1.000499963760375977e+00,1.000499963760375977e+00,1.000499963760375977e+00,1.000499963760375977e+00,1.000499963760375977e+00,1.000499963760375977e+00,1.000499963760375977e+00,1.000499963760375977e+00,1.000499963760375977e+00
9.933110237121582031e+00,1.000499963760375977e+00,1.000499963760375977e+00,1.000499963760375977e+00,1.000499963760375977e+00,1.000499963760375977e+00,1.000499963760375977e+00,1.000499963760375977e+00,1.000499963760375977e+00,1.000499963760375977e+00,1.000499963760375977e+00,1.000499963760375977e+00,1.000499963760375977e+00,1.000499963760375977e+00,1.000499963760375977e+00,1.000499963760375977e+00,1.000499963760375977e+00
1.003344440460205078e+01,1.000499963760375977e+00,1.000499963760375977e+00,1.000499963760375977e+00,1.000499963760375977e+00,1.000499963760375977e+00,1.000499963760375977e+00,1.000499963760375977e+00,1.000499963760375977e+00,1.000499963760375977e+00,1.000499963760375977e+00,1.000499963760375977e+00,1.000499963760375977e+00,1.000499963760375977e+00,1.000499963760375977e+00,1.000499963760375977e+00,1.000499963760375977e+00
1.013377952575683594e+01,1.000499963760375977e+00,1.000499963760375977e+00,1.000499963760375977e+00,1.000499963760375977e+00,1.000499963760375977e+00,1.000499963760375977e+00,1.000499963760375977e+00,1.000499963760375977e+00,1.000499963760375977e+00,1.000499963760375977e+00,1.000499963760375977e+00,1.000499963760375977e+00,1.000499963760375977e+00,1.000499963760375977e+00,1.000499963760375977e+00,1.000499963760375977e+00
1.023411369323730469e+01,1.000499963760375977e+00,1.000499963760375977e+00,1.000499963760375977e+00,1.000499963760375977e+00,1.000499963760375977e+00,1.000499963760375977e+00,1.000499963760375977e+00,1.000499963760375977e+00,1.000499963760375977e+00,1.000499963760375977e+00,1.000499963760375977e+00,1.000499963760375977e+00,1.000499963760375977e+00,1.000499963760375977e+00,1.000499963760375977e+00,1.000499963760375977e+00
1.033444786071777344e+01,1.000499963760375977e+00,1.000499963760375977e+00,1.000499963760375977e+00,1.000499963760375977e+00,1.000499963760375977e+00,1.000499963760375977e+00,1.000499963760375977e+00,1.000499963760375977e+00,1.000499963760375977e+00,1.000499963760375977e+00,1.000499963760375977e+00,1.000499963760375977e+00,1.000499963760375977e+00,1.000499963760375977e+00,1.000499963760375977e+00,1.000499963760375977e+00
1.043478298187255859e+01,1.000499963760375977e+00,1.000499963760375977e+00,1.000499963760375977e+00,1.000499963760375977e+00,1.000499963760375977e+00,1.000499963760375977e+00,1.000499963760375977e+00,1.000499963760375977e+00,1.000499963760375977e+00,1.000499963760375977e+00,1.000499963760375977e+00,1.000499963760375977e+00,1.000499963760375977e+00,1.000499963760375977e+00,1.000499963760375977e+00,1.000499963760375977e+00
1.053511714935302734e+01,1.000499963760375977e+00,1.000499963760375977e+00,1.000499963760375977e+00,1.000499963760375977e+00,1.000499963760375977e+00,1.000499963760375977e+00,1.000499963760375977e+00,1.000499963760375977e+00,1.000499963760375977e+00,1.000499963760375977e+00,1.000499963760375977e+00,1.000499963760375977e+00,1.000499963760375977e+00,1.000499963760375977e+00,1.000499963760375977e+00,1.000499963760375977e+00
1.063545131683349609e+01,1.000499963760375977e+00,1.000499963760375977e+00,1.000499963760375977e+00,1.000499963760375977e+00,1.000499963760375977e+00,1.000499963760375977e+00,1.000499963760375977e+00,1.000499963760375977e+00,1.000499963760375977e+00,1.000499963760375977e+00,1.000499963760375977e+00,1.000499963760375977e+00,1.000499963760375977e+00,1.000499963760375977e+00,1.000499963760375977e+00,1.000499963760375977e+00
1.073578548431396484e+01,1.000499963760375977e+00,1.000499963760375977e+00,1.000499963760375977e+00,1.000499963760375977e+00,1.000499963760375977e+00,1.000499963760375977e+00,1.000499963760375977e+00,1.000499963760375977e+00,1.000499963760375977e+00,1.000499963760375977e+00,1.000499963760375977e+00,1.000499963760375977e+00,1.000499963760375977e+00,1.000499963760375977e+00,1.000499963760375977e+00,1.000499963760375977e+00
1.083612060546875000e+01,1.000499963760375977e+00,1.000499963760375977e+00,1.000499963760375977e+00,1.000499963760375977e+00,1.000499963760375977e+00,1.000499963760375977e+00,1.000499963760375977e+00,1.000499963760375977e+00,1.000499963760375977e+00,1.000499963760375977e+00,1.000499963760375977e+00,1.000499963760375977e+00,1.000499963760375977e+00,1.000499963760375977e+00,1.000499963760375977e+00,1.000499963760375977e+00
1.093645477294921875e+01,1.000499963760375977e+00,1.000499963760375977e+00,1.000499963760375977e+00,1.000499963760375977e+00,1.000499963760375977e+00,1.000499963760375977e+00,1.000499963760375977e+00,1.000499963760375977e+00,1.000499963760375977e+00,1.000499963760375977e+00,1.000499963760375977e+00,1.000499963760375977e+00,1.000499963760375977e+00,1.000499963760375977e+00,1.000499963760375977e+00,1.000499963760375977e+00
1.103678894042968750e+01,1.000499963760375977e+00,1.000499963760375977e+00,1.000499963760375977e+00,1.000499963760375977e+00,1.000499963760375977e+00,1.000499963760375977e+00,1.000499963760375977e+00,1.000499963760375977e+00,1.000499963760375977e+00,1.000499963760375977e+00,1.000499963760375977e+00,1.000499963760375977e+00,1.000499963760375977e+00,1.000499963760375977e+00,1.000499963760375977e+00,1.000499963760375977e+00
1.113712406158447266e+01,1.000499963760375977e+00,1.000499963760375977e+00,1.000499963760375977e+00,1.000499963760375977e+00,1.000499963760375977e+00,1.000499963760375977e+00,1.000499963760375977e+00,1.000499963760375977e+00,1.000499963760375977e+00,1.000499963760375977e+00,1.000499963760375977e+00,1.000499963760375977e+00,1.000499963760375977e+00,1.000499963760375977e+00,1.000499963760375977e+00,1.000499963760375977e+00
1.123745822906494141e+01,1.000499963760375977e+00,1.000499963760375977e+00,1.000499963760375977e+00,1.000499963760375977e+00,1.000499963760375977e+00,1.000499963760375977e+00,1.000499963760375977e+00,1.000499963760375977e+00,1.000499963760375977e+00,1.000499963760375977e+00,1.000499963760375977e+00,1.000499963760375977e+00,1.000499963760375977e+00,1.000499963760375977e+00,1.000499963760375977e+00,1.000499963760375977e+00
1.133779239654541016e+01,1.000499963760375977e+00,1.000499963760375977e+00,1.000499963760375977e+00,1.000499963760375977e+00,1.000499963760375977e+00,1.000499963760375977e+00,1.000499963760375977e+00,1.000499963760375977e+00,1.000499963760375977e+00,1.000499963760375977e+00,1.000499963760375977e+00,1.000499963760375977e+00,1.000499963760375977e+00,1.000499963760375977e+00,1.000499963760375977e+00,1.000499963760375977e+00
1.143812751770019531e+01,1.000499963760375977e+00,1.000499963760375977e+00,1.000499963760375977e+00,1.000499963760375977e+00,1.000499963760375977e+00,1.000499963760375977e+00,1.000499963760375977e+00,1.000499963760375977e+00,1.000499963760375977e+00,1.000499963760375977e+00,1.000499963760375977e+00,1.000499963760375977e+00,1.000499963760375977e+00,1.000499963760375977e+00,1.000499963760375977e+00,1.000499963760375977e+00
1.153846168518066406e+01,1.000499963760375977e+00,1.000499963760375977e+00,1.000499963760375977e+00,1.000499963760375977e+00,1.000499963760375977e+00,1.000499963760375977e+00,1.000499963760375977e+00,1.000499963760375977e+00,1.000499963760375977e+00,1.000499963760375977e+00,1.000499963760375977e+00,1.000499963760375977e+00,1.000499963760375977e+00,1.000499963760375977e+00,1.000499963760375977e+00,1.000499963760375977e+00
1.163879585266113281e+01,1.000499963760375977e+00,1.000499963760375977e+00,1.000499963760375977e+00,1.000499963760375977e+00,1.000499963760375977e+00,1.000499963760375977e+00,1.000499963760375977e+00,1.000499963760375977e+00,1.000499963760375977e+00,1.000499963760375977e+00,1.000499963760375977e+00,1.000499963760375977e+00,1.000499963760375977e+00,1.000499963760375977e+00,1.000499963760375977e+00,1.000499963760375977e+00
1.173913002014160156e+01,1.000499963760375977e+00,1.000499963760375977e+00,1.000499963760375977e+00,1.000499963760375977e+00,1.000499963760375977e+00,1.000499963760375977e+00,1.000499963760375977e+00,1.000499963760375977e+00,1.000499963760375977e+00,1.000499963760375977e+00,1.000499963760375977e+00,1.000499963760375977e+00,1.000499963760375977e+00,1.000499963760375977e+00,1.000499963760375977e+00,1.000499963760375977e+00
1.183946514129638672e+01,1.000499963760375977e+00,1.000499963760375977e+00,1.000499963760375977e+00,1.000499963760375977e+00,1.000499963760375977e+00,1.000499963760375977e+00,1.000499963760375977e+00,1.000499963760375977e+00,1.000499963760375977e+00,1.000499963760375977e+00,1.000499963760375977e+00,1.000499963760375977e+00,1.000499963760375977e+00,1.000499963760375977e+00,1.000499963760375977e+00,1.000499963760375977e+00
1.193979930877685547e+01,1.000499963760375977e+00,1.000499963760375977e+00,1.000499963760375977e+00,1.000499963760375977e+00,1.000499963760375977e+00,1.000499963760375977e+00,1.000499963760375977e+00,1.000499963760375977e+00,1.000499963760375977e+00,1.000499963760375977e+00,1.000499963760375977e+00,1.000499963760375977e+00,1.000499963760375977e+00,1.000499963760375977e+00,1.000499963760375977e+00,1.000499963760375977e+00
1.204013347625732422e+01,1.000499963760375977e+00,1.000499963760375977e+00,1.000499963760375977e+00,1.000499963760375977e+00,1.000499963760375977e+00,1.000499963760375977e+00,1.000499963760375977e+00,1.000499963760375977e+00,1.000499963760375977e+00,1.000499963760375977e+00,1.000499963760375977e+00,1.000499963760375977e+00,1.000499963760375977e+00,1.000499963760375977e+00,1.000499963760375977e+00,1.000499963760375977e+00
1.214046859741210938e+01,1.000499963760375977e+00,1.000499963760375977e+00,1.000499963760375977e+00,1.000499963760375977e+00,1.000499963760375977e+00,1.000499963760375977e+00,1.000499963760375977e+00,1.000499963760375977e+00,1.000499963760375977e+00,1.000499963760375977e+00,1.000499963760375977e+00,1.000499963760375977e+00,1.000499963760375977e+00,1.000499963760375977e+00,1.000499963760375977e+00,1.000499963760375977e+00
1.224080276489257812e+01,1.000499963760375977e+00,1.000499963760375977e+00,1.000499963760375977e+00,1.000499963760375977e+00,1.000499963760375977e+00,1.000499963760375977e+00,1.000499963760375977e+00,1.000499963760375977e+00,1.000499963760375977e+00,1.000499963760375977e+00,1.000499963760375977e+00,1.000499963760375977e+00,1.000499963760375977e+00,1.000499963760375977e+00,1.000499963760375977e+00,1.000499963760375977e+00
1.234113693237304688e+01,1.000499963760375977e+00,1.000499963760375977e+00,1.000499963760375977e+00,1.000499963760375977e+00,1.000499963760375977e+00,1.000499963760375977e+00,1.000499963760375977e+00,1.000499963760375977e+00,1.000499963760375977e+00,1.000499963760375977e+00,1.000499963760375977e+00,1.000499963760375977e+00,1.000499963760375977e+00,1.000499963760375977e+00,1.000499963760375977e+00,1.000499963760375977e+00
1.244147109985351562e+01,1.000499963760375977e+00,1.000499963760375977e+00,1.000499963760375977e+00,1.000499963760375977e+00,1.000499963760375977e+00,1.000499963760375977e+00,1.000499963760375977e+00,1.000499963760375977e+00,1.000499963760375977e+00,1.000499963760375977e+00,1.000499963760375977e+00,1.000499963760375977e+00,1.000499963760375977e+00,1.000499963760375977e+00,1.000499963760375977e+00,1.000499963760375977e+00
1.254180622100830078e+01,1.000499963760375977e+00,1.000499963760375977e+00,1.000499963760375977e+00,1.000499963760375977e+00,1.000499963760375977e+00,1.000499963760375977e+00,1.000499963760375977e+00,1.000499963760375977e+00,1.000499963760375977e+00,1.000499963760375977e+00,1.000499963760375977e+00,1.000499963760375977e+00,1.000499963760375977e+00,1.000499963760375977e+00,1.000499963760375977e+00,1.000499963760375977e+00
1.264214038848876953e+01,1.000499963760375977e+00,1.000499963760375977e+00,1.000499963760375977e+00,1.000499963760375977e+00,1.000499963760375977e+00,1.000499963760375977e+00,1.000499963760375977e+00,1.000499963760375977e+00,1.000499963760375977e+00,1.000499963760375977e+00,1.000499963760375977e+00,1.000499963760375977e+00,1.000499963760375977e+00,1.000499963760375977e+00,1.000499963760375977e+00,1.000499963760375977e+00
1.274247455596923828e+01,1.000499963760375977e+00,1.000499963760375977e+00,1.000499963760375977e+00,1.000499963760375977e+00,1.000499963760375977e+00,1.000499963760375977e+00,1.000499963760375977e+00,1.000499963760375977e+00,1.000499963760375977e+00,1.000499963760375977e+00,1.000499963760375977e+00,1.000499963760375977e+00,1.000499963760375977e+00,1.000499963760375977e+00,1.000499963760375977e+00,1.000499963760375977e+00
1.284280967712402344e+01,1.000499963760375977e+00,1.000499963760375977e+00,1.000499963760375977e+00,1.000499963760375977e+00,1.000499963760375977e+00,1.000499963760375977e+00,1.000499963760375977e+00,1.000499963760375977e+00,1.000499963760375977e+00,1.000499963760375977e+00,1.000499963760375977e+00,1.000499963760375977e+00,1.000499963760375977e+00,1.000499963760375977e+00,1.000499963760375977e+00,1.000499963760375977e+00
1.294314384460449219e+01,1.000499963760375977e+00,1.000499963760375977e+00,1.000499963760375977e+00,1.000499963760375977e+00,1.000499963760375977e+00,1.000499963760375977e+00,1.000499963760375977e+00,1.000499963760375977e+00,1.000499963760375977e+00,1.000499963760375977e+00,1.000499963760375977e+00,1.000499963760375977e+00,1.000499963760375977e+00,1.000499963760375977e+00,1.000499963760375977e+00,1.000499963760375977e+00
1.304347801208496094e+01,1.000499963760375977e+00,1.000499963760375977e+00,1.000499963760375977e+00,1.000499963760375977e+00,1.000499963760375977e+00,1.000499963760375977e+00,1.000499963760375977e+00,1.000499963760375977e+00,1.000499963760375977e+00,1.000499963760375977e+00,1.000499963760375977e+00,1.000499963760375977e+00,1.000499963760375977e+00,1.000499963760375977e+00,1.000499963760375977e+00,1.000499963760375977e+00
1.314381313323974609e+01,1.000499963760375977e+00,1.000499963760375977e+00,1.000499963760375977e+00,1.000499963760375977e+00,1.000499963760375977e+00,1.000499963760375977e+00,1.000499963760375977e+00,1.000499963760375977e+00,1.000499963760375977e+00,1.000499963760375977e+00,1.000499963760375977e+00,1.000499963760375977e+00,1.000499963760375977e+00,1.000499963760375977e+00,1.000499963760375977e+00,1.000499963760375977e+00
1.324414730072021484e+01,1.000499963760375977e+00,1.000499963760375977e+00,1.000499963760375977e+00,1.000499963760375977e+00,1.000499963760375977e+00,1.000499963760375977e+00,1.000499963760375977e+00,1.000499963760375977e+00,1.000499963760375977e+00,1.000499963760375977e+00,1.000499963760375977e+00,1.000499963760375977e+00,1.000499963760375977e+00,1.000499963760375977e+00,1.000499963760375977e+00,1.000499963760375977e+00
1.334448146820068359e+01,1.000499963760375977e+00,1.000499963760375977e+00,1.000499963760375977e+00,1.000499963760375977e+00,1.000499963760375977e+00,1.000499963760375977e+00,1.000499963760375977e+00,1.000499963760375977e+00,1.000499963760375977e+00,1.000499963760375977e+00,1.000499963760375977e+00,1.000499963760375977e+00,1.000499963760375977e+00,1.000499963760375977e+00,1.000499963760375977e+00,1.000499963760375977e+00
1.344481563568115234e+01,1.000499963760375977e+00,1.000499963760375977e+00,1.000499963760375977e+00,1.000499963760375977e+00,1.000499963760375977e+00,1.000499963760375977e+00,1.000499963760375977e+00,1.000499963760375977e+00,1.000499963760375977e+00,1.000499963760375977e+00,1.000499963760375977e+00,1.000499963760375977e+00,1.000499963760375977e+00,1.000499963760375977e+00,1.000499963760375977e+00,1.000499963760375977e+00
1.354515075683593750e+01,1.000499963760375977e+00,1.000499963760375977e+00,1.000499963760375977e+00,1.000499963760375977e+00,1.000499963760375977e+00,1.000499963760375977e+00,1.000499963760375977e+00,1.000499963760375977e+00,1.000499963760375977e+00,1.000499963760375977e+00,1.000499963760375977e+00,1.000499963760375977e+00,1.000499963760375977e+00,1.000499963760375977e+00,1.000499963760375977e+00,1.000499963760375977e+00
1.364548492431640625e+01,1.000499963760375977e+00,1.000499963760375977e+00,1.000499963760375977e+00,1.000499963760375977e+00,1.000499963760375977e+00,1.000499963760375977e+00,1.000499963760375977e+00,1.000499963760375977e+00,1.000499963760375977e+00,1.000499963760375977e+00,1.000499963760375977e+00,1.000499963760375977e+00,1.000499963760375977e+00,1.000499963760375977e+00,1.000499963760375977e+00,1.000499963760375977e+00
1.374581909179687500e+01,1.000499963760375977e+00,1.000499963760375977e+00,1.000499963760375977e+00,1.000499963760375977e+00,1.000499963760375977e+00,1.000499963760375977e+00,1.000499963760375977e+00,1.000499963760375977e+00,1.000499963760375977e+00,1.000499963760375977e+00,1.000499963760375977e+00,1.000499963760375977e+00,1.000499963760375977e+00,1.000499963760375977e+00,1.000499963760375977e+00,1.000499963760375977e+00
1.384615421295166016e+01,1.000499963760375977e+00,1.000499963760375977e+00,1.000499963760375977e+00,1.000499963760375977e+00,1.000499963760375977e+00,1.000499963760375977e+00,1.000499963760375977e+00,1.000499963760375977e+00,1.000499963760375977e+00,1.000499963760375977e+00,1.000499963760375977e+00,1.000499963760375977e+00,1.000499963760375977e+00,1.000499963760375977e+00,1.000499963760375977e+00,1.000499963760375977e+00
1.394648838043212891e+01,1.000499963760375977e+00,1.000499963760375977e+00,1.000499963760375977e+00,1.000499963760375977e+00,1.000499963760375977e+00,1.000499963760375977e+00,1.000499963760375977e+00,1.000499963760375977e+00,1.000499963760375977e+00,1.000499963760375977e+00,1.000499963760375977e+00,1.000499963760375977e+00,1.000499963760375977e+00,1.000499963760375977e+00,1.000499963760375977e+00,1.000499963760375977e+00
1.404682254791259766e+01,1.000499963760375977e+00,1.000499963760375977e+00,1.000499963760375977e+00,1.000499963760375977e+00,1.000499963760375977e+00,1.000499963760375977e+00,1.000499963760375977e+00,1.000499963760375977e+00,1.000499963760375977e+00,1.000499963760375977e+00,1.000499963760375977e+00,1.000499963760375977e+00,1.000499963760375977e+00,1.000499963760375977e+00,1.000499963760375977e+00,1.000499963760375977e+00
1.414715671539306641e+01,1.000499963760375977e+00,1.000499963760375977e+00,1.000499963760375977e+00,1.000499963760375977e+00,1.000499963760375977e+00,1.000499963760375977e+00,1.000499963760375977e+00,1.000499963760375977e+00,1.000499963760375977e+00,1.000499963760375977e+00,1.000499963760375977e+00,1.000499963760375977e+00,1.000499963760375977e+00,1.000499963760375977e+00,1.000499963760375977e+00,1.000499963760375977e+00
1.424749183654785156e+01,1.000499963760375977e+00,1.000499963760375977e+00,1.000499963760375977e+00,1.000499963760375977e+00,1.000499963760375977e+00,1.000499963760375977e+00,1.000499963760375977e+00,1.000499963760375977e+00,1.000499963760375977e+00,1.000499963760375977e+00,1.000499963760375977e+00,1.000499963760375977e+00,1.000499963760375977e+00,1.000499963760375977e+00,1.000499963760375977e+00,1.000499963760375977e+00
1.434782600402832031e+01,1.000499963760375977e+00,1.000499963760375977e+00,1.000499963760375977e+00,1.000499963760375977e+00,1.000499963760375977e+00,1.000499963760375977e+00,1.000499963760375977e+00,1.000499963760375977e+00,1.000499963760375977e+00,1.000499963760375977e+00,1.000499963760375977e+00,1.000499963760375977e+00,1.000499963760375977e+00,1.000499963760375977e+00,1.000499963760375977e+00,1.000499963760375977e+00
1.444816017150878906e+01,1.000499963760375977e+00,1.000499963760375977e+00,1.000499963760375977e+00,1.000499963760375977e+00,1.000499963760375977e+00,1.000499963760375977e+00,1.000499963760375977e+00,1.000499963760375977e+00,1.000499963760375977e+00,1.000499963760375977e+00,1.000499963760375977e+00,1.000499963760375977e+00,1.000499963760375977e+00,1.000499963760375977e+00,1.000499963760375977e+00,1.000499963760375977e+00
1.454849529266357422e+01,1.000499963760375977e+00,1.000499963760375977e+00,1.000499963760375977e+00,1.000499963760375977e+00,1.000499963760375977e+00,1.000499963760375977e+00,1.000499963760375977e+00,1.000499963760375977e+00,1.000499963760375977e+00,1.000499963760375977e+00,1.000499963760375977e+00,1.000499963760375977e+00,1.000499963760375977e+00,1.000499963760375977e+00,1.000499963760375977e+00,1.000499963760375977e+00
1.464882946014404297e+01,1.000499963760375977e+00,1.000499963760375977e+00,1.000499963760375977e+00,1.000499963760375977e+00,1.000499963760375977e+00,1.000499963760375977e+00,1.000499963760375977e+00,1.000499963760375977e+00,1.000499963760375977e+00,1.000499963760375977e+00,1.000499963760375977e+00,1.000499963760375977e+00,1.000499963760375977e+00,1.000499963760375977e+00,1.000499963760375977e+00,1.000499963760375977e+00
1.474916362762451172e+01,1.000499963760375977e+00,1.000499963760375977e+00,1.000499963760375977e+00,1.000499963760375977e+00,1.000499963760375977e+00,1.000499963760375977e+00,1.000499963760375977e+00,1.000499963760375977e+00,1.000499963760375977e+00,1.000499963760375977e+00,1.000499963760375977e+00,1.000499963760375977e+00,1.000499963760375977e+00,1.000499963760375977e+00,1.000499963760375977e+00,1.000499963760375977e+00
1.484949874877929688e+01,1.000499963760375977e+00,1.000499963760375977e+00,1.000499963760375977e+00,1.000499963760375977e+00,1.000499963760375977e+00,1.000499963760375977e+00,1.000499963760375977e+00,1.000499963760375977e+00,1.000499963760375977e+00,1.000499963760375977e+00,1.000499963760375977e+00,1.000499963760375977e+00,1.000499963760375977e+00,1.000499963760375977e+00,1.000499963760375977e+00,1.000499963760375977e+00
1.494983291625976562e+01,1.000499963760375977e+00,1.000499963760375977e+00,1.000499963760375977e+00,1.000499963760375977e+00,1.000499963760375977e+00,1.000499963760375977e+00,1.000499963760375977e+00,1.000499963760375977e+00,1.000499963760375977e+00,1.000499963760375977e+00,1.000499963760375977e+00,1.000499963760375977e+00,1.000499963760375977e+00,1.000499963760375977e+00,1.000499963760375977e+00,1.000499963760375977e+00
1.505016708374023438e+01,1.000499963760375977e+00,1.000499963760375977e+00,1.000499963760375977e+00,1.000499963760375977e+00,1.000499963760375977e+00,1.000499963760375977e+00,1.000499963760375977e+00,1.000499963760375977e+00,1.000499963760375977e+00,1.000499963760375977e+00,1.000499963760375977e+00,1.000499963760375977e+00,1.000499963760375977e+00,1.000499963760375977e+00,1.000499963760375977e+00,1.000499963760375977e+00
1.515050125122070312e+01,1.000499963760375977e+00,1.000499963760375977e+00,1.000499963760375977e+00,1.000499963760375977e+00,1.000499963760375977e+00,1.000499963760375977e+00,1.000499963760375977e+00,1.000499963760375977e+00,1.000499963760375977e+00,1.000499963760375977e+00,1.000499963760375977e+00,1.000499963760375977e+00,1.000499963760375977e+00,1.000499963760375977e+00,1.000499963760375977e+00,1.000499963760375977e+00
1.525083637237548828e+01,1.000499963760375977e+00,1.000499963760375977e+00,1.000499963760375977e+00,1.000499963760375977e+00,1.000499963760375977e+00,1.000499963760375977e+00,1.000499963760375977e+00,1.000499963760375977e+00,1.000499963760375977e+00,1.000499963760375977e+00,1.000499963760375977e+00,1.000499963760375977e+00,1.000499963760375977e+00,1.000499963760375977e+00,1.000499963760375977e+00,1.000499963760375977e+00
1.535117053985595703e+01,1.000499963760375977e+00,1.000499963760375977e+00,1.000499963760375977e+00,1.000499963760375977e+00,1.000499963760375977e+00,1.000499963760375977e+00,1.000499963760375977e+00,1.000499963760375977e+00,1.000499963760375977e+00,1.000499963760375977e+00,1.000499963760375977e+00,1.000499963760375977e+00,1.000499963760375977e+00,1.000499963760375977e+00,1.000499963760375977e+00,1.000499963760375977e+00
1.545150470733642578e+01,1.000499963760375977e+00,1.000499963760375977e+00,1.000499963760375977e+00,1.000499963760375977e+00,1.000499963760375977e+00,1.000499963760375977e+00,1.000499963760375977e+00,1.000499963760375977e+00,1.000499963760375977e+00,1.000499963760375977e+00,1.000499963760375977e+00,1.000499963760375977e+00,1.000499963760375977e+00,1.000499963760375977e+00,1.000499963760375977e+00,1.000499963760375977e+00
1.555183982849121094e+01,1.000499963760375977e+00,1.000499963760375977e+00,1.000499963760375977e+00,1.000499963760375977e+00,1.000499963760375977e+00,1.000499963760375977e+00,1.000499963760375977e+00,1.000499963760375977e+00,1.000499963760375977e+00,1.000499963760375977e+00,1.000499963760375977e+00,1.000499963760375977e+00,1.000499963760375977e+00,1.000499963760375977e+00,1.000499963760375977e+00,1.000499963760375977e+00
1.565217399597167969e+01,1.000499963760375977e+00,1.000499963760375977e+00,1.000499963760375977e+00,1.000499963760375977e+00,1.000499963760375977e+00,1.000499963760375977e+00,1.000499963760375977e+00,1.000499963760375977e+00,1.000499963760375977e+00,1.000499963760375977e+00,1.000499963760375977e+00,1.000499963760375977e+00,1.000499963760375977e+00,1.000499963760375977e+00,1.000499963760375977e+00,1.000499963760375977e+00
1.575250816345214844e+01,1.000499963760375977e+00,1.000499963760375977e+00,1.000499963760375977e+00,1.000499963760375977e+00,1.000499963760375977e+00,1.000499963760375977e+00,1.000499963760375977e+00,1.000499963760375977e+00,1.000499963760375977e+00,1.000499963760375977e+00,1.000499963760375977e+00,1.000499963760375977e+00,1.000499963760375977e+00,1.000499963760375977e+00,1.000499963760375977e+00,1.000499963760375977e+00
1.585284328460693359e+01,1.000499963760375977e+00,1.000499963760375977e+00,1.000499963760375977e+00,1.000499963760375977e+00,1.000499963760375977e+00,1.000499963760375977e+00,1.000499963760375977e+00,1.000499963760375977e+00,1.000499963760375977e+00,1.000499963760375977e+00,1.000499963760375977e+00,1.000499963760375977e+00,1.000499963760375977e+00,1.000499963760375977e+00,1.000499963760375977e+00,1.000499963760375977e+00
1.595317745208740234e+01,1.000499963760375977e+00,1.000499963760375977e+00,1.000499963760375977e+00,1.000499963760375977e+00,1.000499963760375977e+00,1.000499963760375977e+00,1.000499963760375977e+00,1.000499963760375977e+00,1.000499963760375977e+00,1.000499963760375977e+00,1.000499963760375977e+00,1.000499963760375977e+00,1.000499963760375977e+00,1.000499963760375977e+00,1.000499963760375977e+00,1.000499963760375977e+00
1.605351257324218750e+01,1.000499963760375977e+00,1.000499963760375977e+00,1.000499963760375977e+00,1.000499963760375977e+00,1.000499963760375977e+00,1.000499963760375977e+00,1.000499963760375977e+00,1.000499963760375977e+00,1.000499963760375977e+00,1.000499963760375977e+00,1.000499963760375977e+00,1.000499963760375977e+00,1.000499963760375977e+00,1.000499963760375977e+00,1.000499963760375977e+00,1.000499963760375977e+00
1.615384674072265625e+01,1.000499963760375977e+00,1.000499963760375977e+00,1.000499963760375977e+00,1.000499963760375977e+00,1.000499963760375977e+00,1.000499963760375977e+00,1.000499963760375977e+00,1.000499963760375977e+00,1.000499963760375977e+00,1.000499963760375977e+00,1.000499963760375977e+00,1.000499963760375977e+00,1.000499963760375977e+00,1.000499963760375977e+00,1.000499963760375977e+00,1.000499963760375977e+00
1.625418090820312500e+01,1.000499963760375977e+00,1.000499963760375977e+00,1.000499963760375977e+00,1.000499963760375977e+00,1.000499963760375977e+00,1.000499963760375977e+00,1.000499963760375977e+00,1.000499963760375977e+00,1.000499963760375977e+00,1.000499963760375977e+00,1.000499963760375977e+00,1.000499963760375977e+00,1.000499963760375977e+00,1.000499963760375977e+00,1.000499963760375977e+00,1.000499963760375977e+00
1.635451507568359375e+01,1.000499963760375977e+00,1.000499963760375977e+00,1.000499963760375977e+00,1.000499963760375977e+00,1.000499963760375977e+00,1.000499963760375977e+00,1.000499963760375977e+00,1.000499963760375977e+00,1.000499963760375977e+00,1.000499963760375977e+00,1.000499963760375977e+00,1.000499963760375977e+00,1.000499963760375977e+00,1.000499963760375977e+00,1.000499963760375977e+00,1.000499963760375977e+00
1.645484924316406250e+01,1.000499963760375977e+00,1.000499963760375977e+00,1.000499963760375977e+00,1.000499963760375977e+00,1.000499963760375977e+00,1.000499963760375977e+00,1.000499963760375977e+00,1.000499963760375977e+00,1.000499963760375977e+00,1.000499963760375977e+00,1.000499963760375977e+00,1.000499963760375977e+00,1.000499963760375977e+00,1.000499963760375977e+00,1.000499963760375977e+00,1.000499963760375977e+00
1.655518341064453125e+01,1.000499963760375977e+00,1.000499963760375977e+00,1.000499963760375977e+00,1.000499963760375977e+00,1.000499963760375977e+00,1.000499963760375977e+00,1.000499963760375977e+00,1.000499963760375977e+00,1.000499963760375977e+00,1.000499963760375977e+00,1.000499963760375977e+00,1.000499963760375977e+00,1.000499963760375977e+00,1.000499963760375977e+00,1.000499963760375977e+00,1.000499963760375977e+00
1.665551757812500000e+01,1.000499963760375977e+00,1.000499963760375977e+00,1.000499963760375977e+00,1.000499963760375977e+00,1.000499963760375977e+00,1.000499963760375977e+00,1.000499963760375977e+00,1.000499963760375977e+00,1.000499963760375977e+00,1.000499963760375977e+00,1.000499963760375977e+00,1.000499963760375977e+00,1.000499963760375977e+00,1.000499963760375977e+00,1.000499963760375977e+00,1.000499963760375977e+00
1.675585365295410156e+01,1.000499963760375977e+00,1.000499963760375977e+00,1.000499963760375977e+00,1.000499963760375977e+00,1.000499963760375977e+00,1.000499963760375977e+00,1.000499963760375977e+00,1.000499963760375977e+00,1.000499963760375977e+00,1.000499963760375977e+00,1.000499963760375977e+00,1.000499963760375977e+00,1.000499963760375977e+00,1.000499963760375977e+00,1.000499963760375977e+00,1.000499963760375977e+00
1.685618782043457031e+01,1.000499963760375977e+00,1.000499963760375977e+00,1.000499963760375977e+00,1.000499963760375977e+00,1.000499963760375977e+00,1.000499963760375977e+00,1.000499963760375977e+00,1.000499963760375977e+00,1.000499963760375977e+00,1.000499963760375977e+00,1.000499963760375977e+00,1.000499963760375977e+00,1.000499963760375977e+00,1.000499963760375977e+00,1.000499963760375977e+00,1.000499963760375977e+00
1.695652198791503906e+01,1.000499963760375977e+00,1.000499963760375977e+00,1.000499963760375977e+00,1.000499963760375977e+00,1.000499963760375977e+00,1.000499963760375977e+00,1.000499963760375977e+00,1.000499963760375977e+00,1.000499963760375977e+00,1.000499963760375977e+00,1.000499963760375977e+00,1.000499963760375977e+00,1.000499963760375977e+00,1.000499963760375977e+00,1.000499963760375977e+00,1.000499963760375977e+00
1.705685615539550781e+01,1.000499963760375977e+00,1.000499963760375977e+00,1.000499963760375977e+00,1.000499963760375977e+00,1.000499963760375977e+00,1.000499963760375977e+00,1.000499963760375977e+00,1.000499963760375977e+00,1.000499963760375977e+00,1.000499963760375977e+00,1.000499963760375977e+00,1.000499963760375977e+00,1.000499963760375977e+00,1.000499963760375977e+00,1.000499963760375977e+00,1.000499963760375977e+00
1.715719032287597656e+01,1.000499963760375977e+00,1.000499963760375977e+00,1.000499963760375977e+00,1.000499963760375977e+00,1.000499963760375977e+00,1.000499963760375977e+00,1.000499963760375977e+00,1.000499963760375977e+00,1.000499963760375977e+00,1.000499963760375977e+00,1.000499963760375977e+00,1.000499963760375977e+00,1.000499963760375977e+00,1.000499963760375977e+00,1.000499963760375977e+00,1.000499963760375977e+00
1.725752449035644531e+01,1.000499963760375977e+00,1.000499963760375977e+00,1.000499963760375977e+00,1.000499963760375977e+00,1.000499963760375977e+00,1.000499963760375977e+00,1.000499963760375977e+00,1.000499963760375977e+00,1.000499963760375977e+00,1.000499963760375977e+00,1.000499963760375977e+00,1.000499963760375977e+00,1.000499963760375977e+00,1.000499963760375977e+00,1.000499963760375977e+00,1.000499963760375977e+00
1.735785865783691406e+01,1.000499963760375977e+00,1.000499963760375977e+00,1.000499963760375977e+00,1.000499963760375977e+00,1.000499963760375977e+00,1.000499963760375977e+00,1.000499963760375977e+00,1.000499963760375977e+00,1.000499963760375977e+00,1.000499963760375977e+00,1.000499963760375977e+00,1.000499963760375977e+00,1.000499963760375977e+00,1.000499963760375977e+00,1.000499963760375977e+00,1.000499963760375977e+00
1.745819473266601562e+01,1.000499963760375977e+00,1.000499963760375977e+00,1.000499963760375977e+00,1.000499963760375977e+00,1.000499963760375977e+00,1.000499963760375977e+00,1.000499963760375977e+00,1.000499963760375977e+00,1.000499963760375977e+00,1.000499963760375977e+00,1.000499963760375977e+00,1.000499963760375977e+00,1.000499963760375977e+00,1.000499963760375977e+00,1.000499963760375977e+00,1.000499963760375977e+00
1.755852890014648438e+01,1.000499963760375977e+00,1.000499963760375977e+00,1.000499963760375977e+00,1.000499963760375977e+00,1.000499963760375977e+00,1.000499963760375977e+00,1.000499963760375977e+00,1.000499963760375977e+00,1.000499963760375977e+00,1.000499963760375977e+00,1.000499963760375977e+00,1.000499963760375977e+00,1.000499963760375977e+00,1.000499963760375977e+00,1.000499963760375977e+00,1.000499963760375977e+00
1.765886306762695312e+01,1.000499963760375977e+00,1.000499963760375977e+00,1.000499963760375977e+00,1.000499963760375977e+00,1.000499963760375977e+00,1.000499963760375977e+00,1.000499963760375977e+00,1.000499963760375977e+00,1.000499963760375977e+00,1.000499963760375977e+00,1.000499963760375977e+00,1.000499963760375977e+00,1.000499963760375977e+00,1.000499963760375977e+00,1.000499963760375977e+00,1.000499963760375977e+00
1.775919723510742188e+01,1.000499963760375977e+00,1.000499963760375977e+00,1.000499963760375977e+00,1.000499963760375977e+00,1.000499963760375977e+00,1.000499963760375977e+00,1.000499963760375977e+00,1.000499963760375977e+00,1.000499963760375977e+00,1.000499963760375977e+00,1.000499963760375977e+00,1.000499963760375977e+00,1.000499963760375977e+00,1.000499963760375977e+00,1.000499963760375977e+00,1.000499963760375977e+00
1.785953140258789062e+01,1.000499963760375977e+00,1.000499963760375977e+00,1.000499963760375977e+00,1.000499963760375977e+00,1.000499963760375977e+00,1.000499963760375977e+00,1.000499963760375977e+00,1.000499963760375977e+00,1.000499963760375977e+00,1.000499963760375977e+00,1.000499963760375977e+00,1.000499963760375977e+00,1.000499963760375977e+00,1.000499963760375977e+00,1.000499963760375977e+00,1.000499963760375977e+00
1.795986557006835938e+01,1.000499963760375977e+00,1.000499963760375977e+00,1.000499963760375977e+00,1.000499963760375977e+00,1.000499963760375977e+00,1.000499963760375977e+00,1.000499963760375977e+00,1.000499963760375977e+00,1.000499963760375977e+00,1.000499963760375977e+00,1.000499963760375977e+00,1.000499963760375977e+00,1.000499963760375977e+00,1.000499963760375977e+00,1.000499963760375977e+00,1.000499963760375977e+00
1.806019973754882812e+01,1.000499963760375977e+00,1.000499963760375977e+00,1.000499963760375977e+00,1.000499963760375977e+00,1.000499963760375977e+00,1.000499963760375977e+00,1.000499963760375977e+00,1.000499963760375977e+00,1.000499963760375977e+00,1.000499963760375977e+00,1.000499963760375977e+00,1.000499963760375977e+00,1.000499963760375977e+00,1.000499963760375977e+00,1.000499963760375977e+00,1.000499963760375977e+00
1.816053581237792969e+01,1.000499963760375977e+00,1.000499963760375977e+00,1.000499963760375977e+00,1.000499963760375977e+00,1.000499963760375977e+00,1.000499963760375977e+00,1.000499963760375977e+00,1.000499963760375977e+00,1.000499963760375977e+00,1.000499963760375977e+00,1.000499963760375977e+00,1.000499963760375977e+00,1.000499963760375977e+00,1.000499963760375977e+00,1.000499963760375977e+00,1.000499963760375977e+00
1.826086997985839844e+01,1.000499963760375977e+00,1.000499963760375977e+00,1.000499963760375977e+00,1.000499963760375977e+00,1.000499963760375977e+00,1.000499963760375977e+00,1.000499963760375977e+00,1.000499963760375977e+00,1.000499963760375977e+00,1.000499963760375977e+00,1.000499963760375977e+00,1.000499963760375977e+00,1.000499963760375977e+00,1.000499963760375977e+00,1.000499963760375977e+00,1.000499963760375977e+00
1.836120414733886719e+01,1.000499963760375977e+00,1.000499963760375977e+00,1.000499963760375977e+00,1.000499963760375977e+00,1.000499963760375977e+00,1.000499963760375977e+00,1.000499963760375977e+00,1.000499963760375977e+00,1.000499963760375977e+00,1.000499963760375977e+00,1.000499963760375977e+00,1.000499963760375977e+00,1.000499963760375977e+00,1.000499963760375977e+00,1.000499963760375977e+00,1.000499963760375977e+00
1.846153831481933594e+01,1.000499963760375977e+00,1.000499963760375977e+00,1.000499963760375977e+00,1.000499963760375977e+00,1.000499963760375977e+00,1.000499963760375977e+00,1.000499963760375977e+00,1.000499963760375977e+00,1.000499963760375977e+00,1.000499963760375977e+00,1.000499963760375977e+00,1.000499963760375977e+00,1.000499963760375977e+00,1.000499963760375977e+00,1.000499963760375977e+00,1.000499963760375977e+00
1.856187248229980469e+01,1.000499963760375977e+00,1.000499963760375977e+00,1.000499963760375977e+00,1.000499963760375977e+00,1.000499963760375977e+00,1.000499963760375977e+00,1.000499963760375977e+00,1.000499963760375977e+00,1.000499963760375977e+00,1.000499963760375977e+00,1.000499963760375977e+00,1.000499963760375977e+00,1.000499963760375977e+00,1.000499963760375977e+00,1.000499963760375977e+00,1.000499963760375977e+00
1.866220664978027344e+01,1.000499963760375977e+00,1.000499963760375977e+00,1.000499963760375977e+00,1.000499963760375977e+00,1.000499963760375977e+00,1.000499963760375977e+00,1.000499963760375977e+00,1.000499963760375977e+00,1.000499963760375977e+00,1.000499963760375977e+00,1.000499963760375977e+00,1.000499963760375977e+00,1.000499963760375977e+00,1.000499963760375977e+00,1.000499963760375977e+00,1.000499963760375977e+00
1.876254272460937500e+01,1.000499963760375977e+00,1.000499963760375977e+00,1.000499963760375977e+00,1.000499963760375977e+00,1.000499963760375977e+00,1.000499963760375977e+00,1.000499963760375977e+00,1.000499963760375977e+00,1.000499963760375977e+00,1.000499963760375977e+00,1.000499963760375977e+00,1.000499963760375977e+00,1.000499963760375977e+00,1.000499963760375977e+00,1.000499963760375977e+00,1.000499963760375977e+00
1.886287689208984375e+01,1.000499963760375977e+00,1.000499963760375977e+00,1.000499963760375977e+00,1.000499963760375977e+00,1.000499963760375977e+00,1.000499963760375977e+00,1.000499963760375977e+00,1.000499963760375977e+00,1.000499963760375977e+00,1.000499963760375977e+00,1.000499963760375977e+00,1.000499963760375977e+00,1.000499963760375977e+00,1.000499963760375977e+00,1.000499963760375977e+00,1.000499963760375977e+00
1.896321105957031250e+01,1.000499963760375977e+00,1.000499963760375977e+00,1.000499963760375977e+00,1.000499963760375977e+00,1.000499963760375977e+00,1.000499963760375977e+00,1.000499963760375977e+00,1.000499963760375977e+00,1.000499963760375977e+00,1.000499963760375977e+00,1.000499963760375977e+00,1.000499963760375977e+00,1.000499963760375977e+00,1.000499963760375977e+00,1.000499963760375977e+00,1.000499963760375977e+00
1.906354522705078125e+01,1.000499963760375977e+00,1.000499963760375977e+00,1.000499963760375977e+00,1.000499963760375977e+00,1.000499963760375977e+00,1.000499963760375977e+00,1.000499963760375977e+00,1.000499963760375977e+00,1.000499963760375977e+00,1.000499963760375977e+00,1.000499963760375977e+00,1.000499963760375977e+00,1.000499963760375977e+00,1.000499963760375977e+00,1.000499963760375977e+00,1.000499963760375977e+00
1.916387939453125000e+01,1.000499963760375977e+00,1.000499963760375977e+00,1.000499963760375977e+00,1.000499963760375977e+00,1.000499963760375977e+00,1.000499963760375977e+00,1.000499963760375977e+00,1.000499963760375977e+00,1.000499963760375977e+00,1.000499963760375977e+00,1.000499963760375977e+00,1.000499963760375977e+00,1.000499963760375977e+00,1.000499963760375977e+00,1.000499963760375977e+00,1.000499963760375977e+00
1.926421356201171875e+01,1.000499963760375977e+00,1.000499963760375977e+00,1.000499963760375977e+00,1.000499963760375977e+00,1.000499963760375977e+00,1.000499963760375977e+00,1.000499963760375977e+00,1.000499963760375977e+00,1.000499963760375977e+00,1.000499963760375977e+00,1.000499963760375977e+00,1.000499963760375977e+00,1.000499963760375977e+00,1.000499963760375977e+00,1.000499963760375977e+00,1.000499963760375977e+00
1.936454772949218750e+01,1.000499963760375977e+00,1.000499963760375977e+00,1.000499963760375977e+00,1.000499963760375977e+00,1.000499963760375977e+00,1.000499963760375977e+00,1.000499963760375977e+00,1.000499963760375977e+00,1.000499963760375977e+00,1.000499963760375977e+00,1.000499963760375977e+00,1.000499963760375977e+00,1.000499963760375977e+00,1.000499963760375977e+00,1.000499963760375977e+00,1.000499963760375977e+00
1.946488380432128906e+01,1.000499963760375977e+00,1.000499963760375977e+00,1.000499963760375977e+00,1.000499963760375977e+00,1.000499963760375977e+00,1.000499963760375977e+00,1.000499963760375977e+00,1.000499963760375977e+00,1.000499963760375977e+00,1.000499963760375977e+00,1.000499963760375977e+00,1.000499963760375977e+00,1.000499963760375977e+00,1.000499963760375977e+00,1.000499963760375977e+00,1.000499963760375977e+00
1.956521797180175781e+01,1.000499963760375977e+00,1.000499963760375977e+00,1.000499963760375977e+00,1.000499963760375977e+00,1.000499963760375977e+00,1.000499963760375977e+00,1.000499963760375977e+00,1.000499963760375977e+00,1.000499963760375977e+00,1.000499963760375977e+00,1.000499963760375977e+00,1.000499963760375977e+00,1.000499963760375977e+00,1.000499963760375977e+00,1.000499963760375977e+00,1.000499963760375977e+00
1.966555213928222656e+01,1.000499963760375977e+00,1.000499963760375977e+00,1.000499963760375977e+00,1.000499963760375977e+00,1.000499963760375977e+00,1.000499963760375977e+00,1.000499963760375977e+00,1.000499963760375977e+00,1.000499963760375977e+00,1.000499963760375977e+00,1.000499963760375977e+00,1.000499963760375977e+00,1.000499963760375977e+00,1.000499963760375977e+00,1.000499963760375977e+00,1.000499963760375977e+00
1.976588630676269531e+01,1.000499963760375977e+00,1.000499963760375977e+00,1.000499963760375977e+00,1.000499963760375977e+00,1.000499963760375977e+00,1.000499963760375977e+00,1.000499963760375977e+00,1.000499963760375977e+00,1.000499963760375977e+00,1.000499963760375977e+00,1.000499963760375977e+00,1.000499963760375977e+00,1.000499963760375977e+00,1.000499963760375977e+00,1.000499963760375977e+00,1.000499963760375977e+00
1.986622047424316406e+01,1.000499963760375977e+00,1.000499963760375977e+00,1.000499963760375977e+00,1.000499963760375977e+00,1.000499963760375977e+00,1.000499963760375977e+00,1.000499963760375977e+00,1.000499963760375977e+00,1.000499963760375977e+00,1.000499963760375977e+00,1.000499963760375977e+00,1.000499963760375977e+00,1.000499963760375977e+00,1.000499963760375977e+00,1.000499963760375977e+00,1.000499963760375977e+00
1.996655464172363281e+01,1.000499963760375977e+00,1.000499963760375977e+00,1.000499963760375977e+00,1.000499963760375977e+00,1.000499963760375977e+00,1.000499963760375977e+00,1.000499963760375977e+00,1.000499963760375977e+00,1.000499963760375977e+00,1.000499963760375977e+00,1.000499963760375977e+00,1.000499963760375977e+00,1.000499963760375977e+00,1.000499963760375977e+00,1.000499963760375977e+00,1.000499963760375977e+00
2.006688880920410156e+01,1.000499963760375977e+00,1.000499963760375977e+00,1.000499963760375977e+00,1.000499963760375977e+00,1.000499963760375977e+00,1.000499963760375977e+00,1.000499963760375977e+00,1.000499963760375977e+00,1.000499963760375977e+00,1.000499963760375977e+00,1.000499963760375977e+00,1.000499963760375977e+00,1.000499963760375977e+00,1.000499963760375977e+00,1.000499963760375977e+00,1.000499963760375977e+00
2.016722488403320312e+01,1.000499963760375977e+00,1.000499963760375977e+00,1.000499963760375977e+00,1.000499963760375977e+00,1.000499963760375977e+00,1.000499963760375977e+00,1.000499963760375977e+00,1.000499963760375977e+00,1.000499963760375977e+00,1.000499963760375977e+00,1.000499963760375977e+00,1.000499963760375977e+00,1.000499963760375977e+00,1.000499963760375977e+00,1.000499963760375977e+00,1.000499963760375977e+00
2.026755905151367188e+01,1.000499963760375977e+00,1.000499963760375977e+00,1.000499963760375977e+00,1.000499963760375977e+00,1.000499963760375977e+00,1.000499963760375977e+00,1.000499963760375977e+00,1.000499963760375977e+00,1.000499963760375977e+00,1.000499963760375977e+00,1.000499963760375977e+00,1.000499963760375977e+00,1.000499963760375977e+00,1.000499963760375977e+00,1.000499963760375977e+00,1.000499963760375977e+00
2.036789321899414062e+01,1.000499963760375977e+00,1.000499963760375977e+00,1.000499963760375977e+00,1.000499963760375977e+00,1.000499963760375977e+00,1.000499963760375977e+00,1.000499963760375977e+00,1.000499963760375977e+00,1.000499963760375977e+00,1.000499963760375977e+00,1.000499963760375977e+00,1.000499963760375977e+00,1.000499963760375977e+00,1.000499963760375977e+00,1.000499963760375977e+00,1.000499963760375977e+00
2.046822738647460938e+01,1.000499963760375977e+00,1.000499963760375977e+00,1.000499963760375977e+00,1.000499963760375977e+00,1.000499963760375977e+00,1.000499963760375977e+00,1.000499963760375977e+00,1.000499963760375977e+00,1.000499963760375977e+00,1.000499963760375977e+00,1.000499963760375977e+00,1.000499963760375977e+00,1.000499963760375977e+00,1.000499963760375977e+00,1.000499963760375977e+00,1.000499963760375977e+00
2.056856155395507812e+01,1.000499963760375977e+00,1.000499963760375977e+00,1.000499963760375977e+00,1.000499963760375977e+00,1.000499963760375977e+00,1.000499963760375977e+00,1.000499963760375977e+00,1.000499963760375977e+00,1.000499963760375977e+00,1.000499963760375977e+00,1.000499963760375977e+00,1.000499963760375977e+00,1.000499963760375977e+00,1.000499963760375977e+00,1.000499963760375977e+00,1.000499963760375977e+00
2.066889572143554688e+01,1.000499963760375977e+00,1.000499963760375977e+00,1.000499963760375977e+00,1.000499963760375977e+00,1.000499963760375977e+00,1.000499963760375977e+00,1.000499963760375977e+00,1.000499963760375977e+00,1.000499963760375977e+00,1.000499963760375977e+00,1.000499963760375977e+00,1.000499963760375977e+00,1.000499963760375977e+00,1.000499963760375977e+00,1.000499963760375977e+00,1.000499963760375977e+00
2.076922988891601562e+01,1.000499963760375977e+00,1.000499963760375977e+00,1.000499963760375977e+00,1.000499963760375977e+00,1.000499963760375977e+00,1.000499963760375977e+00,1.000499963760375977e+00,1.000499963760375977e+00,1.000499963760375977e+00,1.000499963760375977e+00,1.000499963760375977e+00,1.000499963760375977e+00,1.000499963760375977e+00,1.000499963760375977e+00,1.000499963760375977e+00,1.000499963760375977e+00
2.086956596374511719e+01,1.000499963760375977e+00,1.000499963760375977e+00,1.000499963760375977e+00,1.000499963760375977e+00,1.000499963760375977e+00,1.000499963760375977e+00,1.000499963760375977e+00,1.000499963760375977e+00,1.000499963760375977e+00,1.000499963760375977e+00,1.000499963760375977e+00,1.000499963760375977e+00,1.000499963760375977e+00,1.000499963760375977e+00,1.000499963760375977e+00,1.000499963760375977e+00
2.096990013122558594e+01,1.000499963760375977e+00,1.000499963760375977e+00,1.000499963760375977e+00,1.000499963760375977e+00,1.000499963760375977e+00,1.000499963760375977e+00,1.000499963760375977e+00,1.000499963760375977e+00,1.000499963760375977e+00,1.000499963760375977e+00,1.000499963760375977e+00,1.000499963760375977e+00,1.000499963760375977e+00,1.000499963760375977e+00,1.000499963760375977e+00,1.000499963760375977e+00
2.107023429870605469e+01,1.000499963760375977e+00,1.000499963760375977e+00,1.000499963760375977e+00,1.000499963760375977e+00,1.000499963760375977e+00,1.000499963760375977e+00,1.000499963760375977e+00,1.000499963760375977e+00,1.000499963760375977e+00,1.000499963760375977e+00,1.000499963760375977e+00,1.000499963760375977e+00,1.000499963760375977e+00,1.000499963760375977e+00,1.000499963760375977e+00,1.000499963760375977e+00
2.117056846618652344e+01,1.000499963760375977e+00,1.000499963760375977e+00,1.000499963760375977e+00,1.000499963760375977e+00,1.000499963760375977e+00,1.000499963760375977e+00,1.000499963760375977e+00,1.000499963760375977e+00,1.000499963760375977e+00,1.000499963760375977e+00,1.000499963760375977e+00,1.000499963760375977e+00,1.000499963760375977e+00,1.000499963760375977e+00,1.000499963760375977e+00,1.000499963760375977e+00
2.127090263366699219e+01,1.000499963760375977e+00,1.000499963760375977e+00,1.000499963760375977e+00,1.000499963760375977e+00,1.000499963760375977e+00,1.000499963760375977e+00,1.000499963760375977e+00,1.000499963760375977e+00,1.000499963760375977e+00,1.000499963760375977e+00,1.000499963760375977e+00,1.000499963760375977e+00,1.000499963760375977e+00,1.000499963760375977e+00,1.000499963760375977e+00,1.000499963760375977e+00
2.137123680114746094e+01,1.000499963760375977e+00,1.000499963760375977e+00,1.000499963760375977e+00,1.000499963760375977e+00,1.000499963760375977e+00,1.000499963760375977e+00,1.000499963760375977e+00,1.000499963760375977e+00,1.000499963760375977e+00,1.000499963760375977e+00,1.000499963760375977e+00,1.000499963760375977e+00,1.000499963760375977e+00,1.000499963760375977e+00,1.000499963760375977e+00,1.000499963760375977e+00
2.147157096862792969e+01,1.000499963760375977e+00,1.000499963760375977e+00,1.000499963760375977e+00,1.000499963760375977e+00,1.000499963760375977e+00,1.000499963760375977e+00,1.000499963760375977e+00,1.000499963760375977e+00,1.000499963760375977e+00,1.000499963760375977e+00,1.000499963760375977e+00,1.000499963760375977e+00,1.000499963760375977e+00,1.000499963760375977e+00,1.000499963760375977e+00,1.000499963760375977e+00
2.157190704345703125e+01,1.000499963760375977e+00,1.000499963760375977e+00,1.000499963760375977e+00,1.000499963760375977e+00,1.000499963760375977e+00,1.000499963760375977e+00,1.000499963760375977e+00,1.000499963760375977e+00,1.000499963760375977e+00,1.000499963760375977e+00,1.000499963760375977e+00,1.000499963760375977e+00,1.000499963760375977e+00,1.000499963760375977e+00,1.000499963760375977e+00,1.000499963760375977e+00
2.167224121093750000e+01,1.000499963760375977e+00,1.000499963760375977e+00,1.000499963760375977e+00,1.000499963760375977e+00,1.000499963760375977e+00,1.000499963760375977e+00,1.000499963760375977e+00,1.000499963760375977e+00,1.000499963760375977e+00,1.000499963760375977e+00,1.000499963760375977e+00,1.000499963760375977e+00,1.000499963760375977e+00,1.000499963760375977e+00,1.000499963760375977e+00,1.000499963760375977e+00
2.177257537841796875e+01,1.000499963760375977e+00,1.000499963760375977e+00,1.000499963760375977e+00,1.000499963760375977e+00,1.000499963760375977e+00,1.000499963760375977e+00,1.000499963760375977e+00,1.000499963760375977e+00,1.000499963760375977e+00,1.000499963760375977e+00,1.000499963760375977e+00,1.000499963760375977e+00,1.000499963760375977e+00,1.000499963760375977e+00,1.000499963760375977e+00,1.000499963760375977e+00
2.187290954589843750e+01,1.000499963760375977e+00,1.000499963760375977e+00,1.000499963760375977e+00,1.000499963760375977e+00,1.000499963760375977e+00,1.000499963760375977e+00,1.000499963760375977e+00,1.000499963760375977e+00,1.000499963760375977e+00,1.000499963760375977e+00,1.000499963760375977e+00,1.000499963760375977e+00,1.000499963760375977e+00,1.000499963760375977e+00,1.000499963760375977e+00,1.000499963760375977e+00
2.197324371337890625e+01,1.000499963760375977e+00,1.000499963760375977e+00,1.000499963760375977e+00,1.000499963760375977e+00,1.000499963760375977e+00,1.000499963760375977e+00,1.000499963760375977e+00,1.000499963760375977e+00,1.000499963760375977e+00,1.000499963760375977e+00,1.000499963760375977e+00,1.000499963760375977e+00,1.000499963760375977e+00,1.000499963760375977e+00,1.000499963760375977e+00,1.000499963760375977e+00
2.207357788085937500e+01,1.000499963760375977e+00,1.000499963760375977e+00,1.000499963760375977e+00,1.000499963760375977e+00,1.000499963760375977e+00,1.000499963760375977e+00,1.000499963760375977e+00,1.000499963760375977e+00,1.000499963760375977e+00,1.000499963760375977e+00,1.000499963760375977e+00,1.000499963760375977e+00,1.000499963760375977e+00,1.000499963760375977e+00,1.000499963760375977e+00,1.000499963760375977e+00
2.217391395568847656e+01,1.000499963760375977e+00,1.000499963760375977e+00,1.000499963760375977e+00,1.000499963760375977e+00,1.000499963760375977e+00,1.000499963760375977e+00,1.000499963760375977e+00,1.000499963760375977e+00,1.000499963760375977e+00,1.000499963760375977e+00,1.000499963760375977e+00,1.000499963760375977e+00,1.000499963760375977e+00,1.000499963760375977e+00,1.000499963760375977e+00,1.000499963760375977e+00
2.227424812316894531e+01,1.000499963760375977e+00,1.000499963760375977e+00,1.000499963760375977e+00,1.000499963760375977e+00,1.000499963760375977e+00,1.000499963760375977e+00,1.000499963760375977e+00,1.000499963760375977e+00,1.000499963760375977e+00,1.000499963760375977e+00,1.000499963760375977e+00,1.000499963760375977e+00,1.000499963760375977e+00,1.000499963760375977e+00,1.000499963760375977e+00,1.000499963760375977e+00
2.237458229064941406e+01,1.000499963760375977e+00,1.000499963760375977e+00,1.000499963760375977e+00,1.000499963760375977e+00,1.000499963760375977e+00,1.000499963760375977e+00,1.000499963760375977e+00,1.000499963760375977e+00,1.000499963760375977e+00,1.000499963760375977e+00,1.000499963760375977e+00,1.000499963760375977e+00,1.000499963760375977e+00,1.000499963760375977e+00,1.000499963760375977e+00,1.000499963760375977e+00
2.247491645812988281e+01,1.000499963760375977e+00,1.000499963760375977e+00,1.000499963760375977e+00,1.000499963760375977e+00,1.000499963760375977e+00,1.000499963760375977e+00,1.000499963760375977e+00,1.000499963760375977e+00,1.000499963760375977e+00,1.000499963760375977e+00,1.000499963760375977e+00,1.000499963760375977e+00,1.000499963760375977e+00,1.000499963760375977e+00,1.000499963760375977e+00,1.000499963760375977e+00
2.257525062561035156e+01,1.000499963760375977e+00,1.000499963760375977e+00,1.000499963760375977e+00,1.000499963760375977e+00,1.000499963760375977e+00,1.000499963760375977e+00,1.000499963760375977e+00,1.000499963760375977e+00,1.000499963760375977e+00,1.000499963760375977e+00,1.000499963760375977e+00,1.000499963760375977e+00,1.000499963760375977e+00,1.000499963760375977e+00,1.000499963760375977e+00,1.000499963760375977e+00
2.267558479309082031e+01,1.000499963760375977e+00,1.000499963760375977e+00,1.000499963760375977e+00,1.000499963760375977e+00,1.000499963760375977e+00,1.000499963760375977e+00,1.000499963760375977e+00,1.000499963760375977e+00,1.000499963760375977e+00,1.000499963760375977e+00,1.000499963760375977e+00,1.000499963760375977e+00,1.000499963760375977e+00,1.000499963760375977e+00,1.000499963760375977e+00,1.000499963760375977e+00
2.277591896057128906e+01,1.000499963760375977e+00,1.000499963760375977e+00,1.000499963760375977e+00,1.000499963760375977e+00,1.000499963760375977e+00,1.000499963760375977e+00,1.000499963760375977e+00,1.000499963760375977e+00,1.000499963760375977e+00,1.000499963760375977e+00,1.000499963760375977e+00,1.000499963760375977e+00,1.000499963760375977e+00,1.000499963760375977e+00,1.000499963760375977e+00,1.000499963760375977e+00
2.287625503540039062e+01,1.000499963760375977e+00,1.000499963760375977e+00,1.000499963760375977e+00,1.000499963760375977e+00,1.000499963760375977e+00,1.000499963760375977e+00,1.000499963760375977e+00,1.000499963760375977e+00,1.000499963760375977e+00,1.000499963760375977e+00,1.000499963760375977e+00,1.000499963760375977e+00,1.000499963760375977e+00,1.000499963760375977e+00,1.000499963760375977e+00,1.000499963760375977e+00
2.297658920288085938e+01,1.000499963760375977e+00,1.000499963760375977e+00,1.000499963760375977e+00,1.000499963760375977e+00,1.000499963760375977e+00,1.000499963760375977e+00,1.000499963760375977e+00,1.000499963760375977e+00,1.000499963760375977e+00,1.000499963760375977e+00,1.000499963760375977e+00,1.000499963760375977e+00,1.000499963760375977e+00,1.000499963760375977e+00,1.000499963760375977e+00,1.000499963760375977e+00
2.307692337036132812e+01,1.000499963760375977e+00,1.000499963760375977e+00,1.000499963760375977e+00,1.000499963760375977e+00,1.000499963760375977e+00,1.000499963760375977e+00,1.000499963760375977e+00,1.000499963760375977e+00,1.000499963760375977e+00,1.000499963760375977e+00,1.000499963760375977e+00,1.000499963760375977e+00,1.000499963760375977e+00,1.000499963760375977e+00,1.000499963760375977e+00,1.000499963760375977e+00
2.317725753784179688e+01,1.000499963760375977e+00,1.000499963760375977e+00,1.000499963760375977e+00,1.000499963760375977e+00,1.000499963760375977e+00,1.000499963760375977e+00,1.000499963760375977e+00,1.000499963760375977e+00,1.000499963760375977e+00,1.000499963760375977e+00,1.000499963760375977e+00,1.000499963760375977e+00,1.000499963760375977e+00,1.000499963760375977e+00,1.000499963760375977e+00,1.000499963760375977e+00
2.327759170532226562e+01,1.000499963760375977e+00,1.000499963760375977e+00,1.000499963760375977e+00,1.000499963760375977e+00,1.000499963760375977e+00,1.000499963760375977e+00,1.000499963760375977e+00,1.000499963760375977e+00,1.000499963760375977e+00,1.000499963760375977e+00,1.000499963760375977e+00,1.000499963760375977e+00,1.000499963760375977e+00,1.000499963760375977e+00,1.000499963760375977e+00,1.000499963760375977e+00
2.337792587280273438e+01,1.000499963760375977e+00,1.000499963760375977e+00,1.000499963760375977e+00,1.000499963760375977e+00,1.000499963760375977e+00,1.000499963760375977e+00,1.000499963760375977e+00,1.000499963760375977e+00,1.000499963760375977e+00,1.000499963760375977e+00,1.000499963760375977e+00,1.000499963760375977e+00,1.000499963760375977e+00,1.000499963760375977e+00,1.000499963760375977e+00,1.000499963760375977e+00
2.347826004028320312e+01,1.000499963760375977e+00,1.000499963760375977e+00,1.000499963760375977e+00,1.000499963760375977e+00,1.000499963760375977e+00,1.000499963760375977e+00,1.000499963760375977e+00,1.000499963760375977e+00,1.000499963760375977e+00,1.000499963760375977e+00,1.000499963760375977e+00,1.000499963760375977e+00,1.000499963760375977e+00,1.000499963760375977e+00,1.000499963760375977e+00,1.000499963760375977e+00
2.357859611511230469e+01,1.000499963760375977e+00,1.000499963760375977e+00,1.000499963760375977e+00,1.000499963760375977e+00,1.000499963760375977e+00,1.000499963760375977e+00,1.000499963760375977e+00,1.000499963760375977e+00,1.000499963760375977e+00,1.000499963760375977e+00,1.000499963760375977e+00,1.000499963760375977e+00,1.000499963760375977e+00,1.000499963760375977e+00,1.000499963760375977e+00,1.000499963760375977e+00
2.367893028259277344e+01,1.000499963760375977e+00,1.000499963760375977e+00,1.000499963760375977e+00,1.000499963760375977e+00,1.000499963760375977e+00,1.000499963760375977e+00,1.000499963760375977e+00,1.000499963760375977e+00,1.000499963760375977e+00,1.000499963760375977e+00,1.000499963760375977e+00,1.000499963760375977e+00,1.000499963760375977e+00,1.000499963760375977e+00,1.000499963760375977e+00,1.000499963760375977e+00
2.377926445007324219e+01,1.000499963760375977e+00,1.000499963760375977e+00,1.000499963760375977e+00,1.000499963760375977e+00,1.000499963760375977e+00,1.000499963760375977e+00,1.000499963760375977e+00,1.000499963760375977e+00,1.000499963760375977e+00,1.000499963760375977e+00,1.000499963760375977e+00,1.000499963760375977e+00,1.000499963760375977e+00,1.000499963760375977e+00,1.000499963760375977e+00,1.000499963760375977e+00
2.387959861755371094e+01,1.000499963760375977e+00,1.000499963760375977e+00,1.000499963760375977e+00,1.000499963760375977e+00,1.000499963760375977e+00,1.000499963760375977e+00,1.000499963760375977e+00,1.000499963760375977e+00,1.000499963760375977e+00,1.000499963760375977e+00,1.000499963760375977e+00,1.000499963760375977e+00,1.000499963760375977e+00,1.000499963760375977e+00,1.000499963760375977e+00,1.000499963760375977e+00
2.397993278503417969e+01,1.000499963760375977e+00,1.000499963760375977e+00,1.000499963760375977e+00,1.000499963760375977e+00,1.000499963760375977e+00,1.000499963760375977e+00,1.000499963760375977e+00,1.000499963760375977e+00,1.000499963760375977e+00,1.000499963760375977e+00,1.000499963760375977e+00,1.000499963760375977e+00,1.000499963760375977e+00,1.000499963760375977e+00,1.000499963760375977e+00,1.000499963760375977e+00
2.408026695251464844e+01,1.000499963760375977e+00,1.000499963760375977e+00,1.000499963760375977e+00,1.000499963760375977e+00,1.000499963760375977e+00,1.000499963760375977e+00,1.000499963760375977e+00,1.000499963760375977e+00,1.000499963760375977e+00,1.000499963760375977e+00,1.000499963760375977e+00,1.000499963760375977e+00,1.000499963760375977e+00,1.000499963760375977e+00,1.000499963760375977e+00,1.000499963760375977e+00
2.418060111999511719e+01,1.000499963760375977e+00,1.000499963760375977e+00,1.000499963760375977e+00,1.000499963760375977e+00,1.000499963760375977e+00,1.000499963760375977e+00,1.000499963760375977e+00,1.000499963760375977e+00,1.000499963760375977e+00,1.000499963760375977e+00,1.000499963760375977e+00,1.000499963760375977e+00,1.000499963760375977e+00,1.000499963760375977e+00,1.000499963760375977e+00,1.000499963760375977e+00
2.428093719482421875e+01,1.000499963760375977e+00,1.000499963760375977e+00,1.000499963760375977e+00,1.000499963760375977e+00,1.000499963760375977e+00,1.000499963760375977e+00,1.000499963760375977e+00,1.000499963760375977e+00,1.000499963760375977e+00,1.000499963760375977e+00,1.000499963760375977e+00,1.000499963760375977e+00,1.000499963760375977e+00,1.000499963760375977e+00,1.000499963760375977e+00,1.000499963760375977e+00
2.438127136230468750e+01,1.000499963760375977e+00,1.000499963760375977e+00,1.000499963760375977e+00,1.000499963760375977e+00,1.000499963760375977e+00,1.000499963760375977e+00,1.000499963760375977e+00,1.000499963760375977e+00,1.000499963760375977e+00,1.000499963760375977e+00,1.000499963760375977e+00,1.000499963760375977e+00,1.000499963760375977e+00,1.000499963760375977e+00,1.000499963760375977e+00,1.000499963760375977e+00
2.448160552978515625e+01,1.000499963760375977e+00,1.000499963760375977e+00,1.000499963760375977e+00,1.000499963760375977e+00,1.000499963760375977e+00,1.000499963760375977e+00,1.000499963760375977e+00,1.000499963760375977e+00,1.000499963760375977e+00,1.000499963760375977e+00,1.000499963760375977e+00,1.000499963760375977e+00,1.000499963760375977e+00,1.000499963760375977e+00,1.000499963760375977e+00,1.000499963760375977e+00
2.458193969726562500e+01,1.000499963760375977e+00,1.000499963760375977e+00,1.000499963760375977e+00,1.000499963760375977e+00,1.000499963760375977e+00,1.000499963760375977e+00,1.000499963760375977e+00,1.000499963760375977e+00,1.000499963760375977e+00,1.000499963760375977e+00,1.000499963760375977e+00,1.000499963760375977e+00,1.000499963760375977e+00,1.000499963760375977e+00,1.000499963760375977e+00,1.000499963760375977e+00
2.468227386474609375e+01,1.000499963760375977e+00,1.000499963760375977e+00,1.000499963760375977e+00,1.000499963760375977e+00,1.000499963760375977e+00,1.000499963760375977e+00,1.000499963760375977e+00,1.000499963760375977e+00,1.000499963760375977e+00,1.000499963760375977e+00,1.000499963760375977e+00,1.000499963760375977e+00,1.000499963760375977e+00,1.000499963760375977e+00,1.000499963760375977e+00,1.000499963760375977e+00
2.478260803222656250e+01,1.000499963760375977e+00,1.000499963760375977e+00,1.000499963760375977e+00,1.000499963760375977e+00,1.000499963760375977e+00,1.000499963760375977e+00,1.000499963760375977e+00,1.000499963760375977e+00,1.000499963760375977e+00,1.000499963760375977e+00,1.000499963760375977e+00,1.000499963760375977e+00,1.000499963760375977e+00,1.000499963760375977e+00,1.000499963760375977e+00,1.000499963760375977e+00
2.488294219970703125e+01,1.977377176284790039e+00,1.758047007024288177e-02,1.220289111137390137e+00,5.219557285308837891e-01,1.014108180999755859e+00,1.000499963760375977e+00,6.965897679328918457e-01,1.000499963760375977e+00,1.000500202178955078e+00,1.568211078643798828e+00,6.997407078742980957e-01,1.000499963760375977e+00,1.000500082969665527e+00,1.565043210983276367e+00,1.188677191734313965e+00,8.156319260597229004e-01
2.498327827453613281e+01,1.985718131065368652e+00,1.377605646848678589e-02,1.434339880943298340e+00,1.449411988258361816e+00,9.705651402473449707e-01,1.000499486923217773e+00,1.572881639003753662e-01,1.000498056411743164e+00,1.000524878501892090e+00,1.662399888038635254e+00,1.526135653257369995e-01,1.000498771667480469e+00,1.000532746315002441e+00,1.665355920791625977e+00,1.424706339836120605e+00,5.918346643447875977e-01
2.508361244201660156e+01,1.984559774398803711e+00,1.813562400639057159e-02,1.419724106788635254e+00,1.855302214622497559e+00,2.314984053373336792e-01,1.000485897064208984e+00,8.065420389175415039e-01,1.000417351722717285e+00,9.948934316635131836e-01,1.265760898590087891e+00,3.658540248870849609e-01,1.000467061996459961e+00,1.002101898193359375e+00,1.535439252853393555e+00,1.414391279220581055e+00,6.039896607398986816e-01
2.518394660949707031e+01,1.980215430259704590e+00,3.711194545030593872e-02,1.396591901779174805e+00,1.874106764793395996e+00,1.768184900283813477e-01,1.000461697578430176e+00,1.004391908645629883e+00,1.000039339065551758e+00,9.738189578056335449e-01,1.076676607131958008e+00,4.661651253700256348e-01,1.000408291816711426e+00,1.010164737701416016e+00,1.477252960205078125e+00,1.386758446693420410e+00,6.233444809913635254e-01
2.528428077697753906e+01,1.967646002769470215e+00,2.101184278726577759e-01,1.360362648963928223e+00,1.833618283271789551e+00,1.904294490814208984e-01,1.000458717346191406e+00,1.020161628723144531e+00,9.997779726982116699e-01,9.723747372627258301e-01,1.043519139289855957e+00,4.819962680339813232e-01,1.000398516654968262e+00,1.025061368942260742e+00,1.466406106948852539e+00,1.339572668075561523e+00,6.545341014862060547e-01
2.538461494445800781e+01,1.927916646003723145e+00,4.143769145011901855e-01,1.319110393524169922e+00,1.784981727600097656e+00,2.235070019960403442e-01,1.000456094741821289e+00,9.659310579299926758e-01,9.995515942573547363e-01,9.854354858398437500e-01,1.081860303878784180e+00,4.810920059680938721e-01,1.000389099121093750e+00,1.038572430610656738e+00,1.467490196228027344e+00,1.279948711395263672e+00,6.872910261154174805e-01
2.548494911193847656e+01,1.794163465499877930e+00,5.226548910140991211e-01,1.275449275970458984e+00,1.741448402404785156e+00,2.550126314163208008e-01,1.000446915626525879e+00,8.923354148864746094e-01,9.989047050476074219e-01,1.009326934814453125e+00,1.142530322074890137e+00,4.807054698467254639e-01,1.000362277030944824e+00,1.049329638481140137e+00,1.469428777694702148e+00,1.211141824722290039e+00,7.137749791145324707e-01
2.558528518676757812e+01,1.485916376113891602e+00,5.737318992614746094e-01,1.225982189178466797e+00,1.704031825065612793e+00,2.810994684696197510e-01,1.000420689582824707e+00,8.202287554740905762e-01,9.968283176422119141e-01,1.021167039871215820e+00,1.205842018127441406e+00,4.809709191322326660e-01,1.000288486480712891e+00,1.056707501411437988e+00,1.471974849700927734e+00,1.141675233840942383e+00,7.333709597587585449e-01
2.568561935424804688e+01,1.193156838417053223e+00,6.607988476753234863e-01,1.169614553451538086e+00,1.670367240905761719e+00,3.034248650074005127e-01,1.000376105308532715e+00,7.541836500167846680e-01,9.933239817619323730e-01,1.022576570510864258e+00,1.265761017799377441e+00,4.808257222175598145e-01,1.000161528587341309e+00,1.061393737792968750e+00,1.475944399833679199e+00,1.084454417228698730e+00,7.508520483970642090e-01
2.578595352172851562e+01,1.062640190124511719e+00,8.079587817192077637e-01,1.116854548454284668e+00,1.642085552215576172e+00,3.204996585845947266e-01,1.000328421592712402e+00,6.977224946022033691e-01,9.890936613082885742e-01,1.022698640823364258e+00,1.317630529403686523e+00,4.818621277809143066e-01,1.000023603439331055e+00,1.064700245857238770e+00,1.480146408081054688e+00,1.047646522521972656e+00,7.670592665672302246e-01
2.588628768920898438e+01,1.018304228782653809e+00,9.212460517883300781e-01,1.076133370399475098e+00,1.616338968276977539e+00,3.352385163307189941e-01,1.000278949737548828e+00,6.493111252784729004e-01,9.845666289329528809e-01,1.026876926422119141e+00,1.362543582916259766e+00,4.839113652706146240e-01,9.998779296875000000e-01,1.067281126976013184e+00,1.484468102455139160e+00,1.027026772499084473e+00,7.842940092086791992e-01
2.598662185668945312e+01,1.005306363105773926e+00,9.737743735313415527e-01,1.051760554313659668e+00,1.594620227813720703e+00,3.466767370700836182e-01,1.000219345092773438e+00,6.102222204208374023e-01,9.797745347023010254e-01,1.031151771545410156e+00,1.399629712104797363e+00,4.870919287204742432e-01,9.997020959854125977e-01,1.068699836730957031e+00,1.488417625427246094e+00,1.017048239707946777e+00,8.001375198364257812e-01
2.608695602416992188e+01,1.001673221588134766e+00,9.939694404602050781e-01,1.039290308952331543e+00,1.577341318130493164e+00,3.548165261745452881e-01,1.000145912170410156e+00,5.800712108612060547e-01,9.749055504798889160e-01,1.034249067306518555e+00,1.429620265960693359e+00,4.913494884967803955e-01,9.994850158691406250e-01,1.068806171417236328e+00,1.491777539253234863e+00,1.012562870979309082e+00,8.122559785842895508e-01
2.618729019165039062e+01,1.000717043876647949e+00,1.000227928161621094e+00,1.031649589538574219e+00,1.561269044876098633e+00,3.625076115131378174e-01,1.000046968460083008e+00,5.542877912521362305e-01,9.696456193923950195e-01,1.037640690803527832e+00,1.456022739410400391e+00,4.945681095123291016e-01,9.991935491561889648e-01,1.068161249160766602e+00,1.495775580406188965e+00,1.010028600692749023e+00,8.242899775505065918e-01
2.628762626647949219e+01,1.000480771064758301e+00,1.002200841903686523e+00,1.025536298751831055e+00,1.547632694244384766e+00,3.687341809272766113e-01,9.999219775199890137e-01,5.328928232192993164e-01,9.639327526092529297e-01,1.039022684097290039e+00,1.479027986526489258e+00,4.966908991336822510e-01,9.988260865211486816e-01,1.066779851913452148e+00,1.500534057617187500e+00,1.008090257644653320e+00,8.415607213973999023e-01
2.638796043395996094e+01,1.000461339950561523e+00,1.001997590065002441e+00,1.015145540237426758e+00,1.536127328872680664e+00,3.739592432975769043e-01,9.997996091842651367e-01,5.154896974563598633e-01,9.583971500396728516e-01,1.042470693588256836e+00,1.499133229255676270e+00,4.975354075431823730e-01,9.984658360481262207e-01,1.066154360771179199e+00,1.506406188011169434e+00,1.004904627799987793e+00,8.986576795578002930e-01
2.648829460144042969e+01,1.000482559204101562e+00,1.001220822334289551e+00,1.007481336593627930e+00,1.527200341224670410e+00,3.774428665637969971e-01,9.997028112411499023e-01,5.053728818893432617e-01,9.539671540260314941e-01,1.049081802368164062e+00,1.513485550880432129e+00,5.008008480072021484e-01,9.981805086135864258e-01,1.066328525543212891e+00,1.510399103164672852e+00,1.002588868141174316e+00,9.481146931648254395e-01
2.658862876892089844e+01,1.000495672225952148e+00,1.000713825225830078e+00,1.003836154937744141e+00,1.518389463424682617e+00,3.811602592468261719e-01,9.996021986007690430e-01,4.974524080753326416e-01,9.495531916618347168e-01,1.057029247283935547e+00,1.525516152381896973e+00,5.032602548599243164e-01,9.978855252265930176e-01,1.067248582839965820e+00,1.514513492584228516e+00,1.001495480537414551e+00,9.736708998680114746e-01
2.668896293640136719e+01,1.000499129295349121e+00,1.000552296638488770e+00,1.002246379852294922e+00,1.512056589126586914e+00,3.832254409790039062e-01,9.994950890541076660e-01,4.932671785354614258e-01,9.456801414489746094e-01,1.063673973083496094e+00,1.534477949142456055e+00,5.068401694297790527e-01,9.975739121437072754e-01,1.067520499229431152e+00,1.517560601234436035e+00,1.001020431518554688e+00,9.855410456657409668e-01
2.678929710388183594e+01,1.000500082969665527e+00,1.000497579574584961e+00,1.001454472541809082e+00,1.506313443183898926e+00,3.851230442523956299e-01,9.993767738342285156e-01,4.900871515274047852e-01,9.418203830718994141e-01,1.070067882537841797e+00,1.542176008224487305e+00,5.097693204879760742e-01,9.972307085990905762e-01,1.067872047424316406e+00,1.520686507225036621e+00,1.000784277915954590e+00,9.918183088302612305e-01
2.688963127136230469e+01,1.000500202178955078e+00,1.000484943389892578e+00,1.001041293144226074e+00,1.501155614852905273e+00,3.868247866630554199e-01,9.992480874061584473e-01,4.876744747161865234e-01,9.379801750183105469e-01,1.076121568679809570e+00,1.548794388771057129e+00,5.121160149574279785e-01,9.968594312667846680e-01,1.068339109420776367e+00,1.523832678794860840e+00,1.000661134719848633e+00,9.952883124351501465e-01
2.698996734619140625e+01,1.000500202178955078e+00,1.000486373901367188e+00,1.000815629959106445e+00,1.496831297874450684e+00,3.880937397480010986e-01,9.991120100021362305e-01,4.862351119518280029e-01,9.343461990356445312e-01,1.081789612770080566e+00,1.554290175437927246e+00,5.144627094268798828e-01,9.964684247970581055e-01,1.068711519241333008e+00,1.526635169982910156e+00,1.000594019889831543e+00,9.972941875457763672e-01
2.709030151367187500e+01,1.000500082969665527e+00,1.000490069389343262e+00,1.000686526298522949e+00,1.493176221847534180e+00,3.890148401260375977e-01,9.989693164825439453e-01,4.855477809906005859e-01,9.309571385383605957e-01,1.087229967117309570e+00,1.558888435363769531e+00,5.169031023979187012e-01,9.960605502128601074e-01,1.068959712982177734e+00,1.529067277908325195e+00,1.000555515289306641e+00,9.985067844390869141e-01
2.719063568115234375e+01,1.000500082969665527e+00,1.000493407249450684e+00,1.000610589981079102e+00,1.489911437034606934e+00,3.897812664508819580e-01,9.988202452659606934e-01,4.851942062377929688e-01,9.276922941207885742e-01,1.092479705810546875e+00,1.562897562980651855e+00,5.191342830657958984e-01,9.956362247467041016e-01,1.069257736206054688e+00,1.531355261802673340e+00,1.000532984733581543e+00,9.992593526840209961e-01
2.729096984863281250e+01,1.000499963760375977e+00,1.000495910644531250e+00,1.000565886497497559e+00,1.486833095550537109e+00,3.905277550220489502e-01,9.986665248870849609e-01,4.848856925964355469e-01,9.244116544723510742e-01,1.097429633140563965e+00,1.566527843475341797e+00,5.207819342613220215e-01,9.952008724212646484e-01,1.069884538650512695e+00,1.533773899078369141e+00,1.000519633293151855e+00,9.997259378433227539e-01
2.739130401611328125e+01,1.000499963760375977e+00,1.000497341156005859e+00,1.000539541244506836e+00,1.484480738639831543e+00,3.908114135265350342e-01,9.985055923461914062e-01,4.854350090026855469e-01,9.217206239700317383e-01,1.102542996406555176e+00,1.569404125213623047e+00,5.235256552696228027e-01,9.947463870048522949e-01,1.069747924804687500e+00,1.535241484642028809e+00,1.000511765480041504e+00,1.000014305114746094e+00
2.749163818359375000e+01,1.000499963760375977e+00,1.000498414039611816e+00,1.000523567199707031e+00,1.481965541839599609e+00,3.912935256958007812e-01,9.983448982238769531e-01,4.855565130710601807e-01,9.187221527099609375e-01,1.107056021690368652e+00,1.572278499603271484e+00,5.249467492103576660e-01,9.942952990531921387e-01,1.070515751838684082e+00,1.537420511245727539e+00,1.000506997108459473e+00,1.000199079513549805e+00
2.759197235107421875e+01,1.000499963760375977e+00,1.000499010086059570e+00,1.000514149665832520e+00,1.479874253273010254e+00,3.915210962295532227e-01,9.981766939163208008e-01,4.861546754837036133e-01,9.161733388900756836e-01,1.111756920814514160e+00,1.574688076972961426e+00,5.270950198173522949e-01,9.938252568244934082e-01,1.070723772048950195e+00,1.538935542106628418e+00,1.000504136085510254e+00,1.000311851501464844e+00
2.769230842590332031e+01,1.000499963760375977e+00,1.000499486923217773e+00,1.000508427619934082e+00,1.477875351905822754e+00,3.917261958122253418e-01,9.980074167251586914e-01,4.867445528507232666e-01,9.136332869529724121e-01,1.116076469421386719e+00,1.576938748359680176e+00,5.288500785827636719e-01,9.933538436889648438e-01,1.071218371391296387e+00,1.540587186813354492e+00,1.000502586364746094e+00,1.000382542610168457e+00
2.779264259338378906e+01,1.000499963760375977e+00,1.000499606132507324e+00,1.000505089759826660e+00,1.476083993911743164e+00,3.918123245239257812e-01,9.978324174880981445e-01,4.875879883766174316e-01,9.114475250244140625e-01,1.120559453964233398e+00,1.578921198844909668e+00,5.310521721839904785e-01,9.928683042526245117e-01,1.071347594261169434e+00,1.541818737983703613e+00,1.000501513481140137e+00,1.000426173210144043e+00
2.789297676086425781e+01,1.000499963760375977e+00,1.000499725341796875e+00,1.000503063201904297e+00,1.474351644515991211e+00,3.918831050395965576e-01,9.976565837860107422e-01,4.884375035762786865e-01,9.093172550201416016e-01,1.124753117561340332e+00,1.580791115760803223e+00,5.330081582069396973e-01,9.923824071884155273e-01,1.071670770645141602e+00,1.543127894401550293e+00,1.000500917434692383e+00,1.000453472137451172e+00
2.799331092834472656e+01,1.000499963760375977e+00,1.000499844551086426e+00,1.000501871109008789e+00,1.472709536552429199e+00,3.919098377227783203e-01,9.974777102470397949e-01,4.893572032451629639e-01,9.073284268379211426e-01,1.128784537315368652e+00,1.582533359527587891e+00,5.349632501602172852e-01,9.918906688690185547e-01,1.071976780891418457e+00,1.544358730316162109e+00,1.000500559806823730e+00,1.000470399856567383e+00
2.809364509582519531e+01,1.000499963760375977e+00,1.000499963760375977e+00,1.000501155853271484e+00,1.471133947372436523e+00,3.919034600257873535e-01,9.972975254058837891e-01,4.903511404991149902e-01,9.054961204528808594e-01,1.132690906524658203e+00,1.584159851074218750e+00,5.369355082511901855e-01,9.913966655731201172e-01,1.072279572486877441e+00,1.545511126518249512e+00,1.000500321388244629e+00,1.000481128692626953e+00
2.819397926330566406e+01,1.000499963760375977e+00,1.000499963760375977e+00,1.000500679016113281e+00,1.469611406326293945e+00,3.918713629245758057e-01,9.971153140068054199e-01,4.914163351058959961e-01,9.038000702857971191e-01,1.136421799659729004e+00,1.585685729980468750e+00,5.389170050621032715e-01,9.908995628356933594e-01,1.072571516036987305e+00,1.546602249145507812e+00,1.000500202178955078e+00,1.000487804412841797e+00
2.829431343078613281e+01,1.000499963760375977e+00,1.000499963760375977e+00,1.000500440597534180e+00,1.468128085136413574e+00,3.918022215366363525e-01,9.969398975372314453e-01,4.924160838127136230e-01,9.018195867538452148e-01,1.139187574386596680e+00,1.587196826934814453e+00,5.401151776313781738e-01,9.904235601425170898e-01,1.073585033416748047e+00,1.548212289810180664e+00,1.000500082969665527e+00,1.000491857528686523e+00
2.839464950561523438e+01,1.000499963760375977e+00,1.000499963760375977e+00,1.000500321388244629e+00,1.466692805290222168e+00,3.917491137981414795e-01,9.967442750930786133e-01,4.937627315521240234e-01,9.009550809860229492e-01,1.143696784973144531e+00,1.588463187217712402e+00,5.431976914405822754e-01,9.898924231529235840e-01,1.072878241539001465e+00,1.548410773277282715e+00,1.000500082969665527e+00,1.000494122505187988e+00
2.849498367309570312e+01,1.000499963760375977e+00,1.000499963760375977e+00,1.000500202178955078e+00,1.465235233306884766e+00,3.916985392570495605e-01,9.965535402297973633e-01,4.950811564922332764e-01,9.000399708747863770e-01,1.147728681564331055e+00,1.589723825454711914e+00,5.458833575248718262e-01,9.893771409988403320e-01,1.072569489479064941e+00,1.548875451087951660e+00,1.000500082969665527e+00,1.000495553016662598e+00
2.859531784057617188e+01,1.000499963760375977e+00,1.000499963760375977e+00,1.000500202178955078e+00,1.463878989219665527e+00,3.915149271488189697e-01,9.963867664337158203e-01,4.962102770805358887e-01,8.977910280227661133e-01,1.148737668991088867e+00,1.591069579124450684e+00,5.461330413818359375e-01,9.889311194419860840e-01,1.074519634246826172e+00,1.551101803779602051e+00,1.000500082969665527e+00,1.000496387481689453e+00
2.869565200805664062e+01,1.000499963760375977e+00,1.000499963760375977e+00,1.000500082969665527e+00,1.462466597557067871e+00,3.914437592029571533e-01,9.961932301521301270e-01,4.976688325405120850e-01,8.971666693687438965e-01,1.152498483657836914e+00,1.592182159423828125e+00,5.489783287048339844e-01,9.884120821952819824e-01,1.074064493179321289e+00,1.551383256912231445e+00,1.000500082969665527e+00,1.000497102737426758e+00
2.879598617553710938e+01,1.000499963760375977e+00,1.000499963760375977e+00,1.000500082969665527e+00,1.461045026779174805e+00,3.913733959197998047e-01,9.960017800331115723e-01,4.991599917411804199e-01,8.966568112373352051e-01,1.156104564666748047e+00,1.593262314796447754e+00,5.517879724502563477e-01,9.879003763198852539e-01,1.073677420616149902e+00,1.551675200462341309e+00,1.000499963760375977e+00,1.000497579574584961e+00
2.889632034301757812e+01,1.000499963760375977e+00,1.000499963760375977e+00,1.000500082969665527e+00,1.459679961204528809e+00,3.912277817726135254e-01,9.958219528198242188e-01,5.006322860717773438e-01,8.955262303352355957e-01,1.158164501190185547e+00,1.594342827796936035e+00,5.534933209419250488e-01,9.874236583709716797e-01,1.074346065521240234e+00,1.552772402763366699e+00,1.000499963760375977e+00,1.000497817993164062e+00
2.899665641784667969e+01,1.000499963760375977e+00,1.000499963760375977e+00,1.000500082969665527e+00,1.458343148231506348e+00,3.910559117794036865e-01,9.956420063972473145e-01,5.021739602088928223e-01,8.943359255790710449e-01,1.159757494926452637e+00,1.595363259315490723e+00,5.550618767738342285e-01,9.869477152824401855e-01,1.075123667716979980e+00,1.553950786590576172e+00,1.000499963760375977e+00,1.000498056411743164e+00
2.909699058532714844e+01,1.000499963760375977e+00,1.000499963760375977e+00,1.000500082969665527e+00,1.456943750381469727e+00,3.909475207328796387e-01,9.954565167427062988e-01,5.038257837295532227e-01,8.938359022140502930e-01,1.162280917167663574e+00,1.596301078796386719e+00,5.575180053710937500e-01,9.864583015441894531e-01,1.075115561485290527e+00,1.554452896118164062e+00,1.000499963760375977e+00,1.000498056411743164e+00
2.919732475280761719e+01,1.000499963760375977e+00,1.000499963760375977e+00,1.000500082969665527e+00,1.455527782440185547e+00,3.908520340919494629e-01,9.952743649482727051e-01,5.055255293846130371e-01,8.935399651527404785e-01,1.164859533309936523e+00,1.597196698188781738e+00,5.600991249084472656e-01,9.859797358512878418e-01,1.075058460235595703e+00,1.554845929145812988e+00,1.000499963760375977e+00,1.000497937202453613e+00
2.929765892028808594e+01,1.000499963760375977e+00,1.000499963760375977e+00,1.000500082969665527e+00,1.454169631004333496e+00,3.906863033771514893e-01,9.950940608978271484e-01,5.072893500328063965e-01,8.927388191223144531e-01,1.166185617446899414e+00,1.598050355911254883e+00,5.620088577270507812e-01,9.855080842971801758e-01,1.075561881065368652e+00,1.555735230445861816e+00,1.000499963760375977e+00,1.000497937202453613e+00
2.939799308776855469e+01,1.000499963760375977e+00,1.000499963760375977e+00,1.000500082969665527e+00,1.452690243721008301e+00,3.906465172767639160e-01,9.949150085449218750e-01,5.091187953948974609e-01,8.931638598442077637e-01,1.169371724128723145e+00,1.598844170570373535e+00,5.652989149093627930e-01,9.850410223007202148e-01,1.074955821037292480e+00,1.555565595626831055e+00,1.000499963760375977e+00,1.000497937202453613e+00
2.949832725524902344e+01,1.000499963760375977e+00,1.000499963760375977e+00,1.000500082969665527e+00,1.451412439346313477e+00,3.903732597827911377e-01,9.947400093078613281e-01,5.110111832618713379e-01,8.915438055992126465e-01,1.168726682662963867e+00,1.599609017372131348e+00,5.661389231681823730e-01,9.845873713493347168e-01,1.076410531997680664e+00,1.557247400283813477e+00,1.000499963760375977e+00,1.000497937202453613e+00
2.959866142272949219e+01,1.000499963760375977e+00,1.000499963760375977e+00,1.000500082969665527e+00,1.449825763702392578e+00,3.904354870319366455e-01,9.945679903030395508e-01,5.129505395889282227e-01,8.931080102920532227e-01,1.173191905021667480e+00,1.600309371948242188e+00,5.705627202987670898e-01,9.841429591178894043e-01,1.074929594993591309e+00,1.556183815002441406e+00,1.000499963760375977e+00,1.000497937202453613e+00
2.969899749755859375e+01,1.000499963760375977e+00,1.000499963760375977e+00,1.000500082969665527e+00,1.448629498481750488e+00,3.900578916072845459e-01,9.943912029266357422e-01,5.149989128112792969e-01,8.906044363975524902e-01,1.170638322830200195e+00,1.600967049598693848e+00,5.704271197319030762e-01,9.836869239807128906e-01,1.077171921730041504e+00,1.558593273162841797e+00,1.000499963760375977e+00,1.000497937202453613e+00
2.979933166503906250e+01,1.000499963760375977e+00,1.000499963760375977e+00,1.000500082969665527e+00,1.446979999542236328e+00,3.901667296886444092e-01,9.942317605018615723e-01,5.170355439186096191e-01,8.927817344665527344e-01,1.175452828407287598e+00,1.601584911346435547e+00,5.753132700920104980e-01,9.832801818847656250e-01,1.075411081314086914e+00,1.557141661643981934e+00,1.000499963760375977e+00,1.000497937202453613e+00
2.989966583251953125e+01,1.000499963760375977e+00,1.000499963760375977e+00,1.000500082969665527e+00,1.445755362510681152e+00,3.897986412048339844e-01,9.940530657768249512e-01,5.192325711250305176e-01,8.904296755790710449e-01,1.172791242599487305e+00,1.602133989334106445e+00,5.754267573356628418e-01,9.828211665153503418e-01,1.077416419982910156e+00,1.559349060058593750e+00,1.000499963760375977e+00,1.000497817993164062e+00
3.000000000000000000e+01,1.000499963760375977e+00,1.000499963760375977e+00,1.000500082969665527e+00,1.444080591201782227e+00,3.899168670177459717e-01,9.939094185829162598e-01,5.213605165481567383e-01,8.928802013397216797e-01,1.177411437034606934e+00,1.602675080299377441e+00,5.803719162940979004e-01,9.824600815773010254e-01,1.075741052627563477e+00,1.557811856269836426e+00,1.000499963760375977e+00,1.000497817993164062e+00
