time,theta_0,theta_1,theta_2,theta_3,theta_4,theta_5,theta_6,theta_7,theta_8,theta_9,theta_10,theta_11,theta_12,theta_13,theta_14,theta_15,theta_16,theta_17,theta_18
5.008347034454345703e-01,5.000005245208740234e+00,5.000005245208740234e+00,5.000005245208740234e+00,5.000005245208740234e+00,5.000005245208740234e+00,5.000005245208740234e+00,5.000005245208740234e+00,5.000005245208740234e+00,5.000005245208740234e+00,5.000005245208740234e+00,5.000005245208740234e+00,5.000005245208740234e+00,5.000005245208740234e+00,5.000005245208740234e+00,5.000005245208740234e+00,5.000005245208740234e+00,5.000005245208740234e+00,5.000005245208740234e+00,5.000005245208740234e+00
1.001669406890869141e+00,5.000005245208740234e+00,5.000005245208740234e+00,5.000005245208740234e+00,5.000005245208740234e+00,5.000005245208740234e+00,5.000005245208740234e+00,5.000005245208740234e+00,5.000005245208740234e+00,5.000005245208740234e+00,5.000005245208740234e+00,5.000005245208740234e+00,5.000005245208740234e+00,5.000005245208740234e+00,5.000005245208740234e+00,5.000005245208740234e+00,5.000005245208740234e+00,5.000005245208740234e+00,5.000005245208740234e+00,5.000005245208740234e+00
1.502504229545593262e+00,5.000005245208740234e+00,5.000005245208740234e+00,5.000005245208740234e+00,5.000005245208740234e+00,5.000005245208740234e+00,5.000005245208740234e+00,5.000005245208740234e+00,5.000005245208740234e+00,5.000005245208740234e+00,5.000005245208740234e+00,5.000005245208740234e+00,5.000005245208740234e+00,5.000005245208740234e+00,5.000005245208740234e+00,5.000005245208740234e+00,5.000005245208740234e+00,5.000005245208740234e+00,5.000005245208740234e+00,5.000005245208740234e+00
2.003338813781738281e+00,5.000005245208740234e+00,5.000005245208740234e+00,5.000005245208740234e+00,5.000005245208740234e+00,5.000005245208740234e+00,5.000005245208740234e+00,5.000005245208740234e+00,5.000005245208740234e+00,5.000005245208740234e+00,5.000005245208740234e+00,5.000005245208740234e+00,5.000005245208740234e+00,5.000005245208740234e+00,5.000005245208740234e+00,5.000005245208740234e+00,5.000005245208740234e+00,5.000005245208740234e+00,5.000005245208740234e+00,5.000005245208740234e+00
2.504173517227172852e+00,5.000005245208740234e+00,5.000005245208740234e+00,5.000005245208740234e+00,5.000005245208740234e+00,5.000005245208740234e+00,5.000005245208740234e+00,5.000005245208740234e+00,5.000005245208740234e+00,5.000005245208740234e+00,5.000005245208740234e+00,5.000005245208740234e+00,5.000005245208740234e+00,5.000005245208740234e+00,5.000005245208740234e+00,5.000005245208740234e+00,5.000005245208740234e+00,5.000005245208740234e+00,5.000005245208740234e+00,5.000005245208740234e+00
3.005008459091186523e+00,5.000005245208740234e+00,5.000005245208740234e+00,5.000005245208740234e+00,5.000005245208740234e+00,5.000005245208740234e+00,5.000005245208740234e+00,5.000005245208740234e+00,5.000005245208740234e+00,5.000005245208740234e+00,5.000005245208740234e+00,5.000005245208740234e+00,5.000005245208740234e+00,5.000005245208740234e+00,5.000005245208740234e+00,5.000005245208740234e+00,5.000005245208740234e+00,5.000005245208740234e+00,5.000005245208740234e+00,5.000005245208740234e+00
3.505843162536621094e+00,5.000005245208740234e+00,5.000005245208740234e+00,5.000005245208740234e+00,5.000005245208740234e+00,5.000005245208740234e+00,5.000005245208740234e+00,5.000005245208740234e+00,5.000005245208740234e+00,5.000005245208740234e+00,5.000005245208740234e+00,5.000005245208740234e+00,5.000005245208740234e+00,5.000005245208740234e+00,5.000005245208740234e+00,5.000005245208740234e+00,5.000005245208740234e+00,5.000005245208740234e+00,5.000005245208740234e+00,5.000005245208740234e+00
4.006677627563476562e+00,5.000005245208740234e+00,5.000005245208740234e+00,5.000005245208740234e+00,5.000005245208740234e+00,5.000005245208740234e+00,5.000005245208740234e+00,5.000005245208740234e+00,5.000005245208740234e+00,5.000005245208740234e+00,5.000005245208740234e+00,5.000005245208740234e+00,5.000005245208740234e+00,5.000005245208740234e+00,5.000005245208740234e+00,5.000005245208740234e+00,5.000005245208740234e+00,5.000005245208740234e+00,5.000005245208740234e+00,5.000005245208740234e+00
4.507512569427490234e+00,5.000005245208740234e+00,5.000005245208740234e+00,5.000005245208740234e+00,5.000005245208740234e+00,5.000005245208740234e+00,5.000005245208740234e+00,5.000005245208740234e+00,5.000005245208740234e+00,5.000005245208740234e+00,5.000005245208740234e+00,5.000005245208740234e+00,5.000005245208740234e+00,5.000005245208740234e+00,5.000005245208740234e+00,5.000005245208740234e+00,5.000005245208740234e+00,5.000005245208740234e+00,5.000005245208740234e+00,5.000005245208740234e+00
5.008347034454345703e+00,5.000005245208740234e+00,5.000005245208740234e+00,5.000005245208740234e+00,5.000005245208740234e+00,5.000005245208740234e+00,5.000005245208740234e+00,5.000005245208740234e+00,5.000005245208740234e+00,5.000005245208740234e+00,5.000005245208740234e+00,5.000005245208740234e+00,5.000005245208740234e+00,5.000005245208740234e+00,5.000005245208740234e+00,5.000005245208740234e+00,5.000005245208740234e+00,5.000005245208740234e+00,5.000005245208740234e+00,5.000005245208740234e+00
5.509181976318359375e+00,5.000005245208740234e+00,5.000005245208740234e+00,5.000005245208740234e+00,5.000005245208740234e+00,5.000005245208740234e+00,5.000005245208740234e+00,5.000005245208740234e+00,5.000005245208740234e+00,5.000005245208740234e+00,5.000005245208740234e+00,5.000005245208740234e+00,5.000005245208740234e+00,5.000005245208740234e+00,5.000005245208740234e+00,5.000005245208740234e+00,5.000005245208740234e+00,5.000005245208740234e+00,5.000005245208740234e+00,5.000005245208740234e+00
6.010016918182373047e+00,5.000005245208740234e+00,5.000005245208740234e+00,5.000005245208740234e+00,5.000005245208740234e+00,5.000005245208740234e+00,5.000005245208740234e+00,5.000005245208740234e+00,5.000005245208740234e+00,5.000005245208740234e+00,5.000005245208740234e+00,5.000005245208740234e+00,5.000005245208740234e+00,5.000005245208740234e+00,5.000005245208740234e+00,5.000005245208740234e+00,5.000005245208740234e+00,5.000005245208740234e+00,5.000005245208740234e+00,5.000005245208740234e+00
6.510851383209228516e+00,5.000005245208740234e+00,5.000005245208740234e+00,5.000005245208740234e+00,5.000005245208740234e+00,5.000005245208740234e+00,5.000005245208740234e+00,5.000005245208740234e+00,5.000005245208740234e+00,5.000005245208740234e+00,5.000005245208740234e+00,5.000005245208740234e+00,5.000005245208740234e+00,5.000005245208740234e+00,5.000005245208740234e+00,5.000005245208740234e+00,5.000005245208740234e+00,5.000005245208740234e+00,5.000005245208740234e+00,5.000005245208740234e+00
7.011686325073242188e+00,5.000005245208740234e+00,5.000005245208740234e+00,5.000005245208740234e+00,5.000005245208740234e+00,5.000005245208740234e+00,5.000005245208740234e+00,5.000005245208740234e+00,5.000005245208740234e+00,5.000005245208740234e+00,5.000005245208740234e+00,5.000005245208740234e+00,5.000005245208740234e+00,5.000005245208740234e+00,5.000005245208740234e+00,5.000005245208740234e+00,5.000005245208740234e+00,5.000005245208740234e+00,5.000005245208740234e+00,5.000005245208740234e+00
7.512520790100097656e+00,5.000005245208740234e+00,5.000005245208740234e+00,5.000005245208740234e+00,5.000005245208740234e+00,5.000005245208740234e+00,5.000005245208740234e+00,5.000005245208740234e+00,5.000005245208740234e+00,5.000005245208740234e+00,5.000005245208740234e+00,5.000005245208740234e+00,5.000005245208740234e+00,5.000005245208740234e+00,5.000005245208740234e+00,5.000005245208740234e+00,5.000005245208740234e+00,5.000005245208740234e+00,5.000005245208740234e+00,5.000005245208740234e+00
8.013355255126953125e+00,5.000005245208740234e+00,5.000005245208740234e+00,5.000005245208740234e+00,5.000005245208740234e+00,5.000005245208740234e+00,5.000005245208740234e+00,5.000005245208740234e+00,5.000005245208740234e+00,5.000005245208740234e+00,5.000005245208740234e+00,5.000005245208740234e+00,5.000005245208740234e+00,5.000005245208740234e+00,5.000005245208740234e+00,5.000005245208740234e+00,5.000005245208740234e+00,5.000005245208740234e+00,5.000005245208740234e+00,5.000005245208740234e+00
8.514190673828125000e+00,5.000005245208740234e+00,5.000005245208740234e+00,5.000005245208740234e+00,5.000005245208740234e+00,5.000005245208740234e+00,5.000005245208740234e+00,5.000005245208740234e+00,5.000005245208740234e+00,5.000005245208740234e+00,5.000005245208740234e+00,5.000005245208740234e+00,5.000005245208740234e+00,5.000005245208740234e+00,5.000005245208740234e+00,5.000005245208740234e+00,5.000005245208740234e+00,5.000005245208740234e+00,5.000005245208740234e+00,5.000005245208740234e+00
9.015025138854980469e+00,5.000005245208740234e+00,5.000005245208740234e+00,5.000005245208740234e+00,5.000005245208740234e+00,5.000005245208740234e+00,5.000005245208740234e+00,5.000005245208740234e+00,5.000005245208740234e+00,5.000005245208740234e+00,5.000005245208740234e+00,5.000005245208740234e+00,5.000005245208740234e+00,5.000005245208740234e+00,5.000005245208740234e+00,5.000005245208740234e+00,5.000005245208740234e+00,5.000005245208740234e+00,5.000005245208740234e+00,5.000005245208740234e+00
9.515859603881835938e+00,5.000005245208740234e+00,5.000005245208740234e+00,5.000005245208740234e+00,5.000005245208740234e+00,5.000005245208740234e+00,5.000005245208740234e+00,9.277955055236816406e+00,7.437790632247924805e-01,8.448104262351989746e-01,1.562072515487670898e+00,7.689119338989257812e+00,7.505084514617919922e+00,5.000005245208740234e+00,5.000005245208740234e+00,5.000005245208740234e+00,1.856989741325378418e+00,7.995717048645019531e+00,2.277322292327880859e+00,2.586708545684814453e+00
1.001669406890869141e+01,5.000005245208740234e+00,5.000005245208740234e+00,5.000005245208740234e+00,5.000005245208740234e+00,5.000005245208740234e+00,5.000005245208740234e+00,8.387436866760253906e+00,1.416238665580749512e+00,1.795581102371215820e+00,9.839867949485778809e-01,3.411735773086547852e+00,5.678782939910888672e+00,5.000005245208740234e+00,5.000005245208740234e+00,5.000005245208740234e+00,4.652711868286132812e+00,7.834521293640136719e+00,6.092304706573486328e+00,4.476787567138671875e+00
1.051752948760986328e+01,5.000005245208740234e+00,5.000005245208740234e+00,5.000005245208740234e+00,5.000005245208740234e+00,5.000005245208740234e+00,5.000005245208740234e+00,6.925468444824218750e+00,1.347548246383666992e+00,2.226244688034057617e+00,9.150566458702087402e-01,2.316147089004516602e+00,3.614841222763061523e+00,5.000005245208740234e+00,5.000005245208740234e+00,5.000005245208740234e+00,5.562368392944335938e+00,7.623227119445800781e+00,7.104452610015869141e+00,6.270774364471435547e+00
1.101836395263671875e+01,5.000005245208740234e+00,5.000005245208740234e+00,5.000005245208740234e+00,5.000005245208740234e+00,5.000005245208740234e+00,5.000005245208740234e+00,6.347447872161865234e+00,1.310086369514465332e+00,2.459716320037841797e+00,9.285711050033569336e-01,2.824608564376831055e+00,3.553243160247802734e+00,5.000005245208740234e+00,5.000005245208740234e+00,5.000005245208740234e+00,5.864405155181884766e+00,7.501892089843750000e+00,6.874537467956542969e+00,6.314581871032714844e+00
1.151919841766357422e+01,5.000005245208740234e+00,5.000005245208740234e+00,5.000005245208740234e+00,5.000005245208740234e+00,5.000005245208740234e+00,5.000005245208740234e+00,5.440482139587402344e+00,1.294316053390502930e+00,2.587247371673583984e+00,9.388899803161621094e-01,3.216204643249511719e+00,3.917836904525756836e+00,5.000005245208740234e+00,5.000005245208740234e+00,5.000005245208740234e+00,5.216721057891845703e+00,7.436264038085937500e+00,6.536659717559814453e+00,6.025817871093750000e+00
1.202003383636474609e+01,5.000005245208740234e+00,5.000005245208740234e+00,5.000005245208740234e+00,5.000005245208740234e+00,5.000005245208740234e+00,5.000005245208740234e+00,5.376648902893066406e+00,1.289072275161743164e+00,2.660183429718017578e+00,9.437172412872314453e-01,3.561484336853027344e+00,4.182775020599365234e+00,5.000005245208740234e+00,5.000005245208740234e+00,5.000005245208740234e+00,5.252607822418212891e+00,7.392545700073242188e+00,6.242903232574462891e+00,5.784967422485351562e+00
1.252086830139160156e+01,5.000005245208740234e+00,5.000005245208740234e+00,5.000005245208740234e+00,5.000005245208740234e+00,5.000005245208740234e+00,5.000005245208740234e+00,5.374287128448486328e+00,1.287168145179748535e+00,2.706883907318115234e+00,9.461078047752380371e-01,3.878763914108276367e+00,4.380272388458251953e+00,5.000005245208740234e+00,5.000005245208740234e+00,5.000005245208740234e+00,5.288125038146972656e+00,7.364905357360839844e+00,6.002642631530761719e+00,5.598842620849609375e+00
1.302170276641845703e+01,5.000005245208740234e+00,5.000005245208740234e+00,5.000005245208740234e+00,5.000005245208740234e+00,5.000005245208740234e+00,5.000005245208740234e+00,5.319007873535156250e+00,1.286518812179565430e+00,2.741564273834228516e+00,9.474269747734069824e-01,4.163567066192626953e+00,4.535346984863281250e+00,5.000005245208740234e+00,5.000005245208740234e+00,5.000005245208740234e+00,5.240324497222900391e+00,7.352884292602539062e+00,5.788990974426269531e+00,5.461453914642333984e+00
1.352253723144531250e+01,5.000005245208740234e+00,5.000005245208740234e+00,5.000005245208740234e+00,5.000005245208740234e+00,5.000005245208740234e+00,5.000005245208740234e+00,5.253964900970458984e+00,1.286548018455505371e+00,2.767962694168090820e+00,9.482790231704711914e-01,4.413170814514160156e+00,4.661508560180664062e+00,5.000005245208740234e+00,5.000005245208740234e+00,5.000005245208740234e+00,5.172807216644287109e+00,7.346834659576416016e+00,5.590406417846679688e+00,5.361081123352050781e+00
1.402337265014648438e+01,5.000005245208740234e+00,5.000005245208740234e+00,5.000005245208740234e+00,5.000005245208740234e+00,5.000005245208740234e+00,5.000005245208740234e+00,5.201402187347412109e+00,1.289743781089782715e+00,2.787860870361328125e+00,9.492518901824951172e-01,4.632383346557617188e+00,4.765026569366455078e+00,5.000005245208740234e+00,5.000005245208740234e+00,5.000005245208740234e+00,5.117486000061035156e+00,7.341289043426513672e+00,5.409284114837646484e+00,5.285735130310058594e+00
1.452420711517333984e+01,5.000005245208740234e+00,5.000005245208740234e+00,5.000005245208740234e+00,5.000005245208740234e+00,5.000005245208740234e+00,5.000005245208740234e+00,5.143944263458251953e+00,1.329630851745605469e+00,2.803676366806030273e+00,9.527562856674194336e-01,4.826375484466552734e+00,4.850434303283691406e+00,5.000005245208740234e+00,5.000005245208740234e+00,5.000005245208740234e+00,5.090408325195312500e+00,7.334592342376708984e+00,5.246733188629150391e+00,5.227194309234619141e+00
1.502504158020019531e+01,5.000005245208740234e+00,5.000005245208740234e+00,5.000005245208740234e+00,5.000005245208740234e+00,5.000005245208740234e+00,5.000005245208740234e+00,4.938796520233154297e+00,1.551594972610473633e+00,2.818804740905761719e+00,9.627163410186767578e-01,4.998565673828125000e+00,4.921529769897460938e+00,5.000005245208740234e+00,5.000005245208740234e+00,5.000005245208740234e+00,5.204887866973876953e+00,7.325418472290039062e+00,5.101253032684326172e+00,5.180354595184326172e+00
1.552587604522705078e+01,5.000005245208740234e+00,5.000005245208740234e+00,5.000005245208740234e+00,5.000005245208740234e+00,5.000005245208740234e+00,5.000005245208740234e+00,4.554781913757324219e+00,2.154499292373657227e+00,2.834254980087280273e+00,9.790543317794799805e-01,5.150629997253417969e+00,4.980828285217285156e+00,5.000005245208740234e+00,5.000005245208740234e+00,5.000005245208740234e+00,5.439724922180175781e+00,7.313539981842041016e+00,4.971402168273925781e+00,5.142236709594726562e+00
1.602671051025390625e+01,5.000005245208740234e+00,5.000005245208740234e+00,5.000005245208740234e+00,5.000005245208740234e+00,5.000005245208740234e+00,5.000005245208740234e+00,4.529151439666748047e+00,3.183198213577270508e+00,2.849123716354370117e+00,9.979642033576965332e-01,5.283792018890380859e+00,5.030148029327392578e+00,5.000005245208740234e+00,5.000005245208740234e+00,5.000005245208740234e+00,5.396276950836181641e+00,7.299773693084716797e+00,4.856060981750488281e+00,5.110986232757568359e+00
1.652754592895507812e+01,5.000005245208740234e+00,5.000005245208740234e+00,5.000005245208740234e+00,5.000005245208740234e+00,5.000005245208740234e+00,5.000005245208740234e+00,4.885948657989501953e+00,4.238440036773681641e+00,2.858518123626708984e+00,1.007588744163513184e+00,5.398902893066406250e+00,5.070668220520019531e+00,5.000005245208740234e+00,5.000005245208740234e+00,5.000005245208740234e+00,5.114863395690917969e+00,7.287268638610839844e+00,4.754829406738281250e+00,5.085643291473388672e+00
1.702838134765625000e+01,5.000005245208740234e+00,5.000005245208740234e+00,5.000005245208740234e+00,5.000005245208740234e+00,5.000005245208740234e+00,5.000005245208740234e+00,5.176189422607421875e+00,4.874659061431884766e+00,2.860270261764526367e+00,1.005761623382568359e+00,5.498136997222900391e+00,5.104025840759277344e+00,5.000005245208740234e+00,5.000005245208740234e+00,5.000005245208740234e+00,4.895480632781982422e+00,7.277101993560791016e+00,4.666093349456787109e+00,5.064939498901367188e+00
1.752921485900878906e+01,5.000005245208740234e+00,5.000005245208740234e+00,5.000005245208740234e+00,5.000005245208740234e+00,2.889624238014221191e-01,1.116542339324951172e+00,7.811055183410644531e+00,7.879062175750732422e+00,2.835945367813110352e+00,1.152167201042175293e+00,5.612063407897949219e+00,5.146704673767089844e+00,5.000005245208740234e+00,5.000005245208740234e+00,8.931297302246093750e+00,2.029181718826293945e+00,6.891334056854248047e+00,4.591455459594726562e+00,5.050758361816406250e+00
1.803005027770996094e+01,5.000005245208740234e+00,5.000005245208740234e+00,5.000005245208740234e+00,5.000005245208740234e+00,1.767677545547485352e+00,1.283038973808288574e+00,2.647909164428710938e+00,6.645197868347167969e+00,2.903010368347167969e+00,1.298518419265747070e+00,5.694609165191650391e+00,5.170398235321044922e+00,5.000005245208740234e+00,5.000005245208740234e+00,7.914068698883056641e+00,6.656060695648193359e+00,6.789879322052001953e+00,4.514314651489257812e+00,5.028129100799560547e+00
1.853088569641113281e+01,5.000005245208740234e+00,5.000005245208740234e+00,5.000005245208740234e+00,5.000005245208740234e+00,2.254984378814697266e+00,1.418955326080322266e+00,3.247624635696411133e+00,1.269966483116149902e+00,2.577601194381713867e+00,1.001687407493591309e+00,5.755148410797119141e+00,5.177758693695068359e+00,5.000005245208740234e+00,5.000005245208740234e+00,7.646672248840332031e+00,6.702291965484619141e+00,6.972919464111328125e+00,4.485123634338378906e+00,5.021970272064208984e+00
1.903171920776367188e+01,5.000005245208740234e+00,5.000005245208740234e+00,5.000005245208740234e+00,5.000005245208740234e+00,2.400505781173706055e+00,1.457510113716125488e+00,3.737644672393798828e+00,1.239893913269042969e+00,2.446331262588500977e+00,9.706872701644897461e-01,5.811341762542724609e+00,5.198571205139160156e+00,5.000005245208740234e+00,5.000005245208740234e+00,7.565471172332763672e+00,6.316776275634765625e+00,7.298811912536621094e+00,4.453220844268798828e+00,5.016114711761474609e+00
1.953255462646484375e+01,5.000005245208740234e+00,5.000005245208740234e+00,5.000005245208740234e+00,5.000005245208740234e+00,2.448174953460693359e+00,1.470188140869140625e+00,4.002057075500488281e+00,1.259129405021667480e+00,2.322626590728759766e+00,9.605086445808410645e-01,5.832968235015869141e+00,5.226629257202148438e+00,5.000005245208740234e+00,5.000005245208740234e+00,7.553000926971435547e+00,5.971835613250732422e+00,7.321944713592529297e+00,4.437156677246093750e+00,5.023823261260986328e+00
2.003338813781738281e+01,5.000005245208740234e+00,5.000005245208740234e+00,5.000005245208740234e+00,5.000005245208740234e+00,2.462132215499877930e+00,1.473976612091064453e+00,4.162851810455322266e+00,1.269559979438781738e+00,2.315647363662719727e+00,9.515727758407592773e-01,5.829512119293212891e+00,5.238900661468505859e+00,5.000005245208740234e+00,5.000005245208740234e+00,7.546873569488525391e+00,5.745688438415527344e+00,7.414597034454345703e+00,4.449686050415039062e+00,5.027332782745361328e+00
2.053422355651855469e+01,5.000005245208740234e+00,5.000005245208740234e+00,5.000005245208740234e+00,5.000005245208740234e+00,2.465431928634643555e+00,1.475143790245056152e+00,4.309410572052001953e+00,1.275320172309875488e+00,2.348928689956665039e+00,9.471174478530883789e-01,5.802818298339843750e+00,5.238902091979980469e+00,5.000005245208740234e+00,5.000005245208740234e+00,7.541558742523193359e+00,5.665025711059570312e+00,7.452037334442138672e+00,4.481480598449707031e+00,5.030484199523925781e+00
2.103505897521972656e+01,5.000005245208740234e+00,5.000005245208740234e+00,5.000005245208740234e+00,5.000005245208740234e+00,2.464982748031616211e+00,1.475517392158508301e+00,4.438729286193847656e+00,1.278713464736938477e+00,2.395368814468383789e+00,9.456514716148376465e-01,5.761753559112548828e+00,5.231358528137207031e+00,5.000005245208740234e+00,5.000005245208740234e+00,7.534797191619873047e+00,5.651054859161376953e+00,7.456335544586181641e+00,4.521835327148437500e+00,5.035402774810791016e+00
2.153589248657226562e+01,5.000005245208740234e+00,5.000005245208740234e+00,5.000005245208740234e+00,5.000005245208740234e+00,2.462476015090942383e+00,1.475640654563903809e+00,4.539403915405273438e+00,1.280830383300781250e+00,2.443081855773925781e+00,9.455445408821105957e-01,5.716441154479980469e+00,5.219324588775634766e+00,5.000005245208740234e+00,5.000005245208740234e+00,7.524378776550292969e+00,5.650399684906005859e+00,7.446649074554443359e+00,4.561335086822509766e+00,5.041063785552978516e+00
2.203672790527343750e+01,5.000005245208740234e+00,5.000005245208740234e+00,5.000005245208740234e+00,5.000005245208740234e+00,2.458094835281372070e+00,1.475681424140930176e+00,4.618235111236572266e+00,1.282209038734436035e+00,2.486899614334106445e+00,9.459455609321594238e-01,5.675015926361083984e+00,5.205652236938476562e+00,5.000005245208740234e+00,5.000005245208740234e+00,7.508469581604003906e+00,5.654567241668701172e+00,7.430672168731689453e+00,4.593574523925781250e+00,5.046167850494384766e+00
2.253756332397460938e+01,5.000005245208740234e+00,5.000005245208740234e+00,5.000005245208740234e+00,5.000005245208740234e+00,2.451429605484008789e+00,1.475700736045837402e+00,4.679470062255859375e+00,1.283150434494018555e+00,2.524507761001586914e+00,9.464877843856811523e-01,5.642845630645751953e+00,5.193029403686523438e+00,5.000005245208740234e+00,5.000005245208740234e+00,7.484848499298095703e+00,5.658523082733154297e+00,7.409569740295410156e+00,4.615593910217285156e+00,5.050137519836425781e+00
2.303839683532714844e+01,5.000005245208740234e+00,5.000005245208740234e+00,5.000005245208740234e+00,5.000005245208740234e+00,2.441933870315551758e+00,1.475721955299377441e+00,4.730138778686523438e+00,1.283821344375610352e+00,2.555754899978637695e+00,9.470322728157043457e-01,5.622434139251708984e+00,5.183292388916015625e+00,5.000005245208740234e+00,5.000005245208740234e+00,7.451368331909179688e+00,5.665264606475830078e+00,7.384903907775878906e+00,4.626836776733398438e+00,5.052807331085205078e+00
2.353923225402832031e+01,5.000005245208740234e+00,5.000005245208740234e+00,5.000005245208740234e+00,5.000005245208740234e+00,2.428924322128295898e+00,1.475769996643066406e+00,4.773053169250488281e+00,1.284330606460571289e+00,2.582477807998657227e+00,9.475332498550415039e-01,5.612885951995849609e+00,5.176218986511230469e+00,5.000005245208740234e+00,5.000005245208740234e+00,7.405558109283447266e+00,5.674023628234863281e+00,7.361909866333007812e+00,4.627084255218505859e+00,5.053120613098144531e+00
2.404006767272949219e+01,5.000005245208740234e+00,5.000005245208740234e+00,5.000005245208740234e+00,5.000005245208740234e+00,2.414755105972290039e+00,1.475898385047912598e+00,4.807415008544921875e+00,1.284764409065246582e+00,2.605862140655517578e+00,9.479984045028686523e-01,5.613633155822753906e+00,5.172390460968017578e+00,5.000005245208740234e+00,5.000005245208740234e+00,7.355736732482910156e+00,5.680477619171142578e+00,7.342528343200683594e+00,4.618198871612548828e+00,5.051661014556884766e+00
2.454090118408203125e+01,5.000005245208740234e+00,5.000005245208740234e+00,5.000005245208740234e+00,5.000005245208740234e+00,2.402353048324584961e+00,1.476280927658081055e+00,4.829699039459228516e+00,1.285243749618530273e+00,2.627084493637084961e+00,9.484727978706359863e-01,5.623273372650146484e+00,5.171814918518066406e+00,5.000005245208740234e+00,5.000005245208740234e+00,7.312340259552001953e+00,5.677531719207763672e+00,7.328427314758300781e+00,4.602092266082763672e+00,5.048964977264404297e+00
2.504173660278320312e+01,5.000005245208740234e+00,5.000005245208740234e+00,5.000005245208740234e+00,5.000005245208740234e+00,2.389183998107910156e+00,1.477548599243164062e+00,4.842364311218261719e+00,1.286062121391296387e+00,2.646937131881713867e+00,9.490886330604553223e-01,5.639927387237548828e+00,5.173890113830566406e+00,5.000005245208740234e+00,5.000005245208740234e+00,7.266969203948974609e+00,5.666962146759033203e+00,7.320096492767333984e+00,4.580384731292724609e+00,5.045200824737548828e+00
2.554257011413574219e+01,5.000005245208740234e+00,5.000005245208740234e+00,5.000005245208740234e+00,5.000005245208740234e+00,2.371581554412841797e+00,1.482197046279907227e+00,4.846679687500000000e+00,1.288188815116882324e+00,2.664992570877075195e+00,9.502201676368713379e-01,5.661889553070068359e+00,5.178002357482910156e+00,5.000005245208740234e+00,5.000005245208740234e+00,7.208918094635009766e+00,5.648732185363769531e+00,7.314266681671142578e+00,4.554591655731201172e+00,5.040574550628662109e+00
2.604340553283691406e+01,5.000005245208740234e+00,5.000005245208740234e+00,5.000005245208740234e+00,5.000005245208740234e+00,2.349826335906982422e+00,1.499000906944274902e+00,4.842980861663818359e+00,1.294551491737365723e+00,2.681499242782592773e+00,9.527862071990966797e-01,5.687593460083007812e+00,5.183616638183593750e+00,5.000005245208740234e+00,5.000005245208740234e+00,7.147476673126220703e+00,5.620200634002685547e+00,7.309430122375488281e+00,4.525910854339599609e+00,5.035299301147460938e+00
2.654424095153808594e+01,5.000005245208740234e+00,5.000005245208740234e+00,5.000005245208740234e+00,5.000005245208740234e+00,2.323714256286621094e+00,1.550773620605468750e+00,4.834292411804199219e+00,1.311385273933410645e+00,2.697133064270019531e+00,9.582232236862182617e-01,5.715744495391845703e+00,5.190302848815917969e+00,5.000005245208740234e+00,5.000005245208740234e+00,7.105707645416259766e+00,5.579413890838623047e+00,7.304570674896240234e+00,4.495308399200439453e+00,5.029560565948486328e+00
2.704507446289062500e+01,5.000005245208740234e+00,5.000005245208740234e+00,5.000005245208740234e+00,5.000005245208740234e+00,2.285134077072143555e+00,1.673915863037109375e+00,4.825873851776123047e+00,1.344868421554565430e+00,2.712554931640625000e+00,9.669588804244995117e-01,5.745242595672607422e+00,5.197673320770263672e+00,5.000005245208740234e+00,5.000005245208740234e+00,7.101547241210937500e+00,5.526009559631347656e+00,7.299005031585693359e+00,4.463659763336181641e+00,5.023561477661132812e+00
2.754590988159179688e+01,5.000005245208740234e+00,5.000005245208740234e+00,5.000005245208740234e+00,5.000005245208740234e+00,2.206247806549072266e+00,1.900461316108703613e+00,4.822810649871826172e+00,1.393395066261291504e+00,2.727729082107543945e+00,9.771310687065124512e-01,5.775118350982666016e+00,5.205355644226074219e+00,5.000005245208740234e+00,5.000005245208740234e+00,7.089668273925781250e+00,5.464800834655761719e+00,7.292900085449218750e+00,4.431811332702636719e+00,5.017526626586914062e+00
2.804674530029296875e+01,5.000005245208740234e+00,5.000005245208740234e+00,5.000005245208740234e+00,5.000005245208740234e+00,2.070697784423828125e+00,2.247013330459594727e+00,4.825924873352050781e+00,1.448841691017150879e+00,2.741898298263549805e+00,9.865611791610717773e-01,5.804617881774902344e+00,5.213052749633789062e+00,5.000005245208740234e+00,5.000005245208740234e+00,7.027003288269042969e+00,5.403375625610351562e+00,7.286671638488769531e+00,4.400450229644775391e+00,5.011633872985839844e+00
2.854757881164550781e+01,5.000005245208740234e+00,5.000005245208740234e+00,5.000005245208740234e+00,5.000005245208740234e+00,1.916955232620239258e+00,2.677347898483276367e+00,4.829113006591796875e+00,1.500096559524536133e+00,2.753924131393432617e+00,9.935678839683532715e-01,5.833210468292236328e+00,5.220552444458007812e+00,5.000005245208740234e+00,5.000005245208740234e+00,6.964922904968261719e+00,5.347915649414062500e+00,7.280518531799316406e+00,4.370076179504394531e+00,5.006006717681884766e+00
2.904841423034667969e+01,5.000005245208740234e+00,5.000005245208740234e+00,5.000005245208740234e+00,5.000005245208740234e+00,1.785409212112426758e+00,3.108942508697509766e+00,4.827962398529052734e+00,1.544382214546203613e+00,2.763475894927978516e+00,9.984713792800903320e-01,5.860603332519531250e+00,5.227757930755615234e+00,5.000005245208740234e+00,5.000005245208740234e+00,6.904269218444824219e+00,5.301870822906494141e+00,7.274297714233398438e+00,4.340946197509765625e+00,5.000678062438964844e+00
2.954924964904785156e+01,5.000005245208740234e+00,5.000005245208740234e+00,5.000005245208740234e+00,5.000005245208740234e+00,1.699631452560424805e+00,3.473437070846557617e+00,4.822205066680908203e+00,1.591611504554748535e+00,2.771194219589233398e+00,1.003290772438049316e+00,5.886661052703857422e+00,5.234639167785644531e+00,5.000005245208740234e+00,5.000005245208740234e+00,6.840257644653320312e+00,5.265231132507324219e+00,7.267349243164062500e+00,4.313158035278320312e+00,4.995634078979492188e+00
3.005008316040039062e+01,5.000005245208740234e+00,5.000005245208740234e+00,5.000005245208740234e+00,5.000005245208740234e+00,1.668682932853698730e+00,3.749208927154541016e+00,4.809952735900878906e+00,1.663425326347351074e+00,2.778218984603881836e+00,1.010709643363952637e+00,5.911327838897705078e+00,5.241191864013671875e+00,5.000005245208740234e+00,5.000005245208740234e+00,6.770030021667480469e+00,5.239593505859375000e+00,7.258763790130615234e+00,4.286737918853759766e+00,4.990849971771240234e+00
3.055091857910156250e+01,5.000005245208740234e+00,5.000005245208740234e+00,5.000005245208740234e+00,5.000005245208740234e+00,1.699485540390014648e+00,3.948498249053955078e+00,4.779839992523193359e+00,1.791869163513183594e+00,2.785719871520996094e+00,1.022968053817749023e+00,5.934574127197265625e+00,5.247415542602539062e+00,5.000005245208740234e+00,5.000005245208740234e+00,6.689136505126953125e+00,5.233720779418945312e+00,7.247659206390380859e+00,4.261712074279785156e+00,4.986307621002197266e+00
3.105175209045410156e+01,5.000005245208740234e+00,5.000005245208740234e+00,5.000005245208740234e+00,5.000005245208740234e+00,1.806514263153076172e+00,4.099216461181640625e+00,4.719361305236816406e+00,2.011596202850341797e+00,2.794412612915039062e+00,1.040916323661804199e+00,5.956363201141357422e+00,5.253285884857177734e+00,5.000005245208740234e+00,5.000005245208740234e+00,6.589145183563232422e+00,5.255088329315185547e+00,7.233458518981933594e+00,4.238128662109375000e+00,4.982017993927001953e+00
3.155258750915527344e+01,5.000005245208740234e+00,5.000005245208740234e+00,5.000005245208740234e+00,5.000005245208740234e+00,2.014160156250000000e+00,4.232617855072021484e+00,4.643280506134033203e+00,2.342768907546997070e+00,2.804255008697509766e+00,1.063642859458923340e+00,5.976652145385742188e+00,5.258773326873779297e+00,5.000005245208740234e+00,5.000005245208740234e+00,6.458380699157714844e+00,5.288724422454833984e+00,7.216090679168701172e+00,4.216061592102050781e+00,4.978006839752197266e+00
3.205342102050781250e+01,5.000005245208740234e+00,5.000005245208740234e+00,5.000005245208740234e+00,5.000005245208740234e+00,2.344600677490234375e+00,4.371353149414062500e+00,4.596172332763671875e+00,2.773574113845825195e+00,2.814443826675415039e+00,1.088734626770019531e+00,5.995406150817871094e+00,5.263843059539794922e+00,5.000005245208740234e+00,5.000005245208740234e+00,6.288018703460693359e+00,5.302020549774169922e+00,7.195922374725341797e+00,4.195579528808593750e+00,4.974303722381591797e+00
3.255425643920898438e+01,5.000005245208740234e+00,5.000005245208740234e+00,5.000005245208740234e+00,5.000005245208740234e+00,2.787003517150878906e+00,4.519131660461425781e+00,4.614412784576416016e+00,3.257401943206787109e+00,2.823638439178466797e+00,1.112913727760314941e+00,6.012616634368896484e+00,5.268470287322998047e+00,5.000005245208740234e+00,5.000005245208740234e+00,6.082234382629394531e+00,5.274595737457275391e+00,7.173596382141113281e+00,4.176730155944824219e+00,4.970936775207519531e+00
3.305509185791015625e+01,5.000005245208740234e+00,5.000005245208740234e+00,5.000005245208740234e+00,5.000005245208740234e+00,3.275007724761962891e+00,4.661505699157714844e+00,4.700214862823486328e+00,3.733749866485595703e+00,2.830374717712402344e+00,1.133040189743041992e+00,6.028310298919677734e+00,5.272650241851806641e+00,5.000005245208740234e+00,5.000005245208740234e+00,5.863243579864501953e+00,5.209575176239013672e+00,7.149713993072509766e+00,4.159510135650634766e+00,4.967911720275878906e+00
3.355592727661132812e+01,5.000005245208740234e+00,5.000005245208740234e+00,5.000005245208740234e+00,5.000005245208740234e+00,3.723560094833374023e+00,4.781140804290771484e+00,4.827306747436523438e+00,4.153637886047363281e+00,2.833513975143432617e+00,1.146995902061462402e+00,6.042558193206787109e+00,5.276401042938232422e+00,5.000005245208740234e+00,5.000005245208740234e+00,5.659477710723876953e+00,5.124498844146728516e+00,7.124605655670166016e+00,4.143856048583984375e+00,4.965215682983398438e+00
3.405676269531250000e+01,5.000005245208740234e+00,5.000005245208740234e+00,5.000005245208740234e+00,5.000005245208740234e+00,4.085656642913818359e+00,4.871294975280761719e+00,4.959926605224609375e+00,4.490803718566894531e+00,2.832518339157104492e+00,1.154191493988037109e+00,6.055464744567871094e+00,5.279758930206298828e+00,5.000005245208740234e+00,5.000005245208740234e+00,5.488589286804199219e+00,5.039799213409423828e+00,7.098188877105712891e+00,4.129662036895751953e+00,4.962820529937744141e+00
3.455759429931640625e+01,1.868139863014221191e+00,4.544160962104797363e-01,6.692252635955810547e+00,8.394010543823242188e+00,8.733988761901855469e+00,8.950793266296386719e+00,9.019008636474609375e+00,8.702468872070312500e+00,3.036633968353271484e+00,1.635864734649658203e+00,6.073405265808105469e+00,5.286514759063720703e+00,7.700098991394042969e+00,3.797986984252929688e+00,1.021444797515869141e+00,9.847231507301330566e-01,6.791779994964599609e+00,4.108629703521728516e+00,4.957401752471923828e+00
3.505842971801757812e+01,3.899247646331787109e+00,8.601129055023193359e-01,2.783655166625976562e+00,1.693789362907409668e+00,7.661360740661621094e+00,8.506494522094726562e+00,8.789233207702636719e+00,8.690418243408203125e+00,3.009236097335815430e+00,1.645581722259521484e+00,6.083526611328125000e+00,5.289065361022949219e+00,6.124463081359863281e+00,7.192081928253173828e+00,2.319627523422241211e+00,1.151022791862487793e+00,6.691264629364013672e+00,4.097688198089599609e+00,4.955900669097900391e+00
3.555926513671875000e+01,4.612705230712890625e+00,9.325839877128601074e-01,3.259269714355468750e+00,1.281874418258666992e+00,1.585735559463500977e+00,7.199235916137695312e+00,8.804394721984863281e+00,9.055113792419433594e+00,3.079978227615356445e+00,1.904686450958251953e+00,6.095133304595947266e+00,5.293251514434814453e+00,5.973552703857421875e+00,6.592123031616210938e+00,7.560840129852294922e+00,9.990123510360717773e-01,6.477035999298095703e+00,4.084138870239257812e+00,4.953465461730957031e+00
3.606010055541992188e+01,4.813972949981689453e+00,9.537791609764099121e-01,3.590560197830200195e+00,1.267773628234863281e+00,1.687967658042907715e+00,2.967741489410400391e+00,7.855703830718994141e+00,8.682672500610351562e+00,3.409965276718139648e+00,2.660594224929809570e+00,6.113002777099609375e+00,5.298039436340332031e+00,5.918891429901123047e+00,6.379690647125244141e+00,7.639900207519531250e+00,2.089211463928222656e+00,6.258731365203857422e+00,4.067085266113281250e+00,4.947021484375000000e+00
3.656093597412109375e+01,4.876206874847412109e+00,9.614738821983337402e-01,3.811498641967773438e+00,1.262349963188171387e+00,1.788141489028930664e+00,2.161656141281127930e+00,4.326677322387695312e+00,6.943965435028076172e+00,3.372495412826538086e+00,3.127479076385498047e+00,6.128673076629638672e+00,5.302247524261474609e+00,5.910596370697021484e+00,6.304605007171630859e+00,7.532876491546630859e+00,5.905239105224609375e+00,6.050230979919433594e+00,4.058222293853759766e+00,4.944524288177490234e+00
3.706177139282226562e+01,4.886276721954345703e+00,9.523330330848693848e-01,3.938912391662597656e+00,1.224360942840576172e+00,1.890471100807189941e+00,1.676760554313659668e+00,3.695386886596679688e+00,2.456330537796020508e+00,2.719137430191040039e+00,2.357194185256958008e+00,6.132361412048339844e+00,5.300592899322509766e+00,5.904150009155273438e+00,6.256485462188720703e+00,7.709206104278564453e+00,6.494843006134033203e+00,6.440515041351318359e+00,4.067335128784179688e+00,4.948792457580566406e+00
3.756260299682617188e+01,4.883743286132812500e+00,9.486837983131408691e-01,4.022718906402587891e+00,1.213065624237060547e+00,1.975469470024108887e+00,1.561920285224914551e+00,3.796643733978271484e+00,1.640594005584716797e+00,2.355742216110229492e+00,1.957350611686706543e+00,6.140859127044677734e+00,5.302149295806884766e+00,5.895833492279052734e+00,6.212572574615478516e+00,7.708187580108642578e+00,6.508169174194335938e+00,6.827622413635253906e+00,4.075672626495361328e+00,4.951094150543212891e+00
3.806343841552734375e+01,4.873646736145019531e+00,9.470959305763244629e-01,4.076901435852050781e+00,1.208879232406616211e+00,2.043704748153686523e+00,1.523461699485778809e+00,3.910869121551513672e+00,1.441516876220703125e+00,2.194546937942504883e+00,1.585297346115112305e+00,6.146670341491699219e+00,5.301971435546875000e+00,5.881494522094726562e+00,6.170916080474853516e+00,7.684754848480224609e+00,6.426817893981933594e+00,7.049725532531738281e+00,4.090189933776855469e+00,4.951709747314453125e+00
3.856427383422851562e+01,4.859561443328857422e+00,9.441590309143066406e-01,4.112806797027587891e+00,1.203175902366638184e+00,2.095982551574707031e+00,1.494581103324890137e+00,4.007084369659423828e+00,1.341427803039550781e+00,2.123450756072998047e+00,1.218410849571228027e+00,6.146878719329833984e+00,5.298722743988037109e+00,5.863622665405273438e+00,6.135340690612792969e+00,7.660099029541015625e+00,6.330833435058593750e+00,7.197026252746582031e+00,4.117742538452148438e+00,4.952714443206787109e+00
3.906510925292968750e+01,4.840384006500244141e+00,9.413503408432006836e-01,4.135978698730468750e+00,1.198644161224365234e+00,2.138629436492919922e+00,1.477741837501525879e+00,4.092495441436767578e+00,1.296623349189758301e+00,2.158042430877685547e+00,1.023167729377746582e+00,6.138722896575927734e+00,5.297705173492431641e+00,5.839251041412353516e+00,6.101224422454833984e+00,7.640593528747558594e+00,6.238090991973876953e+00,7.441882610321044922e+00,4.156479835510253906e+00,4.958538532257080078e+00
3.956594467163085938e+01,4.816174030303955078e+00,9.395629167556762695e-01,4.152750968933105469e+00,1.196317791938781738e+00,2.174777030944824219e+00,1.470993876457214355e+00,4.169578552246093750e+00,1.281640172004699707e+00,2.220617771148681641e+00,9.580191373825073242e-01,6.109025001525878906e+00,5.291367530822753906e+00,5.807915687561035156e+00,6.071369171142578125e+00,7.626587867736816406e+00,6.155890941619873047e+00,7.604687690734863281e+00,4.196655750274658203e+00,4.962058067321777344e+00
4.006677627563476562e+01,4.790345668792724609e+00,9.391772150993347168e-01,4.165396690368652344e+00,1.196134090423583984e+00,2.205867767333984375e+00,1.470753312110900879e+00,4.228595733642578125e+00,1.280458450317382812e+00,2.259293556213378906e+00,9.485695958137512207e-01,6.061651229858398438e+00,5.286331176757812500e+00,5.774010658264160156e+00,6.045019626617431641e+00,7.616665363311767578e+00,6.068029880523681641e+00,7.586617946624755859e+00,4.239308357238769531e+00,4.970003128051757812e+00
4.056761169433593750e+01,4.706865787506103516e+00,9.389852881431579590e-01,4.168515205383300781e+00,1.196169972419738770e+00,2.231306314468383789e+00,1.471136212348937988e+00,4.275330066680908203e+00,1.280714750289916992e+00,2.267345190048217773e+00,9.461404085159301758e-01,6.008379936218261719e+00,5.282372951507568359e+00,5.664136886596679688e+00,6.011263370513916016e+00,7.605455398559570312e+00,5.987987041473388672e+00,7.436580181121826172e+00,4.290305137634277344e+00,4.982858657836914062e+00
4.106844711303710938e+01,4.773931980133056641e+00,9.389110207557678223e-01,4.176127910614013672e+00,1.196297049522399902e+00,2.251180171966552734e+00,1.471705675125122070e+00,4.324011325836181641e+00,1.281348347663879395e+00,2.300810337066650391e+00,9.458732604980468750e-01,5.953025817871093750e+00,5.277594566345214844e+00,5.752467632293701172e+00,5.991524219512939453e+00,7.589015960693359375e+00,5.935033798217773438e+00,7.393280982971191406e+00,4.347151279449462891e+00,4.998253345489501953e+00
4.156928253173828125e+01,4.858486652374267578e+00,9.388933777809143066e-01,4.168820858001708984e+00,1.196448445320129395e+00,2.267686128616333008e+00,1.472261309623718262e+00,4.373907566070556641e+00,1.281994581222534180e+00,2.342953681945800781e+00,9.461754560470581055e-01,5.897247314453125000e+00,5.270401000976562500e+00,5.863809108734130859e+00,5.952202796936035156e+00,7.572939395904541016e+00,5.902570247650146484e+00,7.393258094787597656e+00,4.405123710632324219e+00,5.013631820678710938e+00
4.207011795043945312e+01,9.239773750305175781e+00,2.941135168075561523e-01,3.301184415817260742e+00,1.566344380378723145e+00,2.298723697662353516e+00,1.646985173225402832e+00,4.593686580657958984e+00,1.412126302719116211e+00,2.419291973114013672e+00,1.101770520210266113e+00,5.844181537628173828e+00,5.262149333953857422e+00,1.724854111671447754e+00,7.838253974914550781e+00,7.406560897827148438e+00,6.009190559387207031e+00,7.322719097137451172e+00,4.437696933746337891e+00,5.017155170440673828e+00
4.257095336914062500e+01,7.315679073333740234e+00,1.052911758422851562e+00,3.348128795623779297e+00,1.150598764419555664e+00,2.200672864913940430e+00,1.493136644363403320e+00,4.505791187286376953e+00,1.283559799194335938e+00,2.398730516433715820e+00,9.471051096916198730e-01,5.787736892700195312e+00,5.244887828826904297e+00,5.339774608612060547e+00,6.563155651092529297e+00,7.488819122314453125e+00,5.934475898742675781e+00,7.325629234313964844e+00,4.504474639892578125e+00,5.035125255584716797e+00
4.307178497314453125e+01,5.541838169097900391e+00,9.800344705581665039e-01,3.707263708114624023e+00,1.165340900421142578e+00,2.123137712478637695e+00,1.491784095764160156e+00,4.511746406555175781e+00,1.286924362182617188e+00,2.431290388107299805e+00,9.475310444831848145e-01,5.743474960327148438e+00,5.234047889709472656e+00,5.778387069702148438e+00,6.257780551910400391e+00,7.590017318725585938e+00,5.936382770538330078e+00,7.328176975250244141e+00,4.544944286346435547e+00,5.045810699462890625e+00
4.357262039184570312e+01,5.043610095977783203e+00,9.513967633247375488e-01,3.923985719680786133e+00,1.183470368385314941e+00,2.096575498580932617e+00,1.478730678558349609e+00,4.476997852325439453e+00,1.289886116981506348e+00,2.458388328552246094e+00,9.482454061508178711e-01,5.706653594970703125e+00,5.223082065582275391e+00,5.839344024658203125e+00,6.179432868957519531e+00,7.621925830841064453e+00,5.964490890502929688e+00,7.332805633544921875e+00,4.576717376708984375e+00,5.053658962249755859e+00
4.407345581054687500e+01,4.907975673675537109e+00,9.424923658370971680e-01,4.032995223999023438e+00,1.190623998641967773e+00,2.110189676284790039e+00,1.471967101097106934e+00,4.423671722412109375e+00,1.290254712104797363e+00,2.475744009017944336e+00,9.491830468177795410e-01,5.679608821868896484e+00,5.214272022247314453e+00,5.854578495025634766e+00,6.144746303558349609e+00,7.626131057739257812e+00,5.988925933837890625e+00,7.333631038665771484e+00,4.601978778839111328e+00,5.060285091400146484e+00
4.457429122924804688e+01,4.860384464263916016e+00,9.399204850196838379e-01,4.088610172271728516e+00,1.193426370620727539e+00,2.137747764587402344e+00,1.470010042190551758e+00,4.386390209197998047e+00,1.288695454597473145e+00,2.483402013778686523e+00,9.499629139900207520e-01,5.660214424133300781e+00,5.206977844238281250e+00,5.845609188079833984e+00,6.113085746765136719e+00,7.618666172027587891e+00,6.006786823272705078e+00,7.331066131591796875e+00,4.621183395385742188e+00,5.064980983734130859e+00
4.507512664794921875e+01,4.834182262420654297e+00,9.391899704933166504e-01,4.121427536010742188e+00,1.194669842720031738e+00,2.166981220245361328e+00,1.469958543777465820e+00,4.371455669403076172e+00,1.286722898483276367e+00,2.485929965972900391e+00,9.504117965698242188e-01,5.646291732788085938e+00,5.201593875885009766e+00,5.826043128967285156e+00,6.084531784057617188e+00,7.606874465942382812e+00,6.009702205657958984e+00,7.332078456878662109e+00,4.635756969451904297e+00,5.068568229675292969e+00
4.557595825195312500e+01,4.810095310211181641e+00,9.389787316322326660e-01,4.141951560974121094e+00,1.195333957672119141e+00,2.193863153457641602e+00,1.470483899116516113e+00,4.375109195709228516e+00,1.285178542137145996e+00,2.486817359924316406e+00,9.505354166030883789e-01,5.635862350463867188e+00,5.197648525238037109e+00,5.798484802246093750e+00,6.056917190551757812e+00,7.594025611877441406e+00,5.999297142028808594e+00,7.336745262145996094e+00,4.647267818450927734e+00,5.071317195892333984e+00
4.607679367065429688e+01,4.783642292022705078e+00,9.389171004295349121e-01,4.154937744140625000e+00,1.195754289627075195e+00,2.217520713806152344e+00,1.471118330955505371e+00,4.391125679016113281e+00,1.284230470657348633e+00,2.488542318344116211e+00,9.504206180572509766e-01,5.627230167388916016e+00,5.194576263427734375e+00,5.764811992645263672e+00,6.029943466186523438e+00,7.581485271453857422e+00,5.980450630187988281e+00,7.343434810638427734e+00,4.656728744506835938e+00,5.073442935943603516e+00
4.657762908935546875e+01,4.781730175018310547e+00,9.388982653617858887e-01,4.164799690246582031e+00,1.196048021316528320e+00,2.237996101379394531e+00,1.471709609031677246e+00,4.414434909820556641e+00,1.283749222755432129e+00,2.492400884628295898e+00,9.501725435256958008e-01,5.619379997253417969e+00,5.191890716552734375e+00,5.762614250183105469e+00,6.006916999816894531e+00,7.569396972656250000e+00,5.957908153533935547e+00,7.350265979766845703e+00,4.664566516876220703e+00,5.075055599212646484e+00
4.707846450805664062e+01,4.718078136444091797e+00,9.388929605484008789e-01,4.164881706237792969e+00,1.196269512176513672e+00,2.254937648773193359e+00,1.472226619720458984e+00,4.441207885742187500e+00,1.283575296401977539e+00,2.498644590377807617e+00,9.498884677886962891e-01,5.612007141113281250e+00,5.189279556274414062e+00,5.678890705108642578e+00,5.974378108978271484e+00,7.554982185363769531e+00,5.934311389923095703e+00,7.355518817901611328e+00,4.670763015747070312e+00,5.076170444488525391e+00
4.757929992675781250e+01,4.793799400329589844e+00,9.388913512229919434e-01,4.165043830871582031e+00,1.196441769599914551e+00,2.269103050231933594e+00,1.472668647766113281e+00,4.467897415161132812e+00,1.283583641052246094e+00,2.507165908813476562e+00,9.496290683746337891e-01,5.605381011962890625e+00,5.186705112457275391e+00,5.778621196746826172e+00,5.947217464447021484e+00,7.539699554443359375e+00,5.909311771392822266e+00,7.358855247497558594e+00,4.675034523010253906e+00,5.076811790466308594e+00
4.808013534545898438e+01,4.862497329711914062e+00,9.388933777809143066e-01,4.146504402160644531e+00,1.196580648422241211e+00,2.281558036804199219e+00,1.473037242889404297e+00,4.493526458740234375e+00,1.283684492111206055e+00,2.517536401748657227e+00,9.494196772575378418e-01,5.600129127502441406e+00,5.184250354766845703e+00,5.869089603424072266e+00,5.893490314483642578e+00,7.526278972625732422e+00,5.884419441223144531e+00,7.360286235809326172e+00,4.677028179168701172e+00,5.076937675476074219e+00
4.858096694946289062e+01,4.907701492309570312e+00,9.389101862907409668e-01,4.117710113525390625e+00,1.196703672409057617e+00,2.292536497116088867e+00,1.473359704017639160e+00,4.520448684692382812e+00,1.283839464187622070e+00,2.529170274734497070e+00,9.492801427841186523e-01,5.596894741058349609e+00,5.182095050811767578e+00,5.928613185882568359e+00,5.826531410217285156e+00,7.514304161071777344e+00,5.864894866943359375e+00,7.359800338745117188e+00,4.676344394683837891e+00,5.076498985290527344e+00
4.908180236816406250e+01,4.926659584045410156e+00,9.389593005180358887e-01,4.187779426574707031e+00,1.196808695793151855e+00,2.302185535430908203e+00,1.473649740219116211e+00,4.545993804931640625e+00,1.284024357795715332e+00,2.541454553604125977e+00,9.492051005363464355e-01,5.596249103546142578e+00,5.180450916290283203e+00,5.953577518463134766e+00,5.923206806182861328e+00,7.503275871276855469e+00,5.847124099731445312e+00,7.357323646545410156e+00,4.672703266143798828e+00,5.075472831726074219e+00
4.958263778686523438e+01,4.930745124816894531e+00,9.391438961029052734e-01,4.255892753601074219e+00,1.196972012519836426e+00,2.310227632522583008e+00,1.473955035209655762e+00,4.569417953491210938e+00,1.284254312515258789e+00,2.554109334945678711e+00,9.492133855819702148e-01,5.598562240600585938e+00,5.179516792297363281e+00,5.958963871002197266e+00,6.018032550811767578e+00,7.491225719451904297e+00,5.830124855041503906e+00,7.353601932525634766e+00,4.665933132171630859e+00,5.073848247528076172e+00
5.008347320556640625e+01,4.908165931701660156e+00,9.398072957992553711e-01,4.297151088714599609e+00,1.197347521781921387e+00,2.317906618118286133e+00,1.474371552467346191e+00,4.589187145233154297e+00,1.284583806991577148e+00,2.566964387893676758e+00,9.493378996849060059e-01,5.604063987731933594e+00,5.179471015930175781e+00,5.929288387298583984e+00,6.070490360260009766e+00,7.482111930847167969e+00,5.811461925506591797e+00,7.349388599395751953e+00,4.656057357788085938e+00,5.071681022644042969e+00
5.058430862426757812e+01,8.137923240661621094e+00,1.060496211051940918e+00,3.380997419357299805e+00,1.187994837760925293e+00,2.306069612503051758e+00,1.496011376380920410e+00,4.630452156066894531e+00,1.290834784507751465e+00,2.572397470474243164e+00,9.534569978713989258e-01,5.612224102020263672e+00,5.180755615234375000e+00,4.761607646942138672e+00,7.321741580963134766e+00,7.540429115295410156e+00,5.823901176452636719e+00,7.317266464233398438e+00,4.642020702362060547e+00,5.069018363952636719e+00
5.108514022827148438e+01,5.810100078582763672e+00,9.957425594329833984e-01,3.586023092269897461e+00,1.155364274978637695e+00,2.187713146209716797e+00,1.496308088302612305e+00,4.636527061462402344e+00,1.287635564804077148e+00,2.584415674209594727e+00,9.500436782836914062e-01,5.624258518218994141e+00,5.182614803314208984e+00,5.673021316528320312e+00,6.295543193817138672e+00,7.513907432556152344e+00,5.828484058380126953e+00,7.315175056457519531e+00,4.627425193786621094e+00,5.066215038299560547e+00
5.158597564697265625e+01,5.099941730499267578e+00,9.569087624549865723e-01,3.846261024475097656e+00,1.179566264152526855e+00,2.134464025497436523e+00,1.485218524932861328e+00,4.616299629211425781e+00,1.290240287780761719e+00,2.594768285751342773e+00,9.500648379325866699e-01,5.639441013336181641e+00,5.185923099517822266e+00,5.791541576385498047e+00,6.159534454345703125e+00,7.558420658111572266e+00,5.863729953765869141e+00,7.309390544891357422e+00,4.610166072845458984e+00,5.063238620758056641e+00
5.208681106567382812e+01,4.901200294494628906e+00,9.442386031150817871e-01,3.979670286178588867e+00,1.189324140548706055e+00,2.130526304244995117e+00,1.476464271545410156e+00,4.570553779602050781e+00,1.291583418846130371e+00,2.602351188659667969e+00,9.504004120826721191e-01,5.656765937805175781e+00,5.190075874328613281e+00,5.812186717987060547e+00,6.113408088684082031e+00,7.584172725677490234e+00,5.909001827239990234e+00,7.306075572967529297e+00,4.590908527374267578e+00,5.059931278228759766e+00
5.258764648437500000e+01,4.845615863800048828e+00,9.406456351280212402e-01,4.057371139526367188e+00,1.193220257759094238e+00,2.145878553390502930e+00,1.473288178443908691e+00,4.513638496398925781e+00,1.291538357734680176e+00,2.606955528259277344e+00,9.511529803276062012e-01,5.675970077514648438e+00,5.195093631744384766e+00,5.816746234893798828e+00,6.097867012023925781e+00,7.580389022827148438e+00,5.933423995971679688e+00,7.308640003204345703e+00,4.570751667022705078e+00,5.056549072265625000e+00
5.308848190307617188e+01,4.818084239959716797e+00,9.396665096282958984e-01,4.097731590270996094e+00,1.194881200790405273e+00,2.168734788894653320e+00,1.472420811653137207e+00,4.474807262420654297e+00,1.290170550346374512e+00,2.605874538421630859e+00,9.516630768775939941e-01,5.696192741394042969e+00,5.200758934020996094e+00,5.802141666412353516e+00,6.071345806121826172e+00,7.572847366333007812e+00,5.950325965881347656e+00,7.308635711669921875e+00,4.550705909729003906e+00,5.053268432617187500e+00
5.358931732177734375e+01,4.787464141845703125e+00,9.393759965896606445e-01,4.120187759399414062e+00,1.195652604103088379e+00,2.192234516143798828e+00,1.472290754318237305e+00,4.456278324127197266e+00,1.288372516632080078e+00,2.600998878479003906e+00,9.518262743949890137e-01,5.716079711914062500e+00,5.206524372100830078e+00,5.767859458923339844e+00,6.040836811065673828e+00,7.563871383666992188e+00,5.956319808959960938e+00,7.307908058166503906e+00,4.531265735626220703e+00,5.049959659576416016e+00
5.409014892578125000e+01,4.747703552246093750e+00,9.392589330673217773e-01,4.130838394165039062e+00,1.196059703826904297e+00,2.213898420333862305e+00,1.472408771514892578e+00,4.454417705535888672e+00,1.286809086799621582e+00,2.594694852828979492e+00,9.517453908920288086e-01,5.734798908233642578e+00,5.212092876434326172e+00,5.717196464538574219e+00,6.005976200103759766e+00,7.553902149200439453e+00,5.952889919281005859e+00,7.308022499084472656e+00,4.513035297393798828e+00,5.046719551086425781e+00
5.459098434448242188e+01,4.667534351348876953e+00,9.391944408416748047e-01,4.135934829711914062e+00,1.196312785148620605e+00,2.232985258102416992e+00,1.472627520561218262e+00,4.463456630706787109e+00,1.285701870918273926e+00,2.588763952255249023e+00,9.515225887298583984e-01,5.751847267150878906e+00,5.217221260070800781e+00,5.612113475799560547e+00,5.972272872924804688e+00,7.542850971221923828e+00,5.941852092742919922e+00,7.309138298034667969e+00,4.496394157409667969e+00,5.043616294860839844e+00
5.509181976318359375e+01,4.723034858703613281e+00,9.391753673553466797e-01,4.141703128814697266e+00,1.196507573127746582e+00,2.248517036437988281e+00,1.472913146018981934e+00,4.476775169372558594e+00,1.285041689872741699e+00,2.584290504455566406e+00,9.512546062469482422e-01,5.766972541809082031e+00,5.221776485443115234e+00,5.685330867767333984e+00,5.947212696075439453e+00,7.527009487152099609e+00,5.922349929809570312e+00,7.310569763183593750e+00,4.481417179107666016e+00,5.040699481964111328e+00
5.559265518188476562e+01,4.773372173309326172e+00,9.391990303993225098e-01,4.129876613616943359e+00,1.196688890457153320e+00,2.262024164199829102e+00,1.473237633705139160e+00,4.494763851165771484e+00,1.284724354743957520e+00,2.582051038742065430e+00,9.509983062744140625e-01,5.780223369598388672e+00,5.225732803344726562e+00,5.751657009124755859e+00,5.898713588714599609e+00,7.511828422546386719e+00,5.902265071868896484e+00,7.312399864196777344e+00,4.467966079711914062e+00,5.038013458251953125e+00
5.609349060058593750e+01,4.830688953399658203e+00,9.392915964126586914e-01,4.057035446166992188e+00,1.196895956993103027e+00,2.274520158767700195e+00,1.473586916923522949e+00,4.514189243316650391e+00,1.284641027450561523e+00,2.582201719284057617e+00,9.507837295532226562e-01,5.791855335235595703e+00,5.229104042053222656e+00,5.827137947082519531e+00,5.754668235778808594e+00,7.500283718109130859e+00,5.881137371063232422e+00,7.314248085021972656e+00,4.455771446228027344e+00,5.035513401031494141e+00
5.659432220458984375e+01,4.877340793609619141e+00,9.394961595535278320e-01,4.147561073303222656e+00,1.197110772132873535e+00,2.285808563232421875e+00,1.473961114883422852e+00,4.536604404449462891e+00,1.284718036651611328e+00,2.584487915039062500e+00,9.506295323371887207e-01,5.802198410034179688e+00,5.231967926025390625e+00,5.888562202453613281e+00,5.882090091705322266e+00,7.490582942962646484e+00,5.864304542541503906e+00,7.315491676330566406e+00,4.444426536560058594e+00,5.033158302307128906e+00
5.709515762329101562e+01,4.901874542236328125e+00,9.400537610054016113e-01,4.214016914367675781e+00,1.197518467903137207e+00,2.295342445373535156e+00,1.474475860595703125e+00,4.559187412261962891e+00,1.285001873970031738e+00,2.588484287261962891e+00,9.506202936172485352e-01,5.811641693115234375e+00,5.234416484832763672e+00,5.920863151550292969e+00,5.971772670745849609e+00,7.479671001434326172e+00,5.848878383636474609e+00,7.315542697906494141e+00,4.433517456054687500e+00,5.030870914459228516e+00
5.759599304199218750e+01,4.899919509887695312e+00,9.414867758750915527e-01,4.256853103637695312e+00,1.198364257812500000e+00,2.304373979568481445e+00,1.475284218788146973e+00,4.580966472625732422e+00,1.285568118095397949e+00,2.594100713729858398e+00,9.508266448974609375e-01,5.820604801177978516e+00,5.236617088317871094e+00,5.918327331542968750e+00,6.024424552917480469e+00,7.471508502960205078e+00,5.834176063537597656e+00,7.315185546875000000e+00,4.422694683074951172e+00,5.028637409210205078e+00
5.809682846069335938e+01,4.863711833953857422e+00,9.451147317886352539e-01,4.290747165679931641e+00,1.200182557106018066e+00,2.313147783279418945e+00,1.476662874221801758e+00,4.599366188049316406e+00,1.286577701568603516e+00,2.600985765457153320e+00,9.513547420501708984e-01,5.829477787017822266e+00,5.238674163818359375e+00,5.870884895324707031e+00,6.063505649566650391e+00,7.466135501861572266e+00,5.816569805145263672e+00,7.314390182495117188e+00,4.411679267883300781e+00,5.026389598846435547e+00
5.859766387939453125e+01,4.819657325744628906e+00,9.544544816017150879e-01,4.319211959838867188e+00,1.204277396202087402e+00,2.321441888809204102e+00,1.479228854179382324e+00,4.617253303527832031e+00,1.288412094116210938e+00,2.608837842941284180e+00,9.524223208427429199e-01,5.838555812835693359e+00,5.240686893463134766e+00,5.813895702362060547e+00,6.093639850616455078e+00,7.461615085601806641e+00,5.800281524658203125e+00,7.313097953796386719e+00,4.400236129760742188e+00,5.024074077606201172e+00
5.909849929809570312e+01,4.761981964111328125e+00,9.779770374298095703e-01,4.347060203552246094e+00,1.213591337203979492e+00,2.329397916793823242e+00,1.484192728996276855e+00,4.636880874633789062e+00,1.291810154914855957e+00,2.617455005645751953e+00,9.544167518615722656e-01,5.848047256469726562e+00,5.242746353149414062e+00,5.741418838500976562e+00,6.120383739471435547e+00,7.456940174102783203e+00,5.787966728210449219e+00,7.311255931854248047e+00,4.388186931610107422e+00,5.021661281585693359e+00
5.959933090209960938e+01,4.691672325134277344e+00,1.034343719482421875e+00,4.376156330108642578e+00,1.234080076217651367e+00,2.337709903717041016e+00,1.493750572204589844e+00,4.659109115600585938e+00,1.298063516616821289e+00,2.626749277114868164e+00,9.579726457595825195e-01,5.858091831207275391e+00,5.244932651519775391e+00,5.660138607025146484e+00,6.142501354217529297e+00,7.452308654785156250e+00,5.779483795166015625e+00,7.308764934539794922e+00,4.375410556793212891e+00,5.019123554229736328e+00
6.010016632080078125e+01,4.605626583099365234e+00,1.166234970092773438e+00,4.400056838989257812e+00,1.276658773422241211e+00,2.347750186920166016e+00,1.511197209358215332e+00,4.683846473693847656e+00,1.308893084526062012e+00,2.636713027954101562e+00,9.637119770050048828e-01,5.868779182434082031e+00,5.247299194335937500e+00,5.593534469604492188e+00,6.141652584075927734e+00,7.449075698852539062e+00,5.772675514221191406e+00,7.305511474609375000e+00,4.361870288848876953e+00,5.016453742980957031e+00
6.060100173950195312e+01,4.404834270477294922e+00,1.484549403190612793e+00,4.414655685424804688e+00,1.353999614715576172e+00,2.360787153244018555e+00,1.538393139839172363e+00,4.710075378417968750e+00,1.324528574943542480e+00,2.647150278091430664e+00,9.710022807121276855e-01,5.880068302154541016e+00,5.249837398529052734e+00,5.623803615570068359e+00,6.098687648773193359e+00,7.447969913482666016e+00,5.765015125274658203e+00,7.301583290100097656e+00,4.347660064697265625e+00,5.013676166534423828e+00
6.110183715820312500e+01,3.917490482330322266e+00,2.173064947128295898e+00,4.423571586608886719e+00,1.459234952926635742e+00,2.375788450241088867e+00,1.570724129676818848e+00,4.735600948333740234e+00,1.341857910156250000e+00,2.657486438751220703e+00,9.781070947647094727e-01,5.891825199127197266e+00,5.252505302429199219e+00,5.833622932434082031e+00,6.022102355957031250e+00,7.448645114898681641e+00,5.756066799163818359e+00,7.297413349151611328e+00,4.332978248596191406e+00,5.010843753814697266e+00
6.160267257690429688e+01,3.546824932098388672e+00,3.218016147613525391e+00,4.433711528778076172e+00,1.590559959411621094e+00,2.391326904296875000e+00,1.608975052833557129e+00,4.760351657867431641e+00,1.362598657608032227e+00,2.667855739593505859e+00,9.866693615913391113e-01,5.904051303863525391e+00,5.255323410034179688e+00,5.935508251190185547e+00,5.945509433746337891e+00,7.449590682983398438e+00,5.745394229888916016e+00,7.292966365814208984e+00,4.317834377288818359e+00,5.007942676544189453e+00
6.210350418090820312e+01,4.104591369628906250e+00,4.540464401245117188e+00,4.474359512329101562e+00,1.788699626922607422e+00,2.410327672958374023e+00,1.659445643424987793e+00,4.786279678344726562e+00,1.387637734413146973e+00,2.678319215774536133e+00,9.950557351112365723e-01,5.916588306427001953e+00,5.258242607116699219e+00,5.538071155548095703e+00,5.856510162353515625e+00,7.447099685668945312e+00,5.732074737548828125e+00,7.288276672363281250e+00,4.302435398101806641e+00,5.005022048950195312e+00
6.260433959960937500e+01,5.342931270599365234e+00,5.813389301300048828e+00,4.509966373443603516e+00,1.949692368507385254e+00,2.425365447998046875e+00,1.692437291145324707e+00,4.807007789611816406e+00,1.401054620742797852e+00,2.686976432800292969e+00,9.973548054695129395e-01,5.929094791412353516e+00,5.261123180389404297e+00,4.714721679687500000e+00,5.759085178375244141e+00,7.444024562835693359e+00,5.723142623901367188e+00,7.284768104553222656e+00,4.287229061126708984e+00,5.002227783203125000e+00
6.310517501831054688e+01,6.172094345092773438e+00,6.545454502105712891e+00,4.491018295288085938e+00,2.045295476913452148e+00,2.432407140731811523e+00,1.706480264663696289e+00,4.822347640991210938e+00,1.406535625457763672e+00,2.694442749023437500e+00,9.975993633270263672e-01,5.941657066345214844e+00,5.264035701751708984e+00,4.059886455535888672e+00,5.682647228240966797e+00,7.441210269927978516e+00,5.718830108642578125e+00,7.282343387603759766e+00,4.272094726562500000e+00,4.999494075775146484e+00
6.360601043701171875e+01,6.558084011077880859e+00,6.881431102752685547e+00,4.407844543457031250e+00,2.206877470016479492e+00,2.439316749572753906e+00,1.729368090629577637e+00,4.838380336761474609e+00,1.418572783470153809e+00,2.702553272247314453e+00,1.000987887382507324e+00,5.954341888427734375e+00,5.267045497894287109e+00,3.717841625213623047e+00,5.639138698577880859e+00,7.439754009246826172e+00,5.712765693664550781e+00,7.280558586120605469e+00,4.256846427917480469e+00,4.996737480163574219e+00
6.410684204101562500e+01,6.691338539123535156e+00,6.997802257537841797e+00,4.149973392486572266e+00,2.663067102432250977e+00,2.453984022140502930e+00,1.776946425437927246e+00,4.858447551727294922e+00,1.441499590873718262e+00,2.711758852005004883e+00,1.007009387016296387e+00,5.966982364654541016e+00,5.270083904266357422e+00,3.604064702987670898e+00,5.697770595550537109e+00,7.443708896636962891e+00,5.701242446899414062e+00,7.279195785522460938e+00,4.241600513458251953e+00,4.993957996368408203e+00
6.460768127441406250e+01,6.697931289672851562e+00,7.000390052795410156e+00,3.707672595977783203e+00,3.576383590698242188e+00,2.474544763565063477e+00,1.837336897850036621e+00,4.876190185546875000e+00,1.468879580497741699e+00,2.725449085235595703e+00,1.013649821281433105e+00,5.099665164947509766e+00,5.053555965423583984e+00,3.613885164260864258e+00,5.829672336578369141e+00,7.454571723937988281e+00,5.681152820587158203e+00,7.290948867797851562e+00,4.954639434814453125e+00,5.007757186889648438e+00
6.510851287841796875e+01,6.608606338500976562e+00,6.907742977142333984e+00,3.378313779830932617e+00,4.523540973663330078e+00,2.486307859420776367e+00,1.874428987503051758e+00,4.889503002166748047e+00,1.484787821769714355e+00,2.732031822204589844e+00,1.016067266464233398e+00,5.527396202087402344e+00,5.096224784851074219e+00,3.714791536331176758e+00,5.880664825439453125e+00,7.459942817687988281e+00,5.668593406677246094e+00,7.287419319152832031e+00,4.618249893188476562e+00,5.068669795989990234e+00
6.560935211181640625e+01,6.466480255126953125e+00,6.760499954223632812e+00,3.416101932525634766e+00,5.284485816955566406e+00,2.495198965072631836e+00,1.932589054107666016e+00,4.903127670288085938e+00,1.513959646224975586e+00,2.739211797714233398e+00,1.023504972457885742e+00,5.738793373107910156e+00,5.163447380065917969e+00,3.859149932861328125e+00,5.769872188568115234e+00,7.463563442230224609e+00,5.649924755096435547e+00,7.283284187316894531e+00,4.437123298645019531e+00,5.046869754791259766e+00
6.611018371582031250e+01,6.272891044616699219e+00,6.561853885650634766e+00,4.224658489227294922e+00,5.992259025573730469e+00,2.517081975936889648e+00,2.031371355056762695e+00,4.922882080078125000e+00,1.556456685066223145e+00,2.747586011886596680e+00,1.032073378562927246e+00,5.862342357635498047e+00,5.212604045867919922e+00,4.039981842041015625e+00,5.322010040283203125e+00,7.455937385559082031e+00,5.620289325714111328e+00,7.279379367828369141e+00,4.323576927185058594e+00,5.021761417388916016e+00
6.661101531982421875e+01,6.059583663940429688e+00,6.343624591827392578e+00,5.359552860260009766e+00,6.579773426055908203e+00,2.539012670516967773e+00,2.096232175827026367e+00,4.935139179229736328e+00,1.579363226890563965e+00,2.754152059555053711e+00,1.033330798149108887e+00,5.939379692077636719e+00,5.244273185729980469e+00,4.224857330322265625e+00,4.669668197631835938e+00,7.444161891937255859e+00,5.594993591308593750e+00,7.277274131774902344e+00,4.249817371368408203e+00,5.003815650939941406e+00
6.711185455322265625e+01,5.861259937286376953e+00,6.133582592010498047e+00,6.092893600463867188e+00,6.915352344512939453e+00,2.548260927200317383e+00,2.114588499069213867e+00,4.936254501342773438e+00,1.583174824714660645e+00,2.758736133575439453e+00,1.030138492584228516e+00,5.989197254180908203e+00,5.264306068420410156e+00,4.385752677917480469e+00,4.173171997070312500e+00,7.448233127593994141e+00,5.578704833984375000e+00,7.276357650756835938e+00,4.200590133666992188e+00,4.991918563842773438e+00
6.761268615722656250e+01,5.689228534698486328e+00,5.940755844116210938e+00,6.457403182983398438e+00,7.058962345123291016e+00,2.556962013244628906e+00,2.118736267089843750e+00,4.931991577148437500e+00,1.582727313041687012e+00,2.762454032897949219e+00,1.026752591133117676e+00,6.022558212280273438e+00,5.277162551879882812e+00,4.517960548400878906e+00,3.898385286331176758e+00,7.494219303131103516e+00,5.565169334411621094e+00,7.275244712829589844e+00,4.166651248931884766e+00,4.983999729156494141e+00
6.811352539062500000e+01,5.546610832214355469e+00,5.771096229553222656e+00,6.611389160156250000e+00,7.083320140838623047e+00,2.576756000518798828e+00,2.133818864822387695e+00,4.925182819366455078e+00,1.588332653045654297e+00,2.766035318374633789e+00,1.025502443313598633e+00,6.045822620391845703e+00,5.285669326782226562e+00,4.623105525970458984e+00,3.782231092453002930e+00,7.615746021270751953e+00,5.548088550567626953e+00,7.273284435272216797e+00,4.142294406890869141e+00,4.978563308715820312e+00
6.861435699462890625e+01,5.427870273590087891e+00,5.621604442596435547e+00,6.632953166961669922e+00,7.024337291717529297e+00,2.563208818435668945e+00,2.183908462524414062e+00,4.916680812835693359e+00,1.607924699783325195e+00,2.770357131958007812e+00,1.027779698371887207e+00,6.062815189361572266e+00,5.291527271270751953e+00,4.708082675933837891e+00,3.778124809265136719e+00,7.664540290832519531e+00,5.521482944488525391e+00,7.271318912506103516e+00,4.123992919921875000e+00,4.974655628204345703e+00
6.911518859863281250e+01,5.328571319580078125e+00,5.490171909332275391e+00,6.563371658325195312e+00,6.902371406555175781e+00,2.482286453247070312e+00,2.305262088775634766e+00,4.911457061767578125e+00,1.647714018821716309e+00,2.775902986526489258e+00,1.034055233001708984e+00,6.075844764709472656e+00,5.295754909515380859e+00,4.777627944946289062e+00,3.852183580398559570e+00,7.551455497741699219e+00,5.484327316284179688e+00,7.269406795501708984e+00,4.109583377838134766e+00,4.971707344055175781e+00
6.961602783203125000e+01,5.248356819152832031e+00,5.379263401031494141e+00,6.436632633209228516e+00,6.736183643341064453e+00,2.357708454132080078e+00,2.542668819427490234e+00,4.913174629211425781e+00,1.705356240272521973e+00,2.782436132431030273e+00,1.042679905891418457e+00,6.086285114288330078e+00,5.298956394195556641e+00,4.832895755767822266e+00,3.970708131790161133e+00,7.417120456695556641e+00,5.437003612518310547e+00,7.267079830169677734e+00,4.097771644592285156e+00,4.969379425048828125e+00
7.011685943603515625e+01,5.185493469238281250e+00,5.289067745208740234e+00,6.277061939239501953e+00,6.542596817016601562e+00,2.198001623153686523e+00,2.919086217880249023e+00,4.918898582458496094e+00,1.768726706504821777e+00,2.789144754409790039e+00,1.050824284553527832e+00,6.094956398010253906e+00,5.301476955413818359e+00,4.875698089599609375e+00,4.109126567840576172e+00,7.305317401885986328e+00,5.383645534515380859e+00,7.264485359191894531e+00,4.087789058685302734e+00,4.967477321624755859e+00
7.061769866943359375e+01,5.251509189605712891e+00,5.397942543029785156e+00,6.810298442840576172e+00,7.060465335845947266e+00,1.690780520439147949e+00,6.222856521606445312e+00,4.770596981048583984e+00,2.645833492279052734e+00,7.783001899719238281e+00,9.828380942344665527e-01,5.700477600097656250e+00,5.268871307373046875e+00,4.830003738403320312e+00,3.647085666656494141e+00,7.419125556945800781e+00,5.436981201171875000e+00,5.408225536346435547e+00,4.472292900085449219e+00,4.952466011047363281e+00
7.111853027343750000e+01,5.181468009948730469e+00,5.292058944702148438e+00,6.539398193359375000e+00,6.779715538024902344e+00,1.709021806716918945e+00,6.097276687622070312e+00,4.687622070312500000e+00,2.833100080490112305e+00,4.436291217803955078e+00,1.085164546966552734e+00,5.646605491638183594e+00,5.192562580108642578e+00,4.877862453460693359e+00,3.894780397415161133e+00,7.316128253936767578e+00,5.525229454040527344e+00,6.606051445007324219e+00,4.524772644042968750e+00,5.014317989349365234e+00
7.161936187744140625e+01,5.140582561492919922e+00,5.229158878326416016e+00,6.349298954010009766e+00,6.575631141662597656e+00,1.728010058403015137e+00,6.289162635803222656e+00,4.469411373138427734e+00,3.398062705993652344e+00,3.368684291839599609e+00,1.038498163223266602e+00,5.721653938293457031e+00,5.189473152160644531e+00,4.905568122863769531e+00,4.057794570922851562e+00,7.180558681488037109e+00,5.624026775360107422e+00,6.998225212097167969e+00,4.462409019470214844e+00,5.029587745666503906e+00
7.212020111083984375e+01,5.106513500213623047e+00,5.175554275512695312e+00,6.144226551055908203e+00,6.352579593658447266e+00,1.790901660919189453e+00,6.379877090454101562e+00,4.320867061614990234e+00,4.013801097869873047e+00,3.028504848480224609e+00,1.017562150955200195e+00,5.803949356079101562e+00,5.209188938140869141e+00,4.928570747375488281e+00,4.223153114318847656e+00,7.031794548034667969e+00,5.639918804168701172e+00,7.168356895446777344e+00,4.387184143066406250e+00,5.023662090301513672e+00
7.262103271484375000e+01,5.079369544982910156e+00,5.132049560546875000e+00,5.941701889038085938e+00,6.127602577209472656e+00,1.910233378410339355e+00,6.404388904571533203e+00,4.319402694702148438e+00,4.592144489288330078e+00,2.915700197219848633e+00,1.013556122779846191e+00,5.870769977569580078e+00,5.230198860168457031e+00,4.946841716766357422e+00,4.376997947692871094e+00,6.866499900817871094e+00,5.549411773681640625e+00,7.231787681579589844e+00,4.322806835174560547e+00,5.013065814971923828e+00
7.312187194824218750e+01,5.058535099029541016e+00,5.098130702972412109e+00,5.755625724792480469e+00,5.915929317474365234e+00,2.085698366165161133e+00,6.389681339263916016e+00,4.505756378173828125e+00,5.121867656707763672e+00,2.879469394683837891e+00,1.017475247383117676e+00,5.922237396240234375e+00,5.247453212738037109e+00,4.960832595825195312e+00,4.511067390441894531e+00,6.688801765441894531e+00,5.342585563659667969e+00,7.255045890808105469e+00,4.271290779113769531e+00,5.003140926361083984e+00
7.362270355224609375e+01,5.042803287506103516e+00,5.072188377380371094e+00,5.592540264129638672e+00,5.726237297058105469e+00,2.339000463485717773e+00,6.357048034667968750e+00,4.863291263580322266e+00,5.600595951080322266e+00,2.869423866271972656e+00,1.024242997169494629e+00,5.961966514587402344e+00,5.260750770568847656e+00,4.971379756927490234e+00,4.623502254486083984e+00,6.493911266326904297e+00,5.032125473022460938e+00,7.263924598693847656e+00,4.230323314666748047e+00,4.994983196258544922e+00
7.412354278564453125e+01,5.030975341796875000e+00,5.052485942840576172e+00,5.454187393188476562e+00,5.562381267547607422e+00,2.737659454345703125e+00,6.335462093353271484e+00,5.292874813079833984e+00,6.002831459045410156e+00,2.868170499801635742e+00,1.031224250793457031e+00,5.993201732635498047e+00,5.270940303802490234e+00,4.979299545288085938e+00,4.715564727783203125e+00,6.258171558380126953e+00,4.678323745727539062e+00,7.267713069915771484e+00,4.197338104248046875e+00,4.988476276397705078e+00
7.462437438964843750e+01,5.022125244140625000e+00,5.037642478942871094e+00,5.340501308441162109e+00,5.425963878631591797e+00,3.304297685623168945e+00,6.340911388397216797e+00,5.690759658813476562e+00,6.310422897338867188e+00,2.869596004486083984e+00,1.037106871604919434e+00,6.018294334411621094e+00,5.278861045837402344e+00,4.985220432281494141e+00,4.789145946502685547e+00,5.970572948455810547e+00,4.352262020111083984e+00,7.269675731658935547e+00,4.170322418212890625e+00,4.983262538909912109e+00
7.512520599365234375e+01,5.015620231628417969e+00,5.026681423187255859e+00,5.250677585601806641e+00,5.317033767700195312e+00,3.923549175262451172e+00,6.356686115264892578e+00,6.011866569519042969e+00,6.528879165649414062e+00,2.871470928192138672e+00,1.041149258613586426e+00,6.038862705230712891e+00,5.285150527954101562e+00,4.989570140838623047e+00,4.846070289611816406e+00,5.665800571441650391e+00,4.091470718383789062e+00,7.271004199981689453e+00,4.147833824157714844e+00,4.979025363922119141e+00
7.562604522705078125e+01,5.010939598083496094e+00,5.018764019012451172e+00,5.182188510894775391e+00,5.233065605163574219e+00,4.447004318237304688e+00,6.354916095733642578e+00,6.250806808471679688e+00,6.673263549804687500e+00,2.872959613800048828e+00,1.043131351470947266e+00,6.056018352508544922e+00,5.290248394012451172e+00,4.992697715759277344e+00,4.888805389404296875e+00,5.396599292755126953e+00,3.904388904571533203e+00,7.272102355957031250e+00,4.128843784332275391e+00,4.975526809692382812e+00
7.612687683105468750e+01,5.007622241973876953e+00,5.013130664825439453e+00,5.131202220916748047e+00,5.169798374176025391e+00,4.819441318511962891e+00,6.320729255676269531e+00,6.413896560668945312e+00,6.756620883941650391e+00,2.873823881149291992e+00,1.043271303176879883e+00,6.070530891418457031e+00,5.294458389282226562e+00,4.994914054870605469e+00,4.920266628265380859e+00,5.191438674926757812e+00,3.788098335266113281e+00,7.273008346557617188e+00,4.112619400024414062e+00,4.972588062286376953e+00
7.662771606445312500e+01,5.005293369293212891e+00,5.009156703948974609e+00,5.093825340270996094e+00,5.122819423675537109e+00,5.056930541992187500e+00,6.252811431884765625e+00,6.509961605072021484e+00,6.788414001464843750e+00,2.874068498611450195e+00,1.041940808296203613e+00,6.082946777343750000e+00,5.297995567321777344e+00,4.996470928192138672e+00,4.943150043487548828e+00,5.051433086395263672e+00,3.735432147979736328e+00,7.273639678955078125e+00,4.098627567291259766e+00,4.970090866088867188e+00
7.712854766845703125e+01,5.003665924072265625e+00,5.006367206573486328e+00,5.066706180572509766e+00,5.088286399841308594e+00,5.193406581878662109e+00,6.156566619873046875e+00,6.548162937164306641e+00,6.775944232940673828e+00,2.873750686645507812e+00,1.039503097534179688e+00,6.093659877777099609e+00,5.300997734069824219e+00,4.997558116912841797e+00,4.959662914276123047e+00,4.965187072753906250e+00,3.737054109573364258e+00,7.273846149444580078e+00,4.086474418640136719e+00,4.967943191528320312e+00
7.762937927246093750e+01,5.002534389495849609e+00,5.004417896270751953e+00,5.047196388244628906e+00,5.063122749328613281e+00,5.259899616241455078e+00,6.040112018585205078e+00,6.537256240844726562e+00,6.725313186645507812e+00,2.872927904129028320e+00,1.036259055137634277e+00,6.102963924407958984e+00,5.303575992584228516e+00,4.998314380645751953e+00,4.971498966217041016e+00,4.918462753295898438e+00,3.782580852508544922e+00,7.273488044738769531e+00,4.075863361358642578e+00,4.966083526611328125e+00
7.813021850585937500e+01,5.001749038696289062e+00,5.003059864044189453e+00,5.033260822296142578e+00,5.044926643371582031e+00,5.280258655548095703e+00,5.912369728088378906e+00,6.485571384429931641e+00,6.642330169677734375e+00,2.871634006500244141e+00,1.032459616661071777e+00,6.111084461212158203e+00,5.305806159973144531e+00,4.998839855194091797e+00,4.979932308197021484e+00,4.898558616638183594e+00,3.861273050308227539e+00,7.272403240203857422e+00,4.066561698913574219e+00,4.964464664459228516e+00
7.863105010986328125e+01,5.001206398010253906e+00,5.002116203308105469e+00,5.023367404937744141e+00,5.031857490539550781e+00,5.271996498107910156e+00,5.781883239746093750e+00,6.401125907897949219e+00,6.532906532287597656e+00,2.869886875152587891e+00,1.028315544128417969e+00,6.118196964263916016e+00,5.307743549346923828e+00,4.999201774597167969e+00,4.985910415649414062e+00,4.895506858825683594e+00,3.962675571441650391e+00,7.270421028137207031e+00,4.058383464813232422e+00,4.963044643402099609e+00
7.913188934326171875e+01,5.000832557678222656e+00,5.001464366912841797e+00,5.016383171081542969e+00,5.022531032562255859e+00,5.247901916503906250e+00,5.656114578247070312e+00,6.291970252990722656e+00,6.403423786163330078e+00,2.867682933807373047e+00,1.024001836776733398e+00,6.124443531036376953e+00,5.309436321258544922e+00,4.999452114105224609e+00,4.990125656127929688e+00,4.901937007904052734e+00,4.077014923095703125e+00,7.267368316650390625e+00,4.051177501678466797e+00,4.961800575256347656e+00
7.963272094726562500e+01,5.000575065612792969e+00,5.001013278961181641e+00,5.011474132537841797e+00,5.015909671783447266e+00,5.216664791107177734e+00,5.540555000305175781e+00,6.166089057922363281e+00,6.260664939880371094e+00,2.864994049072265625e+00,1.019654989242553711e+00,6.129940032958984375e+00,5.310920715332031250e+00,4.999623775482177734e+00,4.993086814880371094e+00,4.912923812866210938e+00,4.195838928222656250e+00,7.263022899627685547e+00,4.044819355010986328e+00,4.960700035095214844e+00
8.013355255126953125e+01,5.000398635864257812e+00,5.000701904296875000e+00,5.008036136627197266e+00,5.011228561401367188e+00,5.184053897857666016e+00,5.438674926757812500e+00,6.031395435333251953e+00,6.111688613891601562e+00,2.861784934997558594e+00,1.015411615371704102e+00,6.134785175323486328e+00,5.312222480773925781e+00,4.999742507934570312e+00,4.995160579681396484e+00,4.925291061401367188e+00,4.312263965606689453e+00,7.257164955139160156e+00,4.039203166961669922e+00,4.959731101989746094e+00
8.063439178466796875e+01,5.000276565551757812e+00,5.000487804412841797e+00,5.005633831024169922e+00,5.007930755615234375e+00,5.153390884399414062e+00,5.351858139038085938e+00,5.895187854766845703e+00,5.963251113891601562e+00,2.857991933822631836e+00,1.011361598968505859e+00,6.139061450958251953e+00,5.313370227813720703e+00,4.999823570251464844e+00,4.996609210968017578e+00,4.937255859375000000e+00,4.421281337738037109e+00,7.249524593353271484e+00,4.034236431121826172e+00,4.958876132965087891e+00
8.113522338867187500e+01,5.000193119049072266e+00,5.000339984893798828e+00,5.003956317901611328e+00,5.005610942840576172e+00,5.126282691955566406e+00,5.279879093170166016e+00,5.763733863830566406e+00,5.821279048919677734e+00,2.853528499603271484e+00,1.007563829421997070e+00,6.142836570739746094e+00,5.314379692077636719e+00,4.999879360198974609e+00,4.997621059417724609e+00,4.947962284088134766e+00,4.519675254821777344e+00,7.239803791046142578e+00,4.029842376708984375e+00,4.958117961883544922e+00
8.163606262207031250e+01,5.000134944915771484e+00,5.000238418579101562e+00,5.002785682678222656e+00,5.003980159759521484e+00,5.103283882141113281e+00,5.221494674682617188e+00,5.641861438751220703e+00,5.690372943878173828e+00,2.848298788070678711e+00,1.004076600074768066e+00,6.146173954010009766e+00,5.315272331237792969e+00,4.999918460845947266e+00,4.998326778411865234e+00,4.957092761993408203e+00,4.605805397033691406e+00,7.227684020996093750e+00,4.025954246520996094e+00,4.957448959350585938e+00
8.213689422607421875e+01,5.000095844268798828e+00,5.000167369842529297e+00,5.001967906951904297e+00,5.002833366394042969e+00,5.084245681762695312e+00,5.174877166748046875e+00,5.532713890075683594e+00,5.573524951934814453e+00,2.842174053192138672e+00,1.000920295715332031e+00,6.149123668670654297e+00,5.316056728363037109e+00,4.999944686889648438e+00,4.998820781707763672e+00,4.964680671691894531e+00,4.679307460784912109e+00,7.212795734405517578e+00,4.022512912750244141e+00,4.956853866577148438e+00
8.263772583007812500e+01,5.000068187713623047e+00,5.000118255615234375e+00,5.001395225524902344e+00,5.002025127410888672e+00,5.068745613098144531e+00,5.138085365295410156e+00,5.437823772430419922e+00,5.472118377685546875e+00,2.835022449493408203e+00,9.980971217155456543e-01,6.151731967926025391e+00,5.316751956939697266e+00,4.999962806701660156e+00,4.999165534973144531e+00,4.970882892608642578e+00,4.740718841552734375e+00,7.194775581359863281e+00,4.019464969635009766e+00,4.956328392028808594e+00
8.313856506347656250e+01,5.000049114227294922e+00,5.000084400177001953e+00,5.000993251800537109e+00,5.001454830169677734e+00,5.056241035461425781e+00,5.109265327453613281e+00,5.357360363006591797e+00,5.386196613311767578e+00,2.826692342758178711e+00,9.956241250038146973e-01,6.154038906097412109e+00,5.317367076873779297e+00,4.999975681304931641e+00,4.999408245086669922e+00,4.975914001464843750e+00,4.791144371032714844e+00,7.173237323760986328e+00,4.016766071319580078e+00,4.955863952636718750e+00
8.363939666748046875e+01,5.000036239624023438e+00,5.000061035156250000e+00,5.000710964202880859e+00,5.001050472259521484e+00,5.046197414398193359e+00,5.086790561676025391e+00,5.290521144866943359e+00,5.314830303192138672e+00,2.817020177841186523e+00,9.935477375984191895e-01,6.156080722808837891e+00,5.317909240722656250e+00,4.999985218048095703e+00,4.999578475952148438e+00,4.979985713958740234e+00,4.831970214843750000e+00,7.147813796997070312e+00,4.014377117156982422e+00,4.955449581146240234e+00
8.414023590087890625e+01,5.000026702880859375e+00,5.000044345855712891e+00,5.000511646270751953e+00,5.000763893127441406e+00,5.038154125213623047e+00,5.069311141967773438e+00,5.235899925231933594e+00,5.256479740142822266e+00,2.805844545364379883e+00,9.919900894165039062e-01,6.157886981964111328e+00,5.318390369415283203e+00,4.999990940093994141e+00,4.999699115753173828e+00,4.983276844024658203e+00,4.864664077758789062e+00,7.118214607238769531e+00,4.012260913848876953e+00,4.955086708068847656e+00
8.464106750488281250e+01,5.000038623809814453e+00,5.000089168548583984e+00,5.001678466796875000e+00,5.003435611724853516e+00,5.443196773529052734e+00,5.593660354614257812e+00,6.459304809570312500e+00,6.621072292327880859e+00,9.070547103881835938e+00,4.701488018035888672e-01,5.979877948760986328e+00,5.323313713073730469e+00,4.999982833862304688e+00,4.998986244201660156e+00,4.771638870239257812e+00,3.987335205078125000e+00,2.679037094116210938e+00,4.227951049804687500e+00,4.947540283203125000e+00
8.514190673828125000e+01,5.000025272369384766e+00,5.000051021575927734e+00,5.000877857208251953e+00,5.001672744750976562e+00,5.216968536376953125e+00,5.291068553924560547e+00,5.801237106323242188e+00,5.892393589019775391e+00,5.890302181243896484e+00,1.106206178665161133e+00,5.853498935699462891e+00,5.264686584472656250e+00,4.999992370605468750e+00,4.999473094940185547e+00,4.891646385192871094e+00,4.485727310180664062e+00,6.210903644561767578e+00,4.325056076049804688e+00,4.975608825683593750e+00
8.564273834228515625e+01,5.000021934509277344e+00,5.000043869018554688e+00,5.000771522521972656e+00,5.001466751098632812e+00,5.202764987945556641e+00,5.267271995544433594e+00,5.735165119171142578e+00,5.813093662261962891e+00,3.809861898422241211e+00,1.035353660583496094e+00,5.874901771545410156e+00,5.242715835571289062e+00,4.999993801116943359e+00,4.999536991119384766e+00,4.898962497711181641e+00,4.535943508148193359e+00,6.819990158081054688e+00,4.309185028076171875e+00,4.997748374938964844e+00
8.614356994628906250e+01,5.000018119812011719e+00,5.000035762786865234e+00,5.000629901885986328e+00,5.001200199127197266e+00,5.177175045013427734e+00,5.232350349426269531e+00,5.652993202209472656e+00,5.722233295440673828e+00,3.178714990615844727e+00,9.881344437599182129e-01,5.926265716552734375e+00,5.249584674835205078e+00,4.999997138977050781e+00,4.999623775482177734e+00,4.912095546722412109e+00,4.595089435577392578e+00,7.108463764190673828e+00,4.260598659515380859e+00,4.998492717742919922e+00
8.664440917968750000e+01,5.000015258789062500e+00,5.000029087066650391e+00,5.000493526458740234e+00,5.000942707061767578e+00,5.148137569427490234e+00,5.194130420684814453e+00,5.561064243316650391e+00,5.622282981872558594e+00,2.967959880828857422e+00,9.656309485435485840e-01,5.972036838531494141e+00,5.262081146240234375e+00,4.999998092651367188e+00,4.999707221984863281e+00,4.926835060119628906e+00,4.657923698425292969e+00,7.221316337585449219e+00,4.215152740478515625e+00,4.992751598358154297e+00
8.714524078369140625e+01,5.000012874603271484e+00,5.000022888183593750e+00,5.000378131866455078e+00,5.000725269317626953e+00,5.120838642120361328e+00,5.158450126647949219e+00,5.470812797546386719e+00,5.523962974548339844e+00,2.896458864212036133e+00,9.567807912826538086e-01,6.007818222045898438e+00,5.273423194885253906e+00,5.000000476837158203e+00,4.999776840209960938e+00,4.940561771392822266e+00,4.717285156250000000e+00,7.263067245483398438e+00,4.178448677062988281e+00,4.986332416534423828e+00
8.764608001708984375e+01,5.000010490417480469e+00,5.000018119812011719e+00,5.000287532806396484e+00,5.000553131103515625e+00,5.097260475158691406e+00,5.127636909484863281e+00,5.388796329498291016e+00,5.434103012084960938e+00,2.872414827346801758e+00,9.535406827926635742e-01,6.035253047943115234e+00,5.282398223876953125e+00,5.000001907348632812e+00,4.999832630157470703e+00,4.952323436737060547e+00,4.769594669342041016e+00,7.279020786285400391e+00,4.149579048156738281e+00,4.980824470520019531e+00
8.814691162109375000e+01,5.000095844268798828e+00,5.000203132629394531e+00,5.003410816192626953e+00,5.005336284637451172e+00,5.520775318145751953e+00,5.563672542572021484e+00,7.748120427131652832e-01,9.774852991104125977e-01,3.064475536346435547e+00,1.590721368789672852e+00,6.088731765747070312e+00,5.300643444061279297e+00,4.999943256378173828e+00,4.997934341430664062e+00,4.694920539855957031e+00,8.485525131225585938e+00,7.279874801635742188e+00,4.129484653472900391e+00,4.978522777557373047e+00
8.864774322509765625e+01,5.000038623809814453e+00,5.000079631805419922e+00,5.001322269439697266e+00,5.002130031585693359e+00,5.243328094482421875e+00,5.268217086791992188e+00,3.694239139556884766e+00,1.047214627265930176e+00,2.398739337921142578e+00,1.017228960990905762e+00,6.088983535766601562e+00,5.303133487701416016e+00,4.999982833862304688e+00,4.999204158782958984e+00,4.862076759338378906e+00,6.068990230560302734e+00,7.779246807098388672e+00,4.120331287384033203e+00,4.980327606201171875e+00
8.914858245849609375e+01,5.000022411346435547e+00,5.000043869018554688e+00,5.000700950622558594e+00,5.001142024993896484e+00,5.141424655914306641e+00,5.156746864318847656e+00,4.768945693969726562e+00,1.229970455169677734e+00,2.219739198684692383e+00,9.533666968345642090e-01,6.094250202178955078e+00,5.311117172241210938e+00,4.999993324279785156e+00,4.999582290649414062e+00,4.920679569244384766e+00,5.563490867614746094e+00,7.596822261810302734e+00,4.117644309997558594e+00,4.981286048889160156e+00
8.964941406250000000e+01,5.000019550323486328e+00,5.000037193298339844e+00,5.000589370727539062e+00,5.000968456268310547e+00,5.130092620849609375e+00,5.146162986755371094e+00,5.182481288909912109e+00,1.268310666084289551e+00,2.317353010177612305e+00,9.368662238121032715e-01,6.085440158843994141e+00,5.311337471008300781e+00,4.999995708465576172e+00,4.999650001525878906e+00,4.927937030792236328e+00,5.428519248962402344e+00,7.553176879882812500e+00,4.126931667327880859e+00,4.979938507080078125e+00
9.015025329589843750e+01,5.000017166137695312e+00,5.000031948089599609e+00,5.000493526458740234e+00,5.000813007354736328e+00,5.116646766662597656e+00,5.132221698760986328e+00,5.402801036834716797e+00,1.280028700828552246e+00,2.433115005493164062e+00,9.374834299087524414e-01,6.070329666137695312e+00,5.308046340942382812e+00,4.999997138977050781e+00,4.999708652496337891e+00,4.935987472534179688e+00,5.461833953857421875e+00,7.480155944824218750e+00,4.142583370208740234e+00,4.980134487152099609e+00
9.065108489990234375e+01,5.000014781951904297e+00,5.000026702880859375e+00,5.000399112701416016e+00,5.000657081604003906e+00,5.099905014038085938e+00,5.113894939422607422e+00,6.156588077545166016e+00,1.283895969390869141e+00,2.529232740402221680e+00,9.406591653823852539e-01,6.054259777069091797e+00,5.303350448608398438e+00,4.999998569488525391e+00,4.999765872955322266e+00,4.945550441741943359e+00,6.229844093322753906e+00,7.423472404479980469e+00,4.157278537750244141e+00,4.981423377990722656e+00
9.115191650390625000e+01,5.000012874603271484e+00,5.000022411346435547e+00,5.000318527221679688e+00,5.000524997711181641e+00,5.084136962890625000e+00,5.096344947814941406e+00,5.293495655059814453e+00,1.285550117492675781e+00,2.602152824401855469e+00,9.433843493461608887e-01,6.041426181793212891e+00,5.298497200012207031e+00,5.000000476837158203e+00,4.999814510345458984e+00,4.954438209533691406e+00,5.234184741973876953e+00,7.382348537445068359e+00,4.167537689208984375e+00,4.982601165771484375e+00
9.165275573730468750e+01,5.000012874603271484e+00,5.000022411346435547e+00,5.000318050384521484e+00,5.000524520874023438e+00,5.087097644805908203e+00,5.099786758422851562e+00,5.358406543731689453e+00,1.286074519157409668e+00,4.705896377563476562e+00,1.025154113769531250e+00,5.887093544006347656e+00,5.282627105712890625e+00,5.000000476837158203e+00,4.999814510345458984e+00,4.952656269073486328e+00,5.297018527984619141e+00,6.523810386657714844e+00,4.317128658294677734e+00,4.980489730834960938e+00
9.215358734130859375e+01,5.000010967254638672e+00,5.000019073486328125e+00,5.000260353088378906e+00,5.000428199768066406e+00,5.074534416198730469e+00,5.085273742675781250e+00,5.407845020294189453e+00,1.286290764808654785e+00,3.365343570709228516e+00,1.015272974967956543e+00,5.862921714782714844e+00,5.250606536865234375e+00,5.000000953674316406e+00,4.999850273132324219e+00,4.959633350372314453e+00,5.348661899566650391e+00,6.965993881225585938e+00,4.339096069335937500e+00,5.001460075378417969e+00
9.265442657470703125e+01,5.000010013580322266e+00,5.000016689300537109e+00,5.000213623046875000e+00,5.000351428985595703e+00,5.063991546630859375e+00,5.073285102844238281e+00,5.410698890686035156e+00,1.286406755447387695e+00,2.969456434249877930e+00,9.749031066894531250e-01,5.890094280242919922e+00,5.247862815856933594e+00,5.000001907348632812e+00,4.999878406524658203e+00,4.965454101562500000e+00,5.350586414337158203e+00,7.167963981628417969e+00,4.311630249023437500e+00,5.005925655364990234e+00
9.315525817871093750e+01,5.000009536743164062e+00,5.000014305114746094e+00,5.000172138214111328e+00,5.000282287597656250e+00,5.053865909576416016e+00,5.061826705932617188e+00,5.393025875091552734e+00,1.286508321762084961e+00,2.850104331970214844e+00,9.583485722541809082e-01,5.923199176788330078e+00,5.254420757293701172e+00,5.000002861022949219e+00,4.999904155731201172e+00,4.971008777618408203e+00,5.330433368682861328e+00,7.240861415863037109e+00,4.277156352996826172e+00,5.002774238586425781e+00
9.365608978271484375e+01,5.000008106231689453e+00,5.000012397766113281e+00,5.000136852264404297e+00,5.000224590301513672e+00,5.044776439666748047e+00,5.051542758941650391e+00,5.372845649719238281e+00,1.286712288856506348e+00,2.818272829055786133e+00,9.525774121284484863e-01,5.952952861785888672e+00,5.262435913085937500e+00,5.000002861022949219e+00,4.999925613403320312e+00,4.975973606109619141e+00,5.307756900787353516e+00,7.265781402587890625e+00,4.245264053344726562e+00,4.997704029083251953e+00
9.415692901611328125e+01,5.000007629394531250e+00,5.000010490417480469e+00,5.000108242034912109e+00,5.000176906585693359e+00,5.036899089813232422e+00,5.042608737945556641e+00,5.352506637573242188e+00,1.287539720535278320e+00,2.814134120941162109e+00,9.508472681045532227e-01,5.978528976440429688e+00,5.269790649414062500e+00,5.000004291534423828e+00,4.999942779541015625e+00,4.980260848999023438e+00,5.284987449645996094e+00,7.274660587310791016e+00,4.217234134674072266e+00,4.992659091949462891e+00
9.465776062011718750e+01,5.000007152557373047e+00,5.000009536743164062e+00,5.000084877014160156e+00,5.000138759613037109e+00,5.030186653137207031e+00,5.034970283508300781e+00,5.321988105773925781e+00,1.292490839958190918e+00,2.818354129791259766e+00,9.509020447731018066e-01,6.000607013702392578e+00,5.276154518127441406e+00,5.000004291534423828e+00,4.999956607818603516e+00,4.983901023864746094e+00,5.251300334930419922e+00,7.278676033020019531e+00,4.192638874053955078e+00,4.988114356994628906e+00
9.515859985351562500e+01,5.000006198883056641e+00,5.000008583068847656e+00,5.000066757202148438e+00,5.000108242034912109e+00,5.024534702301025391e+00,5.028513431549072266e+00,5.278372764587402344e+00,1.323749423027038574e+00,2.824835300445556641e+00,9.532848596572875977e-01,6.019928932189941406e+00,5.281660079956054688e+00,5.000004291534423828e+00,4.999967575073242188e+00,4.986952781677246094e+00,5.208948612213134766e+00,7.281074047088623047e+00,4.170855522155761719e+00,4.984096050262451172e+00
9.565943145751953125e+01,5.000006198883056641e+00,5.000007629394531250e+00,5.000052452087402344e+00,5.000084400177001953e+00,5.019755363464355469e+00,5.023026466369628906e+00,5.172505855560302734e+00,1.483026146888732910e+00,2.832304716110229492e+00,9.607831239700317383e-01,6.037067413330078125e+00,5.286487102508544922e+00,5.000004768371582031e+00,4.999976634979248047e+00,4.989522457122802734e+00,5.214504718780517578e+00,7.282366275787353516e+00,4.151353836059570312e+00,4.980515956878662109e+00
9.616027069091796875e+01,5.000005722045898438e+00,5.000007152557373047e+00,5.000041007995605469e+00,5.000064849853515625e+00,5.015664577484130859e+00,5.018301963806152344e+00,4.772589206695556641e+00,2.032520055770874023e+00,2.840645551681518555e+00,9.741367101669311523e-01,6.052371501922607422e+00,5.290771484375000000e+00,5.000004768371582031e+00,4.999983787536621094e+00,4.991712570190429688e+00,5.455090045928955078e+00,7.282514572143554688e+00,4.133815765380859375e+00,4.977308750152587891e+00
9.666110229492187500e+01,5.000005722045898438e+00,5.000006198883056641e+00,5.000031471252441406e+00,5.000049114227294922e+00,5.012135982513427734e+00,5.014220237731933594e+00,4.550384044647216797e+00,3.252787351608276367e+00,2.849614858627319336e+00,9.938007593154907227e-01,6.066076278686523438e+00,5.294589996337890625e+00,5.000005245208740234e+00,4.999989032745361328e+00,4.993597984313964844e+00,5.490117073059082031e+00,7.281619548797607422e+00,4.118023395538330078e+00,4.974425792694091797e+00
9.716193389892578125e+01,5.000005722045898438e+00,5.000006198883056641e+00,5.000023841857910156e+00,5.000036239624023438e+00,5.009050846099853516e+00,5.010681629180908203e+00,5.336534023284912109e+00,4.963440418243408203e+00,2.858087778091430664e+00,1.009656667709350586e+00,6.078214168548583984e+00,5.297941207885742188e+00,5.000005245208740234e+00,4.999994754791259766e+00,4.995253086090087891e+00,4.793004512786865234e+00,7.280408382415771484e+00,4.104004383087158203e+00,4.971898555755615234e+00
9.766277313232421875e+01,5.000005722045898438e+00,5.000005722045898438e+00,5.000017642974853516e+00,5.000026226043701172e+00,5.006645679473876953e+00,5.007936954498291016e+00,6.092812061309814453e+00,6.044983386993408203e+00,2.861791133880615234e+00,1.009266734123229980e+00,6.088801860809326172e+00,5.300809860229492188e+00,5.000005245208740234e+00,4.999998092651367188e+00,4.996547698974609375e+00,4.097476959228515625e+00,7.281761169433593750e+00,4.091786384582519531e+00,4.969754219055175781e+00
9.816360473632812500e+01,5.000005245208740234e+00,5.000005722045898438e+00,5.000013351440429688e+00,5.000019550323486328e+00,5.004889011383056641e+00,5.005915164947509766e+00,6.412542819976806641e+00,6.471473217010498047e+00,2.862872600555419922e+00,1.002077221870422363e+00,6.098155498504638672e+00,5.303317070007324219e+00,5.000005245208740234e+00,5.000000476837158203e+00,4.997487068176269531e+00,3.789346933364868164e+00,7.284128189086914062e+00,4.080986976623535156e+00,4.967882156372070312e+00
9.866444396972656250e+01,5.000005245208740234e+00,5.000005722045898438e+00,5.000010490417480469e+00,5.000014781951904297e+00,5.003605842590332031e+00,5.004416465759277344e+00,6.466296195983886719e+00,6.569752216339111328e+00,2.863054513931274414e+00,9.937058687210083008e-01,6.106476783752441406e+00,5.305544853210449219e+00,5.000005245208740234e+00,5.000001907348632812e+00,4.998166084289550781e+00,3.752299308776855469e+00,7.286288738250732422e+00,4.071358680725097656e+00,4.966220378875732422e+00
9.916527557373046875e+01,5.000005245208740234e+00,5.000005245208740234e+00,5.000008583068847656e+00,5.000011920928955078e+00,5.002661705017089844e+00,5.003295898437500000e+00,6.372154712677001953e+00,6.496070384979248047e+00,2.862828731536865234e+00,9.858430624008178711e-01,6.113888740539550781e+00,5.307528018951416016e+00,5.000005245208740234e+00,5.000002861022949219e+00,4.998659610748291016e+00,3.864528417587280273e+00,7.287817001342773438e+00,4.062767028808593750e+00,4.964734077453613281e+00
9.966610717773437500e+01,5.000005245208740234e+00,5.000005245208740234e+00,5.000007629394531250e+00,5.000010013580322266e+00,5.001965999603271484e+00,5.002458572387695312e+00,6.196451663970947266e+00,6.326372623443603516e+00,2.862338304519653320e+00,9.789822101593017578e-01,6.120483875274658203e+00,5.309296607971191406e+00,5.000005245208740234e+00,5.000004291534423828e+00,4.999019622802734375e+00,4.046584606170654297e+00,7.288541793823242188e+00,4.055105209350585938e+00,4.963407039642333984e+00
1.001669464111328125e+02,5.000005245208740234e+00,5.000005245208740234e+00,5.000007152557373047e+00,5.000008106231689453e+00,5.001454830169677734e+00,5.001833915710449219e+00,5.984679222106933594e+00,6.109367847442626953e+00,2.861616849899291992e+00,9.732440710067749023e-01,6.126348972320556641e+00,5.310870647430419922e+00,5.000005245208740234e+00,5.000004291534423828e+00,4.999280929565429688e+00,4.246161460876464844e+00,7.288336753845214844e+00,4.048280239105224609e+00,4.962225914001464844e+00
1.006677780151367188e+02,5.000005245208740234e+00,5.000005245208740234e+00,5.000006198883056641e+00,5.000007629394531250e+00,5.001080036163330078e+00,5.001370906829833984e+00,5.771197319030761719e+00,5.882217407226562500e+00,2.860648393630981445e+00,9.685840010643005371e-01,6.131556987762451172e+00,5.312265872955322266e+00,5.000005245208740234e+00,5.000004768371582031e+00,4.999471187591552734e+00,4.431076049804687500e+00,7.287073612213134766e+00,4.042210578918457031e+00,4.961171150207519531e+00
1.011686172485351562e+02,5.000005245208740234e+00,5.000005245208740234e+00,5.000005722045898438e+00,5.000007152557373047e+00,5.000805854797363281e+00,5.001027584075927734e+00,5.579445838928222656e+00,5.671964168548583984e+00,2.859391450881958008e+00,9.648946523666381836e-01,6.136176109313964844e+00,5.313507556915283203e+00,5.000005245208740234e+00,5.000004768371582031e+00,4.999609470367431641e+00,4.585601329803466797e+00,7.284643173217773438e+00,4.036819458007812500e+00,4.960234642028808594e+00
1.016694488525390625e+02,5.000005245208740234e+00,5.000005245208740234e+00,5.000005722045898438e+00,5.000006198883056641e+00,5.000604152679443359e+00,5.000773906707763672e+00,5.421213626861572266e+00,5.494125366210937500e+00,2.857774734497070312e+00,9.620097875595092773e-01,6.140267848968505859e+00,5.314607620239257812e+00,5.000005245208740234e+00,5.000005245208740234e+00,4.999709606170654297e+00,4.705961704254150391e+00,7.280881881713867188e+00,4.032034873962402344e+00,4.959399223327636719e+00
1.021702804565429688e+02,5.000005245208740234e+00,5.000005245208740234e+00,5.000005722045898438e+00,5.000005722045898438e+00,5.000456333160400391e+00,5.000585556030273438e+00,5.298661231994628906e+00,5.353612422943115234e+00,2.855710744857788086e+00,9.597667455673217773e-01,6.143892765045166016e+00,5.315579891204833984e+00,5.000005245208740234e+00,5.000005245208740234e+00,4.999783515930175781e+00,4.795213222503662109e+00,7.275621414184570312e+00,4.027796745300292969e+00,4.958660125732421875e+00
1.026711196899414062e+02,5.000005245208740234e+00,5.000005245208740234e+00,5.000005722045898438e+00,5.000005722045898438e+00,5.000346660614013672e+00,5.000445842742919922e+00,5.208017349243164062e+00,5.248057365417480469e+00,2.853092670440673828e+00,9.580182433128356934e-01,6.147096157073974609e+00,5.316442012786865234e+00,5.000005245208740234e+00,5.000005245208740234e+00,4.999838352203369141e+00,4.859182834625244141e+00,7.268631458282470703e+00,4.024043560028076172e+00,4.958008289337158203e+00
1.031719512939453125e+02,5.000005245208740234e+00,5.000005245208740234e+00,5.000005245208740234e+00,5.000005722045898438e+00,5.000264644622802734e+00,5.000340938568115234e+00,5.143128395080566406e+00,5.171605110168457031e+00,2.849801063537597656e+00,9.566441178321838379e-01,6.149930477142333984e+00,5.317200183868408203e+00,5.000005245208740234e+00,5.000005245208740234e+00,4.999878883361816406e+00,4.903976917266845703e+00,7.259641170501708984e+00,4.020722866058349609e+00,4.957427978515625000e+00
1.036727905273437500e+02,5.000005245208740234e+00,5.000005245208740234e+00,5.000005245208740234e+00,5.000005722045898438e+00,5.000203132629394531e+00,5.000261306762695312e+00,5.097717285156250000e+00,5.117634296417236328e+00,2.845704793930053711e+00,9.555494785308837891e-01,6.152431964874267578e+00,5.317873001098632812e+00,5.000005245208740234e+00,5.000005245208740234e+00,4.999908924102783203e+00,4.934850692749023438e+00,7.248333930969238281e+00,4.017786502838134766e+00,4.956916809082031250e+00
1.041736221313476562e+02,5.000005245208740234e+00,5.000005245208740234e+00,5.000005245208740234e+00,5.000005722045898438e+00,5.000156402587890625e+00,5.000201702117919922e+00,5.066422462463378906e+00,5.080206871032714844e+00,2.840657472610473633e+00,9.546782374382019043e-01,6.154641628265380859e+00,5.318464756011962891e+00,5.000005245208740234e+00,5.000005245208740234e+00,4.999931335449218750e+00,4.955907821655273438e+00,7.234327316284179688e+00,4.015192031860351562e+00,4.956460475921630859e+00
1.046744537353515625e+02,5.000005245208740234e+00,5.000005245208740234e+00,5.000005245208740234e+00,5.000005245208740234e+00,5.000121593475341797e+00,5.000156402587890625e+00,5.045075893402099609e+00,5.054560661315917969e+00,2.834501743316650391e+00,9.539929628372192383e-01,6.156594753265380859e+00,5.318987369537353516e+00,5.000005245208740234e+00,5.000005245208740234e+00,4.999948501586914062e+00,4.970170021057128906e+00,7.217213630676269531e+00,4.012900352478027344e+00,4.956060886383056641e+00
1.051752929687500000e+02,5.000005245208740234e+00,5.000005245208740234e+00,5.000005245208740234e+00,5.000005245208740234e+00,5.000095367431640625e+00,5.000122070312500000e+00,5.030608654022216797e+00,5.037123203277587891e+00,2.827070713043212891e+00,9.534853696823120117e-01,6.158318042755126953e+00,5.319450855255126953e+00,5.000005245208740234e+00,5.000005245208740234e+00,4.999961376190185547e+00,4.979788303375244141e+00,7.196559429168701172e+00,4.010875225067138672e+00,4.955708026885986328e+00
1.056761245727539062e+02,5.000005245208740234e+00,5.000005245208740234e+00,5.000005245208740234e+00,5.000005245208740234e+00,5.000074863433837891e+00,5.000095844268798828e+00,5.020840644836425781e+00,5.025321483612060547e+00,2.818181037902832031e+00,9.531930088996887207e-01,6.159837722778320312e+00,5.319857120513916016e+00,5.000005245208740234e+00,5.000005245208740234e+00,4.999971389770507812e+00,4.986262321472167969e+00,7.171913146972656250e+00,4.009088039398193359e+00,4.955393791198730469e+00
1.061769638061523438e+02,5.000005245208740234e+00,5.000005245208740234e+00,5.000005245208740234e+00,5.000005245208740234e+00,5.000060081481933594e+00,5.000076293945312500e+00,5.014254093170166016e+00,5.017350196838378906e+00,2.807652950286865234e+00,9.532419443130493164e-01,6.161180496215820312e+00,5.320216178894042969e+00,5.000005245208740234e+00,5.000005245208740234e+00,4.999979019165039062e+00,4.990616798400878906e+00,7.142889022827148438e+00,4.007509231567382812e+00,4.955119609832763672e+00
1.066777954101562500e+02,5.000005245208740234e+00,5.000005245208740234e+00,5.000005245208740234e+00,5.000005245208740234e+00,5.000048160552978516e+00,5.000061035156250000e+00,5.009811878204345703e+00,5.011966228485107422e+00,2.795284271240234375e+00,9.539288878440856934e-01,6.162365436553955078e+00,5.320532321929931641e+00,5.000005245208740234e+00,5.000005245208740234e+00,4.999984264373779297e+00,4.993548870086669922e+00,7.109170436859130859e+00,4.006114482879638672e+00,4.954873085021972656e+00
1.071786346435546875e+02,5.000005245208740234e+00,5.000005245208740234e+00,5.000005245208740234e+00,5.000005245208740234e+00,5.000039100646972656e+00,5.000049114227294922e+00,5.006809234619140625e+00,5.008320808410644531e+00,2.780866146087646484e+00,9.558003544807434082e-01,6.163408279418945312e+00,5.320813179016113281e+00,5.000005245208740234e+00,5.000005245208740234e+00,4.999988555908203125e+00,4.995529174804687500e+00,7.070629119873046875e+00,4.004884719848632812e+00,4.954658508300781250e+00
1.076794662475585938e+02,5.000005245208740234e+00,5.000005245208740234e+00,5.000005245208740234e+00,5.000005245208740234e+00,5.000032424926757812e+00,5.000041007995605469e+00,5.004769802093505859e+00,5.005842685699462891e+00,2.764145374298095703e+00,9.598735570907592773e-01,6.164334774017333984e+00,5.321059226989746094e+00,5.000005245208740234e+00,5.000005245208740234e+00,4.999992370605468750e+00,4.996871948242187500e+00,7.027354717254638672e+00,4.003793239593505859e+00,4.954467773437500000e+00
1.081802978515625000e+02,5.000005245208740234e+00,5.000005245208740234e+00,5.000005245208740234e+00,5.000005245208740234e+00,5.000027179718017578e+00,5.000033855438232422e+00,5.003376483917236328e+00,5.004146575927734375e+00,2.744822263717651367e+00,9.677340984344482422e-01,6.165150165557861328e+00,5.321280002593994141e+00,5.000005245208740234e+00,5.000005245208740234e+00,4.999994754791259766e+00,4.997789382934570312e+00,6.979778766632080078e+00,4.002830505371093750e+00,4.954298496246337891e+00
1.086811370849609375e+02,5.000005245208740234e+00,5.000005245208740234e+00,5.000005245208740234e+00,5.000005245208740234e+00,5.000022888183593750e+00,5.000029087066650391e+00,5.002415657043457031e+00,5.002974510192871094e+00,2.722517490386962891e+00,9.817042946815490723e-01,6.165874004364013672e+00,5.321477413177490234e+00,5.000005245208740234e+00,5.000005245208740234e+00,4.999997138977050781e+00,4.998421669006347656e+00,6.928706645965576172e+00,4.001974582672119141e+00,4.954149723052978516e+00
1.091819686889648438e+02,5.000005245208740234e+00,5.000005245208740234e+00,5.000005245208740234e+00,5.000005245208740234e+00,5.000020027160644531e+00,5.000024795532226562e+00,5.001746177673339844e+00,5.002156257629394531e+00,2.696753025054931641e+00,1.004815936088562012e+00,6.166513442993164062e+00,5.321652412414550781e+00,5.000005245208740234e+00,5.000005245208740234e+00,4.999998092651367188e+00,4.998861789703369141e+00,6.875349521636962891e+00,4.001214504241943359e+00,4.954014778137207031e+00
1.096828079223632812e+02,5.000005245208740234e+00,5.000005245208740234e+00,5.000005245208740234e+00,5.000005245208740234e+00,5.000017642974853516e+00,5.000021457672119141e+00,5.001273632049560547e+00,5.001575946807861328e+00,2.666898965835571289e+00,1.040715456008911133e+00,6.167082786560058594e+00,5.321811676025390625e+00,5.000005245208740234e+00,5.000005245208740234e+00,4.999999523162841797e+00,4.999172687530517578e+00,6.821341991424560547e+00,4.000537395477294922e+00,4.953896522521972656e+00
1.101836395263671875e+02,5.000005245208740234e+00,5.000005245208740234e+00,5.000005245208740234e+00,5.000005245208740234e+00,5.000015258789062500e+00,5.000019073486328125e+00,5.000935077667236328e+00,5.001158714294433594e+00,2.632050275802612305e+00,1.093605041503906250e+00,6.167589187622070312e+00,5.321952819824218750e+00,5.000005245208740234e+00,5.000005245208740234e+00,5.000000476837158203e+00,4.999394893646240234e+00,6.768680095672607422e+00,3.999933958053588867e+00,4.953788757324218750e+00
1.106844711303710938e+02,5.000005245208740234e+00,5.000005245208740234e+00,5.000005245208740234e+00,5.000005245208740234e+00,5.000014305114746094e+00,5.000016689300537109e+00,5.000689983367919922e+00,5.000854969024658203e+00,2.590897083282470703e+00,1.167965769767761230e+00,6.168041706085205078e+00,5.322080612182617188e+00,5.000005245208740234e+00,5.000005245208740234e+00,5.000000953674316406e+00,4.999557018280029297e+00,6.719659805297851562e+00,3.999394416809082031e+00,4.953693866729736328e+00
1.111853103637695312e+02,5.000005245208740234e+00,5.000005245208740234e+00,5.000005245208740234e+00,5.000005245208740234e+00,5.000012874603271484e+00,5.000014781951904297e+00,5.000510692596435547e+00,5.000632286071777344e+00,2.541656017303466797e+00,1.268110752105712891e+00,6.168442249298095703e+00,5.322196483612060547e+00,5.000005245208740234e+00,5.000005245208740234e+00,5.000001907348632812e+00,4.999675273895263672e+00,6.676710128784179688e+00,3.998914718627929688e+00,4.953610897064208984e+00
1.116861419677734375e+02,5.000005245208740234e+00,5.000005245208740234e+00,5.000005245208740234e+00,5.000005245208740234e+00,5.000010967254638672e+00,5.000013351440429688e+00,5.000379085540771484e+00,5.000467777252197266e+00,2.482430934906005859e+00,1.397229313850402832e+00,6.168795585632324219e+00,5.322300434112548828e+00,5.000005245208740234e+00,5.000005245208740234e+00,5.000002384185791016e+00,4.999761581420898438e+00,6.642019271850585938e+00,3.998490810394287109e+00,4.953532218933105469e+00
1.121869812011718750e+02,5.000005245208740234e+00,5.000005245208740234e+00,5.000005245208740234e+00,5.000005245208740234e+00,5.000010490417480469e+00,5.000011920928955078e+00,5.000281810760498047e+00,5.000346183776855469e+00,2.412413835525512695e+00,1.555639386177062988e+00,6.169107437133789062e+00,5.322391986846923828e+00,5.000005245208740234e+00,5.000005245208740234e+00,5.000002861022949219e+00,4.999825477600097656e+00,6.616853237152099609e+00,3.998117923736572266e+00,4.953469276428222656e+00
1.126878128051757812e+02,5.000005245208740234e+00,5.000005245208740234e+00,5.000005245208740234e+00,5.000005245208740234e+00,5.000010013580322266e+00,5.000010967254638672e+00,5.000210762023925781e+00,5.000257492065429688e+00,2.333839654922485352e+00,1.739300608634948730e+00,6.169382095336914062e+00,5.322470188140869141e+00,5.000005245208740234e+00,5.000005245208740234e+00,5.000002861022949219e+00,4.999871730804443359e+00,6.600569248199462891e+00,3.997790575027465820e+00,4.953410625457763672e+00
1.131886444091796875e+02,5.000005245208740234e+00,5.000005245208740234e+00,5.000005245208740234e+00,5.000005245208740234e+00,5.000009536743164062e+00,5.000010013580322266e+00,5.000158309936523438e+00,5.000192165374755859e+00,2.253780841827392578e+00,1.939890980720520020e+00,6.169617176055908203e+00,5.322539806365966797e+00,5.000005245208740234e+00,5.000005245208740234e+00,5.000003337860107422e+00,4.999905586242675781e+00,6.589910030364990234e+00,3.997509956359863281e+00,4.953362941741943359e+00
1.136894836425781250e+02,5.000005245208740234e+00,5.000005245208740234e+00,5.000005245208740234e+00,5.000005245208740234e+00,5.000008583068847656e+00,5.000009536743164062e+00,5.000120639801025391e+00,5.000145435333251953e+00,2.184519290924072266e+00,2.148086309432983398e+00,6.169822692871093750e+00,5.322598934173583984e+00,5.000005245208740234e+00,5.000005245208740234e+00,5.000004291534423828e+00,4.999930381774902344e+00,6.578964233398437500e+00,3.997266769409179688e+00,4.953324317932128906e+00
1.141903152465820312e+02,5.000005245208740234e+00,5.000005245208740234e+00,5.000005245208740234e+00,5.000005245208740234e+00,5.000008106231689453e+00,5.000008583068847656e+00,5.000092983245849609e+00,5.000110626220703125e+00,2.141660928726196289e+00,2.357765197753906250e+00,6.170001983642578125e+00,5.322649478912353516e+00,5.000005245208740234e+00,5.000005245208740234e+00,5.000004291534423828e+00,4.999949455261230469e+00,6.560159683227539062e+00,3.997054338455200195e+00,4.953287601470947266e+00
1.146911544799804688e+02,5.000005245208740234e+00,5.000005245208740234e+00,5.000005245208740234e+00,5.000005245208740234e+00,5.000007629394531250e+00,5.000008583068847656e+00,5.000071525573730469e+00,5.000084400177001953e+00,2.140736341476440430e+00,2.567889451980590820e+00,6.170161724090576172e+00,5.322695732116699219e+00,5.000005245208740234e+00,5.000005245208740234e+00,5.000004291534423828e+00,4.999962329864501953e+00,6.525959491729736328e+00,3.996863842010498047e+00,4.953259944915771484e+00
1.151919860839843750e+02,5.000005245208740234e+00,5.000005245208740234e+00,5.000005245208740234e+00,5.000005245208740234e+00,5.000007629394531250e+00,5.000008106231689453e+00,5.000055313110351562e+00,5.000064849853515625e+00,2.194538354873657227e+00,2.781247138977050781e+00,6.170304298400878906e+00,5.322736740112304688e+00,5.000005245208740234e+00,5.000005245208740234e+00,5.000004291534423828e+00,4.999973297119140625e+00,6.470374107360839844e+00,3.996694087982177734e+00,4.953229904174804688e+00
1.156928176879882812e+02,5.000005245208740234e+00,5.000005245208740234e+00,5.000005245208740234e+00,5.000005245208740234e+00,5.000007152557373047e+00,5.000007629394531250e+00,5.000042915344238281e+00,5.000049114227294922e+00,2.311543941497802734e+00,3.001060962677001953e+00,6.170433521270751953e+00,5.322773456573486328e+00,5.000005245208740234e+00,5.000005245208740234e+00,5.000004291534423828e+00,4.999981403350830078e+00,6.389955997467041016e+00,3.996540784835815430e+00,4.953205108642578125e+00
1.161936569213867188e+02,5.000005245208740234e+00,5.000005245208740234e+00,5.000005245208740234e+00,5.000005245208740234e+00,5.000007152557373047e+00,5.000007629394531250e+00,5.000033378601074219e+00,5.000037193298339844e+00,2.494284629821777344e+00,3.228300809860229492e+00,6.170547962188720703e+00,5.322810649871826172e+00,5.000005245208740234e+00,5.000005245208740234e+00,5.000004768371582031e+00,4.999987602233886719e+00,6.284409999847412109e+00,3.996402263641357422e+00,4.953181266784667969e+00
1.166944885253906250e+02,5.000005245208740234e+00,5.000005245208740234e+00,5.000005245208740234e+00,5.000005245208740234e+00,5.000006198883056641e+00,5.000007152557373047e+00,5.000025272369384766e+00,5.000028610229492188e+00,2.736337661743164062e+00,3.459803342819213867e+00,6.170651912689208984e+00,5.322841167449951172e+00,5.000005245208740234e+00,5.000005245208740234e+00,5.000004768371582031e+00,4.999992370605468750e+00,6.157218933105468750e+00,3.996278285980224609e+00,4.953157901763916016e+00
1.171953277587890625e+02,5.000005245208740234e+00,5.000005245208740234e+00,5.000005245208740234e+00,5.000005245208740234e+00,5.000006198883056641e+00,5.000006198883056641e+00,5.000019550323486328e+00,5.000021457672119141e+00,3.020028352737426758e+00,3.688097715377807617e+00,6.170740127563476562e+00,5.322868347167968750e+00,5.000005245208740234e+00,5.000005245208740234e+00,5.000004768371582031e+00,4.999996185302734375e+00,6.015805244445800781e+00,3.996172189712524414e+00,4.953141689300537109e+00
1.176961593627929688e+02,5.000005245208740234e+00,5.000005245208740234e+00,5.000005245208740234e+00,5.000005245208740234e+00,5.000005722045898438e+00,5.000006198883056641e+00,5.000015258789062500e+00,5.000016689300537109e+00,3.319524765014648438e+00,3.903869152069091797e+00,6.170814514160156250e+00,5.322888851165771484e+00,5.000005245208740234e+00,5.000005245208740234e+00,5.000005245208740234e+00,4.999999523162841797e+00,5.870033740997314453e+00,3.996082544326782227e+00,4.953126430511474609e+00
1.181969985961914062e+02,5.000005245208740234e+00,5.000005245208740234e+00,5.000005245208740234e+00,5.000005245208740234e+00,5.000005722045898438e+00,5.000005722045898438e+00,5.000012397766113281e+00,5.000012874603271484e+00,3.608709096908569336e+00,4.098755359649658203e+00,6.170876979827880859e+00,5.322907924652099609e+00,5.000005245208740234e+00,5.000005245208740234e+00,5.000005245208740234e+00,5.000000476837158203e+00,5.729666233062744141e+00,3.996011018753051758e+00,4.953116893768310547e+00
1.186978302001953125e+02,5.000005245208740234e+00,5.000005245208740234e+00,5.000005245208740234e+00,5.000005245208740234e+00,5.000005722045898438e+00,5.000005722045898438e+00,5.000010013580322266e+00,5.000010490417480469e+00,3.869063377380371094e+00,4.267951011657714844e+00,6.170926094055175781e+00,5.322919845581054688e+00,5.000005245208740234e+00,5.000005245208740234e+00,5.000005245208740234e+00,5.000002384185791016e+00,5.601854801177978516e+00,3.995952367782592773e+00,4.953107833862304688e+00
1.191986618041992188e+02,5.000005245208740234e+00,5.000005245208740234e+00,5.000005245208740234e+00,5.000005245208740234e+00,5.000005722045898438e+00,5.000005722045898438e+00,5.000008583068847656e+00,5.000008583068847656e+00,4.091881275177001953e+00,4.410320281982421875e+00,6.170966625213623047e+00,5.322928428649902344e+00,5.000005245208740234e+00,5.000005245208740234e+00,5.000005245208740234e+00,5.000002861022949219e+00,5.490379333496093750e+00,3.995906591415405273e+00,4.953103065490722656e+00
1.196995010375976562e+02,5.000005245208740234e+00,5.000005245208740234e+00,5.000005245208740234e+00,5.000005245208740234e+00,5.000005722045898438e+00,5.000005722045898438e+00,5.000007629394531250e+00,5.000007629394531250e+00,4.276235103607177734e+00,4.527484416961669922e+00,6.171000480651855469e+00,5.322937488555908203e+00,5.000005245208740234e+00,5.000005245208740234e+00,5.000005245208740234e+00,5.000004291534423828e+00,5.396125793457031250e+00,3.995870828628540039e+00,4.953101634979248047e+00
1.202003326416015625e+02,5.000005245208740234e+00,5.000005245208740234e+00,5.000005245208740234e+00,5.000005245208740234e+00,5.000005245208740234e+00,5.000005722045898438e+00,5.000007152557373047e+00,5.000007152557373047e+00,4.425523757934570312e+00,4.622463703155517578e+00,6.171027183532714844e+00,5.322940349578857422e+00,5.000005245208740234e+00,5.000005245208740234e+00,5.000005245208740234e+00,5.000004291534423828e+00,5.318151950836181641e+00,3.995839595794677734e+00,4.953099250793457031e+00
1.207011718750000000e+02,5.000005245208740234e+00,5.000005245208740234e+00,5.000005245208740234e+00,5.000005245208740234e+00,5.000005245208740234e+00,5.000005245208740234e+00,5.000006198883056641e+00,5.000006198883056641e+00,4.544870376586914062e+00,4.698731899261474609e+00,6.171049594879150391e+00,5.322946548461914062e+00,5.000005245208740234e+00,5.000005245208740234e+00,5.000005245208740234e+00,5.000004768371582031e+00,5.254593849182128906e+00,3.995815992355346680e+00,4.953100204467773438e+00
1.212020034790039062e+02,5.000005245208740234e+00,5.000005245208740234e+00,5.000005245208740234e+00,5.000005245208740234e+00,5.000005245208740234e+00,5.000005245208740234e+00,5.000005722045898438e+00,5.000005722045898438e+00,4.639564514160156250e+00,4.759606838226318359e+00,6.171067714691162109e+00,5.322947025299072266e+00,5.000005245208740234e+00,5.000005245208740234e+00,5.000005245208740234e+00,5.000004768371582031e+00,5.203308105468750000e+00,3.995796918869018555e+00,4.953099250793457031e+00
1.217028350830078125e+02,5.000005245208740234e+00,5.000005245208740234e+00,5.000005245208740234e+00,5.000005245208740234e+00,5.000005245208740234e+00,5.000005245208740234e+00,5.000005722045898438e+00,5.000005722045898438e+00,4.714397430419921875e+00,4.808033466339111328e+00,6.171084403991699219e+00,5.322948932647705078e+00,5.000005245208740234e+00,5.000005245208740234e+00,5.000005245208740234e+00,5.000005245208740234e+00,5.162200450897216797e+00,3.995780229568481445e+00,4.953100204467773438e+00
1.222036743164062500e+02,5.000005245208740234e+00,5.000005245208740234e+00,2.460743188858032227e+00,6.022340059280395508e-01,2.253878116607666016e+00,7.736498832702636719e+00,8.647675514221191406e+00,8.684296607971191406e+00,8.239527702331542969e+00,6.978762626647949219e+00,6.171526432037353516e+00,5.323070049285888672e+00,5.000005245208740234e+00,7.216069698333740234e+00,6.946618556976318359e+00,1.237340807914733887e+00,2.708532810211181641e+00,3.995647192001342773e+00,4.953097343444824219e+00
1.227045059204101562e+02,5.000005245208740234e+00,5.000005245208740234e+00,4.004649639129638672e+00,1.128000736236572266e+00,1.372444391250610352e+00,1.830430269241333008e+00,7.464715957641601562e+00,7.968696594238281250e+00,8.112171173095703125e+00,7.220613002777099609e+00,6.337030887603759766e+00,5.186325550079345703e+00,5.000005245208740234e+00,6.231835365295410156e+00,7.689524650573730469e+00,2.538851976394653320e+00,2.641276121139526367e+00,3.846178770065307617e+00,5.119306087493896484e+00
1.232053451538085938e+02,5.000005245208740234e+00,5.000005245208740234e+00,4.404598236083984375e+00,1.207569360733032227e+00,1.748844265937805176e+00,1.710728645324707031e+00,3.496405124664306641e+00,5.593426704406738281e+00,8.549258232116699219e+00,8.757068634033203125e+00,6.219289302825927734e+00,5.305374622344970703e+00,5.000005245208740234e+00,6.110493659973144531e+00,7.843918323516845703e+00,6.355331420898437500e+00,1.690746903419494629e+00,3.951535463333129883e+00,4.983955383300781250e+00
1.237061767578125000e+02,5.000005245208740234e+00,5.000005245208740234e+00,4.485459327697753906e+00,1.228650331497192383e+00,1.962670087814331055e+00,1.655814766883850098e+00,3.610440731048583984e+00,2.636250257492065430e+00,7.504065036773681641e+00,9.030213356018066406e+00,6.191213130950927734e+00,5.323668479919433594e+00,5.000005245208740234e+00,6.062016487121582031e+00,7.766594409942626953e+00,6.518089294433593750e+00,2.724016189575195312e+00,3.977691173553466797e+00,4.957139015197753906e+00
1.242070083618164062e+02,5.000005245208740234e+00,5.000005245208740234e+00,4.487501144409179688e+00,1.238791465759277344e+00,2.092751502990722656e+00,1.630327343940734863e+00,3.826883554458618164e+00,1.943273782730102539e+00,2.777339458465576172e+00,8.740826606750488281e+00,6.182747364044189453e+00,5.326121807098388672e+00,5.000005245208740234e+00,6.025914669036865234e+00,7.696673393249511719e+00,6.412101268768310547e+00,6.351753234863281250e+00,3.987022876739501953e+00,4.952665328979492188e+00
1.247078475952148438e+02,5.000005245208740234e+00,5.000005245208740234e+00,4.465246200561523438e+00,1.244251489639282227e+00,2.176655530929565430e+00,1.607719779014587402e+00,3.999284505844116211e+00,1.681658506393432617e+00,1.857535123825073242e+00,7.991864204406738281e+00,6.179717540740966797e+00,5.326029300689697266e+00,5.000005245208740234e+00,5.983307361602783203e+00,7.644834041595458984e+00,6.259073257446289062e+00,7.090179443359375000e+00,3.991557598114013672e+00,4.952149868011474609e+00
1.252086791992187500e+02,5.000005245208740234e+00,5.000005245208740234e+00,4.440245628356933594e+00,1.277942180633544922e+00,2.238178014755249023e+00,1.662628531455993652e+00,4.164383411407470703e+00,1.708481192588806152e+00,1.989101648330688477e+00,5.621528148651123047e+00,6.178532600402832031e+00,5.325888156890869141e+00,5.000005245208740234e+00,5.938021183013916016e+00,7.604412078857421875e+00,6.075779914855957031e+00,7.298692703247070312e+00,3.994311332702636719e+00,4.952220916748046875e+00
1.257095184326171875e+02,5.000005245208740234e+00,5.000005245208740234e+00,4.420296192169189453e+00,1.257139444351196289e+00,2.271067142486572266e+00,1.586720824241638184e+00,4.229334831237792969e+00,1.481915235519409180e+00,2.204231739044189453e+00,2.005221843719482422e+00,6.175253391265869141e+00,5.324851512908935547e+00,5.000005245208740234e+00,5.913614273071289062e+00,7.580351829528808594e+00,5.999110698699951172e+00,7.532219886779785156e+00,3.999759912490844727e+00,4.953435420989990234e+00
1.262103500366210938e+02,5.000005245208740234e+00,5.000005245208740234e+00,4.391766548156738281e+00,1.223846197128295898e+00,2.296860933303833008e+00,1.513344407081604004e+00,4.292734146118164062e+00,1.341720223426818848e+00,2.263030767440795898e+00,1.188439130783081055e+00,6.171544075012207031e+00,5.323904514312744141e+00,5.000005245208740234e+00,5.876874923706054688e+00,7.567387580871582031e+00,5.951807022094726562e+00,7.733994960784912109e+00,4.004345893859863281e+00,4.954374790191650391e+00
1.267111816406250000e+02,5.000005245208740234e+00,5.000005245208740234e+00,4.431090354919433594e+00,1.209589719772338867e+00,2.316475152969360352e+00,1.487858295440673828e+00,4.344867229461669922e+00,1.300360679626464844e+00,2.281569719314575195e+00,1.006574988365173340e+00,6.168048381805419922e+00,5.323154449462890625e+00,5.000005245208740234e+00,5.938638687133789062e+00,7.546625614166259766e+00,5.870975017547607422e+00,7.566884040832519531e+00,4.008211135864257812e+00,4.955053806304931641e+00
1.272120208740234375e+02,5.000005245208740234e+00,5.000005245208740234e+00,4.482494354248046875e+00,1.203622579574584961e+00,2.331229925155639648e+00,1.479100942611694336e+00,4.394542217254638672e+00,1.288193464279174805e+00,2.292089939117431641e+00,9.622188210487365723e-01,6.164574623107910156e+00,5.322618007659912109e+00,5.000005245208740234e+00,6.017016410827636719e+00,7.524077892303466797e+00,5.804961204528808594e+00,7.362110137939453125e+00,4.011945724487304688e+00,4.955832481384277344e+00
1.277128524780273438e+02,5.000005245208740234e+00,5.000005245208740234e+00,4.471606254577636719e+00,1.202665925025939941e+00,2.345296382904052734e+00,1.477582216262817383e+00,4.447842597961425781e+00,1.286239147186279297e+00,2.345672130584716797e+00,9.540147185325622559e-01,6.160935878753662109e+00,5.321913719177246094e+00,5.000005245208740234e+00,6.001026153564453125e+00,7.512719631195068359e+00,5.765826225280761719e+00,7.344863414764404297e+00,4.015484809875488281e+00,4.956449985504150391e+00
1.282136840820312500e+02,5.000005245208740234e+00,5.000005245208740234e+00,4.441179275512695312e+00,1.203414440155029297e+00,2.357158422470092773e+00,1.477622509002685547e+00,4.508155345916748047e+00,1.286185503005981445e+00,2.396972656250000000e+00,9.519829750061035156e-01,6.157572269439697266e+00,5.321373462677001953e+00,5.000005245208740234e+00,5.955705642700195312e+00,7.504214286804199219e+00,5.756847381591796875e+00,7.345402717590332031e+00,4.019024372100830078e+00,4.957227706909179688e+00
1.287145233154296875e+02,5.000005245208740234e+00,5.000005245208740234e+00,4.400793552398681641e+00,1.208323001861572266e+00,2.366908788681030273e+00,1.479695677757263184e+00,4.568734645843505859e+00,1.287915229797363281e+00,2.440666437149047852e+00,9.534590840339660645e-01,6.154462814331054688e+00,5.320869922637939453e+00,5.000005245208740234e+00,5.896205425262451172e+00,7.495885848999023438e+00,5.762110233306884766e+00,7.340380191802978516e+00,4.022334575653076172e+00,4.958002090454101562e+00
1.292153625488281250e+02,5.000005245208740234e+00,5.000005245208740234e+00,4.357090473175048828e+00,1.225933194160461426e+00,2.375233650207519531e+00,1.485931873321533203e+00,4.622052192687988281e+00,1.292662739753723145e+00,2.478702306747436523e+00,9.585543870925903320e-01,6.151650428771972656e+00,5.320288658142089844e+00,5.000005245208740234e+00,5.835546493530273438e+00,7.486982345581054688e+00,5.765737533569335938e+00,7.332525253295898438e+00,4.025253295898437500e+00,4.958611965179443359e+00
1.297161865234375000e+02,5.000005245208740234e+00,5.000005245208740234e+00,4.302930355072021484e+00,1.284139275550842285e+00,2.383281230926513672e+00,1.502015233039855957e+00,4.666826248168945312e+00,1.303837180137634277e+00,2.513032913208007812e+00,9.695652723312377930e-01,6.149216651916503906e+00,5.319679737091064453e+00,5.000005245208740234e+00,5.776572704315185547e+00,7.476279735565185547e+00,5.760702133178710938e+00,7.323224067687988281e+00,4.027669429779052734e+00,4.959048271179199219e+00
1.302170257568359375e+02,5.000005245208740234e+00,5.000005245208740234e+00,4.200033187866210938e+00,1.470799684524536133e+00,2.393599271774291992e+00,1.539036631584167480e+00,4.706169605255126953e+00,1.327111482620239258e+00,2.545556783676147461e+00,9.893161058425903320e-01,6.147235393524169922e+00,5.319120883941650391e+00,5.000005245208740234e+00,5.746347904205322266e+00,7.461593151092529297e+00,5.744352817535400391e+00,7.312868118286132812e+00,4.029508590698242188e+00,4.959339141845703125e+00
1.307178649902343750e+02,5.000005245208740234e+00,5.000005245208740234e+00,3.871068239212036133e+00,1.992983698844909668e+00,2.408587217330932617e+00,1.598792672157287598e+00,4.742846488952636719e+00,1.360076427459716797e+00,2.576109647750854492e+00,1.011432409286499023e+00,6.145695209503173828e+00,5.318633079528808594e+00,5.000005245208740234e+00,5.857996463775634766e+00,7.441158294677734375e+00,5.719233036041259766e+00,7.302353858947753906e+00,4.030807018280029297e+00,4.959509372711181641e+00
1.312187042236328125e+02,5.000005245208740234e+00,5.000005245208740234e+00,8.352497100830078125e+00,8.582961082458496094e+00,2.423989772796630859e+00,3.392303228378295898e+00,2.140449047088623047e+00,9.296293854713439941e-01,2.775467872619628906e+00,3.932764053344726562e+00,6.179418563842773438e+00,5.332605361938476562e+00,5.000005245208740234e+00,1.484875321388244629e+00,7.325541019439697266e+00,7.547346591949462891e+00,7.390206336975097656e+00,4.024146080017089844e+00,4.959895133972167969e+00
1.317195281982421875e+02,5.000005245208740234e+00,5.000005245208740234e+00,7.557822227478027344e+00,7.915212631225585938e+00,2.509594440460205078e+00,2.292292356491088867e+00,4.155313968658447266e+00,1.192513585090637207e+00,2.066537618637084961e+00,1.407518386840820312e+00,6.159980773925781250e+00,5.327891826629638672e+00,5.000005245208740234e+00,2.526220560073852539e+00,7.411491870880126953e+00,5.850955963134765625e+00,7.853499412536621094e+00,4.040975093841552734e+00,4.966017723083496094e+00
1.322203674316406250e+02,5.000005245208740234e+00,5.000005245208740234e+00,6.751988887786865234e+00,7.102196693420410156e+00,2.574426889419555664e+00,1.998610973358154297e+00,4.908584117889404297e+00,1.265169382095336914e+00,2.086148023605346680e+00,9.989417791366577148e-01,6.149181842803955078e+00,5.327230930328369141e+00,5.000005245208740234e+00,3.477822303771972656e+00,7.646609783172607422e+00,5.504359722137451172e+00,7.627136230468750000e+00,4.060023307800292969e+00,4.968547344207763672e+00
1.327212066650390625e+02,5.000005245208740234e+00,5.000005245208740234e+00,6.866467475891113281e+00,7.120634078979492188e+00,2.575032711029052734e+00,1.968689799308776855e+00,5.219861984252929688e+00,1.291150689125061035e+00,2.269614219665527344e+00,9.669139385223388672e-01,6.126388072967529297e+00,5.324579715728759766e+00,5.000005245208740234e+00,3.374960184097290039e+00,7.689519882202148438e+00,5.442512035369873047e+00,7.576948642730712891e+00,4.079588890075683594e+00,4.970871925354003906e+00
1.332220306396484375e+02,5.000005245208740234e+00,5.000005245208740234e+00,7.139771938323974609e+00,7.338380813598632812e+00,2.527267694473266602e+00,2.035665273666381836e+00,5.389570713043212891e+00,1.303876519203186035e+00,2.411555290222167969e+00,9.659244418144226074e-01,6.104517459869384766e+00,5.318800449371337891e+00,5.000005245208740234e+00,3.097507238388061523e+00,7.635002613067626953e+00,5.495021343231201172e+00,7.486152648925781250e+00,4.102722644805908203e+00,4.972999095916748047e+00
1.337228698730468750e+02,5.000005245208740234e+00,5.000005245208740234e+00,7.144866943359375000e+00,7.336123466491699219e+00,2.439980030059814453e+00,2.203445911407470703e+00,6.095903396606445312e+00,1.314487814903259277e+00,2.517027139663696289e+00,9.696028828620910645e-01,6.084316253662109375e+00,5.312527656555175781e+00,5.000005245208740234e+00,3.114969968795776367e+00,7.573825359344482422e+00,6.262303352355957031e+00,7.422997474670410156e+00,4.122084140777587891e+00,4.975439548492431641e+00
1.342237091064453125e+02,5.000005245208740234e+00,5.000005245208740234e+00,7.034849166870117188e+00,7.233679294586181641e+00,2.317230224609375000e+00,2.515716075897216797e+00,5.249783039093017578e+00,1.327646613121032715e+00,2.593690633773803711e+00,9.736085534095764160e-01,6.068703651428222656e+00,5.306732177734375000e+00,5.000005245208740234e+00,3.261680126190185547e+00,7.565773963928222656e+00,5.277415275573730469e+00,7.379426479339599609e+00,4.135638236999511719e+00,4.977379798889160156e+00
1.347245483398437500e+02,5.000005245208740234e+00,5.000005245208740234e+00,6.899151802062988281e+00,7.107336044311523438e+00,2.127770185470581055e+00,3.078797340393066406e+00,5.231543064117431641e+00,1.346602916717529297e+00,2.647631883621215820e+00,9.777355194091796875e-01,6.058702468872070312e+00,5.302053928375244141e+00,5.000005245208740234e+00,3.428305864334106445e+00,7.574704170227050781e+00,5.253175258636474609e+00,7.341449260711669922e+00,4.143235683441162109e+00,4.978470802307128906e+00
1.352253723144531250e+02,5.000005245208740234e+00,5.000005245208740234e+00,6.768388748168945312e+00,6.989823818206787109e+00,1.897722244262695312e+00,3.900022268295288086e+00,5.300327301025390625e+00,1.370322465896606445e+00,2.686314105987548828e+00,9.807760715484619141e-01,6.053659915924072266e+00,5.298723697662353516e+00,5.000005245208740234e+00,3.580175638198852539e+00,7.567652225494384766e+00,5.332760334014892578e+00,7.310153961181640625e+00,4.145454406738281250e+00,4.978720188140869141e+00
1.357262115478515625e+02,5.000005245208740234e+00,5.000005245208740234e+00,6.581627368927001953e+00,6.816125392913818359e+00,1.734274148941040039e+00,4.562664985656738281e+00,5.324541091918945312e+00,1.390893697738647461e+00,2.717119455337524414e+00,9.809771776199340820e-01,6.052582263946533203e+00,5.296833038330078125e+00,5.000005245208740234e+00,3.776518583297729492e+00,7.512420654296875000e+00,5.367917060852050781e+00,7.294235706329345703e+00,4.143392086029052734e+00,4.978416442871093750e+00
1.362270507812500000e+02,5.000005245208740234e+00,5.000005245208740234e+00,6.363127231597900391e+00,6.600232124328613281e+00,1.620647549629211426e+00,5.050069332122802734e+00,5.312782287597656250e+00,1.409824252128601074e+00,2.742283105850219727e+00,9.801067113876342773e-01,6.054836750030517578e+00,5.296186923980712891e+00,5.000005245208740234e+00,3.985262870788574219e+00,7.425243854522705078e+00,5.365461349487304688e+00,7.287900447845458984e+00,4.138315200805664062e+00,4.977686882019042969e+00
1.367278747558593750e+02,5.000005245208740234e+00,5.000005245208740234e+00,6.137922763824462891e+00,6.364882469177246094e+00,1.537930369377136230e+00,5.409460067749023438e+00,5.280405044555664062e+00,1.428607106208801270e+00,2.762830734252929688e+00,9.790023565292358398e-01,6.059468269348144531e+00,5.296434879302978516e+00,5.000005245208740234e+00,4.182496070861816406e+00,7.320471286773681641e+00,5.341051578521728516e+00,7.286307334899902344e+00,4.131164073944091797e+00,4.976577281951904297e+00
1.372287139892578125e+02,5.000005245208740234e+00,5.000005245208740234e+00,5.924817085266113281e+00,6.130993843078613281e+00,1.478898644447326660e+00,5.671167373657226562e+00,5.243377208709716797e+00,1.448676228523254395e+00,2.779390335083007812e+00,9.781294465065002441e-01,6.065639495849609375e+00,5.297330379486083984e+00,5.000005245208740234e+00,4.355592727661132812e+00,7.206521987915039062e+00,5.311916828155517578e+00,7.286181449890136719e+00,4.122684955596923828e+00,4.975214958190917969e+00
1.377295532226562500e+02,5.000005245208740234e+00,5.000005245208740234e+00,5.734994888305664062e+00,5.913874149322509766e+00,1.446526169776916504e+00,5.853420257568359375e+00,5.212312221527099609e+00,1.473274230957031250e+00,2.792746543884277344e+00,9.780452251434326172e-01,6.072719097137451172e+00,5.298656940460205078e+00,5.000005245208740234e+00,4.500479221343994141e+00,7.088071823120117188e+00,5.288567066192626953e+00,7.286180973052978516e+00,4.113486766815185547e+00,4.973699092864990234e+00
1.382303771972656250e+02,5.000005245208740234e+00,5.000005245208740234e+00,5.572985172271728516e+00,5.722136974334716797e+00,1.455136060714721680e+00,5.974184513092041016e+00,5.186005115509033203e+00,1.510624408721923828e+00,2.803910970687866211e+00,9.796726107597351074e-01,6.080243110656738281e+00,5.300250053405761719e+00,5.000005245208740234e+00,4.618177890777587891e+00,6.963871479034423828e+00,5.265477657318115234e+00,7.286262035369873047e+00,4.104016304016113281e+00,4.972106456756591797e+00
1.387312164306640625e+02,5.000005245208740234e+00,5.000005245208740234e+00,5.438749313354492188e+00,5.558850765228271484e+00,1.534455418586730957e+00,6.055994033813476562e+00,5.161624431610107422e+00,1.578349351882934570e+00,2.813808202743530273e+00,9.843363761901855469e-01,6.087881565093994141e+00,5.301996707916259766e+00,5.000005245208740234e+00,4.712048530578613281e+00,6.823887825012207031e+00,5.231882095336914062e+00,7.286345005035400391e+00,4.094587326049804688e+00,4.970499038696289062e+00
1.392320556640625000e+02,5.000005245208740234e+00,5.000005245208740234e+00,5.329541206359863281e+00,5.423249721527099609e+00,1.742660880088806152e+00,6.126325130462646484e+00,5.144069671630859375e+00,1.706132888793945312e+00,2.823192834854125977e+00,9.932991862297058105e-01,6.095399379730224609e+00,5.303797245025634766e+00,5.000005245208740234e+00,4.786231517791748047e+00,6.645339012145996094e+00,5.179757595062255859e+00,7.286006927490234375e+00,4.085420608520507812e+00,4.968913555145263672e+00
1.397328948974609375e+02,5.000005245208740234e+00,5.000005245208740234e+00,5.241838455200195312e+00,5.312852382659912109e+00,2.191099882125854492e+00,6.215658187866210938e+00,5.146825790405273438e+00,1.928391575813293457e+00,2.832622766494750977e+00,1.006729602813720703e+00,6.102624416351318359e+00,5.305587768554687500e+00,5.000005245208740234e+00,4.844511985778808594e+00,6.388483524322509766e+00,5.099839210510253906e+00,7.284881591796875000e+00,4.076677322387695312e+00,4.967384338378906250e+00
1.402337188720703125e+02,5.000005245208740234e+00,5.000005245208740234e+00,5.173012256622314453e+00,5.225596904754638672e+00,2.976169824600219727e+00,6.337625026702880859e+00,5.125977039337158203e+00,2.286295652389526367e+00,2.842084407806396484e+00,1.022670984268188477e+00,6.109434604644775391e+00,5.307306289672851562e+00,5.000005245208740234e+00,4.889498233795166016e+00,6.022491455078125000e+00,5.040697097778320312e+00,7.282976627349853516e+00,4.068485260009765625e+00,4.965944766998291016e+00
1.407345581054687500e+02,5.000005245208740234e+00,5.000005245208740234e+00,5.121430397033691406e+00,5.159877300262451172e+00,3.896250486373901367e+00,6.449703216552734375e+00,4.981437683105468750e+00,2.841291666030883789e+00,2.850840806961059570e+00,1.038318991661071777e+00,6.115744113922119141e+00,5.308923244476318359e+00,5.000005245208740234e+00,4.922807216644287109e+00,5.608243465423583984e+00,5.087374210357666016e+00,7.280812263488769531e+00,4.060928344726562500e+00,4.964621067047119141e+00
1.412353973388671875e+02,5.000005245208740234e+00,5.000005245208740234e+00,5.084301471710205078e+00,5.112184047698974609e+00,4.609682083129882812e+00,6.498886108398437500e+00,4.798062801361083984e+00,3.587526082992553711e+00,2.858185291290283203e+00,1.051648020744323730e+00,6.121521472930908203e+00,5.310410022735595703e+00,5.000005245208740234e+00,4.946580886840820312e+00,5.261389732360839844e+00,5.149820327758789062e+00,7.278832435607910156e+00,4.054036617279052734e+00,4.963416576385498047e+00
1.417362213134765625e+02,5.000005245208740234e+00,5.000005245208740234e+00,5.058140754699707031e+00,5.078209400177001953e+00,5.054752826690673828e+00,6.483401775360107422e+00,4.820502758026123047e+00,4.414505958557128906e+00,2.863419294357299805e+00,1.064376831054687500e+00,6.222338199615478516e+00,5.455110549926757812e+00,5.000005245208740234e+00,4.963236331939697266e+00,5.023602008819580078e+00,5.066195964813232422e+00,7.274230957031250000e+00,3.944971323013305664e+00,4.828413963317871094e+00
1.422370605468750000e+02,5.000005245208740234e+00,5.000005245208740234e+00,5.039434432983398438e+00,5.053535461425781250e+00,5.254452228546142578e+00,6.384249687194824219e+00,5.133595943450927734e+00,5.136850357055664062e+00,2.868853092193603516e+00,1.073587417602539062e+00,6.218652248382568359e+00,5.369059085845947266e+00,5.000005245208740234e+00,4.975102424621582031e+00,4.908735752105712891e+00,4.814993858337402344e+00,7.273459434509277344e+00,3.951897382736206055e+00,4.918318271636962891e+00
1.427378997802734375e+02,5.000005245208740234e+00,5.000005245208740234e+00,5.026433944702148438e+00,5.036188602447509766e+00,5.333103179931640625e+00,6.247875213623046875e+00,5.541997909545898438e+00,5.678914546966552734e+00,2.872290372848510742e+00,1.077056050300598145e+00,6.195589065551757812e+00,5.342830657958984375e+00,5.000005245208740234e+00,4.983328819274902344e+00,4.861498832702636719e+00,4.519479751586914062e+00,7.272310733795166016e+00,3.975978374481201172e+00,4.941860198974609375e+00
1.432387237548828125e+02,5.000005245208740234e+00,5.000005245208740234e+00,5.017580032348632812e+00,5.024262905120849609e+00,5.349504470825195312e+00,6.096071720123291016e+00,5.859685420989990234e+00,6.014821052551269531e+00,2.873565912246704102e+00,1.074870109558105469e+00,6.177917480468750000e+00,5.331684112548828125e+00,5.000005245208740234e+00,4.988921642303466797e+00,4.849834918975830078e+00,4.298029899597167969e+00,7.271230697631835938e+00,3.993528366088867188e+00,4.949801921844482422e+00
1.437395629882812500e+02,5.000005245208740234e+00,5.000005245208740234e+00,5.011643409729003906e+00,5.016198158264160156e+00,5.333268642425537109e+00,5.941119194030761719e+00,6.043939590454101562e+00,6.185222148895263672e+00,2.873202323913574219e+00,1.069151163101196289e+00,6.167192935943603516e+00,5.326055526733398438e+00,5.000005245208740234e+00,4.992668151855468750e+00,4.856098651885986328e+00,4.181912422180175781e+00,7.269872665405273438e+00,4.003842353820800781e+00,4.953207492828369141e+00
1.442404022216796875e+02,5.000005245208740234e+00,5.000005245208740234e+00,5.007696628570556641e+00,5.010789871215820312e+00,5.299845695495605469e+00,5.790887355804443359e+00,6.117138385772705078e+00,6.239390373229980469e+00,2.871700286865234375e+00,1.061707735061645508e+00,6.161365985870361328e+00,5.323029994964599609e+00,5.000005245208740234e+00,4.995157241821289062e+00,4.871144294738769531e+00,4.154306888580322266e+00,7.267762660980224609e+00,4.009216785430908203e+00,4.954855918884277344e+00
1.447412414550781250e+02,5.000005245208740234e+00,5.000005245208740234e+00,5.005085468292236328e+00,5.007182598114013672e+00,5.259099006652832031e+00,5.651543140411376953e+00,6.110352993011474609e+00,6.215045928955078125e+00,2.869351625442504883e+00,1.053635954856872559e+00,6.158585548400878906e+00,5.321430206298828125e+00,5.000005245208740234e+00,4.996802806854248047e+00,4.889533996582031250e+00,4.188100814819335938e+00,7.264523506164550781e+00,4.011566638946533203e+00,4.955651283264160156e+00
1.452420654296875000e+02,5.000005245208740234e+00,5.000005245208740234e+00,5.003363132476806641e+00,5.004784107208251953e+00,5.217462539672851562e+00,5.527493953704833984e+00,6.049628734588623047e+00,6.139270782470703125e+00,2.866286277770996094e+00,1.045562744140625000e+00,6.157605648040771484e+00,5.320646762847900391e+00,5.000005245208740234e+00,4.997889041900634766e+00,4.908033370971679688e+00,4.259051799774169922e+00,7.259823322296142578e+00,4.012148380279541016e+00,4.955975532531738281e+00
1.457429046630859375e+02,5.000005245208740234e+00,5.000005245208740234e+00,5.002228260040283203e+00,5.003192424774169922e+00,5.178918361663818359e+00,5.421133041381835938e+00,5.955410957336425781e+00,6.032211780548095703e+00,2.862545967102050781e+00,1.037841558456420898e+00,6.157656192779541016e+00,5.320341587066650391e+00,5.000005245208740234e+00,4.998603820800781250e+00,4.924817562103271484e+00,4.348459243774414062e+00,7.253357887268066406e+00,4.011741161346435547e+00,4.956047058105468750e+00
1.462437438964843750e+02,5.000005245208740234e+00,5.000005245208740234e+00,5.001481056213378906e+00,5.002136707305908203e+00,5.145336627960205078e+00,5.332762241363525391e+00,5.843675613403320312e+00,5.909448623657226562e+00,2.858093023300170898e+00,1.030676960945129395e+00,6.158263206481933594e+00,5.320305347442626953e+00,5.000005245208740234e+00,4.999074935913085938e+00,4.939161777496337891e+00,4.443038940429687500e+00,7.244770050048828125e+00,4.010810852050781250e+00,4.955968379974365234e+00
1.467445678710937500e+02,5.000005245208740234e+00,5.000005245208740234e+00,5.000988006591796875e+00,5.001435279846191406e+00,5.117290496826171875e+00,5.261217117309570312e+00,5.726741313934326172e+00,5.782984256744384766e+00,2.852851629257202148e+00,1.024172902107238770e+00,6.159149169921875000e+00,5.320413112640380859e+00,5.000005245208740234e+00,4.999385356903076172e+00,4.950931549072265625e+00,4.534086704254150391e+00,7.233696937561035156e+00,4.009632110595703125e+00,4.955814838409423828e+00
1.472454071044921875e+02,5.000005245208740234e+00,5.000005245208740234e+00,5.000662803649902344e+00,5.000968456268310547e+00,5.094535827636718750e+00,5.204448223114013672e+00,5.613543987274169922e+00,5.661524295806884766e+00,2.846714496612548828e+00,1.018364787101745605e+00,6.160149097442626953e+00,5.320605278015136719e+00,5.000005245208740234e+00,4.999590396881103516e+00,4.960339546203613281e+00,4.616559982299804688e+00,7.219761371612548828e+00,4.008374214172363281e+00,4.955631256103515625e+00
1.477462463378906250e+02,5.000005245208740234e+00,5.000005245208740234e+00,5.000446796417236328e+00,5.000658035278320312e+00,5.076347827911376953e+00,5.160003662109375000e+00,5.509881973266601562e+00,5.550746917724609375e+00,2.839535713195800781e+00,1.013253331184387207e+00,6.161165714263916016e+00,5.320825099945068359e+00,5.000005245208740234e+00,4.999726295471191406e+00,4.967779636383056641e+00,4.688126087188720703e+00,7.202521800994873047e+00,4.007123470306396484e+00,4.955434322357177734e+00
1.482470855712890625e+02,5.000005245208740234e+00,5.000005245208740234e+00,5.000303268432617188e+00,5.000449657440185547e+00,5.061942100524902344e+00,5.125526905059814453e+00,5.418874263763427734e+00,5.453649044036865234e+00,2.831154823303222656e+00,1.008809447288513184e+00,6.162149429321289062e+00,5.321055412292480469e+00,5.000005245208740234e+00,4.999816894531250000e+00,4.973637104034423828e+00,4.748286247253417969e+00,7.181555747985839844e+00,4.005931377410888672e+00,4.955239295959472656e+00
1.487479095458984375e+02,5.000005245208740234e+00,5.000005245208740234e+00,5.000207901000976562e+00,5.000310420989990234e+00,5.050558090209960938e+00,5.098914146423339844e+00,5.341527462005615234e+00,5.371140956878662109e+00,2.821389675140380859e+00,1.005018711090087891e+00,6.163070678710937500e+00,5.321277618408203125e+00,5.000005245208740234e+00,4.999877929687500000e+00,4.978259563446044922e+00,4.797671318054199219e+00,7.156435012817382812e+00,4.004823684692382812e+00,4.955051422119140625e+00
1.492487487792968750e+02,5.000005245208740234e+00,5.000005245208740234e+00,5.000143527984619141e+00,5.000216007232666016e+00,5.041569709777832031e+00,5.078428745269775391e+00,5.277422904968261719e+00,5.302692413330078125e+00,2.810061693191528320e+00,1.001946926116943359e+00,6.163919448852539062e+00,5.321490287780761719e+00,5.000005245208740234e+00,4.999918460845947266e+00,4.981917858123779297e+00,4.837493419647216797e+00,7.126807689666748047e+00,4.003810405731201172e+00,4.954883098602294922e+00
1.497495880126953125e+02,5.000005245208740234e+00,5.000005245208740234e+00,5.000100612640380859e+00,5.000151634216308594e+00,5.034442901611328125e+00,5.062652587890625000e+00,5.225268363952636719e+00,5.246916294097900391e+00,2.796971082687377930e+00,9.997999668121337891e-01,6.164691448211669922e+00,5.321686267852783203e+00,5.000005245208740234e+00,4.999945640563964844e+00,4.984838962554931641e+00,4.869203567504882812e+00,7.092393398284912109e+00,4.002890110015869141e+00,4.954726219177246094e+00
1.502504119873046875e+02,5.000005245208740234e+00,5.000005245208740234e+00,5.000071525573730469e+00,5.000108242034912109e+00,5.028770923614501953e+00,5.050483703613281250e+00,5.183399200439453125e+00,5.202045917510986328e+00,2.781901359558105469e+00,9.990913867950439453e-01,6.165386199951171875e+00,5.321862697601318359e+00,5.000005245208740234e+00,4.999963760375976562e+00,4.987185001373291016e+00,4.894235134124755859e+00,7.053102493286132812e+00,4.002062320709228516e+00,4.954579830169677734e+00
1.507512512207031250e+02,5.000005245208740234e+00,5.000005245208740234e+00,5.000051021575927734e+00,5.000078678131103516e+00,5.024238586425781250e+00,5.041073799133300781e+00,5.150076389312744141e+00,5.166234493255615234e+00,2.764612913131713867e+00,1.000801205635070801e+00,6.166013240814208984e+00,5.322026729583740234e+00,5.000005245208740234e+00,4.999976634979248047e+00,4.989080905914306641e+00,4.913900375366210938e+00,7.009125709533691406e+00,4.001317977905273438e+00,4.954454898834228516e+00
1.512520904541015625e+02,5.000005245208740234e+00,5.000005245208740234e+00,5.000037193298339844e+00,5.000057697296142578e+00,5.020584106445312500e+00,5.033751487731933594e+00,5.123641490936279297e+00,5.137731075286865234e+00,2.744791984558105469e+00,1.006534457206726074e+00,6.166573047637939453e+00,5.322175025939941406e+00,5.000005245208740234e+00,4.999985218048095703e+00,4.990629196166992188e+00,4.929342746734619141e+00,6.960936546325683594e+00,4.000653266906738281e+00,4.954338550567626953e+00
1.517529144287109375e+02,5.000005245208740234e+00,5.000005245208740234e+00,5.000028610229492188e+00,5.000043392181396484e+00,5.017608642578125000e+00,5.028005123138427734e+00,5.102639198303222656e+00,5.114988327026367188e+00,2.722056865692138672e+00,1.018657684326171875e+00,6.167073726654052734e+00,5.322305679321289062e+00,5.000005245208740234e+00,4.999990940093994141e+00,4.991908073425292969e+00,4.941517353057861328e+00,6.909418106079101562e+00,4.000055789947509766e+00,4.954232692718505859e+00
1.522537536621093750e+02,5.000005245208740234e+00,5.000005245208740234e+00,5.000021934509277344e+00,5.000032424926757812e+00,5.015154838562011719e+00,5.023444652557373047e+00,5.085836410522460938e+00,5.096689701080322266e+00,2.695932388305664062e+00,1.040249943733215332e+00,6.167522430419921875e+00,5.322427749633789062e+00,5.000005245208740234e+00,4.999994754791259766e+00,4.992977142333984375e+00,4.951199054718017578e+00,6.855878353118896484e+00,3.999522686004638672e+00,4.954143524169921875e+00
1.527545928955078125e+02,5.000005245208740234e+00,5.000005245208740234e+00,5.000017166137695312e+00,5.000025272369384766e+00,5.013094425201416016e+00,5.019767284393310547e+00,5.072230339050292969e+00,5.081768512725830078e+00,2.665770769119262695e+00,1.075025916099548340e+00,6.167922973632812500e+00,5.322536468505859375e+00,5.000005245208740234e+00,4.999998092651367188e+00,4.993888378143310547e+00,4.959004878997802734e+00,6.801976680755615234e+00,3.999042272567749023e+00,4.954059123992919922e+00
1.532554321289062500e+02,5.000005245208740234e+00,5.000005245208740234e+00,5.000014305114746094e+00,5.000020503997802734e+00,5.011334896087646484e+00,5.016749858856201172e+00,5.061048507690429688e+00,5.069401264190673828e+00,2.630676031112670898e+00,1.127181529998779297e+00,6.168282985687255859e+00,5.322638511657714844e+00,5.000005245208740234e+00,5.000000000000000000e+00,4.994677066802978516e+00,4.965397834777832031e+00,6.749741077423095703e+00,3.998610734939575195e+00,4.953981876373291016e+00
1.537562561035156250e+02,5.000005245208740234e+00,5.000005245208740234e+00,5.000011920928955078e+00,5.000016689300537109e+00,5.009809970855712891e+00,5.014233589172363281e+00,5.051715373992919922e+00,5.058980941772460938e+00,2.589349746704101562e+00,1.201136469841003418e+00,6.168604373931884766e+00,5.322725296020507812e+00,5.000005245208740234e+00,5.000000953674316406e+00,4.995369911193847656e+00,4.970721721649169922e+00,6.701446056365966797e+00,3.998223543167114258e+00,4.953911304473876953e+00
1.542570953369140625e+02,5.000005245208740234e+00,5.000005245208740234e+00,5.000010013580322266e+00,5.000014305114746094e+00,5.008478164672851562e+00,5.012107849121093750e+00,5.043829917907714844e+00,5.050092697143554688e+00,2.540066480636596680e+00,1.301017522811889648e+00,6.168891906738281250e+00,5.322810649871826172e+00,5.000005245208740234e+00,5.000002384185791016e+00,4.995981693267822266e+00,4.975211620330810547e+00,6.659470081329345703e+00,3.997878789901733398e+00,4.953851699829101562e+00
1.547579345703125000e+02,5.000005245208740234e+00,5.000005245208740234e+00,5.000008583068847656e+00,5.000011920928955078e+00,5.007311344146728516e+00,5.010302543640136719e+00,5.037131786346435547e+00,5.042475223541259766e+00,2.481046915054321289e+00,1.429794549942016602e+00,6.169147968292236328e+00,5.322884082794189453e+00,5.000005245208740234e+00,5.000002861022949219e+00,4.996521949768066406e+00,4.979021072387695312e+00,6.625878334045410156e+00,3.997569322586059570e+00,4.953798770904541016e+00
1.552587585449218750e+02,5.000005245208740234e+00,5.000005245208740234e+00,5.000008106231689453e+00,5.000010490417480469e+00,5.006299018859863281e+00,5.008771896362304688e+00,5.031455516815185547e+00,5.035972595214843750e+00,2.411657571792602539e+00,1.587461113929748535e+00,6.169372558593750000e+00,5.322946548461914062e+00,5.000005245208740234e+00,5.000003337860107422e+00,4.996994495391845703e+00,4.982245922088623047e+00,6.601777076721191406e+00,3.997297763824462891e+00,4.953748703002929688e+00
1.557595977783203125e+02,5.000005245208740234e+00,5.000005245208740234e+00,5.000007629394531250e+00,5.000009536743164062e+00,5.005432605743408203e+00,5.007486820220947266e+00,5.026692390441894531e+00,5.030484199523925781e+00,2.334213018417358398e+00,1.769678831100463867e+00,6.169571399688720703e+00,5.323006629943847656e+00,5.000005245208740234e+00,5.000004291534423828e+00,4.997402191162109375e+00,4.984950542449951172e+00,6.586429119110107422e+00,3.997060298919677734e+00,4.953709602355957031e+00
1.562604370117187500e+02,5.000005245208740234e+00,5.000005245208740234e+00,5.000007152557373047e+00,5.000008106231689453e+00,5.004701614379882812e+00,5.006418704986572266e+00,5.022737979888916016e+00,5.025909423828125000e+00,2.255665302276611328e+00,1.968260765075683594e+00,6.169743537902832031e+00,5.323056221008300781e+00,5.000005245208740234e+00,5.000004291534423828e+00,4.997746467590332031e+00,4.987193107604980469e+00,6.576552391052246094e+00,3.996855020523071289e+00,4.953675270080566406e+00
1.567612762451171875e+02,5.000005245208740234e+00,5.000005245208740234e+00,5.000006198883056641e+00,5.000007629394531250e+00,5.004086494445800781e+00,5.005531787872314453e+00,5.019465923309326172e+00,5.022116184234619141e+00,2.187916517257690430e+00,2.174046993255615234e+00,6.169891834259033203e+00,5.323099136352539062e+00,5.000005245208740234e+00,5.000004768371582031e+00,4.998037815093994141e+00,4.989048004150390625e+00,6.566368103027343750e+00,3.996676445007324219e+00,4.953645229339599609e+00
1.572621002197265625e+02,5.000005245208740234e+00,5.000005245208740234e+00,5.000006198883056641e+00,5.000007629394531250e+00,5.003561019897460938e+00,5.004786014556884766e+00,5.016723632812500000e+00,5.018934249877929688e+00,2.146086692810058594e+00,2.381109476089477539e+00,6.170022964477539062e+00,5.323134422302246094e+00,5.000005245208740234e+00,5.000004768371582031e+00,4.998287677764892578e+00,4.990600585937500000e+00,6.548491954803466797e+00,3.996520042419433594e+00,4.953617572784423828e+00
1.577629394531250000e+02,5.000005245208740234e+00,5.000005245208740234e+00,5.000005722045898438e+00,5.000007152557373047e+00,5.003099918365478516e+00,5.004138946533203125e+00,5.014359951019287109e+00,5.016191005706787109e+00,2.145301580429077148e+00,2.588435888290405273e+00,6.170139789581298828e+00,5.323170185089111328e+00,5.000005245208740234e+00,5.000004768371582031e+00,4.998507976531982422e+00,4.991938591003417969e+00,6.515553951263427734e+00,3.996380805969238281e+00,4.953596591949462891e+00
1.582637786865234375e+02,5.000005245208740234e+00,5.000005245208740234e+00,5.000005722045898438e+00,5.000006198883056641e+00,5.002678871154785156e+00,5.003556251525878906e+00,5.012250423431396484e+00,5.013744831085205078e+00,2.198161840438842773e+00,2.798817396163940430e+00,6.170247077941894531e+00,5.323200225830078125e+00,5.000005245208740234e+00,5.000005245208740234e+00,4.998709201812744141e+00,4.993131637573242188e+00,6.461629390716552734e+00,3.996253967285156250e+00,4.953576087951660156e+00
1.587646026611328125e+02,5.000005245208740234e+00,5.000005245208740234e+00,5.000005722045898438e+00,5.000006198883056641e+00,5.002286911010742188e+00,5.003020763397216797e+00,5.010322093963623047e+00,5.011513233184814453e+00,2.313159942626953125e+00,3.015494346618652344e+00,6.170340538024902344e+00,5.323225021362304688e+00,5.000005245208740234e+00,5.000005245208740234e+00,4.998898029327392578e+00,4.994220256805419922e+00,6.383238315582275391e+00,3.996139049530029297e+00,4.953554630279541016e+00
1.592654418945312500e+02,5.000005245208740234e+00,5.000005245208740234e+00,5.000005722045898438e+00,5.000005722045898438e+00,5.001919269561767578e+00,5.002523422241210938e+00,5.008551120758056641e+00,5.009472370147705078e+00,2.492930650711059570e+00,3.239348649978637695e+00,6.170427799224853516e+00,5.323253631591796875e+00,5.000005245208740234e+00,5.000005245208740234e+00,4.999075889587402344e+00,4.995218753814697266e+00,6.280010223388671875e+00,3.996036052703857422e+00,4.953540325164794922e+00
1.597662811279296875e+02,5.000005245208740234e+00,5.000005245208740234e+00,5.000005722045898438e+00,5.000005722045898438e+00,5.001579761505126953e+00,5.002068519592285156e+00,5.006947517395019531e+00,5.007635593414306641e+00,2.731569290161132812e+00,3.467537641525268555e+00,6.170504093170166016e+00,5.323276519775390625e+00,5.000005245208740234e+00,5.000005245208740234e+00,4.999238967895507812e+00,4.996123313903808594e+00,6.155188083648681641e+00,3.995944023132324219e+00,4.953524112701416016e+00
1.602671051025390625e+02,5.000005245208740234e+00,5.000005245208740234e+00,5.000005245208740234e+00,5.000005722045898438e+00,5.001276016235351562e+00,5.001664161682128906e+00,5.005535125732421875e+00,5.006031990051269531e+00,3.012192249298095703e+00,3.692984104156494141e+00,6.170569419860839844e+00,5.323295116424560547e+00,5.000005245208740234e+00,5.000005245208740234e+00,4.999386787414550781e+00,4.996917247772216797e+00,6.015874862670898438e+00,3.995864152908325195e+00,4.953507423400878906e+00
1.607679443359375000e+02,5.000005245208740234e+00,5.000005245208740234e+00,5.000005245208740234e+00,5.000005722045898438e+00,5.001011848449707031e+00,5.001316070556640625e+00,5.004333496093750000e+00,5.004680633544921875e+00,3.309549093246459961e+00,3.906450986862182617e+00,6.170627593994140625e+00,5.323313236236572266e+00,5.000005245208740234e+00,5.000005245208740234e+00,4.999514102935791016e+00,4.997591972351074219e+00,5.871742248535156250e+00,3.995796680450439453e+00,4.953500270843505859e+00
1.612687835693359375e+02,5.000005245208740234e+00,5.000005245208740234e+00,5.000005245208740234e+00,5.000005722045898438e+00,5.000791549682617188e+00,5.001025199890136719e+00,5.003344058990478516e+00,5.003581523895263672e+00,3.597948312759399414e+00,4.099849224090576172e+00,6.170671939849853516e+00,5.323326587677001953e+00,5.000005245208740234e+00,5.000005245208740234e+00,4.999621391296386719e+00,4.998146057128906250e+00,5.732364654541015625e+00,3.995742082595825195e+00,4.953490257263183594e+00
1.617696228027343750e+02,5.000005245208740234e+00,5.000005245208740234e+00,5.000005245208740234e+00,5.000005245208740234e+00,5.000611305236816406e+00,5.000790119171142578e+00,5.002552509307861328e+00,5.002710819244384766e+00,3.858654260635375977e+00,4.268225193023681641e+00,6.170709609985351562e+00,5.323336124420166016e+00,5.000005245208740234e+00,5.000005245208740234e+00,4.999709129333496094e+00,4.998588562011718750e+00,5.604967594146728516e+00,3.995698690414428711e+00,4.953485488891601562e+00
1.622704467773437500e+02,5.000005245208740234e+00,5.000005245208740234e+00,5.000005245208740234e+00,5.000005245208740234e+00,5.000468730926513672e+00,5.000604152679443359e+00,5.001932144165039062e+00,5.002035140991210938e+00,4.082592487335205078e+00,4.410298824310302734e+00,6.170740604400634766e+00,5.323340892791748047e+00,5.000005245208740234e+00,5.000005245208740234e+00,4.999778747558593750e+00,4.998935222625732422e+00,5.493456363677978516e+00,3.995663881301879883e+00,4.953479766845703125e+00
1.627712860107421875e+02,5.000005245208740234e+00,5.000005245208740234e+00,5.000005245208740234e+00,5.000005245208740234e+00,5.000357627868652344e+00,5.000458717346191406e+00,5.001454353332519531e+00,5.001519203186035156e+00,4.268388271331787109e+00,4.527443885803222656e+00,6.170764923095703125e+00,5.323348045349121094e+00,5.000005245208740234e+00,5.000005245208740234e+00,4.999833106994628906e+00,4.999201774597167969e+00,5.398907184600830078e+00,3.995636701583862305e+00,4.953480720520019531e+00
1.632721252441406250e+02,5.000005245208740234e+00,5.000005245208740234e+00,5.000005245208740234e+00,5.000005245208740234e+00,5.000270843505859375e+00,5.000347137451171875e+00,5.001088142395019531e+00,5.001128196716308594e+00,4.419206619262695312e+00,4.622594356536865234e+00,6.170783996582031250e+00,5.323351860046386719e+00,5.000005245208740234e+00,5.000005245208740234e+00,4.999875545501708984e+00,4.999405860900878906e+00,5.320486545562744141e+00,3.995614290237426758e+00,4.953479766845703125e+00
1.637729492187500000e+02,5.000005245208740234e+00,5.000005245208740234e+00,5.000005245208740234e+00,5.000005245208740234e+00,5.000205516815185547e+00,5.000262260437011719e+00,5.000811576843261719e+00,5.000834941864013672e+00,4.539989948272705078e+00,4.699105739593505859e+00,6.170801639556884766e+00,5.323351383209228516e+00,5.000005245208740234e+00,5.000005245208740234e+00,4.999907493591308594e+00,4.999559402465820312e+00,5.256436824798583984e+00,3.995595216751098633e+00,4.953477382659912109e+00
1.642737884521484375e+02,5.000005245208740234e+00,5.000005245208740234e+00,5.000005245208740234e+00,5.000005245208740234e+00,5.000155448913574219e+00,5.000196933746337891e+00,5.000603675842285156e+00,5.000615596771240234e+00,4.635934829711914062e+00,4.760209083557128906e+00,6.170815944671630859e+00,5.323357105255126953e+00,5.000005245208740234e+00,5.000005245208740234e+00,4.999931335449218750e+00,4.999675273895263672e+00,5.204682826995849609e+00,3.995581626892089844e+00,4.953478336334228516e+00
1.647746276855468750e+02,5.000005245208740234e+00,5.000005245208740234e+00,5.000005245208740234e+00,5.000005245208740234e+00,5.000117301940917969e+00,5.000148296356201172e+00,5.000447273254394531e+00,5.000452041625976562e+00,4.711826801300048828e+00,4.808847904205322266e+00,6.170825958251953125e+00,5.323358535766601562e+00,5.000005245208740234e+00,5.000005245208740234e+00,4.999950408935546875e+00,4.999761581420898438e+00,5.163150310516357422e+00,3.995569229125976562e+00,4.953479766845703125e+00
1.652754516601562500e+02,5.000005245208740234e+00,5.000005245208740234e+00,5.000005245208740234e+00,5.000005245208740234e+00,5.000088691711425781e+00,5.000112056732177734e+00,5.000330448150634766e+00,5.000330448150634766e+00,4.771709918975830078e+00,4.847469329833984375e+00,6.170837402343750000e+00,5.323356628417968750e+00,5.000005245208740234e+00,5.000005245208740234e+00,4.999964237213134766e+00,4.999826431274414062e+00,5.129984378814697266e+00,3.995558023452758789e+00,4.953477859497070312e+00
1.657762908935546875e+02,5.000005245208740234e+00,5.000005245208740234e+00,5.000005245208740234e+00,5.000005245208740234e+00,5.000067234039306641e+00,5.000083923339843750e+00,5.000243663787841797e+00,5.000241279602050781e+00,4.818922996520996094e+00,4.878111362457275391e+00,6.170845985412597656e+00,5.323359489440917969e+00,5.000005245208740234e+00,5.000005245208740234e+00,4.999974727630615234e+00,4.999874114990234375e+00,5.103581428527832031e+00,3.995549917221069336e+00,4.953481674194335938e+00
1.662771301269531250e+02,9.326272964477539062e+00,4.199927747249603271e-01,1.247087359428405762e+00,5.250741481781005859e+00,8.382411003112792969e+00,8.555395126342773438e+00,8.579835891723632812e+00,8.006138801574707031e+00,6.160858154296875000e+00,5.372303962707519531e+00,6.170917510986328125e+00,5.323376178741455078e+00,2.233950138092041016e+00,8.398955345153808594e+00,1.494988203048706055e+00,1.932582497596740723e+00,4.626556396484375000e+00,3.995522260665893555e+00,4.953474044799804688e+00
1.667779693603515625e+02,6.983070850372314453e+00,1.057130217552185059e+00,3.100185871124267578e+00,1.229444146156311035e+00,2.102410078048706055e+00,7.005674362182617188e+00,8.386071205139160156e+00,7.817376613616943359e+00,6.344125270843505859e+00,5.493394374847412109e+00,6.170955657958984375e+00,5.323396682739257812e+00,5.359897136688232422e+00,6.598124504089355469e+00,6.818395614624023438e+00,2.032407283782958984e+00,4.443995952606201172e+00,3.995486736297607422e+00,4.953480720520019531e+00
1.672787933349609375e+02,5.380961894989013672e+00,1.042968750000000000e+00,3.673546791076660156e+00,1.430072546005249023e+00,1.895041465759277344e+00,8.165323257446289062e+00,1.697250485420227051e+00,6.621701121330261230e-01,7.721720218658447266e+00,8.593249320983886719e+00,6.181676864624023438e+00,5.328186988830566406e+00,5.664509296417236328e+00,6.255121707916259766e+00,7.172936916351318359e+00,7.922620296478271484e+00,2.295555353164672852e+00,3.995100498199462891e+00,4.955307483673095703e+00
1.677796325683593750e+02,5.002243995666503906e+00,1.152090907096862793e+00,3.959295511245727539e+00,1.725531697273254395e+00,2.150138378143310547e+00,9.113821983337402344e+00,4.212061882019042969e+00,1.520042896270751953e+00,8.566664695739746094e+00,1.785984635353088379e-01,6.202686309814453125e+00,5.342348575592041016e+00,5.748124122619628906e+00,6.060682773590087891e+00,7.755477428436279297e+00,5.971514225006103516e+00,7.896407842636108398e-01,4.007848262786865234e+00,4.958011627197265625e+00
1.682804718017578125e+02,4.821976661682128906e+00,1.069500207901000977e+00,3.980916738510131836e+00,1.457784414291381836e+00,1.879007697105407715e+00,4.214323997497558594e+00,4.756455421447753906e+00,1.403962850570678711e+00,6.754825592041015625e+00,1.230505347251892090e+00,6.062904834747314453e+00,5.317227840423583984e+00,5.712323665618896484e+00,5.974115371704101562e+00,7.952467441558837891e+00,5.308415412902832031e+00,6.790601730346679688e+00,4.125596523284912109e+00,4.953936100006103516e+00
1.687812957763671875e+02,4.727192878723144531e+00,1.006292462348937988e+00,4.029939651489257812e+00,1.309955239295959473e+00,2.103470563888549805e+00,2.076594352722167969e+00,5.053833007812500000e+00,1.355371117591857910e+00,3.514363527297973633e+00,1.099117398262023926e+00,6.038343429565429688e+00,5.297464847564697266e+00,5.654765129089355469e+00,5.998378753662109375e+00,8.148144721984863281e+00,5.384848117828369141e+00,6.817596435546875000e+00,4.151726722717285156e+00,4.974241733551025391e+00
1.692821350097656250e+02,4.714669227600097656e+00,9.756956696510314941e-01,4.047985076904296875e+00,1.250378370285034180e+00,2.273015975952148438e+00,1.678241848945617676e+00,5.067701339721679688e+00,1.335063815116882324e+00,2.885040521621704102e+00,1.017782449722290039e+00,6.048028945922851562e+00,5.294012546539306641e+00,5.660012722015380859e+00,5.966986179351806641e+00,8.584281921386718750e+00,5.434812545776367188e+00,7.146784305572509766e+00,4.143113613128662109e+00,4.978490829467773438e+00
1.697829742431640625e+02,4.699658870697021484e+00,9.780429005622863770e-01,4.245265007019042969e+00,1.248860955238342285e+00,2.175102233886718750e+00,1.633562803268432617e+00,2.930452108383178711e+00,9.436404109001159668e-01,2.699421405792236328e+00,9.942565560340881348e-01,6.062328338623046875e+00,5.298188686370849609e+00,5.643492698669433594e+00,6.237541198730468750e+00,7.847882270812988281e+00,7.002932071685791016e+00,7.267364501953125000e+00,4.131657600402832031e+00,4.979901313781738281e+00
1.702838134765625000e+02,4.687778949737548828e+00,9.535065293312072754e-01,4.180212974548339844e+00,1.213398456573486328e+00,2.323859930038452148e+00,1.513077139854431152e+00,4.120056629180908203e+00,1.204695224761962891e+00,2.568630695343017578e+00,9.726819992065429688e-01,6.072054386138916016e+00,5.300817489624023438e+00,5.635298252105712891e+00,6.088565826416015625e+00,8.306861877441406250e+00,5.384850025177001953e+00,7.369583129882812500e+00,4.122322559356689453e+00,4.978293895721435547e+00
1.707846374511718750e+02,4.803811550140380859e+00,9.536262750625610352e-01,4.272653102874755859e+00,1.211779713630676270e+00,2.291450977325439453e+00,1.503279685974121094e+00,4.795728683471679688e+00,1.269005060195922852e+00,2.537724018096923828e+00,9.593182802200317383e-01,6.078255653381347656e+00,5.303627490997314453e+00,5.788933277130126953e+00,6.200006961822509766e+00,7.998434543609619141e+00,5.434553623199462891e+00,7.394519805908203125e+00,4.117570877075195312e+00,4.977341651916503906e+00
1.712854766845703125e+02,4.829213142395019531e+00,9.549241065979003906e-01,4.296684265136718750e+00,1.211440920829772949e+00,2.269300222396850586e+00,1.498295783996582031e+00,4.969865322113037109e+00,1.287898302078247070e+00,2.560779333114624023e+00,9.535596370697021484e-01,6.080235481262207031e+00,5.304689407348632812e+00,5.822825908660888672e+00,6.202684402465820312e+00,7.774073600769042969e+00,5.444021224975585938e+00,7.373400211334228516e+00,4.115657806396484375e+00,4.976344108581542969e+00
1.717863159179687500e+02,4.805997848510742188e+00,9.637413024902343750e-01,4.351733684539794922e+00,1.217451930046081543e+00,2.271121263504028320e+00,1.504286289215087891e+00,4.983269691467285156e+00,1.297020554542541504e+00,2.594671964645385742e+00,9.542028903961181641e-01,6.080327033996582031e+00,5.304633617401123047e+00,5.791807651519775391e+00,6.259120941162109375e+00,7.670859336853027344e+00,5.467366218566894531e+00,7.336333274841308594e+00,4.114740371704101562e+00,4.975501060485839844e+00
1.722871398925781250e+02,4.765010833740234375e+00,9.776936173439025879e-01,4.379793167114257812e+00,1.225678205490112305e+00,2.269871473312377930e+00,1.511040449142456055e+00,4.962526321411132812e+00,1.303063631057739258e+00,2.628478050231933594e+00,9.563019871711730957e-01,6.079985618591308594e+00,5.304145812988281250e+00,5.737798690795898438e+00,6.273669242858886719e+00,7.573159217834472656e+00,5.518655300140380859e+00,7.312688827514648438e+00,4.113361358642578125e+00,4.974778652191162109e+00
1.727879791259765625e+02,4.735712528228759766e+00,1.006040930747985840e+00,4.390909671783447266e+00,1.241336107254028320e+00,2.275701761245727539e+00,1.523938059806823730e+00,4.931565761566162109e+00,1.310777783393859863e+00,2.657317638397216797e+00,9.599152803421020508e-01,6.080472469329833984e+00,5.303782939910888672e+00,5.700262069702148438e+00,6.259623527526855469e+00,7.513702392578125000e+00,5.571751117706298828e+00,7.299213886260986328e+00,4.111060142517089844e+00,4.974153041839599609e+00
1.732888183593750000e+02,4.698177337646484375e+00,1.066526770591735840e+00,4.393651485443115234e+00,1.272570252418518066e+00,2.289810895919799805e+00,1.548570394515991211e+00,4.900527477264404297e+00,1.324384808540344238e+00,2.680648088455200195e+00,9.659067392349243164e-01,6.082112789154052734e+00,5.303699493408203125e+00,5.655736923217773438e+00,6.225941181182861328e+00,7.489349842071533203e+00,5.615373134613037109e+00,7.291288375854492188e+00,4.107680320739746094e+00,4.973457336425781250e+00
1.737896423339843750e+02,4.635741710662841797e+00,1.201614379882812500e+00,4.394385337829589844e+00,1.335108280181884766e+00,2.308667182922363281e+00,1.593703508377075195e+00,4.876348972320556641e+00,1.349639534950256348e+00,2.699641942977905273e+00,9.757695794105529785e-01,6.084843158721923828e+00,5.303940773010253906e+00,5.599524974822998047e+00,6.173090457916259766e+00,7.476697444915771484e+00,5.645310878753662109e+00,7.285875320434570312e+00,4.103287220001220703e+00,4.972627162933349609e+00
1.742904815673828125e+02,4.434402942657470703e+00,1.565503478050231934e+00,4.402847766876220703e+00,1.453383207321166992e+00,2.333261251449584961e+00,1.665004372596740723e+00,4.863246917724609375e+00,1.389420986175537109e+00,2.715505123138427734e+00,9.888231754302978516e-01,6.088416099548339844e+00,5.304479598999023438e+00,5.626908779144287109e+00,6.093101978302001953e+00,7.465296745300292969e+00,5.660353660583496094e+00,7.281541824340820312e+00,4.098130226135253906e+00,4.971683025360107422e+00
1.747913208007812500e+02,3.824739456176757812e+00,2.481547117233276367e+00,4.419320106506347656e+00,1.613992094993591309e+00,2.361031055450439453e+00,1.744358062744140625e+00,4.858759880065917969e+00,1.434187173843383789e+00,2.728396654129028320e+00,1.001356244087219238e+00,6.092519760131835938e+00,5.305222034454345703e+00,5.888003349304199219e+00,5.986600875854492188e+00,7.453656673431396484e+00,5.664844512939453125e+00,7.278282642364501953e+00,4.092536926269531250e+00,4.970677852630615234e+00
1.752921600341796875e+02,3.433235406875610352e+00,3.798047780990600586e+00,4.426681995391845703e+00,1.796274542808532715e+00,2.386240959167480469e+00,1.828683257102966309e+00,4.861092090606689453e+00,1.485187530517578125e+00,2.739366769790649414e+00,1.015780806541442871e+00,6.096962928771972656e+00,5.306123256683349609e+00,5.967939853668212891e+00,5.880718231201171875e+00,7.444086074829101562e+00,5.661351680755615234e+00,7.275634288787841797e+00,4.086683273315429688e+00,4.969624519348144531e+00
1.757929840087890625e+02,4.337428569793701172e+00,5.287019252777099609e+00,4.475695610046386719e+00,2.057507753372192383e+00,2.418935060501098633e+00,1.924856543540954590e+00,4.871688365936279297e+00,1.537314414978027344e+00,2.748754501342773438e+00,1.027395248413085938e+00,6.101508617401123047e+00,5.307094097137451172e+00,5.382067203521728516e+00,5.752017021179199219e+00,7.431650638580322266e+00,5.648918628692626953e+00,7.273557186126708984e+00,4.080827236175537109e+00,4.968575954437255859e+00
1.762938232421875000e+02,5.767956733703613281e+00,6.461948871612548828e+00,4.500918865203857422e+00,2.232917308807373047e+00,2.440803766250610352e+00,1.967687129974365234e+00,4.874782562255859375e+00,1.560179471969604492e+00,2.754661560058593750e+00,1.030669808387756348e+00,6.105958938598632812e+00,5.308064937591552734e+00,4.405649662017822266e+00,5.641362667083740234e+00,7.426016807556152344e+00,5.644209384918212891e+00,7.273495197296142578e+00,4.075186252593994141e+00,4.967593669891357422e+00
1.767946624755859375e+02,6.505463123321533203e+00,7.005664348602294922e+00,4.467888832092285156e+00,2.351951360702514648e+00,2.449316263198852539e+00,1.990179538726806641e+00,4.874706745147705078e+00,1.576355099678039551e+00,2.759218454360961914e+00,1.033898591995239258e+00,6.110331058502197266e+00,5.309048652648925781e+00,3.780094623565673828e+00,5.568912029266357422e+00,7.427016258239746094e+00,5.641403198242187500e+00,7.274052143096923828e+00,4.069700241088867188e+00,4.966631412506103516e+00
1.772954864501953125e+02,6.789731502532958984e+00,7.202968597412109375e+00,4.339470386505126953e+00,2.624141931533813477e+00,2.458843708038330078e+00,2.041018009185791016e+00,4.881649971008300781e+00,1.607354760169982910e+00,2.764337062835693359e+00,1.041031479835510254e+00,6.114601135253906250e+00,5.310036182403564453e+00,3.513497114181518555e+00,5.561843395233154297e+00,7.425949573516845703e+00,5.629525184631347656e+00,7.273958206176757812e+00,4.064369201660156250e+00,4.965684890747070312e+00
1.777963256835937500e+02,6.847856521606445312e+00,7.220357418060302734e+00,3.976146459579467773e+00,3.340637683868408203e+00,2.478085756301879883e+00,2.112459659576416016e+00,4.895218372344970703e+00,1.642669558525085449e+00,2.769526958465576172e+00,1.047307133674621582e+00,6.118676662445068359e+00,5.310995578765869141e+00,3.466746568679809570e+00,5.687842845916748047e+00,7.417679309844970703e+00,5.609395503997802734e+00,7.273573875427246094e+00,4.059302330017089844e+00,4.964790344238281250e+00
1.782971649169921875e+02,6.790727138519287109e+00,7.141060352325439453e+00,3.576227426528930664e+00,4.335612773895263672e+00,2.493744611740112305e+00,2.160104751586914062e+00,4.904380321502685547e+00,1.663692235946655273e+00,2.773390293121337891e+00,1.049663305282592773e+00,6.122509479522705078e+00,5.311895370483398438e+00,3.536872386932373047e+00,5.799838066101074219e+00,7.407305240631103516e+00,5.592445850372314453e+00,7.273821830749511719e+00,4.054558753967285156e+00,4.963956356048583984e+00
1.787980041503906250e+02,6.670736312866210938e+00,7.004785060882568359e+00,3.371018648147583008e+00,5.144444942474365234e+00,2.497187376022338867e+00,2.197732686996459961e+00,4.909491062164306641e+00,1.683312773704528809e+00,2.776692152023315430e+00,1.052912354469299316e+00,6.126129627227783203e+00,5.312753677368164062e+00,3.665735006332397461e+00,5.808611869812011719e+00,7.401698112487792969e+00,5.578290939331054688e+00,7.274074077606201172e+00,4.050081253051757812e+00,4.963168144226074219e+00
1.792988281250000000e+02,6.504580020904541016e+00,6.823277473449707031e+00,3.525022029876708984e+00,5.710468292236328125e+00,2.501890897750854492e+00,2.280753135681152344e+00,4.922073364257812500e+00,1.726743102073669434e+00,2.781206369400024414e+00,1.062099695205688477e+00,6.129573345184326172e+00,5.313581943511962891e+00,3.831096172332763672e+00,5.674754142761230469e+00,7.407128810882568359e+00,5.555580139160156250e+00,7.272921085357666016e+00,4.045819759368896484e+00,4.962406158447265625e+00
1.797996673583984375e+02,6.296783924102783203e+00,6.602691173553466797e+00,4.362070083618164062e+00,6.237585067749023438e+00,2.535883665084838867e+00,2.399738073348999023e+00,4.944742202758789062e+00,1.779569864273071289e+00,2.786323308944702148e+00,1.071018815040588379e+00,6.132797718048095703e+00,5.314363002777099609e+00,4.023317337036132812e+00,5.242530822753906250e+00,7.430047512054443359e+00,5.522132873535156250e+00,7.270546436309814453e+00,4.041834831237792969e+00,4.961700916290283203e+00
1.803005065917968750e+02,6.078979015350341797e+00,6.373595237731933594e+00,5.405414581298828125e+00,6.678545951843261719e+00,2.578406333923339844e+00,2.476615667343139648e+00,4.958259105682373047e+00,1.808983087539672852e+00,2.789578914642333984e+00,1.073751330375671387e+00,6.135766983032226562e+00,5.315073490142822266e+00,4.211051464080810547e+00,4.656742572784423828e+00,7.495151519775390625e+00,5.495716571807861328e+00,7.268545150756835938e+00,4.038172721862792969e+00,4.961059093475341797e+00
1.808013305664062500e+02,5.879866123199462891e+00,6.158095359802246094e+00,6.073801517486572266e+00,6.928955554962158203e+00,2.606378316879272461e+00,2.523050546646118164e+00,4.959348201751708984e+00,1.824448466300964355e+00,2.791502952575683594e+00,1.073926687240600586e+00,6.138520717620849609e+00,5.315725803375244141e+00,4.372169494628906250e+00,4.212612628936767578e+00,7.606717109680175781e+00,5.476112365722656250e+00,7.266960620880126953e+00,4.034780502319335938e+00,4.960466384887695312e+00
1.813021697998046875e+02,5.701912879943847656e+00,5.955268383026123047e+00,6.392428398132324219e+00,7.016779899597167969e+00,2.578540802001953125e+00,2.587306022644042969e+00,4.953686714172363281e+00,1.844175457954406738e+00,2.793716430664062500e+00,1.075263857841491699e+00,6.141092300415039062e+00,5.316344261169433594e+00,4.508968830108642578e+00,3.977632284164428711e+00,7.604970932006835938e+00,5.451850891113281250e+00,7.266077995300292969e+00,4.031612873077392578e+00,4.959916114807128906e+00
1.818030090332031250e+02,5.547738075256347656e+00,5.769443035125732422e+00,6.502874851226806641e+00,6.995602607727050781e+00,2.495178937911987305e+00,2.716542720794677734e+00,4.949190616607666016e+00,1.877012848854064941e+00,2.796826601028442383e+00,1.078933119773864746e+00,6.143498897552490234e+00,5.316920280456542969e+00,4.622720241546630859e+00,3.898828268051147461e+00,7.502118587493896484e+00,5.419092655181884766e+00,7.265193462371826172e+00,4.028648376464843750e+00,4.959396839141845703e+00
1.823038330078125000e+02,5.419311046600341797e+00,5.606344223022460938e+00,6.491545677185058594e+00,6.901152610778808594e+00,2.373225212097167969e+00,2.946993112564086914e+00,4.948646068572998047e+00,1.920489549636840820e+00,2.800706624984741211e+00,1.083861589431762695e+00,6.145742416381835938e+00,5.317456245422363281e+00,4.714515209197998047e+00,3.919920682907104492e+00,7.382572174072265625e+00,5.377831935882568359e+00,7.263981819152832031e+00,4.025887489318847656e+00,4.958910942077636719e+00
1.828046722412109375e+02,5.316156864166259766e+00,5.469163894653320312e+00,6.406918048858642578e+00,6.757568836212158203e+00,2.227065563201904297e+00,3.282885789871215820e+00,4.949009418487548828e+00,1.965802073478698730e+00,2.804754495620727539e+00,1.088262915611267090e+00,6.147820949554443359e+00,5.317958831787109375e+00,4.786533355712890625e+00,4.000022411346435547e+00,7.276915550231933594e+00,5.332509040832519531e+00,7.262563705444335938e+00,4.023329734802246094e+00,4.958465576171875000e+00
1.833055114746093750e+02,5.235929965972900391e+00,5.358211517333984375e+00,6.280236244201660156e+00,6.584143638610839844e+00,2.078401803970336914e+00,3.681907415390014648e+00,4.945388317108154297e+00,2.006618976593017578e+00,2.808347225189208984e+00,1.091246604919433594e+00,6.149743556976318359e+00,5.318419456481933594e+00,4.841613292694091797e+00,4.109964847564697266e+00,7.179163932800292969e+00,5.288792610168457031e+00,7.261044979095458984e+00,4.020967483520507812e+00,4.958052635192871094e+00
1.838063507080078125e+02,5.175133705139160156e+00,5.271293163299560547e+00,6.133172512054443359e+00,6.396698474884033203e+00,1.950288653373718262e+00,4.076310157775878906e+00,4.935287952423095703e+00,2.044671535491943359e+00,2.811271667480468750e+00,1.093336105346679688e+00,6.151522159576416016e+00,5.318845272064208984e+00,4.882869243621826172e+00,4.229979991912841797e+00,7.083807945251464844e+00,5.249853610992431641e+00,7.259325504302978516e+00,4.018783569335937500e+00,4.957673072814941406e+00
1.843071746826171875e+02,5.129866123199462891e+00,5.204717159271240234e+00,5.980870246887207031e+00,6.207818508148193359e+00,1.855139017105102539e+00,4.412351608276367188e+00,4.918230533599853516e+00,2.090030908584594727e+00,2.813750267028808594e+00,1.096068143844604492e+00,6.153168678283691406e+00,5.319237709045410156e+00,4.913348674774169922e+00,4.347760677337646484e+00,6.989346504211425781e+00,5.217129707336425781e+00,7.257036685943603516e+00,4.016764640808105469e+00,4.957319259643554688e+00
1.848080139160156250e+02,5.096514701843261719e+00,5.154445648193359375e+00,5.833561897277832031e+00,6.026839733123779297e+00,1.795861959457397461e+00,4.666308403015136719e+00,4.891201972961425781e+00,2.159211874008178711e+00,2.816222429275512695e+00,1.101192116737365723e+00,6.154697895050048828e+00,5.319608211517333984e+00,4.935690879821777344e+00,4.456384658813476562e+00,6.896855831146240234e+00,5.194372177124023438e+00,7.253725528717041016e+00,4.014889240264892578e+00,4.956995964050292969e+00
1.853088531494140625e+02,5.072018146514892578e+00,5.116725921630859375e+00,5.697543621063232422e+00,5.860002994537353516e+00,1.770746707916259766e+00,4.837606906890869141e+00,4.845033645629882812e+00,2.274213314056396484e+00,2.819129467010498047e+00,1.110108613967895508e+00,6.156120300292968750e+00,5.319954395294189453e+00,4.952049255371093750e+00,4.552654266357421875e+00,6.807567596435546875e+00,5.189855575561523438e+00,7.248920917510986328e+00,4.013145923614501953e+00,4.956689834594726562e+00
1.858096771240234375e+02,5.054008960723876953e+00,5.088474750518798828e+00,5.576210975646972656e+00,5.710879802703857422e+00,1.777254819869995117e+00,4.936476230621337891e+00,4.769764423370361328e+00,2.458512067794799805e+00,2.822738409042358398e+00,1.123390555381774902e+00,6.157438278198242188e+00,5.320274353027343750e+00,4.964053153991699219e+00,4.635623455047607422e+00,6.721973419189453125e+00,5.210680007934570312e+00,7.242280006408691406e+00,4.011528491973876953e+00,4.956402301788330078e+00
1.863105163574218750e+02,5.040708541870117188e+00,5.067265033721923828e+00,5.470666885375976562e+00,5.580714702606201172e+00,1.816743373870849609e+00,4.978476047515869141e+00,4.671467781066894531e+00,2.727525472640991211e+00,2.827053785324096680e+00,1.140710473060607910e+00,6.158659934997558594e+00,5.320577621459960938e+00,4.972908496856689453e+00,4.705783367156982422e+00,6.638235092163085938e+00,5.249885559082031250e+00,7.233638763427734375e+00,4.010031223297119141e+00,4.956140041351318359e+00
1.868113555908203125e+02,5.030782699584960938e+00,5.051209926605224609e+00,5.380188465118408203e+00,5.468797683715820312e+00,1.898047447204589844e+00,4.982799053192138672e+00,4.584159851074218750e+00,3.077603816986083984e+00,2.831829547882080078e+00,1.161358714103698730e+00,6.159787178039550781e+00,5.320858001708984375e+00,4.979515075683593750e+00,4.764565467834472656e+00,6.550874710083007812e+00,5.282348155975341797e+00,7.222933292388916016e+00,4.008649826049804688e+00,4.955893516540527344e+00
1.873121795654296875e+02,5.023272514343261719e+00,5.038911342620849609e+00,5.303176403045654297e+00,5.373353958129882812e+00,2.034812211990356445e+00,4.967728137969970703e+00,4.557745933532714844e+00,3.484752416610717773e+00,2.836801528930664062e+00,1.184795260429382324e+00,6.160824298858642578e+00,5.321111679077148438e+00,4.984514236450195312e+00,4.813684463500976562e+00,6.452540874481201172e+00,5.278224468231201172e+00,7.210111618041992188e+00,4.007380485534667969e+00,4.955667018890380859e+00
1.878130187988281250e+02,5.017514705657958984e+00,5.029383182525634766e+00,5.237966537475585938e+00,5.292485713958740234e+00,2.240184307098388672e+00,4.947941303253173828e+00,4.626151561737060547e+00,3.913675308227539062e+00,2.841742277145385742e+00,1.209909558296203613e+00,6.161775112152099609e+00,5.321352005004882812e+00,4.988346099853515625e+00,4.854662895202636719e+00,6.336561203002929688e+00,5.221603393554687500e+00,7.195088386535644531e+00,4.006217002868652344e+00,4.955462455749511719e+00
1.883138580322265625e+02,5.013057231903076172e+00,5.021947860717773438e+00,5.183274269104003906e+00,5.224738597869873047e+00,2.522922515869140625e+00,4.936141490936279297e+00,4.779884815216064453e+00,4.324363231658935547e+00,2.846066236495971680e+00,1.233936309814453125e+00,6.162642955780029297e+00,5.321566104888916016e+00,4.991313457489013672e+00,4.888625621795654297e+00,6.198143959045410156e+00,5.120874404907226562e+00,7.177924156188964844e+00,4.005161285400390625e+00,4.955276489257812500e+00
1.888146972656250000e+02,5.009611606597900391e+00,5.016169548034667969e+00,5.138307094573974609e+00,5.169199466705322266e+00,2.877092361450195312e+00,4.940783500671386719e+00,4.971811771392822266e+00,4.679303169250488281e+00,2.848754882812500000e+00,1.253406524658203125e+00,6.163426399230957031e+00,5.321756839752197266e+00,4.993607997894287109e+00,4.916285991668701172e+00,6.037548065185546875e+00,5.002937316894531250e+00,7.158905029296875000e+00,4.004207611083984375e+00,4.955112457275390625e+00
1.893155212402343750e+02,5.006979942321777344e+00,5.011744499206542969e+00,5.102411270141601562e+00,5.125053405761718750e+00,3.270316362380981445e+00,4.961550712585449219e+00,5.152931690216064453e+00,4.957534790039062500e+00,2.848893642425537109e+00,1.266143679618835449e+00,6.164133548736572266e+00,5.321926116943359375e+00,4.995360374450683594e+00,4.938203334808349609e+00,5.863923072814941406e+00,4.894625663757324219e+00,7.138156890869140625e+00,4.003349304199218750e+00,4.954962253570556641e+00
1.898163604736328125e+02,5.005010604858398438e+00,5.008430480957031250e+00,5.074693202972412109e+00,5.091117382049560547e+00,3.653548002243041992e+00,4.990390300750732422e+00,5.295922756195068359e+00,5.158085346221923828e+00,2.846033096313476562e+00,1.271754860877990723e+00,6.164771080017089844e+00,5.322081089019775391e+00,4.996671676635742188e+00,4.955031871795654297e+00,5.692893505096435547e+00,4.810815334320068359e+00,7.115516185760498047e+00,4.002579689025878906e+00,4.954834938049316406e+00
1.903171997070312500e+02,5.003565788269042969e+00,5.005998611450195312e+00,5.053894996643066406e+00,5.065750122070312500e+00,3.987981557846069336e+00,5.018764019012451172e+00,5.394062042236328125e+00,5.292075634002685547e+00,2.840146303176879883e+00,1.271140336990356445e+00,6.165347099304199219e+00,5.322216987609863281e+00,4.997634410858154297e+00,4.967607021331787109e+00,5.538475513458251953e+00,4.754868984222412109e+00,7.090538024902343750e+00,4.001886844635009766e+00,4.954720497131347656e+00
1.908180236816406250e+02,5.018246650695800781e+00,5.033644199371337891e+00,5.323621273040771484e+00,5.390272140502929688e+00,8.688608169555664062e+00,1.414624452590942383e+00,2.508415222167968750e+00,1.624122381210327148e+00,2.925757884979248047e+00,7.499469280242919922e+00,6.173592567443847656e+00,5.326389789581298828e+00,4.987835407257080078e+00,4.799594402313232422e+00,4.250628471374511719e+00,7.219470977783203125e+00,6.773852825164794922e+00,3.999271392822265625e+00,4.955351352691650391e+00
1.913188629150390625e+02,5.017471790313720703e+00,5.030685901641845703e+00,5.288592338562011719e+00,5.346033096313476562e+00,4.595315933227539062e+00,1.795431494712829590e+00,3.749429464340209961e+00,1.390170931816101074e+00,1.946459174156188965e+00,5.650656700134277344e+00,6.177513599395751953e+00,5.328207015991210938e+00,4.988332271575927734e+00,4.821198463439941406e+00,6.394080638885498047e+00,6.217761039733886719e+00,7.604165554046630859e+00,3.999501228332519531e+00,4.955782413482666016e+00
1.918197021484375000e+02,5.014887332916259766e+00,5.025846958160400391e+00,5.243886470794677734e+00,5.291494369506835938e+00,3.117039203643798828e+00,1.643781423568725586e+00,4.318699836730957031e+00,1.285388112068176270e+00,1.877335786819458008e+00,1.339178681373596191e+00,6.171703815460205078e+00,5.327314376831054688e+00,4.990061283111572266e+00,4.849594593048095703e+00,7.107527732849121094e+00,5.772955894470214844e+00,7.403702259063720703e+00,4.008800029754638672e+00,4.958025932312011719e+00
1.923205413818359375e+02,5.010026931762695312e+00,5.017300128936767578e+00,5.165359497070312500e+00,5.197159290313720703e+00,2.662475109100341797e+00,1.528495788574218750e+00,4.632083892822265625e+00,1.268348693847656250e+00,2.082150220870971680e+00,9.315141439437866211e-01,6.165416240692138672e+00,5.326095581054687500e+00,4.993312358856201172e+00,4.898795604705810547e+00,7.381926059722900391e+00,5.628593444824218750e+00,7.597538471221923828e+00,4.018591880798339844e+00,4.959081172943115234e+00
1.928213653564453125e+02,5.006435871124267578e+00,5.011050701141357422e+00,5.106739997863769531e+00,5.126822471618652344e+00,2.524233102798461914e+00,1.493212938308715820e+00,5.084550380706787109e+00,1.278285264968872070e+00,2.250093221664428711e+00,9.322183132171630859e-01,6.156540870666503906e+00,5.324591159820556641e+00,4.995712757110595703e+00,4.935078620910644531e+00,7.479670047760009766e+00,5.991088867187500000e+00,7.541309833526611328e+00,4.027963638305664062e+00,4.960124015808105469e+00
1.933222045898437500e+02,5.004915237426757812e+00,5.008471965789794922e+00,5.083828449249267578e+00,5.100725650787353516e+00,2.483283281326293945e+00,1.481580138206481934e+00,4.857155799865722656e+00,1.283369898796081543e+00,2.377663612365722656e+00,9.377136826515197754e-01,6.146944046020507812e+00,5.323363780975341797e+00,4.996726512908935547e+00,4.949167728424072266e+00,7.516291618347167969e+00,5.576525688171386719e+00,7.501560688018798828e+00,4.037747383117675781e+00,4.962249755859375000e+00
1.938230438232421875e+02,5.003848552703857422e+00,5.006663799285888672e+00,5.067485809326171875e+00,5.082037925720214844e+00,2.468083858489990234e+00,1.477864384651184082e+00,4.828194618225097656e+00,1.285251617431640625e+00,2.464881420135498047e+00,9.415246844291687012e-01,6.138349056243896484e+00,5.320981502532958984e+00,4.997438907623291016e+00,4.959168910980224609e+00,7.518455028533935547e+00,5.500752449035644531e+00,7.449794292449951172e+00,4.046871662139892578e+00,4.963538646697998047e+00
1.943238677978515625e+02,5.003197669982910156e+00,5.005572319030761719e+00,5.057783126831054688e+00,5.071119308471679688e+00,2.459458589553833008e+00,1.476704120635986328e+00,4.859687328338623047e+00,1.285951256752014160e+00,2.524538516998291016e+00,9.440627098083496094e-01,6.131150722503662109e+00,5.318612098693847656e+00,4.997872352600097656e+00,4.965085506439208984e+00,7.505171298980712891e+00,5.530813694000244141e+00,7.397180557250976562e+00,4.054287433624267578e+00,4.964590549468994141e+00
1.948247070312500000e+02,5.002718448638916016e+00,5.004759788513183594e+00,5.050225734710693359e+00,5.062253952026367188e+00,2.451323986053466797e+00,1.476356506347656250e+00,4.890764236450195312e+00,1.286213874816894531e+00,2.568731307983398438e+00,9.457572102546691895e-01,6.125494956970214844e+00,5.316458702087402344e+00,4.998192310333251953e+00,4.969682216644287109e+00,7.481765747070312500e+00,5.569324016571044922e+00,7.357056617736816406e+00,4.059591293334960938e+00,4.965293884277343750e+00
1.953255462646484375e+02,5.002307891845703125e+00,5.004054069519042969e+00,5.043387889862060547e+00,5.054040431976318359e+00,2.448270320892333984e+00,1.476294755935668945e+00,4.914881229400634766e+00,1.286333084106445312e+00,2.603674650192260742e+00,9.469285607337951660e-01,6.121437072753906250e+00,5.314723491668701172e+00,4.998466968536376953e+00,4.973831653594970703e+00,7.472643375396728516e+00,5.601674079895019531e+00,7.330211639404296875e+00,4.062845230102539062e+00,4.965713024139404297e+00
1.958263702392578125e+02,5.001927375793457031e+00,5.003399848937988281e+00,5.036886692047119141e+00,5.046205997467041016e+00,2.462419748306274414e+00,1.476467967033386230e+00,4.933657646179199219e+00,1.286481857299804688e+00,2.633076667785644531e+00,9.478216171264648438e-01,6.118927478790283203e+00,5.313454627990722656e+00,4.998720645904541016e+00,4.977769851684570312e+00,7.523077964782714844e+00,5.627823829650878906e+00,7.315490245819091797e+00,4.064317226409912109e+00,4.965888023376464844e+00
1.963272094726562500e+02,5.001581668853759766e+00,5.002799034118652344e+00,5.030737400054931641e+00,5.038705348968505859e+00,2.484923124313354492e+00,1.477125048637390137e+00,4.948661327362060547e+00,1.286860942840576172e+00,2.657672166824340820e+00,9.486420750617980957e-01,6.117818355560302734e+00,5.312635421752929688e+00,4.998951911926269531e+00,4.981488227844238281e+00,7.602843284606933594e+00,5.649009227752685547e+00,7.306680202484130859e+00,4.064345359802246094e+00,4.965860843658447266e+00
1.968280487060546875e+02,5.001278877258300781e+00,5.002267360687255859e+00,5.025157928466796875e+00,5.031817913055419922e+00,2.512318611145019531e+00,1.478982806205749512e+00,4.956302165985107422e+00,1.287842273712158203e+00,2.678554296493530273e+00,9.496298432350158691e-01,6.117868900299072266e+00,5.312187671661376953e+00,4.999154090881347656e+00,4.984856605529785156e+00,7.700488090515136719e+00,5.659957885742187500e+00,7.301521778106689453e+00,4.063219547271728516e+00,4.965651035308837891e+00
1.973288879394531250e+02,5.001023292541503906e+00,5.001817703247070312e+00,5.020341873168945312e+00,5.025815963745117188e+00,2.539543390274047852e+00,1.483775496482849121e+00,4.957898616790771484e+00,1.290235996246337891e+00,2.696574687957763672e+00,9.511312842369079590e-01,6.118829250335693359e+00,5.312041282653808594e+00,4.999324798583984375e+00,4.987761497497558594e+00,7.799579620361328125e+00,5.661867618560791016e+00,7.298666477203369141e+00,4.061210155487060547e+00,4.965291976928710938e+00
1.978297119140625000e+02,5.000818252563476562e+00,5.001453399658203125e+00,5.016362667083740234e+00,5.020803451538085938e+00,2.568740129470825195e+00,1.495103001594543457e+00,4.956059932708740234e+00,1.295588612556457520e+00,2.712228059768676758e+00,9.536312818527221680e-01,6.120479106903076172e+00,5.312134742736816406e+00,4.999461650848388672e+00,4.990159034729003906e+00,7.910880565643310547e+00,5.657249450683593750e+00,7.296686649322509766e+00,4.058539867401123047e+00,4.964812755584716797e+00
1.983305511474609375e+02,5.000666618347167969e+00,5.001180171966552734e+00,5.013272762298583984e+00,5.016809463500976562e+00,2.628933429718017578e+00,1.516914010047912598e+00,4.952866554260253906e+00,1.305177927017211914e+00,2.725497961044311523e+00,9.571679234504699707e-01,6.122624397277832031e+00,5.312420368194580078e+00,4.999563217163085938e+00,4.992020130157470703e+00,8.142585754394531250e+00,5.648021697998046875e+00,7.293570518493652344e+00,4.055407047271728516e+00,4.964260578155517578e+00
1.988313903808593750e+02,5.003800392150878906e+00,5.004491806030273438e+00,2.328151226043701172e+00,7.209645509719848633e-01,2.660583257675170898e+00,8.644532203674316406e+00,6.299974918365478516e+00,3.643310308456420898e+00,2.891750097274780273e+00,1.581949949264526367e+00,6.130450725555419922e+00,5.315495967864990234e+00,4.997577190399169922e+00,7.376782417297363281e+00,7.394543170928955078e+00,4.884703636169433594e+00,7.142386436462402344e+00,4.044685363769531250e+00,4.961389064788818359e+00
1.993322143554687500e+02,5.002732753753662109e+00,5.003440856933593750e+00,3.929903507232666016e+00,1.237182855606079102e+00,5.111677646636962891e-01,3.281344413757324219e+00,7.251929759979248047e+00,7.616389274597167969e+00,3.055928707122802734e+00,2.306676626205444336e+00,6.141309261322021484e+00,5.318058967590332031e+00,4.998248100280761719e+00,6.125306606292724609e+00,8.736847877502441406e+00,2.984602689743041992e+00,6.842221736907958984e+00,4.035553455352783203e+00,4.957853317260742188e+00
1.998330535888671875e+02,5.002284049987792969e+00,5.002933979034423828e+00,4.385229110717773438e+00,1.287461519241333008e+00,1.845975399017333984e+00,1.729457497596740723e+00,4.002232074737548828e+00,7.002550125122070312e+00,3.126716136932373047e+00,2.298946380615234375e+00,6.143625736236572266e+00,5.318448066711425781e+00,4.998535633087158203e+00,6.054220199584960938e+00,7.852966785430908203e+00,6.339700698852539062e+00,6.993298530578613281e+00,4.033753395080566406e+00,4.957982063293457031e+00
2.003338928222656250e+02,5.001953125000000000e+00,5.002545356750488281e+00,4.467628955841064453e+00,1.244312763214111328e+00,2.172319889068603516e+00,1.584364533424377441e+00,3.660756349563598633e+00,2.012021541595458984e+00,2.916260480880737305e+00,1.562888026237487793e+00,6.143290519714355469e+00,5.317365646362304688e+00,4.998747825622558594e+00,6.027807712554931641e+00,7.638956546783447266e+00,6.500991821289062500e+00,7.586197853088378906e+00,4.040104389190673828e+00,4.960913658142089844e+00
2.008347320556640625e+02,5.001798152923583984e+00,5.002329826354980469e+00,7.229722976684570312e+00,9.787368774414062500e-01,2.131289482116699219e+00,1.618738651275634766e+00,3.948059082031250000e+00,1.641827464103698730e+00,2.763268947601318359e+00,1.555306315422058105e+00,6.148448467254638672e+00,5.318772792816162109e+00,4.998849868774414062e+00,5.405598163604736328e+00,7.644509315490722656e+00,6.333263397216796875e+00,7.735422134399414062e+00,4.040163993835449219e+00,4.961176395416259766e+00
2.013355560302734375e+02,5.001240730285644531e+00,5.001612186431884766e+00,5.195652961730957031e+00,1.286473274230957031e+00,2.193330049514770508e+00,1.546970367431640625e+00,4.112664699554443359e+00,1.452179789543151855e+00,3.054675340652465820e+00,1.344676256179809570e+00,6.150477409362792969e+00,5.319038391113281250e+00,4.999207973480224609e+00,5.988046646118164062e+00,7.604117393493652344e+00,6.267518043518066406e+00,9.481249809265136719e+00,4.043280601501464844e+00,4.961623668670654297e+00
2.018363952636718750e+02,5.000931262969970703e+00,5.001214981079101562e+00,4.633483409881591797e+00,1.230215072631835938e+00,2.252990484237670898e+00,1.511078357696533203e+00,4.191184520721435547e+00,1.358598828315734863e+00,2.529844760894775391e+00,1.154189109802246094e+00,6.149263381958007812e+00,5.317899703979492188e+00,4.999406814575195312e+00,5.993207931518554688e+00,7.566404819488525391e+00,6.128817558288574219e+00,7.947757244110107422e+00,4.047909259796142578e+00,4.961337566375732422e+00
2.023372344970703125e+02,5.000687599182128906e+00,5.000901699066162109e+00,4.496211051940917969e+00,1.210116863250732422e+00,2.291747331619262695e+00,1.490599632263183594e+00,4.243273258209228516e+00,1.310214400291442871e+00,2.434208869934082031e+00,1.031321644783020020e+00,6.144983768463134766e+00,5.318139553070068359e+00,4.999564170837402344e+00,5.978724956512451172e+00,7.546537876129150391e+00,5.976354122161865234e+00,7.732100009918212891e+00,4.053904533386230469e+00,4.962943553924560547e+00
2.028380584716796875e+02,5.000506877899169922e+00,5.000669956207275391e+00,4.444584846496582031e+00,1.201805233955383301e+00,2.315819501876831055e+00,1.478625297546386719e+00,4.319820404052734375e+00,1.288498520851135254e+00,2.365467309951782227e+00,9.713822603225708008e-01,6.139208793640136719e+00,5.318836688995361328e+00,4.999680995941162109e+00,5.946403980255126953e+00,7.530558586120605469e+00,5.899819374084472656e+00,7.462445259094238281e+00,4.061606884002685547e+00,4.965528488159179688e+00
2.033388977050781250e+02,5.000372409820556641e+00,5.000494003295898438e+00,4.424139976501464844e+00,1.198367476463317871e+00,2.332577705383300781e+00,1.473738074302673340e+00,4.395442008972167969e+00,1.281586170196533203e+00,2.371272325515747070e+00,9.507375359535217285e-01,6.132280349731445312e+00,5.318482875823974609e+00,4.999768257141113281e+00,5.926512241363525391e+00,7.515157222747802734e+00,5.852243423461914062e+00,7.389941692352294922e+00,4.070464134216308594e+00,4.967622280120849609e+00
2.038397369384765625e+02,5.000267982482910156e+00,5.000356674194335938e+00,4.438045024871826172e+00,1.197439312934875488e+00,2.346117258071899414e+00,1.473050355911254883e+00,4.464199542999267578e+00,1.281112790107727051e+00,2.396057844161987305e+00,9.468400478363037109e-01,6.125100135803222656e+00,5.317698478698730469e+00,4.999835491180419922e+00,5.949904441833496094e+00,7.503404617309570312e+00,5.821314334869384766e+00,7.354610443115234375e+00,4.080282211303710938e+00,4.969743251800537109e+00
2.043405609130859375e+02,5.000226497650146484e+00,5.000299453735351562e+00,4.450966835021972656e+00,1.197395324707031250e+00,2.358327627182006836e+00,1.473535299301147461e+00,4.507503986358642578e+00,1.282057046890258789e+00,2.438569545745849609e+00,9.468459486961364746e-01,6.114230632781982422e+00,5.314349174499511719e+00,4.999862194061279297e+00,5.969858169555664062e+00,7.498028278350830078e+00,5.774620056152343750e+00,7.375699043273925781e+00,4.087914943695068359e+00,4.969777584075927734e+00
2.048414001464843750e+02,5.000195503234863281e+00,5.000256538391113281e+00,4.533453464508056641e+00,1.197373151779174805e+00,2.366602182388305664e+00,1.473878979682922363e+00,4.551008701324462891e+00,1.282762885093688965e+00,2.474100112915039062e+00,9.470427036285400391e-01,6.105114936828613281e+00,5.312986373901367188e+00,4.999882698059082031e+00,6.093942642211914062e+00,7.486786842346191406e+00,5.748187065124511719e+00,7.376353263854980469e+00,4.096120357513427734e+00,4.971787929534912109e+00
2.053422393798828125e+02,5.000164985656738281e+00,5.000216007232666016e+00,4.568958282470703125e+00,1.197369098663330078e+00,2.374146461486816406e+00,1.474155783653259277e+00,4.596170902252197266e+00,1.283312678337097168e+00,2.505246877670288086e+00,9.473361372947692871e-01,6.097144603729248047e+00,5.311804771423339844e+00,4.999902248382568359e+00,6.147332191467285156e+00,7.479443550109863281e+00,5.739102363586425781e+00,7.369971275329589844e+00,4.103698730468750000e+00,4.973861694335937500e+00
2.058430786132812500e+02,5.000136852264404297e+00,5.000179767608642578e+00,4.593270778656005859e+00,1.197391271591186523e+00,2.381181478500366211e+00,1.474381923675537109e+00,4.634637832641601562e+00,1.283747792243957520e+00,2.532606363296508789e+00,9.476469755172729492e-01,6.090330600738525391e+00,5.310163021087646484e+00,4.999919414520263672e+00,6.183876991271972656e+00,7.475370883941650391e+00,5.731354713439941406e+00,7.360115051269531250e+00,4.110099315643310547e+00,4.975221157073974609e+00
2.063439025878906250e+02,5.000113010406494141e+00,5.000148296356201172e+00,4.603817939758300781e+00,1.197503089904785156e+00,2.387823343276977539e+00,1.474607825279235840e+00,4.665798187255859375e+00,1.284128546714782715e+00,2.556923151016235352e+00,9.479755163192749023e-01,6.084763526916503906e+00,5.308419227600097656e+00,4.999935626983642578e+00,6.199743747711181641e+00,7.473945140838623047e+00,5.721846103668212891e+00,7.349406719207763672e+00,4.115034103393554688e+00,4.976062774658203125e+00
2.068447418212890625e+02,5.000092983245849609e+00,5.000121593475341797e+00,4.597432136535644531e+00,1.198011159896850586e+00,2.393906354904174805e+00,1.474930286407470703e+00,4.691714763641357422e+00,1.284534454345703125e+00,2.578724145889282227e+00,9.483686089515686035e-01,6.080511093139648438e+00,5.306827545166015625e+00,4.999948501586914062e+00,6.190259456634521484e+00,7.473761558532714844e+00,5.711956024169921875e+00,7.339040279388427734e+00,4.118398189544677734e+00,4.976546764373779297e+00
2.073455810546875000e+02,5.000076293945312500e+00,5.000099182128906250e+00,4.579270839691162109e+00,1.200299620628356934e+00,2.399260759353637695e+00,1.475657820701599121e+00,4.713893890380859375e+00,1.285177588462829590e+00,2.598397493362426758e+00,9.489813446998596191e-01,6.077586650848388672e+00,5.305496215820312500e+00,4.999959945678710938e+00,6.163671970367431641e+00,7.473444938659667969e+00,5.702458858489990234e+00,7.329406261444091797e+00,4.120202064514160156e+00,4.976726531982421875e+00
2.078464050292968750e+02,5.000061988830566406e+00,5.000081062316894531e+00,4.546251773834228516e+00,1.210399031639099121e+00,2.404202461242675781e+00,1.477809071540832520e+00,4.733309745788574219e+00,1.286666274070739746e+00,2.616308927536010742e+00,9.502310752868652344e-01,6.075958251953125000e+00,5.304471015930175781e+00,4.999968528747558594e+00,6.117986679077148438e+00,7.472997665405273438e+00,5.693266391754150391e+00,7.320535182952880859e+00,4.120528697967529297e+00,4.976642608642578125e+00
2.083472442626953125e+02,5.000050544738769531e+00,5.000065803527832031e+00,4.493165969848632812e+00,1.250664114952087402e+00,2.409500598907470703e+00,1.484331607818603516e+00,4.751558303833007812e+00,1.290633916854858398e+00,2.632926702499389648e+00,9.530910253524780273e-01,6.075551509857177734e+00,5.303783416748046875e+00,4.999976158142089844e+00,6.057015895843505859e+00,7.472671031951904297e+00,5.684438705444335938e+00,7.312281608581542969e+00,4.119488716125488281e+00,4.976323604583740234e+00
2.088480834960937500e+02,5.000041007995605469e+00,5.000053405761718750e+00,4.395903587341308594e+00,1.393706798553466797e+00,2.416558742523193359e+00,1.501801252365112305e+00,4.771432876586914062e+00,1.300313711166381836e+00,2.648811578750610352e+00,9.589775204658508301e-01,6.076270580291748047e+00,5.303424358367919922e+00,4.999982833862304688e+00,6.004499912261962891e+00,7.471669197082519531e+00,5.676265716552734375e+00,7.304338455200195312e+00,4.117217063903808594e+00,4.975786685943603516e+00
2.093489074707031250e+02,5.000033378601074219e+00,5.000042915344238281e+00,4.090533256530761719e+00,1.844038367271423340e+00,2.427150011062622070e+00,1.536059856414794922e+00,4.795615196228027344e+00,1.317289710044860840e+00,2.664037942886352539e+00,9.670068621635437012e-01,6.077950000762939453e+00,5.303360939025878906e+00,4.999987602233886719e+00,6.070039749145507812e+00,7.468585968017578125e+00,5.669601917266845703e+00,7.296655178070068359e+00,4.113924026489257812e+00,4.975074768066406250e+00
2.098497467041015625e+02,5.000026702880859375e+00,5.000034809112548828e+00,3.460689306259155273e+00,2.837561607360839844e+00,2.438591003417968750e+00,1.574558496475219727e+00,4.822414875030517578e+00,1.334313392639160156e+00,2.677662134170532227e+00,9.727502465248107910e-01,6.080363273620605469e+00,5.303530216217041016e+00,4.999990940093994141e+00,6.265892028808593750e+00,7.463140010833740234e+00,5.667730331420898438e+00,7.289832115173339844e+00,4.109910011291503906e+00,4.974269866943359375e+00
2.103505859375000000e+02,5.000021934509277344e+00,5.000028610229492188e+00,3.088225603103637695e+00,4.082828521728515625e+00,2.445756435394287109e+00,1.609758853912353516e+00,4.848932743072509766e+00,1.351102232933044434e+00,2.690127134323120117e+00,9.790914654731750488e-01,6.083424091339111328e+00,5.303920745849609375e+00,4.999994754791259766e+00,6.271343231201171875e+00,7.453274250030517578e+00,5.669682502746582031e+00,7.283646106719970703e+00,4.105277061462402344e+00,4.973373413085937500e+00
2.108514251708984375e+02,5.000018119812011719e+00,5.000022411346435547e+00,4.168963432312011719e+00,5.547120571136474609e+00,2.462538003921508789e+00,1.687042355537414551e+00,4.880106449127197266e+00,1.385784029960632324e+00,2.703588008880615234e+00,9.902233481407165527e-01,6.087064266204833984e+00,5.304541587829589844e+00,4.999997138977050781e+00,5.555853843688964844e+00,7.439422130584716797e+00,5.661889553070068359e+00,7.278198719024658203e+00,4.100086688995361328e+00,4.972393512725830078e+00
2.113522491455078125e+02,5.000014781951904297e+00,5.000019073486328125e+00,6.030960559844970703e+00,6.791242122650146484e+00,2.486892223358154297e+00,1.739687204360961914e+00,4.906296253204345703e+00,1.403906941413879395e+00,2.714648723602294922e+00,9.917642474174499512e-01,6.090883731842041016e+00,5.305205821990966797e+00,4.999999523162841797e+00,4.216413021087646484e+00,7.466028690338134766e+00,5.660276889801025391e+00,7.276384353637695312e+00,4.094772338867187500e+00,4.971419334411621094e+00
2.118530883789062500e+02,5.000012397766113281e+00,5.000015258789062500e+00,6.900645256042480469e+00,7.358214855194091797e+00,2.504623889923095703e+00,1.741202592849731445e+00,4.921862125396728516e+00,1.401584744453430176e+00,2.723418474197387695e+00,9.875319004058837891e-01,6.094880580902099609e+00,5.305943489074707031e+00,5.000000476837158203e+00,3.370838165283203125e+00,7.520292758941650391e+00,5.668046474456787109e+00,7.277025699615478516e+00,4.089370727539062500e+00,4.970461845397949219e+00
2.123539276123046875e+02,5.000010490417480469e+00,5.000012874603271484e+00,7.227448940277099609e+00,7.577596187591552734e+00,2.524659872055053711e+00,1.726791620254516602e+00,4.929448604583740234e+00,1.393545269966125488e+00,2.731287240982055664e+00,9.824684262275695801e-01,6.099040031433105469e+00,5.306756019592285156e+00,5.000001907348632812e+00,3.015531539916992188e+00,7.598510265350341797e+00,5.672928333282470703e+00,7.278532028198242188e+00,4.083873748779296875e+00,4.969490528106689453e+00
2.128547515869140625e+02,5.000009536743164062e+00,5.000010967254638672e+00,7.315335273742675781e+00,7.627045154571533203e+00,2.549139022827148438e+00,1.708842873573303223e+00,4.932735919952392578e+00,1.384731292724609375e+00,2.738698482513427734e+00,9.779463410377502441e-01,6.103295803070068359e+00,5.307623386383056641e+00,5.000002861022949219e+00,2.932054519653320312e+00,7.697196483612060547e+00,5.674437046051025391e+00,7.280427932739257812e+00,4.078342437744140625e+00,4.968510150909423828e+00
2.133555908203125000e+02,5.000008106231689453e+00,5.000010013580322266e+00,7.274649620056152344e+00,7.574776172637939453e+00,2.576703548431396484e+00,1.692232131958007812e+00,4.933164596557617188e+00,1.377235889434814453e+00,2.745785713195800781e+00,9.744615554809570312e-01,6.107578277587890625e+00,5.308534622192382812e+00,5.000002861022949219e+00,3.001681566238403320e+00,7.809380054473876953e+00,5.672502517700195312e+00,7.282411098480224609e+00,4.072842121124267578e+00,4.967538833618164062e+00
2.138564300537109375e+02,5.000007629394531250e+00,5.000008583068847656e+00,7.153241157531738281e+00,7.451211929321289062e+00,2.606678724288940430e+00,1.681164264678955078e+00,4.932125568389892578e+00,1.373006463050842285e+00,2.752552509307861328e+00,9.724174141883850098e-01,6.111831188201904297e+00,5.309466361999511719e+00,5.000004291534423828e+00,3.160691738128662109e+00,7.934022426605224609e+00,5.667568683624267578e+00,7.283997535705566406e+00,4.067432403564453125e+00,4.966578483581542969e+00
2.143572692871093750e+02,5.000007152557373047e+00,5.000008106231689453e+00,6.986411094665527344e+00,7.278297424316406250e+00,2.660131692886352539e+00,1.680469393730163574e+00,4.934926509857177734e+00,1.374071359634399414e+00,2.758603572845458984e+00,9.720581769943237305e-01,6.116002082824707031e+00,5.310406684875488281e+00,5.000004291534423828e+00,3.358989000320434570e+00,8.150462150573730469e+00,5.665485858917236328e+00,7.283656597137451172e+00,4.062161445617675781e+00,4.965642452239990234e+00
2.148580932617187500e+02,5.000006198883056641e+00,5.000007629394531250e+00,6.789285659790039062e+00,7.067390918731689453e+00,2.685631036758422852e+00,1.698651313781738281e+00,4.932572364807128906e+00,1.383525490760803223e+00,2.764577865600585938e+00,9.737656712532043457e-01,6.120056629180908203e+00,5.311340332031250000e+00,5.000004291534423828e+00,3.574987888336181641e+00,8.285345077514648438e+00,5.651798725128173828e+00,7.282763004302978516e+00,4.057063579559326172e+00,4.964734077453613281e+00
2.153589324951171875e+02,5.000006198883056641e+00,5.000007152557373047e+00,6.558613777160644531e+00,6.822631359100341797e+00,2.599308967590332031e+00,1.755046725273132324e+00,4.926424980163574219e+00,1.409036278724670410e+00,2.771409273147583008e+00,9.789946675300598145e-01,6.123975753784179688e+00,5.312263488769531250e+00,5.000004768371582031e+00,3.806779623031616211e+00,8.053887367248535156e+00,5.623594284057617188e+00,7.282840251922607422e+00,4.052159786224365234e+00,4.963860511779785156e+00
2.158597717285156250e+02,5.000005722045898438e+00,5.000006198883056641e+00,6.313276290893554688e+00,6.557624340057373047e+00,2.505970716476440430e+00,1.877819180488586426e+00,4.924390792846679688e+00,1.457018733024597168e+00,2.779065370559692383e+00,9.880955815315246582e-01,6.127735137939453125e+00,5.313164710998535156e+00,5.000004768371582031e+00,4.032853126525878906e+00,7.861855030059814453e+00,5.586257457733154297e+00,7.283029556274414062e+00,4.047473430633544922e+00,4.963019847869873047e+00
2.163605957031250000e+02,5.000005722045898438e+00,5.000006198883056641e+00,6.071423530578613281e+00,6.289976596832275391e+00,2.385071277618408203e+00,2.123426437377929688e+00,4.931499481201171875e+00,1.530549168586730957e+00,2.787522077560424805e+00,1.000117301940917969e+00,6.131309032440185547e+00,5.314029693603515625e+00,5.000005245208740234e+00,4.238339424133300781e+00,7.714336395263671875e+00,5.538671970367431641e+00,7.282882213592529297e+00,4.043033123016357422e+00,4.962216377258300781e+00
2.168614349365234375e+02,5.000005722045898438e+00,5.000005722045898438e+00,5.848830699920654297e+00,6.036913871765136719e+00,2.206264257431030273e+00,2.562735080718994141e+00,4.947238445281982422e+00,1.617631912231445312e+00,2.796171426773071289e+00,1.011802554130554199e+00,6.134669780731201172e+00,5.314849853515625000e+00,5.000005245208740234e+00,4.414445400238037109e+00,7.599446773529052734e+00,5.481395721435546875e+00,7.282435417175292969e+00,4.038876056671142578e+00,4.961474418640136719e+00
2.173622741699218750e+02,5.000005722045898438e+00,5.000005722045898438e+00,5.656795501708984375e+00,5.812839508056640625e+00,1.988957762718200684e+00,3.186938285827636719e+00,4.960746288299560547e+00,1.695486068725585938e+00,2.803876638412475586e+00,1.020023584365844727e+00,6.137791156768798828e+00,5.315610408782958984e+00,5.000005245208740234e+00,4.557713985443115234e+00,7.504246234893798828e+00,5.423970699310302734e+00,7.282206058502197266e+00,4.035027027130126953e+00,4.960789680480957031e+00
2.178630981445312500e+02,5.000005722045898438e+00,5.000005722045898438e+00,5.499959468841552734e+00,5.625536918640136719e+00,1.798150777816772461e+00,3.852406024932861328e+00,4.962737083435058594e+00,1.754159569740295410e+00,2.810056686401367188e+00,1.024576663970947266e+00,6.140681266784667969e+00,5.316309452056884766e+00,5.000005245208740234e+00,4.669492244720458984e+00,7.407480239868164062e+00,5.373946666717529297e+00,7.282450199127197266e+00,4.031476497650146484e+00,4.960163593292236328e+00
2.183639373779296875e+02,5.000005245208740234e+00,5.000005722045898438e+00,5.376651763916015625e+00,5.475345134735107422e+00,1.666015028953552246e+00,4.413766384124755859e+00,4.953363418579101562e+00,1.801946878433227539e+00,2.815013170242309570e+00,1.027333021163940430e+00,6.143356323242187500e+00,5.316964149475097656e+00,5.000005245208740234e+00,4.754411697387695312e+00,7.300862312316894531e+00,5.330074787139892578e+00,7.282897472381591797e+00,4.028198719024658203e+00,4.959589958190917969e+00
2.188647766113281250e+02,5.000005245208740234e+00,5.000005245208740234e+00,5.281896591186523438e+00,5.358078479766845703e+00,1.589465737342834473e+00,4.823486328125000000e+00,4.936224937438964844e+00,1.854876518249511719e+00,2.819341182708740234e+00,1.030478000640869141e+00,6.145838260650634766e+00,5.317570686340332031e+00,5.000005245208740234e+00,4.818046092987060547e+00,7.186527252197265625e+00,5.289036750793457031e+00,7.283091545104980469e+00,4.025166988372802734e+00,4.959059715270996094e+00
2.193656158447265625e+02,5.000005245208740234e+00,5.000005245208740234e+00,5.210048675537109375e+00,5.268039226531982422e+00,1.559826135635375977e+00,5.096330642700195312e+00,4.911288738250732422e+00,1.932858467102050781e+00,2.823596239089965820e+00,1.035839200019836426e+00,6.148136615753173828e+00,5.318139553070068359e+00,5.000005245208740234e+00,4.865421772003173828e+00,7.067780017852783203e+00,5.252189159393310547e+00,7.282619953155517578e+00,4.022359371185302734e+00,4.958566188812255859e+00
2.198664398193359375e+02,5.000005245208740234e+00,5.000005245208740234e+00,5.155978679656982422e+00,5.199623584747314453e+00,1.571024537086486816e+00,5.261132717132568359e+00,4.866990089416503906e+00,2.063482761383056641e+00,2.828231096267700195e+00,1.044740080833435059e+00,6.150263309478759766e+00,5.318665027618408203e+00,5.000005245208740234e+00,4.900606632232666016e+00,6.947490215301513672e+00,5.231453418731689453e+00,7.281115055084228516e+00,4.019765377044677734e+00,4.958106994628906250e+00
2.203672790527343750e+02,5.000005245208740234e+00,5.000005245208740234e+00,5.115474700927734375e+00,5.147996902465820312e+00,1.620431661605834961e+00,5.343152046203613281e+00,4.782988548278808594e+00,2.282543182373046875e+00,2.833544969558715820e+00,1.057730913162231445e+00,6.152229309082031250e+00,5.319160938262939453e+00,5.000005245208740234e+00,4.926711082458496094e+00,6.827754974365234375e+00,5.243772983551025391e+00,7.278306961059570312e+00,4.017371654510498047e+00,4.957685947418212891e+00
2.208681182861328125e+02,5.000005245208740234e+00,5.000005245208740234e+00,5.085155963897705078e+00,5.109155178070068359e+00,1.715457439422607422e+00,5.367395401000976562e+00,4.661030292510986328e+00,2.620362520217895508e+00,2.839576721191406250e+00,1.074404954910278320e+00,6.154036521911621094e+00,5.319616794586181641e+00,5.000005245208740234e+00,4.946115016937255859e+00,6.705820560455322266e+00,5.283794403076171875e+00,7.274063110351562500e+00,4.015169620513916016e+00,4.957295894622802734e+00
2.213689422607421875e+02,5.000005245208740234e+00,5.000005245208740234e+00,5.062376499176025391e+00,5.079887390136718750e+00,1.879562020301818848e+00,5.361146450042724609e+00,4.553601264953613281e+00,3.075620174407958984e+00,2.846072435379028320e+00,1.093759536743164062e+00,6.155689716339111328e+00,5.320034027099609375e+00,5.000005245208740234e+00,4.960618972778320312e+00,6.571640491485595703e+00,5.310906410217285156e+00,7.268440246582031250e+00,4.013158798217773438e+00,4.956934928894042969e+00
2.218697814941406250e+02,5.000005245208740234e+00,5.000005245208740234e+00,5.045163631439208984e+00,5.057756900787353516e+00,2.146080732345581055e+00,5.349239349365234375e+00,4.537423133850097656e+00,3.605132341384887695e+00,2.852698326110839844e+00,1.114761948585510254e+00,6.157199859619140625e+00,5.320419311523437500e+00,5.000005245208740234e+00,4.971536159515380859e+00,6.411585330963134766e+00,5.280438899993896484e+00,7.261535644531250000e+00,4.011325836181640625e+00,4.956612586975097656e+00
2.223706207275390625e+02,5.000005245208740234e+00,5.000005245208740234e+00,5.032151699066162109e+00,5.041057109832763672e+00,2.536513566970825195e+00,5.347537040710449219e+00,4.649716377258300781e+00,4.142405033111572266e+00,2.859075307846069336e+00,1.135661244392395020e+00,6.158568859100341797e+00,5.320766925811767578e+00,5.000005245208740234e+00,4.979764938354492188e+00,6.217021942138671875e+00,5.180317401885986328e+00,7.253422260284423828e+00,4.009665489196777344e+00,4.956319808959960938e+00
2.228714599609375000e+02,5.000005245208740234e+00,5.000005245208740234e+00,5.022457122802734375e+00,5.028658390045166016e+00,3.023816585540771484e+00,5.357175827026367188e+00,4.859535217285156250e+00,4.623651981353759766e+00,2.864454746246337891e+00,1.153488397598266602e+00,6.159802436828613281e+00,5.321079254150390625e+00,5.000005245208740234e+00,4.985881328582763672e+00,5.995339870452880859e+00,5.034959316253662109e+00,7.244376182556152344e+00,4.008172035217285156e+00,4.956057548522949219e+00
2.233722839355468750e+02,5.000005245208740234e+00,5.000005245208740234e+00,5.015428066253662109e+00,5.019700527191162109e+00,3.523106098175048828e+00,5.366528034210205078e+00,5.101177692413330078e+00,5.010129451751708984e+00,2.867915391921997070e+00,1.165570735931396484e+00,6.160910606384277344e+00,5.321354389190673828e+00,5.000005245208740234e+00,4.990309715270996094e+00,5.772066593170166016e+00,4.881922721862792969e+00,7.234709262847900391e+00,4.006834983825683594e+00,4.955821990966796875e+00
2.238731231689453125e+02,5.000005245208740234e+00,5.000005245208740234e+00,5.010474681854248047e+00,5.013400554656982422e+00,3.952108383178710938e+00,5.363598823547363281e+00,5.317697525024414062e+00,5.291850090026855469e+00,2.868893861770629883e+00,1.170930624008178711e+00,6.161902904510498047e+00,5.321603775024414062e+00,5.000005245208740234e+00,4.993426322937011719e+00,5.574150562286376953e+00,4.751343727111816406e+00,7.224454879760742188e+00,4.005643844604492188e+00,4.955620765686035156e+00
2.243739624023437500e+02,5.000005245208740234e+00,5.000005245208740234e+00,5.007057666778564453e+00,5.009055137634277344e+00,4.279989242553710938e+00,5.345211982727050781e+00,5.478994846343994141e+00,5.477613925933837891e+00,2.867329597473144531e+00,1.170282721519470215e+00,6.162791252136230469e+00,5.321821212768554688e+00,5.000005245208740234e+00,4.995574474334716797e+00,5.414628505706787109e+00,4.658751010894775391e+00,7.213210582733154297e+00,4.004578113555908203e+00,4.955441951751708984e+00
2.248747863769531250e+02,5.000005245208740234e+00,5.000005245208740234e+00,5.004733085632324219e+00,5.006094932556152344e+00,4.515152454376220703e+00,5.314813613891601562e+00,5.578549385070800781e+00,5.584189891815185547e+00,2.863456487655639648e+00,1.165099740028381348e+00,6.163589477539062500e+00,5.322014808654785156e+00,5.000005245208740234e+00,4.997035026550292969e+00,5.293459415435791016e+00,4.606676578521728516e+00,7.200365066528320312e+00,4.003622055053710938e+00,4.955278396606445312e+00
2.253756256103515625e+02,5.000005245208740234e+00,5.000005245208740234e+00,5.003167152404785156e+00,5.004095077514648438e+00,4.678811073303222656e+00,5.278028964996337891e+00,5.623405933380126953e+00,5.630062103271484375e+00,2.857560396194458008e+00,1.156917810440063477e+00,6.164307117462158203e+00,5.322193145751953125e+00,5.000005245208740234e+00,4.998018741607666016e+00,5.204464435577392578e+00,4.589519023895263672e+00,7.185253620147705078e+00,4.002763748168945312e+00,4.955136775970458984e+00
2.258764648437500000e+02,5.000005245208740234e+00,5.000005245208740234e+00,5.002117633819580078e+00,5.002751350402832031e+00,4.791159629821777344e+00,5.239863872528076172e+00,5.625786781311035156e+00,5.632306575775146484e+00,2.849852561950683594e+00,1.147006154060363770e+00,6.164954662322998047e+00,5.322351455688476562e+00,5.000005245208740234e+00,4.998677730560302734e+00,5.140319347381591797e+00,4.598398685455322266e+00,7.167202472686767578e+00,4.001992225646972656e+00,4.955006599426269531e+00
2.263772888183593750e+02,5.000005245208740234e+00,5.000005245208740234e+00,5.001417160034179688e+00,5.001850128173828125e+00,4.867895126342773438e+00,5.203774929046630859e+00,5.598416805267333984e+00,5.605338096618652344e+00,2.840456008911132812e+00,1.136320948600769043e+00,6.165539741516113281e+00,5.322491168975830078e+00,5.000005245208740234e+00,4.999118804931640625e+00,5.094541549682617188e+00,4.624330043792724609e+00,7.145611763000488281e+00,4.001295089721679688e+00,4.954888820648193359e+00
2.268781280517578125e+02,5.000005245208740234e+00,5.000005245208740234e+00,5.000950336456298828e+00,5.001247882843017578e+00,4.920252323150634766e+00,5.171679496765136719e+00,5.552620887756347656e+00,5.560787677764892578e+00,2.829422473907470703e+00,1.125554442405700684e+00,6.166064262390136719e+00,5.322623252868652344e+00,5.000005245208740234e+00,4.999411582946777344e+00,5.062031745910644531e+00,4.659659862518310547e+00,7.119980812072753906e+00,4.000669479370117188e+00,4.954784870147705078e+00
2.273789672851562500e+02,5.000005245208740234e+00,5.000005245208740234e+00,5.000639438629150391e+00,5.000844478607177734e+00,4.955883979797363281e+00,5.144246578216552734e+00,5.497552394866943359e+00,5.507595062255859375e+00,2.816732406616210938e+00,1.115235805511474609e+00,6.166538715362548828e+00,5.322740077972412109e+00,5.000005245208740234e+00,4.999606609344482422e+00,5.039057731628417969e+00,4.698579311370849609e+00,7.089884757995605469e+00,4.000102996826171875e+00,4.954689979553222656e+00
2.278798065185546875e+02,5.000005245208740234e+00,5.000005245208740234e+00,5.000432014465332031e+00,5.000575065612792969e+00,4.980026721954345703e+00,5.121400833129882812e+00,5.439990043640136719e+00,5.452156543731689453e+00,2.802323341369628906e+00,1.105882048606872559e+00,6.166966438293457031e+00,5.322844982147216797e+00,5.000005245208740234e+00,4.999737262725830078e+00,5.022907257080078125e+00,4.737124443054199219e+00,7.055076122283935547e+00,3.999594926834106445e+00,4.954603672027587891e+00
2.283806304931640625e+02,5.000005245208740234e+00,5.000005245208740234e+00,5.000293731689453125e+00,5.000394344329833984e+00,4.996212482452392578e+00,5.102648735046386719e+00,5.384465694427490234e+00,5.398662090301513672e+00,2.786071538925170898e+00,1.098177433013916016e+00,6.167349338531494141e+00,5.322939395904541016e+00,5.000005245208740234e+00,4.999824047088623047e+00,5.011654376983642578e+00,4.772910594940185547e+00,7.015514850616455078e+00,3.999135732650756836e+00,4.954523086547851562e+00
2.288814697265625000e+02,5.000005245208740234e+00,5.000005245208740234e+00,5.000201225280761719e+00,5.000272750854492188e+00,5.006871223449707031e+00,5.087357521057128906e+00,5.333585739135742188e+00,5.349469184875488281e+00,2.767789602279663086e+00,1.093211770057678223e+00,6.167695999145507812e+00,5.323028087615966797e+00,5.000005245208740234e+00,4.999882698059082031e+00,5.003911495208740234e+00,4.804774761199951172e+00,6.971467971801757812e+00,3.998723268508911133e+00,4.954454898834228516e+00
2.293823089599609375e+02,5.000005245208740234e+00,5.000005245208740234e+00,5.000139236450195312e+00,5.000190734863281250e+00,5.013642787933349609e+00,5.074862480163574219e+00,5.288485050201416016e+00,5.305577278137207031e+00,2.747183799743652344e+00,1.092723131179809570e+00,6.168008804321289062e+00,5.323108196258544922e+00,5.000005245208740234e+00,4.999921321868896484e+00,4.998701572418212891e+00,4.832400321960449219e+00,6.923506736755371094e+00,3.998351335525512695e+00,4.954391479492187500e+00
2.298831329345703125e+02,5.000005245208740234e+00,5.000005245208740234e+00,8.421309471130371094e+00,1.065524816513061523e+00,1.115699052810668945e+00,1.568613409996032715e+00,7.827490806579589844e+00,8.329698562622070312e+00,3.149360895156860352e+00,2.465439558029174805e+00,6.169239997863769531e+00,5.323553085327148438e+00,5.000005245208740234e+00,4.521841049194335938e+00,8.078262329101562500e+00,1.990988969802856445e+00,6.757397174835205078e+00,3.997674465179443359e+00,4.954257011413574219e+00
2.303839721679687500e+02,5.000005245208740234e+00,5.000005245208740234e+00,5.593631744384765625e+00,1.342686533927917480e+00,1.788838863372802734e+00,1.782783627510070801e+00,3.869162082672119141e+00,7.928794860839843750e+00,4.235105514526367188e+00,8.350102424621582031e+00,6.171389579772949219e+00,5.324432373046875000e+00,5.000005245208740234e+00,5.924359798431396484e+00,7.883835315704345703e+00,6.158016204833984375e+00,5.648325920104980469e+00,3.995639085769653320e+00,4.953698635101318359e+00
2.308848114013671875e+02,5.000005245208740234e+00,5.000005245208740234e+00,4.744940757751464844e+00,1.278979659080505371e+00,2.055940628051757812e+00,1.676903128623962402e+00,3.610430002212524414e+00,2.811810970306396484e+00,3.222897052764892578e+00,8.789410591125488281e+00,6.172270774841308594e+00,5.324646949768066406e+00,5.000005245208740234e+00,6.004392147064208984e+00,7.732361316680908203e+00,6.530965328216552734e+00,6.428380489349365234e+00,3.995832681655883789e+00,4.953754901885986328e+00
2.313856353759765625e+02,5.000005245208740234e+00,5.000005245208740234e+00,4.539641380310058594e+00,1.257722973823547363e+00,2.180112600326538086e+00,1.627674102783203125e+00,3.860929965972900391e+00,1.871558308601379395e+00,2.171446561813354492e+00,8.154023170471191406e+00,6.173062324523925781e+00,5.324816226959228516e+00,5.000005245208740234e+00,5.997527599334716797e+00,7.649627685546875000e+00,6.413618564605712891e+00,7.161332607269287109e+00,3.996491432189941406e+00,4.953824996948242188e+00
2.318864746093750000e+02,5.000005245208740234e+00,5.000005245208740234e+00,4.474490165710449219e+00,1.281892180442810059e+00,2.253470897674560547e+00,1.675286054611206055e+00,4.087034225463867188e+00,1.792866110801696777e+00,2.123018741607666016e+00,6.318393707275390625e+00,6.174301624298095703e+00,5.325307369232177734e+00,5.000005245208740234e+00,5.961811542510986328e+00,7.599263191223144531e+00,6.158601760864257812e+00,7.367424488067626953e+00,3.996809720993041992e+00,4.953714847564697266e+00
2.323873138427734375e+02,5.000005245208740234e+00,5.000005245208740234e+00,4.443208694458007812e+00,1.271049261093139648e+00,2.287190914154052734e+00,1.621193289756774902e+00,4.185893058776855469e+00,1.558531522750854492e+00,2.253420114517211914e+00,2.516932725906372070e+00,6.173040390014648438e+00,5.325073242187500000e+00,5.000005245208740234e+00,5.936364173889160156e+00,7.573967456817626953e+00,6.018155097961425781e+00,7.523134708404541016e+00,3.999905347824096680e+00,4.954522609710693359e+00
2.328881530761718750e+02,5.000005245208740234e+00,5.000005245208740234e+00,4.438646316528320312e+00,1.234593033790588379e+00,2.307833909988403320e+00,1.535038232803344727e+00,4.263347148895263672e+00,1.376664519309997559e+00,2.345970153808593750e+00,1.358077287673950195e+00,6.170995712280273438e+00,5.324946880340576172e+00,5.000005245208740234e+00,5.942651748657226562e+00,7.563328742980957031e+00,5.960733890533447266e+00,8.090638160705566406e+00,4.003774642944335938e+00,4.955698013305664062e+00
2.333889770507812500e+02,5.000005245208740234e+00,5.000005245208740234e+00,4.388908386230468750e+00,1.212293028831481934e+00,2.326155424118041992e+00,1.493534803390502930e+00,4.330682277679443359e+00,1.307418346405029297e+00,2.331709384918212891e+00,1.037777066230773926e+00,6.167939186096191406e+00,5.324041843414306641e+00,5.000005245208740234e+00,5.873698711395263672e+00,7.554504871368408203e+00,5.889507770538330078e+00,7.850061416625976562e+00,4.006823062896728516e+00,4.955927371978759766e+00
2.338898162841796875e+02,5.000005245208740234e+00,5.000005245208740234e+00,4.492964744567871094e+00,1.202160477638244629e+00,2.338131666183471680e+00,1.478277802467346191e+00,4.389825344085693359e+00,1.286635398864746094e+00,2.299908399581909180e+00,9.606376886367797852e-01,6.165197849273681641e+00,5.323647022247314453e+00,5.000005245208740234e+00,6.032450199127197266e+00,7.529928684234619141e+00,5.824290752410888672e+00,7.475440979003906250e+00,4.010118961334228516e+00,4.956566810607910156e+00
2.343906555175781250e+02,5.000005245208740234e+00,5.000005245208740234e+00,4.522694110870361328e+00,1.198231697082519531e+00,2.348500013351440430e+00,1.473934292793273926e+00,4.455928802490234375e+00,1.282040476799011230e+00,2.333976030349731445e+00,9.458274841308593750e-01,6.162418842315673828e+00,5.323192119598388672e+00,5.000005245208740234e+00,6.077756881713867188e+00,7.509482860565185547e+00,5.795026302337646484e+00,7.371837615966796875e+00,4.013509273529052734e+00,4.957199573516845703e+00
2.348914794921875000e+02,5.000005245208740234e+00,5.000005245208740234e+00,4.523370742797851562e+00,1.198192119598388672e+00,2.360639810562133789e+00,1.474185943603515625e+00,4.508010864257812500e+00,1.282727599143981934e+00,2.391072034835815430e+00,9.460847377777099609e-01,6.158953666687011719e+00,5.322342872619628906e+00,5.000005245208740234e+00,6.078841686248779297e+00,7.504799365997314453e+00,5.765133380889892578e+00,7.377962589263916016e+00,4.016426086425781250e+00,4.957515716552734375e+00
2.353923187255859375e+02,5.000005245208740234e+00,5.000005245208740234e+00,4.658298969268798828e+00,1.316533923149108887e+00,2.367307662963867188e+00,1.558699369430541992e+00,4.640061378479003906e+00,1.367023825645446777e+00,1.403237581253051758e+00,6.902496814727783203e-01,6.167112350463867188e+00,5.331339836120605469e+00,5.000005245208740234e+00,6.277665138244628906e+00,7.457773685455322266e+00,5.815211772918701172e+00,8.136670112609863281e+00,4.030412197113037109e+00,4.965322971343994141e+00
2.358931579589843750e+02,5.000005245208740234e+00,5.000005245208740234e+00,4.603331565856933594e+00,1.234155297279357910e+00,2.374816179275512695e+00,1.493004560470581055e+00,4.664911746978759766e+00,1.300111889839172363e+00,2.302705526351928711e+00,8.778390884399414062e-01,6.142569541931152344e+00,5.326681137084960938e+00,5.000005245208740234e+00,6.203482627868652344e+00,7.473332881927490234e+00,5.824033737182617188e+00,7.531477451324462891e+00,4.051542282104492188e+00,4.964209556579589844e+00
2.363939971923828125e+02,5.000005245208740234e+00,5.000005245208740234e+00,4.556707859039306641e+00,1.249145150184631348e+00,2.386023759841918945e+00,1.493718028068542480e+00,4.696783542633056641e+00,1.299420475959777832e+00,2.594771862030029297e+00,9.348170161247253418e-01,6.120236396789550781e+00,5.319563388824462891e+00,5.000005245208740234e+00,6.142401695251464844e+00,7.482970237731933594e+00,5.807011604309082031e+00,7.351832389831542969e+00,4.070805549621582031e+00,4.965856552124023438e+00
2.368948211669921875e+02,5.000005245208740234e+00,5.000005245208740234e+00,4.468169689178466797e+00,1.341087222099304199e+00,2.397743225097656250e+00,1.514658093452453613e+00,4.729882240295410156e+00,1.313805580139160156e+00,2.691523075103759766e+00,9.547842144966125488e-01,6.106745719909667969e+00,5.313820838928222656e+00,5.000005245208740234e+00,6.053686141967773438e+00,7.486865043640136719e+00,5.789090633392333984e+00,7.295104503631591797e+00,4.081883907318115234e+00,4.967760562896728516e+00
2.373956604003906250e+02,5.000005245208740234e+00,5.000005245208740234e+00,4.221944332122802734e+00,1.710694909095764160e+00,2.413825750350952148e+00,1.569105267524719238e+00,4.768785476684570312e+00,1.346736669540405273e+00,2.726149320602416992e+00,9.688226580619812012e-01,6.100572586059570312e+00,5.310330390930175781e+00,5.000005245208740234e+00,6.050479888916015625e+00,7.480613708496093750e+00,5.769101142883300781e+00,7.276580333709716797e+00,4.086057186126708984e+00,4.968889713287353516e+00
2.378964996337890625e+02,5.000005245208740234e+00,5.000005245208740234e+00,3.533989667892456055e+00,2.752087354660034180e+00,2.439127206802368164e+00,1.642994999885559082e+00,4.805297851562500000e+00,1.383621692657470703e+00,2.740771055221557617e+00,9.787118434906005859e-01,6.099077701568603516e+00,5.308586120605468750e+00,5.000005245208740234e+00,6.251603603363037109e+00,7.486589431762695312e+00,5.742621421813964844e+00,7.270961284637451172e+00,4.085786342620849609e+00,4.969206809997558594e+00
2.383973236083984375e+02,5.000005245208740234e+00,5.000005245208740234e+00,3.005797863006591797e+00,4.170031547546386719e+00,2.461350202560424805e+00,1.703840970993041992e+00,4.837984561920166016e+00,1.414718031883239746e+00,2.748953104019165039e+00,9.876615405082702637e-01,6.100399017333984375e+00,5.308026313781738281e+00,5.000005245208740234e+00,6.293490409851074219e+00,7.510162353515625000e+00,5.725296974182128906e+00,7.270090579986572266e+00,4.082879543304443359e+00,4.968947410583496094e+00
2.388981628417968750e+02,5.000005245208740234e+00,5.000005245208740234e+00,3.944658517837524414e+00,5.648530960083007812e+00,2.498998641967773438e+00,1.828368663787841797e+00,4.879874229431152344e+00,1.476175546646118164e+00,2.757359266281127930e+00,1.002199172973632812e+00,6.103391170501708984e+00,5.308233261108398438e+00,5.000005245208740234e+00,5.642544269561767578e+00,7.542523384094238281e+00,5.695372581481933594e+00,7.269296646118164062e+00,4.078419685363769531e+00,4.968300819396972656e+00
2.393990020751953125e+02,5.000005245208740234e+00,5.000005245208740234e+00,6.005163192749023438e+00,6.914322376251220703e+00,2.544214963912963867e+00,1.908130049705505371e+00,4.909118175506591797e+00,1.502552747726440430e+00,2.762752771377563477e+00,1.004206180572509766e+00,6.107048034667968750e+00,5.308776855468750000e+00,5.000005245208740234e+00,4.226922512054443359e+00,7.593184471130371094e+00,5.671732425689697266e+00,7.270757198333740234e+00,4.073466300964355469e+00,4.967530250549316406e+00
2.398998260498046875e+02,5.000005245208740234e+00,5.000005245208740234e+00,6.909687995910644531e+00,7.445719718933105469e+00,2.569885730743408203e+00,1.903712749481201172e+00,4.917284011840820312e+00,1.493159651756286621e+00,2.765839576721191406e+00,9.994566440582275391e-01,6.111007213592529297e+00,5.309507846832275391e+00,5.000005245208740234e+00,3.373391866683959961e+00,7.670694351196289062e+00,5.664337158203125000e+00,7.273864269256591797e+00,4.068331718444824219e+00,4.966697216033935547e+00
2.404006652832031250e+02,5.000005245208740234e+00,5.000005245208740234e+00,7.222396373748779297e+00,7.627819061279296875e+00,2.590645074844360352e+00,1.879692554473876953e+00,4.918712139129638672e+00,1.477472424507141113e+00,2.768635988235473633e+00,9.941418766975402832e-01,6.115079402923583984e+00,5.310356140136718750e+00,5.000005245208740234e+00,3.041966199874877930e+00,7.759708404541015625e+00,5.659871101379394531e+00,7.277034759521484375e+00,4.063167572021484375e+00,4.965831756591796875e+00
2.409015045166015625e+02,5.000005245208740234e+00,5.000005245208740234e+00,7.293958663940429688e+00,7.647317886352539062e+00,2.615149021148681641e+00,1.857070326805114746e+00,4.918897628784179688e+00,1.464713215827941895e+00,2.771551609039306641e+00,9.900954961776733398e-01,6.119126319885253906e+00,5.311249256134033203e+00,5.000005245208740234e+00,2.978516340255737305e+00,7.873205661773681641e+00,5.655591964721679688e+00,7.279446125030517578e+00,4.058096408843994141e+00,4.964963912963867188e+00
2.414023437500000000e+02,5.000005245208740234e+00,5.000005245208740234e+00,7.252147674560546875e+00,7.575762271881103516e+00,2.673295497894287109e+00,1.845409870147705078e+00,4.923725605010986328e+00,1.458846926689147949e+00,2.774240255355834961e+00,9.879434108734130859e-01,6.123058319091796875e+00,5.312153339385986328e+00,5.000005245208740234e+00,3.046087980270385742e+00,8.118759155273437500e+00,5.655807018280029297e+00,7.279523849487304688e+00,4.053201198577880859e+00,4.964114665985107422e+00
2.419031677246093750e+02,5.000005245208740234e+00,5.000005245208740234e+00,7.133965015411376953e+00,7.436658859252929688e+00,2.690798282623291016e+00,1.855716466903686523e+00,4.922906875610351562e+00,1.464001059532165527e+00,2.777567625045776367e+00,9.883040189743041992e-01,6.126826763153076172e+00,5.313038349151611328e+00,5.000005245208740234e+00,3.196917533874511719e+00,8.239430427551269531e+00,5.643033981323242188e+00,7.279362678527832031e+00,4.048524856567382812e+00,4.963293075561523438e+00
2.424040069580078125e+02,5.000005245208740234e+00,5.000005245208740234e+00,6.948395729064941406e+00,7.239743709564208984e+00,2.606144666671752930e+00,1.906850457191467285e+00,4.919150352478027344e+00,1.487468838691711426e+00,2.782174825668334961e+00,9.924014210700988770e-01,6.130414962768554688e+00,5.313903808593750000e+00,5.000005245208740234e+00,3.410646200180053711e+00,8.027722358703613281e+00,5.616354465484619141e+00,7.279974460601806641e+00,4.044085502624511719e+00,4.962509632110595703e+00
2.429048461914062500e+02,5.000005245208740234e+00,5.000005245208740234e+00,6.717971801757812500e+00,6.997442722320556641e+00,2.508706808090209961e+00,2.028953552246093750e+00,4.919092655181884766e+00,1.534636974334716797e+00,2.787966251373291016e+00,1.000341773033142090e+00,6.133806705474853516e+00,5.314730167388916016e+00,5.000005245208740234e+00,3.653715848922729492e+00,7.841154575347900391e+00,5.579059600830078125e+00,7.280582904815673828e+00,4.039898872375488281e+00,4.961762428283691406e+00
2.434056701660156250e+02,5.000005245208740234e+00,5.000005245208740234e+00,6.463300704956054688e+00,6.725839614868164062e+00,2.380466222763061523e+00,2.278686761856079102e+00,4.927562236785888672e+00,1.605428338050842285e+00,2.794788599014282227e+00,1.010825872421264648e+00,6.136984825134277344e+00,5.315510272979736328e+00,5.000005245208740234e+00,3.899542093276977539e+00,7.695153713226318359e+00,5.530013561248779297e+00,7.280807495117187500e+00,4.035980224609375000e+00,4.961057662963867188e+00
2.439065093994140625e+02,5.000005245208740234e+00,5.000005245208740234e+00,6.205685615539550781e+00,6.444248676300048828e+00,2.199295520782470703e+00,2.713529825210571289e+00,4.942746162414550781e+00,1.685708999633789062e+00,2.801923274993896484e+00,1.020791172981262207e+00,6.139937400817871094e+00,5.316239356994628906e+00,5.000005245208740234e+00,4.127615928649902344e+00,7.579194068908691406e+00,5.471877098083496094e+00,7.280735492706298828e+00,4.032349586486816406e+00,4.960412502288818359e+00
2.444073486328125000e+02,5.000005245208740234e+00,5.000005245208740234e+00,6.554156780242919922e+00,6.811960220336914062e+00,1.621873617172241211e+00,6.802617073059082031e+00,5.048557758331298828e+00,2.529439687728881836e+00,1.376417517662048340e+00,7.810904383659362793e-01,6.155217647552490234e+00,5.326313018798828125e+00,5.000005245208740234e+00,3.826478242874145508e+00,7.824119567871093750e+00,5.405482292175292969e+00,8.178966522216796875e+00,4.038958549499511719e+00,4.966577529907226562e+00
2.449081878662109375e+02,5.000005245208740234e+00,5.000005245208740234e+00,6.144295215606689453e+00,6.374162197113037109e+00,1.569427251815795898e+00,6.338819026947021484e+00,4.943940162658691406e+00,2.313604831695556641e+00,2.338110685348510742e+00,9.096665978431701660e-01,6.135776996612548828e+00,5.323016166687011719e+00,5.000005245208740234e+00,4.183411598205566406e+00,7.636060237884521484e+00,5.431210994720458984e+00,7.530550003051757812e+00,4.054249286651611328e+00,4.964361190795898438e+00
2.454090118408203125e+02,5.000005245208740234e+00,5.000005245208740234e+00,5.893522262573242188e+00,6.093434810638427734e+00,1.591183900833129883e+00,6.364456653594970703e+00,4.778760910034179688e+00,2.603813171386718750e+00,2.670679807662963867e+00,9.662292003631591797e-01,6.117618560791015625e+00,5.317105293273925781e+00,5.000005245208740234e+00,4.382644176483154297e+00,7.474651813507080078e+00,5.512234687805175781e+00,7.342934608459472656e+00,4.068827629089355469e+00,4.965105056762695312e+00
2.459098510742187500e+02,5.000005245208740234e+00,5.000005245208740234e+00,5.692639827728271484e+00,5.861094951629638672e+00,1.629049181938171387e+00,6.416717052459716797e+00,4.557576179504394531e+00,3.080180406570434570e+00,2.787023782730102539e+00,9.856419563293457031e-01,6.107685565948486328e+00,5.312380313873291016e+00,5.000005245208740234e+00,4.532856464385986328e+00,7.308334350585937500e+00,5.612698078155517578e+00,7.283902645111083984e+00,4.076009750366210938e+00,4.966348171234130859e+00
2.464106903076171875e+02,5.000005245208740234e+00,5.000005245208740234e+00,5.529743194580078125e+00,5.667355537414550781e+00,1.696076035499572754e+00,6.443499088287353516e+00,4.360581398010253906e+00,3.667528390884399414e+00,2.829131364822387695e+00,9.955428242683410645e-01,6.104546070098876953e+00,5.309745788574218750e+00,5.000005245208740234e+00,4.649219512939453125e+00,7.137141227722167969e+00,5.666831970214843750e+00,7.266585350036621094e+00,4.076933860778808594e+00,4.966958522796630859e+00
2.469115142822265625e+02,5.000005245208740234e+00,5.000005245208740234e+00,5.399379730224609375e+00,5.508650302886962891e+00,1.823202252388000488e+00,6.450547218322753906e+00,4.282012939453125000e+00,4.286386966705322266e+00,2.845811128616333008e+00,1.003092646598815918e+00,6.105697154998779297e+00,5.308791160583496094e+00,5.000005245208740234e+00,4.739189624786376953e+00,6.951936721801757812e+00,5.623684883117675781e+00,7.263076782226562500e+00,4.073930740356445312e+00,4.966857433319091797e+00
2.474123535156250000e+02,5.000005245208740234e+00,5.000005245208740234e+00,5.296515941619873047e+00,5.381009578704833984e+00,2.036963224411010742e+00,6.443793296813964844e+00,4.403361320495605469e+00,4.890120983123779297e+00,2.853996276855468750e+00,1.010932922363281250e+00,6.109238147735595703e+00,5.308930397033691406e+00,5.000005245208740234e+00,4.808372497558593750e+00,6.745331287384033203e+00,5.449151992797851562e+00,7.263942241668701172e+00,4.068794250488281250e+00,4.966265201568603516e+00
2.479131927490234375e+02,5.000005245208740234e+00,5.000005245208740234e+00,5.216328144073486328e+00,5.280045509338378906e+00,2.382930278778076172e+00,6.435492515563964844e+00,4.744235038757324219e+00,5.451874732971191406e+00,2.859461784362792969e+00,1.019266366958618164e+00,6.113934993743896484e+00,5.309685707092285156e+00,5.000005245208740234e+00,4.861280441284179688e+00,6.502748489379882812e+00,5.138381958007812500e+00,7.265945911407470703e+00,4.062701702117919922e+00,4.965393543243408203e+00
2.484140167236328125e+02,5.000005245208740234e+00,5.000005245208740234e+00,5.154704093933105469e+00,5.201725006103515625e+00,2.948097705841064453e+00,6.453174591064453125e+00,5.200964450836181641e+00,5.927928447723388672e+00,2.863881349563598633e+00,1.026973247528076172e+00,6.119032382965087891e+00,5.310739994049072266e+00,5.000005245208740234e+00,4.901367187500000000e+00,6.191983222961425781e+00,4.754931926727294922e+00,7.268164157867431641e+00,4.056372642517089844e+00,4.964405059814453125e+00
2.489148559570312500e+02,5.000005245208740234e+00,5.000005245208740234e+00,5.108591079711914062e+00,5.142804145812988281e+00,3.695641279220581055e+00,6.500474929809570312e+00,5.643163204193115234e+00,6.291718959808349609e+00,2.867540359497070312e+00,1.032876729965209961e+00,6.124109268188476562e+00,5.311912536621093750e+00,5.000005245208740234e+00,4.931052207946777344e+00,5.817825317382812500e+00,4.385488986968994141e+00,7.270462512969970703e+00,4.050211429595947266e+00,4.963404655456542969e+00
2.494156951904296875e+02,5.000005245208740234e+00,5.000005245208740234e+00,5.075242519378662109e+00,5.099964141845703125e+00,4.396908283233642578e+00,6.541651725769042969e+00,6.010982036590576172e+00,6.552599430084228516e+00,2.870348215103149414e+00,1.036336898803710938e+00,6.128929615020751953e+00,5.313083648681640625e+00,5.000005245208740234e+00,4.952362060546875000e+00,5.454291343688964844e+00,4.077205181121826172e+00,7.272874355316162109e+00,4.044429779052734375e+00,4.962441921234130859e+00
2.499165344238281250e+02,5.000005245208740234e+00,5.000005245208740234e+00,5.051723003387451172e+00,5.069503784179687500e+00,4.904499053955078125e+00,6.546579837799072266e+00,6.290298938751220703e+00,6.729248046875000000e+00,2.872301101684570312e+00,1.037459135055541992e+00,6.133392810821533203e+00,5.314201831817626953e+00,5.000005245208740234e+00,4.967315196990966797e+00,5.166909217834472656e+00,3.846623659133911133e+00,7.275375366210937500e+00,4.039115905761718750e+00,4.961544990539550781e+00
2.504173583984375000e+02,5.000005245208740234e+00,5.000005245208740234e+00,5.035356044769287109e+00,5.048082351684570312e+00,5.221527099609375000e+00,6.507711410522460938e+00,6.483628273010253906e+00,6.836650848388671875e+00,2.873523473739624023e+00,1.036724925041198730e+00,6.137460231781005859e+00,5.315237045288085938e+00,5.000005245208740234e+00,4.977684974670410156e+00,4.971308231353759766e+00,3.696363687515258789e+00,7.277825355529785156e+00,4.034292697906494141e+00,4.960721015930175781e+00
2.509181976318359375e+02,5.000005245208740234e+00,5.000005245208740234e+00,5.024059295654296875e+00,5.033116340637207031e+00,5.397848606109619141e+00,6.429129123687744141e+00,6.600448131561279297e+00,6.886037349700927734e+00,2.874156951904296875e+00,1.034628391265869141e+00,6.141136169433593750e+00,5.316185474395751953e+00,5.000005245208740234e+00,4.984828472137451172e+00,4.854323863983154297e+00,3.620513200759887695e+00,7.280092239379882812e+00,4.029946327209472656e+00,4.959981918334960938e+00
2.514190368652343750e+02,5.000005245208740234e+00,5.000005245208740234e+00,5.016303062438964844e+00,5.022710800170898438e+00,5.477971553802490234e+00,6.318651199340820312e+00,6.651956558227539062e+00,6.886118412017822266e+00,2.874305486679077148e+00,1.031571030616760254e+00,6.144431591033935547e+00,5.317040920257568359e+00,5.000005245208740234e+00,4.989725589752197266e+00,4.795953273773193359e+00,3.608789205551147461e+00,7.282015323638916016e+00,4.026053428649902344e+00,4.959314346313476562e+00
2.519198608398437500e+02,5.000005245208740234e+00,5.000005245208740234e+00,5.011006355285644531e+00,5.015511512756347656e+00,5.494836807250976562e+00,6.185537338256835938e+00,6.648708820343017578e+00,6.843919277191162109e+00,2.874042272567749023e+00,1.027863621711730957e+00,6.147374629974365234e+00,5.317805767059326172e+00,5.000005245208740234e+00,4.993067264556884766e+00,4.777442455291748047e+00,3.649291992187500000e+00,7.283474445343017578e+00,4.022578716278076172e+00,4.958714008331298828e+00
2.524207000732421875e+02,5.000005245208740234e+00,5.000005245208740234e+00,5.007406711578369141e+00,5.010556221008300781e+00,5.472161769866943359e+00,6.039597511291503906e+00,6.600145339965820312e+00,6.765609264373779297e+00,2.873413801193237305e+00,1.023740530014038086e+00,6.149997711181640625e+00,5.318492889404296875e+00,5.000005245208740234e+00,4.995337486267089844e+00,4.783707141876220703e+00,3.729829788208007812e+00,7.284360408782958984e+00,4.019483089447021484e+00,4.958184719085693359e+00
2.529215393066406250e+02,5.000005245208740234e+00,5.000005245208740234e+00,5.004971981048583984e+00,5.007162570953369141e+00,5.426733016967773438e+00,5.890205860137939453e+00,6.514883041381835938e+00,6.657189846038818359e+00,2.872435569763183594e+00,1.019395589828491211e+00,6.152329921722412109e+00,5.319104194641113281e+00,5.000005245208740234e+00,4.996871948242187500e+00,4.803804397583007812e+00,3.838556528091430664e+00,7.284522533416748047e+00,4.016727447509765625e+00,4.957708358764648438e+00
2.534223632812500000e+02,5.000005245208740234e+00,5.000005245208740234e+00,5.003332138061523438e+00,5.004848480224609375e+00,5.370780944824218750e+00,5.745720863342285156e+00,6.401339530944824219e+00,6.525031566619873047e+00,2.871108770370483398e+00,1.014977455139160156e+00,6.154403686523437500e+00,5.319644451141357422e+00,5.000005245208740234e+00,4.997906208038330078e+00,4.830032348632812500e+00,3.964285850524902344e+00,7.283825397491455078e+00,4.014279842376708984e+00,4.957283973693847656e+00
2.539232025146484375e+02,5.000005245208740234e+00,5.000005245208740234e+00,5.002232551574707031e+00,5.003279209136962891e+00,5.312837123870849609e+00,5.612673282623291016e+00,6.267991542816162109e+00,6.376091003417968750e+00,2.869418621063232422e+00,1.010612726211547852e+00,6.156242847442626953e+00,5.320129394531250000e+00,5.000005245208740234e+00,4.998600006103515625e+00,4.857368946075439453e+00,4.097007274627685547e+00,7.282108783721923828e+00,4.012107372283935547e+00,4.956910133361816406e+00
2.544240417480468750e+02,5.000005245208740234e+00,5.000005245208740234e+00,5.001495838165283203e+00,5.002217292785644531e+00,5.258109569549560547e+00,5.495104312896728516e+00,6.123249053955078125e+00,6.217773437500000000e+00,2.867327213287353516e+00,1.006397247314453125e+00,6.157876014709472656e+00,5.320558547973632812e+00,5.000005245208740234e+00,4.999064922332763672e+00,4.883000373840332031e+00,4.228469371795654297e+00,7.279176235198974609e+00,4.010179042816162109e+00,4.956576347351074219e+00
2.549248809814453125e+02,5.000005245208740234e+00,5.000005245208740234e+00,5.001004219055175781e+00,5.001500606536865234e+00,5.209532260894775391e+00,5.394846916198730469e+00,5.975221157073974609e+00,6.057554721832275391e+00,2.864777803421020508e+00,1.002411365509033203e+00,6.159320831298828125e+00,5.320939064025878906e+00,5.000005245208740234e+00,4.999374866485595703e+00,4.905487537384033203e+00,4.352415561676025391e+00,7.274799823760986328e+00,4.008468151092529297e+00,4.956279277801513672e+00
2.554257049560546875e+02,5.000005245208740234e+00,5.000005245208740234e+00,5.000675678253173828e+00,5.001018047332763672e+00,5.168206214904785156e+00,5.311790466308593750e+00,5.831069469451904297e+00,5.902297496795654297e+00,2.861692190170288086e+00,9.987164735794067383e-01,6.160604476928710938e+00,5.321272850036621094e+00,5.000005245208740234e+00,4.999582290649414062e+00,4.924393177032470703e+00,4.464719772338867188e+00,7.268704891204833984e+00,4.006949901580810547e+00,4.956012725830078125e+00
2.559265441894531250e+02,5.000005245208740234e+00,5.000005245208740234e+00,5.000456333160400391e+00,5.000692844390869141e+00,5.134138584136962891e+00,5.244585990905761719e+00,5.696530818939208984e+00,5.757615089416503906e+00,2.857979774475097656e+00,9.953386187553405762e-01,6.161740303039550781e+00,5.321574211120605469e+00,5.000005245208740234e+00,4.999720573425292969e+00,4.939812183380126953e+00,4.563163280487060547e+00,7.260607719421386719e+00,4.005604743957519531e+00,4.955780982971191406e+00
2.564273681640625000e+02,5.000005245208740234e+00,5.000005245208740234e+00,5.001500129699707031e+00,5.002536773681640625e+00,5.747219562530517578e+00,5.855866432189941406e+00,8.111053466796875000e+00,1.133985638618469238e+00,1.859526634216308594e+00,9.872190952301025391e-01,6.165523529052734375e+00,5.323337078094482422e+00,5.000005245208740234e+00,4.999057769775390625e+00,4.544185161590576172e+00,2.416845560073852539e+00,7.632359027862548828e+00,4.006781101226806641e+00,4.956857681274414062e+00
2.569282226562500000e+02,5.000005245208740234e+00,5.000005245208740234e+00,5.000968456268310547e+00,5.001601219177246094e+00,5.533178329467773438e+00,5.620753288269042969e+00,7.449445724487304688e+00,1.386803865432739258e+00,2.181047439575195312e+00,9.201233386993408203e-01,6.163576602935791016e+00,5.323769092559814453e+00,5.000005245208740234e+00,4.999394416809082031e+00,4.687260627746582031e+00,4.727755546569824219e+00,7.634661674499511719e+00,4.008143901824951172e+00,4.956986427307128906e+00
2.574290466308593750e+02,5.000005245208740234e+00,5.000005245208740234e+00,5.000747203826904297e+00,5.001235961914062500e+00,5.473469734191894531e+00,5.552568435668945312e+00,5.846070289611816406e+00,1.334091067314147949e+00,2.421032905578613281e+00,9.321535825729370117e-01,6.160739421844482422e+00,5.323131084442138672e+00,5.000005245208740234e+00,4.999534606933593750e+00,4.727916717529296875e+00,4.871596336364746094e+00,7.497561931610107422e+00,4.010937690734863281e+00,4.956992149353027344e+00
2.579298706054687500e+02,5.000005245208740234e+00,5.000005245208740234e+00,5.000643730163574219e+00,5.001069545745849609e+00,5.460512161254882812e+00,5.530957698822021484e+00,5.611672878265380859e+00,1.310693860054016113e+00,2.557333230972290039e+00,9.422951936721801758e-01,6.158051013946533203e+00,5.322269439697265625e+00,5.000005245208740234e+00,4.999599933624267578e+00,4.735950469970703125e+00,5.217181682586669922e+00,7.395093441009521484e+00,4.013445377349853516e+00,4.957187175750732422e+00
2.584307250976562500e+02,5.000005245208740234e+00,5.000005245208740234e+00,5.000516414642333984e+00,5.000860691070556641e+00,5.414375782012939453e+00,5.475618839263916016e+00,5.473486423492431641e+00,1.301509022712707520e+00,2.640349864959716797e+00,9.473031163215637207e-01,6.156023502349853516e+00,5.321464538574218750e+00,5.000005245208740234e+00,4.999680519104003906e+00,4.764287948608398438e+00,5.290466785430908203e+00,7.350726604461669922e+00,4.015032768249511719e+00,4.957362651824951172e+00
2.589315490722656250e+02,5.000005245208740234e+00,5.000005245208740234e+00,5.000392436981201172e+00,5.000654697418212891e+00,5.352829456329345703e+00,5.405304431915283203e+00,5.376971244812011719e+00,1.299058437347412109e+00,2.695101976394653320e+00,9.497023820877075195e-01,6.154885768890380859e+00,5.320875167846679688e+00,5.000005245208740234e+00,4.999759674072265625e+00,4.801454544067382812e+00,5.264255523681640625e+00,7.334566593170166016e+00,4.015750408172607422e+00,4.957459926605224609e+00
2.594323730468750000e+02,5.000005245208740234e+00,5.000005245208740234e+00,5.000292301177978516e+00,5.000488758087158203e+00,5.293631553649902344e+00,5.338224887847900391e+00,5.307456970214843750e+00,1.299805641174316406e+00,2.732864618301391602e+00,9.510719776153564453e-01,6.154480457305908203e+00,5.320513248443603516e+00,5.000005245208740234e+00,4.999823093414306641e+00,4.836514472961425781e+00,5.215136528015136719e+00,7.327045440673828125e+00,4.015735626220703125e+00,4.957464694976806641e+00
2.599332275390625000e+02,5.000005245208740234e+00,5.000005245208740234e+00,5.000216960906982422e+00,5.000363349914550781e+00,5.242196083068847656e+00,5.279789924621582031e+00,5.260013580322265625e+00,1.304096817970275879e+00,2.759796857833862305e+00,9.525351524353027344e-01,6.154631137847900391e+00,5.320353031158447266e+00,5.000005245208740234e+00,4.999870777130126953e+00,4.866393566131591797e+00,5.171726226806640625e+00,7.320965766906738281e+00,4.015172004699707031e+00,4.957386016845703125e+00
2.604340515136718750e+02,5.000005245208740234e+00,5.000005245208740234e+00,5.000161170959472656e+00,5.000269889831542969e+00,5.198778152465820312e+00,5.230188846588134766e+00,5.219423294067382812e+00,1.321609854698181152e+00,2.780138969421386719e+00,9.560608267784118652e-01,6.155179500579833984e+00,5.320329666137695312e+00,5.000005245208740234e+00,4.999906539916992188e+00,4.891171455383300781e+00,5.130343914031982422e+00,7.315460681915283203e+00,4.014223575592041016e+00,4.957234382629394531e+00
2.609349060058593750e+02,5.000005245208740234e+00,5.000005245208740234e+00,5.000120162963867188e+00,5.000201225280761719e+00,5.162106990814208984e+00,5.188052177429199219e+00,5.165018558502197266e+00,1.402156352996826172e+00,2.797137022018432617e+00,9.669374823570251465e-01,6.156005859375000000e+00,5.320434570312500000e+00,5.000005245208740234e+00,4.999932765960693359e+00,4.911777496337890625e+00,5.096028804779052734e+00,7.309686660766601562e+00,4.013018131256103516e+00,4.957039356231689453e+00
2.614357299804687500e+02,5.000005245208740234e+00,5.000005245208740234e+00,5.000089168548583984e+00,5.000148773193359375e+00,5.130156040191650391e+00,5.151144981384277344e+00,4.954668998718261719e+00,1.719167828559875488e+00,2.813863039016723633e+00,9.909474849700927734e-01,6.157011508941650391e+00,5.320612430572509766e+00,5.000005245208740234e+00,4.999951839447021484e+00,4.929493427276611328e+00,5.201924800872802734e+00,7.301913738250732422e+00,4.011648178100585938e+00,4.956796169281005859e+00
2.619365539550781250e+02,5.000005245208740234e+00,5.000005245208740234e+00,5.000065326690673828e+00,5.000107765197753906e+00,5.101784706115722656e+00,5.118249893188476562e+00,4.556735515594482422e+00,2.515976190567016602e+00,2.830642700195312500e+00,1.024418473243713379e+00,6.158106327056884766e+00,5.320842266082763672e+00,5.000005245208740234e+00,4.999967098236083984e+00,4.945061683654785156e+00,5.428026199340820312e+00,7.292164802551269531e+00,4.010212898254394531e+00,4.956542968750000000e+00
2.624374084472656250e+02,5.000005245208740234e+00,5.000005245208740234e+00,5.000046253204345703e+00,5.000075340270996094e+00,5.076266288757324219e+00,5.088859558105468750e+00,4.668375968933105469e+00,3.758513212203979492e+00,2.846149921417236328e+00,1.058493971824645996e+00,6.159210681915283203e+00,5.321099758148193359e+00,5.000005245208740234e+00,4.999979019165039062e+00,4.959028244018554688e+00,5.276327133178710938e+00,7.281403541564941406e+00,4.008802413940429688e+00,4.956296443939208984e+00
2.629382324218750000e+02,5.000005245208740234e+00,5.000005245208740234e+00,5.000031948089599609e+00,5.000051021575927734e+00,5.054696083068847656e+00,5.064301967620849609e+00,5.190492630004882812e+00,4.869951248168945312e+00,2.855428934097290039e+00,1.070264339447021484e+00,6.160248279571533203e+00,5.321328639984130859e+00,5.000005245208740234e+00,4.999988555908203125e+00,4.970856666564941406e+00,4.871575355529785156e+00,7.272706031799316406e+00,4.007503509521484375e+00,4.956070899963378906e+00
2.634390563964843750e+02,5.000005245208740234e+00,5.000005245208740234e+00,5.000021934509277344e+00,5.000033855438232422e+00,5.038650512695312500e+00,5.046049118041992188e+00,5.533449649810791016e+00,5.444662570953369141e+00,2.857223272323608398e+00,1.061026692390441895e+00,6.161206722259521484e+00,5.321544170379638672e+00,5.000005245208740234e+00,4.999994754791259766e+00,4.979627609252929688e+00,4.607904434204101562e+00,7.266602516174316406e+00,4.006323814392089844e+00,4.955877780914306641e+00
2.639399108886718750e+02,5.000005245208740234e+00,5.000005245208740234e+00,5.000015258789062500e+00,5.000023841857910156e+00,5.027326583862304688e+00,5.033038139343261719e+00,5.641834735870361328e+00,5.644499301910400391e+00,2.855260610580444336e+00,1.044849395751953125e+00,6.162106513977050781e+00,5.321758747100830078e+00,5.000005245208740234e+00,4.999998569488525391e+00,4.985762596130371094e+00,4.528711318969726562e+00,7.260289669036865234e+00,4.005230903625488281e+00,4.955702781677246094e+00
2.644407348632812500e+02,5.000005245208740234e+00,5.000005245208740234e+00,5.000011920928955078e+00,5.000016689300537109e+00,5.019424438476562500e+00,5.023820400238037109e+00,5.613621234893798828e+00,5.653387546539306641e+00,2.851491689682006836e+00,1.028445720672607422e+00,6.162943363189697266e+00,5.321952342987060547e+00,5.000005245208740234e+00,5.000000953674316406e+00,4.989993095397949219e+00,4.557008743286132812e+00,7.252078533172607422e+00,4.004218578338623047e+00,4.955529212951660156e+00
2.649415588378906250e+02,5.000005245208740234e+00,5.000005245208740234e+00,5.000009536743164062e+00,5.000012874603271484e+00,5.013926982879638672e+00,5.017300605773925781e+00,5.523710727691650391e+00,5.575740337371826172e+00,2.846558570861816406e+00,1.014033555984497070e+00,6.163720607757568359e+00,5.322139263153076172e+00,5.000005245208740234e+00,5.000002861022949219e+00,4.992899894714355469e+00,4.629886150360107422e+00,7.241160392761230469e+00,4.003283023834228516e+00,4.955372333526611328e+00
2.654424133300781250e+02,5.000005245208740234e+00,5.000005245208740234e+00,5.000008106231689453e+00,5.000010013580322266e+00,5.010095119476318359e+00,5.012681484222412109e+00,5.417127609252929688e+00,5.468966484069824219e+00,2.840579509735107422e+00,1.002121329307556152e+00,6.164437294006347656e+00,5.322320461273193359e+00,5.000005245208740234e+00,5.000004291534423828e+00,4.994901180267333984e+00,4.711112022399902344e+00,7.226966857910156250e+00,4.002424716949462891e+00,4.955232143402099609e+00
2.659432373046875000e+02,5.000005245208740234e+00,5.000005245208740234e+00,5.000007152557373047e+00,5.000008106231689453e+00,5.007406711578369141e+00,5.009393692016601562e+00,5.317655563354492188e+00,5.363464355468750000e+00,2.833446979522705078e+00,9.925773739814758301e-01,6.165089130401611328e+00,5.322479724884033203e+00,5.000005245208740234e+00,5.000004291534423828e+00,4.996289730072021484e+00,4.783697605133056641e+00,7.208969116210937500e+00,4.001643180847167969e+00,4.955093383789062500e+00
2.664440612792968750e+02,5.000005245208740234e+00,5.000005245208740234e+00,5.000006198883056641e+00,5.000007629394531250e+00,5.005506038665771484e+00,5.007038116455078125e+00,5.235074043273925781e+00,5.272835731506347656e+00,2.824979305267333984e+00,9.850615262985229492e-01,6.165682792663574219e+00,5.322628974914550781e+00,5.000005245208740234e+00,5.000004768371582031e+00,4.997261524200439453e+00,4.842042446136474609e+00,7.186732292175292969e+00,4.000935554504394531e+00,4.954971790313720703e+00
2.669449157714843750e+02,5.000005245208740234e+00,5.000005245208740234e+00,5.000005722045898438e+00,5.000006198883056641e+00,5.004148483276367188e+00,5.005335807800292969e+00,5.171042442321777344e+00,5.200856685638427734e+00,2.814946651458740234e+00,9.792518019676208496e-01,6.166217327117919922e+00,5.322770118713378906e+00,5.000005245208740234e+00,5.000004768371582031e+00,4.997949600219726562e+00,4.886224269866943359e+00,7.159811973571777344e+00,4.000297546386718750e+00,4.954866886138916016e+00
2.674457397460937500e+02,5.000005245208740234e+00,5.000005245208740234e+00,5.000005722045898438e+00,5.000006198883056641e+00,5.003166198730468750e+00,5.004093647003173828e+00,5.123431682586669922e+00,5.146368503570556641e+00,2.803097248077392578e+00,9.750047326087951660e-01,6.166696548461914062e+00,5.322889328002929688e+00,5.000005245208740234e+00,5.000005245208740234e+00,4.998444080352783203e+00,4.918521404266357422e+00,7.127782344818115234e+00,3.999727725982666016e+00,4.954760074615478516e+00
2.679465637207031250e+02,5.000005245208740234e+00,5.000005245208740234e+00,5.000005722045898438e+00,5.000005722045898438e+00,5.002449512481689453e+00,5.003179073333740234e+00,5.088920593261718750e+00,5.106311321258544922e+00,2.789199829101562500e+00,9.724370241165161133e-01,6.167126178741455078e+00,5.322999000549316406e+00,5.000005245208740234e+00,5.000005245208740234e+00,4.998802661895751953e+00,4.941648960113525391e+00,7.090431690216064453e+00,3.999214172363281250e+00,4.954673767089843750e+00
2.684474182128906250e+02,5.000005245208740234e+00,5.000005245208740234e+00,5.000005722045898438e+00,5.000005722045898438e+00,5.001920700073242188e+00,5.002501487731933594e+00,5.064260005950927734e+00,5.077361106872558594e+00,2.773005247116088867e+00,9.721130132675170898e-01,6.167511463165283203e+00,5.323105812072753906e+00,5.000005245208740234e+00,5.000005245208740234e+00,4.999065399169921875e+00,4.958031654357910156e+00,7.047730445861816406e+00,3.998758554458618164e+00,4.954596042633056641e+00
2.689482421875000000e+02,5.000005245208740234e+00,5.000005245208740234e+00,5.000005245208740234e+00,5.000005722045898438e+00,5.001527309417724609e+00,5.001994132995605469e+00,5.046745777130126953e+00,5.056614875793457031e+00,2.754219055175781250e+00,9.751844406127929688e-01,6.167855262756347656e+00,5.323189258575439453e+00,5.000005245208740234e+00,5.000005245208740234e+00,4.999260425567626953e+00,4.969594001770019531e+00,6.999931335449218750e+00,3.998348474502563477e+00,4.954520702362060547e+00
2.694490966796875000e+02,5.000005245208740234e+00,5.000005245208740234e+00,5.000005245208740234e+00,5.000005722045898438e+00,5.001231193542480469e+00,5.001610279083251953e+00,5.034308910369873047e+00,5.041761875152587891e+00,2.732542991638183594e+00,9.835248589515686035e-01,6.168161392211914062e+00,5.323276042938232422e+00,5.000005245208740234e+00,5.000005245208740234e+00,4.999406814575195312e+00,4.977765083312988281e+00,6.947793960571289062e+00,3.997983932495117188e+00,4.954460620880126953e+00
2.699499206542968750e+02,5.000005245208740234e+00,5.000005245208740234e+00,5.000005245208740234e+00,5.000005245208740234e+00,5.001005172729492188e+00,5.001317501068115234e+00,5.025429725646972656e+00,5.031084060668945312e+00,2.707570552825927734e+00,9.998100996017456055e-01,6.168435573577880859e+00,5.323342800140380859e+00,5.000005245208740234e+00,5.000005245208740234e+00,4.999517917633056641e+00,4.983578205108642578e+00,6.892421245574951172e+00,3.997655391693115234e+00,4.954398632049560547e+00
2.704507446289062500e+02,5.000005245208740234e+00,5.000005245208740234e+00,5.000005245208740234e+00,5.000005245208740234e+00,5.000830650329589844e+00,5.001089572906494141e+00,5.019031047821044922e+00,5.023337364196777344e+00,2.678833007812500000e+00,1.027437210083007812e+00,6.168679714202880859e+00,5.323409080505371094e+00,5.000005245208740234e+00,5.000005245208740234e+00,4.999603748321533203e+00,4.987754821777343750e+00,6.835494041442871094e+00,3.997363805770874023e+00,4.954345703125000000e+00
2.709515991210937500e+02,5.000005245208740234e+00,5.000005245208740234e+00,5.000005245208740234e+00,5.000005245208740234e+00,5.000692844390869141e+00,5.000909328460693359e+00,5.014363288879394531e+00,5.017649173736572266e+00,2.645638704299926758e+00,1.070409655570983887e+00,6.168897628784179688e+00,5.323473930358886719e+00,5.000005245208740234e+00,5.000005245208740234e+00,4.999670982360839844e+00,4.990794181823730469e+00,6.779060363769531250e+00,3.997102022171020508e+00,4.954304218292236328e+00
2.714524230957031250e+02,5.000005245208740234e+00,5.000005245208740234e+00,5.000005245208740234e+00,5.000005245208740234e+00,5.000582218170166016e+00,5.000763893127441406e+00,5.010912895202636719e+00,5.013420581817626953e+00,2.606940984725952148e+00,1.133271217346191406e+00,6.169092655181884766e+00,5.323523044586181641e+00,5.000005245208740234e+00,5.000005245208740234e+00,4.999725341796875000e+00,4.993035316467285156e+00,6.725485324859619141e+00,3.996866703033447266e+00,4.954258441925048828e+00
2.719532470703125000e+02,5.000005245208740234e+00,5.000005245208740234e+00,5.000005245208740234e+00,5.000005245208740234e+00,5.000491142272949219e+00,5.000644683837890625e+00,5.008331298828125000e+00,5.010239124298095703e+00,2.561214923858642578e+00,1.220611810684204102e+00,6.169267177581787109e+00,5.323572158813476562e+00,5.000005245208740234e+00,5.000005245208740234e+00,4.999769210815429688e+00,4.994707107543945312e+00,6.677414417266845703e+00,3.996656179428100586e+00,4.954220771789550781e+00
2.724541015625000000e+02,5.000005245208740234e+00,5.000005245208740234e+00,5.000005245208740234e+00,5.000005245208740234e+00,5.000415802001953125e+00,5.000545024871826172e+00,5.006383419036865234e+00,5.007828235626220703e+00,2.506487131118774414e+00,1.336501002311706543e+00,6.169423580169677734e+00,5.323622226715087891e+00,5.000005245208740234e+00,5.000005245208740234e+00,4.999806404113769531e+00,4.995965957641601562e+00,6.637398719787597656e+00,3.996468067169189453e+00,4.954191207885742188e+00
2.729549255371093750e+02,5.000005245208740234e+00,5.000005245208740234e+00,5.000005245208740234e+00,5.000005245208740234e+00,5.000352859497070312e+00,5.000462532043457031e+00,5.004907608032226562e+00,5.005996704101562500e+00,2.441128253936767578e+00,1.483129501342773438e+00,6.169558525085449219e+00,5.323657035827636719e+00,5.000005245208740234e+00,5.000005245208740234e+00,4.999836444854736328e+00,4.996915817260742188e+00,6.607321262359619141e+00,3.996302366256713867e+00,4.954157352447509766e+00
2.734557495117187500e+02,5.000005245208740234e+00,5.000005245208740234e+00,5.000005245208740234e+00,5.000005245208740234e+00,5.000300407409667969e+00,5.000392436981201172e+00,5.003791332244873047e+00,5.004609107971191406e+00,2.365575790405273438e+00,1.658540725708007812e+00,6.169678688049316406e+00,5.323692321777343750e+00,5.000005245208740234e+00,5.000005245208740234e+00,4.999862194061279297e+00,4.997632980346679688e+00,6.587592601776123047e+00,3.996157884597778320e+00,4.954132556915283203e+00
2.739566040039062500e+02,5.000005245208740234e+00,5.000005245208740234e+00,5.000005245208740234e+00,5.000005245208740234e+00,5.000256538391113281e+00,5.000335216522216797e+00,5.002949714660644531e+00,5.003564357757568359e+00,2.284492015838623047e+00,1.855948925018310547e+00,6.169786453247070312e+00,5.323729038238525391e+00,5.000005245208740234e+00,5.000005245208740234e+00,4.999883174896240234e+00,4.998171329498291016e+00,6.576073169708251953e+00,3.996030092239379883e+00,4.954113960266113281e+00
2.744574279785156250e+02,5.000005245208740234e+00,5.000005245208740234e+00,5.000005245208740234e+00,5.000005245208740234e+00,5.000220775604248047e+00,5.000287532806396484e+00,5.002316474914550781e+00,5.002779960632324219e+00,2.208107233047485352e+00,2.065671920776367188e+00,6.169875621795654297e+00,5.323749542236328125e+00,5.000005245208740234e+00,5.000005245208740234e+00,4.999900341033935547e+00,4.998573780059814453e+00,6.567667961120605469e+00,3.995921850204467773e+00,4.954092025756835938e+00
2.749582519531250000e+02,5.000005245208740234e+00,5.000005245208740234e+00,5.000005245208740234e+00,5.000005245208740234e+00,5.000191211700439453e+00,5.000248908996582031e+00,5.001836776733398438e+00,5.002187252044677734e+00,2.151255130767822266e+00,2.278989791870117188e+00,6.169955730438232422e+00,5.323771476745605469e+00,5.000005245208740234e+00,5.000005245208740234e+00,4.999914646148681641e+00,4.998878479003906250e+00,6.555021762847900391e+00,3.995826005935668945e+00,4.954075813293457031e+00
2.754591064453125000e+02,5.000005245208740234e+00,5.000005245208740234e+00,5.000005245208740234e+00,5.000005245208740234e+00,5.000165939331054688e+00,5.000215530395507812e+00,5.001466274261474609e+00,5.001731395721435547e+00,2.130372047424316406e+00,2.492296695709228516e+00,6.170025825500488281e+00,5.323797702789306641e+00,5.000005245208740234e+00,5.000005245208740234e+00,4.999927043914794922e+00,4.999112606048583984e+00,6.529973983764648438e+00,3.995742797851562500e+00,4.954066276550292969e+00
2.759599304199218750e+02,5.000005245208740234e+00,5.000005245208740234e+00,5.000005245208740234e+00,5.000005245208740234e+00,5.000144004821777344e+00,5.000186443328857422e+00,5.001171588897705078e+00,5.001371383666992188e+00,2.160226106643676758e+00,2.707219362258911133e+00,6.170087337493896484e+00,5.323808193206787109e+00,5.000005245208740234e+00,5.000005245208740234e+00,4.999938011169433594e+00,4.999297142028808594e+00,6.485328197479248047e+00,3.995667934417724609e+00,4.954051494598388672e+00
2.764607543945312500e+02,5.000005245208740234e+00,5.000005245208740234e+00,5.000005245208740234e+00,5.000005245208740234e+00,5.000123977661132812e+00,5.000159740447998047e+00,5.000931262969970703e+00,5.001080036163330078e+00,2.251621484756469727e+00,2.927059888839721680e+00,6.170144557952880859e+00,5.323826789855957031e+00,5.000005245208740234e+00,5.000005245208740234e+00,4.999948024749755859e+00,4.999446392059326172e+00,6.416292667388916016e+00,3.995599746704101562e+00,4.954037666320800781e+00
2.769616088867187500e+02,5.000005245208740234e+00,5.000005245208740234e+00,5.000005245208740234e+00,5.000005245208740234e+00,5.000104904174804688e+00,5.000134468078613281e+00,5.000733375549316406e+00,5.000840663909912109e+00,2.410169839859008789e+00,3.154114007949829102e+00,6.170194625854492188e+00,5.323845863342285156e+00,5.000005245208740234e+00,5.000005245208740234e+00,4.999956607818603516e+00,4.999568939208984375e+00,6.321059226989746094e+00,3.995539426803588867e+00,4.954032897949218750e+00
2.774624328613281250e+02,5.000005245208740234e+00,5.000005245208740234e+00,5.000005245208740234e+00,5.000005245208740234e+00,5.000087261199951172e+00,5.000112056732177734e+00,5.000568866729736328e+00,5.000646114349365234e+00,2.633699178695678711e+00,3.387262344360351562e+00,6.170239448547363281e+00,5.323854923248291016e+00,5.000005245208740234e+00,5.000005245208740234e+00,4.999964714050292969e+00,4.999669551849365234e+00,6.201439857482910156e+00,3.995483160018920898e+00,4.954018115997314453e+00
2.779632873535156250e+02,5.000005245208740234e+00,5.000005245208740234e+00,5.000005245208740234e+00,5.000005245208740234e+00,5.000072002410888672e+00,5.000091552734375000e+00,5.000435352325439453e+00,5.000488758087158203e+00,2.908469438552856445e+00,3.620146036148071289e+00,6.170279502868652344e+00,5.323873519897460938e+00,5.000005245208740234e+00,5.000005245208740234e+00,4.999973297119140625e+00,4.999750614166259766e+00,6.063644409179687500e+00,3.995435237884521484e+00,4.954013824462890625e+00
2.784641113281250000e+02,5.000005245208740234e+00,5.000005245208740234e+00,5.000005245208740234e+00,5.000005245208740234e+00,5.000058174133300781e+00,5.000073909759521484e+00,5.000329494476318359e+00,5.000364780426025391e+00,3.210368633270263672e+00,3.843846797943115234e+00,6.170313835144042969e+00,5.323878288269042969e+00,5.000005245208740234e+00,5.000005245208740234e+00,4.999979019165039062e+00,4.999814987182617188e+00,5.917093753814697266e+00,3.995393514633178711e+00,4.954002857208251953e+00
2.789649353027343750e+02,5.000005245208740234e+00,5.000005245208740234e+00,5.000005245208740234e+00,5.000005245208740234e+00,5.000046730041503906e+00,5.000058650970458984e+00,5.000246524810791016e+00,5.000269889831542969e+00,3.511007547378540039e+00,4.048765659332275391e+00,6.170340538024902344e+00,5.323886394500732422e+00,5.000005245208740234e+00,5.000005245208740234e+00,4.999985218048095703e+00,4.999864578247070312e+00,5.772424221038818359e+00,3.995360136032104492e+00,4.953997135162353516e+00
2.794657897949218750e+02,5.000005245208740234e+00,5.000005245208740234e+00,5.000005245208740234e+00,5.000005245208740234e+00,5.000037193298339844e+00,5.000046253204345703e+00,5.000183582305908203e+00,5.000198841094970703e+00,3.787597179412841797e+00,4.228544235229492188e+00,6.170365333557128906e+00,5.323896408081054688e+00,5.000005245208740234e+00,5.000005245208740234e+00,4.999989986419677734e+00,4.999901771545410156e+00,5.638264179229736328e+00,3.995334148406982422e+00,4.953999996185302734e+00
2.799666137695312500e+02,5.000005245208740234e+00,5.000005245208740234e+00,5.000005245208740234e+00,5.000005245208740234e+00,5.000029563903808594e+00,5.000036716461181641e+00,5.000136375427246094e+00,5.000146389007568359e+00,4.027584075927734375e+00,4.380903720855712891e+00,6.170382499694824219e+00,5.323895931243896484e+00,5.000005245208740234e+00,5.000005245208740234e+00,4.999993324279785156e+00,4.999930381774902344e+00,5.519767761230468750e+00,3.995312690734863281e+00,4.953992366790771484e+00
2.804674377441406250e+02,5.000005245208740234e+00,5.000005245208740234e+00,5.000005245208740234e+00,5.000005245208740234e+00,5.000024318695068359e+00,5.000029563903808594e+00,5.000101089477539062e+00,5.000107765197753906e+00,4.227507591247558594e+00,4.506598472595214844e+00,6.170396804809570312e+00,5.323899745941162109e+00,5.000005245208740234e+00,5.000005245208740234e+00,4.999995708465576172e+00,4.999950408935546875e+00,5.418860912322998047e+00,3.995296001434326172e+00,4.953990459442138672e+00
2.809682922363281250e+02,5.000005245208740234e+00,5.000005245208740234e+00,5.000005245208740234e+00,5.000005245208740234e+00,5.000019550323486328e+00,5.000023841857910156e+00,5.000075340270996094e+00,5.000079631805419922e+00,4.389832019805908203e+00,4.608484745025634766e+00,6.170408725738525391e+00,5.323907852172851562e+00,5.000005245208740234e+00,5.000005245208740234e+00,4.999998092651367188e+00,4.999964714050292969e+00,5.335077285766601562e+00,3.995284795761108398e+00,4.953993320465087891e+00
2.814691162109375000e+02,5.000005245208740234e+00,5.000005245208740234e+00,5.000005245208740234e+00,5.000005245208740234e+00,5.000015735626220703e+00,5.000019073486328125e+00,5.000056266784667969e+00,5.000059604644775391e+00,4.519571304321289062e+00,4.690147876739501953e+00,6.170419216156005859e+00,5.323903083801269531e+00,5.000005245208740234e+00,5.000005245208740234e+00,5.000000000000000000e+00,4.999976158142089844e+00,5.266707897186279297e+00,3.995272397994995117e+00,4.953988552093505859e+00
2.819699401855468750e+02,5.000005245208740234e+00,5.000005245208740234e+00,5.000005245208740234e+00,5.000005245208740234e+00,5.000013351440429688e+00,5.000015258789062500e+00,5.000042915344238281e+00,5.000044345855712891e+00,4.622256278991699219e+00,4.755055427551269531e+00,6.170425891876220703e+00,5.323905467987060547e+00,5.000005245208740234e+00,5.000005245208740234e+00,5.000000953674316406e+00,4.999983787536621094e+00,5.211606502532958984e+00,3.995264530181884766e+00,4.953988075256347656e+00
2.824707946777343750e+02,5.000005245208740234e+00,5.000005245208740234e+00,5.000005245208740234e+00,5.000005245208740234e+00,5.000010967254638672e+00,5.000012874603271484e+00,5.000032424926757812e+00,5.000033855438232422e+00,4.703114509582519531e+00,4.806427001953125000e+00,6.170433521270751953e+00,5.323910713195800781e+00,5.000005245208740234e+00,5.000005245208740234e+00,5.000002384185791016e+00,4.999989986419677734e+00,5.167547702789306641e+00,3.995257377624511719e+00,4.953994750976562500e+00
2.829716186523437500e+02,5.000005245208740234e+00,5.000005245208740234e+00,5.000005245208740234e+00,5.000005245208740234e+00,5.000010013580322266e+00,5.000010967254638672e+00,5.000025272369384766e+00,5.000026226043701172e+00,4.766603946685791016e+00,4.846986293792724609e+00,6.170438289642333984e+00,5.323906898498535156e+00,5.000005245208740234e+00,5.000005245208740234e+00,5.000002861022949219e+00,4.999993801116943359e+00,5.132511138916015625e+00,3.995250940322875977e+00,4.953989982604980469e+00
2.834724426269531250e+02,5.000005245208740234e+00,5.000005245208740234e+00,5.000005245208740234e+00,5.000005245208740234e+00,5.000008583068847656e+00,5.000009536743164062e+00,5.000020027160644531e+00,5.000020027160644531e+00,4.816380023956298828e+00,4.878945827484130859e+00,6.170444488525390625e+00,5.323905944824218750e+00,5.000005245208740234e+00,5.000005245208740234e+00,5.000004291534423828e+00,4.999997138977050781e+00,5.104759216308593750e+00,3.995245933532714844e+00,4.953990459442138672e+00
2.839732971191406250e+02,5.000005245208740234e+00,5.000005245208740234e+00,5.000005245208740234e+00,5.000005245208740234e+00,5.000008106231689453e+00,5.000008583068847656e+00,5.000015735626220703e+00,5.000015735626220703e+00,4.855384826660156250e+00,4.904112339019775391e+00,6.170448780059814453e+00,5.323911666870117188e+00,5.000005245208740234e+00,5.000005245208740234e+00,5.000004291534423828e+00,4.999999523162841797e+00,5.082829475402832031e+00,3.995242118835449219e+00,4.953995704650878906e+00
2.844741210937500000e+02,5.000005245208740234e+00,5.000005245208740234e+00,5.000005245208740234e+00,5.000005245208740234e+00,5.000007152557373047e+00,5.000007629394531250e+00,5.000012874603271484e+00,5.000013351440429688e+00,4.885960102081298828e+00,4.923940181732177734e+00,6.170452117919921875e+00,5.323907852172851562e+00,5.000005245208740234e+00,5.000005245208740234e+00,5.000004291534423828e+00,5.000000953674316406e+00,5.065525054931640625e+00,3.995237350463867188e+00,4.953990459442138672e+00
2.849749450683593750e+02,5.000005245208740234e+00,5.000005245208740234e+00,5.000005245208740234e+00,5.000005245208740234e+00,5.000006198883056641e+00,5.000007152557373047e+00,5.000010967254638672e+00,5.000010967254638672e+00,4.909934520721435547e+00,4.939557075500488281e+00,6.170454025268554688e+00,5.323907375335693359e+00,5.000005245208740234e+00,5.000005245208740234e+00,5.000004768371582031e+00,5.000001907348632812e+00,5.051883697509765625e+00,3.995234727859497070e+00,4.953990936279296875e+00
2.854757995605468750e+02,5.000005245208740234e+00,5.000005245208740234e+00,5.000005245208740234e+00,5.000005245208740234e+00,5.000006198883056641e+00,5.000006198883056641e+00,5.000009536743164062e+00,5.000009536743164062e+00,4.928746700286865234e+00,4.951869010925292969e+00,6.170458793640136719e+00,5.323912143707275391e+00,5.000005245208740234e+00,5.000005245208740234e+00,5.000004768371582031e+00,5.000002861022949219e+00,5.041133403778076172e+00,3.995232343673706055e+00,4.953997611999511719e+00
2.859766235351562500e+02,5.000005245208740234e+00,5.000005245208740234e+00,5.000005245208740234e+00,5.000005245208740234e+00,5.000005722045898438e+00,5.000006198883056641e+00,5.000008106231689453e+00,5.000008106231689453e+00,4.943526744842529297e+00,4.961592674255371094e+00,6.170461177825927734e+00,5.323907375335693359e+00,5.000005245208740234e+00,5.000005245208740234e+00,5.000005245208740234e+00,5.000004291534423828e+00,5.032658576965332031e+00,3.995228290557861328e+00,4.953992366790771484e+00
2.864774475097656250e+02,5.000005245208740234e+00,5.000005245208740234e+00,5.000005245208740234e+00,5.000005245208740234e+00,5.000005722045898438e+00,5.000005722045898438e+00,5.000007629394531250e+00,5.000007629394531250e+00,4.955146312713623047e+00,4.969272136688232422e+00,6.170463085174560547e+00,5.323907852172851562e+00,5.000005245208740234e+00,5.000005245208740234e+00,5.000005245208740234e+00,5.000004291534423828e+00,5.025978088378906250e+00,3.995227575302124023e+00,4.953992366790771484e+00
2.869783020019531250e+02,5.000005245208740234e+00,5.000005245208740234e+00,5.000005245208740234e+00,5.000005245208740234e+00,5.000005722045898438e+00,5.000005722045898438e+00,5.000007152557373047e+00,5.000006198883056641e+00,4.964296817779541016e+00,4.975350856781005859e+00,6.170465946197509766e+00,5.323912143707275391e+00,5.000005245208740234e+00,5.000005245208740234e+00,5.000005245208740234e+00,5.000004291534423828e+00,5.020705223083496094e+00,3.995224237442016602e+00,4.953999519348144531e+00
2.874791259765625000e+02,5.000005245208740234e+00,5.000005245208740234e+00,5.000005245208740234e+00,5.000005245208740234e+00,5.000005722045898438e+00,5.000005722045898438e+00,5.000006198883056641e+00,5.000006198883056641e+00,4.971511840820312500e+00,4.980170726776123047e+00,6.170466423034667969e+00,5.323907375335693359e+00,5.000005245208740234e+00,5.000005245208740234e+00,5.000005245208740234e+00,5.000004768371582031e+00,5.016540050506591797e+00,3.995222091674804688e+00,4.953993320465087891e+00
2.879799804687500000e+02,5.000005245208740234e+00,5.000005245208740234e+00,5.000005245208740234e+00,5.000005245208740234e+00,5.000005722045898438e+00,5.000005722045898438e+00,5.000005722045898438e+00,5.000005722045898438e+00,4.977209568023681641e+00,4.983998298645019531e+00,6.170468330383300781e+00,5.323912620544433594e+00,5.000005245208740234e+00,5.000005245208740234e+00,5.000005245208740234e+00,5.000004768371582031e+00,5.013246536254882812e+00,3.995221853256225586e+00,4.953998088836669922e+00
2.884808044433593750e+02,5.000005245208740234e+00,5.000005245208740234e+00,5.000005245208740234e+00,5.000005245208740234e+00,5.000005245208740234e+00,5.000005245208740234e+00,5.000005722045898438e+00,5.000005722045898438e+00,4.981716632843017578e+00,4.987046241760253906e+00,6.170468330383300781e+00,5.323907852172851562e+00,5.000005245208740234e+00,5.000005245208740234e+00,5.000005245208740234e+00,5.000005245208740234e+00,5.010637283325195312e+00,3.995219945907592773e+00,4.953993320465087891e+00
2.889816284179687500e+02,5.000005245208740234e+00,5.000005245208740234e+00,5.000005245208740234e+00,5.000005245208740234e+00,5.000005245208740234e+00,5.000005245208740234e+00,5.000005722045898438e+00,5.000005722045898438e+00,4.985288143157958984e+00,4.989476203918457031e+00,6.170470237731933594e+00,5.323907852172851562e+00,5.000005245208740234e+00,5.000005245208740234e+00,5.000005245208740234e+00,5.000005245208740234e+00,5.008567810058593750e+00,3.995219230651855469e+00,4.953993320465087891e+00
2.894824829101562500e+02,5.000005245208740234e+00,5.000005245208740234e+00,5.000005245208740234e+00,5.000005245208740234e+00,5.000005245208740234e+00,5.000005245208740234e+00,5.000005722045898438e+00,5.000005245208740234e+00,4.988125801086425781e+00,4.991421222686767578e+00,6.170471668243408203e+00,5.323913097381591797e+00,5.000005245208740234e+00,5.000005245208740234e+00,5.000005245208740234e+00,5.000005245208740234e+00,5.006922245025634766e+00,3.995218515396118164e+00,4.953998088836669922e+00
2.899833068847656250e+02,5.000005245208740234e+00,5.000005245208740234e+00,5.000005245208740234e+00,5.000005245208740234e+00,5.000005245208740234e+00,5.000005245208740234e+00,5.000005245208740234e+00,5.000005245208740234e+00,4.990383148193359375e+00,4.992979526519775391e+00,6.170471668243408203e+00,5.323908329010009766e+00,5.000005245208740234e+00,5.000005245208740234e+00,5.000005245208740234e+00,5.000005245208740234e+00,5.005611419677734375e+00,3.995217323303222656e+00,4.953993320465087891e+00
2.904841308593750000e+02,5.000005245208740234e+00,5.000005245208740234e+00,5.000005245208740234e+00,5.000005245208740234e+00,5.000005245208740234e+00,5.000005245208740234e+00,5.000005245208740234e+00,5.000005245208740234e+00,4.992184162139892578e+00,4.994233608245849609e+00,6.170473098754882812e+00,5.323907852172851562e+00,5.000005245208740234e+00,5.000005245208740234e+00,5.000005245208740234e+00,5.000005245208740234e+00,5.004564762115478516e+00,3.995216369628906250e+00,4.953994274139404297e+00
2.909849853515625000e+02,5.000005245208740234e+00,5.000005245208740234e+00,5.000005245208740234e+00,5.000005245208740234e+00,5.000005245208740234e+00,5.000005245208740234e+00,5.000005245208740234e+00,5.000005245208740234e+00,4.993626117706298828e+00,4.995245456695556641e+00,6.170473575592041016e+00,5.323914051055908203e+00,5.000005245208740234e+00,5.000005245208740234e+00,5.000005245208740234e+00,5.000005245208740234e+00,5.003727436065673828e+00,3.995215892791748047e+00,4.953998088836669922e+00
2.914858093261718750e+02,5.000005245208740234e+00,5.000005245208740234e+00,5.000005245208740234e+00,5.000005245208740234e+00,5.000005245208740234e+00,5.000005245208740234e+00,5.000005245208740234e+00,5.000005245208740234e+00,4.994781970977783203e+00,4.996064662933349609e+00,6.170473575592041016e+00,5.323907375335693359e+00,5.000005245208740234e+00,5.000005245208740234e+00,5.000005245208740234e+00,5.000005245208740234e+00,5.003054618835449219e+00,3.995214939117431641e+00,4.953994750976562500e+00
2.919866333007812500e+02,5.000005245208740234e+00,5.000005245208740234e+00,5.000005245208740234e+00,5.000005245208740234e+00,5.000005245208740234e+00,5.000005245208740234e+00,5.000005245208740234e+00,5.000005245208740234e+00,4.995712757110595703e+00,4.996730327606201172e+00,6.170475006103515625e+00,5.323908329010009766e+00,5.000005245208740234e+00,5.000005245208740234e+00,5.000005245208740234e+00,5.000005245208740234e+00,5.002513408660888672e+00,3.995214700698852539e+00,4.953993320465087891e+00
2.924874877929687500e+02,5.000005245208740234e+00,5.000005245208740234e+00,5.000005245208740234e+00,5.000005245208740234e+00,5.000005245208740234e+00,5.000005245208740234e+00,5.000005245208740234e+00,5.000005245208740234e+00,4.996462821960449219e+00,4.997272491455078125e+00,6.170475482940673828e+00,5.323912620544433594e+00,5.000005245208740234e+00,5.000005245208740234e+00,5.000005245208740234e+00,5.000005245208740234e+00,5.002075672149658203e+00,3.995214939117431641e+00,4.953999519348144531e+00
2.929883117675781250e+02,5.000005245208740234e+00,5.000005245208740234e+00,5.000005245208740234e+00,5.000005245208740234e+00,5.000005245208740234e+00,5.000005245208740234e+00,5.000005245208740234e+00,5.000005245208740234e+00,4.997070789337158203e+00,4.997716426849365234e+00,6.170475006103515625e+00,5.323908329010009766e+00,5.000005245208740234e+00,5.000005245208740234e+00,5.000005245208740234e+00,5.000005245208740234e+00,5.001721858978271484e+00,3.995214700698852539e+00,4.953993320465087891e+00
2.934891357421875000e+02,5.000005245208740234e+00,5.000005245208740234e+00,5.000005245208740234e+00,5.000005245208740234e+00,5.000005245208740234e+00,5.000005245208740234e+00,5.000005245208740234e+00,5.000005245208740234e+00,4.997565269470214844e+00,4.998080730438232422e+00,6.170475482940673828e+00,5.323907852172851562e+00,5.000005245208740234e+00,5.000005245208740234e+00,5.000005245208740234e+00,5.000005245208740234e+00,5.001433372497558594e+00,3.995213270187377930e+00,4.953994274139404297e+00
2.939899902343750000e+02,5.000005245208740234e+00,5.000005245208740234e+00,5.000005245208740234e+00,5.000005245208740234e+00,5.000005245208740234e+00,5.000005245208740234e+00,5.000005245208740234e+00,5.000005245208740234e+00,4.997968196868896484e+00,4.998381614685058594e+00,6.170476436614990234e+00,5.323912620544433594e+00,5.000005245208740234e+00,5.000005245208740234e+00,5.000005245208740234e+00,5.000005245208740234e+00,5.001197814941406250e+00,3.995214462280273438e+00,4.953999996185302734e+00
2.944908142089843750e+02,5.000005245208740234e+00,5.000005245208740234e+00,5.000005245208740234e+00,5.000005245208740234e+00,5.000005245208740234e+00,5.000005245208740234e+00,5.000005245208740234e+00,5.000005245208740234e+00,4.998298168182373047e+00,4.998630046844482422e+00,6.170475959777832031e+00,5.323908329010009766e+00,5.000005245208740234e+00,5.000005245208740234e+00,5.000005245208740234e+00,5.000005245208740234e+00,5.001006126403808594e+00,3.995212316513061523e+00,4.953993320465087891e+00
2.949916381835937500e+02,5.000005245208740234e+00,5.000005245208740234e+00,5.000005245208740234e+00,5.000005245208740234e+00,5.000005245208740234e+00,5.000005245208740234e+00,5.000005245208740234e+00,5.000005245208740234e+00,4.998569011688232422e+00,4.998837471008300781e+00,6.170476436614990234e+00,5.323907852172851562e+00,5.000005245208740234e+00,5.000005245208740234e+00,5.000005245208740234e+00,5.000005245208740234e+00,5.000847339630126953e+00,3.995213270187377930e+00,4.953994750976562500e+00
2.954924926757812500e+02,5.000005245208740234e+00,5.000005245208740234e+00,5.000005245208740234e+00,5.000005245208740234e+00,5.000005245208740234e+00,5.000005245208740234e+00,5.000005245208740234e+00,5.000005245208740234e+00,4.998793125152587891e+00,4.999009609222412109e+00,6.170477390289306641e+00,5.323913097381591797e+00,5.000005245208740234e+00,5.000005245208740234e+00,5.000005245208740234e+00,5.000005245208740234e+00,5.000716209411621094e+00,3.995213270187377930e+00,4.953999519348144531e+00
2.959933166503906250e+02,5.000005245208740234e+00,5.000005245208740234e+00,5.000005245208740234e+00,5.000005245208740234e+00,5.000005245208740234e+00,5.000005245208740234e+00,5.000005245208740234e+00,5.000005245208740234e+00,4.998978137969970703e+00,4.999154090881347656e+00,6.170476436614990234e+00,5.323908329010009766e+00,5.000005245208740234e+00,5.000005245208740234e+00,5.000005245208740234e+00,5.000005245208740234e+00,5.000608444213867188e+00,3.995213270187377930e+00,4.953993320465087891e+00
2.964941711425781250e+02,5.000005245208740234e+00,5.000005245208740234e+00,5.000005245208740234e+00,5.000005245208740234e+00,5.000005245208740234e+00,5.000005245208740234e+00,5.000005245208740234e+00,5.000005245208740234e+00,4.999131679534912109e+00,4.999275207519531250e+00,6.170477390289306641e+00,5.323915004730224609e+00,5.000005245208740234e+00,5.000005245208740234e+00,5.000005245208740234e+00,5.000005245208740234e+00,5.000517845153808594e+00,3.995212316513061523e+00,4.953999519348144531e+00
2.969949951171875000e+02,5.000005245208740234e+00,5.000005245208740234e+00,5.000005245208740234e+00,5.000005245208740234e+00,5.000005245208740234e+00,5.000005245208740234e+00,5.000005245208740234e+00,5.000005245208740234e+00,4.999260425567626953e+00,4.999377727508544922e+00,6.170476436614990234e+00,5.323907852172851562e+00,5.000005245208740234e+00,5.000005245208740234e+00,5.000005245208740234e+00,5.000005245208740234e+00,5.000442504882812500e+00,3.995212078094482422e+00,4.953994274139404297e+00
2.974958190917968750e+02,5.000005245208740234e+00,5.000005245208740234e+00,5.000005245208740234e+00,5.000005245208740234e+00,5.000005245208740234e+00,5.000005245208740234e+00,5.000005245208740234e+00,5.000005245208740234e+00,4.999368190765380859e+00,4.999464035034179688e+00,6.170477390289306641e+00,5.323907375335693359e+00,5.000005245208740234e+00,5.000005245208740234e+00,5.000005245208740234e+00,5.000005245208740234e+00,5.000379562377929688e+00,3.995210886001586914e+00,4.953995227813720703e+00
2.979966735839843750e+02,5.000005245208740234e+00,5.000005245208740234e+00,5.000005245208740234e+00,5.000005245208740234e+00,5.000005245208740234e+00,5.000005245208740234e+00,5.000005245208740234e+00,5.000005245208740234e+00,4.999458789825439453e+00,4.999537944793701172e+00,6.170478343963623047e+00,5.323912620544433594e+00,5.000005245208740234e+00,5.000005245208740234e+00,5.000005245208740234e+00,5.000005245208740234e+00,5.000326633453369141e+00,3.995211601257324219e+00,4.953999996185302734e+00
2.984974975585937500e+02,5.000005245208740234e+00,5.000005245208740234e+00,5.000005245208740234e+00,5.000005245208740234e+00,5.000005245208740234e+00,5.000005245208740234e+00,5.000005245208740234e+00,5.000005245208740234e+00,4.999535560607910156e+00,4.999601364135742188e+00,6.170477867126464844e+00,5.323908329010009766e+00,5.000005245208740234e+00,5.000005245208740234e+00,5.000005245208740234e+00,5.000005245208740234e+00,5.000281810760498047e+00,3.995212078094482422e+00,4.953994274139404297e+00
2.989983215332031250e+02,5.000005245208740234e+00,5.000005245208740234e+00,5.000005245208740234e+00,5.000005245208740234e+00,5.000005245208740234e+00,5.000005245208740234e+00,5.000005245208740234e+00,5.000005245208740234e+00,4.999599933624267578e+00,4.999654769897460938e+00,6.170477867126464844e+00,5.323909282684326172e+00,5.000005245208740234e+00,5.000005245208740234e+00,5.000005245208740234e+00,5.000005245208740234e+00,5.000243663787841797e+00,3.995211601257324219e+00,4.953994750976562500e+00
2.994991760253906250e+02,5.000005245208740234e+00,5.000005245208740234e+00,5.000005245208740234e+00,5.000005245208740234e+00,5.000005245208740234e+00,5.000005245208740234e+00,5.000005245208740234e+00,5.000005245208740234e+00,4.999654769897460938e+00,4.999700546264648438e+00,6.170478820800781250e+00,5.323914527893066406e+00,5.000005245208740234e+00,5.000005245208740234e+00,5.000005245208740234e+00,5.000005245208740234e+00,5.000211238861083984e+00,3.995211601257324219e+00,4.953999519348144531e+00
3.000000000000000000e+02,5.000005245208740234e+00,5.000005245208740234e+00,5.000005245208740234e+00,5.000005245208740234e+00,5.000005245208740234e+00,5.000005245208740234e+00,5.000005245208740234e+00,5.000005245208740234e+00,4.999702453613281250e+00,4.999740123748779297e+00,6.170477390289306641e+00,5.323908329010009766e+00,5.000005245208740234e+00,5.000005245208740234e+00,5.000005245208740234e+00,5.000005245208740234e+00,5.000184059143066406e+00,3.995211601257324219e+00,4.953994274139404297e+00
