time,theta_0,theta_1,theta_2,theta_3,theta_4,theta_5,theta_6,theta_7,theta_8,theta_9,theta_10,theta_11,theta_12,theta_13,theta_14,theta_15,theta_16,theta_17,theta_18
5.008347034454345703e-01,5.000005245208740234e+00,5.000005245208740234e+00,5.000005245208740234e+00,5.000005245208740234e+00,5.000005245208740234e+00,5.000005245208740234e+00,5.000005245208740234e+00,5.000005245208740234e+00,5.000005245208740234e+00,5.000005245208740234e+00,5.000005245208740234e+00,5.000005245208740234e+00,5.000005245208740234e+00,5.000005245208740234e+00,5.000005245208740234e+00,5.000005245208740234e+00,5.000005245208740234e+00,5.000005245208740234e+00,5.000005245208740234e+00
1.001669406890869141e+00,5.000005245208740234e+00,5.000005245208740234e+00,5.000005245208740234e+00,5.000005245208740234e+00,5.000005245208740234e+00,5.000005245208740234e+00,5.000005245208740234e+00,5.000005245208740234e+00,5.000005245208740234e+00,5.000005245208740234e+00,5.000005245208740234e+00,5.000005245208740234e+00,5.000005245208740234e+00,5.000005245208740234e+00,5.000005245208740234e+00,5.000005245208740234e+00,5.000005245208740234e+00,5.000005245208740234e+00,5.000005245208740234e+00
1.502504229545593262e+00,5.000005245208740234e+00,5.000005245208740234e+00,5.000005245208740234e+00,5.000005245208740234e+00,5.000005245208740234e+00,5.000005245208740234e+00,5.000005245208740234e+00,5.000005245208740234e+00,5.000005245208740234e+00,5.000005245208740234e+00,5.000005245208740234e+00,5.000005245208740234e+00,5.000005245208740234e+00,5.000005245208740234e+00,5.000005245208740234e+00,5.000005245208740234e+00,5.000005245208740234e+00,5.000005245208740234e+00,5.000005245208740234e+00
2.003338813781738281e+00,5.000005245208740234e+00,5.000005245208740234e+00,5.000005245208740234e+00,5.000005245208740234e+00,5.000005245208740234e+00,5.000005245208740234e+00,5.000005245208740234e+00,5.000005245208740234e+00,5.000005245208740234e+00,5.000005245208740234e+00,5.000005245208740234e+00,5.000005245208740234e+00,5.000005245208740234e+00,5.000005245208740234e+00,5.000005245208740234e+00,5.000005245208740234e+00,5.000005245208740234e+00,5.000005245208740234e+00,5.000005245208740234e+00
2.504173517227172852e+00,5.000005245208740234e+00,5.000005245208740234e+00,5.000005245208740234e+00,5.000005245208740234e+00,5.000005245208740234e+00,5.000005245208740234e+00,5.000005245208740234e+00,5.000005245208740234e+00,5.000005245208740234e+00,5.000005245208740234e+00,5.000005245208740234e+00,5.000005245208740234e+00,5.000005245208740234e+00,5.000005245208740234e+00,5.000005245208740234e+00,5.000005245208740234e+00,5.000005245208740234e+00,5.000005245208740234e+00,5.000005245208740234e+00
3.005008459091186523e+00,5.000005245208740234e+00,5.000005245208740234e+00,5.000005245208740234e+00,5.000005245208740234e+00,5.000005245208740234e+00,5.000005245208740234e+00,5.000005245208740234e+00,5.000005245208740234e+00,5.000005245208740234e+00,5.000005245208740234e+00,5.000005245208740234e+00,5.000005245208740234e+00,5.000005245208740234e+00,5.000005245208740234e+00,5.000005245208740234e+00,5.000005245208740234e+00,5.000005245208740234e+00,5.000005245208740234e+00,5.000005245208740234e+00
3.505843162536621094e+00,5.000005245208740234e+00,5.000005245208740234e+00,5.000005245208740234e+00,5.000005245208740234e+00,5.000005245208740234e+00,5.000005245208740234e+00,5.000005245208740234e+00,5.000005245208740234e+00,5.000005245208740234e+00,5.000005245208740234e+00,5.000005245208740234e+00,5.000005245208740234e+00,5.000005245208740234e+00,5.000005245208740234e+00,5.000005245208740234e+00,5.000005245208740234e+00,5.000005245208740234e+00,5.000005245208740234e+00,5.000005245208740234e+00
4.006677627563476562e+00,5.000005245208740234e+00,5.000005245208740234e+00,5.000005245208740234e+00,5.000005245208740234e+00,5.000005245208740234e+00,5.000005245208740234e+00,5.000005245208740234e+00,5.000005245208740234e+00,5.000005245208740234e+00,5.000005245208740234e+00,5.000005245208740234e+00,5.000005245208740234e+00,5.000005245208740234e+00,5.000005245208740234e+00,5.000005245208740234e+00,5.000005245208740234e+00,5.000005245208740234e+00,5.000005245208740234e+00,5.000005245208740234e+00
4.507512569427490234e+00,5.000005245208740234e+00,5.000005245208740234e+00,5.000005245208740234e+00,5.000005245208740234e+00,5.000005245208740234e+00,5.000005245208740234e+00,5.000005245208740234e+00,5.000005245208740234e+00,5.000005245208740234e+00,5.000005245208740234e+00,5.000005245208740234e+00,5.000005245208740234e+00,5.000005245208740234e+00,5.000005245208740234e+00,5.000005245208740234e+00,5.000005245208740234e+00,5.000005245208740234e+00,5.000005245208740234e+00,5.000005245208740234e+00
5.008347034454345703e+00,5.000005245208740234e+00,5.000005245208740234e+00,5.000005245208740234e+00,5.000005245208740234e+00,5.000005245208740234e+00,5.000005245208740234e+00,5.000005245208740234e+00,5.000005245208740234e+00,5.000005245208740234e+00,5.000005245208740234e+00,5.000005245208740234e+00,5.000005245208740234e+00,5.000005245208740234e+00,5.000005245208740234e+00,5.000005245208740234e+00,5.000005245208740234e+00,5.000005245208740234e+00,5.000005245208740234e+00,5.000005245208740234e+00
5.509181976318359375e+00,5.000005245208740234e+00,5.000005245208740234e+00,5.000005245208740234e+00,5.000005245208740234e+00,5.000005245208740234e+00,5.000005245208740234e+00,5.000005245208740234e+00,5.000005245208740234e+00,5.000005245208740234e+00,5.000005245208740234e+00,5.000005245208740234e+00,5.000005245208740234e+00,5.000005245208740234e+00,5.000005245208740234e+00,5.000005245208740234e+00,5.000005245208740234e+00,5.000005245208740234e+00,5.000005245208740234e+00,5.000005245208740234e+00
6.010016918182373047e+00,5.000005245208740234e+00,5.000005245208740234e+00,5.000005245208740234e+00,5.000005245208740234e+00,5.000005245208740234e+00,5.000005245208740234e+00,5.000005245208740234e+00,5.000005245208740234e+00,5.000005245208740234e+00,5.000005245208740234e+00,5.000005245208740234e+00,5.000005245208740234e+00,5.000005245208740234e+00,5.000005245208740234e+00,5.000005245208740234e+00,5.000005245208740234e+00,5.000005245208740234e+00,5.000005245208740234e+00,5.000005245208740234e+00
6.510851383209228516e+00,5.000005245208740234e+00,5.000005245208740234e+00,5.000005245208740234e+00,5.000005245208740234e+00,5.000005245208740234e+00,5.000005245208740234e+00,5.000005245208740234e+00,5.000005245208740234e+00,5.000005245208740234e+00,5.000005245208740234e+00,5.000005245208740234e+00,5.000005245208740234e+00,5.000005245208740234e+00,5.000005245208740234e+00,5.000005245208740234e+00,5.000005245208740234e+00,5.000005245208740234e+00,5.000005245208740234e+00,5.000005245208740234e+00
7.011686325073242188e+00,5.000005245208740234e+00,5.000005245208740234e+00,5.000005245208740234e+00,5.000005245208740234e+00,5.000005245208740234e+00,5.000005245208740234e+00,5.000005245208740234e+00,5.000005245208740234e+00,5.000005245208740234e+00,5.000005245208740234e+00,5.000005245208740234e+00,5.000005245208740234e+00,5.000005245208740234e+00,5.000005245208740234e+00,5.000005245208740234e+00,5.000005245208740234e+00,5.000005245208740234e+00,5.000005245208740234e+00,5.000005245208740234e+00
7.512520790100097656e+00,5.000005245208740234e+00,5.000005245208740234e+00,5.000005245208740234e+00,5.000005245208740234e+00,5.000005245208740234e+00,5.000005245208740234e+00,5.000005245208740234e+00,5.000005245208740234e+00,5.000005245208740234e+00,5.000005245208740234e+00,5.000005245208740234e+00,5.000005245208740234e+00,5.000005245208740234e+00,5.000005245208740234e+00,5.000005245208740234e+00,5.000005245208740234e+00,5.000005245208740234e+00,5.000005245208740234e+00,5.000005245208740234e+00
8.013355255126953125e+00,5.000005245208740234e+00,5.000005245208740234e+00,5.000005245208740234e+00,5.000005245208740234e+00,5.000005245208740234e+00,5.000005245208740234e+00,5.000005245208740234e+00,5.000005245208740234e+00,5.000005245208740234e+00,5.000005245208740234e+00,5.000005245208740234e+00,5.000005245208740234e+00,5.000005245208740234e+00,5.000005245208740234e+00,5.000005245208740234e+00,5.000005245208740234e+00,5.000005245208740234e+00,5.000005245208740234e+00,5.000005245208740234e+00
8.514190673828125000e+00,5.000005245208740234e+00,5.000005245208740234e+00,5.000005245208740234e+00,5.000005245208740234e+00,5.000005245208740234e+00,5.000005245208740234e+00,5.000005245208740234e+00,5.000005245208740234e+00,5.000005245208740234e+00,5.000005245208740234e+00,5.000005245208740234e+00,5.000005245208740234e+00,5.000005245208740234e+00,5.000005245208740234e+00,5.000005245208740234e+00,5.000005245208740234e+00,5.000005245208740234e+00,5.000005245208740234e+00,5.000005245208740234e+00
9.015025138854980469e+00,5.000005245208740234e+00,5.000005245208740234e+00,5.000005245208740234e+00,5.000005245208740234e+00,5.000005245208740234e+00,5.000005245208740234e+00,5.000005245208740234e+00,5.000005245208740234e+00,5.000005245208740234e+00,5.000005245208740234e+00,5.000005245208740234e+00,5.000005245208740234e+00,5.000005245208740234e+00,5.000005245208740234e+00,5.000005245208740234e+00,5.000005245208740234e+00,5.000005245208740234e+00,5.000005245208740234e+00,5.000005245208740234e+00
9.515859603881835938e+00,5.000005245208740234e+00,5.000005245208740234e+00,5.000005245208740234e+00,5.000005245208740234e+00,5.000005245208740234e+00,5.000005245208740234e+00,9.295324325561523438e+00,7.428671121597290039e-01,8.510621786117553711e-01,1.329095959663391113e+00,7.753822326660156250e+00,7.703383922576904297e+00,5.000005245208740234e+00,5.000005245208740234e+00,5.000005245208740234e+00,1.861896514892578125e+00,8.046277999877929688e+00,2.066951274871826172e+00,2.033087015151977539e+00
1.001669406890869141e+01,5.000005245208740234e+00,5.000005245208740234e+00,5.000005245208740234e+00,5.000005245208740234e+00,5.000005245208740234e+00,5.000005245208740234e+00,8.475394248962402344e+00,1.409081578254699707e+00,1.778821587562561035e+00,8.619260191917419434e-01,3.052995681762695312e+00,4.910617351531982422e+00,5.000005245208740234e+00,5.000005245208740234e+00,5.000005245208740234e+00,4.710815906524658203e+00,7.857917785644531250e+00,7.029969215393066406e+00,6.063930988311767578e+00
1.051752948760986328e+01,5.000005245208740234e+00,5.000005245208740234e+00,5.000005245208740234e+00,5.000005245208740234e+00,5.000005245208740234e+00,5.000005245208740234e+00,7.085133075714111328e+00,1.332648754119873047e+00,2.214956998825073242e+00,8.421636223793029785e-01,2.309111595153808594e+00,3.358014106750488281e+00,5.000005245208740234e+00,5.000005245208740234e+00,5.000005245208740234e+00,5.712836265563964844e+00,7.640740394592285156e+00,7.389646053314208984e+00,6.848728656768798828e+00
1.101836395263671875e+01,5.000005245208740234e+00,5.000005245208740234e+00,5.000005245208740234e+00,5.000005245208740234e+00,5.000005245208740234e+00,5.000005245208740234e+00,7.242041587829589844e+00,1.309256792068481445e+00,2.461035966873168945e+00,9.206411242485046387e-01,2.857837915420532227e+00,3.605794906616210938e+00,5.000005245208740234e+00,5.000005245208740234e+00,5.000005245208740234e+00,6.787672042846679688e+00,7.512799263000488281e+00,7.003368854522705078e+00,6.469205856323242188e+00
1.151919841766357422e+01,5.000005245208740234e+00,5.000005245208740234e+00,5.000005245208740234e+00,5.000005245208740234e+00,5.000005245208740234e+00,5.000005245208740234e+00,5.491551399230957031e+00,1.294273853302001953e+00,2.590669393539428711e+00,9.386956095695495605e-01,3.260537624359130859e+00,3.968765735626220703e+00,5.000005245208740234e+00,5.000005245208740234e+00,5.000005245208740234e+00,5.271974563598632812e+00,7.447451114654541016e+00,6.646966457366943359e+00,6.119909286499023438e+00
1.202003383636474609e+01,5.000005245208740234e+00,5.000005245208740234e+00,5.000005245208740234e+00,5.000005245208740234e+00,5.000005245208740234e+00,5.000005245208740234e+00,5.465992927551269531e+00,1.289088726043701172e+00,2.664250373840332031e+00,9.436849951744079590e-01,3.619955778121948242e+00,4.226809978485107422e+00,5.000005245208740234e+00,5.000005245208740234e+00,5.000005245208740234e+00,5.351078033447265625e+00,7.405174732208251953e+00,6.363484859466552734e+00,5.855514049530029297e+00
1.252086830139160156e+01,5.000005245208740234e+00,5.000005245208740234e+00,5.000005245208740234e+00,5.000005245208740234e+00,5.000005245208740234e+00,5.000005245208740234e+00,5.509468078613281250e+00,1.287165403366088867e+00,2.709821462631225586e+00,9.460872411727905273e-01,3.930734157562255859e+00,4.415819644927978516e+00,5.000005245208740234e+00,5.000005245208740234e+00,5.000005245208740234e+00,5.438147068023681641e+00,7.373795032501220703e+00,6.094758033752441406e+00,5.649962902069091797e+00
1.302170276641845703e+01,5.000005245208740234e+00,5.000005245208740234e+00,5.000005245208740234e+00,5.000005245208740234e+00,5.000005245208740234e+00,5.000005245208740234e+00,5.504128932952880859e+00,1.286462783813476562e+00,2.743762969970703125e+00,9.473961591720581055e-01,4.198584079742431641e+00,4.559238910675048828e+00,5.000005245208740234e+00,5.000005245208740234e+00,5.000005245208740234e+00,5.446274757385253906e+00,7.359421253204345703e+00,5.843631744384765625e+00,5.493097305297851562e+00
1.352253723144531250e+01,5.000005245208740234e+00,5.000005245208740234e+00,5.000005245208740234e+00,5.000005245208740234e+00,5.000005245208740234e+00,5.000005245208740234e+00,5.457000732421875000e+00,1.286213636398315430e+00,2.770542383193969727e+00,9.481872916221618652e-01,4.433876514434814453e+00,4.677308559417724609e+00,5.000005245208740234e+00,5.000005245208740234e+00,5.000005245208740234e+00,5.398826599121093750e+00,7.354427814483642578e+00,5.619415760040283203e+00,5.380716323852539062e+00
1.402337265014648438e+01,5.000005245208740234e+00,5.000005245208740234e+00,5.000005245208740234e+00,5.000005245208740234e+00,5.000005245208740234e+00,5.000005245208740234e+00,5.412588596343994141e+00,1.286132216453552246e+00,2.791490793228149414e+00,9.487116336822509766e-01,4.644479751586914062e+00,4.776778697967529297e+00,5.000005245208740234e+00,5.000005245208740234e+00,5.000005245208740234e+00,5.351136684417724609e+00,7.352137088775634766e+00,5.424938678741455078e+00,5.299746036529541016e+00
1.452420711517333984e+01,5.000005245208740234e+00,5.000005245208740234e+00,5.000005245208740234e+00,5.000005245208740234e+00,5.000005245208740234e+00,5.000005245208740234e+00,5.391817569732666016e+00,1.286126375198364258e+00,2.807647466659545898e+00,9.490861296653747559e-01,4.833414554595947266e+00,4.859947681427001953e+00,5.000005245208740234e+00,5.000005245208740234e+00,5.000005245208740234e+00,5.328630447387695312e+00,7.349719524383544922e+00,5.256446838378906250e+00,5.238827228546142578e+00
1.502504158020019531e+01,5.000005245208740234e+00,5.000005245208740234e+00,5.000005245208740234e+00,5.000005245208740234e+00,5.000005245208740234e+00,5.000005245208740234e+00,5.392327785491943359e+00,1.286233544349670410e+00,2.820130825042724609e+00,9.493733644485473633e-01,5.002041816711425781e+00,4.929146289825439453e+00,5.000005245208740234e+00,5.000005245208740234e+00,5.000005245208740234e+00,5.329450607299804688e+00,7.346818447113037109e+00,5.109423160552978516e+00,5.191257476806640625e+00
1.552587604522705078e+01,5.000005245208740234e+00,5.000005245208740234e+00,5.000005245208740234e+00,5.000005245208740234e+00,5.000005245208740234e+00,5.000005245208740234e+00,5.396857738494873047e+00,1.286746740341186523e+00,2.829957962036132812e+00,9.496257901191711426e-01,5.151441574096679688e+00,4.986722469329833984e+00,5.000005245208740234e+00,5.000005245208740234e+00,5.000005245208740234e+00,5.334769248962402344e+00,7.343954563140869141e+00,4.980154037475585938e+00,5.153133392333984375e+00
1.602671051025390625e+01,5.000005245208740234e+00,5.000005245208740234e+00,5.000005245208740234e+00,5.000005245208740234e+00,5.000005245208740234e+00,5.000005245208740234e+00,5.396418094635009766e+00,1.289086461067199707e+00,2.837755918502807617e+00,9.499325156211853027e-01,5.282907485961914062e+00,5.034714221954345703e+00,5.000005245208740234e+00,5.000005245208740234e+00,5.000005245208740234e+00,5.335639953613281250e+00,7.341188430786132812e+00,4.865893840789794922e+00,5.121970653533935547e+00
1.652754592895507812e+01,5.000005245208740234e+00,5.000005245208740234e+00,5.000005245208740234e+00,5.000005245208740234e+00,5.000005245208740234e+00,5.000005245208740234e+00,5.388988971710205078e+00,1.299011826515197754e+00,2.843970298767089844e+00,9.504699110984802246e-01,5.397977352142333984e+00,5.074823379516601562e+00,5.000005245208740234e+00,5.000005245208740234e+00,5.000005245208740234e+00,5.335378170013427734e+00,7.338432312011718750e+00,4.764615058898925781e+00,5.096108913421630859e+00
1.702838134765625000e+01,5.000005245208740234e+00,5.000005245208740234e+00,5.000005245208740234e+00,5.000005245208740234e+00,5.000005245208740234e+00,5.000005245208740234e+00,5.356823921203613281e+00,1.333820462226867676e+00,2.849014759063720703e+00,9.513446092605590820e-01,5.498306751251220703e+00,5.108457088470458984e+00,5.000005245208740234e+00,5.000005245208740234e+00,5.000005245208740234e+00,5.353741168975830078e+00,7.335603237152099609e+00,4.674763202667236328e+00,5.074401378631591797e+00
1.752921485900878906e+01,5.000005245208740234e+00,5.000005245208740234e+00,5.000005245208740234e+00,5.000005245208740234e+00,2.887472212314605713e-01,1.112398982048034668e+00,7.821191310882568359e+00,7.905027866363525391e+00,2.915971279144287109e+00,1.148850321769714355e+00,5.616196155548095703e+00,5.152219295501708984e+00,5.000005245208740234e+00,5.000005245208740234e+00,8.934411048889160156e+00,1.989391684532165527e+00,7.114547729492187500e+00,4.595405578613281250e+00,5.056514739990234375e+00
1.803005027770996094e+01,5.000005245208740234e+00,5.000005245208740234e+00,5.000005245208740234e+00,5.000005245208740234e+00,1.742480516433715820e+00,1.155812978744506836e+00,2.201333284378051758e+00,5.871563911437988281e+00,2.979397535324096680e+00,1.178051114082336426e+00,5.691752433776855469e+00,5.171975135803222656e+00,5.000005245208740234e+00,5.000005245208740234e+00,7.932339191436767578e+00,7.104098320007324219e+00,7.082602024078369141e+00,4.527139663696289062e+00,5.035885810852050781e+00
1.853088569641113281e+01,5.000005245208740234e+00,5.000005245208740234e+00,5.000005245208740234e+00,5.000005245208740234e+00,2.236957311630249023e+00,1.352533340454101562e+00,3.044121503829956055e+00,5.108364224433898926e-01,2.563776731491088867e+00,5.680537223815917969e-01,5.732663154602050781e+00,5.170736789703369141e+00,5.000005245208740234e+00,5.000005245208740234e+00,7.664807796478271484e+00,6.867188930511474609e+00,7.353306293487548828e+00,4.515480041503906250e+00,5.037432193756103516e+00
1.903171920776367188e+01,5.000005245208740234e+00,5.000005245208740234e+00,5.000005245208740234e+00,5.000005245208740234e+00,2.394330739974975586e+00,1.411130309104919434e+00,3.710158109664916992e+00,1.047613143920898438e+00,2.446733713150024414e+00,7.318131923675537109e-01,5.802575111389160156e+00,5.196743965148925781e+00,5.000005245208740234e+00,5.000005245208740234e+00,7.579155921936035156e+00,6.415338039398193359e+00,7.569320678710937500e+00,4.471201896667480469e+00,5.026343345642089844e+00
1.953255462646484375e+01,5.000005245208740234e+00,5.000005245208740234e+00,5.000005245208740234e+00,5.000005245208740234e+00,2.451004743576049805e+00,1.470036745071411133e+00,4.045195102691650391e+00,1.258567333221435547e+00,2.355901956558227539e+00,9.598451256752014160e-01,5.835484504699707031e+00,5.232044696807861328e+00,5.000005245208740234e+00,5.000005245208740234e+00,7.563166618347167969e+00,6.053240776062011719e+00,7.446620464324951172e+00,4.439203739166259766e+00,5.029128074645996094e+00
2.003338813781738281e+01,5.000005245208740234e+00,5.000005245208740234e+00,5.000005245208740234e+00,5.000005245208740234e+00,2.465667247772216797e+00,1.473965883255004883e+00,4.193993091583251953e+00,1.269443154335021973e+00,2.332864522933959961e+00,9.515474438667297363e-01,5.832489013671875000e+00,5.244056701660156250e+00,5.000005245208740234e+00,5.000005245208740234e+00,7.559354782104492188e+00,5.798963069915771484e+00,7.479531764984130859e+00,4.452022552490234375e+00,5.032340049743652344e+00
2.053422355651855469e+01,5.000005245208740234e+00,5.000005245208740234e+00,5.000005245208740234e+00,5.000005245208740234e+00,2.470134019851684570e+00,1.475118041038513184e+00,4.343577384948730469e+00,1.275220274925231934e+00,2.360224962234497070e+00,9.470325708389282227e-01,5.805582523345947266e+00,5.243587017059326172e+00,5.000005245208740234e+00,5.000005245208740234e+00,7.558120250701904297e+00,5.719984054565429688e+00,7.493957042694091797e+00,4.483689785003662109e+00,5.035043239593505859e+00
2.103505897521972656e+01,5.000005245208740234e+00,5.000005245208740234e+00,5.000005245208740234e+00,5.000005245208740234e+00,2.471457958221435547e+00,1.475476145744323730e+00,4.473401546478271484e+00,1.278625249862670898e+00,2.404065608978271484e+00,9.455463290214538574e-01,5.764289855957031250e+00,5.235735893249511719e+00,5.000005245208740234e+00,5.000005245208740234e+00,7.557588100433349609e+00,5.704529762268066406e+00,7.487762928009033203e+00,4.523905754089355469e+00,5.039681434631347656e+00
2.153589248657226562e+01,5.000005245208740234e+00,5.000005245208740234e+00,5.000005245208740234e+00,5.000005245208740234e+00,2.471520900726318359e+00,1.475585818290710449e+00,4.569806575775146484e+00,1.280750989913940430e+00,2.450675487518310547e+00,9.454323053359985352e-01,5.718782901763916016e+00,5.223540306091308594e+00,5.000005245208740234e+00,5.000005245208740234e+00,7.556222438812255859e+00,5.695922374725341797e+00,7.473337650299072266e+00,4.563286781311035156e+00,5.045205593109130859e+00
2.203672790527343750e+01,5.000005245208740234e+00,5.000005245208740234e+00,5.000005245208740234e+00,5.000005245208740234e+00,2.470832347869873047e+00,1.475615024566650391e+00,4.648381233215332031e+00,1.282132148742675781e+00,2.494378089904785156e+00,9.458346366882324219e-01,5.677127838134765625e+00,5.209687709808349609e+00,5.000005245208740234e+00,5.000005245208740234e+00,7.553311824798583984e+00,5.698733329772949219e+00,7.456284523010253906e+00,4.595366954803466797e+00,5.050151824951171875e+00
2.253756332397460938e+01,5.000005245208740234e+00,5.000005245208740234e+00,5.000005245208740234e+00,5.000005245208740234e+00,2.469639301300048828e+00,1.475623607635498047e+00,4.719527244567871094e+00,1.283068299293518066e+00,2.532944202423095703e+00,9.463831186294555664e-01,5.644439220428466797e+00,5.196599483489990234e+00,5.000005245208740234e+00,5.000005245208740234e+00,7.548964500427246094e+00,5.716224670410156250e+00,7.437798500061035156e+00,4.616965770721435547e+00,5.053677558898925781e+00
2.303839683532714844e+01,5.000005245208740234e+00,5.000005245208740234e+00,5.000005245208740234e+00,5.000005245208740234e+00,2.467376470565795898e+00,1.475630164146423340e+00,4.765564441680908203e+00,1.283736109733581543e+00,2.562420129776000977e+00,9.469305276870727539e-01,5.624576568603515625e+00,5.186888694763183594e+00,5.000005245208740234e+00,5.000005245208740234e+00,7.540948867797851562e+00,5.715651512145996094e+00,7.406783103942871094e+00,4.628686428070068359e+00,5.056382656097412109e+00
2.353923225402832031e+01,5.000005245208740234e+00,5.000005245208740234e+00,5.000005245208740234e+00,5.000005245208740234e+00,2.464624643325805664e+00,1.475633502006530762e+00,4.814600467681884766e+00,1.284218072891235352e+00,2.588200330734252930e+00,9.474193453788757324e-01,5.614999294281005859e+00,5.179534435272216797e+00,5.000005245208740234e+00,5.000005245208740234e+00,7.531247138977050781e+00,5.732531547546386719e+00,7.380385875701904297e+00,4.628915309906005859e+00,5.056425571441650391e+00
2.404006767272949219e+01,5.000005245208740234e+00,5.000005245208740234e+00,5.000005245208740234e+00,5.000005245208740234e+00,2.463366985321044922e+00,1.475645303726196289e+00,4.862951755523681641e+00,1.284583210945129395e+00,2.610651969909667969e+00,9.478421807289123535e-01,5.615696430206298828e+00,5.175376892089843750e+00,5.000005245208740234e+00,5.000005245208740234e+00,7.526822566986083984e+00,5.758064746856689453e+00,7.357801437377929688e+00,4.619985580444335938e+00,5.054642200469970703e+00
2.454090118408203125e+01,5.000005245208740234e+00,5.000005245208740234e+00,5.000005245208740234e+00,5.000005245208740234e+00,2.468467950820922852e+00,1.475660443305969238e+00,4.895659923553466797e+00,1.284869432449340820e+00,2.631058454513549805e+00,9.481981396675109863e-01,5.625314712524414062e+00,5.174629211425781250e+00,5.000005245208740234e+00,5.000005245208740234e+00,7.544814109802246094e+00,5.769169807434082031e+00,7.341020107269287109e+00,4.603864669799804688e+00,5.051782608032226562e+00
2.504173660278320312e+01,5.000005245208740234e+00,5.000005245208740234e+00,5.000005245208740234e+00,5.000005245208740234e+00,2.500587224960327148e+00,1.475706219673156738e+00,4.923788547515869141e+00,1.285108804702758789e+00,2.651107072830200195e+00,9.485073685646057129e-01,5.641774177551269531e+00,5.176538467407226562e+00,5.000005245208740234e+00,5.000005245208740234e+00,7.658005714416503906e+00,5.779783248901367188e+00,7.333361625671386719e+00,4.582018375396728516e+00,5.047870635986328125e+00
2.554257011413574219e+01,5.000005245208740234e+00,5.000005245208740234e+00,5.000005245208740234e+00,5.000005245208740234e+00,2.554633378982543945e+00,1.475811004638671875e+00,4.949174404144287109e+00,1.285332679748535156e+00,2.669411659240722656e+00,9.487808942794799805e-01,5.663589477539062500e+00,5.180517196655273438e+00,5.000005245208740234e+00,5.000005245208740234e+00,7.848519802093505859e+00,5.791243076324462891e+00,7.328833580017089844e+00,4.556195259094238281e+00,5.043166160583496094e+00
2.604340553283691406e+01,5.000005245208740234e+00,5.000005245208740234e+00,5.000005245208740234e+00,5.000005245208740234e+00,2.643149137496948242e+00,1.476067423820495605e+00,4.964963912963867188e+00,1.285595774650573730e+00,2.685811519622802734e+00,9.490433335304260254e-01,5.689114093780517578e+00,5.185966014862060547e+00,5.000005245208740234e+00,5.000005245208740234e+00,8.160688400268554688e+00,5.793267250061035156e+00,7.325652122497558594e+00,4.527617454528808594e+00,5.037870407104492188e+00
2.654424095153808594e+01,5.000005245208740234e+00,5.000005245208740234e+00,5.000005245208740234e+00,5.000005245208740234e+00,2.764075279235839844e+00,1.476586818695068359e+00,4.975830078125000000e+00,1.285928606986999512e+00,2.700260877609252930e+00,9.493029117584228516e-01,5.716970920562744141e+00,5.192407608032226562e+00,5.000005245208740234e+00,5.000005245208740234e+00,8.587635040283203125e+00,5.791634559631347656e+00,7.322629928588867188e+00,4.497324466705322266e+00,5.032196044921875000e+00
2.704507446289062500e+01,5.000005245208740234e+00,5.000005245208740234e+00,5.000005245208740234e+00,5.000005245208740234e+00,2.832987785339355469e+00,1.477448463439941406e+00,4.977248668670654297e+00,1.286304473876953125e+00,2.712258338928222656e+00,9.495242238044738770e-01,5.746084690093994141e+00,5.199460029602050781e+00,5.000005245208740234e+00,5.000005245208740234e+00,8.832573890686035156e+00,5.779700756072998047e+00,7.317433834075927734e+00,4.466192722320556641e+00,5.026340484619140625e+00
2.754590988159179688e+01,5.000005245208740234e+00,5.000005245208740234e+00,5.000005245208740234e+00,5.000005245208740234e+00,2.903431653976440430e+00,1.480050921440124512e+00,4.954089641571044922e+00,1.287242174148559570e+00,2.723248004913330078e+00,9.498960971832275391e-01,5.775605678558349609e+00,5.206869602203369141e+00,5.000005245208740234e+00,5.000005245208740234e+00,9.086422920227050781e+00,5.736258506774902344e+00,7.313567638397216797e+00,4.434893608093261719e+00,5.020495891571044922e+00
2.804674530029296875e+01,5.000005245208740234e+00,5.000005245208740234e+00,5.000005245208740234e+00,5.000005245208740234e+00,2.706612348556518555e+00,1.484652161598205566e+00,4.941638469696044922e+00,1.288678526878356934e+00,2.733417987823486328e+00,9.503374695777893066e-01,5.804821968078613281e+00,5.214334964752197266e+00,5.000005245208740234e+00,5.000005245208740234e+00,8.402796745300292969e+00,5.709084510803222656e+00,7.311069011688232422e+00,4.403927803039550781e+00,5.014714241027832031e+00
2.854757881164550781e+01,5.000005245208740234e+00,5.000005245208740234e+00,5.000005245208740234e+00,5.000005245208740234e+00,2.634721517562866211e+00,1.492428421974182129e+00,4.927635192871093750e+00,1.290692329406738281e+00,2.742988824844360352e+00,9.508132338523864746e-01,5.833266735076904297e+00,5.221707344055175781e+00,5.000005245208740234e+00,5.000005245208740234e+00,8.167993545532226562e+00,5.681203365325927734e+00,7.310076236724853516e+00,4.373720645904541016e+00,5.009111404418945312e+00
2.904841423034667969e+01,5.000005245208740234e+00,5.000005245208740234e+00,5.000005245208740234e+00,5.000005245208740234e+00,2.595490694046020508e+00,1.505217432975769043e+00,4.918485641479492188e+00,1.293638348579406738e+00,2.751730203628540039e+00,9.513814449310302734e-01,5.860644817352294922e+00,5.228868961334228516e+00,5.000005245208740234e+00,5.000005245208740234e+00,8.062070846557617188e+00,5.660927772521972656e+00,7.309409618377685547e+00,4.344605922698974609e+00,5.003743648529052734e+00
2.954924964904785156e+01,5.000005245208740234e+00,5.000005245208740234e+00,5.000005245208740234e+00,5.000005245208740234e+00,2.561291217803955078e+00,1.525661230087280273e+00,4.912683486938476562e+00,1.297737956047058105e+00,2.759621620178222656e+00,9.520195126533508301e-01,5.886719226837158203e+00,5.235725879669189453e+00,5.000005245208740234e+00,5.000005245208740234e+00,7.995571136474609375e+00,5.645977020263671875e+00,7.308611392974853516e+00,4.316795349121093750e+00,4.998648166656494141e+00
3.005008316040039062e+01,5.000005245208740234e+00,5.000005245208740234e+00,5.000005245208740234e+00,5.000005245208740234e+00,2.523397684097290039e+00,1.557829856872558594e+00,4.909562587738037109e+00,1.303137183189392090e+00,2.766735792160034180e+00,9.526755809783935547e-01,5.911343097686767578e+00,5.242225170135498047e+00,5.000005245208740234e+00,5.000005245208740234e+00,7.950102806091308594e+00,5.635175704956054688e+00,7.307527542114257812e+00,4.290433406829833984e+00,4.993850231170654297e+00
3.055091857910156250e+01,5.000005245208740234e+00,5.000005245208740234e+00,5.000005245208740234e+00,5.000005245208740234e+00,2.474749803543090820e+00,1.608255743980407715e+00,4.908663272857666016e+00,1.309631943702697754e+00,2.773167371749877930e+00,9.532174468040466309e-01,5.934434890747070312e+00,5.248334884643554688e+00,5.000005245208740234e+00,5.000005245208740234e+00,7.920686721801757812e+00,5.627532005310058594e+00,7.306061267852783203e+00,4.265609264373779297e+00,4.989361763000488281e+00
3.105175209045410156e+01,5.000005245208740234e+00,5.000005245208740234e+00,5.000005245208740234e+00,5.000005245208740234e+00,2.406430721282958984e+00,1.687421917915344238e+00,4.909624099731445312e+00,1.316251754760742188e+00,2.779016494750976562e+00,9.534405469894409180e-01,5.955964565277099609e+00,5.254035949707031250e+00,5.000005245208740234e+00,5.000005245208740234e+00,7.907811641693115234e+00,5.621914863586425781e+00,7.304136753082275391e+00,4.242370605468750000e+00,4.985189914703369141e+00
3.155258750915527344e+01,5.000005245208740234e+00,5.000005245208740234e+00,5.000005245208740234e+00,5.000005245208740234e+00,2.305990457534790039e+00,1.810986995697021484e+00,4.912013530731201172e+00,1.320716261863708496e+00,2.784345388412475586e+00,9.531008005142211914e-01,5.975940227508544922e+00,5.259326457977294922e+00,5.000005245208740234e+00,5.000005245208740234e+00,7.914883136749267578e+00,5.617292881011962891e+00,7.301711082458496094e+00,4.220718860626220703e+00,4.981331825256347656e+00
3.205342102050781250e+01,5.000005245208740234e+00,5.000005245208740234e+00,5.000005245208740234e+00,5.000005245208740234e+00,2.159066200256347656e+00,1.999363064765930176e+00,4.914702892303466797e+00,1.319618344306945801e+00,2.789127111434936523e+00,9.520632028579711914e-01,5.994400978088378906e+00,5.264214992523193359e+00,5.000005245208740234e+00,5.000005245208740234e+00,7.945830821990966797e+00,5.613649845123291016e+00,7.298788070678710938e+00,4.200635433197021484e+00,4.977776527404785156e+00
3.255425643920898438e+01,5.000005245208740234e+00,5.000005245208740234e+00,5.000005245208740234e+00,5.000005245208740234e+00,1.958875656127929688e+00,2.273725032806396484e+00,4.915549278259277344e+00,1.309981942176818848e+00,2.793248891830444336e+00,9.504094123840332031e-01,6.011403083801269531e+00,5.268713951110839844e+00,5.000005245208740234e+00,5.000005245208740234e+00,8.000710487365722656e+00,5.612366676330566406e+00,7.295430183410644531e+00,4.182068347930908203e+00,4.974513053894042969e+00
3.305509185791015625e+01,5.000005245208740234e+00,5.000005245208740234e+00,5.000005245208740234e+00,5.000005245208740234e+00,1.720608472824096680e+00,2.645542860031127930e+00,4.912502288818359375e+00,1.291551709175109863e+00,2.796584844589233398e+00,9.484141469001770020e-01,6.027021884918212891e+00,5.272847175598144531e+00,5.000005245208740234e+00,5.000005245208740234e+00,8.071178436279296875e+00,5.614879131317138672e+00,7.291698455810546875e+00,4.164956092834472656e+00,4.971521377563476562e+00
3.355592727661132812e+01,5.000005245208740234e+00,5.000005245208740234e+00,5.000005245208740234e+00,5.000005245208740234e+00,1.482408046722412109e+00,3.098568201065063477e+00,4.905105590820312500e+00,1.267761111259460449e+00,2.799104928970336914e+00,9.464460611343383789e-01,6.041333675384521484e+00,5.276632308959960938e+00,5.000005245208740234e+00,5.000005245208740234e+00,8.141283035278320312e+00,5.620881080627441406e+00,7.287615776062011719e+00,4.149219989776611328e+00,4.968782424926757812e+00
3.405676269531250000e+01,5.000005245208740234e+00,5.000005245208740234e+00,5.000005245208740234e+00,5.000005245208740234e+00,1.282783627510070801e+00,3.582521677017211914e+00,4.894769668579101562e+00,1.244454741477966309e+00,2.800901651382446289e+00,9.448279738426208496e-01,6.054419517517089844e+00,5.280092716217041016e+00,5.000005245208740234e+00,5.000005245208740234e+00,8.194630622863769531e+00,5.628112792968750000e+00,7.283116817474365234e+00,4.134782791137695312e+00,4.966279983520507812e+00
3.455759429931640625e+01,1.868503093719482422e+00,4.548911154270172119e-01,6.701018333435058594e+00,8.412993431091308594e+00,8.758111000061035156e+00,9.017140388488769531e+00,9.202742576599121094e+00,9.184697151184082031e+00,3.101585626602172852e+00,1.618548870086669922e+00,6.074819087982177734e+00,5.288504123687744141e+00,7.701212882995605469e+00,3.811508178710937500e+00,9.700283408164978027e-01,5.446377992630004883e-01,6.960682868957519531e+00,4.110055923461914062e+00,4.959445953369140625e+00
3.505842971801757812e+01,3.886828422546386719e+00,8.160922527313232422e-01,2.624237537384033203e+00,1.007846474647521973e+00,7.411571502685546875e+00,8.277667999267578125e+00,8.787968635559082031e+00,8.998007774353027344e+00,3.689712762832641602e+00,2.722062349319458008e+00,6.098549842834472656e+00,5.300601959228515625e+00,6.128742218017578125e+00,7.375861167907714844e+00,2.829409360885620117e+00,9.118447303771972656e-01,6.476985454559326172e+00,4.079414844512939453e+00,4.950081825256347656e+00
3.555926513671875000e+01,4.612091064453125000e+00,9.270730018615722656e-01,3.228099346160888672e+00,1.238449454307556152e+00,1.056667685508728027e+00,6.046529293060302734e+00,8.347607612609863281e+00,8.324918746948242188e+00,3.548448085784912109e+00,1.791037917137145996e+00,6.093462944030761719e+00,5.297181129455566406e+00,5.976022720336914062e+00,6.603681087493896484e+00,7.974728584289550781e+00,1.534296512603759766e+00,6.713706493377685547e+00,4.087651252746582031e+00,4.954605579376220703e+00
3.606010055541992188e+01,4.810104370117187500e+00,9.357835054397583008e-01,3.559172630310058594e+00,1.184098482131958008e+00,1.406220555305480957e+00,1.564114809036254883e+00,6.924839496612548828e+00,7.133962154388427734e+00,3.543851375579833984e+00,1.251070499420166016e+00,6.094842433929443359e+00,5.293711662292480469e+00,5.925787448883056641e+00,6.409438133239746094e+00,7.747647285461425781e+00,3.647817850112915039e+00,6.887657642364501953e+00,4.090599060058593750e+00,4.955194950103759766e+00
3.656093597412109375e+01,4.871474742889404297e+00,9.425873756408691406e-01,3.787328720092773438e+00,1.197989344596862793e+00,1.652951836585998535e+00,1.578411579132080078e+00,2.863502264022827148e+00,1.593688249588012695e+00,3.079618215560913086e+00,5.924618840217590332e-01,6.098003387451171875e+00,5.290652751922607422e+00,5.918409347534179688e+00,6.329154968261718750e+00,7.641390323638916016e+00,7.329497337341308594e+00,6.857593059539794922e+00,4.097328662872314453e+00,4.957621574401855469e+00
3.706177139282226562e+01,4.880773544311523438e+00,9.313468337059020996e-01,3.917401552200317383e+00,1.165014743804931641e+00,1.798776388168334961e+00,1.304118633270263672e+00,3.018323183059692383e+00,4.271081387996673584e-01,2.570689916610717773e+00,2.037255913019180298e-01,6.105517864227294922e+00,5.290823936462402344e+00,5.913992881774902344e+00,6.280434608459472656e+00,7.789596557617187500e+00,7.181871891021728516e+00,7.142829418182373047e+00,4.101428985595703125e+00,4.959497451782226562e+00
3.756260299682617188e+01,4.877716541290283203e+00,9.241392612457275391e-01,4.002534866333007812e+00,1.152145385742187500e+00,1.907710909843444824e+00,1.261614322662353516e+00,3.413032293319702148e+00,4.556067287921905518e-01,1.980853557586669922e+00,1.336779594421386719e-01,6.117060184478759766e+00,5.293360710144042969e+00,5.907258987426757812e+00,6.235862731933593750e+00,7.762235641479492188e+00,6.899418830871582031e+00,7.514249324798583984e+00,4.107721805572509766e+00,4.961025714874267578e+00
3.806343841552734375e+01,4.870427131652832031e+00,9.286217093467712402e-01,4.064060688018798828e+00,1.167938709259033203e+00,2.005534172058105469e+00,1.359977245330810547e+00,3.753605127334594727e+00,9.537613987922668457e-01,1.829578399658203125e+00,1.799175739288330078e-01,6.124136924743652344e+00,5.293051242828369141e+00,5.892781257629394531e+00,6.188693523406982422e+00,7.716617107391357422e+00,6.615570545196533203e+00,7.477079391479492188e+00,4.120464801788330078e+00,4.960962295532226562e+00
3.856427383422851562e+01,4.859690189361572266e+00,9.306522011756896973e-01,4.104770660400390625e+00,1.175431609153747559e+00,2.073298931121826172e+00,1.399388313293457031e+00,3.932291984558105469e+00,1.106759190559387207e+00,1.900911808013916016e+00,2.242193967103958130e-01,6.127462863922119141e+00,5.290345668792724609e+00,5.876307010650634766e+00,6.149599075317382812e+00,7.681100845336914062e+00,6.434334278106689453e+00,7.486668109893798828e+00,4.146238803863525391e+00,4.961674213409423828e+00
3.906510925292968750e+01,4.844730377197265625e+00,9.252343177795410156e-01,4.129657745361328125e+00,1.169771313667297363e+00,2.121169805526733398e+00,1.391431570053100586e+00,4.037427902221679688e+00,1.114253401756286621e+00,2.180686473846435547e+00,2.953701317310333252e-01,6.119678020477294922e+00,5.292939186096191406e+00,5.857160568237304688e+00,6.116470336914062500e+00,7.659108161926269531e+00,6.312833309173583984e+00,8.351368904113769531e+00,4.181551456451416016e+00,4.970597743988037109e+00
3.956594467163085938e+01,4.830578804016113281e+00,9.253281950950622559e-01,4.151136875152587891e+00,1.174106240272521973e+00,2.164574384689331055e+00,1.412841439247131348e+00,4.143346786499023438e+00,1.174640417098999023e+00,2.174482583999633789e+00,5.786641836166381836e-01,6.097836971282958984e+00,5.286483764648437500e+00,5.835396289825439453e+00,6.086405754089355469e+00,7.638369560241699219e+00,6.206552505493164062e+00,7.787384986877441406e+00,4.213510990142822266e+00,4.968849182128906250e+00
4.006677627563476562e+01,4.839259147644042969e+00,9.366955757141113281e-01,4.172254085540771484e+00,1.192690849304199219e+00,2.205381393432617188e+00,1.462892293930053711e+00,4.232876777648925781e+00,1.268167018890380859e+00,2.273839235305786133e+00,9.119889736175537109e-01,6.061437129974365234e+00,5.286664485931396484e+00,5.839797496795654297e+00,6.059203147888183594e+00,7.621747493743896484e+00,6.087117195129394531e+00,7.679840564727783203e+00,4.242180347442626953e+00,4.971745014190673828e+00
4.056761169433593750e+01,4.737330436706542969e+00,9.387356042861938477e-01,4.181513786315917969e+00,1.195856451988220215e+00,2.232398033142089844e+00,1.470513701438903809e+00,4.281610012054443359e+00,1.279889345169067383e+00,2.278405427932739258e+00,9.441213607788085938e-01,6.009353637695312500e+00,5.283428668975830078e+00,5.704379081726074219e+00,6.033158779144287109e+00,7.610414505004882812e+00,5.999673843383789062e+00,7.481384277343750000e+00,4.291214942932128906e+00,4.983957767486572266e+00
4.106844711303710938e+01,4.809913635253906250e+00,9.388428330421447754e-01,4.190898418426513672e+00,1.196216225624084473e+00,2.252327680587768555e+00,1.471564531326293945e+00,4.329600334167480469e+00,1.281177163124084473e+00,2.306934118270874023e+00,9.455170035362243652e-01,5.953959465026855469e+00,5.278785228729248047e+00,5.799879074096679688e+00,6.016036510467529297e+00,7.593725204467773438e+00,5.944663524627685547e+00,7.416741847991943359e+00,4.347891330718994141e+00,4.999409675598144531e+00
4.156928253173828125e+01,4.923057079315185547e+00,9.388728737831115723e-01,4.191644191741943359e+00,1.196423649787902832e+00,2.268869161605834961e+00,1.472225904464721680e+00,4.379208564758300781e+00,1.281954288482666016e+00,2.346992492675781250e+00,9.461047649383544922e-01,5.898133277893066406e+00,5.271705150604248047e+00,5.948840618133544922e+00,5.989786148071289062e+00,7.577646732330322266e+00,5.911391735076904297e+00,7.408203601837158203e+00,4.405812263488769531e+00,5.014889717102050781e+00
4.207011795043945312e+01,9.241609573364257812e+00,2.938320934772491455e-01,3.315424680709838867e+00,1.561326622962951660e+00,2.304689407348632812e+00,1.643133163452148438e+00,4.602767944335937500e+00,1.408962368965148926e+00,2.423325777053833008e+00,1.097556710243225098e+00,5.844639778137207031e+00,5.263237476348876953e+00,1.725241661071777344e+00,7.885094165802001953e+00,7.433608531951904297e+00,6.027294635772705078e+00,7.341897487640380859e+00,4.438671588897705078e+00,5.018523216247558594e+00
4.257095336914062500e+01,7.319289684295654297e+00,1.028902053833007812e+00,3.312547445297241211e+00,1.003811240196228027e+00,2.162436246871948242e+00,1.305874705314636230e+00,4.455613136291503906e+00,1.151053547859191895e+00,2.366398811340332031e+00,8.064391613006591797e-01,5.777414798736572266e+00,5.240192890167236328e+00,5.352930545806884766e+00,6.599899291992187500e+00,7.534492969512939453e+00,5.997795104980468750e+00,7.362443923950195312e+00,4.520044326782226562e+00,5.042189598083496094e+00
4.307178497314453125e+01,5.543428421020507812e+00,9.799684286117553711e-01,3.709530353546142578e+00,1.165076017379760742e+00,2.124740839004516602e+00,1.491077303886413574e+00,4.515139102935791016e+00,1.286235094070434570e+00,2.433566093444824219e+00,9.466450810432434082e-01,5.744043827056884766e+00,5.235293388366699219e+00,5.780221462249755859e+00,6.262656688690185547e+00,7.597721576690673828e+00,5.942494869232177734e+00,7.336956977844238281e+00,4.545571804046630859e+00,5.047107219696044922e+00
4.357262039184570312e+01,5.045369625091552734e+00,9.513849020004272461e-01,3.926102876663208008e+00,1.183429718017578125e+00,2.097690582275390625e+00,1.478630304336547852e+00,4.480517387390136719e+00,1.289780855178833008e+00,2.460511207580566406e+00,9.481223821640014648e-01,5.707264423370361328e+00,5.224278926849365234e+00,5.841567039489746094e+00,6.183428764343261719e+00,7.626984596252441406e+00,5.970338821411132812e+00,7.340195178985595703e+00,4.577246665954589844e+00,5.054846286773681641e+00
4.407345581054687500e+01,4.910635471343994141e+00,9.424735903739929199e-01,4.035440921783447266e+00,1.190580964088439941e+00,2.111044406890869141e+00,1.471854686737060547e+00,4.426786899566650391e+00,1.290126442909240723e+00,2.477726936340332031e+00,9.490445256233215332e-01,5.680194377899169922e+00,5.215426921844482422e+00,5.858045578002929688e+00,6.149163246154785156e+00,7.629992008209228516e+00,5.994242191314697266e+00,7.340502262115478516e+00,4.602497100830078125e+00,5.061438560485839844e+00
4.457429122924804688e+01,4.864343643188476562e+00,9.398891329765319824e-01,4.091334342956542969e+00,1.193370103836059570e+00,2.138465404510498047e+00,1.469866275787353516e+00,4.389286041259765625e+00,1.288522362709045410e+00,2.485209941864013672e+00,9.497845172882080078e-01,5.660778522491455078e+00,5.208072185516357422e+00,5.850819110870361328e+00,6.117892265319824219e+00,7.621889591217041016e+00,6.011849880218505859e+00,7.337362766265869141e+00,4.621696949005126953e+00,5.066080570220947266e+00
4.507512664794921875e+01,4.840398311614990234e+00,9.391560554504394531e-01,4.124634265899658203e+00,1.194615125656127930e+00,2.167641878128051758e+00,1.469828128814697266e+00,4.374225139617919922e+00,1.286562800407409668e+00,2.487571001052856445e+00,9.502505064010620117e-01,5.646842002868652344e+00,5.202633857727050781e+00,5.834239006042480469e+00,6.090088367462158203e+00,7.609780311584472656e+00,6.014558315277099609e+00,7.337788581848144531e+00,4.636256694793701172e+00,5.069614410400390625e+00
4.557595825195312500e+01,4.820789813995361328e+00,9.389513731002807617e-01,4.145967960357666016e+00,1.195291638374328613e+00,2.194516181945800781e+00,1.470393061637878418e+00,4.377784252166748047e+00,1.285067796707153320e+00,2.488299846649169922e+00,9.504231214523315430e-01,5.636397838592529297e+00,5.198638916015625000e+00,5.812577247619628906e+00,6.063770294189453125e+00,7.596812725067138672e+00,6.003927230834960938e+00,7.341870307922363281e+00,4.647750377655029297e+00,5.072312355041503906e+00
4.607679367065429688e+01,4.805799961090087891e+00,9.388981461524963379e-01,4.160828590393066406e+00,1.195725679397583008e+00,2.218199253082275391e+00,1.471061348915100098e+00,4.393748760223388672e+00,1.284162878990173340e+00,2.489876270294189453e+00,9.503512382507324219e-01,5.627755165100097656e+00,5.195522785186767578e+00,5.793993949890136719e+00,6.039872169494628906e+00,7.584302902221679688e+00,5.984909057617187500e+00,7.348011016845703125e+00,4.657193183898925781e+00,5.074388980865478516e+00
4.657762908935546875e+01,5.010472297668457031e+00,9.388839006423950195e-01,4.173150539398193359e+00,1.196027159690856934e+00,2.238739490509033203e+00,1.471673250198364258e+00,4.417158126831054688e+00,1.283707618713378906e+00,2.493601083755493164e+00,9.501297473907470703e-01,5.619891643524169922e+00,5.192790985107421875e+00,6.063814163208007812e+00,6.020853996276855469e+00,7.572421073913574219e+00,5.962455272674560547e+00,7.354363441467285156e+00,4.665017604827880859e+00,5.075956344604492188e+00
4.707846450805664062e+01,4.737005233764648438e+00,9.388809204101562500e-01,4.174463748931884766e+00,1.196253895759582520e+00,2.255769252777099609e+00,1.472203373908996582e+00,4.443794250488281250e+00,1.283548951148986816e+00,2.499728679656982422e+00,9.498612284660339355e-01,5.612505435943603516e+00,5.190140724182128906e+00,5.703819751739501953e+00,5.990258693695068359e+00,7.558306217193603516e+00,5.938563346862792969e+00,7.359196186065673828e+00,4.671201229095458984e+00,5.077030658721923828e+00
4.757929992675781250e+01,4.833652019500732422e+00,9.388815760612487793e-01,4.181735515594482422e+00,1.196427226066589355e+00,2.269912481307983398e+00,1.472649335861206055e+00,4.470820903778076172e+00,1.283563017845153809e+00,2.508148908615112305e+00,9.496086239814758301e-01,5.605863094329833984e+00,5.187526226043701172e+00,5.831102848052978516e+00,5.974706649780273438e+00,7.542897701263427734e+00,5.914045333862304688e+00,7.362170219421386719e+00,4.675455093383789062e+00,5.077631950378417969e+00
4.808013534545898438e+01,4.914060115814208984e+00,9.388789534568786621e-01,4.175261497497558594e+00,1.196560978889465332e+00,2.282369136810302734e+00,1.473018288612365723e+00,4.496282577514648438e+00,1.283664703369140625e+00,2.518432617187500000e+00,9.493996500968933105e-01,5.600590705871582031e+00,5.185038089752197266e+00,5.936988830566406250e+00,5.940615177154541016e+00,7.529452323913574219e+00,5.888825893402099609e+00,7.363296985626220703e+00,4.677433490753173828e+00,5.077726840972900391e+00
4.858096694946289062e+01,4.977721214294433594e+00,9.388854503631591797e-01,4.181424617767333984e+00,1.196673274040222168e+00,2.293645381927490234e+00,1.473333954811096191e+00,4.523398399353027344e+00,1.283814191818237305e+00,2.530027151107788086e+00,9.492557644844055176e-01,5.597349166870117188e+00,5.182848930358886719e+00,6.020816802978515625e+00,5.930497169494628906e+00,7.518613338470458984e+00,5.869559764862060547e+00,7.362664222717285156e+00,4.676746368408203125e+00,5.077255725860595703e+00
4.908180236816406250e+01,5.026259422302246094e+00,9.389012455940246582e-01,4.212808132171630859e+00,1.196766734123229980e+00,2.303105592727661133e+00,1.473605275154113770e+00,4.548931121826171875e+00,1.283983469009399414e+00,2.542253971099853516e+00,9.491666555404663086e-01,5.596679210662841797e+00,5.181180953979492188e+00,6.084734916687011719e+00,5.963916301727294922e+00,7.506840705871582031e+00,5.851730346679687500e+00,7.359988212585449219e+00,4.673084259033203125e+00,5.076203823089599609e+00
4.958263778686523438e+01,5.065206527709960938e+00,9.389551281929016113e-01,4.278448104858398438e+00,1.196861505508422852e+00,2.311165332794189453e+00,1.473853707313537598e+00,4.572485446929931641e+00,1.284166812896728516e+00,2.554851055145263672e+00,9.491331577301025391e-01,5.598977088928222656e+00,5.180212020874023438e+00,6.136033058166503906e+00,6.054645061492919922e+00,7.494878292083740234e+00,5.834926128387451172e+00,7.356097221374511719e+00,4.666307926177978516e+00,5.074549198150634766e+00
5.008347320556640625e+01,5.085093975067138672e+00,9.391140937805175781e-01,4.322661876678466797e+00,1.196998119354248047e+00,2.318896293640136719e+00,1.474100708961486816e+00,4.592743396759033203e+00,1.284367680549621582e+00,2.567651033401489258e+00,9.491559863090515137e-01,5.604454040527343750e+00,5.180135726928710938e+00,6.162267684936523438e+00,6.111938476562500000e+00,7.486078739166259766e+00,5.817081451416015625e+00,7.351780414581298828e+00,4.656428813934326172e+00,5.072360038757324219e+00
5.058430862426757812e+01,8.141295433044433594e+00,1.060435652732849121e+00,3.494157552719116211e+00,1.186048150062561035e+00,2.313385009765625000e+00,1.494863629341125488e+00,4.634221553802490234e+00,1.290009260177612305e+00,2.573027372360229492e+00,9.528812170028686523e-01,5.612556457519531250e+00,5.181377410888671875e+00,4.763807773590087891e+00,7.654021739959716797e+00,7.570024490356445312e+00,5.830400943756103516e+00,7.319873809814453125e+00,4.642415046691894531e+00,5.069691181182861328e+00
5.108514022827148438e+01,5.812080860137939453e+00,9.947097301483154297e-01,3.591454744338989258e+00,1.150907158851623535e+00,2.188880205154418945e+00,1.487573981285095215e+00,4.637465000152587891e+00,1.281563520431518555e+00,2.584132432937622070e+00,9.460445046424865723e-01,5.624279975891113281e+00,5.183050155639648438e+00,5.675646305084228516e+00,6.310997486114501953e+00,7.527353763580322266e+00,5.835983276367187500e+00,7.318353176116943359e+00,4.628172397613525391e+00,5.067015171051025391e+00
5.158597564697265625e+01,5.102179527282714844e+00,9.567021131515502930e-01,3.850707530975341797e+00,1.179000973701477051e+00,2.136188745498657227e+00,1.483698725700378418e+00,4.618819713592529297e+00,1.288953065872192383e+00,2.595310211181640625e+00,9.491695165634155273e-01,5.639730930328369141e+00,5.186495304107666016e+00,5.794416904449462891e+00,6.168523311614990234e+00,7.567264080047607422e+00,5.868826389312744141e+00,7.311996459960937500e+00,4.610569953918457031e+00,5.063885688781738281e+00
5.208681106567382812e+01,4.904126644134521484e+00,9.440569281578063965e-01,3.983600139617919922e+00,1.188939571380615234e+00,2.131805896759033203e+00,1.475423574447631836e+00,4.573711872100830078e+00,1.290559172630310059e+00,2.602947473526000977e+00,9.496956467628479004e-01,5.657058715820312500e+00,5.190643310546875000e+00,5.816067695617675781e+00,6.120850086212158203e+00,7.590655326843261719e+00,5.914920806884765625e+00,7.308656215667724609e+00,4.591272354125976562e+00,5.060552597045898438e+00
5.258764648437500000e+01,4.850475788116455078e+00,9.404458403587341309e-01,4.062101840972900391e+00,1.192853927612304688e+00,2.146868228912353516e+00,1.472356557846069336e+00,4.516491413116455078e+00,1.290517449378967285e+00,2.607619762420654297e+00,9.504483938217163086e-01,5.676254272460937500e+00,5.195642471313476562e+00,5.823215961456298828e+00,6.106488227844238281e+00,7.585449218750000000e+00,5.938941955566406250e+00,7.311429023742675781e+00,4.571100234985351562e+00,5.057146549224853516e+00
5.308848190307617188e+01,4.826159954071044922e+00,9.393589496612548828e-01,4.103245258331298828e+00,1.194373011589050293e+00,2.169516086578369141e+00,1.471199512481689453e+00,4.477375030517578125e+00,1.288768053054809570e+00,2.606517791748046875e+00,9.506852626800537109e-01,5.696454048156738281e+00,5.201285362243652344e+00,5.812922954559326172e+00,6.081270694732666016e+00,7.577221870422363281e+00,5.955800056457519531e+00,7.311636447906494141e+00,4.551069259643554688e+00,5.053862094879150391e+00
5.358931732177734375e+01,4.801612854003906250e+00,9.390025138854980469e-01,4.126881122589111328e+00,1.195085763931274414e+00,2.192960023880004883e+00,1.471024394035339355e+00,4.458812236785888672e+00,1.286890029907226562e+00,2.601639032363891602e+00,9.507622122764587402e-01,5.716331005096435547e+00,5.207036972045898438e+00,5.786681652069091797e+00,6.052685260772705078e+00,7.567999839782714844e+00,5.961833953857421875e+00,7.310990333557128906e+00,4.531627178192138672e+00,5.050543308258056641e+00
5.409014892578125000e+01,4.779759407043457031e+00,9.388839006423950195e-01,4.139972209930419922e+00,1.195533156394958496e+00,2.214670896530151367e+00,1.471319794654846191e+00,4.457243919372558594e+00,1.285538673400878906e+00,2.595364809036254883e+00,9.507955908775329590e-01,5.735056400299072266e+00,5.212601184844970703e+00,5.759597778320312500e+00,6.021790027618408203e+00,7.558011054992675781e+00,5.958680629730224609e+00,7.311089515686035156e+00,4.513377189636230469e+00,5.047286033630371094e+00
5.459098434448242188e+01,5.098925113677978516e+00,9.388555288314819336e-01,4.152810573577880859e+00,1.195865392684936523e+00,2.233903169631958008e+00,1.471776485443115234e+00,4.466882228851318359e+00,1.284727454185485840e+00,2.589474439620971680e+00,9.507646560668945312e-01,5.752113819122314453e+00,5.217721939086914062e+00,6.178213119506835938e+00,6.000843048095703125e+00,7.547286510467529297e+00,5.948313236236572266e+00,7.312149524688720703e+00,4.496713161468505859e+00,5.044157981872558594e+00
5.509181976318359375e+01,4.762443542480468750e+00,9.386934638023376465e-01,4.160317897796630859e+00,1.196128010749816895e+00,2.249535799026489258e+00,1.472266674041748047e+00,4.479477405548095703e+00,1.284320592880249023e+00,2.585032939910888672e+00,9.506748318672180176e-01,5.767253398895263672e+00,5.222273349761962891e+00,5.737491130828857422e+00,5.978430271148681641e+00,7.531616687774658203e+00,5.927363395690917969e+00,7.313510894775390625e+00,4.481717586517333984e+00,5.041225433349609375e+00
5.559265518188476562e+01,4.826587677001953125e+00,9.388962388038635254e-01,4.158525943756103516e+00,1.196360111236572266e+00,2.262952089309692383e+00,1.472713708877563477e+00,4.497805595397949219e+00,1.284160494804382324e+00,2.582791328430175781e+00,9.505324363708496094e-01,5.780505180358886719e+00,5.226223945617675781e+00,5.821870326995849609e+00,5.946225166320800781e+00,7.515921592712402344e+00,5.907632350921630859e+00,7.315218448638916016e+00,4.468250751495361328e+00,5.038522720336914062e+00
5.609349060058593750e+01,4.894622802734375000e+00,9.389467239379882812e-01,4.172229290008544922e+00,1.196546554565429688e+00,2.275294303894042969e+00,1.473110437393188477e+00,4.516887187957763672e+00,1.284147500991821289e+00,2.582915782928466797e+00,9.503712654113769531e-01,5.792125701904296875e+00,5.229590415954589844e+00,5.911470413208007812e+00,5.943991184234619141e+00,7.503702640533447266e+00,5.885847568511962891e+00,7.316927909851074219e+00,4.456037521362304688e+00,5.036011695861816406e+00
5.659432220458984375e+01,4.978163242340087891e+00,9.389944672584533691e-01,4.183619976043701172e+00,1.196686983108520508e+00,2.286816835403442383e+00,1.473424077033996582e+00,4.539378166198730469e+00,1.284188151359558105e+00,2.585215091705322266e+00,9.501873254776000977e-01,5.802474975585937500e+00,5.232445240020751953e+00,6.021504402160644531e+00,5.941314697265625000e+00,7.494922637939453125e+00,5.869120121002197266e+00,7.318238258361816406e+00,4.444699764251708984e+00,5.033649444580078125e+00
5.709515762329101562e+01,5.041730880737304688e+00,9.391834735870361328e-01,4.241512298583984375e+00,1.196891546249389648e+00,2.296378612518310547e+00,1.473782062530517578e+00,4.562038898468017578e+00,1.284352660179138184e+00,2.589172840118408203e+00,9.500869512557983398e-01,5.811911106109619141e+00,5.234880924224853516e+00,6.105256557464599609e+00,6.016968727111816406e+00,7.484204769134521484e+00,5.853875160217285156e+00,7.318239212036132812e+00,4.433794021606445312e+00,5.031352996826171875e+00
5.759599304199218750e+01,5.088821887969970703e+00,9.395738840103149414e-01,4.284630298614501953e+00,1.197176337242126465e+00,2.305367946624755859e+00,1.474163770675659180e+00,4.584542751312255859e+00,1.284583091735839844e+00,2.594707965850830078e+00,9.500449299812316895e-01,5.820858001708984375e+00,5.237062931060791016e+00,6.167412281036376953e+00,6.070318222045898438e+00,7.476191997528076172e+00,5.840545177459716797e+00,7.317846298217773438e+00,4.422985553741455078e+00,5.029114723205566406e+00
5.809682846069335938e+01,5.099361419677734375e+00,9.403480887413024902e-01,4.325792312622070312e+00,1.197603702545166016e+00,2.314162731170654297e+00,1.474592924118041992e+00,4.603286266326904297e+00,1.284871339797973633e+00,2.601454734802246094e+00,9.500627517700195312e-01,5.829696178436279297e+00,5.239098548889160156e+00,6.181667327880859375e+00,6.122013568878173828e+00,7.471649646759033203e+00,5.824065685272216797e+00,7.317081928253173828e+00,4.411999225616455078e+00,5.026873111724853516e+00
5.859766387939453125e+01,5.108218669891357422e+00,9.419842362403869629e-01,4.362089633941650391e+00,1.198350667953491211e+00,2.322378158569335938e+00,1.475163340568542480e+00,4.620723247528076172e+00,1.285267591476440430e+00,2.609062671661376953e+00,9.501755237579345703e-01,5.838719367980957031e+00,5.241077899932861328e+00,6.194231033325195312e+00,6.167085170745849609e+00,7.468485355377197266e+00,5.808374404907226562e+00,7.315909862518310547e+00,4.400617599487304688e+00,5.024576187133789062e+00
5.909849929809570312e+01,5.109192371368408203e+00,9.454570412635803223e-01,4.399992465972900391e+00,1.199759840965270996e+00,2.329865694046020508e+00,1.475993394851684570e+00,4.639188766479492188e+00,1.285839200019836426e+00,2.617238044738769531e+00,9.504081606864929199e-01,5.848117351531982422e+00,5.243083477020263672e+00,6.197614669799804688e+00,6.215713500976562500e+00,7.465617656707763672e+00,5.796920299530029297e+00,7.314352512359619141e+00,4.388684272766113281e+00,5.022199630737304688e+00
5.959933090209960938e+01,5.086744308471679688e+00,9.525719285011291504e-01,4.442974090576171875e+00,1.202393889427185059e+00,2.336815118789672852e+00,1.477258205413818359e+00,4.659373283386230469e+00,1.286673069000244141e+00,2.625744104385375977e+00,9.508015513420104980e-01,5.858004570007324219e+00,5.245182991027832031e+00,6.172769546508789062e+00,6.273214817047119141e+00,7.463267803192138672e+00,5.790488243103027344e+00,7.312434196472167969e+00,4.376112461090087891e+00,5.019730567932128906e+00
6.010016632080078125e+01,5.051502227783203125e+00,9.660843610763549805e-01,4.480668067932128906e+00,1.206977605819702148e+00,2.343806028366088867e+00,1.479129195213317871e+00,4.680954933166503906e+00,1.287862896919250488e+00,2.634386777877807617e+00,9.513818621635437012e-01,5.868443012237548828e+00,5.247417926788330078e+00,6.136484622955322266e+00,6.322848796844482422e+00,7.463181972503662109e+00,5.788315773010253906e+00,7.310165405273437500e+00,4.362890720367431641e+00,5.017172336578369141e+00
6.060100173950195312e+01,5.007921695709228516e+00,9.907974004745483398e-01,4.497901439666748047e+00,1.214776754379272461e+00,2.351511240005493164e+00,1.481946706771850586e+00,4.702846527099609375e+00,1.289613723754882812e+00,2.643033027648925781e+00,9.522345662117004395e-01,5.879440307617187500e+00,5.249804496765136719e+00,6.099798679351806641e+00,6.340413093566894531e+00,7.467399120330810547e+00,5.788436412811279297e+00,7.307575225830078125e+00,4.349052429199218750e+00,5.014526844024658203e+00
6.110183715820312500e+01,4.952193260192871094e+00,1.037983179092407227e+00,4.496817588806152344e+00,1.228439688682556152e+00,2.360175371170043945e+00,1.486337900161743164e+00,4.723878383636474609e+00,1.292265653610229492e+00,2.651608943939208984e+00,9.534882307052612305e-01,5.890967369079589844e+00,5.252347946166992188e+00,6.070317268371582031e+00,6.329153060913085938e+00,7.476101875305175781e+00,5.788677692413330078e+00,7.304708957672119141e+00,4.334671974182128906e+00,5.011801719665527344e+00
6.160267257690429688e+01,4.867806911468505859e+00,1.140054464340209961e+00,4.501154899597167969e+00,1.253872036933898926e+00,2.369739532470703125e+00,1.493019223213195801e+00,4.743388652801513672e+00,1.295890927314758301e+00,2.660036325454711914e+00,9.548396468162536621e-01,5.902939796447753906e+00,5.255030155181884766e+00,6.062676429748535156e+00,6.325500488281250000e+00,7.487450122833251953e+00,5.787621021270751953e+00,7.301668167114257812e+00,4.319860458374023438e+00,5.009017944335937500e+00
6.210350418090820312e+01,4.607363224029541016e+00,1.403276085853576660e+00,4.530545711517333984e+00,1.291684627532958984e+00,2.379702091217041016e+00,1.500202298164367676e+00,4.761260509490966797e+00,1.298916459083557129e+00,2.668133735656738281e+00,9.552862048149108887e-01,5.915228843688964844e+00,5.257814884185791016e+00,6.178619861602783203e+00,6.355050563812255859e+00,7.498786449432373047e+00,5.785824775695800781e+00,7.298633098602294922e+00,4.304793357849121094e+00,5.006218433380126953e+00
6.260433959960937500e+01,3.785372734069824219e+00,2.080594062805175781e+00,4.568693637847900391e+00,1.315260529518127441e+00,2.388255119323730469e+00,1.502647757530212402e+00,4.777226924896240234e+00,1.299412965774536133e+00,2.675774812698364258e+00,9.549879431724548340e-01,5.927750110626220703e+00,5.260689258575439453e+00,6.569944381713867188e+00,6.396734237670898438e+00,7.509123325347900391e+00,5.785127639770507812e+00,7.295779705047607422e+00,4.289585113525390625e+00,5.003422737121582031e+00
6.310517501831054688e+01,2.670711517333984375e+00,3.325564146041870117e+00,4.574258804321289062e+00,1.314549088478088379e+00,2.393793821334838867e+00,1.502827286720275879e+00,4.792221069335937500e+00,1.301069378852844238e+00,2.683348417282104492e+00,9.564747810363769531e-01,5.940495491027832031e+00,5.263679981231689453e+00,6.968780994415283203e+00,6.450028896331787109e+00,7.517786026000976562e+00,5.785563468933105469e+00,7.293142318725585938e+00,4.274242401123046875e+00,5.000616550445556641e+00
6.360601043701171875e+01,2.874129772186279297e+00,5.006969451904296875e+00,4.593870639801025391e+00,1.398413062095642090e+00,2.403645753860473633e+00,1.514131546020507812e+00,4.808559894561767578e+00,1.304849505424499512e+00,2.691115617752075195e+00,9.555665254592895508e-01,5.953189849853515625e+00,5.266681671142578125e+00,6.717926979064941406e+00,6.474093914031982422e+00,7.524967670440673828e+00,5.784302711486816406e+00,7.291681766510009766e+00,4.259044170379638672e+00,4.997880458831787109e+00
6.410684204101562500e+01,6.325314521789550781e+00,7.041186332702636719e+00,4.643958568572998047e+00,1.336404800415039062e+00,2.413594007492065430e+00,1.493237733840942383e+00,4.817513942718505859e+00,1.291436791419982910e+00,2.697603702545166016e+00,9.507505297660827637e-01,5.965589523315429688e+00,5.269600868225097656e+00,3.723482370376586914e+00,6.511212348937988281e+00,7.561349868774414062e+00,5.789494991302490234e+00,7.292548656463623047e+00,4.244106769561767578e+00,4.995216846466064453e+00
6.460768127441406250e+01,7.970371723175048828e+00,7.769162654876708984e+00,4.576161384582519531e+00,1.206173181533813477e+00,2.423284769058227539e+00,1.479050636291503906e+00,4.825165271759033203e+00,1.291366338729858398e+00,2.709686756134033203e+00,9.534481763839721680e-01,5.098427295684814453e+00,5.053069591522216797e+00,1.807707071304321289e+00,6.685330390930175781e+00,7.618806362152099609e+00,5.789569854736328125e+00,7.306330680847167969e+00,4.956417083740234375e+00,5.008817672729492188e+00
6.510851287841796875e+01,7.940226078033447266e+00,7.963318824768066406e+00,4.438912868499755859e+00,1.272388219833374023e+00,2.438551902770996094e+00,1.483329892158508301e+00,4.836771011352539062e+00,1.292424798011779785e+00,2.715407371520996094e+00,9.526799321174621582e-01,5.526278972625732422e+00,5.095904350280761719e+00,1.868411660194396973e+00,6.809947967529296875e+00,7.680560111999511719e+00,5.791959285736083984e+00,7.304082393646240234e+00,4.620174884796142578e+00,5.069793701171875000e+00
6.560935211181640625e+01,6.126813411712646484e+00,6.583825588226318359e+00,3.945868015289306641e+00,1.688525915145874023e+00,2.468144893646240234e+00,1.506844282150268555e+00,4.850265979766845703e+00,1.299019455909729004e+00,2.721574544906616211e+00,9.528498649597167969e-01,5.737607479095458984e+00,5.163074493408203125e+00,3.991477966308593750e+00,7.056445598602294922e+00,7.768294334411621094e+00,5.788387298583984375e+00,7.301411151885986328e+00,4.439207077026367188e+00,5.048007011413574219e+00
6.611018371582031250e+01,5.349726200103759766e+00,5.501251220703125000e+00,2.874996900558471680e+00,2.739564418792724609e+00,2.511369466781616211e+00,1.508577227592468262e+00,4.859222888946533203e+00,1.295058012008666992e+00,2.727285385131835938e+00,9.507252573966979980e-01,5.861035823822021484e+00,5.212160110473632812e+00,4.759625911712646484e+00,7.433166027069091797e+00,7.905465602874755859e+00,5.786704540252685547e+00,7.300213813781738281e+00,4.325869083404541016e+00,5.022945404052734375e+00
6.661101531982421875e+01,5.124886989593505859e+00,5.176344394683837891e+00,1.914337754249572754e+00,4.199825286865234375e+00,2.564250707626342773e+00,1.478660225868225098e+00,4.861699581146240234e+00,1.286161065101623535e+00,2.732607364654541016e+00,9.500961303710937500e-01,5.938166141510009766e+00,5.243862628936767578e+00,4.920435428619384766e+00,7.691313266754150391e+00,8.127637863159179688e+00,5.790302276611328125e+00,7.300076007843017578e+00,4.252044677734375000e+00,5.004959106445312500e+00
6.711185455322265625e+01,5.045997142791748047e+00,5.064666271209716797e+00,1.472022175788879395e+00,5.338449478149414062e+00,2.639174699783325195e+00,1.473801493644714355e+00,4.865496635437011719e+00,1.292881846427917480e+00,2.738271713256835938e+00,9.541425108909606934e-01,5.988245964050292969e+00,5.264009952545166016e+00,4.971276283264160156e+00,7.797470092773437500e+00,8.466457366943359375e+00,5.791736602783203125e+00,7.300132751464843750e+00,4.202498912811279297e+00,4.992934226989746094e+00
6.761268615722656250e+01,5.016828536987304688e+00,5.023680210113525391e+00,2.658108472824096680e+00,6.595205307006835938e+00,2.744176149368286133e+00,1.559637784957885742e+00,4.885988235473632812e+00,1.312148809432983398e+00,2.744705677032470703e+00,9.524654746055603027e-01,6.021764755249023438e+00,5.276930332183837891e+00,4.989567756652832031e+00,7.242710113525390625e+00,8.842420578002929688e+00,5.779957294464111328e+00,7.298905372619628906e+00,4.168347358703613281e+00,4.984928131103515625e+00
6.811352539062500000e+01,5.006273269653320312e+00,5.008892059326171875e+00,6.857934951782226562e+00,7.940538406372070312e+00,2.813966751098632812e+00,1.501146078109741211e+00,4.891883373260498047e+00,1.271286725997924805e+00,2.746719598770141602e+00,9.421833157539367676e-01,6.045007228851318359e+00,5.285431385040283203e+00,4.996125698089599609e+00,3.893429756164550781e+00,8.969372749328613281e+00,5.798215389251708984e+00,7.296717643737792969e+00,4.144036293029785156e+00,4.979506969451904297e+00
6.861435699462890625e+01,5.002406597137451172e+00,5.003422260284423828e+00,8.129464149475097656e+00,8.287403106689453125e+00,2.839724063873291016e+00,1.377789974212646484e+00,4.877718925476074219e+00,1.240525841712951660e+00,2.749189138412475586e+00,9.392964839935302734e-01,6.062029838562011719e+00,5.291316032409667969e+00,4.998520374298095703e+00,1.810707092285156250e+00,9.202242851257324219e+00,5.812490940093994141e+00,7.293848514556884766e+00,4.125722408294677734e+00,4.975600242614746094e+00
6.911518859863281250e+01,5.000844955444335938e+00,5.001211643218994141e+00,7.523897171020507812e+00,7.861070156097412109e+00,2.784066915512084961e+00,1.354636669158935547e+00,4.868934631347656250e+00,1.233963608741760254e+00,2.753202438354492188e+00,9.388337731361389160e-01,6.075044155120849609e+00,5.295543193817138672e+00,4.999485969543457031e+00,2.406232595443725586e+00,9.083356857299804688e+00,5.806185245513916016e+00,7.293809890747070312e+00,4.111323356628417969e+00,4.972643852233886719e+00
6.961602783203125000e+01,5.000281810760498047e+00,5.000405788421630859e+00,5.740216732025146484e+00,6.103364467620849609e+00,2.628526687622070312e+00,1.378956913948059082e+00,4.868171691894531250e+00,1.243010878562927246e+00,2.757526636123657227e+00,9.409472346305847168e-01,6.085479259490966797e+00,5.298745632171630859e+00,4.999835014343261719e+00,4.401241779327392578e+00,8.581336021423339844e+00,5.796512126922607422e+00,7.292805194854736328e+00,4.099509716033935547e+00,4.970306873321533203e+00
7.011685943603515625e+01,5.000098705291748047e+00,5.000142097473144531e+00,5.247617721557617188e+00,5.359550952911376953e+00,2.556640148162841797e+00,1.411042094230651855e+00,4.864525318145751953e+00,1.252609372138977051e+00,2.762019634246826172e+00,9.427664875984191895e-01,6.094154357910156250e+00,5.301271915435791016e+00,4.999947547912597656e+00,4.836412906646728516e+00,8.400757789611816406e+00,5.783942222595214844e+00,7.293276309967041016e+00,4.089505195617675781e+00,4.968389987945556641e+00
7.061769866943359375e+01,5.000057697296142578e+00,5.000084877014160156e+00,5.211629390716552734e+00,5.284768581390380859e+00,1.494279861450195312e+00,5.859750747680664062e+00,4.912203311920166016e+00,2.077296972274780273e+00,7.783854961395263672e+00,9.781098365783691406e-01,5.699962615966796875e+00,5.268809795379638672e+00,4.999973297119140625e+00,4.865115642547607422e+00,8.657034873962402344e+00,5.653358936309814453e+00,5.413503646850585938e+00,4.473277568817138672e+00,4.953177928924560547e+00
7.111853027343750000e+01,5.000024318695068359e+00,5.000034332275390625e+00,5.080614566802978516e+00,5.108786106109619141e+00,1.049795985221862793e+00,5.839881420135498047e+00,4.663952350616455078e+00,1.566945433616638184e+00,4.431162357330322266e+00,1.067519664764404297e+00,5.645602226257324219e+00,5.192207336425781250e+00,4.999993324279785156e+00,4.949322223663330078e+00,8.917547225952148438e+00,5.877121448516845703e+00,6.615881919860839844e+00,4.526408672332763672e+00,5.015316009521484375e+00
7.161936187744140625e+01,5.000012397766113281e+00,5.000015735626220703e+00,5.031388282775878906e+00,5.042062759399414062e+00,9.121534824371337891e-01,6.337298393249511719e+00,4.415170192718505859e+00,1.675276041030883789e+00,3.360128879547119141e+00,1.007760763168334961e+00,5.720504760742187500e+00,5.189050674438476562e+00,5.000000953674316406e+00,4.980480194091796875e+00,9.031156539916992188e+00,6.081157207489013672e+00,7.009171485900878906e+00,4.464279651641845703e+00,5.030658245086669922e+00
7.212020111083984375e+01,5.000008106231689453e+00,5.000009536743164062e+00,5.011855602264404297e+00,5.015830993652343750e+00,8.737991452217102051e-01,6.635233879089355469e+00,4.046225070953369141e+00,1.932498812675476074e+00,3.017369270324707031e+00,9.746541976928710938e-01,5.802687168121337891e+00,5.208701610565185547e+00,5.000004291534423828e+00,4.992663383483886719e+00,9.079843521118164062e+00,6.306156158447265625e+00,7.180642604827880859e+00,4.389225006103515625e+00,5.024772644042968750e+00
7.262103271484375000e+01,5.000006198883056641e+00,5.000006198883056641e+00,5.004385471343994141e+00,5.005848407745361328e+00,8.743274211883544922e-01,6.803489208221435547e+00,3.615122079849243164e+00,2.293602705001831055e+00,2.902326345443725586e+00,9.594205617904663086e-01,5.869418621063232422e+00,5.229659557342529297e+00,5.000004768371582031e+00,4.997295856475830078e+00,9.076581001281738281e+00,6.520545482635498047e+00,7.245913982391357422e+00,4.324979305267333984e+00,5.014203548431396484e+00
7.312187194824218750e+01,5.000005722045898438e+00,5.000005722045898438e+00,5.001601219177246094e+00,5.002134799957275391e+00,8.965591192245483398e-01,6.904309272766113281e+00,3.216467857360839844e+00,2.711123228073120117e+00,2.863804578781127930e+00,9.524657130241394043e-01,5.920823574066162109e+00,5.246877193450927734e+00,5.000005245208740234e+00,4.999018669128417969e+00,9.042745590209960938e+00,6.685182571411132812e+00,7.271445274353027344e+00,4.273570060729980469e+00,5.004297733306884766e+00
7.362270355224609375e+01,5.000005245208740234e+00,5.000005245208740234e+00,5.000580310821533203e+00,5.000773429870605469e+00,9.321127533912658691e-01,6.967025279998779297e+00,2.919971942901611328e+00,3.131392478942871094e+00,2.851319074630737305e+00,9.489464759826660156e-01,5.960522651672363281e+00,5.260157585144042969e+00,5.000005245208740234e+00,4.999650001525878906e+00,8.991660118103027344e+00,6.788193702697753906e+00,7.282879352569580078e+00,4.232663154602050781e+00,4.996147155761718750e+00
7.412354278564453125e+01,5.000005245208740234e+00,5.000005245208740234e+00,5.000210762023925781e+00,5.000280380249023438e+00,9.747654795646667480e-01,7.004346370697021484e+00,2.745277643203735352e+00,3.515383005142211914e+00,2.847719669342041016e+00,9.469602704048156738e-01,5.991780757904052734e+00,5.270358562469482422e+00,5.000005245208740234e+00,4.999878406524658203e+00,8.931250572204589844e+00,6.835901737213134766e+00,7.289249897003173828e+00,4.199668407440185547e+00,4.989624023437500000e+00
7.462437438964843750e+01,5.000005245208740234e+00,5.000005245208740234e+00,5.000078678131103516e+00,5.000102996826171875e+00,1.023297071456909180e+00,7.025657653808593750e+00,2.679209470748901367e+00,3.850866317749023438e+00,2.847151279449462891e+00,9.457197189331054688e-01,6.016948699951171875e+00,5.278317451477050781e+00,5.000005245208740234e+00,4.999959945678710938e+00,8.864621162414550781e+00,6.839024543762207031e+00,7.293646812438964844e+00,4.172572612762451172e+00,4.984370708465576172e+00
7.512520599365234375e+01,5.000005245208740234e+00,5.000005245208740234e+00,5.000030994415283203e+00,5.000039577484130859e+00,1.084960341453552246e+00,7.039429187774658203e+00,2.699277877807617188e+00,4.141954421997070312e+00,2.847600460052490234e+00,9.447856545448303223e-01,6.037637710571289062e+00,5.284667015075683594e+00,5.000005245208740234e+00,4.999989986419677734e+00,8.790962219238281250e+00,6.806266784667968750e+00,7.297149181365966797e+00,4.149940490722656250e+00,4.980074882507324219e+00
7.562604522705078125e+01,5.000005245208740234e+00,5.000005245208740234e+00,5.000014305114746094e+00,5.000017166137695312e+00,1.176095247268676758e+00,7.052498340606689453e+00,2.782019376754760742e+00,4.394641876220703125e+00,2.848354816436767578e+00,9.438836574554443359e-01,6.054940700531005859e+00,5.289842128753662109e+00,5.000005245208740234e+00,5.000000000000000000e+00,8.703442573547363281e+00,6.745554924011230469e+00,7.300121307373046875e+00,4.130764007568359375e+00,4.976503849029541016e+00
7.612687683105468750e+01,5.000005245208740234e+00,5.000005245208740234e+00,5.000008583068847656e+00,5.000009536743164062e+00,1.324622631072998047e+00,7.070025920867919922e+00,2.903515815734863281e+00,4.610792160034179688e+00,2.849145412445068359e+00,9.428910613059997559e-01,6.069613933563232422e+00,5.294134140014648438e+00,5.000005245208740234e+00,5.000002861022949219e+00,8.587806701660156250e+00,6.665673255920410156e+00,7.302684307098388672e+00,4.114335060119628906e+00,4.973488807678222656e+00
7.662771606445312500e+01,5.000005245208740234e+00,5.000005245208740234e+00,5.000006198883056641e+00,5.000007152557373047e+00,1.578618884086608887e+00,7.095997810363769531e+00,3.042403936386108398e+00,4.787502765655517578e+00,2.849879741668701172e+00,9.418135881423950195e-01,6.082188606262207031e+00,5.297752857208251953e+00,5.000005245208740234e+00,5.000004768371582031e+00,8.417852401733398438e+00,6.575158596038818359e+00,7.304863452911376953e+00,4.100137710571289062e+00,4.970914840698242188e+00
7.712854766845703125e+01,5.000005245208740234e+00,5.000005245208740234e+00,5.000005722045898438e+00,5.000005722045898438e+00,2.015413999557495117e+00,7.134619712829589844e+00,3.187653779983520508e+00,4.920459270477294922e+00,2.850549936294555664e+00,9.406973123550415039e-01,6.093051910400390625e+00,5.300834178924560547e+00,5.000005245208740234e+00,5.000005245208740234e+00,8.141378402709960938e+00,6.478273391723632812e+00,7.306616306304931641e+00,4.087788581848144531e+00,4.968695163726806641e+00
7.762937927246093750e+01,5.000005245208740234e+00,5.000005245208740234e+00,5.000005245208740234e+00,5.000005245208740234e+00,2.748723268508911133e+00,7.190631866455078125e+00,3.354095458984375000e+00,5.011961460113525391e+00,2.851176977157592773e+00,9.395557641983032227e-01,6.102492809295654297e+00,5.303485393524169922e+00,5.000005245208740234e+00,5.000005245208740234e+00,7.651834964752197266e+00,6.365850448608398438e+00,7.307915687561035156e+00,4.076996326446533203e+00,4.966769218444824219e+00
7.813021850585937500e+01,5.000005245208740234e+00,5.000005245208740234e+00,5.000005245208740234e+00,5.000005245208740234e+00,3.893298149108886719e+00,7.267467021942138672e+00,3.603228092193603516e+00,5.090614795684814453e+00,2.851721525192260742e+00,9.382219910621643066e-01,6.110733985900878906e+00,5.305780410766601562e+00,5.000005245208740234e+00,5.000005245208740234e+00,6.736360073089599609e+00,6.202235698699951172e+00,7.308791160583496094e+00,4.067533969879150391e+00,4.965092658996582031e+00
7.863105010986328125e+01,5.000005245208740234e+00,5.000005245208740234e+00,5.000005245208740234e+00,5.000005245208740234e+00,5.322810173034667969e+00,7.345040321350097656e+00,4.058499813079833984e+00,5.242115974426269531e+00,2.852063655853271484e+00,9.361987709999084473e-01,6.117944717407226562e+00,5.307771682739257812e+00,5.000005245208740234e+00,5.000005245208740234e+00,5.240836620330810547e+00,5.905691146850585938e+00,7.309349060058593750e+00,4.059223651885986328e+00,4.963624000549316406e+00
7.913188934326171875e+01,5.000005245208740234e+00,5.000005245208740234e+00,5.000005245208740234e+00,5.000005245208740234e+00,6.170411109924316406e+00,7.262920856475830078e+00,4.832332134246826172e+00,5.600063800811767578e+00,2.852012157440185547e+00,9.330167174339294434e-01,6.124268054962158203e+00,5.309508800506591797e+00,5.000005245208740234e+00,5.000005245208740234e+00,4.153221130371093750e+00,5.346300601959228516e+00,7.309744358062744141e+00,4.051914691925048828e+00,4.962340831756591797e+00
7.963272094726562500e+01,5.000005245208740234e+00,5.000005245208740234e+00,5.000005245208740234e+00,5.000005245208740234e+00,5.689079761505126953e+00,6.528848171234130859e+00,5.800737857818603516e+00,6.192407131195068359e+00,2.851505756378173828e+00,9.293729662895202637e-01,6.129820346832275391e+00,5.311026573181152344e+00,5.000005245208740234e+00,5.000005245208740234e+00,4.466832637786865234e+00,4.467431545257568359e+00,7.309884548187255859e+00,4.045475482940673828e+00,4.961210250854492188e+00
8.013355255126953125e+01,5.000005245208740234e+00,5.000005245208740234e+00,5.000005245208740234e+00,5.000005245208740234e+00,5.228014469146728516e+00,5.631354331970214844e+00,6.485527515411376953e+00,6.685421466827392578e+00,2.850865840911865234e+00,9.268463850021362305e-01,6.134715080261230469e+00,5.312361240386962891e+00,5.000005245208740234e+00,5.000005245208740234e+00,4.842370033264160156e+00,3.720058679580688477e+00,7.309391975402832031e+00,4.039787292480468750e+00,4.960213661193847656e+00
8.063439178466796875e+01,5.000005245208740234e+00,5.000005245208740234e+00,5.000005245208740234e+00,5.000005245208740234e+00,5.075824737548828125e+00,5.221237182617187500e+00,6.188348293304443359e+00,6.349574089050292969e+00,2.850386619567871094e+00,9.260622262954711914e-01,6.139038085937500000e+00,5.313538551330566406e+00,5.000005245208740234e+00,5.000005245208740234e+00,4.951671123504638672e+00,4.045639514923095703e+00,7.308005332946777344e+00,4.034752845764160156e+00,4.959332466125488281e+00
8.113522338867187500e+01,5.000005245208740234e+00,5.000005245208740234e+00,5.000005245208740234e+00,5.000005245208740234e+00,5.026193141937255859e+00,5.075994968414306641e+00,5.536286830902099609e+00,5.634782791137695312e+00,2.849976778030395508e+00,9.263799786567687988e-01,6.142857074737548828e+00,5.314575672149658203e+00,5.000005245208740234e+00,5.000005245208740234e+00,4.983674049377441406e+00,4.628681182861328125e+00,7.305854797363281250e+00,4.030297756195068359e+00,4.958550453186035156e+00
8.163606262207031250e+01,5.000005245208740234e+00,5.000005245208740234e+00,5.000005245208740234e+00,5.000005245208740234e+00,5.009337425231933594e+00,5.026249885559082031e+00,5.216247558593750000e+00,5.258793354034423828e+00,2.849453449249267578e+00,9.269967079162597656e-01,6.146229267120361328e+00,5.315491676330566406e+00,5.000005245208740234e+00,5.000005245208740234e+00,4.994220733642578125e+00,4.862740993499755859e+00,7.303129673004150391e+00,4.026355266571044922e+00,4.957861900329589844e+00
8.213689422607421875e+01,5.000005245208740234e+00,5.000005245208740234e+00,5.000005245208740234e+00,5.000005245208740234e+00,5.003359317779541016e+00,5.009093284606933594e+00,5.086210250854492188e+00,5.103161334991455078e+00,2.848744630813598633e+00,9.276747107505798340e-01,6.149207115173339844e+00,5.316296577453613281e+00,5.000005245208740234e+00,5.000005245208740234e+00,4.997930049896240234e+00,4.947103977203369141e+00,7.299846649169921875e+00,4.022870063781738281e+00,4.957251071929931641e+00
8.263772583007812500e+01,5.000005245208740234e+00,5.000005245208740234e+00,5.000005245208740234e+00,5.000005245208740234e+00,5.001210212707519531e+00,5.003153324127197266e+00,5.034074783325195312e+00,5.040654182434082031e+00,2.847829818725585938e+00,9.283574223518371582e-01,6.151840209960937500e+00,5.317009449005126953e+00,5.000005245208740234e+00,5.000005245208740234e+00,4.999260425567626953e+00,4.979333400726318359e+00,7.295996665954589844e+00,4.019787788391113281e+00,4.956712245941162109e+00
8.313856506347656250e+01,5.000005245208740234e+00,5.000005245208740234e+00,5.000005245208740234e+00,5.000005245208740234e+00,5.000437259674072266e+00,5.001095771789550781e+00,5.013330459594726562e+00,5.015844345092773438e+00,2.846696853637695312e+00,9.290363192558288574e-01,6.154165744781494141e+00,5.317637920379638672e+00,5.000005245208740234e+00,5.000005245208740234e+00,4.999738216400146484e+00,4.991943359375000000e+00,7.291548252105712891e+00,4.017059803009033203e+00,4.956238269805908203e+00
8.363939666748046875e+01,5.000005245208740234e+00,5.000005245208740234e+00,5.000005245208740234e+00,5.000005245208740234e+00,5.000159740447998047e+00,5.000382900238037109e+00,5.005162715911865234e+00,5.006111145019531250e+00,2.845323562622070312e+00,9.297051429748535156e-01,6.156223297119140625e+00,5.318192958831787109e+00,5.000005245208740234e+00,5.000005245208740234e+00,4.999909877777099609e+00,4.996885299682617188e+00,7.286455154418945312e+00,4.014647006988525391e+00,4.955816268920898438e+00
8.414023590087890625e+01,5.000005245208740234e+00,5.000005245208740234e+00,5.000005245208740234e+00,5.000005245208740234e+00,5.000060081481933594e+00,5.000135898590087891e+00,5.001982212066650391e+00,5.002336502075195312e+00,2.843703746795654297e+00,9.303503632545471191e-01,6.158041954040527344e+00,5.318683147430419922e+00,5.000005245208740234e+00,5.000005245208740234e+00,4.999971389770507812e+00,4.998807430267333984e+00,7.280697345733642578e+00,4.012511730194091797e+00,4.955446243286132812e+00
8.464106750488281250e+01,5.000005245208740234e+00,5.000005245208740234e+00,5.000005245208740234e+00,5.000005245208740234e+00,5.000304222106933594e+00,5.000545024871826172e+00,5.014251708984375000e+00,5.017731666564941406e+00,9.075522422790527344e+00,4.693341851234436035e-01,5.979971408843994141e+00,5.323564052581787109e+00,5.000005245208740234e+00,5.000005245208740234e+00,4.999820709228515625e+00,4.991352558135986328e+00,2.681277751922607422e+00,4.228202342987060547e+00,4.947875976562500000e+00
8.514190673828125000e+01,5.000005245208740234e+00,5.000005245208740234e+00,5.000005245208740234e+00,5.000005245208740234e+00,5.000077247619628906e+00,5.000129222869873047e+00,5.003256797790527344e+00,5.003889083862304688e+00,5.891811847686767578e+00,1.105116963386535645e+00,5.853642940521240234e+00,5.264964103698730469e+00,5.000005245208740234e+00,5.000005245208740234e+00,4.999961376190185547e+00,4.998029708862304688e+00,6.213788509368896484e+00,4.325268745422363281e+00,4.975937843322753906e+00
8.564273834228515625e+01,5.000005245208740234e+00,5.000005245208740234e+00,5.000005245208740234e+00,5.000005245208740234e+00,5.000035762786865234e+00,5.000055789947509766e+00,5.001382827758789062e+00,5.001622676849365234e+00,3.810292243957519531e+00,1.033607006072998047e+00,5.875069141387939453e+00,5.242994785308837891e+00,5.000005245208740234e+00,5.000005245208740234e+00,4.999986171722412109e+00,4.999167919158935547e+00,6.822546005249023438e+00,4.309402465820312500e+00,4.998073101043701172e+00
8.614356994628906250e+01,5.000005245208740234e+00,5.000005245208740234e+00,5.000005245208740234e+00,5.000005245208740234e+00,5.000017166137695312e+00,5.000024795532226562e+00,5.000569820404052734e+00,5.000664234161376953e+00,3.179032325744628906e+00,9.860125184059143066e-01,5.926444530487060547e+00,5.249866485595703125e+00,5.000005245208740234e+00,5.000005245208740234e+00,4.999998092651367188e+00,4.999661922454833984e+00,7.111286163330078125e+00,4.260807991027832031e+00,4.998809814453125000e+00
8.664440917968750000e+01,5.000005245208740234e+00,5.000005245208740234e+00,5.000005245208740234e+00,5.000005245208740234e+00,5.000010013580322266e+00,5.000012874603271484e+00,5.000229358673095703e+00,5.000266075134277344e+00,2.968377828598022461e+00,9.634012579917907715e-01,5.972223281860351562e+00,5.262365341186523438e+00,5.000005245208740234e+00,5.000005245208740234e+00,5.000002861022949219e+00,4.999868869781494141e+00,7.224562168121337891e+00,4.215352535247802734e+00,4.993061542510986328e+00
8.714524078369140625e+01,5.000005245208740234e+00,5.000005245208740234e+00,5.000005245208740234e+00,5.000005245208740234e+00,5.000007152557373047e+00,5.000008106231689453e+00,5.000092029571533203e+00,5.000106334686279297e+00,2.897064447402954102e+00,9.545717239379882812e-01,6.008010387420654297e+00,5.273708343505859375e+00,5.000005245208740234e+00,5.000005245208740234e+00,5.000004291534423828e+00,4.999952316284179688e+00,7.266836166381835938e+00,4.178639888763427734e+00,4.986636161804199219e+00
8.764608001708984375e+01,5.000005245208740234e+00,5.000005245208740234e+00,5.000005245208740234e+00,5.000005245208740234e+00,5.000005722045898438e+00,5.000006198883056641e+00,5.000038623809814453e+00,5.000043869018554688e+00,2.873269796371459961e+00,9.514026045799255371e-01,6.035450935363769531e+00,5.282685279846191406e+00,5.000005245208740234e+00,5.000005245208740234e+00,5.000005245208740234e+00,4.999985218048095703e+00,7.283427715301513672e+00,4.149761676788330078e+00,4.981123924255371094e+00
8.814691162109375000e+01,5.000005245208740234e+00,5.000005245208740234e+00,5.000005245208740234e+00,5.000005245208740234e+00,5.000007152557373047e+00,5.000007629394531250e+00,7.745603322982788086e-01,9.720808863639831543e-01,3.067647218704223633e+00,1.586263298988342285e+00,6.088921070098876953e+00,5.300911426544189453e+00,5.000005245208740234e+00,5.000005245208740234e+00,5.000004291534423828e+00,8.486707687377929688e+00,7.292992115020751953e+00,4.129720211029052734e+00,4.978829383850097656e+00
8.864774322509765625e+01,5.000005245208740234e+00,5.000005245208740234e+00,5.000005245208740234e+00,5.000005245208740234e+00,5.000005722045898438e+00,5.000005722045898438e+00,3.641995429992675781e+00,9.020296335220336914e-01,2.273090600967407227e+00,4.555514156818389893e-01,6.083076477050781250e+00,5.300273418426513672e+00,5.000005245208740234e+00,5.000005245208740234e+00,5.000005245208740234e+00,6.066627979278564453e+00,7.890754222869873047e+00,4.129033565521240234e+00,4.983826160430908203e+00
8.914858245849609375e+01,5.000005245208740234e+00,5.000005245208740234e+00,5.000005245208740234e+00,5.000005245208740234e+00,5.000005245208740234e+00,5.000005245208740234e+00,4.765571117401123047e+00,1.208780288696289062e+00,2.199343681335449219e+00,8.355994224548339844e-01,6.092202663421630859e+00,5.310269832611083984e+00,5.000005245208740234e+00,5.000005245208740234e+00,5.000005245208740234e+00,5.571200370788574219e+00,7.619370460510253906e+00,4.119995117187500000e+00,4.982259750366210938e+00
8.964941406250000000e+01,5.000005245208740234e+00,5.000005245208740234e+00,5.000005245208740234e+00,5.000005245208740234e+00,5.000005245208740234e+00,5.000005245208740234e+00,5.184266090393066406e+00,1.268087506294250488e+00,2.318023681640625000e+00,9.364319443702697754e-01,6.085622310638427734e+00,5.311633586883544922e+00,5.000005245208740234e+00,5.000005245208740234e+00,5.000005245208740234e+00,5.430839061737060547e+00,7.556148529052734375e+00,4.127072811126708984e+00,4.980223655700683594e+00
9.015025329589843750e+01,5.000005245208740234e+00,5.000005245208740234e+00,5.000005245208740234e+00,5.000005245208740234e+00,5.000005245208740234e+00,5.000005245208740234e+00,5.409891605377197266e+00,1.279777407646179199e+00,2.433674335479736328e+00,9.371756315231323242e-01,6.070519924163818359e+00,5.308334827423095703e+00,5.000005245208740234e+00,5.000005245208740234e+00,5.000005245208740234e+00,5.470136642456054688e+00,7.482426643371582031e+00,4.142727375030517578e+00,4.980412960052490234e+00
9.065108489990234375e+01,5.000005245208740234e+00,5.000005245208740234e+00,5.000005245208740234e+00,5.000005245208740234e+00,5.000005245208740234e+00,5.000005245208740234e+00,6.306433677673339844e+00,1.283576607704162598e+00,2.529801607131958008e+00,9.404183626174926758e-01,6.054452896118164062e+00,5.303642749786376953e+00,5.000005245208740234e+00,5.000005245208740234e+00,5.000005245208740234e+00,6.398269176483154297e+00,7.425601005554199219e+00,4.157422542572021484e+00,4.981702327728271484e+00
9.115191650390625000e+01,5.000005245208740234e+00,5.000005245208740234e+00,5.000005245208740234e+00,5.000005245208740234e+00,5.000005245208740234e+00,5.000005245208740234e+00,5.304264545440673828e+00,1.285222649574279785e+00,2.602819919586181641e+00,9.431814551353454590e-01,6.041620254516601562e+00,5.298799037933349609e+00,5.000005245208740234e+00,5.000005245208740234e+00,5.000005245208740234e+00,5.246521949768066406e+00,7.384670257568359375e+00,4.167683601379394531e+00,4.982892036437988281e+00
9.165275573730468750e+01,5.000005245208740234e+00,5.000005245208740234e+00,5.000005245208740234e+00,5.000005245208740234e+00,5.000005245208740234e+00,5.000005245208740234e+00,5.370932579040527344e+00,1.285696029663085938e+00,4.706554412841796875e+00,1.025111556053161621e+00,5.887281417846679688e+00,5.282921791076660156e+00,5.000005245208740234e+00,5.000005245208740234e+00,5.000005245208740234e+00,5.311342239379882812e+00,6.524859905242919922e+00,4.317275047302246094e+00,4.980773925781250000e+00
9.215358734130859375e+01,5.000005245208740234e+00,5.000005245208740234e+00,5.000005245208740234e+00,5.000005245208740234e+00,5.000005245208740234e+00,5.000005245208740234e+00,5.427736759185791016e+00,1.285860180854797363e+00,3.365635156631469727e+00,1.015212059020996094e+00,5.863116264343261719e+00,5.250899314880371094e+00,5.000005245208740234e+00,5.000005245208740234e+00,5.000005245208740234e+00,5.371237754821777344e+00,6.966724395751953125e+00,4.339247703552246094e+00,5.001743793487548828e+00
9.265442657470703125e+01,5.000005245208740234e+00,5.000005245208740234e+00,5.000005245208740234e+00,5.000005245208740234e+00,5.000005245208740234e+00,5.000005245208740234e+00,5.439335346221923828e+00,1.285909533500671387e+00,2.969748735427856445e+00,9.748318791389465332e-01,5.890290737152099609e+00,5.248153686523437500e+00,5.000005245208740234e+00,5.000005245208740234e+00,5.000005245208740234e+00,5.382960319519042969e+00,7.168812274932861328e+00,4.311780929565429688e+00,5.006208419799804688e+00
9.315525817871093750e+01,5.000005245208740234e+00,5.000005245208740234e+00,5.000005245208740234e+00,5.000005245208740234e+00,5.000005245208740234e+00,5.000005245208740234e+00,5.431180000305175781e+00,1.285925030708312988e+00,2.850456714630126953e+00,9.582703113555908203e-01,5.923399925231933594e+00,5.254709243774414062e+00,5.000005245208740234e+00,5.000005245208740234e+00,5.000005245208740234e+00,5.373488426208496094e+00,7.241923809051513672e+00,4.277306079864501953e+00,5.003054141998291016e+00
9.365608978271484375e+01,5.000005245208740234e+00,5.000005245208740234e+00,5.000005245208740234e+00,5.000005245208740234e+00,5.000005245208740234e+00,5.000005245208740234e+00,5.423401832580566406e+00,1.285969138145446777e+00,2.818699359893798828e+00,9.524805545806884766e-01,5.953153133392333984e+00,5.262722015380859375e+00,5.000005245208740234e+00,5.000005245208740234e+00,5.000005245208740234e+00,5.364724159240722656e+00,7.267077445983886719e+00,4.245413780212402344e+00,4.997980117797851562e+00
9.415692901611328125e+01,5.000005245208740234e+00,5.000005245208740234e+00,5.000005245208740234e+00,5.000005245208740234e+00,5.000005245208740234e+00,5.000005245208740234e+00,5.422719001770019531e+00,1.286208152770996094e+00,2.814599752426147461e+00,9.506567716598510742e-01,5.978727340698242188e+00,5.270074367523193359e+00,5.000005245208740234e+00,5.000005245208740234e+00,5.000005245208740234e+00,5.363985061645507812e+00,7.276124954223632812e+00,4.217385292053222656e+00,4.992933273315429688e+00
9.465776062011718750e+01,5.000005245208740234e+00,5.000005245208740234e+00,5.000005245208740234e+00,5.000005245208740234e+00,5.000005245208740234e+00,5.000005245208740234e+00,5.418136596679687500e+00,1.287427544593811035e+00,2.818812370300292969e+00,9.502726197242736816e-01,6.000796794891357422e+00,5.276432037353515625e+00,5.000005245208740234e+00,5.000005245208740234e+00,5.000005245208740234e+00,5.359084606170654297e+00,7.280378341674804688e+00,4.192803382873535156e+00,4.988389968872070312e+00
9.515859985351562500e+01,5.000005245208740234e+00,5.000005245208740234e+00,5.000005245208740234e+00,5.000005245208740234e+00,5.000005245208740234e+00,5.000005245208740234e+00,5.407329082489013672e+00,1.293497323989868164e+00,2.825015306472778320e+00,9.506793022155761719e-01,6.020078182220458984e+00,5.281915187835693359e+00,5.000005245208740234e+00,5.000005245208740234e+00,5.000005245208740234e+00,5.348501205444335938e+00,7.283274650573730469e+00,4.171072959899902344e+00,4.984390258789062500e+00
9.565943145751953125e+01,5.000005245208740234e+00,5.000005245208740234e+00,5.000005245208740234e+00,5.000005245208740234e+00,5.000005245208740234e+00,5.000005245208740234e+00,5.390869617462158203e+00,1.319361925125122070e+00,2.831280469894409180e+00,9.521858692169189453e-01,6.037106513977050781e+00,5.286687850952148438e+00,5.000005245208740234e+00,5.000005245208740234e+00,5.000005245208740234e+00,5.339340209960937500e+00,7.285792350769042969e+00,4.151720046997070312e+00,4.980857372283935547e+00
9.616027069091796875e+01,5.000005245208740234e+00,5.000005245208740234e+00,5.000005245208740234e+00,5.000005245208740234e+00,5.000005245208740234e+00,5.000005245208740234e+00,5.338684558868408203e+00,1.413761496543884277e+00,2.837176561355590820e+00,9.552921652793884277e-01,6.052248477935791016e+00,5.290889739990234375e+00,5.000005245208740234e+00,5.000005245208740234e+00,5.000005245208740234e+00,5.367658138275146484e+00,7.288184642791748047e+00,4.134397506713867188e+00,4.977724552154541016e+00
9.666110229492187500e+01,5.000005245208740234e+00,5.000005245208740234e+00,5.000005245208740234e+00,5.000005245208740234e+00,5.000005245208740234e+00,5.000005245208740234e+00,5.061148166656494141e+00,1.696971654891967773e+00,2.842511653900146484e+00,9.586701393127441406e-01,6.065743446350097656e+00,5.294601917266845703e+00,5.000005245208740234e+00,5.000005245208740234e+00,5.000005245208740234e+00,5.610922336578369141e+00,7.290637969970703125e+00,4.118886947631835938e+00,4.974937915802001953e+00
9.716193389892578125e+01,5.000005245208740234e+00,5.000005245208740234e+00,5.000005245208740234e+00,5.000005245208740234e+00,5.000005245208740234e+00,5.000005245208740234e+00,4.453497409820556641e+00,2.364748239517211914e+00,2.847005844116210938e+00,9.616146087646484375e-01,6.077771663665771484e+00,5.297892093658447266e+00,5.000005245208740234e+00,5.000005245208740234e+00,5.000005245208740234e+00,6.025671005249023438e+00,7.293435573577880859e+00,4.105010986328125000e+00,4.972460746765136719e+00
9.766277313232421875e+01,5.000005245208740234e+00,5.000005245208740234e+00,5.000005245208740234e+00,5.000005245208740234e+00,5.000005245208740234e+00,5.000005245208740234e+00,4.333286762237548828e+00,3.651756286621093750e+00,2.850988388061523438e+00,9.641283750534057617e-01,6.088493347167968750e+00,5.300814628601074219e+00,5.000005245208740234e+00,5.000005245208740234e+00,5.000005245208740234e+00,5.987615585327148438e+00,7.296337604522705078e+00,4.092605113983154297e+00,4.970258235931396484e+00
9.816360473632812500e+01,5.000005245208740234e+00,5.000005245208740234e+00,5.000005245208740234e+00,5.000005245208740234e+00,5.000005245208740234e+00,5.000005245208740234e+00,5.352708339691162109e+00,5.246530532836914062e+00,2.853375196456909180e+00,9.556083679199218750e-01,6.097936630249023438e+00,5.303358078002929688e+00,5.000005245208740234e+00,5.000005245208740234e+00,5.000005245208740234e+00,5.112040996551513672e+00,7.300032615661621094e+00,4.081679821014404297e+00,4.968348503112792969e+00
9.866444396972656250e+01,5.000005245208740234e+00,5.000005245208740234e+00,5.000005245208740234e+00,5.000005245208740234e+00,5.000005245208740234e+00,5.000005245208740234e+00,6.453644275665283203e+00,6.401130199432373047e+00,2.853497982025146484e+00,9.429262876510620117e-01,6.106297492980957031e+00,5.305604457855224609e+00,5.000005245208740234e+00,5.000005245208740234e+00,5.000005245208740234e+00,3.942377805709838867e+00,7.304503917694091797e+00,4.072005271911621094e+00,4.966672897338867188e+00
9.916527557373046875e+01,5.000005245208740234e+00,5.000005245208740234e+00,5.000005245208740234e+00,5.000005245208740234e+00,5.000005245208740234e+00,5.000005245208740234e+00,7.158478736877441406e+00,7.148022651672363281e+00,2.854094266891479492e+00,9.363822937011718750e-01,6.113769531250000000e+00,5.307622909545898438e+00,5.000005245208740234e+00,5.000005245208740234e+00,5.000005245208740234e+00,2.975628376007080078e+00,7.307352542877197266e+00,4.063336849212646484e+00,4.965158462524414062e+00
9.966610717773437500e+01,5.000005245208740234e+00,5.000005245208740234e+00,5.000005245208740234e+00,5.000005245208740234e+00,5.000005245208740234e+00,5.000005245208740234e+00,7.333619117736816406e+00,7.408051967620849609e+00,2.855690240859985352e+00,9.359041452407836914e-01,6.120443344116210938e+00,5.309432983398437500e+00,5.000005245208740234e+00,5.000005245208740234e+00,5.000005245208740234e+00,2.679149866104125977e+00,7.308437347412109375e+00,4.055572986602783203e+00,4.963793754577636719e+00
1.001669464111328125e+02,5.000005245208740234e+00,5.000005245208740234e+00,5.000005245208740234e+00,5.000005245208740234e+00,5.000005245208740234e+00,5.000005245208740234e+00,6.344681739807128906e+00,6.505015850067138672e+00,2.857495784759521484e+00,9.377157092094421387e-01,6.126377105712890625e+00,5.311047554016113281e+00,5.000005245208740234e+00,5.000005245208740234e+00,5.000005245208740234e+00,3.857372999191284180e+00,7.308716297149658203e+00,4.048655033111572266e+00,4.962576866149902344e+00
1.006677780151367188e+02,5.000005245208740234e+00,5.000005245208740234e+00,5.000005245208740234e+00,5.000005245208740234e+00,5.000005245208740234e+00,5.000005245208740234e+00,5.455395221710205078e+00,5.530684471130371094e+00,2.859054565429687500e+00,9.397277235984802246e-01,6.131637573242187500e+00,5.312472820281982422e+00,5.000005245208740234e+00,5.000005245208740234e+00,5.000005245208740234e+00,4.680956363677978516e+00,7.308660030364990234e+00,4.042515754699707031e+00,4.961495399475097656e+00
1.011686172485351562e+02,5.000005245208740234e+00,5.000005245208740234e+00,5.000005245208740234e+00,5.000005245208740234e+00,5.000005245208740234e+00,5.000005245208740234e+00,5.156404018402099609e+00,5.181884288787841797e+00,2.860287189483642578e+00,9.414696097373962402e-01,6.136291980743408203e+00,5.313736438751220703e+00,5.000005245208740234e+00,5.000005245208740234e+00,5.000005245208740234e+00,4.899340152740478516e+00,7.308373451232910156e+00,4.037073612213134766e+00,4.960541248321533203e+00
1.016694488525390625e+02,5.000005245208740234e+00,5.000005245208740234e+00,5.000005245208740234e+00,5.000005245208740234e+00,5.000005245208740234e+00,5.000005245208740234e+00,5.054825305938720703e+00,5.063720226287841797e+00,2.861206769943237305e+00,9.429321885108947754e-01,6.140410900115966797e+00,5.314850330352783203e+00,5.000005245208740234e+00,5.000005245208740234e+00,5.000005245208740234e+00,4.965655326843261719e+00,7.307818412780761719e+00,4.032255172729492188e+00,4.959694385528564453e+00
1.021702804565429688e+02,5.000005245208740234e+00,5.000005245208740234e+00,5.000005245208740234e+00,5.000005245208740234e+00,5.000005245208740234e+00,5.000005245208740234e+00,5.019303321838378906e+00,5.022433280944824219e+00,2.861840486526489258e+00,9.441545605659484863e-01,6.144051074981689453e+00,5.315834045410156250e+00,5.000005245208740234e+00,5.000005245208740234e+00,5.000005245208740234e+00,4.988021373748779297e+00,7.306981563568115234e+00,4.027990341186523438e+00,4.958948612213134766e+00
1.026711196899414062e+02,5.000005245208740234e+00,5.000005245208740234e+00,5.000005245208740234e+00,5.000005245208740234e+00,5.000005245208740234e+00,5.000005245208740234e+00,5.006784439086914062e+00,5.007883548736572266e+00,2.862206220626831055e+00,9.451767802238464355e-01,6.147266387939453125e+00,5.316705703735351562e+00,5.000005245208740234e+00,5.000005245208740234e+00,5.000005245208740234e+00,4.995808124542236328e+00,7.305824756622314453e+00,4.024221420288085938e+00,4.958289146423339844e+00
1.031719512939453125e+02,5.000005245208740234e+00,5.000005245208740234e+00,5.000005245208740234e+00,5.000005245208740234e+00,5.000005245208740234e+00,5.000005245208740234e+00,5.002377510070800781e+00,5.002761840820312500e+00,2.862314224243164062e+00,9.460326433181762695e-01,6.150107860565185547e+00,5.317470550537109375e+00,5.000005245208740234e+00,5.000005245208740234e+00,5.000005245208740234e+00,4.998538017272949219e+00,7.304306030273437500e+00,4.020886421203613281e+00,4.957705974578857422e+00
1.036727905273437500e+02,5.000005245208740234e+00,5.000005245208740234e+00,5.000005245208740234e+00,5.000005245208740234e+00,5.000005245208740234e+00,5.000005245208740234e+00,5.000832080841064453e+00,5.000965595245361328e+00,2.862177610397338867e+00,9.467443823814392090e-01,6.152616500854492188e+00,5.318148136138916016e+00,5.000005245208740234e+00,5.000005245208740234e+00,5.000005245208740234e+00,4.999494075775146484e+00,7.302406311035156250e+00,4.017940998077392578e+00,4.957191467285156250e+00
1.041736221313476562e+02,5.000005245208740234e+00,5.000005245208740234e+00,5.000005245208740234e+00,5.000005245208740234e+00,5.000005245208740234e+00,5.000005245208740234e+00,5.000292301177978516e+00,5.000338554382324219e+00,2.861798286437988281e+00,9.473400712013244629e-01,6.154829978942871094e+00,5.318745613098144531e+00,5.000005245208740234e+00,5.000005245208740234e+00,5.000005245208740234e+00,4.999827861785888672e+00,7.300077915191650391e+00,4.015340328216552734e+00,4.956734180450439453e+00
1.046744537353515625e+02,5.000005245208740234e+00,5.000005245208740234e+00,5.000005245208740234e+00,5.000005245208740234e+00,5.000005245208740234e+00,5.000005245208740234e+00,5.000104904174804688e+00,5.000120639801025391e+00,2.861181020736694336e+00,9.478415250778198242e-01,6.156785488128662109e+00,5.319271087646484375e+00,5.000005245208740234e+00,5.000005245208740234e+00,5.000005245208740234e+00,4.999943733215332031e+00,7.297292232513427734e+00,4.013042926788330078e+00,4.956335067749023438e+00
1.051752929687500000e+02,5.000005245208740234e+00,5.000005245208740234e+00,5.000005245208740234e+00,5.000005245208740234e+00,5.000005245208740234e+00,5.000005245208740234e+00,5.000039577484130859e+00,5.000045299530029297e+00,2.860325098037719727e+00,9.482542872428894043e-01,6.158509254455566406e+00,5.319737434387207031e+00,5.000005245208740234e+00,5.000005245208740234e+00,5.000005245208740234e+00,4.999983787536621094e+00,7.294017314910888672e+00,4.011014461517333984e+00,4.955981731414794922e+00
1.056761245727539062e+02,5.000005245208740234e+00,5.000005245208740234e+00,5.000005245208740234e+00,5.000005245208740234e+00,5.000005245208740234e+00,5.000005245208740234e+00,5.000017166137695312e+00,5.000019073486328125e+00,2.859221458435058594e+00,9.485982656478881836e-01,6.160030841827392578e+00,5.320144653320312500e+00,5.000005245208740234e+00,5.000005245208740234e+00,5.000005245208740234e+00,4.999998092651367188e+00,7.290195465087890625e+00,4.009224891662597656e+00,4.955668449401855469e+00
1.061769638061523438e+02,5.000005245208740234e+00,5.000005245208740234e+00,5.000005245208740234e+00,5.000005245208740234e+00,5.000005245208740234e+00,5.000005245208740234e+00,5.000009536743164062e+00,5.000010013580322266e+00,2.857868909835815430e+00,9.488850831985473633e-01,6.161373138427734375e+00,5.320506095886230469e+00,5.000005245208740234e+00,5.000005245208740234e+00,5.000005245208740234e+00,5.000002861022949219e+00,7.285798072814941406e+00,4.007643222808837891e+00,4.955394744873046875e+00
1.066777954101562500e+02,5.000005245208740234e+00,5.000005245208740234e+00,5.000005245208740234e+00,5.000005245208740234e+00,5.000005245208740234e+00,5.000005245208740234e+00,5.000006198883056641e+00,5.000007152557373047e+00,2.856255054473876953e+00,9.491369128227233887e-01,6.162555694580078125e+00,5.320823192596435547e+00,5.000005245208740234e+00,5.000005245208740234e+00,5.000005245208740234e+00,5.000004291534423828e+00,7.280770778656005859e+00,4.006249427795410156e+00,4.955149650573730469e+00
1.071786346435546875e+02,5.000005245208740234e+00,5.000005245208740234e+00,5.000005245208740234e+00,5.000005245208740234e+00,5.000005245208740234e+00,5.000005245208740234e+00,5.000005722045898438e+00,5.000005722045898438e+00,2.854372739791870117e+00,9.493350386619567871e-01,6.163600444793701172e+00,5.321104526519775391e+00,5.000005245208740234e+00,5.000005245208740234e+00,5.000005245208740234e+00,5.000005245208740234e+00,7.275085926055908203e+00,4.005018234252929688e+00,4.954938888549804688e+00
1.076794662475585938e+02,5.000005245208740234e+00,5.000005245208740234e+00,5.000005245208740234e+00,5.000005245208740234e+00,5.000005245208740234e+00,5.000005245208740234e+00,5.000005245208740234e+00,5.000005245208740234e+00,2.852211713790893555e+00,9.495099782943725586e-01,6.164523124694824219e+00,5.321351528167724609e+00,5.000005245208740234e+00,5.000005245208740234e+00,5.000005245208740234e+00,5.000005245208740234e+00,7.268685340881347656e+00,4.003932476043701172e+00,4.954747200012207031e+00
1.081802978515625000e+02,5.000005245208740234e+00,5.000005245208740234e+00,5.000005245208740234e+00,5.000005245208740234e+00,5.000005245208740234e+00,5.000005245208740234e+00,5.000005245208740234e+00,5.000005245208740234e+00,2.849762916564941406e+00,9.496463537216186523e-01,6.165332794189453125e+00,5.321570396423339844e+00,5.000005245208740234e+00,5.000005245208740234e+00,5.000005245208740234e+00,5.000005245208740234e+00,7.261544704437255859e+00,4.002975940704345703e+00,4.954580307006835938e+00
1.086811370849609375e+02,5.000005245208740234e+00,5.000005245208740234e+00,5.000005245208740234e+00,5.000005245208740234e+00,5.000005245208740234e+00,5.000005245208740234e+00,5.000005245208740234e+00,5.000005245208740234e+00,2.847021579742431641e+00,9.497686028480529785e-01,6.166049003601074219e+00,5.321764469146728516e+00,5.000005245208740234e+00,5.000005245208740234e+00,5.000005245208740234e+00,5.000005245208740234e+00,7.253632545471191406e+00,4.002130031585693359e+00,4.954434394836425781e+00
1.091819686889648438e+02,5.000005245208740234e+00,5.000005245208740234e+00,5.000005245208740234e+00,5.000005245208740234e+00,5.000005245208740234e+00,5.000005245208740234e+00,5.000005245208740234e+00,5.000005245208740234e+00,2.843979120254516602e+00,9.498757123947143555e-01,6.166680812835693359e+00,5.321931838989257812e+00,5.000005245208740234e+00,5.000005245208740234e+00,5.000005245208740234e+00,5.000005245208740234e+00,7.244926452636718750e+00,4.001384735107421875e+00,4.954303741455078125e+00
1.096828079223632812e+02,5.000005245208740234e+00,5.000005245208740234e+00,5.000005245208740234e+00,5.000005245208740234e+00,5.000005245208740234e+00,5.000005245208740234e+00,5.000005245208740234e+00,5.000005245208740234e+00,2.840638875961303711e+00,9.499549269676208496e-01,6.167237758636474609e+00,5.322084426879882812e+00,5.000005245208740234e+00,5.000005245208740234e+00,5.000005245208740234e+00,5.000005245208740234e+00,7.235430717468261719e+00,4.000728130340576172e+00,4.954189777374267578e+00
1.101836395263671875e+02,5.000005245208740234e+00,5.000005245208740234e+00,5.000005245208740234e+00,5.000005245208740234e+00,5.000005245208740234e+00,5.000005245208740234e+00,5.000005245208740234e+00,5.000005245208740234e+00,2.837007522583007812e+00,9.500333666801452637e-01,6.167728424072265625e+00,5.322215080261230469e+00,5.000005245208740234e+00,5.000005245208740234e+00,5.000005245208740234e+00,5.000005245208740234e+00,7.225152492523193359e+00,4.000147342681884766e+00,4.954088687896728516e+00
1.106844711303710938e+02,5.000005245208740234e+00,5.000005245208740234e+00,5.000005245208740234e+00,5.000005245208740234e+00,5.000005245208740234e+00,5.000005245208740234e+00,5.000005245208740234e+00,5.000005245208740234e+00,2.833097696304321289e+00,9.501197338104248047e-01,6.168163299560546875e+00,5.322331905364990234e+00,5.000005245208740234e+00,5.000005245208740234e+00,5.000005245208740234e+00,5.000005245208740234e+00,7.214140892028808594e+00,3.999635457992553711e+00,4.954000473022460938e+00
1.111853103637695312e+02,5.000005245208740234e+00,5.000005245208740234e+00,5.000005245208740234e+00,5.000005245208740234e+00,5.000005245208740234e+00,5.000005245208740234e+00,5.000005245208740234e+00,5.000005245208740234e+00,2.828928470611572266e+00,9.501877427101135254e-01,6.168545246124267578e+00,5.322434902191162109e+00,5.000005245208740234e+00,5.000005245208740234e+00,5.000005245208740234e+00,5.000005245208740234e+00,7.202462673187255859e+00,3.999184131622314453e+00,4.953925609588623047e+00
1.116861419677734375e+02,5.000005245208740234e+00,5.000005245208740234e+00,5.000005245208740234e+00,5.000005245208740234e+00,5.000005245208740234e+00,5.000005245208740234e+00,5.000005245208740234e+00,5.000005245208740234e+00,2.824525117874145508e+00,9.502866268157958984e-01,6.168880939483642578e+00,5.322526454925537109e+00,5.000005245208740234e+00,5.000005245208740234e+00,5.000005245208740234e+00,5.000005245208740234e+00,7.190202236175537109e+00,3.998785972595214844e+00,4.953854084014892578e+00
1.121869812011718750e+02,5.000005245208740234e+00,5.000005245208740234e+00,5.000005245208740234e+00,5.000005245208740234e+00,5.000005245208740234e+00,5.000005245208740234e+00,5.000005245208740234e+00,5.000005245208740234e+00,2.819916963577270508e+00,9.504401683807373047e-01,6.169178009033203125e+00,5.322607994079589844e+00,5.000005245208740234e+00,5.000005245208740234e+00,5.000005245208740234e+00,5.000005245208740234e+00,7.177505016326904297e+00,3.998435735702514648e+00,4.953794479370117188e+00
1.126878128051757812e+02,5.000005245208740234e+00,5.000005245208740234e+00,5.000005245208740234e+00,5.000005245208740234e+00,5.000005245208740234e+00,5.000005245208740234e+00,5.000005245208740234e+00,5.000005245208740234e+00,2.815124273300170898e+00,9.506700634956359863e-01,6.169440746307373047e+00,5.322677612304687500e+00,5.000005245208740234e+00,5.000005245208740234e+00,5.000005245208740234e+00,5.000005245208740234e+00,7.164514064788818359e+00,3.998124361038208008e+00,4.953740596771240234e+00
1.131886444091796875e+02,5.000005245208740234e+00,5.000005245208740234e+00,5.000005245208740234e+00,5.000005245208740234e+00,5.000005245208740234e+00,5.000005245208740234e+00,5.000005245208740234e+00,5.000005245208740234e+00,2.810168743133544922e+00,9.510394930839538574e-01,6.169672489166259766e+00,5.322741031646728516e+00,5.000005245208740234e+00,5.000005245208740234e+00,5.000005245208740234e+00,5.000005245208740234e+00,7.151431560516357422e+00,3.997851371765136719e+00,4.953695297241210938e+00
1.136894836425781250e+02,5.000005245208740234e+00,5.000005245208740234e+00,5.000005245208740234e+00,5.000005245208740234e+00,5.000005245208740234e+00,5.000005245208740234e+00,5.000005245208740234e+00,5.000005245208740234e+00,2.805027484893798828e+00,9.516783952713012695e-01,6.169875144958496094e+00,5.322798252105712891e+00,5.000005245208740234e+00,5.000005245208740234e+00,5.000005245208740234e+00,5.000005245208740234e+00,7.138471603393554688e+00,3.997610569000244141e+00,4.953655242919921875e+00
1.141903152465820312e+02,5.000005245208740234e+00,5.000005245208740234e+00,5.000005245208740234e+00,5.000005245208740234e+00,5.000005245208740234e+00,5.000005245208740234e+00,5.000005245208740234e+00,5.000005245208740234e+00,2.799646854400634766e+00,9.526876807212829590e-01,6.170055389404296875e+00,5.322845935821533203e+00,5.000005245208740234e+00,5.000005245208740234e+00,5.000005245208740234e+00,5.000005245208740234e+00,7.125864028930664062e+00,3.997396469116210938e+00,4.953618049621582031e+00
1.146911544799804688e+02,5.000005245208740234e+00,5.000005245208740234e+00,5.000005245208740234e+00,5.000005245208740234e+00,5.000005245208740234e+00,5.000005245208740234e+00,5.000005245208740234e+00,5.000005245208740234e+00,2.793917179107666016e+00,9.542879462242126465e-01,6.170215129852294922e+00,5.322891235351562500e+00,5.000005245208740234e+00,5.000005245208740234e+00,5.000005245208740234e+00,5.000005245208740234e+00,7.113868713378906250e+00,3.997209072113037109e+00,4.953588008880615234e+00
1.151919860839843750e+02,5.000005245208740234e+00,5.000005245208740234e+00,5.000005245208740234e+00,5.000005245208740234e+00,5.000005245208740234e+00,5.000005245208740234e+00,5.000005245208740234e+00,5.000005245208740234e+00,2.787633180618286133e+00,9.566641449928283691e-01,6.170354366302490234e+00,5.322929382324218750e+00,5.000005245208740234e+00,5.000005245208740234e+00,5.000005245208740234e+00,5.000005245208740234e+00,7.102759838104248047e+00,3.997043371200561523e+00,4.953558444976806641e+00
1.156928176879882812e+02,5.000005245208740234e+00,5.000005245208740234e+00,5.000005245208740234e+00,5.000005245208740234e+00,5.000005245208740234e+00,5.000005245208740234e+00,5.000005245208740234e+00,5.000005245208740234e+00,2.780524015426635742e+00,9.601317644119262695e-01,6.170478343963623047e+00,5.322962760925292969e+00,5.000005245208740234e+00,5.000005245208740234e+00,5.000005245208740234e+00,5.000005245208740234e+00,7.092810153961181641e+00,3.996896743774414062e+00,4.953534603118896484e+00
1.161936569213867188e+02,5.000005245208740234e+00,5.000005245208740234e+00,5.000005245208740234e+00,5.000005245208740234e+00,5.000005245208740234e+00,5.000005245208740234e+00,5.000005245208740234e+00,5.000005245208740234e+00,2.772173166275024414e+00,9.651303887367248535e-01,6.170587539672851562e+00,5.322996139526367188e+00,5.000005245208740234e+00,5.000005245208740234e+00,5.000005245208740234e+00,5.000005245208740234e+00,7.084317684173583984e+00,3.996767997741699219e+00,4.953513622283935547e+00
1.166944885253906250e+02,5.000005245208740234e+00,5.000005245208740234e+00,5.000005245208740234e+00,5.000005245208740234e+00,5.000005245208740234e+00,5.000005245208740234e+00,5.000005245208740234e+00,5.000005245208740234e+00,2.762020349502563477e+00,9.720314741134643555e-01,6.170684814453125000e+00,5.323020935058593750e+00,5.000005245208740234e+00,5.000005245208740234e+00,5.000005245208740234e+00,5.000005245208740234e+00,7.077584743499755859e+00,3.996654510498046875e+00,4.953493595123291016e+00
1.171953277587890625e+02,5.000005245208740234e+00,5.000005245208740234e+00,5.000005245208740234e+00,5.000005245208740234e+00,5.000005245208740234e+00,5.000005245208740234e+00,5.000005245208740234e+00,5.000005245208740234e+00,2.749363660812377930e+00,9.812542796134948730e-01,6.170769691467285156e+00,5.323046207427978516e+00,5.000005245208740234e+00,5.000005245208740234e+00,5.000005245208740234e+00,5.000005245208740234e+00,7.072935581207275391e+00,3.996553182601928711e+00,4.953478336334228516e+00
1.176961593627929688e+02,5.000005245208740234e+00,5.000005245208740234e+00,5.000005245208740234e+00,5.000005245208740234e+00,5.000005245208740234e+00,5.000005245208740234e+00,5.000005245208740234e+00,5.000005245208740234e+00,2.733314037322998047e+00,9.936521053314208984e-01,6.170844554901123047e+00,5.323066711425781250e+00,5.000005245208740234e+00,5.000005245208740234e+00,5.000005245208740234e+00,5.000005245208740234e+00,7.070701599121093750e+00,3.996465444564819336e+00,4.953462123870849609e+00
1.181969985961914062e+02,5.000005245208740234e+00,5.000005245208740234e+00,5.000005245208740234e+00,5.000005245208740234e+00,5.000005245208740234e+00,5.000005245208740234e+00,5.000005245208740234e+00,5.000005245208740234e+00,2.712720394134521484e+00,1.009811401367187500e+00,6.170911312103271484e+00,5.323085308074951172e+00,5.000005245208740234e+00,5.000005245208740234e+00,5.000005245208740234e+00,5.000005245208740234e+00,7.071292877197265625e+00,3.996386766433715820e+00,4.953451633453369141e+00
1.186978302001953125e+02,5.000005245208740234e+00,5.000005245208740234e+00,5.000005245208740234e+00,5.000005245208740234e+00,5.000005245208740234e+00,5.000005245208740234e+00,5.000005245208740234e+00,5.000005245208740234e+00,2.686197519302368164e+00,1.030661463737487793e+00,6.170969486236572266e+00,5.323101520538330078e+00,5.000005245208740234e+00,5.000005245208740234e+00,5.000005245208740234e+00,5.000005245208740234e+00,7.075159072875976562e+00,3.996316671371459961e+00,4.953438758850097656e+00
1.191986618041992188e+02,5.000005245208740234e+00,5.000005245208740234e+00,5.000005245208740234e+00,5.000005245208740234e+00,5.000005245208740234e+00,5.000005245208740234e+00,5.000005245208740234e+00,5.000005245208740234e+00,2.652060031890869141e+00,1.057276010513305664e+00,6.171022415161132812e+00,5.323115825653076172e+00,5.000005245208740234e+00,5.000005245208740234e+00,5.000005245208740234e+00,5.000005245208740234e+00,7.082833290100097656e+00,3.996255874633789062e+00,4.953428268432617188e+00
1.196995010375976562e+02,5.000005245208740234e+00,5.000005245208740234e+00,5.000005245208740234e+00,5.000005245208740234e+00,5.000005245208740234e+00,5.000005245208740234e+00,5.000005245208740234e+00,5.000005245208740234e+00,2.608277797698974609e+00,1.090890407562255859e+00,6.171068668365478516e+00,5.323129653930664062e+00,5.000005245208740234e+00,5.000005245208740234e+00,5.000005245208740234e+00,5.000005245208740234e+00,7.094918727874755859e+00,3.996201992034912109e+00,4.953421115875244141e+00
1.202003326416015625e+02,5.000005245208740234e+00,5.000005245208740234e+00,5.000005245208740234e+00,5.000005245208740234e+00,5.000005245208740234e+00,5.000005245208740234e+00,5.000005245208740234e+00,5.000005245208740234e+00,2.552507400512695312e+00,1.132925629615783691e+00,6.171108245849609375e+00,5.323139667510986328e+00,5.000005245208740234e+00,5.000005245208740234e+00,5.000005245208740234e+00,5.000005245208740234e+00,7.112036705017089844e+00,3.996153831481933594e+00,4.953412055969238281e+00
1.207011718750000000e+02,5.000005245208740234e+00,5.000005245208740234e+00,5.000005245208740234e+00,5.000005245208740234e+00,5.000005245208740234e+00,5.000005245208740234e+00,5.000005245208740234e+00,5.000005245208740234e+00,2.482216358184814453e+00,1.185175538063049316e+00,6.171144962310791016e+00,5.323151588439941406e+00,5.000005245208740234e+00,5.000005245208740234e+00,5.000005245208740234e+00,5.000005245208740234e+00,7.134714126586914062e+00,3.996112108230590820e+00,4.953406810760498047e+00
1.212020034790039062e+02,5.000005245208740234e+00,5.000005245208740234e+00,5.000005245208740234e+00,5.000005245208740234e+00,5.000005245208740234e+00,5.000005245208740234e+00,5.000005245208740234e+00,5.000005245208740234e+00,2.395076990127563477e+00,1.249144911766052246e+00,6.171174526214599609e+00,5.323158740997314453e+00,5.000005245208740234e+00,5.000005245208740234e+00,5.000005245208740234e+00,5.000005245208740234e+00,7.163149356842041016e+00,3.996074676513671875e+00,4.953398704528808594e+00
1.217028350830078125e+02,5.000005245208740234e+00,5.000005245208740234e+00,5.000005245208740234e+00,5.000005245208740234e+00,5.000005245208740234e+00,5.000005245208740234e+00,5.000005245208740234e+00,5.000005245208740234e+00,2.289958000183105469e+00,1.326221823692321777e+00,6.171202659606933594e+00,5.323166370391845703e+00,5.000005245208740234e+00,5.000005245208740234e+00,5.000005245208740234e+00,5.000005245208740234e+00,7.196729183197021484e+00,3.996043682098388672e+00,4.953393936157226562e+00
1.222036743164062500e+02,5.000005245208740234e+00,5.000005245208740234e+00,2.461950778961181641e+00,6.019052863121032715e-01,2.247678041458129883e+00,7.830396652221679688e+00,8.759256362915039062e+00,9.035170555114746094e+00,9.330930709838867188e+00,9.083781242370605469e+00,6.171796798706054688e+00,5.323318004608154297e+00,5.000005245208740234e+00,7.220222473144531250e+00,7.087131977081298828e+00,9.878278970718383789e-01,5.240970849990844727e-01,3.995713949203491211e+00,4.953306674957275391e+00
1.227045059204101562e+02,5.000005245208740234e+00,5.000005245208740234e+00,3.993714094161987305e+00,1.092186927795410156e+00,1.288549542427062988e+00,1.196480274200439453e+00,7.456865310668945312e+00,8.203506469726562500e+00,9.003076553344726562e+00,9.243510246276855469e+00,6.338159084320068359e+00,5.186870574951171875e+00,5.000005245208740234e+00,6.241009712219238281e+00,7.907046794891357422e+00,2.538306951522827148e+00,7.158513069152832031e-01,3.845371961593627930e+00,5.119271278381347656e+00
1.232053451538085938e+02,5.000005245208740234e+00,5.000005245208740234e+00,4.402163028717041016e+00,1.204442977905273438e+00,1.722242236137390137e+00,1.663357853889465332e+00,3.152922868728637695e+00,5.017594337463378906e+00,8.677938461303710938e+00,9.407264709472656250e+00,6.219840049743652344e+00,5.305768489837646484e+00,5.000005245208740234e+00,6.116277694702148438e+00,7.878251552581787109e+00,6.811987876892089844e+00,9.951432347297668457e-01,3.951482057571411133e+00,4.984165191650390625e+00
1.237061767578125000e+02,5.000005245208740234e+00,5.000005245208740234e+00,4.479266643524169922e+00,1.214715123176574707e+00,1.927562236785888672e+00,1.551339864730834961e+00,3.364283800125122070e+00,1.885633230209350586e+00,6.560360908508300781e+00,9.167629241943359375e+00,6.191363334655761719e+00,5.323863983154296875e+00,5.000005245208740234e+00,6.072681427001953125e+00,7.800116062164306641e+00,6.822622776031494141e+00,4.125967502593994141e+00,3.978124141693115234e+00,4.957530498504638672e+00
1.242070083618164062e+02,5.000005245208740234e+00,5.000005245208740234e+00,4.478885650634765625e+00,1.222643494606018066e+00,2.058183193206787109e+00,1.539731383323669434e+00,3.688843250274658203e+00,1.561164855957031250e+00,1.257091760635375977e+00,8.517139434814453125e+00,6.182437896728515625e+00,5.326099395751953125e+00,5.000005245208740234e+00,6.040880680084228516e+00,7.728522777557373047e+00,6.620395183563232422e+00,7.675974845886230469e+00,3.987973690032958984e+00,4.953243255615234375e+00
1.247078475952148438e+02,5.000005245208740234e+00,5.000005245208740234e+00,4.452866077423095703e+00,1.214360356330871582e+00,2.137343883514404297e+00,1.486718773841857910e+00,3.875815868377685547e+00,1.302377223968505859e+00,8.115361928939819336e-01,7.450047492980957031e+00,6.179234504699707031e+00,5.325822830200195312e+00,5.000005245208740234e+00,6.006015777587890625e+00,7.679821491241455078e+00,6.442286014556884766e+00,7.981237411499023438e+00,3.992806434631347656e+00,4.952881813049316406e+00
1.252086791992187500e+02,5.000005245208740234e+00,5.000005245208740234e+00,4.432418346405029297e+00,1.243899822235107422e+00,2.201827764511108398e+00,1.550634145736694336e+00,4.076419830322265625e+00,1.438966512680053711e+00,1.363597631454467773e+00,3.475222110748291016e+00,6.177633285522460938e+00,5.325445175170898438e+00,5.000005245208740234e+00,5.975062370300292969e+00,7.638214111328125000e+00,6.217052459716796875e+00,7.677957534790039062e+00,3.996081590652465820e+00,4.953151702880859375e+00
1.257095184326171875e+02,5.000005245208740234e+00,5.000005245208740234e+00,4.442864894866943359e+00,1.231666564941406250e+00,2.232984304428100586e+00,1.500842690467834473e+00,4.167833328247070312e+00,1.301141858100891113e+00,1.879117012023925781e+00,5.532522797584533691e-01,6.174460411071777344e+00,5.324637413024902344e+00,5.000005245208740234e+00,6.013381004333496094e+00,7.619343280792236328e+00,6.122533321380615234e+00,7.971025943756103516e+00,4.001538276672363281e+00,4.954545974731445312e+00
1.262103500366210938e+02,5.000005245208740234e+00,5.000005245208740234e+00,4.477118492126464844e+00,1.174905061721801758e+00,2.256552219390869141e+00,1.398110389709472656e+00,4.230628013610839844e+00,1.135983109474182129e+00,2.067674160003662109e+00,2.824999988079071045e-01,6.170508861541748047e+00,5.323578834533691406e+00,5.000005245208740234e+00,6.088900566101074219e+00,7.612352848052978516e+00,6.074645519256591797e+00,8.116207122802734375e+00,4.005820751190185547e+00,4.955277442932128906e+00
1.267111816406250000e+02,5.000005245208740234e+00,5.000005245208740234e+00,4.457682609558105469e+00,1.131318092346191406e+00,2.284904003143310547e+00,1.356974363327026367e+00,4.293931484222412109e+00,1.099894762039184570e+00,2.156905174255371094e+00,3.295082747936248779e-01,6.166921615600585938e+00,5.322813510894775391e+00,5.000005245208740234e+00,6.054128646850585938e+00,7.585831165313720703e+00,5.978002548217773438e+00,7.816293239593505859e+00,4.010148048400878906e+00,4.956084251403808594e+00
1.272120208740234375e+02,5.000005245208740234e+00,5.000005245208740234e+00,4.549561977386474609e+00,1.137325644493103027e+00,2.316953659057617188e+00,1.392249703407287598e+00,4.377528190612792969e+00,1.172403097152709961e+00,2.247461557388305664e+00,6.454498171806335449e-01,6.163867473602294922e+00,5.322444438934326172e+00,5.000005245208740234e+00,6.160054683685302734e+00,7.549363136291503906e+00,5.878705501556396484e+00,7.495301246643066406e+00,4.013240337371826172e+00,4.956514358520507812e+00
1.277128524780273438e+02,5.000005245208740234e+00,5.000005245208740234e+00,4.577895164489746094e+00,1.188145041465759277e+00,2.346251010894775391e+00,1.462519884109497070e+00,4.460911273956298828e+00,1.269320726394653320e+00,2.352320194244384766e+00,9.168220162391662598e-01,6.161003112792968750e+00,5.322098255157470703e+00,5.000005245208740234e+00,6.167446136474609375e+00,7.527742862701416016e+00,5.800957202911376953e+00,7.402755737304687500e+00,4.015785217285156250e+00,4.956741333007812500e+00
1.282136840820312500e+02,5.000005245208740234e+00,5.000005245208740234e+00,4.589657306671142578e+00,1.197001457214355469e+00,2.360779762268066406e+00,1.472872614860534668e+00,4.524897575378417969e+00,1.281687855720520020e+00,2.405653953552246094e+00,9.440650939941406250e-01,6.157742023468017578e+00,5.321607112884521484e+00,5.000005245208740234e+00,6.179628849029541016e+00,7.520092964172363281e+00,5.786398887634277344e+00,7.382726669311523438e+00,4.019201755523681641e+00,4.957476615905761719e+00
1.287145233154296875e+02,5.000005245208740234e+00,5.000005245208740234e+00,4.598471641540527344e+00,1.198084592819213867e+00,2.371491670608520508e+00,1.474052309989929199e+00,4.587846279144287109e+00,1.283096075057983398e+00,2.447332620620727539e+00,9.462967514991760254e-01,6.154637813568115234e+00,5.321118354797363281e+00,5.000005245208740234e+00,6.192700862884521484e+00,7.515404701232910156e+00,5.795036792755126953e+00,7.369255542755126953e+00,4.022520542144775391e+00,4.958263874053955078e+00
1.292153625488281250e+02,5.000005245208740234e+00,5.000005245208740234e+00,4.614558696746826172e+00,1.199779033660888672e+00,2.380659341812133789e+00,1.475085258483886719e+00,4.642683982849121094e+00,1.284170389175415039e+00,2.483267307281494141e+00,9.476854205131530762e-01,6.151804447174072266e+00,5.320534706115722656e+00,5.000005245208740234e+00,6.217567920684814453e+00,7.512307167053222656e+00,5.803555965423583984e+00,7.356869697570800781e+00,4.025473117828369141e+00,4.958893775939941406e+00
1.297161865234375000e+02,5.000005245208740234e+00,5.000005245208740234e+00,4.638753414154052734e+00,1.203591704368591309e+00,2.388895511627197266e+00,1.476525068283081055e+00,4.686301231384277344e+00,1.285426855087280273e+00,2.514635562896728516e+00,9.490793943405151367e-01,6.149313926696777344e+00,5.319901466369628906e+00,5.000005245208740234e+00,6.256347656250000000e+00,7.511362075805664062e+00,5.804876327514648438e+00,7.345642566680908203e+00,4.027968883514404297e+00,4.959359169006347656e+00
1.302170257568359375e+02,5.000005245208740234e+00,5.000005245208740234e+00,4.660510063171386719e+00,1.212321758270263672e+00,2.396396875381469727e+00,1.478860378265380859e+00,4.719693660736083984e+00,1.287190556526184082e+00,2.542366266250610352e+00,9.507572650909423828e-01,6.147220134735107422e+00,5.319291591644287109e+00,5.000005245208740234e+00,6.295908451080322266e+00,7.512170314788818359e+00,5.798853874206542969e+00,7.335919380187988281e+00,4.029960632324218750e+00,4.959701061248779297e+00
1.307178649902343750e+02,5.000005245208740234e+00,5.000005245208740234e+00,4.669208526611328125e+00,1.232553362846374512e+00,2.403510570526123047e+00,1.482990622520446777e+00,4.746057033538818359e+00,1.290012717247009277e+00,2.567110061645507812e+00,9.530795812606811523e-01,6.145551204681396484e+00,5.318741798400878906e+00,5.000005245208740234e+00,6.327373981475830078e+00,7.515032291412353516e+00,5.788682460784912109e+00,7.327579498291015625e+00,4.031428813934326172e+00,4.959928989410400391e+00
1.312187042236328125e+02,5.000005245208740234e+00,5.000005245208740234e+00,8.782934188842773438e+00,8.913619041442871094e+00,2.467935800552368164e+00,3.370748996734619141e+00,2.140132665634155273e+00,9.272532463073730469e-01,2.778048515319824219e+00,3.904786109924316406e+00,6.179533004760742188e+00,5.332824230194091797e+00,5.000005245208740234e+00,8.599197864532470703e-01,7.490485668182373047e+00,7.548223018646240234e+00,7.404840946197509766e+00,4.024418354034423828e+00,4.960193157196044922e+00
1.317195281982421875e+02,5.000005245208740234e+00,5.000005245208740234e+00,8.760281562805175781e+00,8.783012390136718750e+00,2.172102928161621094e+00,1.442246913909912109e+00,4.120839595794677734e+00,1.091575384140014648e+00,1.866110324859619141e+00,5.080862045288085938e-01,6.155797958374023438e+00,5.325667858123779297e+00,5.000005245208740234e+00,7.884086966514587402e-01,7.794426918029785156e+00,5.868185997009277344e+00,7.893468856811523438e+00,4.047471523284912109e+00,4.968788623809814453e+00
1.322203674316406250e+02,5.000005245208740234e+00,5.000005245208740234e+00,7.662182331085205078e+00,7.740330219268798828e+00,2.312976837158203125e+00,8.219689726829528809e-01,4.871334552764892578e+00,1.147658109664916992e+00,1.960628747940063477e+00,2.990095913410186768e-01,6.141777038574218750e+00,5.323896408081054688e+00,5.000005245208740234e+00,2.173539400100708008e+00,8.084098815917968750e+00,5.541544437408447266e+00,7.726586341857910156e+00,4.070858478546142578e+00,4.972892284393310547e+00
1.327212066650390625e+02,5.000005245208740234e+00,5.000005245208740234e+00,5.886903762817382812e+00,6.250046253204345703e+00,2.456299066543579102e+00,1.122718811035156250e+00,5.204254627227783203e+00,1.245632529258728027e+00,2.242436170578002930e+00,8.282879590988159180e-01,6.124432086944580078e+00,5.323731899261474609e+00,5.000005245208740234e+00,4.244235038757324219e+00,8.051074028015136719e+00,5.463262081146240234e+00,7.598427772521972656e+00,4.082783699035644531e+00,4.972248077392578125e+00
1.332220306396484375e+02,5.000005245208740234e+00,5.000005245208740234e+00,5.374639987945556641e+00,5.529534339904785156e+00,2.473702430725097656e+00,1.383897423744201660e+00,5.380354404449462891e+00,1.277980208396911621e+00,2.403830051422119141e+00,9.298403263092041016e-01,6.104060649871826172e+00,5.318729400634765625e+00,5.000005245208740234e+00,4.744410991668701172e+00,7.985927581787109375e+00,5.510594844818115234e+00,7.493589878082275391e+00,4.103792190551757812e+00,4.973610401153564453e+00
1.337228698730468750e+02,5.000005245208740234e+00,5.000005245208740234e+00,5.152801990509033203e+00,5.212543487548828125e+00,2.416594982147216797e+00,1.505431652069091797e+00,6.139407634735107422e+00,1.283888459205627441e+00,2.510392189025878906e+00,9.398388266563415527e-01,6.083911895751953125e+00,5.312482357025146484e+00,5.000005245208740234e+00,4.902106285095214844e+00,7.939987182617187500e+00,6.342750072479248047e+00,7.429596900939941406e+00,4.123063087463378906e+00,4.976016998291015625e+00
1.342237091064453125e+02,5.000005245208740234e+00,5.000005245208740234e+00,5.060814380645751953e+00,5.083298683166503906e+00,2.320642948150634766e+00,1.675256371498107910e+00,5.252017021179199219e+00,1.288108944892883301e+00,2.587189435958862305e+00,9.450789093971252441e-01,6.068296432495117188e+00,5.306683540344238281e+00,5.000005245208740234e+00,4.961894512176513672e+00,7.968260765075683594e+00,5.318471431732177734e+00,7.386333465576171875e+00,4.136598110198974609e+00,4.977949619293212891e+00
1.347245483398437500e+02,5.000005245208740234e+00,5.000005245208740234e+00,5.024755001068115234e+00,5.033431053161621094e+00,2.124704122543334961e+00,2.028253793716430664e+00,5.216417789459228516e+00,1.294534802436828613e+00,2.641106605529785156e+00,9.491118788719177246e-01,6.058299064636230469e+00,5.302018165588378906e+00,5.000005245208740234e+00,4.984624385833740234e+00,8.049315452575683594e+00,5.285181045532226562e+00,7.349225521087646484e+00,4.144169807434082031e+00,4.979049682617187500e+00
1.352253723144531250e+02,5.000005245208740234e+00,5.000005245208740234e+00,5.010415077209472656e+00,5.013936996459960938e+00,1.748533725738525391e+00,2.793197154998779297e+00,5.286661624908447266e+00,1.301740407943725586e+00,2.679332494735717773e+00,9.510880112648010254e-01,6.053308963775634766e+00,5.298697948455810547e+00,5.000005245208740234e+00,4.993557453155517578e+00,8.184379577636718750e+00,5.380411624908447266e+00,7.317864418029785156e+00,4.146381855010986328e+00,4.979297637939453125e+00
1.357262115478515625e+02,5.000005245208740234e+00,5.000005245208740234e+00,5.004169940948486328e+00,5.005556583404541016e+00,1.347511053085327148e+00,3.686979293823242188e+00,5.311467170715332031e+00,1.292905807495117188e+00,2.709130287170410156e+00,9.480472207069396973e-01,6.052228450775146484e+00,5.296788215637207031e+00,5.000005245208740234e+00,4.997429370880126953e+00,8.322385787963867188e+00,5.441417694091796875e+00,7.302314758300781250e+00,4.144339084625244141e+00,4.978993892669677734e+00
1.362270507812500000e+02,5.000005245208740234e+00,5.000005245208740234e+00,5.001606941223144531e+00,5.002137184143066406e+00,1.065121650695800781e+00,4.514087677001953125e+00,5.298089504241943359e+00,1.276908516883850098e+00,2.733534336090087891e+00,9.450687170028686523e-01,6.054488658905029297e+00,5.296146392822265625e+00,5.000005245208740234e+00,4.999014854431152344e+00,8.421862602233886719e+00,5.466951847076416016e+00,7.296228885650634766e+00,4.139243125915527344e+00,4.978259563446044922e+00
1.367278747558593750e+02,5.000005245208740234e+00,5.000005245208740234e+00,5.000604152679443359e+00,5.000802516937255859e+00,9.124193191528320312e-01,5.129878997802734375e+00,5.262387752532958984e+00,1.262739062309265137e+00,2.753883838653564453e+00,9.435496926307678223e-01,6.059158325195312500e+00,5.296418666839599609e+00,5.000005245208740234e+00,4.999634742736816406e+00,8.484020233154296875e+00,5.466255664825439453e+00,7.294872283935546875e+00,4.132035255432128906e+00,4.977127075195312500e+00
1.372287139892578125e+02,5.000005245208740234e+00,5.000005245208740234e+00,5.000225543975830078e+00,5.000298500061035156e+00,8.390876650810241699e-01,5.570924758911132812e+00,5.220821380615234375e+00,1.253417015075683594e+00,2.770689010620117188e+00,9.433161020278930664e-01,6.065380573272705078e+00,5.297341346740722656e+00,5.000005245208740234e+00,4.999869346618652344e+00,8.516879081726074219e+00,5.455678939819335938e+00,7.295055866241455078e+00,4.123483657836914062e+00,4.975733757019042969e+00
1.377295532226562500e+02,5.000005245208740234e+00,5.000005245208740234e+00,5.000085830688476562e+00,5.000112056732177734e+00,8.049058318138122559e-01,5.902410984039306641e+00,5.186985969543457031e+00,1.248197317123413086e+00,2.784366846084594727e+00,9.438070654869079590e-01,6.072505950927734375e+00,5.298694610595703125e+00,5.000005245208740234e+00,4.999955654144287109e+00,8.525559425354003906e+00,5.452305316925048828e+00,7.295359611511230469e+00,4.114217758178710938e+00,4.974188327789306641e+00
1.382303771972656250e+02,5.000005245208740234e+00,5.000005245208740234e+00,5.000034332275390625e+00,5.000043869018554688e+00,7.911545038223266602e-01,6.156039714813232422e+00,5.160826206207275391e+00,1.246498823165893555e+00,2.795580863952636719e+00,9.446817040443420410e-01,6.080054759979248047e+00,5.300301551818847656e+00,5.000005245208740234e+00,4.999987602233886719e+00,8.514768600463867188e+00,5.457505226135253906e+00,7.295813560485839844e+00,4.104711055755615234e+00,4.972576618194580078e+00
1.387312164306640625e+02,5.000005245208740234e+00,5.000005245208740234e+00,5.000015735626220703e+00,5.000019073486328125e+00,7.909454107284545898e-01,6.350431442260742188e+00,5.134551048278808594e+00,1.249156951904296875e+00,2.804947614669799805e+00,9.458317756652832031e-01,6.087679862976074219e+00,5.302044391632080078e+00,5.000005245208740234e+00,4.999999523162841797e+00,8.492567062377929688e+00,5.463082313537597656e+00,7.296700000762939453e+00,4.095293521881103516e+00,4.970968723297119141e+00
1.392320556640625000e+02,5.000005245208740234e+00,5.000005245208740234e+00,5.000008583068847656e+00,5.000010013580322266e+00,8.023858666419982910e-01,6.504083633422851562e+00,5.104201793670654297e+00,1.258630275726318359e+00,2.812857866287231445e+00,9.472649693489074707e-01,6.095146179199218750e+00,5.303821563720703125e+00,5.000005245208740234e+00,5.000002861022949219e+00,8.467542648315429688e+00,5.465749740600585938e+00,7.297962188720703125e+00,4.086194515228271484e+00,4.969400882720947266e+00
1.397328948974609375e+02,5.000005245208740234e+00,5.000005245208740234e+00,5.000006198883056641e+00,5.000007152557373047e+00,8.259838223457336426e-01,6.630635738372802734e+00,5.069498062133789062e+00,1.279163122177124023e+00,2.819577693939208984e+00,9.490374922752380371e-01,6.102291584014892578e+00,5.305575370788574219e+00,5.000005245208740234e+00,5.000004768371582031e+00,8.444374084472656250e+00,5.468780040740966797e+00,7.299458980560302734e+00,4.077558517456054688e+00,4.967904090881347656e+00
1.402337188720703125e+02,5.000005245208740234e+00,5.000005245208740234e+00,5.000005722045898438e+00,5.000005722045898438e+00,8.629128336906433105e-01,6.738743305206298828e+00,5.028324127197265625e+00,1.317587137222290039e+00,2.825311899185180664e+00,9.512170553207397461e-01,6.109024524688720703e+00,5.307257175445556641e+00,5.000005245208740234e+00,5.000005245208740234e+00,8.423507690429687500e+00,5.477885723114013672e+00,7.301100730895996094e+00,4.069468975067138672e+00,4.966496467590332031e+00
1.407345581054687500e+02,5.000005245208740234e+00,5.000005245208740234e+00,5.000005245208740234e+00,5.000005722045898438e+00,9.120858311653137207e-01,6.830635547637939453e+00,4.968132972717285156e+00,1.386627793312072754e+00,2.830229043960571289e+00,9.537547826766967773e-01,6.115289211273193359e+00,5.308851718902587891e+00,5.000005245208740234e+00,5.000005245208740234e+00,8.403666496276855469e+00,5.506672859191894531e+00,7.302853107452392578e+00,4.061972618103027344e+00,4.965190887451171875e+00
1.412353973388671875e+02,5.000005245208740234e+00,5.000005245208740234e+00,5.000005245208740234e+00,5.000005245208740234e+00,9.713864326477050781e-01,6.908189296722412109e+00,4.849001407623291016e+00,1.508306980133056641e+00,2.834416389465332031e+00,9.561011195182800293e-01,6.121060848236083984e+00,5.310332298278808594e+00,5.000005245208740234e+00,5.000005245208740234e+00,8.382129669189453125e+00,5.591194152832031250e+00,7.304706096649169922e+00,4.055088520050048828e+00,4.963989257812500000e+00
1.417362213134765625e+02,5.000005245208740234e+00,5.000005245208740234e+00,5.000005245208740234e+00,5.000005245208740234e+00,1.054900407791137695e+00,6.993565559387207031e+00,4.621797561645507812e+00,1.717865705490112305e+00,2.837014913558959961e+00,9.580637812614440918e-01,6.221889972686767578e+00,5.455019950866699219e+00,5.000005245208740234e+00,5.000005245208740234e+00,8.351425170898437500e+00,5.757754325866699219e+00,7.303928375244140625e+00,3.945971727371215820e+00,4.828950405120849609e+00
1.422370605468750000e+02,5.000005245208740234e+00,5.000005245208740234e+00,5.000005245208740234e+00,5.000005245208740234e+00,1.175899028778076172e+00,7.053550243377685547e+00,4.284775257110595703e+00,2.023359775543212891e+00,2.840302705764770508e+00,9.572521448135375977e-01,6.218253135681152344e+00,5.368997097015380859e+00,5.000005245208740234e+00,5.000005245208740234e+00,8.297429084777832031e+00,5.977861881256103516e+00,7.307401180267333984e+00,3.952857494354248047e+00,4.918848037719726562e+00
1.427378997802734375e+02,5.000005245208740234e+00,5.000005245208740234e+00,5.000005245208740234e+00,5.000005245208740234e+00,1.400693535804748535e+00,7.120447635650634766e+00,3.910277128219604492e+00,2.415834426879882812e+00,2.842880010604858398e+00,9.548851251602172852e-01,6.195250511169433594e+00,5.342800617218017578e+00,5.000005245208740234e+00,5.000005245208740234e+00,8.190351486206054688e+00,6.183967590332031250e+00,7.310163497924804688e+00,3.976857662200927734e+00,4.942366600036621094e+00
1.432387237548828125e+02,5.000005245208740234e+00,5.000005245208740234e+00,5.000005245208740234e+00,5.000005245208740234e+00,1.843566656112670898e+00,7.200484275817871094e+00,3.564310073852539062e+00,2.821902275085449219e+00,2.844790935516357422e+00,9.513881802558898926e-01,6.177649974822998047e+00,5.331689357757568359e+00,5.000005245208740234e+00,5.000005245208740234e+00,7.966565608978271484e+00,6.350205898284912109e+00,7.312524795532226562e+00,3.994305372238159180e+00,4.950279712677001953e+00
1.437395629882812500e+02,5.000005245208740234e+00,5.000005245208740234e+00,5.000005245208740234e+00,5.000005245208740234e+00,2.660869598388671875e+00,7.291495323181152344e+00,3.267503976821899414e+00,3.158827543258666992e+00,2.846140623092651367e+00,9.479656815528869629e-01,6.167002201080322266e+00,5.326101303100585938e+00,5.000005245208740234e+00,5.000005245208740234e+00,7.497810840606689453e+00,6.486214637756347656e+00,7.314441680908203125e+00,4.004512786865234375e+00,4.953650474548339844e+00
1.442404022216796875e+02,5.000005245208740234e+00,5.000005245208740234e+00,5.000005245208740234e+00,5.000005245208740234e+00,3.953359365463256836e+00,7.386212348937988281e+00,3.038146257400512695e+00,3.396173000335693359e+00,2.847006082534790039e+00,9.452955722808837891e-01,6.161248207092285156e+00,5.323112964630126953e+00,5.000005245208740234e+00,5.000005245208740234e+00,6.546825408935546875e+00,6.591687202453613281e+00,7.315888404846191406e+00,4.009787559509277344e+00,4.955268859863281250e+00
1.447412414550781250e+02,5.000005245208740234e+00,5.000005245208740234e+00,5.000005245208740234e+00,5.000005245208740234e+00,5.509257316589355469e+00,7.458552837371826172e+00,2.935541868209838867e+00,3.591884374618530273e+00,2.847515583038330078e+00,9.432017803192138672e-01,6.158530712127685547e+00,5.321547508239746094e+00,5.000005245208740234e+00,5.000005245208740234e+00,4.983568191528320312e+00,6.635981082916259766e+00,7.316959381103515625e+00,4.012047767639160156e+00,4.956032752990722656e+00
1.452420654296875000e+02,5.000005245208740234e+00,5.000005245208740234e+00,5.000005245208740234e+00,5.000005245208740234e+00,6.314883232116699219e+00,7.328656196594238281e+00,3.085952520370483398e+00,3.893033266067504883e+00,2.848090887069702148e+00,9.408966898918151855e-01,6.157601833343505859e+00,5.320790767669677734e+00,5.000005245208740234e+00,5.000005245208740234e+00,3.981394529342651367e+00,6.542818069458007812e+00,7.317554473876953125e+00,4.012556076049804688e+00,4.956335067749023438e+00
1.457429046630859375e+02,5.000005245208740234e+00,5.000005245208740234e+00,5.000005245208740234e+00,5.000005245208740234e+00,5.729436874389648438e+00,6.524474143981933594e+00,3.605411767959594727e+00,4.401885509490966797e+00,2.848997831344604492e+00,9.373926520347595215e-01,6.157691955566406250e+00,5.320507526397705078e+00,5.000005245208740234e+00,5.000005245208740234e+00,4.429724693298339844e+00,6.220754146575927734e+00,7.317540645599365234e+00,4.012091636657714844e+00,4.956386089324951172e+00
1.462437438964843750e+02,5.000005245208740234e+00,5.000005245208740234e+00,5.000005245208740234e+00,5.000005245208740234e+00,5.242534637451171875e+00,5.615890502929687500e+00,4.514656543731689453e+00,5.113676548004150391e+00,2.849691867828369141e+00,9.327021837234497070e-01,6.158326148986816406e+00,5.320488452911376953e+00,5.000005245208740234e+00,5.000005245208740234e+00,4.833034992218017578e+00,5.580680370330810547e+00,7.317149162292480469e+00,4.011120319366455078e+00,4.956295013427734375e+00
1.467445678710937500e+02,5.000005245208740234e+00,5.000005245208740234e+00,5.000005245208740234e+00,5.000005245208740234e+00,5.083054542541503906e+00,5.217203140258789062e+00,5.674703598022460938e+00,5.988720893859863281e+00,2.849530220031738281e+00,9.275802373886108398e-01,6.159231662750244141e+00,5.320608615875244141e+00,5.000005245208740234e+00,5.000005245208740234e+00,4.947056770324707031e+00,4.564588546752929688e+00,7.316639900207519531e+00,4.009912014007568359e+00,4.956130981445312500e+00
1.472454071044921875e+02,5.000005245208740234e+00,5.000005245208740234e+00,5.000005245208740234e+00,5.000005245208740234e+00,5.028893947601318359e+00,5.074969291687011719e+00,6.403127670288085938e+00,6.564694404602050781e+00,2.848788261413574219e+00,9.235563278198242188e-01,6.160245418548583984e+00,5.320811271667480469e+00,5.000005245208740234e+00,5.000005245208740234e+00,4.981975555419921875e+00,3.809764862060546875e+00,7.315657615661621094e+00,4.008630275726318359e+00,4.955939292907714844e+00
1.477462463378906250e+02,5.000005245208740234e+00,5.000005245208740234e+00,5.000005245208740234e+00,5.000005245208740234e+00,5.009926795959472656e+00,5.025428295135498047e+00,5.976239681243896484e+00,6.115449905395507812e+00,2.848320960998535156e+00,9.223838448524475098e-01,6.161276817321777344e+00,5.321041584014892578e+00,5.000005245208740234e+00,5.000005245208740234e+00,4.993853092193603516e+00,4.240264415740966797e+00,7.313524723052978516e+00,4.007358551025390625e+00,4.955734252929687500e+00
1.482470855712890625e+02,5.000005245208740234e+00,5.000005245208740234e+00,5.000005245208740234e+00,5.000005245208740234e+00,5.003433227539062500e+00,5.008631706237792969e+00,5.385706424713134766e+00,5.459867954254150391e+00,2.848075866699218750e+00,9.231429100036621094e-01,6.162273883819580078e+00,5.321281909942626953e+00,5.000005245208740234e+00,5.000005245208740234e+00,4.997884273529052734e+00,4.736195564270019531e+00,7.310464859008789062e+00,4.006145000457763672e+00,4.955532550811767578e+00
1.487479095458984375e+02,5.000005245208740234e+00,5.000005245208740234e+00,5.000005245208740234e+00,5.000005245208740234e+00,5.001202106475830078e+00,5.002951622009277344e+00,5.140329837799072266e+00,5.168668270111083984e+00,2.847702264785766602e+00,9.243147969245910645e-01,6.163204669952392578e+00,5.321513175964355469e+00,5.000005245208740234e+00,5.000005245208740234e+00,4.999265193939208984e+00,4.910336017608642578e+00,7.306821823120117188e+00,4.005021095275878906e+00,4.955338478088378906e+00
1.492487487792968750e+02,5.000005245208740234e+00,5.000005245208740234e+00,5.000005245208740234e+00,5.000005245208740234e+00,5.000424861907958984e+00,5.001014232635498047e+00,5.050840854644775391e+00,5.061026573181152344e+00,2.847112894058227539e+00,9.255141615867614746e-01,6.164060115814208984e+00,5.321733474731445312e+00,5.000005245208740234e+00,5.000005245208740234e+00,4.999745845794677734e+00,4.968325614929199219e+00,7.302673339843750000e+00,4.003992557525634766e+00,4.955163955688476562e+00
1.497495880126953125e+02,5.000005245208740234e+00,5.000005245208740234e+00,5.000005245208740234e+00,5.000005245208740234e+00,5.000152587890625000e+00,5.000351428985595703e+00,5.018402099609375000e+00,5.022013187408447266e+00,2.846274137496948242e+00,9.266479015350341797e-01,6.164839267730712891e+00,5.321935176849365234e+00,5.000005245208740234e+00,5.000005245208740234e+00,4.999914646148681641e+00,4.988640785217285156e+00,7.297987937927246094e+00,4.003063201904296875e+00,4.955003261566162109e+00
1.502504119873046875e+02,5.000005245208740234e+00,5.000005245208740234e+00,5.000005245208740234e+00,5.000005245208740234e+00,5.000057220458984375e+00,5.000124454498291016e+00,5.006648063659667969e+00,5.007920742034912109e+00,2.845173358917236328e+00,9.277160763740539551e-01,6.165538311004638672e+00,5.322116374969482422e+00,5.000005245208740234e+00,5.000005245208740234e+00,4.999973297119140625e+00,4.995913505554199219e+00,7.292718410491943359e+00,4.002227783203125000e+00,4.954855918884277344e+00
1.507512512207031250e+02,5.000005245208740234e+00,5.000005245208740234e+00,5.000005245208740234e+00,5.000005245208740234e+00,5.000023841857910156e+00,5.000046253204345703e+00,5.002397537231445312e+00,5.002844810485839844e+00,2.843807458877563477e+00,9.287281036376953125e-01,6.166166782379150391e+00,5.322282314300537109e+00,5.000005245208740234e+00,5.000005245208740234e+00,4.999993801116943359e+00,4.998533248901367188e+00,7.286846160888671875e+00,4.001481056213378906e+00,4.954729557037353516e+00
1.512520904541015625e+02,5.000005245208740234e+00,5.000005245208740234e+00,5.000005245208740234e+00,5.000005245208740234e+00,5.000011920928955078e+00,5.000019550323486328e+00,5.000864505767822266e+00,5.001020908355712891e+00,2.842158794403076172e+00,9.296746253967285156e-01,6.166727066040039062e+00,5.322430133819580078e+00,5.000005245208740234e+00,5.000005245208740234e+00,5.000000953674316406e+00,4.999476432800292969e+00,7.280309677124023438e+00,4.000813484191894531e+00,4.954613208770751953e+00
1.517529144287109375e+02,5.000005245208740234e+00,5.000005245208740234e+00,5.000005245208740234e+00,5.000005245208740234e+00,5.000007629394531250e+00,5.000010013580322266e+00,5.000313282012939453e+00,5.000368118286132812e+00,2.840216398239135742e+00,9.305684566497802734e-01,6.167226314544677734e+00,5.322560310363769531e+00,5.000005245208740234e+00,5.000005245208740234e+00,5.000004291534423828e+00,4.999815940856933594e+00,7.273068904876708984e+00,4.000219821929931641e+00,4.954507350921630859e+00
1.522537536621093750e+02,5.000005245208740234e+00,5.000005245208740234e+00,5.000005245208740234e+00,5.000005245208740234e+00,5.000005722045898438e+00,5.000007152557373047e+00,5.000115394592285156e+00,5.000134468078613281e+00,2.837979555130004883e+00,9.314153194427490234e-01,6.167669773101806641e+00,5.322681427001953125e+00,5.000005245208740234e+00,5.000005245208740234e+00,5.000004768371582031e+00,4.999937534332275391e+00,7.265111923217773438e+00,3.999692678451538086e+00,4.954417705535888672e+00
1.527545928955078125e+02,5.000005245208740234e+00,5.000005245208740234e+00,5.000005245208740234e+00,5.000005245208740234e+00,5.000005722045898438e+00,5.000005722045898438e+00,5.000044345855712891e+00,5.000051021575927734e+00,2.835434198379516602e+00,9.322086572647094727e-01,6.168064594268798828e+00,5.322785377502441406e+00,5.000005245208740234e+00,5.000005245208740234e+00,5.000005245208740234e+00,4.999981403350830078e+00,7.256393432617187500e+00,3.999224901199340820e+00,4.954335689544677734e+00
1.532554321289062500e+02,5.000005245208740234e+00,5.000005245208740234e+00,5.000005245208740234e+00,5.000005245208740234e+00,5.000005245208740234e+00,5.000005245208740234e+00,5.000019550323486328e+00,5.000021934509277344e+00,2.832585096359252930e+00,9.329678416252136230e-01,6.168412685394287109e+00,5.322880268096923828e+00,5.000005245208740234e+00,5.000005245208740234e+00,5.000005245208740234e+00,4.999997138977050781e+00,7.246908187866210938e+00,3.998809337615966797e+00,4.954261302947998047e+00
1.537562561035156250e+02,5.000005245208740234e+00,5.000005245208740234e+00,5.000005245208740234e+00,5.000005245208740234e+00,5.000005245208740234e+00,5.000005245208740234e+00,5.000010490417480469e+00,5.000010967254638672e+00,2.829428195953369141e+00,9.336970448493957520e-01,6.168723106384277344e+00,5.322960376739501953e+00,5.000005245208740234e+00,5.000005245208740234e+00,5.000005245208740234e+00,5.000002384185791016e+00,7.236653804779052734e+00,3.998440742492675781e+00,4.954195976257324219e+00
1.542570953369140625e+02,5.000005245208740234e+00,5.000005245208740234e+00,5.000005245208740234e+00,5.000005245208740234e+00,5.000005245208740234e+00,5.000005245208740234e+00,5.000007152557373047e+00,5.000007629394531250e+00,2.825979948043823242e+00,9.343810677528381348e-01,6.168997764587402344e+00,5.323036670684814453e+00,5.000005245208740234e+00,5.000005245208740234e+00,5.000005245208740234e+00,5.000004291534423828e+00,7.225673198699951172e+00,3.998116016387939453e+00,4.954141139984130859e+00
1.547579345703125000e+02,5.000005245208740234e+00,5.000005245208740234e+00,5.000005245208740234e+00,5.000005245208740234e+00,5.000005245208740234e+00,5.000005245208740234e+00,5.000005722045898438e+00,5.000005722045898438e+00,2.822247982025146484e+00,9.350813031196594238e-01,6.169241428375244141e+00,5.323101043701171875e+00,5.000005245208740234e+00,5.000005245208740234e+00,5.000005245208740234e+00,5.000005245208740234e+00,7.213999271392822266e+00,3.997826814651489258e+00,4.954092979431152344e+00
1.552587585449218750e+02,5.000005245208740234e+00,5.000005245208740234e+00,5.000005245208740234e+00,5.000005245208740234e+00,5.000005245208740234e+00,5.000005245208740234e+00,5.000005722045898438e+00,5.000005722045898438e+00,2.818251609802246094e+00,9.357287287712097168e-01,6.169456005096435547e+00,5.323154926300048828e+00,5.000005245208740234e+00,5.000005245208740234e+00,5.000005245208740234e+00,5.000005245208740234e+00,7.201712131500244141e+00,3.997570514678955078e+00,4.954045772552490234e+00
1.557595977783203125e+02,5.000005245208740234e+00,5.000005245208740234e+00,5.000005245208740234e+00,5.000005245208740234e+00,5.000005245208740234e+00,5.000005245208740234e+00,5.000005245208740234e+00,5.000005245208740234e+00,2.814023256301879883e+00,9.364311695098876953e-01,6.169646739959716797e+00,5.323211193084716797e+00,5.000005245208740234e+00,5.000005245208740234e+00,5.000005245208740234e+00,5.000005245208740234e+00,7.188933849334716797e+00,3.997344732284545898e+00,4.954008579254150391e+00
1.562604370117187500e+02,5.000005245208740234e+00,5.000005245208740234e+00,5.000005245208740234e+00,5.000005245208740234e+00,5.000005245208740234e+00,5.000005245208740234e+00,5.000005245208740234e+00,5.000005245208740234e+00,2.809573888778686523e+00,9.371689558029174805e-01,6.169814586639404297e+00,5.323255062103271484e+00,5.000005245208740234e+00,5.000005245208740234e+00,5.000005245208740234e+00,5.000005245208740234e+00,7.175787448883056641e+00,3.997143983840942383e+00,4.953974723815917969e+00
1.567612762451171875e+02,5.000005245208740234e+00,5.000005245208740234e+00,5.000005245208740234e+00,5.000005245208740234e+00,5.000005245208740234e+00,5.000005245208740234e+00,5.000005245208740234e+00,5.000005245208740234e+00,2.804915428161621094e+00,9.380633831024169922e-01,6.169964790344238281e+00,5.323295593261718750e+00,5.000005245208740234e+00,5.000005245208740234e+00,5.000005245208740234e+00,5.000005245208740234e+00,7.162446498870849609e+00,3.996967077255249023e+00,4.953943729400634766e+00
1.572621002197265625e+02,5.000005245208740234e+00,5.000005245208740234e+00,5.000005245208740234e+00,5.000005245208740234e+00,5.000005245208740234e+00,5.000005245208740234e+00,5.000005245208740234e+00,5.000005245208740234e+00,2.800033807754516602e+00,9.391031861305236816e-01,6.170096397399902344e+00,5.323329925537109375e+00,5.000005245208740234e+00,5.000005245208740234e+00,5.000005245208740234e+00,5.000005245208740234e+00,7.149101734161376953e+00,3.996809720993041992e+00,4.953913688659667969e+00
1.577629394531250000e+02,5.000005245208740234e+00,5.000005245208740234e+00,5.000005245208740234e+00,5.000005245208740234e+00,5.000005245208740234e+00,5.000005245208740234e+00,5.000005245208740234e+00,5.000005245208740234e+00,2.794895648956298828e+00,9.405143857002258301e-01,6.170212745666503906e+00,5.323364734649658203e+00,5.000005245208740234e+00,5.000005245208740234e+00,5.000005245208740234e+00,5.000005245208740234e+00,7.135989189147949219e+00,3.996671915054321289e+00,4.953892707824707031e+00
1.582637786865234375e+02,5.000005245208740234e+00,5.000005245208740234e+00,5.000005245208740234e+00,5.000005245208740234e+00,5.000005245208740234e+00,5.000005245208740234e+00,5.000005245208740234e+00,5.000005245208740234e+00,2.789381265640258789e+00,9.424155354499816895e-01,6.170316219329833984e+00,5.323391914367675781e+00,5.000005245208740234e+00,5.000005245208740234e+00,5.000005245208740234e+00,5.000005245208740234e+00,7.123331069946289062e+00,3.996547698974609375e+00,4.953874111175537109e+00
1.587646026611328125e+02,5.000005245208740234e+00,5.000005245208740234e+00,5.000005245208740234e+00,5.000005245208740234e+00,5.000005245208740234e+00,5.000005245208740234e+00,5.000005245208740234e+00,5.000005245208740234e+00,2.783325433731079102e+00,9.450353980064392090e-01,6.170408725738525391e+00,5.323414802551269531e+00,5.000005245208740234e+00,5.000005245208740234e+00,5.000005245208740234e+00,5.000005245208740234e+00,7.111380577087402344e+00,3.996439218521118164e+00,4.953851699829101562e+00
1.592654418945312500e+02,5.000005245208740234e+00,5.000005245208740234e+00,5.000005245208740234e+00,5.000005245208740234e+00,5.000005245208740234e+00,5.000005245208740234e+00,5.000005245208740234e+00,5.000005245208740234e+00,2.776465654373168945e+00,9.486543536186218262e-01,6.170489311218261719e+00,5.323440074920654297e+00,5.000005245208740234e+00,5.000005245208740234e+00,5.000005245208740234e+00,5.000005245208740234e+00,7.100425243377685547e+00,3.996343374252319336e+00,4.953839302062988281e+00
1.597662811279296875e+02,5.000005245208740234e+00,5.000005245208740234e+00,5.000005245208740234e+00,5.000005245208740234e+00,5.000005245208740234e+00,5.000005245208740234e+00,5.000005245208740234e+00,5.000005245208740234e+00,2.768412113189697266e+00,9.536810517311096191e-01,6.170559883117675781e+00,5.323460102081298828e+00,5.000005245208740234e+00,5.000005245208740234e+00,5.000005245208740234e+00,5.000005245208740234e+00,7.090720653533935547e+00,3.996257781982421875e+00,4.953824520111083984e+00
1.602671051025390625e+02,5.000005245208740234e+00,5.000005245208740234e+00,5.000005245208740234e+00,5.000005245208740234e+00,5.000005245208740234e+00,5.000005245208740234e+00,5.000005245208740234e+00,5.000005245208740234e+00,2.758640766143798828e+00,9.604839086532592773e-01,6.170623779296875000e+00,5.323476314544677734e+00,5.000005245208740234e+00,5.000005245208740234e+00,5.000005245208740234e+00,5.000005245208740234e+00,7.082574844360351562e+00,3.996182441711425781e+00,4.953808307647705078e+00
1.607679443359375000e+02,5.000005245208740234e+00,5.000005245208740234e+00,5.000005245208740234e+00,5.000005245208740234e+00,5.000005245208740234e+00,5.000005245208740234e+00,5.000005245208740234e+00,5.000005245208740234e+00,2.746464014053344727e+00,9.696408510208129883e-01,6.170680999755859375e+00,5.323494434356689453e+00,5.000005245208740234e+00,5.000005245208740234e+00,5.000005245208740234e+00,5.000005245208740234e+00,7.076297760009765625e+00,3.996115922927856445e+00,4.953800201416015625e+00
1.612687835693359375e+02,5.000005245208740234e+00,5.000005245208740234e+00,5.000005245208740234e+00,5.000005245208740234e+00,5.000005245208740234e+00,5.000005245208740234e+00,5.000005245208740234e+00,5.000005245208740234e+00,2.730991125106811523e+00,9.817255735397338867e-01,6.170730590820312500e+00,5.323507308959960938e+00,5.000005245208740234e+00,5.000005245208740234e+00,5.000005245208740234e+00,5.000005245208740234e+00,7.072218418121337891e+00,3.996057987213134766e+00,4.953791141510009766e+00
1.617696228027343750e+02,5.000005245208740234e+00,5.000005245208740234e+00,5.000005245208740234e+00,5.000005245208740234e+00,5.000005245208740234e+00,5.000005245208740234e+00,5.000005245208740234e+00,5.000005245208740234e+00,2.711094856262207031e+00,9.975901246070861816e-01,6.170773506164550781e+00,5.323519229888916016e+00,5.000005245208740234e+00,5.000005245208740234e+00,5.000005245208740234e+00,5.000005245208740234e+00,7.070704460144042969e+00,3.996005296707153320e+00,4.953782558441162109e+00
1.622704467773437500e+02,5.000005245208740234e+00,5.000005245208740234e+00,5.000005245208740234e+00,5.000005245208740234e+00,5.000005245208740234e+00,5.000005245208740234e+00,5.000005245208740234e+00,5.000005245208740234e+00,2.685361862182617188e+00,1.018163681030273438e+00,6.170812129974365234e+00,5.323528766632080078e+00,5.000005245208740234e+00,5.000005245208740234e+00,5.000005245208740234e+00,5.000005245208740234e+00,7.072190761566162109e+00,3.995957851409912109e+00,4.953772544860839844e+00
1.627712860107421875e+02,5.000005245208740234e+00,5.000005245208740234e+00,5.000005245208740234e+00,5.000005245208740234e+00,5.000005245208740234e+00,5.000005245208740234e+00,5.000005245208740234e+00,5.000005245208740234e+00,2.652045726776123047e+00,1.044485330581665039e+00,6.170847892761230469e+00,5.323540210723876953e+00,5.000005245208740234e+00,5.000005245208740234e+00,5.000005245208740234e+00,5.000005245208740234e+00,7.077198505401611328e+00,3.995918035507202148e+00,4.953768730163574219e+00
1.632721252441406250e+02,5.000005245208740234e+00,5.000005245208740234e+00,5.000005245208740234e+00,5.000005245208740234e+00,5.000005245208740234e+00,5.000005245208740234e+00,5.000005245208740234e+00,5.000005245208740234e+00,2.609031200408935547e+00,1.077971935272216797e+00,6.170878887176513672e+00,5.323549270629882812e+00,5.000005245208740234e+00,5.000005245208740234e+00,5.000005245208740234e+00,5.000005245208740234e+00,7.086296558380126953e+00,3.995882272720336914e+00,4.953762054443359375e+00
1.637729492187500000e+02,5.000005245208740234e+00,5.000005245208740234e+00,5.000005245208740234e+00,5.000005245208740234e+00,5.000005245208740234e+00,5.000005245208740234e+00,5.000005245208740234e+00,5.000005245208740234e+00,2.553791284561157227e+00,1.120334625244140625e+00,6.170905590057373047e+00,5.323554515838623047e+00,5.000005245208740234e+00,5.000005245208740234e+00,5.000005245208740234e+00,5.000005245208740234e+00,7.100118160247802734e+00,3.995848178863525391e+00,4.953753948211669922e+00
1.642737884521484375e+02,5.000005245208740234e+00,5.000005245208740234e+00,5.000005245208740234e+00,5.000005245208740234e+00,5.000005245208740234e+00,5.000005245208740234e+00,5.000005245208740234e+00,5.000005245208740234e+00,2.483530759811401367e+00,1.173147559165954590e+00,6.170929431915283203e+00,5.323562622070312500e+00,5.000005245208740234e+00,5.000005245208740234e+00,5.000005245208740234e+00,5.000005245208740234e+00,7.119251728057861328e+00,3.995821475982666016e+00,4.953752994537353516e+00
1.647746276855468750e+02,5.000005245208740234e+00,5.000005245208740234e+00,5.000005245208740234e+00,5.000005245208740234e+00,5.000005245208740234e+00,5.000005245208740234e+00,5.000005245208740234e+00,5.000005245208740234e+00,2.395599842071533203e+00,1.238536596298217773e+00,6.170949935913085938e+00,5.323568820953369141e+00,5.000005245208740234e+00,5.000005245208740234e+00,5.000005245208740234e+00,5.000005245208740234e+00,7.143940925598144531e+00,3.995796203613281250e+00,4.953748703002929688e+00
1.652754516601562500e+02,5.000005245208740234e+00,5.000005245208740234e+00,5.000005245208740234e+00,5.000005245208740234e+00,5.000005245208740234e+00,5.000005245208740234e+00,5.000005245208740234e+00,5.000005245208740234e+00,2.288426876068115234e+00,1.317903041839599609e+00,6.170968532562255859e+00,5.323572158813476562e+00,5.000005245208740234e+00,5.000005245208740234e+00,5.000005245208740234e+00,5.000005245208740234e+00,7.173718929290771484e+00,3.995774984359741211e+00,4.953742027282714844e+00
1.657762908935546875e+02,5.000005245208740234e+00,5.000005245208740234e+00,5.000005245208740234e+00,5.000005245208740234e+00,5.000005245208740234e+00,5.000005245208740234e+00,5.000005245208740234e+00,5.000005245208740234e+00,2.163453578948974609e+00,1.412109255790710449e+00,6.170985221862792969e+00,5.323578357696533203e+00,5.000005245208740234e+00,5.000005245208740234e+00,5.000005245208740234e+00,5.000005245208740234e+00,7.206596851348876953e+00,3.995754957199096680e+00,4.953742027282714844e+00
1.662771301269531250e+02,9.335594177246093750e+00,4.204390943050384521e-01,1.280094504356384277e+00,5.141456604003906250e+00,8.423543930053710938e+00,8.687169075012207031e+00,8.934008598327636719e+00,9.164741516113281250e+00,8.723395347595214844e+00,8.414743423461914062e+00,6.171130657196044922e+00,5.323626518249511719e+00,2.235799551010131836e+00,8.601058006286621094e+00,1.379592180252075195e+00,8.805885910987854004e-01,1.134022355079650879e+00,3.995600700378417969e+00,4.953683376312255859e+00
1.667779693603515625e+02,6.996065616607666016e+00,1.052665710449218750e+00,3.040780782699584961e+00,1.015527248382568359e+00,1.650735139846801758e+00,6.653403759002685547e+00,8.872900009155273438e+00,9.333005905151367188e+00,9.548898696899414062e+00,9.576665878295898438e+00,6.171674251556396484e+00,5.323885440826416016e+00,5.370726585388183594e+00,6.619424343109130859e+00,7.531987667083740234e+00,7.478934526443481445e-01,2.989376485347747803e-01,3.994945764541625977e+00,4.953483104705810547e+00
1.672787933349609375e+02,5.383890151977539062e+00,1.028366804122924805e+00,3.658847570419311523e+00,1.363451957702636719e+00,1.637245535850524902e+00,8.085297584533691406e+00,1.693620443344116211e+00,6.533671021461486816e-01,7.720039844512939453e+00,8.607648849487304688e+00,6.182132720947265625e+00,5.328551769256591797e+00,5.678073406219482422e+00,6.297938823699951172e+00,7.395849227905273438e+00,7.925879955291748047e+00,2.283633470535278320e+00,3.995005846023559570e+00,4.955494403839111328e+00
1.677796325683593750e+02,4.997359275817871094e+00,1.106726646423339844e+00,3.925154209136962891e+00,1.590164065361022949e+00,1.794733524322509766e+00,9.063610076904296875e+00,4.171274662017822266e+00,1.417258381843566895e+00,8.556789398193359375e+00,1.687041819095611572e-01,6.202745437622070312e+00,5.342523097991943359e+00,5.777796745300292969e+00,6.137385845184326172e+00,8.158330917358398438e+00,5.997649669647216797e+00,8.087366819381713867e-01,4.008337020874023438e+00,4.958614826202392578e+00
1.682804718017578125e+02,4.789603710174560547e+00,9.745187759399414062e-01,3.898761987686157227e+00,1.224617719650268555e+00,1.196843147277832031e+00,3.747502803802490234e+00,4.657223224639892578e+00,1.145944118499755859e+00,6.728034019470214844e+00,1.020314097404479980e+00,6.055945396423339844e+00,5.313378810882568359e+00,5.762428283691406250e+00,6.095954895019531250e+00,8.360444068908691406e+00,5.384618759155273438e+00,6.921222209930419922e+00,4.134509563446044922e+00,4.958233356475830078e+00
1.687812957763671875e+02,4.697518348693847656e+00,9.425733685493469238e-01,3.969061613082885742e+00,1.158710956573486328e+00,1.714208006858825684e+00,7.518066763877868652e-01,4.973325252532958984e+00,1.160335540771484375e+00,3.488318681716918945e+00,9.913734197616577148e-01,6.037176132202148438e+00,5.296833038330078125e+00,5.710473060607910156e+00,6.109820842742919922e+00,8.241733551025390625e+00,5.488399505615234375e+00,6.868196487426757812e+00,4.154019355773925781e+00,4.975611686706542969e+00
1.692821350097656250e+02,4.702429771423339844e+00,8.317179083824157715e-01,3.976291418075561523e+00,9.920635819435119629e-01,2.037276744842529297e+00,6.212736368179321289e-01,4.973483085632324219e+00,1.103238701820373535e+00,2.850619077682495117e+00,8.856602907180786133e-01,6.046626091003417969e+00,5.293319225311279297e+00,5.762877941131591797e+00,6.100017547607421875e+00,8.842476844787597656e+00,5.560565471649169922e+00,7.182085514068603516e+00,4.145793437957763672e+00,4.979861736297607422e+00
1.697829742431640625e+02,4.777049064636230469e+00,8.642023205757141113e-01,4.327472209930419922e+00,1.072345256805419922e+00,2.068411350250244141e+00,1.072900176048278809e+00,2.900756120681762695e+00,8.394471406936645508e-01,2.675308704376220703e+00,8.983584642410278320e-01,6.061315536499023438e+00,5.297770023345947266e+00,5.824435710906982422e+00,6.537899494171142578e+00,7.996418952941894531e+00,7.027171134948730469e+00,7.290579319000244141e+00,4.133598327636718750e+00,4.980877399444580078e+00
1.702838134765625000e+02,4.810652732849121094e+00,8.770417571067810059e-01,4.204565048217773438e+00,1.108465433120727539e+00,2.438242912292480469e+00,1.235945463180541992e+00,4.102759361267089844e+00,1.158344388008117676e+00,2.555589914321899414e+00,9.156661033630371094e-01,6.071447372436523438e+00,5.300661087036132812e+00,5.842770576477050781e+00,6.215955734252929688e+00,9.065235137939453125e+00,5.403413295745849609e+00,7.383450984954833984e+00,4.123539447784423828e+00,4.978955745697021484e+00
1.707846374511718750e+02,4.950313568115234375e+00,9.293727278709411621e-01,4.393889904022216797e+00,1.182382464408874512e+00,2.337084531784057617e+00,1.437686324119567871e+00,4.798356533050537109e+00,1.256365895271301270e+00,2.534863710403442383e+00,9.440286159515380859e-01,6.078205585479736328e+00,5.303764343261718750e+00,5.994488239288330078e+00,6.425928592681884766e+00,8.246492385864257812e+00,5.450248241424560547e+00,7.399648189544677734e+00,4.118008613586425781e+00,4.977698326110839844e+00
1.712854766845703125e+02,5.010872840881347656e+00,9.383367896080017090e-01,4.408648014068603516e+00,1.194060087203979492e+00,2.297873258590698242e+00,1.465643763542175293e+00,4.973744392395019531e+00,1.280079960823059082e+00,2.559584856033325195e+00,9.454949498176574707e-01,6.080290794372558594e+00,5.304886817932128906e+00,6.069265842437744141e+00,6.401722908020019531e+00,7.917758464813232422e+00,5.456439971923828125e+00,7.377038955688476562e+00,4.115960121154785156e+00,4.976656913757324219e+00
1.717863159179687500e+02,5.052376270294189453e+00,9.438638091087341309e-01,4.469646930694580078e+00,1.199609160423278809e+00,2.294217586517333984e+00,1.475998163223266602e+00,4.986877441406250000e+00,1.288707733154296875e+00,2.593652486801147461e+00,9.471570849418640137e-01,6.080397605895996094e+00,5.304831027984619141e+00,6.123029232025146484e+00,6.466676712036132812e+00,7.786041259765625000e+00,5.479850769042968750e+00,7.339578151702880859e+00,4.115027427673339844e+00,4.975798130035400391e+00
1.722871398925781250e+02,5.079517841339111328e+00,9.454845190048217773e-01,4.509519577026367188e+00,1.200246334075927734e+00,2.287455320358276367e+00,1.476430535316467285e+00,4.965366363525390625e+00,1.290770292282104492e+00,2.626996994018554688e+00,9.477470517158508301e-01,6.080025672912597656e+00,5.304327964782714844e+00,6.160989284515380859e+00,6.504911422729492188e+00,7.670362949371337891e+00,5.533869266510009766e+00,7.315917491912841797e+00,4.113677978515625000e+00,4.975087165832519531e+00
1.727879791259765625e+02,5.148702144622802734e+00,9.505465626716613770e-01,4.531816482543945312e+00,1.203139543533325195e+00,2.288416624069213867e+00,1.479416131973266602e+00,4.933182716369628906e+00,1.292361140251159668e+00,2.655239105224609375e+00,9.490925073623657227e-01,6.080474853515625000e+00,5.303947925567626953e+00,6.255222320556640625e+00,6.516938209533691406e+00,7.598745822906494141e+00,5.590972900390625000e+00,7.302718639373779297e+00,4.111423015594482422e+00,4.974478244781494141e+00
1.732888183593750000e+02,5.196136951446533203e+00,9.603608250617980957e-01,4.554444789886474609e+00,1.208466529846191406e+00,2.297439098358154297e+00,1.484121680259704590e+00,4.898714542388916016e+00,1.294423818588256836e+00,2.677514553070068359e+00,9.506979584693908691e-01,6.082053661346435547e+00,5.303834915161132812e+00,6.323549747467041016e+00,6.532368659973144531e+00,7.569606781005859375e+00,5.640437602996826172e+00,7.295619964599609375e+00,4.108130931854248047e+00,4.973811149597167969e+00
1.737896423339843750e+02,5.220316410064697266e+00,9.787420034408569336e-01,4.572886943817138672e+00,1.217619657516479492e+00,2.310106515884399414e+00,1.491049528121948242e+00,4.866937637329101562e+00,1.297714352607727051e+00,2.694585561752319336e+00,9.525676369667053223e-01,6.084672451019287109e+00,5.304020881652832031e+00,6.367034912109375000e+00,6.543571472167968750e+00,7.563062191009521484e+00,5.679801940917968750e+00,7.291791915893554688e+00,4.103892803192138672e+00,4.973032474517822266e+00
1.742904815673828125e+02,5.187505722045898438e+00,1.010204553604125977e+00,4.589570045471191406e+00,1.231912851333618164e+00,2.322317600250244141e+00,1.500377774238586426e+00,4.841013908386230469e+00,1.302576899528503418e+00,2.707564115524291992e+00,9.546697735786437988e-01,6.088106155395507812e+00,5.304491043090820312e+00,6.346279621124267578e+00,6.555212974548339844e+00,7.562176227569580078e+00,5.710394859313964844e+00,7.289779186248779297e+00,4.098928928375244141e+00,4.972154617309570312e+00
1.747913208007812500e+02,5.133441448211669922e+00,1.062441945075988770e+00,4.594434261322021484e+00,1.253888964653015137e+00,2.333909273147583008e+00,1.513361454010009766e+00,4.822310447692871094e+00,1.309918165206909180e+00,2.717565298080444336e+00,9.573916196823120117e-01,6.092114448547363281e+00,5.305181980133056641e+00,6.316529750823974609e+00,6.552011966705322266e+00,7.565784931182861328e+00,5.733743190765380859e+00,7.288845062255859375e+00,4.093469619750976562e+00,4.971197128295898438e+00
1.752921600341796875e+02,5.057596206665039062e+00,1.170962452888488770e+00,4.592466831207275391e+00,1.294374585151672363e+00,2.346014738082885742e+00,1.533629536628723145e+00,4.811053752899169922e+00,1.321039319038391113e+00,2.725508451461791992e+00,9.605876207351684570e-01,6.096470832824707031e+00,5.306035518646240234e+00,6.298277854919433594e+00,6.540564060211181641e+00,7.574928283691406250e+00,5.750347137451171875e+00,7.288649082183837891e+00,4.087741374969482422e+00,4.970190048217773438e+00
1.757929840087890625e+02,4.669320583343505859e+00,1.605124354362487793e+00,4.613017082214355469e+00,1.372704267501831055e+00,2.361573934555053711e+00,1.558388829231262207e+00,4.805998802185058594e+00,1.330488324165344238e+00,2.731697320938110352e+00,9.613575935363769531e-01,6.100959777832031250e+00,5.306971073150634766e+00,6.477094173431396484e+00,6.540604591369628906e+00,7.588649272918701172e+00,5.761202335357666016e+00,7.289235591888427734e+00,4.081971645355224609e+00,4.969177246093750000e+00
1.762938232421875000e+02,3.246234655380249023e+00,3.089408159255981445e+00,4.656064510345458984e+00,1.403171181678771973e+00,2.374982357025146484e+00,1.558917045593261719e+00,4.801333427429199219e+00,1.328507184982299805e+00,2.736173152923583984e+00,9.607765078544616699e-01,6.105460643768310547e+00,5.307961463928222656e+00,7.021406650543212891e+00,6.578361988067626953e+00,7.612238883972167969e+00,5.773047924041748047e+00,7.290604114532470703e+00,4.076279640197753906e+00,4.968182563781738281e+00
1.767946624755859375e+02,2.083744287490844727e+00,5.046658992767333984e+00,4.621428012847900391e+00,1.405942678451538086e+00,2.383461475372314453e+00,1.564487576484680176e+00,4.800705909729003906e+00,1.335386753082275391e+00,2.740600109100341797e+00,9.620025157928466797e-01,6.109904766082763672e+00,5.308971405029296875e+00,7.307022094726562500e+00,6.702575206756591797e+00,7.650396347045898438e+00,5.781548976898193359e+00,7.291726589202880859e+00,4.070707321166992188e+00,4.967199325561523438e+00
1.772954864501953125e+02,6.274976730346679688e+00,7.559576511383056641e+00,4.764162063598632812e+00,1.491564273834228516e+00,2.411514043807983398e+00,1.544523477554321289e+00,4.798146724700927734e+00,1.306609392166137695e+00,2.742061853408813477e+00,9.511017203330993652e-01,6.114086151123046875e+00,5.309912681579589844e+00,3.928221225738525391e+00,6.675477027893066406e+00,7.696110248565673828e+00,5.792281150817871094e+00,7.294877052307128906e+00,4.065510272979736328e+00,4.966301441192626953e+00
1.777963256835937500e+02,8.154016494750976562e+00,8.153030395507812500e+00,4.701731204986572266e+00,1.177987813949584961e+00,2.414372920989990234e+00,1.470076680183410645e+00,4.788151264190673828e+00,1.283209919929504395e+00,2.744181632995605469e+00,9.490256309509277344e-01,6.118156909942626953e+00,5.310872554779052734e+00,1.579397082328796387e+00,6.941317081451416016e+00,7.785899639129638672e+00,5.809732913970947266e+00,7.297031879425048828e+00,4.060462951660156250e+00,4.965414524078369141e+00
1.782971649169921875e+02,8.130129814147949219e+00,8.222034454345703125e+00,4.639507293701171875e+00,1.121066570281982422e+00,2.434814929962158203e+00,1.464709043502807617e+00,4.788978099822998047e+00,1.283627152442932129e+00,2.746970415115356445e+00,9.496423602104187012e-01,6.122036457061767578e+00,5.311793804168701172e+00,1.604447841644287109e+00,7.045244693756103516e+00,7.896010398864746094e+00,5.814155578613281250e+00,7.299037456512451172e+00,4.055652618408203125e+00,4.964557647705078125e+00
1.787980041503906250e+02,6.149361610412597656e+00,6.667375087738037109e+00,4.522872447967529297e+00,1.262237906455993652e+00,2.474702596664428711e+00,1.499302029609680176e+00,4.797421455383300781e+00,1.297700285911560059e+00,2.750436305999755859e+00,9.517962932586669922e-01,6.125710964202880859e+00,5.312676429748535156e+00,3.945636749267578125e+00,7.119051456451416016e+00,8.052159309387207031e+00,5.810428142547607422e+00,7.300581932067871094e+00,4.051097393035888672e+00,4.963739871978759766e+00
1.792988281250000000e+02,5.352343559265136719e+00,5.514256477355957031e+00,3.891881942749023438e+00,1.825260996818542480e+00,2.545781850814819336e+00,1.540993690490722656e+00,4.810099601745605469e+00,1.305792808532714844e+00,2.753793478012084961e+00,9.511147141456604004e-01,6.129148960113525391e+00,5.313499927520751953e+00,4.757580280303955078e+00,7.382158756256103516e+00,8.285275459289550781e+00,5.803985118865966797e+00,7.301994800567626953e+00,4.046844959259033203e+00,4.962978363037109375e+00
1.797996673583984375e+02,5.127333164215087891e+00,5.181771278381347656e+00,2.604465007781982422e+00,3.239210605621337891e+00,2.644440650939941406e+00,1.528954625129699707e+00,4.817685604095458984e+00,1.295343756675720215e+00,2.756242036819458008e+00,9.487810730934143066e-01,6.132363796234130859e+00,5.314275741577148438e+00,4.918897628784179688e+00,7.725390434265136719e+00,8.616518020629882812e+00,5.808800697326660156e+00,7.303373336791992188e+00,4.042880535125732422e+00,4.962276935577392578e+00
1.803005065917968750e+02,5.048118114471435547e+00,5.067958831787109375e+00,1.700496912002563477e+00,4.873804092407226562e+00,2.697570562362670898e+00,1.485926032066345215e+00,4.823347091674804688e+00,1.286179065704345703e+00,2.757997035980224609e+00,9.489696621894836426e-01,6.135378360748291016e+00,5.315007686614990234e+00,4.969947338104248047e+00,7.897389411926269531e+00,8.880057334899902344e+00,5.827272891998291016e+00,7.303285598754882812e+00,4.039157390594482422e+00,4.961614131927490234e+00
1.808013305664062500e+02,5.018557071685791016e+00,5.025952339172363281e+00,1.343564033508300781e+00,5.879291057586669922e+00,2.701184034347534180e+00,1.500037789344787598e+00,4.835689544677734375e+00,1.303025364875793457e+00,2.759485244750976562e+00,9.537725448608398438e-01,6.138215541839599609e+00,5.315703392028808594e+00,4.988492488861083984e+00,8.016971588134765625e+00,9.038989067077636719e+00,5.845519542694091797e+00,7.299964904785156250e+00,4.035647392272949219e+00,4.960985183715820312e+00
1.813021697998046875e+02,5.006995677947998047e+00,5.009739875793457031e+00,3.186512708663940430e+00,7.088941097259521484e+00,2.783255577087402344e+00,1.617082595825195312e+00,4.861191272735595703e+00,1.320678710937500000e+00,2.762639045715332031e+00,9.500586390495300293e-01,6.140819549560546875e+00,5.316337108612060547e+00,4.995677471160888672e+00,7.456728935241699219e+00,9.218767166137695312e+00,5.818092346191406250e+00,7.298199176788330078e+00,4.032426834106445312e+00,4.960418224334716797e+00
1.818030090332031250e+02,5.002584457397460938e+00,5.003620624542236328e+00,7.265764713287353516e+00,8.167849540710449219e+00,2.786579847335815430e+00,1.504063248634338379e+00,4.843872070312500000e+00,1.260115027427673340e+00,2.762893915176391602e+00,9.398195147514343262e-01,6.143216609954833984e+00,5.316911697387695312e+00,4.998410701751708984e+00,3.604770421981811523e+00,9.185823440551757812e+00,5.831390857696533203e+00,7.300569057464599609e+00,4.029481887817382812e+00,4.959906101226806641e+00
1.823038330078125000e+02,5.000952243804931641e+00,5.001346111297607422e+00,8.192026138305664062e+00,8.351787567138671875e+00,2.612402439117431641e+00,1.380573987960815430e+00,4.827494144439697266e+00,1.233310341835021973e+00,2.764099359512329102e+00,9.377042651176452637e-01,6.145473003387451172e+00,5.317457675933837891e+00,4.999419212341308594e+00,1.689627766609191895e+00,8.756122589111328125e+00,5.849527359008789062e+00,7.300729751586914062e+00,4.026703834533691406e+00,4.959413051605224609e+00
1.828046722412109375e+02,5.000329017639160156e+00,5.000467300415039062e+00,7.019266128540039062e+00,7.518049240112304688e+00,2.513827800750732422e+00,1.366956114768981934e+00,4.816625595092773438e+00,1.224759697914123535e+00,2.766076564788818359e+00,9.360038638114929199e-01,6.147562026977539062e+00,5.317969322204589844e+00,4.999804973602294922e+00,3.009691238403320312e+00,8.529712677001953125e+00,5.846610546112060547e+00,7.302264690399169922e+00,4.024123668670654297e+00,4.958954811096191406e+00
1.833055114746093750e+02,5.000112056732177734e+00,5.000158309936523438e+00,5.552378177642822266e+00,5.858531951904296875e+00,2.451247692108154297e+00,1.403350472450256348e+00,4.813439369201660156e+00,1.233155369758605957e+00,2.769075870513916016e+00,9.371474981307983398e-01,6.149510860443115234e+00,5.318445205688476562e+00,4.999939918518066406e+00,4.582331657409667969e+00,8.418577194213867188e+00,5.837267398834228516e+00,7.303810119628906250e+00,4.021716117858886719e+00,4.958524703979492188e+00
1.838063507080078125e+02,5.000041484832763672e+00,5.000057697296142578e+00,5.192288398742675781e+00,5.289535522460937500e+00,2.391399383544921875e+00,1.462549567222595215e+00,4.812973976135253906e+00,1.247488260269165039e+00,2.772384405136108398e+00,9.391964673995971680e-01,6.151323318481445312e+00,5.318889141082763672e+00,4.999982833862304688e+00,4.875215053558349609e+00,8.353700637817382812e+00,5.827376365661621094e+00,7.305269718170166016e+00,4.019479274749755859e+00,4.958125591278076172e+00
1.843071746826171875e+02,5.000017642974853516e+00,5.000022888183593750e+00,5.071464061737060547e+00,5.105086326599121094e+00,2.319534063339233398e+00,1.548652887344360352e+00,4.814405918121337891e+00,1.263178110122680664e+00,2.775756835937500000e+00,9.411332011222839355e-01,6.152999877929687500e+00,5.319298267364501953e+00,4.999998092651367188e+00,4.955124378204345703e+00,8.318034172058105469e+00,5.817461967468261719e+00,7.306620597839355469e+00,4.017412185668945312e+00,4.957753181457519531e+00
1.848080139160156250e+02,5.000009536743164062e+00,5.000010967254638672e+00,5.026945114135742188e+00,5.038796901702880859e+00,2.220414638519287109e+00,1.678389668464660645e+00,4.818273067474365234e+00,1.276829242706298828e+00,2.779139280319213867e+00,9.423943758010864258e-01,6.154551982879638672e+00,5.319682121276855469e+00,5.000002861022949219e+00,4.983257770538330078e+00,8.307178497314453125e+00,5.806802749633789062e+00,7.307793140411376953e+00,4.015501022338867188e+00,4.957415580749511719e+00
1.853088531494140625e+02,5.000006198883056641e+00,5.000007629394531250e+00,5.010137557983398438e+00,5.014341831207275391e+00,2.074957609176635742e+00,1.879028558731079102e+00,4.824142932891845703e+00,1.284118533134460449e+00,2.782469511032104492e+00,9.426080584526062012e-01,6.155984401702880859e+00,5.320034027099609375e+00,5.000004291534423828e+00,4.993729591369628906e+00,8.322317123413085938e+00,5.795919418334960938e+00,7.308706283569335938e+00,4.013740539550781250e+00,4.957103252410888672e+00
1.858096771240234375e+02,5.000005722045898438e+00,5.000005722045898438e+00,5.003789424896240234e+00,5.005283832550048828e+00,1.868458390235900879e+00,2.185404062271118164e+00,4.829146862030029297e+00,1.280679821968078613e+00,2.785594701766967773e+00,9.416731595993041992e-01,6.157302379608154297e+00,5.320357322692871094e+00,5.000005245208740234e+00,4.997665405273437500e+00,8.365072250366210938e+00,5.787878990173339844e+00,7.309374332427978516e+00,4.012119770050048828e+00,4.956812858581542969e+00
1.863105163574218750e+02,5.000005245208740234e+00,5.000005722045898438e+00,5.001407146453857422e+00,5.001938343048095703e+00,1.612175107002258301e+00,2.625774145126342773e+00,4.829300403594970703e+00,1.264935612678527832e+00,2.788312673568725586e+00,9.398170709609985352e-01,6.158518314361572266e+00,5.320659637451171875e+00,5.000005245208740234e+00,4.999138832092285156e+00,8.431703567504882812e+00,5.786413669586181641e+00,7.309880256652832031e+00,4.010631561279296875e+00,4.956552982330322266e+00
1.868113555908203125e+02,5.000005245208740234e+00,5.000005245208740234e+00,5.000520229339599609e+00,5.000708580017089844e+00,1.353447675704956055e+00,3.187435150146484375e+00,4.822706699371337891e+00,1.240206837654113770e+00,2.790492296218872070e+00,9.374363422393798828e-01,6.159634113311767578e+00,5.320936203002929688e+00,5.000005245208740234e+00,4.999687194824218750e+00,8.510523796081542969e+00,5.792201519012451172e+00,7.310272693634033203e+00,4.009264945983886719e+00,4.956310749053955078e+00
1.873121795654296875e+02,5.000005245208740234e+00,5.000005245208740234e+00,5.000192165374755859e+00,5.000258922576904297e+00,1.144525885581970215e+00,3.792762517929077148e+00,4.811181068420410156e+00,1.214066624641418457e+00,2.792216777801513672e+00,9.350530505180358887e-01,6.160657882690429688e+00,5.321186542510986328e+00,5.000005245208740234e+00,4.999889850616455078e+00,8.587289810180664062e+00,5.801622390747070312e+00,7.310500621795654297e+00,4.008010387420654297e+00,4.956088066101074219e+00
1.878130187988281250e+02,5.000005245208740234e+00,5.000005245208740234e+00,5.000072479248046875e+00,5.000096321105957031e+00,1.003695130348205566e+00,4.346528530120849609e+00,4.798188209533691406e+00,1.194160342216491699e+00,2.793727397918701172e+00,9.332414269447326660e-01,6.161600112915039062e+00,5.321422576904296875e+00,5.000005245208740234e+00,4.999963760375976562e+00,8.652357101440429688e+00,5.809883117675781250e+00,7.310425281524658203e+00,4.006857872009277344e+00,4.955888271331787109e+00
1.883138580322265625e+02,5.000005245208740234e+00,5.000005245208740234e+00,5.000029563903808594e+00,5.000037193298339844e+00,9.180155396461486816e-01,4.805675983428955078e+00,4.785754203796386719e+00,1.184013247489929199e+00,2.795206308364868164e+00,9.323369860649108887e-01,6.162463188171386719e+00,5.321638584136962891e+00,5.000005245208740234e+00,4.999990463256835938e+00,8.701909065246582031e+00,5.814658641815185547e+00,7.309907913208007812e+00,4.005801677703857422e+00,4.955701351165771484e+00
1.888146972656250000e+02,5.000005245208740234e+00,5.000005245208740234e+00,5.000014305114746094e+00,5.000016689300537109e+00,8.672747015953063965e-01,5.176243305206298828e+00,4.773745059967041016e+00,1.182859659194946289e+00,2.796683549880981445e+00,9.322865009307861328e-01,6.163254737854003906e+00,5.321834087371826172e+00,5.000005245208740234e+00,5.000000000000000000e+00,8.736223220825195312e+00,5.816308498382568359e+00,7.308928012847900391e+00,4.004833698272705078e+00,4.955531597137451172e+00
1.893155212402343750e+02,5.000005245208740234e+00,5.000005245208740234e+00,5.000008106231689453e+00,5.000009536743164062e+00,8.366803526878356934e-01,5.478415012359619141e+00,4.760970115661621094e+00,1.188650369644165039e+00,2.798102378845214844e+00,9.328438639640808105e-01,6.163980960845947266e+00,5.322014808654785156e+00,5.000005245208740234e+00,5.000002861022949219e+00,8.756259918212890625e+00,5.816159725189208984e+00,7.307515621185302734e+00,4.003947734832763672e+00,4.955371379852294922e+00
1.898163604736328125e+02,5.000005245208740234e+00,5.000005245208740234e+00,5.000006198883056641e+00,5.000006198883056641e+00,8.177239894866943359e-01,5.728555202484130859e+00,4.745825290679931641e+00,1.199831485748291016e+00,2.799398183822631836e+00,9.337574839591979980e-01,6.164642333984375000e+00,5.322183609008789062e+00,5.000005245208740234e+00,5.000004768371582031e+00,8.762733459472656250e+00,5.815587997436523438e+00,7.305723667144775391e+00,4.003139495849609375e+00,4.955231666564941406e+00
1.903171997070312500e+02,5.000005245208740234e+00,5.000005245208740234e+00,5.000005722045898438e+00,5.000005722045898438e+00,8.058546781539916992e-01,5.938074111938476562e+00,4.726332664489746094e+00,1.216116786003112793e+00,2.800524473190307617e+00,9.348828196525573730e-01,6.165248870849609375e+00,5.322337150573730469e+00,5.000005245208740234e+00,5.000005245208740234e+00,8.754798889160156250e+00,5.816009521484375000e+00,7.303545951843261719e+00,4.002400398254394531e+00,4.955100536346435547e+00
1.908180236816406250e+02,5.000005245208740234e+00,5.000005245208740234e+00,5.000006198883056641e+00,5.000007152557373047e+00,8.693073272705078125e+00,1.413672327995300293e+00,2.505321025848388672e+00,1.601541876792907715e+00,2.885463953018188477e+00,7.468798637390136719e+00,6.173727512359619141e+00,5.326604366302490234e+00,5.000005245208740234e+00,5.000004291534423828e+00,4.253537178039550781e+00,7.226092338562011719e+00,6.879734039306640625e+00,3.999475717544555664e+00,4.955607891082763672e+00
1.913188629150390625e+02,5.000005245208740234e+00,5.000005245208740234e+00,5.000005722045898438e+00,5.000006198883056641e+00,4.588920593261718750e+00,1.772612571716308594e+00,3.721305608749389648e+00,1.310296893119812012e+00,1.673372030258178711e+00,4.577960491180419922e+00,6.176759719848632812e+00,5.327891826629638672e+00,5.000005245208740234e+00,5.000004768371582031e+00,6.406299591064453125e+00,6.232393264770507812e+00,7.785273551940917969e+00,4.000999927520751953e+00,4.956582546234130859e+00
1.918197021484375000e+02,5.000005245208740234e+00,5.000005245208740234e+00,5.000005722045898438e+00,5.000005722045898438e+00,3.093143224716186523e+00,1.608814477920532227e+00,4.296178340911865234e+00,1.219942569732666016e+00,1.573110580444335938e+00,4.978604316711425781e-01,6.170233249664306641e+00,5.326721668243408203e+00,5.000005245208740234e+00,5.000005245208740234e+00,7.133069038391113281e+00,5.799048900604248047e+00,6.841290473937988281e+00,4.010710716247558594e+00,4.959108352661132812e+00
1.923205413818359375e+02,5.000005245208740234e+00,5.000005245208740234e+00,5.000005245208740234e+00,5.000005245208740234e+00,2.631047010421752930e+00,1.414199948310852051e+00,4.598778247833251953e+00,1.151097536087036133e+00,1.952419400215148926e+00,2.771599292755126953e-01,6.162981986999511719e+00,5.324968814849853516e+00,5.000005245208740234e+00,5.000005245208740234e+00,7.412894725799560547e+00,5.674767971038818359e+00,7.692595481872558594e+00,4.022354125976562500e+00,4.960660934448242188e+00
1.928213653564453125e+02,5.000005245208740234e+00,5.000005245208740234e+00,5.000005245208740234e+00,5.000005245208740234e+00,2.513600349426269531e+00,1.423453211784362793e+00,5.096918582916259766e+00,1.220162630081176758e+00,2.211534738540649414e+00,7.213044166564941406e-01,6.155230522155761719e+00,5.324098110198974609e+00,5.000005245208740234e+00,5.000005245208740234e+00,7.497074127197265625e+00,6.052267551422119141e+00,7.581239223480224609e+00,4.029819965362548828e+00,4.960955142974853516e+00
1.933222045898437500e+02,5.000005245208740234e+00,5.000005245208740234e+00,5.000005245208740234e+00,5.000005245208740234e+00,2.485936880111694336e+00,1.480692625045776367e+00,4.869381427764892578e+00,1.283051848411560059e+00,2.379013538360595703e+00,9.372114539146423340e-01,6.147110462188720703e+00,5.323611259460449219e+00,5.000005245208740234e+00,5.000005245208740234e+00,7.526393890380859375e+00,5.593294620513916016e+00,7.506975173950195312e+00,4.037862300872802734e+00,4.962485313415527344e+00
1.938230438232421875e+02,5.000005245208740234e+00,5.000005245208740234e+00,5.000005245208740234e+00,5.000005245208740234e+00,2.471935749053955078e+00,1.476999044418334961e+00,4.832934379577636719e+00,1.284951448440551758e+00,2.466200113296508789e+00,9.411667585372924805e-01,6.138518810272216797e+00,5.321230888366699219e+00,5.000005245208740234e+00,5.000005245208740234e+00,7.532805442810058594e+00,5.507390975952148438e+00,7.454704761505126953e+00,4.046986579895019531e+00,4.963777065277099609e+00
1.943238677978515625e+02,5.000005245208740234e+00,5.000005245208740234e+00,5.000005245208740234e+00,5.000005245208740234e+00,2.465060949325561523e+00,1.475863099098205566e+00,4.865253448486328125e+00,1.285658717155456543e+00,2.525656461715698242e+00,9.437870979309082031e-01,6.131328105926513672e+00,5.318862915039062500e+00,5.000005245208740234e+00,5.000005245208740234e+00,7.525679111480712891e+00,5.538534641265869141e+00,7.401170730590820312e+00,4.054409027099609375e+00,4.964827060699462891e+00
1.948247070312500000e+02,5.000005245208740234e+00,5.000005245208740234e+00,5.000005245208740234e+00,5.000005245208740234e+00,2.458328008651733398e+00,1.475531220436096191e+00,4.901077747344970703e+00,1.285922408103942871e+00,2.569714307785034180e+00,9.455298185348510742e-01,6.125681400299072266e+00,5.316708087921142578e+00,5.000005245208740234e+00,5.000005245208740234e+00,7.507198333740234375e+00,5.583370208740234375e+00,7.360455989837646484e+00,4.059720039367675781e+00,4.965530395507812500e+00
1.953255462646484375e+02,5.000005245208740234e+00,5.000005245208740234e+00,5.000005245208740234e+00,5.000005245208740234e+00,2.457099437713623047e+00,1.475459098815917969e+00,4.925976753234863281e+00,1.286026954650878906e+00,2.604484081268310547e+00,9.467174410820007324e-01,6.121627330780029297e+00,5.314972400665283203e+00,5.000005245208740234e+00,5.000005245208740234e+00,7.504478454589843750e+00,5.616772651672363281e+00,7.332971572875976562e+00,4.062974452972412109e+00,4.965948581695556641e+00
1.958263702392578125e+02,5.000005245208740234e+00,5.000005245208740234e+00,5.000005245208740234e+00,5.000005245208740234e+00,2.481928348541259766e+00,1.475538730621337891e+00,4.945541381835937500e+00,1.286111712455749512e+00,2.633916139602661133e+00,9.475784897804260254e-01,6.119112968444824219e+00,5.313702583312988281e+00,5.000005245208740234e+00,5.000005245208740234e+00,7.592483997344970703e+00,5.644016265869140625e+00,7.318319320678710938e+00,4.064444065093994141e+00,4.966120243072509766e+00
1.963272094726562500e+02,5.000005245208740234e+00,5.000005245208740234e+00,5.000005245208740234e+00,5.000005245208740234e+00,2.525268316268920898e+00,1.475822925567626953e+00,4.963934421539306641e+00,1.286269426345825195e+00,2.658545970916748047e+00,9.482555985450744629e-01,6.118001461029052734e+00,5.312880039215087891e+00,5.000005245208740234e+00,5.000005245208740234e+00,7.745560646057128906e+00,5.669874191284179688e+00,7.309679031372070312e+00,4.064474105834960938e+00,4.966093063354492188e+00
1.968280487060546875e+02,5.000005245208740234e+00,5.000005245208740234e+00,5.000005245208740234e+00,5.000005245208740234e+00,2.596954107284545898e+00,1.476542472839355469e+00,4.975152969360351562e+00,1.286620736122131348e+00,2.679434061050415039e+00,9.488745927810668945e-01,6.118044853210449219e+00,5.312430381774902344e+00,5.000005245208740234e+00,5.000005245208740234e+00,7.998950004577636719e+00,5.686028003692626953e+00,7.304784774780273438e+00,4.063352584838867188e+00,4.965885639190673828e+00
1.973288879394531250e+02,5.000005245208740234e+00,5.000005245208740234e+00,5.000005245208740234e+00,5.000005245208740234e+00,2.721191883087158203e+00,1.478199005126953125e+00,4.982046127319335938e+00,1.287381052970886230e+00,2.697416543960571289e+00,9.495450258255004883e-01,6.118996143341064453e+00,5.312279701232910156e+00,5.000005245208740234e+00,5.000005245208740234e+00,8.439020156860351562e+00,5.696132183074951172e+00,7.302422523498535156e+00,4.061350822448730469e+00,4.965530872344970703e+00
1.978297119140625000e+02,5.000005245208740234e+00,5.000005245208740234e+00,5.000005245208740234e+00,5.000005245208740234e+00,2.905161857604980469e+00,1.481823325157165527e+00,4.985275268554687500e+00,1.288952708244323730e+00,2.712921380996704102e+00,9.504109025001525879e-01,6.120633602142333984e+00,5.312366008758544922e+00,5.000005245208740234e+00,5.000005245208740234e+00,9.093713760375976562e+00,5.700924873352050781e+00,7.301266670227050781e+00,4.058699607849121094e+00,4.965055465698242188e+00
1.983305511474609375e+02,5.000005245208740234e+00,5.000005245208740234e+00,5.000005245208740234e+00,5.000005245208740234e+00,2.893595457077026367e+00,1.485287666320800781e+00,4.992051124572753906e+00,1.289941668510437012e+00,2.725110054016113281e+00,9.506919980049133301e-01,6.122759819030761719e+00,5.312640190124511719e+00,5.000005245208740234e+00,5.000005245208740234e+00,9.064141273498535156e+00,5.711071491241455078e+00,7.297505855560302734e+00,4.055603981018066406e+00,4.964516162872314453e+00
1.988313903808593750e+02,5.000005245208740234e+00,5.000005245208740234e+00,2.327811717987060547e+00,7.183281779289245605e-01,2.645318269729614258e+00,8.648601531982421875e+00,6.310495376586914062e+00,3.604358196258544922e+00,2.891020059585571289e+00,1.570971369743347168e+00,6.130543708801269531e+00,5.315699577331542969e+00,5.000005245208740234e+00,7.377403736114501953e+00,7.445467472076416016e+00,4.927620887756347656e+00,7.149940967559814453e+00,4.044921398162841797e+00,4.961659431457519531e+00
1.993322143554687500e+02,5.000005245208740234e+00,5.000005245208740234e+00,3.903351783752441406e+00,1.137539625167846680e+00,4.929516613483428955e-01,3.002423524856567383e+00,7.091604709625244141e+00,7.411328315734863281e+00,3.023158550262451172e+00,2.163014411926269531e+00,6.141591548919677734e+00,5.318391323089599609e+00,5.000005245208740234e+00,6.144138336181640625e+00,8.750329971313476562e+00,3.290795803070068359e+00,6.889864444732666016e+00,4.035602569580078125e+00,4.958573341369628906e+00
1.998330535888671875e+02,5.000005245208740234e+00,5.000005245208740234e+00,4.369370460510253906e+00,1.244039773941040039e+00,1.806679487228393555e+00,1.482347965240478516e+00,3.195293426513671875e+00,5.265606403350830078e+00,2.945214271545410156e+00,1.594302773475646973e+00,6.142383098602294922e+00,5.317215919494628906e+00,5.000005245208740234e+00,6.067399501800537109e+00,7.858810424804687500e+00,6.905208110809326172e+00,7.210244655609130859e+00,4.036364078521728516e+00,4.959647655487060547e+00
2.003338928222656250e+02,5.000005245208740234e+00,5.000005245208740234e+00,4.441239833831787109e+00,1.182174563407897949e+00,2.133955240249633789e+00,1.341567158699035645e+00,3.189872264862060547e+00,6.124775409698486328e-01,2.706768274307250977e+00,4.757957160472869873e-01,6.140776157379150391e+00,5.315667629241943359e+00,5.000005245208740234e+00,6.047669887542724609e+00,7.663448810577392578e+00,6.706042289733886719e+00,8.114932060241699219e+00,4.044409751892089844e+00,4.963593006134033203e+00
2.008347320556640625e+02,5.000005245208740234e+00,5.000005245208740234e+00,7.258848667144775391e+00,9.705234766006469727e-01,2.094690322875976562e+00,1.366756439208984375e+00,3.696921110153198242e+00,8.575071096420288086e-01,2.707761764526367188e+00,4.873497784137725830e-01,6.145169734954833984e+00,5.316947460174560547e+00,5.000005245208740234e+00,5.433713912963867188e+00,7.669020175933837891e+00,6.538119316101074219e+00,8.783892631530761719e+00,4.045375347137451172e+00,4.964013576507568359e+00
2.013355560302734375e+02,5.000005245208740234e+00,5.000005245208740234e+00,5.188315868377685547e+00,1.240410447120666504e+00,2.163570165634155273e+00,1.357104539871215820e+00,3.973346233367919922e+00,1.039883852005004883e+00,2.708202838897705078e+00,5.063934326171875000e-01,6.147402286529541016e+00,5.317332267761230469e+00,5.000005245208740234e+00,6.006705284118652344e+00,7.624619483947753906e+00,6.392405509948730469e+00,9.158973693847656250e+00,4.048090934753417969e+00,4.964041233062744141e+00
2.018363952636718750e+02,5.000005245208740234e+00,5.000005245208740234e+00,4.623572826385498047e+00,1.189506292343139648e+00,2.229819059371948242e+00,1.368654847145080566e+00,4.099775314331054688e+00,1.097280144691467285e+00,2.384152173995971680e+00,5.334814190864562988e-01,6.146080017089843750e+00,5.316308975219726562e+00,5.000005245208740234e+00,6.007782459259033203e+00,7.584460258483886719e+00,6.206147670745849609e+00,8.061260223388671875e+00,4.052423000335693359e+00,4.963479042053222656e+00
2.023372344970703125e+02,5.000005245208740234e+00,5.000005245208740234e+00,4.487727165222167969e+00,1.174389958381652832e+00,2.272938251495361328e+00,1.382840633392333984e+00,4.186450481414794922e+00,1.138738036155700684e+00,2.338284730911254883e+00,6.151105165481567383e-01,6.142178535461425781e+00,5.317027568817138672e+00,5.000005245208740234e+00,5.991119861602783203e+00,7.561090946197509766e+00,6.033741474151611328e+00,7.792758464813232422e+00,4.058040618896484375e+00,4.964973449707031250e+00
2.028380584716796875e+02,5.000005245208740234e+00,5.000005245208740234e+00,4.442287921905517578e+00,1.178452968597412109e+00,2.304947376251220703e+00,1.418339371681213379e+00,4.293335437774658203e+00,1.203612565994262695e+00,2.323839187622070312e+00,7.740024924278259277e-01,6.137586116790771484e+00,5.318242549896240234e+00,5.000005245208740234e+00,5.957982540130615234e+00,7.539371490478515625e+00,5.931462764739990234e+00,7.499643325805664062e+00,4.064203262329101562e+00,4.966773986816406250e+00
2.033388977050781250e+02,5.000005245208740234e+00,5.000005245208740234e+00,4.433877468109130859e+00,1.191045522689819336e+00,2.329894065856933594e+00,1.457570433616638184e+00,4.390405178070068359e+00,1.261256814002990723e+00,2.363580226898193359e+00,9.073690772056579590e-01,6.131995201110839844e+00,5.318497180938720703e+00,5.000005245208740234e+00,5.945569992065429688e+00,7.518551349639892578e+00,5.862124443054199219e+00,7.403250217437744141e+00,4.071242332458496094e+00,4.968104362487792969e+00
2.038397369384765625e+02,5.000005245208740234e+00,5.000005245208740234e+00,4.512159347534179688e+00,1.196501493453979492e+00,2.346175432205200195e+00,1.471263766288757324e+00,4.466041564941406250e+00,1.279083967208862305e+00,2.395739555358886719e+00,9.429727196693420410e-01,6.125396251678466797e+00,5.318113803863525391e+00,5.000005245208740234e+00,6.061829566955566406e+00,7.505112171173095703e+00,5.826030254364013672e+00,7.357139110565185547e+00,4.080577850341796875e+00,4.970179557800292969e+00
2.043405609130859375e+02,5.000005245208740234e+00,5.000005245208740234e+00,4.463828563690185547e+00,1.197382569313049316e+00,2.358873128890991211e+00,1.473517656326293945e+00,4.509279727935791016e+00,1.282038807868957520e+00,2.439469099044799805e+00,9.468166232109069824e-01,6.114415168762207031e+00,5.314587593078613281e+00,5.000005245208740234e+00,5.989189147949218750e+00,7.500064373016357422e+00,5.777389049530029297e+00,7.378857612609863281e+00,4.088039398193359375e+00,4.970001697540283203e+00
2.048414001464843750e+02,5.000005245208740234e+00,5.000005245208740234e+00,4.553388595581054688e+00,1.197361111640930176e+00,2.367109298706054688e+00,1.473866939544677734e+00,4.552542686462402344e+00,1.282749295234680176e+00,2.474853277206420898e+00,9.470229148864746094e-01,6.105289936065673828e+00,5.313220977783203125e+00,5.000005245208740234e+00,6.123909473419189453e+00,7.488668441772460938e+00,5.750535488128662109e+00,7.378942966461181641e+00,4.096238136291503906e+00,4.972008228302001953e+00
2.053422393798828125e+02,5.000005245208740234e+00,5.000005245208740234e+00,4.596510410308837891e+00,1.197366356849670410e+00,2.374690294265747070e+00,1.474153161048889160e+00,4.597811222076416016e+00,1.283310055732727051e+00,2.505923748016357422e+00,9.473328590393066406e-01,6.097315788269042969e+00,5.312048912048339844e+00,5.000005245208740234e+00,6.188738346099853516e+00,7.481441497802734375e+00,5.741560935974121094e+00,7.372244834899902344e+00,4.103816509246826172e+00,4.974090576171875000e+00
2.058430786132812500e+02,5.000005245208740234e+00,5.000005245208740234e+00,4.633515357971191406e+00,1.197378396987915039e+00,2.381786346435546875e+00,1.474373936653137207e+00,4.636551856994628906e+00,1.283740520477294922e+00,2.533227443695068359e+00,9.476387500762939453e-01,6.090500831604003906e+00,5.310411453247070312e+00,5.000005245208740234e+00,6.244357585906982422e+00,7.477583885192871094e+00,5.734194755554199219e+00,7.362171649932861328e+00,4.110214710235595703e+00,4.975453853607177734e+00
2.063439025878906250e+02,5.000005245208740234e+00,5.000005245208740234e+00,4.662149906158447266e+00,1.197434425354003906e+00,2.388534784317016602e+00,1.474574327468872070e+00,4.667945861816406250e+00,1.284101724624633789e+00,2.557496309280395508e+00,9.479440450668334961e-01,6.084933280944824219e+00,5.308666229248046875e+00,5.000005245208740234e+00,6.287405967712402344e+00,7.476555824279785156e+00,5.725014686584472656e+00,7.351303577423095703e+00,4.115151882171630859e+00,4.976296424865722656e+00
2.068447418212890625e+02,5.000005245208740234e+00,5.000005245208740234e+00,4.677811622619628906e+00,1.197647809982299805e+00,2.394797563552856445e+00,1.474789619445800781e+00,4.694008827209472656e+00,1.284428715705871582e+00,2.579249143600463867e+00,9.482586383819580078e-01,6.080680370330810547e+00,5.307073593139648438e+00,5.000005245208740234e+00,6.311028957366943359e+00,7.477088928222656250e+00,5.715371608734130859e+00,7.340826034545898438e+00,4.118517875671386719e+00,4.976781368255615234e+00
2.073455810546875000e+02,5.000005245208740234e+00,5.000005245208740234e+00,4.687268257141113281e+00,1.198446631431579590e+00,2.400360822677612305e+00,1.475113987922668457e+00,4.716268539428710938e+00,1.284794330596923828e+00,2.598842382431030273e+00,9.486190676689147949e-01,6.077752113342285156e+00,5.305739402770996094e+00,5.000005245208740234e+00,6.325666904449462891e+00,7.477795600891113281e+00,5.706196784973144531e+00,7.331142425537109375e+00,4.120330333709716797e+00,4.976963996887207031e+00
2.078464050292968750e+02,5.000005245208740234e+00,5.000005245208740234e+00,4.688845157623291016e+00,1.201386690139770508e+00,2.405371427536010742e+00,1.475796341896057129e+00,4.735586643218994141e+00,1.285352706909179688e+00,2.616567373275756836e+00,9.491246342658996582e-01,6.076107501983642578e+00,5.304707527160644531e+00,5.000005245208740234e+00,6.329939842224121094e+00,7.478666305541992188e+00,5.697636604309082031e+00,7.322334766387939453e+00,4.120674610137939453e+00,4.976883888244628906e+00
2.083472442626953125e+02,5.000005245208740234e+00,5.000005245208740234e+00,4.680365085601806641e+00,1.211552739143371582e+00,2.410235881805419922e+00,1.477456450462341309e+00,4.753100395202636719e+00,1.286451935768127441e+00,2.632702350616455078e+00,9.499751329421997070e-01,6.075664043426513672e+00,5.303999900817871094e+00,5.000005245208740234e+00,6.324950695037841797e+00,7.480506420135498047e+00,5.690262794494628906e+00,7.314372062683105469e+00,4.119687557220458984e+00,4.976582527160644531e+00
2.088480834960937500e+02,5.000005245208740234e+00,5.000005245208740234e+00,4.657246589660644531e+00,1.243605136871337891e+00,2.415262222290039062e+00,1.481512188911437988e+00,4.770746707916259766e+00,1.288861274719238281e+00,2.647531270980834961e+00,9.515873789787292480e-01,6.076304912567138672e+00,5.303603172302246094e+00,5.000005245208740234e+00,6.318786144256591797e+00,7.483409404754638672e+00,5.685576438903808594e+00,7.307133674621582031e+00,4.117522239685058594e+00,4.976079940795898438e+00
2.093489074707031250e+02,5.000005245208740234e+00,5.000005245208740234e+00,4.594090461730957031e+00,1.344499945640563965e+00,2.420954704284667969e+00,1.490735769271850586e+00,4.790812015533447266e+00,1.293791413307189941e+00,2.661285400390625000e+00,9.542449712753295898e-01,6.077899932861328125e+00,5.303493976593017578e+00,5.000005245208740234e+00,6.336289405822753906e+00,7.486958026885986328e+00,5.685190200805664062e+00,7.300467491149902344e+00,4.114350318908691406e+00,4.975409030914306641e+00
2.098497467041015625e+02,5.000005245208740234e+00,5.000005245208740234e+00,4.310160636901855469e+00,1.668270111083984375e+00,2.427667617797851562e+00,1.506020188331604004e+00,4.814180850982666016e+00,1.300501465797424316e+00,2.673811435699462891e+00,9.563387036323547363e-01,6.080277442932128906e+00,5.303639888763427734e+00,5.000005245208740234e+00,6.489764213562011719e+00,7.489047527313232422e+00,5.689785957336425781e+00,7.294412136077880859e+00,4.110387802124023438e+00,4.974623680114746094e+00
2.103505859375000000e+02,5.000005245208740234e+00,5.000005245208740234e+00,3.464917659759521484e+00,2.514231681823730469e+00,2.431823968887329102e+00,1.514224052429199219e+00,4.837325572967529297e+00,1.302178502082824707e+00,2.684592723846435547e+00,9.550390243530273438e-01,6.083256244659423828e+00,5.303983688354492188e+00,5.000005245208740234e+00,6.876800537109375000e+00,7.485462188720703125e+00,5.699573993682861328e+00,7.289366245269775391e+00,4.105880260467529297e+00,4.973772048950195312e+00
2.108514251708984375e+02,5.000005245208740234e+00,5.000005245208740234e+00,2.474368572235107422e+00,3.787325859069824219e+00,2.429188966751098633e+00,1.499301791191101074e+00,4.856267452239990234e+00,1.296132802963256836e+00,2.694519042968750000e+00,9.534580111503601074e-01,6.086739540100097656e+00,5.304536819458007812e+00,5.000005245208740234e+00,7.219829082489013672e+00,7.484117507934570312e+00,5.714655399322509766e+00,7.286452293395996094e+00,4.100918769836425781e+00,4.972884654998779297e+00
2.113522491455078125e+02,5.000005245208740234e+00,5.000005245208740234e+00,2.510418415069580078e+00,5.248237609863281250e+00,2.443184137344360352e+00,1.511652946472167969e+00,4.872946262359619141e+00,1.305715322494506836e+00,2.705622911453247070e+00,9.585320353507995605e-01,6.090662002563476562e+00,5.305233955383300781e+00,5.000005245208740234e+00,7.151266098022460938e+00,7.532511234283447266e+00,5.717140197753906250e+00,7.284490108489990234e+00,4.095474720001220703e+00,4.971862792968750000e+00
2.118530883789062500e+02,5.000005245208740234e+00,5.000005245208740234e+00,5.778165817260742188e+00,7.118545532226562500e+00,2.476503372192382812e+00,1.535714268684387207e+00,4.895606994628906250e+00,1.304845094680786133e+00,2.714514732360839844e+00,9.517466425895690918e-01,6.094686031341552734e+00,5.305979251861572266e+00,5.000005245208740234e+00,5.132508754730224609e+00,7.606595516204833984e+00,5.726599693298339844e+00,7.285393714904785156e+00,4.090035915374755859e+00,4.970896720886230469e+00
2.123539276123046875e+02,5.000005245208740234e+00,5.000005245208740234e+00,7.641114711761474609e+00,8.011638641357421875e+00,2.495217561721801758e+00,1.449437856674194336e+00,4.897210121154785156e+00,1.271473050117492676e+00,2.721589803695678711e+00,9.441863894462585449e-01,6.098862171173095703e+00,5.306801319122314453e+00,5.000005245208740234e+00,2.550653934478759766e+00,7.741503238677978516e+00,5.748792648315429688e+00,7.287459850311279297e+00,4.084531307220458984e+00,4.969926834106445312e+00
2.128547515869140625e+02,5.000005245208740234e+00,5.000005245208740234e+00,8.232214927673339844e+00,8.365929603576660156e+00,2.547513008117675781e+00,1.409009814262390137e+00,4.902127265930175781e+00,1.258089065551757812e+00,2.729607105255126953e+00,9.420325756072998047e-01,6.103165626525878906e+00,5.307695388793945312e+00,5.000005245208740234e+00,1.566086411476135254e+00,7.959581851959228516e+00,5.758584976196289062e+00,7.289206981658935547e+00,4.078930377960205078e+00,4.968920707702636719e+00
2.133555908203125000e+02,5.000005245208740234e+00,5.000005245208740234e+00,7.434024810791015625e+00,7.840598583221435547e+00,2.649932622909545898e+00,1.408960342407226562e+00,4.910653114318847656e+00,1.258937478065490723e+00,2.738031625747680664e+00,9.429785013198852539e-01,6.107507228851318359e+00,5.308639049530029297e+00,5.000005245208740234e+00,2.488580226898193359e+00,8.322505950927734375e+00,5.759446144104003906e+00,7.290802478790283203e+00,4.073340892791748047e+00,4.967913627624511719e+00
2.138564300537109375e+02,5.000005245208740234e+00,5.000005245208740234e+00,5.694554328918457031e+00,6.004546165466308594e+00,2.813197135925292969e+00,1.418191909790039062e+00,4.918275833129882812e+00,1.263433098793029785e+00,2.746087312698364258e+00,9.446942806243896484e-01,6.111804962158203125e+00,5.309595108032226562e+00,5.000005245208740234e+00,4.449564933776855469e+00,8.899975776672363281e+00,5.756986618041992188e+00,7.292368888854980469e+00,4.067859649658203125e+00,4.966924190521240234e+00
2.143572692871093750e+02,5.000005245208740234e+00,5.000005245208740234e+00,5.238838672637939453e+00,5.328880310058593750e+00,2.871176719665527344e+00,1.429247617721557617e+00,4.931327819824218750e+00,1.268300414085388184e+00,2.752804040908813477e+00,9.461976885795593262e-01,6.116006851196289062e+00,5.310548782348632812e+00,5.000005245208740234e+00,4.842862606048583984e+00,9.110636711120605469e+00,5.763178348541259766e+00,7.291834831237792969e+00,4.062549591064453125e+00,4.965968132019042969e+00
2.148580932617187500e+02,5.000005245208740234e+00,5.000005245208740234e+00,5.090723037719726562e+00,5.121152877807617188e+00,2.892101764678955078e+00,1.442378997802734375e+00,4.936966419219970703e+00,1.273134946823120117e+00,2.758497476577758789e+00,9.473457932472229004e-01,6.120063304901123047e+00,5.311486244201660156e+00,5.000005245208740234e+00,4.942749023437500000e+00,9.201062202453613281e+00,5.760666847229003906e+00,7.290036678314208984e+00,4.057439327239990234e+00,4.965054988861083984e+00
2.153589324951171875e+02,5.000005245208740234e+00,5.000005245208740234e+00,5.034175872802734375e+00,5.045236587524414062e+00,2.749913215637207031e+00,1.468895673751831055e+00,4.935804367065429688e+00,1.284264326095581055e+00,2.764786958694458008e+00,9.500320553779602051e-01,6.123976707458496094e+00,5.312407016754150391e+00,5.000005245208740234e+00,4.978723049163818359e+00,8.729955673217773438e+00,5.746954441070556641e+00,7.290305137634277344e+00,4.052544593811035156e+00,4.964182376861572266e+00
2.158597717285156250e+02,5.000005245208740234e+00,5.000005245208740234e+00,5.012832164764404297e+00,5.016833305358886719e+00,2.653449535369873047e+00,1.502588748931884766e+00,4.929548740386962891e+00,1.295613288879394531e+00,2.770777463912963867e+00,9.520955681800842285e-01,6.127697944641113281e+00,5.313289165496826172e+00,5.000005245208740234e+00,4.992054462432861328e+00,8.452906608581542969e+00,5.729231834411621094e+00,7.291723728179931641e+00,4.047902584075927734e+00,4.963355064392089844e+00
2.163605957031250000e+02,5.000005245208740234e+00,5.000005245208740234e+00,5.004770755767822266e+00,5.006220817565917969e+00,2.589030742645263672e+00,1.554285883903503418e+00,4.925156593322753906e+00,1.311707139015197754e+00,2.776719331741333008e+00,9.546806812286376953e-01,6.131231784820556641e+00,5.314133167266845703e+00,5.000005245208740234e+00,4.997057437896728516e+00,8.337389945983886719e+00,5.714677810668945312e+00,7.294018268585205078e+00,4.043515682220458984e+00,4.962570190429687500e+00
2.168614349365234375e+02,5.000005245208740234e+00,5.000005245208740234e+00,5.001760959625244141e+00,5.002286911010742188e+00,2.517804861068725586e+00,1.638535380363464355e+00,4.922807216644287109e+00,1.333295106887817383e+00,2.782432317733764648e+00,9.574326872825622559e-01,6.134564876556396484e+00,5.314940452575683594e+00,5.000005245208740234e+00,4.998919486999511719e+00,8.280776023864746094e+00,5.703209877014160156e+00,7.296663761138916016e+00,4.039393901824951172e+00,4.961839675903320312e+00
2.173622741699218750e+02,5.000005245208740234e+00,5.000005245208740234e+00,5.000647544860839844e+00,5.000837802886962891e+00,2.409972906112670898e+00,1.791430711746215820e+00,4.923397064208984375e+00,1.357977747917175293e+00,2.787882089614868164e+00,9.593393206596374512e-01,6.137688159942626953e+00,5.315698623657226562e+00,5.000005245208740234e+00,4.999608516693115234e+00,8.263802528381347656e+00,5.692244052886962891e+00,7.299387931823730469e+00,4.035543918609619141e+00,4.961156845092773438e+00
2.178630981445312500e+02,5.000005245208740234e+00,5.000005245208740234e+00,5.000238895416259766e+00,5.000308036804199219e+00,2.218068599700927734e+00,2.082022905349731445e+00,4.927472114562988281e+00,1.374038100242614746e+00,2.792963504791259766e+00,9.588187932968139648e-01,6.140594005584716797e+00,5.316403865814208984e+00,5.000005245208740234e+00,4.999861240386962891e+00,8.290445327758789062e+00,5.679698944091796875e+00,7.302066802978515625e+00,4.031971931457519531e+00,4.960523605346679688e+00
2.183639373779296875e+02,5.000005245208740234e+00,5.000005245208740234e+00,5.000089645385742188e+00,5.000114917755126953e+00,1.906987071037292480e+00,2.584528684616088867e+00,4.927750110626220703e+00,1.364614129066467285e+00,2.797351121902465820e+00,9.555350542068481445e-01,6.143286705017089844e+00,5.317063331604003906e+00,5.000005245208740234e+00,4.999952793121337891e+00,8.366693496704101562e+00,5.673024654388427734e+00,7.304754734039306641e+00,4.028676986694335938e+00,4.959948062896728516e+00
2.188647766113281250e+02,5.000005245208740234e+00,5.000005245208740234e+00,5.000036239624023438e+00,5.000045299530029297e+00,1.540996074676513672e+00,3.295911073684692383e+00,4.915869712829589844e+00,1.328772664070129395e+00,2.800847530364990234e+00,9.510229229927062988e-01,6.145775318145751953e+00,5.317676067352294922e+00,5.000005245208740234e+00,4.999986171722412109e+00,8.476953506469726562e+00,5.680142879486083984e+00,7.307460308074951172e+00,4.025638580322265625e+00,4.959415912628173828e+00
2.193656158447265625e+02,5.000005245208740234e+00,5.000005245208740234e+00,5.000016689300537109e+00,5.000019550323486328e+00,1.242096424102783203e+00,4.073807716369628906e+00,4.894628047943115234e+00,1.285063743591308594e+00,2.803677320480346680e+00,9.467914104461669922e-01,6.148072242736816406e+00,5.318242549896240234e+00,5.000005245208740234e+00,4.999998092651367188e+00,8.591851234436035156e+00,5.695415973663330078e+00,7.310074806213378906e+00,4.022837638854980469e+00,4.958925247192382812e+00
2.198664398193359375e+02,5.000005245208740234e+00,5.000005245208740234e+00,5.000009536743164062e+00,5.000010490417480469e+00,1.057455778121948242e+00,4.739403724670410156e+00,4.872180938720703125e+00,1.252760887145996094e+00,2.806289196014404297e+00,9.437726140022277832e-01,6.150187969207763672e+00,5.318764686584472656e+00,5.000005245208740234e+00,5.000002861022949219e+00,8.688171386718750000e+00,5.708634853363037109e+00,7.312373638153076172e+00,4.020258903503417969e+00,4.958470821380615234e+00
2.203672790527343750e+02,5.000005245208740234e+00,5.000005245208740234e+00,5.000006198883056641e+00,5.000007152557373047e+00,9.591953754425048828e-01,5.238576412200927734e+00,4.852428913116455078e+00,1.238459944725036621e+00,2.808958530426025391e+00,9.423007369041442871e-01,6.152136325836181641e+00,5.319252967834472656e+00,5.000005245208740234e+00,5.000004291534423828e+00,8.756061553955078125e+00,5.716330051422119141e+00,7.314226627349853516e+00,4.017885684967041016e+00,4.958055973052978516e+00
2.208681182861328125e+02,5.000005245208740234e+00,5.000005245208740234e+00,5.000005722045898438e+00,5.000005722045898438e+00,9.090893268585205078e-01,5.607602119445800781e+00,4.834434032440185547e+00,1.239160418510437012e+00,2.811666011810302734e+00,9.420665502548217773e-01,6.153923034667968750e+00,5.319702148437500000e+00,5.000005245208740234e+00,5.000005245208740234e+00,8.797728538513183594e+00,5.720649242401123047e+00,7.315666675567626953e+00,4.015710830688476562e+00,4.957672119140625000e+00
2.213689422607421875e+02,5.000005245208740234e+00,5.000005245208740234e+00,5.000005245208740234e+00,5.000005722045898438e+00,8.833963274955749512e-01,5.889268875122070312e+00,4.815471172332763672e+00,1.250476002693176270e+00,2.814293861389160156e+00,9.425550103187561035e-01,6.155557632446289062e+00,5.320111274719238281e+00,5.000005245208740234e+00,5.000005245208740234e+00,8.820386886596679688e+00,5.724867343902587891e+00,7.316785335540771484e+00,4.013721942901611328e+00,4.957318305969238281e+00
2.218697814941406250e+02,5.000005245208740234e+00,5.000005245208740234e+00,5.000005245208740234e+00,5.000005245208740234e+00,8.701930642127990723e-01,6.111022472381591797e+00,4.791945934295654297e+00,1.270133733749389648e+00,2.816759824752807617e+00,9.433433413505554199e-01,6.157052040100097656e+00,5.320491313934326172e+00,5.000005245208740234e+00,5.000005245208740234e+00,8.830595970153808594e+00,5.732374668121337891e+00,7.317683219909667969e+00,4.011907577514648438e+00,4.957001209259033203e+00
2.223706207275390625e+02,5.000005245208740234e+00,5.000005245208740234e+00,5.000005245208740234e+00,5.000005245208740234e+00,8.635166287422180176e-01,6.289756774902343750e+00,4.758727550506591797e+00,1.298367023468017578e+00,2.819030523300170898e+00,9.441925287246704102e-01,6.158414363861083984e+00,5.320836067199707031e+00,5.000005245208740234e+00,5.000005245208740234e+00,8.831783294677734375e+00,5.747533798217773438e+00,7.318381309509277344e+00,4.010255813598632812e+00,4.956711292266845703e+00
2.228714599609375000e+02,5.000005245208740234e+00,5.000005245208740234e+00,5.000005245208740234e+00,5.000005245208740234e+00,8.602446317672729492e-01,6.435705184936523438e+00,4.708370685577392578e+00,1.337289929389953613e+00,2.821104049682617188e+00,9.449430108070373535e-01,6.159650802612304688e+00,5.321152210235595703e+00,5.000005245208740234e+00,5.000005245208740234e+00,8.825747489929199219e+00,5.775967121124267578e+00,7.318894386291503906e+00,4.008756637573242188e+00,4.956444740295410156e+00
2.233722839355468750e+02,5.000005245208740234e+00,5.000005245208740234e+00,5.000005245208740234e+00,5.000005245208740234e+00,8.588699102401733398e-01,6.555944442749023438e+00,4.631552696228027344e+00,1.390826344490051270e+00,2.822993755340576172e+00,9.455002546310424805e-01,6.160772800445556641e+00,5.321435928344726562e+00,5.000005245208740234e+00,5.000005245208740234e+00,8.812378883361816406e+00,5.823650836944580078e+00,7.319216728210449219e+00,4.007395267486572266e+00,4.956202507019042969e+00
2.238731231689453125e+02,5.000005245208740234e+00,5.000005245208740234e+00,5.000005245208740234e+00,5.000005245208740234e+00,8.590303063392639160e-01,6.655037403106689453e+00,4.518386840820312500e+00,1.464384913444519043e+00,2.824725627899169922e+00,9.457891583442687988e-01,6.161792278289794922e+00,5.321697711944580078e+00,5.000005245208740234e+00,5.000005245208740234e+00,8.790940284729003906e+00,5.895041465759277344e+00,7.319338798522949219e+00,4.006165981292724609e+00,4.955988407135009766e+00
2.243739624023437500e+02,5.000005245208740234e+00,5.000005245208740234e+00,5.000005245208740234e+00,5.000005245208740234e+00,8.611687421798706055e-01,6.736979484558105469e+00,4.360787868499755859e+00,1.564911007881164551e+00,2.826316833496093750e+00,9.457611441612243652e-01,6.162713527679443359e+00,5.321933746337890625e+00,5.000005245208740234e+00,5.000005245208740234e+00,8.758884429931640625e+00,5.990983963012695312e+00,7.319226741790771484e+00,4.005052089691162109e+00,4.955792903900146484e+00
2.248747863769531250e+02,5.000005245208740234e+00,5.000005245208740234e+00,5.000005245208740234e+00,5.000005245208740234e+00,8.662924170494079590e-01,6.804182529449462891e+00,4.155388355255126953e+00,1.699804902076721191e+00,2.827766180038452148e+00,9.453480243682861328e-01,6.163545131683349609e+00,5.322143554687500000e+00,5.000005245208740234e+00,5.000005245208740234e+00,8.713175773620605469e+00,6.107112407684326172e+00,7.318861961364746094e+00,4.004046916961669922e+00,4.955614089965820312e+00
2.253756256103515625e+02,5.000005245208740234e+00,5.000005245208740234e+00,5.000005245208740234e+00,5.000005245208740234e+00,8.759548664093017578e-01,6.857748985290527344e+00,3.907176256179809570e+00,1.875661611557006836e+00,2.829048871994018555e+00,9.445352554321289062e-01,6.164296150207519531e+00,5.322338581085205078e+00,5.000005245208740234e+00,5.000005245208740234e+00,8.650297164916992188e+00,6.233296871185302734e+00,7.318250179290771484e+00,4.003140926361083984e+00,4.955458164215087891e+00
2.258764648437500000e+02,5.000005245208740234e+00,5.000005245208740234e+00,5.000005245208740234e+00,5.000005245208740234e+00,8.921151757240295410e-01,6.898532390594482422e+00,3.632294893264770508e+00,2.095891952514648438e+00,2.830096006393432617e+00,9.433722496032714844e-01,6.164972305297851562e+00,5.322513103485107422e+00,5.000005245208740234e+00,5.000005245208740234e+00,8.564848899841308594e+00,6.355174064636230469e+00,7.317368030548095703e+00,4.002326488494873047e+00,4.955314159393310547e+00
2.263772888183593750e+02,5.000005245208740234e+00,5.000005245208740234e+00,5.000005245208740234e+00,5.000005245208740234e+00,9.175892472267150879e-01,6.926177024841308594e+00,3.357187747955322266e+00,2.357489109039306641e+00,2.830847263336181641e+00,9.420260787010192871e-01,6.165581226348876953e+00,5.322667121887207031e+00,5.000005245208740234e+00,5.000005245208740234e+00,8.451085090637207031e+00,6.456891059875488281e+00,7.316200256347656250e+00,4.001591205596923828e+00,4.955183982849121094e+00
2.268781280517578125e+02,5.000005245208740234e+00,5.000005245208740234e+00,5.000005245208740234e+00,5.000005245208740234e+00,9.574795365333557129e-01,6.939530372619628906e+00,3.113062858581542969e+00,2.650301694869995117e+00,2.831289291381835938e+00,9.407739639282226562e-01,6.166129589080810547e+00,5.322813034057617188e+00,5.000005245208740234e+00,5.000005245208740234e+00,8.302884101867675781e+00,6.524324417114257812e+00,7.314712047576904297e+00,4.000932693481445312e+00,4.955069065093994141e+00
2.273789672851562500e+02,5.000005245208740234e+00,5.000005245208740234e+00,5.000005245208740234e+00,5.000005245208740234e+00,1.023036360740661621e+00,6.938610553741455078e+00,2.927839756011962891e+00,2.960268497467041016e+00,2.831471920013427734e+00,9.399214386940002441e-01,6.166622638702392578e+00,5.322938919067382812e+00,5.000005245208740234e+00,5.000005245208740234e+00,8.111451148986816406e+00,6.546954154968261719e+00,7.312801361083984375e+00,4.000340461730957031e+00,4.954967498779296875e+00
2.278798065185546875e+02,5.000005245208740234e+00,5.000005245208740234e+00,5.000005245208740234e+00,5.000005245208740234e+00,1.144256711006164551e+00,6.924868106842041016e+00,2.820933103561401367e+00,3.273639678955078125e+00,2.831504106521606445e+00,9.397150278091430664e-01,6.167066097259521484e+00,5.323053836822509766e+00,5.000005245208740234e+00,5.000005245208740234e+00,7.862209320068359375e+00,6.517652988433837891e+00,7.310358524322509766e+00,3.999806404113769531e+00,4.954872131347656250e+00
2.283806304931640625e+02,5.000005245208740234e+00,5.000005245208740234e+00,5.000005245208740234e+00,5.000005245208740234e+00,1.408904194831848145e+00,6.905100345611572266e+00,2.798829555511474609e+00,3.577105998992919922e+00,2.831510782241821289e+00,9.402325153350830078e-01,6.167463779449462891e+00,5.323154449462890625e+00,5.000005245208740234e+00,5.000005245208740234e+00,7.518382549285888672e+00,6.434842109680175781e+00,7.307271480560302734e+00,3.999329566955566406e+00,4.954787254333496094e+00
2.288814697265625000e+02,5.000005245208740234e+00,5.000005245208740234e+00,5.000005245208740234e+00,5.000005245208740234e+00,2.081196546554565430e+00,6.894813537597656250e+00,2.840319395065307617e+00,3.845078468322753906e+00,2.831579208374023438e+00,9.412738680839538574e-01,6.167820453643798828e+00,5.323251724243164062e+00,5.000005245208740234e+00,5.000005245208740234e+00,6.977026939392089844e+00,6.314383983612060547e+00,7.303459644317626953e+00,3.998900413513183594e+00,4.954713344573974609e+00
2.293823089599609375e+02,5.000005245208740234e+00,5.000005245208740234e+00,5.000005245208740234e+00,5.000005245208740234e+00,3.509368658065795898e+00,6.870453357696533203e+00,2.900242567062377930e+00,4.034850597381591797e+00,2.831489562988281250e+00,9.423845410346984863e-01,6.168140888214111328e+00,5.323333263397216797e+00,5.000005245208740234e+00,5.000005245208740234e+00,6.086397171020507812e+00,6.195627212524414062e+00,7.298970699310302734e+00,3.998517751693725586e+00,4.954647541046142578e+00
2.298831329345703125e+02,5.000005245208740234e+00,5.000005245208740234e+00,8.423943519592285156e+00,1.065767884254455566e+00,1.112972259521484375e+00,1.525999546051025391e+00,7.825639247894287109e+00,8.348726272583007812e+00,3.339028835296630859e+00,2.108613967895507812e+00,6.169362068176269531e+00,5.323741436004638672e+00,5.000005245208740234e+00,4.523265838623046875e+00,8.084269523620605469e+00,1.970613718032836914e+00,7.213915348052978516e+00,3.997904062271118164e+00,4.954509735107421875e+00
2.303839721679687500e+02,5.000005245208740234e+00,5.000005245208740234e+00,5.594677925109863281e+00,1.336796522140502930e+00,1.776826381683349609e+00,1.723638534545898438e+00,3.625234603881835938e+00,7.794767379760742188e+00,4.004999160766601562e+00,8.341261863708496094e+00,6.171591281890869141e+00,5.324672698974609375e+00,5.000005245208740234e+00,5.929505825042724609e+00,7.893302440643310547e+00,6.366399288177490234e+00,6.233683586120605469e+00,3.995818138122558594e+00,4.953931331634521484e+00
2.308848114013671875e+02,5.000005245208740234e+00,5.000005245208740234e+00,4.737793445587158203e+00,1.255457997322082520e+00,2.025388479232788086e+00,1.555482029914855957e+00,3.363707304000854492e+00,2.021255016326904297e+00,2.071706295013427734e+00,8.437038421630859375e+00,6.172125339508056641e+00,5.324656963348388672e+00,5.000005245208740234e+00,6.016309261322021484e+00,7.754487037658691406e+00,6.734042167663574219e+00,7.402377605438232422e+00,3.996536970138549805e+00,4.954263687133789062e+00
2.313856353759765625e+02,5.000005245208740234e+00,5.000005245208740234e+00,4.526049613952636719e+00,1.226318717002868652e+00,2.145346879959106445e+00,1.503977060317993164e+00,3.697980880737304688e+00,1.400787830352783203e+00,1.120533704757690430e+00,7.519242763519287109e+00,6.172765254974365234e+00,5.324692249298095703e+00,5.000005245208740234e+00,6.013885974884033203e+00,7.675972461700439453e+00,6.573848724365234375e+00,7.865077972412109375e+00,3.997390508651733398e+00,4.954469203948974609e+00
2.318864746093750000e+02,5.000005245208740234e+00,5.000005245208740234e+00,4.457386970520019531e+00,1.244650840759277344e+00,2.218107938766479492e+00,1.551848292350769043e+00,3.969973564147949219e+00,1.467175722122192383e+00,1.351948738098144531e+00,4.641467094421386719e+00,6.173661708831787109e+00,5.325004577636718750e+00,5.000005245208740234e+00,5.983623504638671875e+00,7.627185821533203125e+00,6.285410404205322266e+00,7.717781543731689453e+00,3.998116016387939453e+00,4.954527378082275391e+00
2.323873138427734375e+02,5.000005245208740234e+00,5.000005245208740234e+00,4.428298950195312500e+00,1.242541670799255371e+00,2.251158952713012695e+00,1.522990226745605469e+00,4.101953983306884766e+00,1.349477052688598633e+00,1.826632976531982422e+00,8.318802714347839355e-01,6.172318935394287109e+00,5.324769973754882812e+00,5.000005245208740234e+00,5.976352214813232422e+00,7.604931354522705078e+00,6.119430541992187500e+00,7.681700706481933594e+00,4.001367568969726562e+00,4.955433368682861328e+00
2.328881530761718750e+02,5.000005245208740234e+00,5.000005245208740234e+00,4.448508262634277344e+00,1.190939903259277344e+00,2.267154455184936523e+00,1.415219426155090332e+00,4.178803443908691406e+00,1.161132812500000000e+00,2.236984729766845703e+00,3.601378500461578369e-01,6.170193672180175781e+00,5.324754714965820312e+00,5.000005245208740234e+00,6.041768074035644531e+00,7.602484226226806641e+00,6.056046009063720703e+00,9.027274131774902344e+00,4.004807472229003906e+00,4.956526279449462891e+00
2.333889770507812500e+02,5.000005245208740234e+00,5.000005245208740234e+00,4.362469673156738281e+00,1.146835088729858398e+00,2.289061069488525391e+00,1.362046122550964355e+00,4.255802154541015625e+00,1.101838469505310059e+00,2.154923677444458008e+00,3.002113103866577148e-01,6.166996479034423828e+00,5.323750019073486328e+00,5.000005245208740234e+00,5.918692588806152344e+00,7.590694904327392578e+00,5.971313953399658203e+00,8.021224975585937500e+00,4.008260726928710938e+00,4.956800937652587891e+00
2.338898162841796875e+02,5.000005245208740234e+00,5.000005245208740234e+00,4.510138034820556641e+00,1.113359689712524414e+00,2.310266494750976562e+00,1.346681594848632812e+00,4.335911750793457031e+00,1.106777071952819824e+00,2.192313432693481445e+00,4.394097924232482910e-01,6.164202213287353516e+00,5.323339462280273438e+00,5.000005245208740234e+00,6.126043319702148438e+00,7.555712699890136719e+00,5.898365974426269531e+00,7.584817886352539062e+00,4.011848449707031250e+00,4.957455635070800781e+00
2.343906555175781250e+02,5.000005245208740234e+00,5.000005245208740234e+00,4.566589832305908203e+00,1.161962270736694336e+00,2.341387748718261719e+00,1.430277705192565918e+00,4.446899890899658203e+00,1.229474425315856934e+00,2.313169002532958984e+00,8.196640610694885254e-01,6.162284374237060547e+00,5.323257446289062500e+00,5.000005245208740234e+00,6.165410041809082031e+00,7.520439624786376953e+00,5.826330661773681641e+00,7.413287162780761719e+00,4.014169692993164062e+00,4.957621574401855469e+00
2.348914794921875000e+02,5.000005245208740234e+00,5.000005245208740234e+00,4.593451499938964844e+00,1.196789026260375977e+00,2.362064838409423828e+00,1.472919583320617676e+00,4.514824867248535156e+00,1.281466603279113770e+00,2.395267724990844727e+00,9.437291026115417480e-01,6.159124374389648438e+00,5.322559833526611328e+00,5.000005245208740234e+00,6.184690952301025391e+00,7.510989665985107422e+00,5.776754856109619141e+00,7.395086288452148438e+00,4.016555309295654297e+00,4.957726001739501953e+00
2.353923187255859375e+02,5.000005245208740234e+00,5.000005245208740234e+00,4.851977825164794922e+00,1.308070421218872070e+00,2.369432210922241211e+00,1.554433703422546387e+00,4.644359588623046875e+00,1.363252162933349609e+00,1.402953743934631348e+00,6.865711212158203125e-01,6.167239665985107422e+00,5.331555843353271484e+00,5.000005245208740234e+00,6.569565296173095703e+00,7.467754840850830078e+00,5.824709892272949219e+00,8.138024330139160156e+00,4.030575752258300781e+00,4.965559959411621094e+00
2.358931579589843750e+02,5.000005245208740234e+00,5.000005245208740234e+00,4.810929775238037109e+00,1.133801937103271484e+00,2.363532066345214844e+00,1.420008420944213867e+00,4.647147655487060547e+00,1.227512955665588379e+00,2.291010618209838867e+00,8.206854462623596191e-01,6.141946792602539062e+00,5.326485633850097656e+00,5.000005245208740234e+00,6.576357841491699219e+00,7.497348308563232422e+00,5.860236644744873047e+00,7.538965225219726562e+00,4.052720546722412109e+00,4.964802742004394531e+00
2.363939971923828125e+02,5.000005245208740234e+00,5.000005245208740234e+00,4.837639331817626953e+00,1.187886953353881836e+00,2.385443449020385742e+00,1.464584469795227051e+00,4.695506095886230469e+00,1.274100661277770996e+00,2.592176914215087891e+00,9.219549298286437988e-01,6.120209693908691406e+00,5.319693088531494141e+00,5.000005245208740234e+00,6.579396724700927734e+00,7.504239082336425781e+00,5.826617717742919922e+00,7.355006217956542969e+00,4.071183204650878906e+00,4.966170310974121094e+00
2.368948211669921875e+02,5.000005245208740234e+00,5.000005245208740234e+00,4.813148498535156250e+00,1.222993373870849609e+00,2.398008346557617188e+00,1.480053186416625977e+00,4.729945659637451172e+00,1.287899732589721680e+00,2.689466238021850586e+00,9.445752501487731934e-01,6.106754779815673828e+00,5.313976764678955078e+00,5.000005245208740234e+00,6.544917583465576172e+00,7.512849330902099609e+00,5.810810565948486328e+00,7.297889709472656250e+00,4.082219123840332031e+00,4.968056201934814453e+00
2.373956604003906250e+02,5.000005245208740234e+00,5.000005245208740234e+00,4.761982917785644531e+00,1.279350519180297852e+00,2.406857728958129883e+00,1.491882562637329102e+00,4.767369270324707031e+00,1.296730518341064453e+00,2.722354412078857422e+00,9.524056315422058105e-01,6.100496292114257812e+00,5.310452938079833984e+00,5.000005245208740234e+00,6.515100002288818359e+00,7.517931938171386719e+00,5.811906814575195312e+00,7.280610084533691406e+00,4.086514472961425781e+00,4.969235897064208984e+00
2.378964996337890625e+02,5.000005245208740234e+00,5.000005245208740234e+00,4.609714508056640625e+00,1.500461816787719727e+00,2.422274827957153320e+00,1.522030353546142578e+00,4.787947177886962891e+00,1.314090013504028320e+00,2.735639572143554688e+00,9.583878517150878906e-01,6.098975658416748047e+00,5.308682441711425781e+00,5.000005245208740234e+00,6.558617115020751953e+00,7.540663242340087891e+00,5.786965847015380859e+00,7.276282787322998047e+00,4.086283683776855469e+00,4.969561100006103516e+00
2.383973236083984375e+02,5.000005245208740234e+00,5.000005245208740234e+00,3.837786674499511719e+00,2.288338899612426758e+00,2.445649385452270508e+00,1.552327275276184082e+00,4.815636634826660156e+00,1.323885679244995117e+00,2.742056131362915039e+00,9.586557149887084961e-01,6.100231647491455078e+00,5.308084487915039062e+00,5.000005245208740234e+00,6.910108566284179688e+00,7.585554599761962891e+00,5.778837680816650391e+00,7.276995658874511719e+00,4.083472728729248047e+00,4.969338893890380859e+00
2.388981628417968750e+02,5.000005245208740234e+00,5.000005245208740234e+00,2.613520622253417969e+00,3.919041156768798828e+00,2.466473579406738281e+00,1.537096261978149414e+00,4.834415435791015625e+00,1.313143491744995117e+00,2.745842695236206055e+00,9.561607837677001953e-01,6.103065490722656250e+00,5.308214187622070312e+00,5.000005245208740234e+00,7.299246788024902344e+00,7.662720203399658203e+00,5.783024311065673828e+00,7.279627323150634766e+00,4.079240322113037109e+00,4.968775749206542969e+00
2.393990020751953125e+02,5.000005245208740234e+00,5.000005245208740234e+00,2.059499740600585938e+00,5.414995193481445312e+00,2.490001440048217773e+00,1.530258774757385254e+00,4.850162982940673828e+00,1.320960760116577148e+00,2.750645399093627930e+00,9.614237546920776367e-01,6.106823921203613281e+00,5.308800697326660156e+00,5.000005245208740234e+00,7.435201168060302734e+00,7.794837474822998047e+00,5.784670829772949219e+00,7.281761169433593750e+00,4.074160099029541016e+00,4.967967987060546875e+00
2.398998260498046875e+02,5.000005245208740234e+00,5.000005245208740234e+00,5.797672748565673828e+00,7.422809123992919922e+00,2.575838327407836914e+00,1.588360190391540527e+00,4.874848365783691406e+00,1.321325063705444336e+00,2.754055261611938477e+00,9.522255659103393555e-01,6.110807895660400391e+00,5.309536457061767578e+00,5.000005245208740234e+00,5.192240238189697266e+00,7.993219375610351562e+00,5.771311759948730469e+00,7.285331726074218750e+00,4.068993568420410156e+00,4.967127323150634766e+00
2.404006652832031250e+02,5.000005245208740234e+00,5.000005245208740234e+00,7.882822990417480469e+00,8.248302459716796875e+00,2.643885374069213867e+00,1.437944412231445312e+00,4.864340305328369141e+00,1.261137008666992188e+00,2.755751609802246094e+00,9.433284401893615723e-01,6.114904403686523438e+00,5.310398578643798828e+00,5.000005245208740234e+00,2.158841609954833984e+00,8.344402313232421875e+00,5.795575618743896484e+00,7.289557456970214844e+00,4.063817024230957031e+00,4.966263294219970703e+00
2.409015045166015625e+02,5.000005245208740234e+00,5.000005245208740234e+00,8.368354797363281250e+00,8.498749732971191406e+00,2.781168222427368164e+00,1.380624771118164062e+00,4.866244316101074219e+00,1.243867397308349609e+00,2.759460449218750000e+00,9.414755105972290039e-01,6.118995666503906250e+00,5.311316490173339844e+00,5.000005245208740234e+00,1.357924461364746094e+00,8.893905639648437500e+00,5.801392078399658203e+00,7.292494297027587891e+00,4.058680534362792969e+00,4.965368747711181641e+00
2.414023437500000000e+02,5.000005245208740234e+00,5.000005245208740234e+00,7.185284137725830078e+00,7.687181472778320312e+00,2.824700117111206055e+00,1.385850310325622559e+00,4.885400295257568359e+00,1.247262477874755859e+00,2.763158082962036133e+00,9.424635171890258789e-01,6.122972965240478516e+00,5.312242031097412109e+00,5.000005245208740234e+00,2.756438493728637695e+00,9.061362266540527344e+00,5.810423374176025391e+00,7.292110443115234375e+00,4.053721427917480469e+00,4.964489936828613281e+00
2.419031677246093750e+02,5.000005245208740234e+00,5.000005245208740234e+00,5.608714580535888672e+00,5.871235370635986328e+00,2.860613822937011719e+00,1.404908657073974609e+00,4.896333217620849609e+00,1.255261659622192383e+00,2.766640663146972656e+00,9.441007375717163086e-01,6.126763343811035156e+00,5.313142776489257812e+00,5.000005245208740234e+00,4.529989242553710938e+00,9.206915855407714844e+00,5.805718421936035156e+00,7.290410995483398438e+00,4.049002647399902344e+00,4.963652610778808594e+00
2.424040069580078125e+02,5.000005245208740234e+00,5.000005245208740234e+00,5.210886955261230469e+00,5.288943767547607422e+00,2.736565351486206055e+00,1.437742710113525391e+00,4.900628089904785156e+00,1.270179152488708496e+00,2.771198749542236328e+00,9.472970962524414062e-01,6.130363464355468750e+00,5.314013957977294922e+00,5.000005245208740234e+00,4.862424373626708984e+00,8.799348831176757812e+00,5.790785789489746094e+00,7.290966510772705078e+00,4.044548034667968750e+00,4.962859153747558594e+00
2.429048461914062500e+02,5.000005245208740234e+00,5.000005245208740234e+00,5.077771186828613281e+00,5.104660987854003906e+00,2.634038686752319336e+00,1.475472688674926758e+00,4.898540496826171875e+00,1.283646225929260254e+00,2.775652647018432617e+00,9.495618343353271484e-01,6.133735179901123047e+00,5.314832687377929688e+00,5.000005245208740234e+00,4.951082229614257812e+00,8.500281333923339844e+00,5.772126197814941406e+00,7.292530536651611328e+00,4.040378570556640625e+00,4.962115287780761719e+00
2.434056701660156250e+02,5.000005245208740234e+00,5.000005245208740234e+00,5.028970241546630859e+00,5.038548469543457031e+00,2.567558050155639648e+00,1.528921246528625488e+00,4.896833896636962891e+00,1.301020622253417969e+00,2.780320644378662109e+00,9.521776437759399414e-01,6.136892318725585938e+00,5.315600872039794922e+00,5.000005245208740234e+00,4.981988430023193359e+00,8.376056671142578125e+00,5.755931854248046875e+00,7.295002460479736328e+00,4.036486148834228516e+00,4.961420059204101562e+00
2.439065093994140625e+02,5.000005245208740234e+00,5.000005245208740234e+00,5.010766029357910156e+00,5.014212131500244141e+00,2.496333599090576172e+00,1.611739635467529297e+00,4.896198749542236328e+00,1.322849035263061523e+00,2.784976243972778320e+00,9.548351168632507324e-01,6.139834880828857422e+00,5.316326141357421875e+00,5.000005245208740234e+00,4.993339061737060547e+00,8.312949180603027344e+00,5.742354869842529297e+00,7.297801971435546875e+00,4.032867908477783203e+00,4.960776805877685547e+00
2.444073486328125000e+02,5.000005245208740234e+00,5.000005245208740234e+00,5.007646560668945312e+00,5.010000705718994141e+00,1.468151330947875977e+00,6.870837211608886719e+00,5.104376316070556641e+00,2.177204370498657227e+00,1.373259902000427246e+00,7.584989666938781738e-01,6.155221462249755859e+00,5.326453208923339844e+00,5.000005245208740234e+00,4.995276927947998047e+00,8.799706459045410156e+00,5.611473083496093750e+00,8.181185722351074219e+00,4.039313316345214844e+00,4.966885566711425781e+00
2.449081878662109375e+02,5.000005245208740234e+00,5.000005245208740234e+00,5.002799034118652344e+00,5.003644466400146484e+00,9.303795099258422852e-01,6.809164047241210938e+00,4.777266025543212891e+00,1.312072873115539551e+00,2.317497491836547852e+00,8.118440508842468262e-01,6.134686946868896484e+00,5.322550296783447266e+00,5.000005245208740234e+00,4.998278141021728516e+00,9.257387161254882812e+00,5.841674327850341797e+00,7.541753292083740234e+00,4.056031227111816406e+00,4.965179443359375000e+00
2.454090118408203125e+02,5.000005245208740234e+00,5.000005245208740234e+00,5.000993251800537109e+00,5.001292705535888672e+00,8.490892648696899414e-01,6.799228668212890625e+00,4.679092884063720703e+00,1.335531711578369141e+00,2.658708333969116211e+00,9.160284996032714844e-01,6.117158412933349609e+00,5.316986560821533203e+00,5.000005245208740234e+00,4.999394416809082031e+00,9.301583290100097656e+00,5.875403881072998047e+00,7.352699279785156250e+00,4.069821834564208984e+00,4.965656757354736328e+00
2.459098510742187500e+02,5.000005245208740234e+00,5.000005245208740234e+00,5.000360965728759766e+00,5.000468730926513672e+00,8.572017550468444824e-01,6.870419502258300781e+00,4.515473365783691406e+00,1.515421032905578613e+00,2.776065587997436523e+00,9.415163993835449219e-01,6.107350826263427734e+00,5.312331676483154297e+00,5.000005245208740234e+00,4.999785900115966797e+00,9.254232406616210938e+00,5.978797435760498047e+00,7.293862819671630859e+00,4.076838493347167969e+00,4.966840744018554688e+00
2.464106903076171875e+02,5.000005245208740234e+00,5.000005245208740234e+00,5.000133991241455078e+00,5.000173091888427734e+00,8.751268982887268066e-01,6.944641113281250000e+00,4.213852405548095703e+00,1.783899188041687012e+00,2.817512273788452148e+00,9.486721754074096680e-01,6.104237556457519531e+00,5.309710025787353516e+00,5.000005245208740234e+00,4.999926090240478516e+00,9.189298629760742188e+00,6.168261528015136719e+00,7.277690887451171875e+00,4.077725410461425781e+00,4.967437267303466797e+00
2.469115142822265625e+02,5.000005245208740234e+00,5.000005245208740234e+00,5.000051498413085938e+00,5.000065803527832031e+00,8.995338678359985352e-01,7.011214256286621094e+00,3.802866697311401367e+00,2.156238079071044922e+00,2.833024501800537109e+00,9.505461454391479492e-01,6.105391502380371094e+00,5.308755397796630859e+00,5.000005245208740234e+00,4.999976634979248047e+00,9.121596336364746094e+00,6.390355587005615234e+00,7.275717735290527344e+00,4.074716567993164062e+00,4.967333793640136719e+00
2.474123535156250000e+02,5.000005245208740234e+00,5.000005245208740234e+00,5.000021934509277344e+00,5.000027179718017578e+00,9.392066597938537598e-01,7.067954063415527344e+00,3.380524158477783203e+00,2.613402128219604492e+00,2.839493989944458008e+00,9.503068327903747559e-01,6.108920574188232422e+00,5.308887958526611328e+00,5.000005245208740234e+00,4.999995231628417969e+00,9.050476074218750000e+00,6.580452442169189453e+00,7.278563976287841797e+00,4.069594383239746094e+00,4.966745376586914062e+00
2.479131927490234375e+02,5.000005245208740234e+00,5.000005245208740234e+00,5.000010967254638672e+00,5.000012874603271484e+00,9.967373609542846680e-01,7.110573291778564453e+00,3.052167892456054688e+00,3.097005605697631836e+00,2.842741966247558594e+00,9.493540525436401367e-01,6.113600730895996094e+00,5.309636116027832031e+00,5.000005245208740234e+00,5.000001907348632812e+00,8.971678733825683594e+00,6.702877998352050781e+00,7.282932281494140625e+00,4.063522815704345703e+00,4.965878963470458984e+00
2.484140167236328125e+02,5.000005245208740234e+00,5.000005245208740234e+00,5.000007629394531250e+00,5.000008106231689453e+00,1.069494366645812988e+00,7.136572837829589844e+00,2.868664026260375977e+00,3.549402952194213867e+00,2.844844102859497070e+00,9.483976364135742188e-01,6.118698120117187500e+00,5.310690402984619141e+00,5.000005245208740234e+00,5.000004291534423828e+00,8.884152412414550781e+00,6.754043102264404297e+00,7.287608623504638672e+00,4.057195663452148438e+00,4.964889049530029297e+00
2.489148559570312500e+02,5.000005245208740234e+00,5.000005245208740234e+00,5.000005722045898438e+00,5.000006198883056641e+00,1.163562178611755371e+00,7.150523185729980469e+00,2.824987649917602539e+00,3.944162368774414062e+00,2.846544265747070312e+00,9.476124048233032227e-01,6.123794555664062500e+00,5.311873912811279297e+00,5.000005245208740234e+00,5.000004768371582031e+00,8.787149429321289062e+00,6.744681835174560547e+00,7.292162418365478516e+00,4.051007270812988281e+00,4.963878154754638672e+00
2.494156951904296875e+02,5.000005245208740234e+00,5.000005245208740234e+00,5.000005722045898438e+00,5.000005722045898438e+00,1.308363318443298340e+00,7.163091659545898438e+00,2.888489484786987305e+00,4.278243541717529297e+00,2.848074913024902344e+00,9.468684792518615723e-01,6.128657341003417969e+00,5.313066005706787109e+00,5.000005245208740234e+00,5.000005245208740234e+00,8.670443534851074219e+00,6.689329147338867188e+00,7.296451568603515625e+00,4.045172214508056641e+00,4.962895870208740234e+00
2.499165344238281250e+02,5.000005245208740234e+00,5.000005245208740234e+00,5.000005245208740234e+00,5.000005245208740234e+00,1.569420099258422852e+00,7.184999942779541016e+00,3.016348838806152344e+00,4.551196575164794922e+00,2.849487304687500000e+00,9.459985494613647461e-01,6.133172035217285156e+00,5.314209461212158203e+00,5.000005245208740234e+00,5.000005245208740234e+00,8.506294250488281250e+00,6.605461597442626953e+00,7.300455570220947266e+00,4.039788246154785156e+00,4.961975097656250000e+00
2.504173583984375000e+02,5.000005245208740234e+00,5.000005245208740234e+00,5.000005245208740234e+00,5.000005245208740234e+00,2.054178237915039062e+00,7.223822116851806641e+00,3.169627904891967773e+00,4.758146286010742188e+00,2.850805044174194336e+00,9.449498653411865234e-01,6.137296676635742188e+00,5.315272331237792969e+00,5.000005245208740234e+00,5.000005245208740234e+00,8.233736991882324219e+00,6.510457515716552734e+00,7.304130077362060547e+00,4.034890174865722656e+00,4.961125850677490234e+00
2.509181976318359375e+02,5.000005245208740234e+00,5.000005245208740234e+00,5.000005245208740234e+00,5.000005245208740234e+00,2.876087903976440430e+00,7.281246185302734375e+00,3.342304706573486328e+00,4.899491786956787109e+00,2.852066278457641602e+00,9.437404274940490723e-01,6.141025543212890625e+00,5.316249370574951172e+00,5.000005245208740234e+00,5.000005245208740234e+00,7.736436367034912109e+00,6.406032085418701172e+00,7.307445526123046875e+00,4.030470371246337891e+00,4.960360050201416016e+00
2.514190368652343750e+02,5.000005245208740234e+00,5.000005245208740234e+00,5.000005245208740234e+00,5.000005245208740234e+00,4.046406269073486328e+00,7.354407787322998047e+00,3.591398954391479492e+00,5.008234977722167969e+00,2.853223323822021484e+00,9.422090053558349609e-01,6.144370555877685547e+00,5.317129611968994141e+00,5.000005245208740234e+00,5.000005245208740234e+00,6.824073791503906250e+00,6.259246826171875000e+00,7.310440063476562500e+00,4.026512145996093750e+00,4.959670066833496094e+00
2.519198608398437500e+02,5.000005245208740234e+00,5.000005245208740234e+00,5.000005245208740234e+00,5.000005245208740234e+00,5.378804206848144531e+00,7.430286407470703125e+00,4.029255867004394531e+00,5.175236701965332031e+00,2.854165554046630859e+00,9.398057460784912109e-01,6.147354602813720703e+00,5.317915916442871094e+00,5.000005245208740234e+00,5.000005245208740234e+00,5.359577178955078125e+00,5.994308948516845703e+00,7.313236236572265625e+00,4.022980690002441406e+00,4.959051132202148438e+00
2.524207000732421875e+02,5.000005245208740234e+00,5.000005245208740234e+00,5.000005245208740234e+00,5.000005245208740234e+00,6.388062477111816406e+00,7.443159580230712891e+00,4.716889381408691406e+00,5.500336647033691406e+00,2.854768514633178711e+00,9.362269043922424316e-01,6.150008201599121094e+00,5.318622112274169922e+00,5.000005245208740234e+00,5.000005245208740234e+00,3.975402593612670898e+00,5.520881175994873047e+00,7.315955638885498047e+00,4.019841194152832031e+00,4.958503246307373047e+00
2.529215393066406250e+02,5.000005245208740234e+00,5.000005245208740234e+00,5.000005245208740234e+00,5.000005245208740234e+00,6.145465850830078125e+00,6.981427669525146484e+00,5.557100772857666016e+00,6.000814437866210938e+00,2.855076074600219727e+00,9.324452877044677734e-01,6.152364730834960938e+00,5.319247245788574219e+00,5.000005245208740234e+00,5.000005245208740234e+00,4.060435295104980469e+00,4.788969039916992188e+00,7.318442344665527344e+00,4.017051696777343750e+00,4.958014488220214844e+00
2.534223632812500000e+02,5.000005245208740234e+00,5.000005245208740234e+00,5.000005245208740234e+00,5.000005245208740234e+00,5.399641513824462891e+00,5.924154281616210938e+00,6.353286266326904297e+00,6.575713157653808594e+00,2.855381250381469727e+00,9.299033284187316895e-01,6.154458045959472656e+00,5.319800376892089844e+00,5.000005245208740234e+00,5.000005245208740234e+00,4.704330921173095703e+00,3.891767024993896484e+00,7.320365428924560547e+00,4.014573097229003906e+00,4.957577705383300781e+00
2.539232025146484375e+02,5.000005245208740234e+00,5.000005245208740234e+00,5.000005245208740234e+00,5.000005245208740234e+00,5.131305217742919922e+00,5.327577114105224609e+00,6.599925994873046875e+00,6.760293960571289062e+00,2.855882883071899414e+00,9.290047883987426758e-01,6.156316757202148438e+00,5.320297718048095703e+00,5.000005245208740234e+00,5.000005245208740234e+00,4.914326667785644531e+00,3.586687564849853516e+00,7.321603775024414062e+00,4.012371063232421875e+00,4.957192897796630859e+00
2.544240417480468750e+02,5.000005245208740234e+00,5.000005245208740234e+00,5.000005245208740234e+00,5.000005245208740234e+00,5.044198036193847656e+00,5.111582756042480469e+00,5.922003746032714844e+00,6.069865703582763672e+00,2.856523752212524414e+00,9.292492866516113281e-01,6.157967567443847656e+00,5.320738315582275391e+00,5.000005245208740234e+00,5.000005245208740234e+00,4.972259521484375000e+00,4.292835712432861328e+00,7.322263240814208984e+00,4.010414600372314453e+00,4.956848144531250000e+00
2.549248809814453125e+02,5.000005245208740234e+00,5.000005245208740234e+00,5.000005245208740234e+00,5.000005245208740234e+00,5.015356540679931641e+00,5.038188934326171875e+00,5.372118949890136719e+00,5.445544242858886719e+00,2.857143640518188477e+00,9.299020171165466309e-01,6.159428119659423828e+00,5.321127414703369141e+00,5.000005245208740234e+00,5.000005245208740234e+00,4.990469932556152344e+00,4.751423835754394531e+00,7.322526454925537109e+00,4.008680343627929688e+00,4.956542491912841797e+00
2.554257049560546875e+02,5.000005245208740234e+00,5.000005245208740234e+00,5.000005245208740234e+00,5.000005245208740234e+00,5.005442142486572266e+00,5.013182640075683594e+00,5.145771026611328125e+00,5.175271987915039062e+00,2.857663393020629883e+00,9.306250214576721191e-01,6.160722732543945312e+00,5.321471214294433594e+00,5.000005245208740234e+00,5.000005245208740234e+00,4.996639251708984375e+00,4.908676147460937500e+00,7.322474002838134766e+00,4.007144927978515625e+00,4.956267833709716797e+00
2.559265441894531250e+02,5.000005245208740234e+00,5.000005245208740234e+00,5.000005245208740234e+00,5.000005245208740234e+00,5.001939296722412109e+00,5.004564762115478516e+00,5.056950092315673828e+00,5.068405151367187500e+00,2.858068227767944336e+00,9.313390254974365234e-01,6.161870479583740234e+00,5.321780204772949219e+00,5.000005245208740234e+00,5.000005245208740234e+00,4.998808860778808594e+00,4.965140342712402344e+00,7.322135448455810547e+00,4.005783557891845703e+00,4.956030368804931641e+00
2.564273681640625000e+02,5.000005245208740234e+00,5.000005245208740234e+00,5.000005245208740234e+00,5.000005245208740234e+00,5.005599021911621094e+00,5.007483959197998047e+00,8.097735404968261719e+00,1.124760031700134277e+00,1.848390698432922363e+00,8.964967131614685059e-01,6.165612697601318359e+00,5.323469161987304688e+00,5.000005245208740234e+00,5.000005245208740234e+00,4.996545791625976562e+00,2.417237043380737305e+00,7.659019947052001953e+00,4.007071018218994141e+00,4.957088470458984375e+00
2.569282226562500000e+02,5.000005245208740234e+00,5.000005245208740234e+00,5.000005245208740234e+00,5.000005245208740234e+00,5.001729488372802734e+00,5.002346515655517578e+00,7.605780124664306641e+00,1.382787108421325684e+00,2.181379318237304688e+00,9.065967798233032227e-01,6.163724422454833984e+00,5.323996067047119141e+00,5.000005245208740234e+00,5.000005245208740234e+00,4.998939037322998047e+00,4.843872070312500000e+00,7.648507118225097656e+00,4.008292675018310547e+00,4.957224369049072266e+00
2.574290466308593750e+02,5.000005245208740234e+00,5.000005245208740234e+00,5.000005245208740234e+00,5.000005245208740234e+00,5.000677585601806641e+00,5.000923156738281250e+00,5.864500522613525391e+00,1.326347231864929199e+00,2.422332525253295898e+00,9.233832955360412598e-01,6.160889625549316406e+00,5.323356628417968750e+00,5.000005245208740234e+00,5.000005245208740234e+00,4.999589920043945312e+00,4.896184921264648438e+00,7.510536193847656250e+00,4.011076927185058594e+00,4.957221984863281250e+00
2.579298706054687500e+02,5.000005245208740234e+00,5.000005245208740234e+00,5.000005245208740234e+00,5.000005245208740234e+00,5.000298976898193359e+00,5.000398159027099609e+00,5.659211635589599609e+00,1.300814867019653320e+00,2.558393239974975586e+00,9.354742169380187988e-01,6.158221244812011719e+00,5.322497844696044922e+00,5.000005245208740234e+00,5.000005245208740234e+00,4.999823570251464844e+00,5.276190757751464844e+00,7.405122280120849609e+00,4.013590812683105469e+00,4.957416534423828125e+00
2.584307250976562500e+02,5.000005245208740234e+00,5.000005245208740234e+00,5.000005245208740234e+00,5.000005245208740234e+00,5.000123023986816406e+00,5.000160694122314453e+00,5.545704364776611328e+00,1.289718627929687500e+00,2.641119718551635742e+00,9.416381716728210449e-01,6.156189441680908203e+00,5.321689605712890625e+00,5.000005245208740234e+00,5.000005245208740234e+00,4.999932765960693359e+00,5.380145549774169922e+00,7.358594417572021484e+00,4.015169620513916016e+00,4.957587242126464844e+00
2.589315490722656250e+02,5.000005245208740234e+00,5.000005245208740234e+00,5.000005245208740234e+00,5.000005245208740234e+00,5.000050067901611328e+00,5.000063419342041016e+00,5.467812061309814453e+00,1.285243153572082520e+00,2.696046113967895508e+00,9.446964859962463379e-01,6.155050277709960938e+00,5.321101188659667969e+00,5.000005245208740234e+00,5.000005245208740234e+00,4.999978065490722656e+00,5.377460956573486328e+00,7.342214584350585938e+00,4.015880584716796875e+00,4.957684993743896484e+00
2.594323730468750000e+02,5.000005245208740234e+00,5.000005245208740234e+00,5.000005245208740234e+00,5.000005245208740234e+00,5.000021457672119141e+00,5.000026702880859375e+00,5.413155555725097656e+00,1.283379197120666504e+00,2.734428405761718750e+00,9.463500976562500000e-01,6.154647350311279297e+00,5.320739746093750000e+00,5.000005245208740234e+00,5.000005245208740234e+00,4.999995231628417969e+00,5.347390174865722656e+00,7.336060047149658203e+00,4.015864849090576172e+00,4.957687854766845703e+00
2.599332275390625000e+02,5.000005245208740234e+00,5.000005245208740234e+00,5.000005245208740234e+00,5.000005245208740234e+00,5.000010967254638672e+00,5.000012874603271484e+00,5.387661933898925781e+00,1.282628178596496582e+00,2.762035846710205078e+00,9.473997354507446289e-01,6.154796600341796875e+00,5.320578575134277344e+00,5.000005245208740234e+00,5.000005245208740234e+00,5.000001907348632812e+00,5.330994129180908203e+00,7.331843376159667969e+00,4.015302658081054688e+00,4.957609176635742188e+00
2.604340515136718750e+02,5.000005245208740234e+00,5.000005245208740234e+00,5.000005245208740234e+00,5.000005245208740234e+00,5.000007629394531250e+00,5.000008106231689453e+00,5.386797428131103516e+00,1.282821178436279297e+00,2.782644510269165039e+00,9.482322931289672852e-01,6.155338764190673828e+00,5.320553302764892578e+00,5.000005245208740234e+00,5.000005245208740234e+00,5.000004291534423828e+00,5.335659503936767578e+00,7.328207969665527344e+00,4.014365196228027344e+00,4.957459926605224609e+00
2.609349060058593750e+02,5.000005245208740234e+00,5.000005245208740234e+00,5.000005245208740234e+00,5.000005245208740234e+00,5.000005722045898438e+00,5.000006198883056641e+00,5.388199329376220703e+00,1.284952402114868164e+00,2.798703193664550781e+00,9.491084814071655273e-01,6.156139373779296875e+00,5.320644378662109375e+00,5.000005245208740234e+00,5.000005245208740234e+00,5.000004768371582031e+00,5.341159343719482422e+00,7.325617313385009766e+00,4.013193130493164062e+00,4.957277297973632812e+00
2.614357299804687500e+02,5.000005245208740234e+00,5.000005245208740234e+00,5.000005245208740234e+00,5.000005245208740234e+00,5.000005722045898438e+00,5.000005722045898438e+00,5.383343696594238281e+00,1.292402625083923340e+00,2.811461925506591797e+00,9.503355622291564941e-01,6.157093048095703125e+00,5.320800304412841797e+00,5.000005245208740234e+00,5.000005245208740234e+00,5.000005245208740234e+00,5.340892314910888672e+00,7.323749065399169922e+00,4.011893272399902344e+00,4.957055568695068359e+00
2.619365539550781250e+02,5.000005245208740234e+00,5.000005245208740234e+00,5.000005245208740234e+00,5.000005245208740234e+00,5.000005245208740234e+00,5.000005245208740234e+00,5.371935367584228516e+00,1.313962936401367188e+00,2.821729898452758789e+00,9.523452520370483398e-01,6.158128261566162109e+00,5.321002006530761719e+00,5.000005245208740234e+00,5.000005245208740234e+00,5.000005245208740234e+00,5.340044498443603516e+00,7.322375297546386719e+00,4.010540962219238281e+00,4.956830501556396484e+00
2.624374084472656250e+02,5.000005245208740234e+00,5.000005245208740234e+00,5.000005245208740234e+00,5.000005245208740234e+00,5.000005245208740234e+00,5.000005245208740234e+00,5.342568397521972656e+00,1.372091531753540039e+00,2.830118656158447266e+00,9.556220769882202148e-01,6.159186840057373047e+00,5.321237564086914062e+00,5.000005245208740234e+00,5.000005245208740234e+00,5.000005245208740234e+00,5.352839469909667969e+00,7.321360588073730469e+00,4.009192943572998047e+00,4.956604480743408203e+00
2.629382324218750000e+02,5.000005245208740234e+00,5.000005245208740234e+00,5.000005245208740234e+00,5.000005245208740234e+00,5.000005245208740234e+00,5.000005245208740234e+00,5.206243515014648438e+00,1.525238513946533203e+00,2.837095737457275391e+00,9.594804048538208008e-01,6.160230636596679688e+00,5.321468830108642578e+00,5.000005245208740234e+00,5.000005245208740234e+00,5.000005245208740234e+00,5.469378471374511719e+00,7.320587635040283203e+00,4.007883071899414062e+00,4.956376075744628906e+00
2.634390563964843750e+02,5.000005245208740234e+00,5.000005245208740234e+00,5.000005245208740234e+00,5.000005245208740234e+00,5.000005245208740234e+00,5.000005245208740234e+00,4.799011230468750000e+00,1.886846184730529785e+00,2.842896938323974609e+00,9.624369740486145020e-01,6.161232471466064453e+00,5.321705341339111328e+00,5.000005245208740234e+00,5.000005245208740234e+00,5.000005245208740234e+00,5.786177158355712891e+00,7.320153713226318359e+00,4.006642818450927734e+00,4.956164360046386719e+00
2.639399108886718750e+02,5.000005245208740234e+00,5.000005245208740234e+00,5.000005245208740234e+00,5.000005245208740234e+00,5.000005245208740234e+00,5.000005245208740234e+00,4.253023147583007812e+00,2.615583658218383789e+00,2.847303390502929688e+00,9.653954505920410156e-01,6.162178039550781250e+00,5.321939945220947266e+00,5.000005245208740234e+00,5.000005245208740234e+00,5.000005245208740234e+00,6.089853763580322266e+00,7.320322513580322266e+00,4.005484104156494141e+00,4.955970287322998047e+00
2.644407348632812500e+02,5.000005245208740234e+00,5.000005245208740234e+00,5.000005245208740234e+00,5.000005245208740234e+00,5.000005245208740234e+00,5.000005245208740234e+00,4.362279891967773438e+00,3.869303226470947266e+00,2.851352930068969727e+00,9.661285877227783203e-01,6.163053989410400391e+00,5.322152137756347656e+00,5.000005245208740234e+00,5.000005245208740234e+00,5.000005245208740234e+00,5.887486457824707031e+00,7.320316314697265625e+00,4.004414558410644531e+00,4.955778598785400391e+00
2.649415588378906250e+02,5.000005245208740234e+00,5.000005245208740234e+00,5.000005245208740234e+00,5.000005245208740234e+00,5.000005245208740234e+00,5.000005245208740234e+00,5.462894439697265625e+00,5.381269931793212891e+00,2.853852748870849609e+00,9.534307122230529785e-01,6.163847446441650391e+00,5.322347640991210938e+00,5.000005245208740234e+00,5.000005245208740234e+00,5.000005245208740234e+00,4.922894001007080078e+00,7.320975303649902344e+00,4.003455162048339844e+00,4.955616950988769531e+00
2.654424133300781250e+02,5.000005245208740234e+00,5.000005245208740234e+00,5.000005245208740234e+00,5.000005245208740234e+00,5.000005245208740234e+00,5.000005245208740234e+00,6.608924388885498047e+00,6.580557346343994141e+00,2.853156805038452148e+00,9.365118741989135742e-01,6.164567470550537109e+00,5.322531700134277344e+00,5.000005245208740234e+00,5.000005245208740234e+00,5.000005245208740234e+00,3.647243022918701172e+00,7.322800159454345703e+00,4.002592086791992188e+00,4.955475330352783203e+00
2.659432373046875000e+02,5.000005245208740234e+00,5.000005245208740234e+00,5.000005245208740234e+00,5.000005245208740234e+00,5.000005245208740234e+00,5.000005245208740234e+00,6.926725864410400391e+00,6.989598274230957031e+00,2.852872848510742188e+00,9.281694293022155762e-01,6.165224075317382812e+00,5.322693347930908203e+00,5.000005245208740234e+00,5.000005245208740234e+00,5.000005245208740234e+00,3.226276159286499023e+00,7.322566509246826172e+00,4.001802444458007812e+00,4.955336093902587891e+00
2.664440612792968750e+02,5.000005245208740234e+00,5.000005245208740234e+00,5.000005245208740234e+00,5.000005245208740234e+00,5.000005245208740234e+00,5.000005245208740234e+00,6.006922245025634766e+00,6.126289844512939453e+00,2.854034662246704102e+00,9.285311102867126465e-01,6.165823459625244141e+00,5.322849750518798828e+00,5.000005245208740234e+00,5.000005245208740234e+00,5.000005245208740234e+00,4.207018852233886719e+00,7.319943428039550781e+00,4.001084327697753906e+00,4.955209255218505859e+00
2.669449157714843750e+02,5.000005245208740234e+00,5.000005245208740234e+00,5.000005245208740234e+00,5.000005245208740234e+00,5.000005245208740234e+00,5.000005245208740234e+00,5.350473880767822266e+00,5.404417514801025391e+00,2.855383634567260742e+00,9.315029382705688477e-01,6.166365623474121094e+00,5.322997093200683594e+00,5.000005245208740234e+00,5.000005245208740234e+00,5.000005245208740234e+00,4.762107372283935547e+00,7.316477298736572266e+00,4.000436305999755859e+00,4.955100059509277344e+00
2.674457397460937500e+02,5.000005245208740234e+00,5.000005245208740234e+00,5.000005245208740234e+00,5.000005245208740234e+00,5.000005245208740234e+00,5.000005245208740234e+00,5.121894836425781250e+00,5.140956878662109375e+00,2.856332540512084961e+00,9.343966245651245117e-01,6.166849613189697266e+00,5.323120594024658203e+00,5.000005245208740234e+00,5.000005245208740234e+00,5.000005245208740234e+00,4.922276973724365234e+00,7.312731742858886719e+00,3.999857664108276367e+00,4.954993247985839844e+00
2.679465637207031250e+02,5.000005245208740234e+00,5.000005245208740234e+00,5.000005245208740234e+00,5.000005245208740234e+00,5.000005245208740234e+00,5.000005245208740234e+00,5.042777061462402344e+00,5.049496173858642578e+00,2.856845617294311523e+00,9.368824362754821777e-01,6.167281627655029297e+00,5.323233127593994141e+00,5.000005245208740234e+00,5.000005245208740234e+00,5.000005245208740234e+00,4.973287582397460938e+00,7.308763504028320312e+00,3.999340772628784180e+00,4.954903125762939453e+00
2.684474182128906250e+02,5.000005245208740234e+00,5.000005245208740234e+00,5.000005245208740234e+00,5.000005245208740234e+00,5.000005245208740234e+00,5.000005245208740234e+00,5.015019416809082031e+00,5.017382144927978516e+00,2.856947660446166992e+00,9.389854669570922852e-01,6.167668819427490234e+00,5.323340892791748047e+00,5.000005245208740234e+00,5.000005245208740234e+00,5.000005245208740234e+00,4.990691661834716797e+00,7.304515361785888672e+00,3.998880386352539062e+00,4.954825401306152344e+00
2.689482421875000000e+02,5.000005245208740234e+00,5.000005245208740234e+00,5.000005245208740234e+00,5.000005245208740234e+00,5.000005245208740234e+00,5.000005245208740234e+00,5.005258083343505859e+00,5.006085395812988281e+00,2.856647014617919922e+00,9.407446980476379395e-01,6.168011188507080078e+00,5.323425292968750000e+00,5.000005245208740234e+00,5.000005245208740234e+00,5.000005245208740234e+00,4.996754169464111328e+00,7.299883365631103516e+00,3.998469352722167969e+00,4.954751491546630859e+00
2.694490966796875000e+02,5.000005245208740234e+00,5.000005245208740234e+00,5.000005245208740234e+00,5.000005245208740234e+00,5.000005245208740234e+00,5.000005245208740234e+00,5.001836299896240234e+00,5.002124309539794922e+00,2.855977773666381836e+00,9.422240853309631348e-01,6.168317794799804688e+00,5.323512554168701172e+00,5.000005245208740234e+00,5.000005245208740234e+00,5.000005245208740234e+00,4.998873233795166016e+00,7.294842243194580078e+00,3.998106479644775391e+00,4.954690933227539062e+00
2.699499206542968750e+02,5.000005245208740234e+00,5.000005245208740234e+00,5.000005245208740234e+00,5.000005245208740234e+00,5.000005245208740234e+00,5.000005245208740234e+00,5.000641345977783203e+00,5.000740528106689453e+00,2.854936361312866211e+00,9.434514641761779785e-01,6.168589115142822266e+00,5.323578357696533203e+00,5.000005245208740234e+00,5.000005245208740234e+00,5.000005245208740234e+00,4.999611854553222656e+00,7.289276599884033203e+00,3.997783660888671875e+00,4.954630851745605469e+00
2.704507446289062500e+02,5.000005245208740234e+00,5.000005245208740234e+00,5.000005245208740234e+00,5.000005245208740234e+00,5.000005245208740234e+00,5.000005245208740234e+00,5.000225543975830078e+00,5.000259876251220703e+00,2.853541135787963867e+00,9.444912075996398926e-01,6.168828487396240234e+00,5.323641300201416016e+00,5.000005245208740234e+00,5.000005245208740234e+00,5.000005245208740234e+00,4.999869346618652344e+00,7.283153057098388672e+00,3.997497320175170898e+00,4.954580783843994141e+00
2.709515991210937500e+02,5.000005245208740234e+00,5.000005245208740234e+00,5.000005245208740234e+00,5.000005245208740234e+00,5.000005245208740234e+00,5.000005245208740234e+00,5.000081539154052734e+00,5.000093460083007812e+00,2.851794242858886719e+00,9.453506469726562500e-01,6.169042110443115234e+00,5.323704242706298828e+00,5.000005245208740234e+00,5.000005245208740234e+00,5.000005245208740234e+00,4.999958038330078125e+00,7.276408672332763672e+00,3.997246026992797852e+00,4.954540729522705078e+00
2.714524230957031250e+02,5.000005245208740234e+00,5.000005245208740234e+00,5.000005245208740234e+00,5.000005245208740234e+00,5.000005245208740234e+00,5.000005245208740234e+00,5.000031471252441406e+00,5.000035762786865234e+00,2.849681138992309570e+00,9.460806250572204590e-01,6.169229507446289062e+00,5.323749542236328125e+00,5.000005245208740234e+00,5.000005245208740234e+00,5.000005245208740234e+00,4.999989032745361328e+00,7.268945217132568359e+00,3.997020721435546875e+00,4.954495429992675781e+00
2.719532470703125000e+02,5.000005245208740234e+00,5.000005245208740234e+00,5.000005245208740234e+00,5.000005245208740234e+00,5.000005245208740234e+00,5.000005245208740234e+00,5.000014305114746094e+00,5.000015735626220703e+00,2.847215175628662109e+00,9.466916322708129883e-01,6.169396400451660156e+00,5.323793888092041016e+00,5.000005245208740234e+00,5.000005245208740234e+00,5.000005245208740234e+00,4.999999523162841797e+00,7.260739803314208984e+00,3.996821880340576172e+00,4.954461574554443359e+00
2.724541015625000000e+02,5.000005245208740234e+00,5.000005245208740234e+00,5.000005245208740234e+00,5.000005245208740234e+00,5.000005245208740234e+00,5.000005245208740234e+00,5.000008583068847656e+00,5.000008583068847656e+00,2.844391345977783203e+00,9.472128748893737793e-01,6.169544219970703125e+00,5.323837757110595703e+00,5.000005245208740234e+00,5.000005245208740234e+00,5.000005245208740234e+00,5.000002861022949219e+00,7.251752853393554688e+00,3.996647357940673828e+00,4.954436779022216797e+00
2.729549255371093750e+02,5.000005245208740234e+00,5.000005245208740234e+00,5.000005245208740234e+00,5.000005245208740234e+00,5.000005245208740234e+00,5.000005245208740234e+00,5.000006198883056641e+00,5.000006198883056641e+00,2.841198921203613281e+00,9.476521015167236328e-01,6.169674396514892578e+00,5.323867321014404297e+00,5.000005245208740234e+00,5.000005245208740234e+00,5.000005245208740234e+00,5.000004768371582031e+00,7.241913318634033203e+00,3.996492862701416016e+00,4.954403400421142578e+00
2.734557495117187500e+02,5.000005245208740234e+00,5.000005245208740234e+00,5.000005245208740234e+00,5.000005245208740234e+00,5.000005245208740234e+00,5.000005245208740234e+00,5.000005722045898438e+00,5.000005722045898438e+00,2.837651729583740234e+00,9.480273127555847168e-01,6.169788837432861328e+00,5.323897838592529297e+00,5.000005245208740234e+00,5.000005245208740234e+00,5.000005245208740234e+00,5.000005245208740234e+00,7.231246471405029297e+00,3.996356725692749023e+00,4.954379558563232422e+00
2.739566040039062500e+02,5.000005245208740234e+00,5.000005245208740234e+00,5.000005245208740234e+00,5.000005245208740234e+00,5.000005245208740234e+00,5.000005245208740234e+00,5.000005245208740234e+00,5.000005245208740234e+00,2.833761692047119141e+00,9.483417868614196777e-01,6.169892311096191406e+00,5.323930740356445312e+00,5.000005245208740234e+00,5.000005245208740234e+00,5.000005245208740234e+00,5.000005245208740234e+00,7.219754219055175781e+00,3.996234893798828125e+00,4.954363822937011719e+00
2.744574279785156250e+02,5.000005245208740234e+00,5.000005245208740234e+00,5.000005245208740234e+00,5.000005245208740234e+00,5.000005245208740234e+00,5.000005245208740234e+00,5.000005245208740234e+00,5.000005245208740234e+00,2.829528570175170898e+00,9.486340880393981934e-01,6.169980525970458984e+00,5.323948383331298828e+00,5.000005245208740234e+00,5.000005245208740234e+00,5.000005245208740234e+00,5.000005245208740234e+00,7.207429409027099609e+00,3.996127605438232422e+00,4.954340934753417969e+00
2.749582519531250000e+02,5.000005245208740234e+00,5.000005245208740234e+00,5.000005245208740234e+00,5.000005245208740234e+00,5.000005245208740234e+00,5.000005245208740234e+00,5.000005245208740234e+00,5.000005245208740234e+00,2.824980735778808594e+00,9.489189386367797852e-01,6.170061588287353516e+00,5.323969364166259766e+00,5.000005245208740234e+00,5.000005245208740234e+00,5.000005245208740234e+00,5.000005245208740234e+00,7.194376945495605469e+00,3.996032953262329102e+00,4.954324722290039062e+00
2.754591064453125000e+02,5.000005245208740234e+00,5.000005245208740234e+00,5.000005245208740234e+00,5.000005245208740234e+00,5.000005245208740234e+00,5.000005245208740234e+00,5.000005245208740234e+00,5.000005245208740234e+00,2.820135831832885742e+00,9.492201805114746094e-01,6.170130729675292969e+00,5.323993682861328125e+00,5.000005245208740234e+00,5.000005245208740234e+00,5.000005245208740234e+00,5.000005245208740234e+00,7.180685043334960938e+00,3.995949506759643555e+00,4.954315185546875000e+00
2.759599304199218750e+02,5.000005245208740234e+00,5.000005245208740234e+00,5.000005245208740234e+00,5.000005245208740234e+00,5.000005245208740234e+00,5.000005245208740234e+00,5.000005245208740234e+00,5.000005245208740234e+00,2.814991712570190430e+00,9.496020078659057617e-01,6.170192241668701172e+00,5.324005126953125000e+00,5.000005245208740234e+00,5.000005245208740234e+00,5.000005245208740234e+00,5.000005245208740234e+00,7.166445255279541016e+00,3.995877265930175781e+00,4.954297542572021484e+00
2.764607543945312500e+02,5.000005245208740234e+00,5.000005245208740234e+00,5.000005245208740234e+00,5.000005245208740234e+00,5.000005245208740234e+00,5.000005245208740234e+00,5.000005245208740234e+00,5.000005245208740234e+00,2.809556961059570312e+00,9.501287341117858887e-01,6.170247077941894531e+00,5.324020385742187500e+00,5.000005245208740234e+00,5.000005245208740234e+00,5.000005245208740234e+00,5.000005245208740234e+00,7.151848793029785156e+00,3.995811223983764648e+00,4.954286098480224609e+00
2.769616088867187500e+02,5.000005245208740234e+00,5.000005245208740234e+00,5.000005245208740234e+00,5.000005245208740234e+00,5.000005245208740234e+00,5.000005245208740234e+00,5.000005245208740234e+00,5.000005245208740234e+00,2.803794145584106445e+00,9.509167075157165527e-01,6.170294761657714844e+00,5.324038505554199219e+00,5.000005245208740234e+00,5.000005245208740234e+00,5.000005245208740234e+00,5.000005245208740234e+00,7.137080192565917969e+00,3.995754957199096680e+00,4.954281330108642578e+00
2.774624328613281250e+02,5.000005245208740234e+00,5.000005245208740234e+00,5.000005245208740234e+00,5.000005245208740234e+00,5.000005245208740234e+00,5.000005245208740234e+00,5.000005245208740234e+00,5.000005245208740234e+00,2.797597169876098633e+00,9.522133469581604004e-01,6.170335769653320312e+00,5.324045181274414062e+00,5.000005245208740234e+00,5.000005245208740234e+00,5.000005245208740234e+00,5.000005245208740234e+00,7.122319698333740234e+00,3.995703935623168945e+00,4.954268455505371094e+00
2.779632873535156250e+02,5.000005245208740234e+00,5.000005245208740234e+00,5.000005245208740234e+00,5.000005245208740234e+00,5.000005245208740234e+00,5.000005245208740234e+00,5.000005245208740234e+00,5.000005245208740234e+00,2.790799379348754883e+00,9.541714787483215332e-01,6.170373916625976562e+00,5.324060916900634766e+00,5.000005245208740234e+00,5.000005245208740234e+00,5.000005245208740234e+00,5.000005245208740234e+00,7.107851028442382812e+00,3.995660781860351562e+00,4.954265117645263672e+00
2.784641113281250000e+02,5.000005245208740234e+00,5.000005245208740234e+00,5.000005245208740234e+00,5.000005245208740234e+00,5.000005245208740234e+00,5.000005245208740234e+00,5.000005245208740234e+00,5.000005245208740234e+00,2.783104658126831055e+00,9.572177529335021973e-01,6.170407295227050781e+00,5.324064731597900391e+00,5.000005245208740234e+00,5.000005245208740234e+00,5.000005245208740234e+00,5.000005245208740234e+00,7.093883037567138672e+00,3.995620012283325195e+00,4.954254150390625000e+00
2.789649353027343750e+02,5.000005245208740234e+00,5.000005245208740234e+00,5.000005245208740234e+00,5.000005245208740234e+00,5.000005245208740234e+00,5.000005245208740234e+00,5.000005245208740234e+00,5.000005245208740234e+00,2.774091243743896484e+00,9.617276787757873535e-01,6.170436859130859375e+00,5.324072837829589844e+00,5.000005245208740234e+00,5.000005245208740234e+00,5.000005245208740234e+00,5.000005245208740234e+00,7.080729961395263672e+00,3.995584487915039062e+00,4.954247474670410156e+00
2.794657897949218750e+02,5.000005245208740234e+00,5.000005245208740234e+00,5.000005245208740234e+00,5.000005245208740234e+00,5.000005245208740234e+00,5.000005245208740234e+00,5.000005245208740234e+00,5.000005245208740234e+00,2.763140678405761719e+00,9.683148860931396484e-01,6.170464038848876953e+00,5.324084758758544922e+00,5.000005245208740234e+00,5.000005245208740234e+00,5.000005245208740234e+00,5.000005245208740234e+00,7.068686008453369141e+00,3.995554685592651367e+00,4.954247474670410156e+00
2.799666137695312500e+02,5.000005245208740234e+00,5.000005245208740234e+00,5.000005245208740234e+00,5.000005245208740234e+00,5.000005245208740234e+00,5.000005245208740234e+00,5.000005245208740234e+00,5.000005245208740234e+00,2.749399900436401367e+00,9.776775240898132324e-01,6.170485496520996094e+00,5.324086189270019531e+00,5.000005245208740234e+00,5.000005245208740234e+00,5.000005245208740234e+00,5.000005245208740234e+00,7.058049678802490234e+00,3.995528221130371094e+00,4.954238891601562500e+00
2.804674377441406250e+02,5.000005245208740234e+00,5.000005245208740234e+00,5.000005245208740234e+00,5.000005245208740234e+00,5.000005245208740234e+00,5.000005245208740234e+00,5.000005245208740234e+00,5.000005245208740234e+00,2.731743812561035156e+00,9.905732870101928711e-01,6.170506000518798828e+00,5.324091911315917969e+00,5.000005245208740234e+00,5.000005245208740234e+00,5.000005245208740234e+00,5.000005245208740234e+00,7.049214363098144531e+00,3.995503664016723633e+00,4.954233169555664062e+00
2.809682922363281250e+02,5.000005245208740234e+00,5.000005245208740234e+00,5.000005245208740234e+00,5.000005245208740234e+00,5.000005245208740234e+00,5.000005245208740234e+00,5.000005245208740234e+00,5.000005245208740234e+00,2.708735466003417969e+00,1.008212447166442871e+00,6.170523643493652344e+00,5.324103832244873047e+00,5.000005245208740234e+00,5.000005245208740234e+00,5.000005245208740234e+00,5.000005245208740234e+00,7.042564868927001953e+00,3.995483160018920898e+00,4.954233169555664062e+00
2.814691162109375000e+02,5.000005245208740234e+00,5.000005245208740234e+00,5.000005245208740234e+00,5.000005245208740234e+00,5.000005245208740234e+00,5.000005245208740234e+00,5.000005245208740234e+00,5.000005245208740234e+00,2.678436279296875000e+00,1.031936883926391602e+00,6.170539379119873047e+00,5.324101448059082031e+00,5.000005245208740234e+00,5.000005245208740234e+00,5.000005245208740234e+00,5.000005245208740234e+00,7.038604259490966797e+00,3.995463609695434570e+00,4.954226970672607422e+00
2.819699401855468750e+02,5.000005245208740234e+00,5.000005245208740234e+00,5.000005245208740234e+00,5.000005245208740234e+00,5.000005245208740234e+00,5.000005245208740234e+00,5.000005245208740234e+00,5.000005245208740234e+00,2.638468742370605469e+00,1.063200116157531738e+00,6.170552253723144531e+00,5.324107646942138672e+00,5.000005245208740234e+00,5.000005245208740234e+00,5.000005245208740234e+00,5.000005245208740234e+00,7.037937164306640625e+00,3.995447397232055664e+00,4.954223155975341797e+00
2.824707946777343750e+02,5.000005245208740234e+00,5.000005245208740234e+00,5.000005245208740234e+00,5.000005245208740234e+00,5.000005245208740234e+00,5.000005245208740234e+00,5.000005245208740234e+00,5.000005245208740234e+00,2.585856199264526367e+00,1.104300141334533691e+00,6.170565605163574219e+00,5.324115276336669922e+00,5.000005245208740234e+00,5.000005245208740234e+00,5.000005245208740234e+00,5.000005245208740234e+00,7.041264057159423828e+00,3.995432853698730469e+00,4.954226016998291016e+00
2.829716186523437500e+02,5.000005245208740234e+00,5.000005245208740234e+00,5.000005245208740234e+00,5.000005245208740234e+00,5.000005245208740234e+00,5.000005245208740234e+00,5.000005245208740234e+00,5.000005245208740234e+00,2.516981124877929688e+00,1.157558441162109375e+00,6.170577526092529297e+00,5.324112892150878906e+00,5.000005245208740234e+00,5.000005245208740234e+00,5.000005245208740234e+00,5.000005245208740234e+00,7.049406051635742188e+00,3.995419025421142578e+00,4.954219341278076172e+00
2.834724426269531250e+02,5.000005245208740234e+00,5.000005245208740234e+00,5.000005245208740234e+00,5.000005245208740234e+00,5.000005245208740234e+00,5.000005245208740234e+00,5.000005245208740234e+00,5.000005245208740234e+00,2.428038597106933594e+00,1.225505709648132324e+00,6.170587539672851562e+00,5.324114799499511719e+00,5.000005245208740234e+00,5.000005245208740234e+00,5.000005245208740234e+00,5.000005245208740234e+00,7.063043594360351562e+00,3.995407581329345703e+00,4.954218387603759766e+00
2.839732971191406250e+02,5.000005245208740234e+00,5.000005245208740234e+00,5.000005245208740234e+00,5.000005245208740234e+00,5.000005245208740234e+00,5.000005245208740234e+00,5.000005245208740234e+00,5.000005245208740234e+00,2.316060066223144531e+00,1.310455679893493652e+00,6.170595169067382812e+00,5.324122905731201172e+00,5.000005245208740234e+00,5.000005245208740234e+00,5.000005245208740234e+00,5.000005245208740234e+00,7.082266330718994141e+00,3.995398521423339844e+00,4.954220771789550781e+00
2.844741210937500000e+02,5.000005245208740234e+00,5.000005245208740234e+00,5.000005245208740234e+00,5.000005245208740234e+00,5.000005245208740234e+00,5.000005245208740234e+00,5.000005245208740234e+00,5.000005245208740234e+00,2.181261301040649414e+00,1.414292931556701660e+00,6.170601844787597656e+00,5.324120521545410156e+00,5.000005245208740234e+00,5.000005245208740234e+00,5.000005245208740234e+00,5.000005245208740234e+00,7.105679988861083984e+00,3.995388984680175781e+00,4.954213619232177734e+00
2.849749450683593750e+02,5.000005245208740234e+00,5.000005245208740234e+00,5.000005245208740234e+00,5.000005245208740234e+00,5.000005245208740234e+00,5.000005245208740234e+00,5.000005245208740234e+00,5.000005245208740234e+00,2.030795574188232422e+00,1.536224365234375000e+00,6.170608997344970703e+00,5.324120044708251953e+00,5.000005245208740234e+00,5.000005245208740234e+00,5.000005245208740234e+00,5.000005245208740234e+00,7.129203319549560547e+00,3.995380878448486328e+00,4.954214572906494141e+00
2.854757995605468750e+02,5.000005245208740234e+00,5.000005245208740234e+00,5.000005245208740234e+00,5.000005245208740234e+00,5.000005245208740234e+00,5.000005245208740234e+00,5.000005245208740234e+00,5.000005245208740234e+00,1.880804419517517090e+00,1.673309564590454102e+00,6.170616149902343750e+00,5.324126720428466797e+00,5.000005245208740234e+00,5.000005245208740234e+00,5.000005245208740234e+00,5.000005245208740234e+00,7.145823955535888672e+00,3.995373725891113281e+00,4.954219341278076172e+00
2.859766235351562500e+02,5.000005245208740234e+00,5.000005245208740234e+00,5.000005245208740234e+00,5.000005245208740234e+00,5.000005245208740234e+00,5.000005245208740234e+00,5.000005245208740234e+00,5.000005245208740234e+00,1.751526117324829102e+00,1.821041941642761230e+00,6.170620441436767578e+00,5.324123859405517578e+00,5.000005245208740234e+00,5.000005245208740234e+00,5.000005245208740234e+00,5.000005245208740234e+00,7.148040294647216797e+00,3.995367765426635742e+00,4.954212188720703125e+00
2.864774475097656250e+02,5.000005245208740234e+00,5.000005245208740234e+00,5.000005245208740234e+00,5.000005245208740234e+00,5.000005245208740234e+00,5.000005245208740234e+00,5.000005245208740234e+00,5.000005245208740234e+00,1.658238410949707031e+00,1.973457813262939453e+00,6.170624256134033203e+00,5.324124813079833984e+00,5.000005245208740234e+00,5.000005245208740234e+00,5.000005245208740234e+00,5.000005245208740234e+00,7.131187915802001953e+00,3.995362997055053711e+00,4.954211235046386719e+00
2.869783020019531250e+02,5.000005245208740234e+00,5.000005245208740234e+00,5.000005245208740234e+00,5.000005245208740234e+00,5.000005245208740234e+00,5.000005245208740234e+00,5.000005245208740234e+00,5.000005245208740234e+00,1.608292460441589355e+00,2.127335071563720703e+00,6.170629024505615234e+00,5.324130058288574219e+00,5.000005245208740234e+00,5.000005245208740234e+00,5.000005245208740234e+00,5.000005245208740234e+00,7.093614101409912109e+00,3.995357751846313477e+00,4.954217433929443359e+00
2.874791259765625000e+02,5.000005245208740234e+00,5.000005245208740234e+00,5.000005245208740234e+00,5.000005245208740234e+00,5.000005245208740234e+00,5.000005245208740234e+00,5.000005245208740234e+00,5.000005245208740234e+00,1.604827284812927246e+00,2.282762289047241211e+00,6.170631408691406250e+00,5.324126720428466797e+00,5.000005245208740234e+00,5.000005245208740234e+00,5.000005245208740234e+00,5.000005245208740234e+00,7.034706115722656250e+00,3.995353460311889648e+00,4.954211235046386719e+00
2.879799804687500000e+02,5.000005245208740234e+00,5.000005245208740234e+00,5.000005245208740234e+00,5.000005245208740234e+00,5.000005245208740234e+00,5.000005245208740234e+00,5.000005245208740234e+00,5.000005245208740234e+00,1.651958942413330078e+00,2.442946434020996094e+00,6.170635223388671875e+00,5.324134349822998047e+00,5.000005245208740234e+00,5.000005245208740234e+00,5.000005245208740234e+00,5.000005245208740234e+00,6.952910900115966797e+00,3.995350837707519531e+00,4.954214096069335938e+00
2.884808044433593750e+02,5.000005245208740234e+00,5.000005245208740234e+00,5.000005245208740234e+00,5.000005245208740234e+00,5.000005245208740234e+00,5.000005245208740234e+00,5.000005245208740234e+00,5.000005245208740234e+00,1.759795784950256348e+00,2.616066694259643555e+00,6.170637607574462891e+00,5.324129104614257812e+00,5.000005245208740234e+00,5.000005245208740234e+00,5.000005245208740234e+00,5.000005245208740234e+00,6.844095706939697266e+00,3.995347023010253906e+00,4.954208850860595703e+00
2.889816284179687500e+02,5.000005245208740234e+00,5.000005245208740234e+00,5.000005245208740234e+00,5.000005245208740234e+00,5.000005245208740234e+00,5.000005245208740234e+00,5.000005245208740234e+00,5.000005245208740234e+00,1.947382330894470215e+00,2.814278841018676758e+00,6.170639514923095703e+00,5.324130058288574219e+00,5.000005245208740234e+00,5.000005245208740234e+00,5.000005245208740234e+00,5.000005245208740234e+00,6.700840473175048828e+00,3.995344400405883789e+00,4.954206943511962891e+00
2.894824829101562500e+02,5.000005245208740234e+00,5.000005245208740234e+00,5.000005245208740234e+00,5.000005245208740234e+00,5.000005245208740234e+00,5.000005245208740234e+00,5.000005245208740234e+00,5.000005245208740234e+00,2.246155500411987305e+00,3.056676626205444336e+00,6.170642852783203125e+00,5.324136734008789062e+00,5.000005245208740234e+00,5.000005245208740234e+00,5.000005245208740234e+00,5.000005245208740234e+00,6.511284351348876953e+00,3.995342493057250977e+00,4.954212188720703125e+00
2.899833068847656250e+02,5.000005245208740234e+00,5.000005245208740234e+00,5.000005245208740234e+00,5.000005245208740234e+00,5.000005245208740234e+00,5.000005245208740234e+00,5.000005245208740234e+00,5.000005245208740234e+00,2.693496704101562500e+00,3.367684364318847656e+00,6.170644283294677734e+00,5.324131011962890625e+00,5.000005245208740234e+00,5.000005245208740234e+00,5.000005245208740234e+00,5.000005245208740234e+00,6.261263847351074219e+00,3.995338678359985352e+00,4.954207897186279297e+00
2.904841308593750000e+02,5.000005245208740234e+00,5.000005245208740234e+00,5.000005245208740234e+00,5.000005245208740234e+00,5.000005245208740234e+00,5.000005245208740234e+00,5.000005245208740234e+00,5.000005245208740234e+00,3.292829751968383789e+00,3.760860681533813477e+00,6.170646667480468750e+00,5.324132442474365234e+00,5.000005245208740234e+00,5.000005245208740234e+00,5.000005245208740234e+00,5.000005245208740234e+00,5.947469711303710938e+00,3.995337247848510742e+00,4.954205989837646484e+00
2.909849853515625000e+02,5.000005245208740234e+00,5.000005245208740234e+00,5.000005245208740234e+00,5.000005245208740234e+00,5.000005245208740234e+00,5.000005245208740234e+00,5.000005245208740234e+00,5.000005245208740234e+00,3.942384958267211914e+00,4.198264598846435547e+00,6.170649051666259766e+00,5.324136734008789062e+00,5.000005245208740234e+00,5.000005245208740234e+00,5.000005245208740234e+00,5.000005245208740234e+00,5.606377124786376953e+00,3.995335578918457031e+00,4.954212188720703125e+00
2.914858093261718750e+02,5.000005245208740234e+00,5.000005245208740234e+00,5.000005245208740234e+00,5.000005245208740234e+00,5.000005245208740234e+00,5.000005245208740234e+00,5.000005245208740234e+00,5.000005245208740234e+00,4.462986469268798828e+00,4.575023174285888672e+00,6.170647144317626953e+00,5.324131488800048828e+00,5.000005245208740234e+00,5.000005245208740234e+00,5.000005245208740234e+00,5.000005245208740234e+00,5.318874359130859375e+00,3.995334863662719727e+00,4.954206466674804688e+00
2.919866333007812500e+02,5.000005245208740234e+00,5.000005245208740234e+00,5.000005245208740234e+00,5.000005245208740234e+00,5.000005245208740234e+00,5.000005245208740234e+00,5.000005245208740234e+00,5.000005245208740234e+00,4.768889427185058594e+00,4.811913013458251953e+00,6.170649528503417969e+00,5.324132442474365234e+00,5.000005245208740234e+00,5.000005245208740234e+00,5.000005245208740234e+00,5.000005245208740234e+00,5.140461444854736328e+00,3.995333194732666016e+00,4.954206466674804688e+00
2.924874877929687500e+02,5.000005245208740234e+00,5.000005245208740234e+00,5.000005245208740234e+00,5.000005245208740234e+00,5.000005245208740234e+00,5.000005245208740234e+00,5.000005245208740234e+00,5.000005245208740234e+00,4.910269260406494141e+00,4.925938606262207031e+00,6.170650482177734375e+00,5.324137210845947266e+00,5.000005245208740234e+00,5.000005245208740234e+00,5.000005245208740234e+00,5.000005245208740234e+00,5.055142879486083984e+00,3.995333671569824219e+00,4.954211711883544922e+00
2.929883117675781250e+02,5.000005245208740234e+00,5.000005245208740234e+00,5.000005245208740234e+00,5.000005245208740234e+00,5.000005245208740234e+00,5.000005245208740234e+00,5.000005245208740234e+00,5.000005245208740234e+00,4.966850280761718750e+00,4.972455978393554688e+00,6.170650005340576172e+00,5.324133396148681641e+00,5.000005245208740234e+00,5.000005245208740234e+00,5.000005245208740234e+00,5.000005245208740234e+00,5.020461082458496094e+00,3.995333194732666016e+00,4.954206466674804688e+00
2.934891357421875000e+02,5.000005245208740234e+00,5.000005245208740234e+00,5.000005245208740234e+00,5.000005245208740234e+00,5.000005245208740234e+00,5.000005245208740234e+00,5.000005245208740234e+00,5.000005245208740234e+00,4.987989425659179688e+00,4.989984035491943359e+00,6.170650482177734375e+00,5.324131965637207031e+00,5.000005245208740234e+00,5.000005245208740234e+00,5.000005245208740234e+00,5.000005245208740234e+00,5.007428169250488281e+00,3.995331287384033203e+00,4.954207897186279297e+00
2.939899902343750000e+02,5.000005245208740234e+00,5.000005245208740234e+00,5.000005245208740234e+00,5.000005245208740234e+00,5.000005245208740234e+00,5.000005245208740234e+00,5.000005245208740234e+00,5.000005245208740234e+00,4.995673656463623047e+00,4.996382713317871094e+00,6.170651435852050781e+00,5.324138641357421875e+00,5.000005245208740234e+00,5.000005245208740234e+00,5.000005245208740234e+00,5.000005245208740234e+00,5.002682209014892578e+00,3.995331525802612305e+00,4.954211235046386719e+00
2.944908142089843750e+02,5.000005245208740234e+00,5.000005245208740234e+00,5.000005245208740234e+00,5.000005245208740234e+00,5.000005245208740234e+00,5.000005245208740234e+00,5.000005245208740234e+00,5.000005245208740234e+00,4.998443126678466797e+00,4.998696804046630859e+00,6.170651435852050781e+00,5.324134826660156250e+00,5.000005245208740234e+00,5.000005245208740234e+00,5.000005245208740234e+00,5.000005245208740234e+00,5.000970840454101562e+00,3.995329380035400391e+00,4.954204559326171875e+00
2.949916381835937500e+02,5.000005245208740234e+00,5.000005245208740234e+00,5.000005245208740234e+00,5.000005245208740234e+00,5.000005245208740234e+00,5.000005245208740234e+00,5.000005245208740234e+00,5.000005245208740234e+00,4.999440193176269531e+00,4.999530792236328125e+00,6.170653820037841797e+00,5.324133396148681641e+00,5.000005245208740234e+00,5.000005245208740234e+00,5.000005245208740234e+00,5.000005245208740234e+00,5.000354290008544922e+00,3.995328426361083984e+00,4.954205989837646484e+00
2.954924926757812500e+02,5.000005245208740234e+00,5.000005245208740234e+00,5.000005245208740234e+00,5.000005245208740234e+00,5.000005245208740234e+00,5.000005245208740234e+00,5.000005245208740234e+00,5.000005245208740234e+00,4.999800205230712891e+00,4.999833106994628906e+00,6.170653820037841797e+00,5.324138164520263672e+00,5.000005245208740234e+00,5.000005245208740234e+00,5.000005245208740234e+00,5.000005245208740234e+00,5.000131607055664062e+00,3.995329380035400391e+00,4.954211235046386719e+00
2.959933166503906250e+02,5.000005245208740234e+00,5.000005245208740234e+00,5.000005245208740234e+00,5.000005245208740234e+00,5.000005245208740234e+00,5.000005245208740234e+00,5.000005245208740234e+00,5.000005245208740234e+00,4.999930858612060547e+00,4.999942302703857422e+00,6.170654296875000000e+00,5.324134826660156250e+00,5.000005245208740234e+00,5.000005245208740234e+00,5.000005245208740234e+00,5.000005245208740234e+00,5.000051498413085938e+00,3.995329380035400391e+00,4.954204082489013672e+00
2.964941711425781250e+02,5.000005245208740234e+00,5.000005245208740234e+00,5.000005245208740234e+00,5.000005245208740234e+00,5.000005245208740234e+00,5.000005245208740234e+00,5.000005245208740234e+00,5.000005245208740234e+00,4.999978065490722656e+00,4.999982833862304688e+00,6.170654773712158203e+00,5.324139595031738281e+00,5.000005245208740234e+00,5.000005245208740234e+00,5.000005245208740234e+00,5.000005245208740234e+00,5.000021934509277344e+00,3.995328903198242188e+00,4.954210281372070312e+00
2.969949951171875000e+02,5.000005245208740234e+00,5.000005245208740234e+00,5.000005245208740234e+00,5.000005245208740234e+00,5.000005245208740234e+00,5.000005245208740234e+00,5.000005245208740234e+00,5.000005245208740234e+00,4.999995231628417969e+00,4.999997138977050781e+00,6.170654296875000000e+00,5.324133396148681641e+00,5.000005245208740234e+00,5.000005245208740234e+00,5.000005245208740234e+00,5.000005245208740234e+00,5.000010967254638672e+00,3.995328426361083984e+00,4.954206466674804688e+00
2.974958190917968750e+02,5.000005245208740234e+00,5.000005245208740234e+00,5.000005245208740234e+00,5.000005245208740234e+00,5.000005245208740234e+00,5.000005245208740234e+00,5.000005245208740234e+00,5.000005245208740234e+00,5.000001907348632812e+00,5.000001907348632812e+00,6.170655250549316406e+00,5.324133872985839844e+00,5.000005245208740234e+00,5.000005245208740234e+00,5.000005245208740234e+00,5.000005245208740234e+00,5.000007629394531250e+00,3.995328426361083984e+00,4.954205989837646484e+00
2.979966735839843750e+02,5.000005245208740234e+00,5.000005245208740234e+00,5.000005245208740234e+00,5.000005245208740234e+00,5.000005245208740234e+00,5.000005245208740234e+00,5.000005245208740234e+00,5.000005245208740234e+00,5.000004291534423828e+00,5.000004291534423828e+00,6.170655250549316406e+00,5.324139118194580078e+00,5.000005245208740234e+00,5.000005245208740234e+00,5.000005245208740234e+00,5.000005245208740234e+00,5.000006198883056641e+00,3.995327711105346680e+00,4.954210281372070312e+00
2.984974975585937500e+02,5.000005245208740234e+00,5.000005245208740234e+00,5.000005245208740234e+00,5.000005245208740234e+00,5.000005245208740234e+00,5.000005245208740234e+00,5.000005245208740234e+00,5.000005245208740234e+00,5.000004768371582031e+00,5.000004768371582031e+00,6.170656681060791016e+00,5.324134349822998047e+00,5.000005245208740234e+00,5.000005245208740234e+00,5.000005245208740234e+00,5.000005245208740234e+00,5.000005722045898438e+00,3.995327949523925781e+00,4.954206466674804688e+00
2.989983215332031250e+02,5.000005245208740234e+00,5.000005245208740234e+00,5.000005245208740234e+00,5.000005245208740234e+00,5.000005245208740234e+00,5.000005245208740234e+00,5.000005245208740234e+00,5.000005245208740234e+00,5.000005245208740234e+00,5.000005245208740234e+00,6.170655250549316406e+00,5.324133872985839844e+00,5.000005245208740234e+00,5.000005245208740234e+00,5.000005245208740234e+00,5.000005245208740234e+00,5.000005245208740234e+00,3.995327234268188477e+00,4.954205989837646484e+00
2.994991760253906250e+02,5.000005245208740234e+00,5.000005245208740234e+00,5.000005245208740234e+00,5.000005245208740234e+00,5.000005245208740234e+00,5.000005245208740234e+00,5.000005245208740234e+00,5.000005245208740234e+00,5.000005245208740234e+00,5.000005245208740234e+00,6.170656204223632812e+00,5.324139595031738281e+00,5.000005245208740234e+00,5.000005245208740234e+00,5.000005245208740234e+00,5.000005245208740234e+00,5.000005245208740234e+00,3.995326995849609375e+00,4.954209804534912109e+00
3.000000000000000000e+02,5.000005245208740234e+00,5.000005245208740234e+00,5.000005245208740234e+00,5.000005245208740234e+00,5.000005245208740234e+00,5.000005245208740234e+00,5.000005245208740234e+00,5.000005245208740234e+00,5.000005245208740234e+00,5.000005245208740234e+00,6.170655250549316406e+00,5.324134826660156250e+00,5.000005245208740234e+00,5.000005245208740234e+00,5.000005245208740234e+00,5.000005245208740234e+00,5.000005245208740234e+00,3.995327711105346680e+00,4.954205513000488281e+00
