time,theta_0,theta_1,theta_2,theta_3,theta_4,theta_5
5.008347034454345703e-01,5.000005245208740234e+00,5.000005245208740234e+00,5.000005245208740234e+00,5.000005245208740234e+00,5.000005245208740234e+00,5.000005245208740234e+00
1.001669406890869141e+00,5.000005245208740234e+00,5.000005245208740234e+00,5.000005245208740234e+00,5.000005245208740234e+00,5.000005245208740234e+00,5.000005245208740234e+00
1.502504229545593262e+00,5.000005245208740234e+00,5.000005245208740234e+00,5.000005245208740234e+00,5.000005245208740234e+00,5.000005245208740234e+00,5.000005245208740234e+00
2.003338813781738281e+00,5.000005245208740234e+00,5.000005245208740234e+00,5.000005245208740234e+00,5.000005245208740234e+00,5.000005245208740234e+00,5.000005245208740234e+00
2.504173517227172852e+00,5.000005245208740234e+00,5.000005245208740234e+00,5.000005245208740234e+00,5.000005245208740234e+00,5.000005245208740234e+00,5.000005245208740234e+00
3.005008459091186523e+00,5.000005245208740234e+00,5.000005245208740234e+00,5.000005245208740234e+00,5.000005245208740234e+00,5.000005245208740234e+00,5.000005245208740234e+00
3.505843162536621094e+00,5.000005245208740234e+00,5.000005245208740234e+00,5.000005245208740234e+00,5.000005245208740234e+00,5.000005245208740234e+00,5.000005245208740234e+00
4.006677627563476562e+00,5.000005245208740234e+00,5.000005245208740234e+00,5.000005245208740234e+00,5.000005245208740234e+00,5.000005245208740234e+00,5.000005245208740234e+00
4.507512569427490234e+00,5.000005245208740234e+00,5.000005245208740234e+00,5.000005245208740234e+00,5.000005245208740234e+00,5.000005245208740234e+00,5.000005245208740234e+00
5.008347034454345703e+00,5.000005245208740234e+00,5.000005245208740234e+00,5.000005245208740234e+00,5.000005245208740234e+00,5.000005245208740234e+00,5.000005245208740234e+00
5.509181976318359375e+00,5.000005245208740234e+00,5.000005245208740234e+00,5.000005245208740234e+00,5.000005245208740234e+00,5.000005245208740234e+00,5.000005245208740234e+00
6.010016918182373047e+00,5.000005245208740234e+00,5.000005245208740234e+00,5.000005245208740234e+00,5.000005245208740234e+00,5.000005245208740234e+00,5.000005245208740234e+00
6.510851383209228516e+00,5.000005245208740234e+00,5.000005245208740234e+00,5.000005245208740234e+00,5.000005245208740234e+00,5.000005245208740234e+00,5.000005245208740234e+00
7.011686325073242188e+00,5.000005245208740234e+00,5.000005245208740234e+00,5.000005245208740234e+00,5.000005245208740234e+00,5.000005245208740234e+00,5.000005245208740234e+00
7.512520790100097656e+00,5.000005245208740234e+00,5.000005245208740234e+00,5.000005245208740234e+00,5.000005245208740234e+00,5.000005245208740234e+00,5.000005245208740234e+00
8.013355255126953125e+00,5.000005245208740234e+00,5.000005245208740234e+00,5.000005245208740234e+00,5.000005245208740234e+00,5.000005245208740234e+00,5.000005245208740234e+00
8.514190673828125000e+00,5.000005245208740234e+00,5.000005245208740234e+00,5.000005245208740234e+00,5.000005245208740234e+00,5.000005245208740234e+00,5.000005245208740234e+00
9.015025138854980469e+00,5.000005245208740234e+00,5.000005245208740234e+00,5.000005245208740234e+00,5.000005245208740234e+00,5.000005245208740234e+00,5.000005245208740234e+00
9.515859603881835938e+00,7.204601287841796875e+00,8.772800445556640625e+00,2.684294581413269043e-01,3.117702245712280273e+00,3.158201277256011963e-01,8.786979675292968750e+00
1.001669406890869141e+01,5.367764949798583984e+00,8.558184623718261719e+00,5.988981127738952637e-01,5.955018997192382812e+00,6.237284541130065918e-01,8.550680160522460938e+00
1.051752948760986328e+01,5.561399936676025391e+00,8.430517196655273438e+00,1.004865884780883789e+00,5.761443614959716797e+00,8.404617309570312500e-01,8.325830459594726562e+00
1.101836395263671875e+01,5.548854827880859375e+00,8.315202713012695312e+00,1.496927738189697266e+00,5.646909713745117188e+00,1.040057301521301270e+00,8.066523551940917969e+00
1.151919841766357422e+01,5.502672195434570312e+00,8.210220336914062500e+00,2.065435886383056641e+00,5.551094532012939453e+00,1.226904869079589844e+00,7.754654884338378906e+00
1.202003383636474609e+01,5.448500156402587891e+00,8.109007835388183594e+00,2.673396587371826172e+00,5.468854904174804688e+00,1.409395813941955566e+00,7.381022453308105469e+00
1.252086830139160156e+01,5.401550769805908203e+00,8.004646301269531250e+00,3.297698020935058594e+00,5.404755592346191406e+00,1.591105937957763672e+00,6.989982604980468750e+00
1.302170276641845703e+01,5.446896553039550781e+00,7.883210659027099609e+00,4.332152843475341797e+00,5.435269355773925781e+00,1.773581147193908691e+00,7.296389579772949219e+00
1.352253723144531250e+01,5.424871921539306641e+00,7.762503623962402344e+00,4.591891288757324219e+00,5.407719612121582031e+00,1.953986644744873047e+00,6.316799163818359375e+00
1.402337265014648438e+01,5.390328884124755859e+00,7.634397983551025391e+00,4.960068702697753906e+00,5.369542598724365234e+00,2.135226726531982422e+00,5.700013637542724609e+00
1.452420711517333984e+01,5.331872940063476562e+00,7.507556915283203125e+00,5.320304393768310547e+00,5.309386253356933594e+00,2.318108797073364258e+00,5.204106807708740234e+00
1.502504158020019531e+01,5.265043735504150391e+00,7.379552841186523438e+00,5.654233932495117188e+00,5.241999149322509766e+00,2.500878810882568359e+00,4.782797336578369141e+00
1.552587604522705078e+01,5.211249351501464844e+00,7.248882770538330078e+00,5.954203605651855469e+00,5.188132762908935547e+00,2.681584119796752930e+00,4.415123939514160156e+00
1.602671051025390625e+01,5.182517051696777344e+00,7.116240501403808594e+00,6.220574378967285156e+00,5.159485816955566406e+00,2.858736991882324219e+00,4.091943740844726562e+00
1.652754592895507812e+01,5.176052570343017578e+00,6.983391284942626953e+00,6.456076622009277344e+00,5.153220653533935547e+00,3.031208276748657227e+00,3.807458162307739258e+00
1.702838134765625000e+01,5.183517456054687500e+00,6.852415561676025391e+00,6.662577629089355469e+00,5.161043643951416016e+00,3.198150873184204102e+00,3.556308746337890625e+00
1.752921485900878906e+01,8.596166610717773438e+00,2.089493274688720703e+00,8.618016242980957031e+00,5.745049118995666504e-01,8.064182281494140625e+00,8.408483505249023438e+00
1.803005027770996094e+01,8.389124870300292969e+00,1.697973489761352539e+00,8.477174758911132812e+00,8.750187754631042480e-01,8.028510093688964844e+00,3.810312271118164062e+00
1.853088569641113281e+01,8.232268333435058594e+00,2.073419809341430664e+00,7.397880077362060547e+00,1.157077074050903320e+00,7.748685836791992188e+00,3.499152898788452148e+00
1.903171920776367188e+01,8.093173980712890625e+00,2.635270118713378906e+00,6.855116844177246094e+00,1.414435982704162598e+00,7.443449497222900391e+00,3.661536931991577148e+00
1.953255462646484375e+01,7.943827152252197266e+00,3.537924766540527344e+00,6.642687320709228516e+00,1.661774158477783203e+00,7.471327304840087891e+00,4.110014438629150391e+00
2.003338813781738281e+01,7.795667648315429688e+00,4.315642833709716797e+00,6.247456550598144531e+00,1.900945663452148438e+00,6.961627960205078125e+00,4.386899471282958984e+00
2.053422355651855469e+01,7.633074760437011719e+00,4.738652706146240234e+00,5.869490146636962891e+00,2.129364013671875000e+00,6.019488811492919922e+00,4.548995018005371094e+00
2.103505897521972656e+01,7.466168403625488281e+00,5.155834674835205078e+00,5.640241146087646484e+00,2.357718467712402344e+00,5.309368610382080078e+00,4.708098411560058594e+00
2.153589248657226562e+01,7.302481651306152344e+00,5.548453807830810547e+00,5.504776000976562500e+00,2.586862564086914062e+00,4.771720409393310547e+00,4.821299552917480469e+00
2.203672790527343750e+01,7.141633987426757812e+00,5.895776271820068359e+00,5.440436840057373047e+00,2.815096139907836914e+00,4.353363037109375000e+00,4.880079269409179688e+00
2.253756332397460938e+01,6.982793807983398438e+00,6.182134628295898438e+00,5.435294151306152344e+00,3.039577484130859375e+00,4.018818378448486328e+00,4.888566017150878906e+00
2.303839683532714844e+01,6.826419353485107422e+00,6.407917022705078125e+00,5.478237152099609375e+00,3.257302761077880859e+00,3.751048803329467773e+00,4.852509975433349609e+00
2.353923225402832031e+01,6.673369407653808594e+00,6.581224441528320312e+00,5.558771610260009766e+00,3.465188026428222656e+00,3.540033817291259766e+00,4.777807235717773438e+00
2.404006767272949219e+01,6.524228572845458984e+00,6.711341381072998047e+00,5.667815208435058594e+00,3.660105705261230469e+00,3.377844333648681641e+00,4.670726776123046875e+00
2.454090118408203125e+01,6.379330635070800781e+00,6.806373119354248047e+00,5.797664165496826172e+00,3.839190959930419922e+00,3.257535457611083984e+00,4.537659168243408203e+00
2.504173660278320312e+01,6.239271163940429688e+00,6.872768402099609375e+00,5.941769123077392578e+00,4.000381469726562500e+00,3.173019170761108398e+00,4.384732723236083984e+00
2.554257011413574219e+01,6.105396747589111328e+00,6.915488243103027344e+00,6.094561100006103516e+00,4.142963886260986328e+00,3.119034051895141602e+00,4.217579841613769531e+00
2.604340553283691406e+01,5.979947566986083984e+00,6.938358783721923828e+00,6.251419544219970703e+00,4.267863750457763672e+00,3.091093301773071289e+00,4.041250705718994141e+00
2.654424095153808594e+01,5.865622043609619141e+00,6.944375514984130859e+00,6.408577919006347656e+00,4.377382278442382812e+00,3.085384845733642578e+00,3.860136747360229492e+00
2.704507446289062500e+01,5.764823436737060547e+00,6.935976982116699219e+00,6.563015937805175781e+00,4.474529266357421875e+00,3.098670721054077148e+00,3.677933454513549805e+00
2.754590988159179688e+01,5.678897857666015625e+00,6.915235996246337891e+00,6.712295055389404297e+00,4.562152862548828125e+00,3.128183364868164062e+00,3.497620582580566406e+00
2.804674530029296875e+01,5.607852935791015625e+00,6.883990764617919922e+00,6.854492187500000000e+00,4.642370223999023438e+00,3.171539545059204102e+00,3.321531772613525391e+00
2.854757881164550781e+01,5.550601959228515625e+00,6.843917369842529297e+00,6.988162040710449219e+00,4.716468811035156250e+00,3.226656675338745117e+00,3.151448726654052734e+00
2.904841423034667969e+01,5.505558967590332031e+00,6.796579837799072266e+00,7.112378597259521484e+00,4.785223484039306641e+00,3.291703462600708008e+00,2.988711118698120117e+00
2.954924964904785156e+01,5.471200466156005859e+00,6.743446826934814453e+00,7.226693153381347656e+00,4.849277019500732422e+00,3.365038394927978516e+00,2.834293127059936523e+00
3.005008316040039062e+01,5.446405410766601562e+00,6.685895919799804688e+00,7.331111907958984375e+00,4.909448146820068359e+00,3.445187330245971680e+00,2.688867330551147461e+00
3.055091857910156250e+01,5.430542945861816406e+00,6.625231742858886719e+00,7.425961494445800781e+00,4.966814041137695312e+00,3.530826568603515625e+00,2.552826166152954102e+00
3.105175209045410156e+01,5.423375606536865234e+00,6.562670707702636719e+00,7.511803150177001953e+00,5.022654533386230469e+00,3.620754718780517578e+00,2.426326751708984375e+00
3.155258750915527344e+01,5.424948215484619141e+00,6.499351501464843750e+00,7.589297294616699219e+00,5.078348159790039062e+00,3.713907003402709961e+00,2.309309959411621094e+00
3.205342102050781250e+01,5.435400485992431641e+00,6.436326980590820312e+00,7.659164428710937500e+00,5.135234832763671875e+00,3.809321403503417969e+00,2.201560497283935547e+00
3.255425643920898438e+01,5.454931259155273438e+00,6.374557495117187500e+00,7.722107410430908203e+00,5.194555759429931641e+00,3.906177997589111328e+00,2.102732181549072266e+00
3.305509185791015625e+01,5.483700275421142578e+00,6.314899921417236328e+00,7.778793811798095703e+00,5.257401466369628906e+00,4.003744125366210938e+00,2.012393951416015625e+00
3.355592727661132812e+01,5.521854877471923828e+00,6.258107662200927734e+00,7.829848766326904297e+00,5.324710845947265625e+00,4.101409912109375000e+00,1.930056929588317871e+00
3.405676269531250000e+01,5.569511413574218750e+00,6.204841136932373047e+00,7.875835418701171875e+00,5.397295475006103516e+00,4.198670864105224609e+00,1.855201125144958496e+00
3.455759429931640625e+01,2.401579618453979492e-01,2.477903127670288086e+00,8.888831138610839844e+00,9.098415374755859375e+00,9.601864814758300781e+00,1.547604560852050781e+00
3.505842971801757812e+01,7.784955501556396484e-01,6.265591144561767578e+00,8.434541702270507812e+00,8.530180931091308594e+00,6.813264369964599609e+00,7.866466045379638672e-01
3.555926513671875000e+01,1.156211972236633301e+00,5.301178455352783203e+00,8.173839569091796875e+00,8.285126686096191406e+00,6.152797222137451172e+00,1.342250108718872070e+00
3.606010055541992188e+01,1.972963690757751465e+00,3.606918573379516602e+00,8.030782699584960938e+00,7.814892768859863281e+00,6.299520969390869141e+00,1.492024779319763184e+00
3.656093597412109375e+01,3.162358045578002930e+00,2.712127208709716797e+00,7.968587398529052734e+00,7.016285419464111328e+00,7.076116561889648438e+00,1.561801791191101074e+00
3.706177139282226562e+01,4.464207172393798828e+00,2.150008678436279297e+00,7.918264865875244141e+00,5.922970294952392578e+00,7.574398994445800781e+00,1.676659703254699707e+00
3.756260299682617188e+01,5.678935050964355469e+00,1.834896326065063477e+00,7.834630012512207031e+00,4.867771625518798828e+00,7.808699131011962891e+00,1.840080857276916504e+00
3.806343841552734375e+01,7.355337142944335938e+00,1.725081324577331543e+00,7.708860397338867188e+00,4.407204627990722656e+00,7.911173343658447266e+00,2.047975063323974609e+00
3.856427383422851562e+01,6.932829856872558594e+00,1.777353763580322266e+00,7.533410549163818359e+00,3.112748384475708008e+00,7.911153316497802734e+00,2.307957887649536133e+00
3.906510925292968750e+01,7.341585159301757812e+00,1.933180809020996094e+00,7.346387386322021484e+00,2.623994827270507812e+00,7.830841064453125000e+00,2.628544330596923828e+00
3.956594467163085938e+01,7.610014438629150391e+00,2.173507213592529297e+00,7.132811546325683594e+00,2.274814128875732422e+00,7.683526039123535156e+00,2.992435455322265625e+00
4.006677627563476562e+01,7.778565883636474609e+00,2.479286909103393555e+00,6.891768455505371094e+00,2.026834487915039062e+00,7.470894336700439453e+00,3.370650768280029297e+00
4.056761169433593750e+01,7.881451129913330078e+00,2.853685855865478516e+00,6.642375469207763672e+00,1.854602932929992676e+00,7.244359016418457031e+00,3.739423751831054688e+00
4.106844711303710938e+01,7.916290760040283203e+00,3.757891416549682617e+00,6.840294361114501953e+00,1.742184162139892578e+00,7.937992095947265625e+00,4.412104129791259766e+00
4.156928253173828125e+01,7.951418876647949219e+00,4.029167652130126953e+00,6.361814498901367188e+00,1.668069481849670410e+00,7.192079544067382812e+00,4.514051914215087891e+00
4.207011795043945312e+01,1.672454237937927246e+00,3.666669607162475586e+00,5.506132602691650391e+00,7.971879959106445312e+00,6.472317218780517578e+00,5.042551040649414062e+00
4.257095336914062500e+01,2.666105270385742188e+00,4.868884563446044922e+00,6.736638069152832031e+00,7.350816249847412109e+00,5.779177665710449219e+00,5.208343029022216797e+00
4.307178497314453125e+01,3.418291330337524414e+00,4.824254035949707031e+00,5.987740993499755859e+00,6.752135276794433594e+00,5.627987861633300781e+00,4.876000404357910156e+00
4.357262039184570312e+01,4.364439964294433594e+00,4.575021743774414062e+00,5.583392143249511719e+00,5.809742927551269531e+00,5.626611709594726562e+00,4.692324638366699219e+00
4.407345581054687500e+01,5.155294418334960938e+00,4.362123966217041016e+00,5.484776973724365234e+00,4.575617790222167969e+00,5.890084743499755859e+00,4.712734699249267578e+00
4.457429122924804688e+01,6.370551586151123047e+00,4.142519474029541016e+00,5.489224433898925781e+00,3.935483455657958984e+00,6.127062320709228516e+00,4.773640632629394531e+00
4.507512664794921875e+01,7.005328655242919922e+00,4.160931587219238281e+00,5.555691719055175781e+00,3.178526401519775391e+00,6.528877735137939453e+00,4.847915172576904297e+00
4.557595825195312500e+01,7.408596992492675781e+00,4.153482913970947266e+00,5.671823501586914062e+00,2.609086036682128906e+00,6.642673492431640625e+00,4.949694633483886719e+00
4.607679367065429688e+01,7.653962135314941406e+00,4.215723514556884766e+00,5.711886882781982422e+00,2.196412086486816406e+00,6.621469497680664062e+00,4.981335639953613281e+00
4.657762908935546875e+01,7.810009479522705078e+00,4.353055477142333984e+00,5.728943824768066406e+00,1.904584527015686035e+00,6.503430366516113281e+00,4.993301391601562500e+00
4.707846450805664062e+01,7.912656307220458984e+00,4.547193527221679688e+00,5.726861000061035156e+00,1.700667500495910645e+00,6.296189308166503906e+00,4.985420703887939453e+00
4.757929992675781250e+01,7.980844974517822266e+00,4.782985210418701172e+00,5.718424797058105469e+00,1.560521483421325684e+00,6.018608093261718750e+00,4.960963726043701172e+00
4.808013534545898438e+01,8.025256156921386719e+00,5.044956207275390625e+00,5.715711593627929688e+00,1.467356562614440918e+00,5.692886352539062500e+00,4.920934200286865234e+00
4.858096694946289062e+01,8.052325248718261719e+00,5.318407058715820312e+00,5.727939605712890625e+00,1.409529566764831543e+00,5.342185020446777344e+00,4.863901615142822266e+00
4.908180236816406250e+01,8.066104888916015625e+00,5.590829372406005859e+00,5.761476516723632812e+00,1.378957271575927734e+00,4.987579345703125000e+00,4.787290096282958984e+00
4.958263778686523438e+01,8.069239616394042969e+00,5.852498531341552734e+00,5.820037364959716797e+00,1.370092988014221191e+00,4.645224094390869141e+00,4.688480377197265625e+00
5.008347320556640625e+01,8.063477516174316406e+00,6.096751213073730469e+00,5.905045509338378906e+00,1.379196286201477051e+00,4.325582504272460938e+00,4.565850734710693359e+00
5.058430862426757812e+01,2.920706987380981445e+00,6.261293888092041016e+00,5.765717983245849609e+00,7.173986434936523438e+00,4.378693103790283203e+00,4.591649532318115234e+00
5.108514022827148438e+01,4.222903251647949219e+00,6.506628990173339844e+00,6.221693515777587891e+00,6.118877410888671875e+00,3.646302223205566406e+00,4.044156551361083984e+00
5.158597564697265625e+01,4.991577148437500000e+00,6.356700897216796875e+00,6.393333435058593750e+00,5.458721637725830078e+00,3.811369180679321289e+00,3.830735683441162109e+00
5.208681106567382812e+01,5.638809680938720703e+00,6.108118534088134766e+00,6.549870014190673828e+00,4.663424491882324219e+00,4.022613525390625000e+00,3.601525068283081055e+00
5.258764648437500000e+01,6.225634574890136719e+00,5.905260086059570312e+00,6.704738140106201172e+00,3.943155288696289062e+00,4.287209987640380859e+00,3.395940780639648438e+00
5.308848190307617188e+01,6.730380058288574219e+00,5.740648746490478516e+00,6.851138591766357422e+00,3.343390226364135742e+00,4.527544021606445312e+00,3.217208147048950195e+00
5.358931732177734375e+01,7.116340160369873047e+00,5.625094413757324219e+00,6.980739593505859375e+00,2.855004787445068359e+00,4.707530021667480469e+00,3.061176776885986328e+00
5.409014892578125000e+01,7.394076347351074219e+00,5.566694736480712891e+00,7.092703819274902344e+00,2.469920396804809570e+00,4.816633224487304688e+00,2.925713062286376953e+00
5.459098434448242188e+01,7.592182159423828125e+00,5.564230442047119141e+00,7.188389301300048828e+00,2.174490213394165039e+00,4.855735778808593750e+00,2.808600187301635742e+00
5.509181976318359375e+01,7.734464168548583984e+00,5.610638618469238281e+00,7.270102977752685547e+00,1.951600551605224609e+00,4.831704139709472656e+00,2.707046031951904297e+00
5.559265518188476562e+01,7.837249755859375000e+00,5.696426391601562500e+00,7.340788364410400391e+00,1.785543322563171387e+00,4.754672527313232422e+00,2.617753028869628906e+00
5.609349060058593750e+01,7.911297798156738281e+00,5.811723232269287109e+00,7.403601169586181641e+00,1.663805723190307617e+00,4.636066913604736328e+00,2.537196397781372070e+00
5.659432220458984375e+01,7.963714599609375000e+00,5.947317600250244141e+00,7.461528301239013672e+00,1.577038288116455078e+00,4.487194538116455078e+00,2.461958646774291992e+00
5.709515762329101562e+01,7.999256134033203125e+00,6.095201492309570312e+00,7.517104148864746094e+00,1.518441200256347656e+00,4.318337440490722656e+00,2.389016389846801758e+00
5.759599304199218750e+01,8.021110534667968750e+00,6.248628616333007812e+00,7.572238445281982422e+00,1.483133673667907715e+00,4.138165950775146484e+00,2.315936326980590820e+00
5.809682846069335938e+01,8.031459808349609375e+00,6.402243614196777344e+00,7.628202915191650391e+00,1.467628955841064453e+00,3.953642845153808594e+00,2.240982532501220703e+00
5.859766387939453125e+01,8.031787872314453125e+00,6.551980018615722656e+00,7.685667037963867188e+00,1.469431877136230469e+00,3.770068407058715820e+00,2.163105726242065430e+00
5.909849929809570312e+01,8.023076057434082031e+00,6.694926738739013672e+00,7.744808673858642578e+00,1.486758828163146973e+00,3.591305017471313477e+00,2.081870079040527344e+00
5.959933090209960938e+01,8.005968093872070312e+00,6.829175472259521484e+00,7.805458545684814453e+00,1.518331289291381836e+00,3.420036077499389648e+00,1.997353076934814453e+00
6.010016632080078125e+01,7.980844497680664062e+00,6.953654289245605469e+00,7.867191791534423828e+00,1.563219785690307617e+00,3.258019924163818359e+00,1.910001277923583984e+00
6.060100173950195312e+01,7.947888851165771484e+00,7.067874908447265625e+00,7.929486274719238281e+00,1.620729565620422363e+00,3.106317996978759766e+00,1.820514678955078125e+00
6.110183715820312500e+01,7.907116413116455078e+00,7.171799659729003906e+00,7.991773605346679688e+00,1.690293788909912109e+00,2.965492010116577148e+00,1.729726195335388184e+00
6.160267257690429688e+01,7.858432292938232422e+00,7.265677452087402344e+00,8.053514480590820312e+00,1.771416664123535156e+00,2.835753917694091797e+00,1.638510227203369141e+00
6.210350418090820312e+01,7.801629543304443359e+00,7.349923133850097656e+00,8.114229202270507812e+00,1.863580107688903809e+00,2.717082738876342773e+00,1.547717332839965820e+00
6.260433959960937500e+01,7.736445426940917969e+00,7.425043106079101562e+00,8.173523902893066406e+00,1.966194510459899902e+00,2.609316587448120117e+00,1.458126187324523926e+00
6.310517501831054688e+01,7.662590980529785156e+00,7.491545677185058594e+00,8.231091499328613281e+00,2.078533649444580078e+00,2.512214422225952148e+00,1.370422363281250000e+00
6.360601043701171875e+01,7.579782962799072266e+00,7.549940586090087891e+00,8.286699295043945312e+00,2.199686527252197266e+00,2.425505161285400391e+00,1.285176396369934082e+00
6.410684204101562500e+01,7.487811565399169922e+00,7.600699424743652344e+00,8.340191841125488281e+00,2.328532218933105469e+00,2.348913669586181641e+00,1.202849984169006348e+00
6.460768127441406250e+01,7.592708110809326172e+00,7.707230567932128906e+00,8.542184829711914062e+00,2.171037197113037109e+00,2.193746328353881836e+00,8.940334320068359375e-01
6.510851287841796875e+01,7.389022827148437500e+00,7.706681251525878906e+00,8.561569213867187500e+00,2.446621656417846680e+00,2.196303844451904297e+00,8.679576516151428223e-01
6.560935211181640625e+01,7.260145187377929688e+00,7.740550518035888672e+00,8.596539497375488281e+00,2.610695362091064453e+00,2.142228841781616211e+00,8.172192573547363281e-01
6.611018371582031250e+01,7.126474380493164062e+00,7.767148971557617188e+00,8.632224082946777344e+00,2.769501924514770508e+00,2.098931550979614258e+00,7.650901675224304199e-01
6.661101531982421875e+01,6.986365795135498047e+00,7.788062095642089844e+00,8.667324066162109375e+00,2.925706386566162109e+00,2.064100742340087891e+00,7.140503525733947754e-01
6.711185455322265625e+01,6.839636325836181641e+00,7.803963661193847656e+00,8.701352119445800781e+00,3.079548597335815430e+00,2.036805629730224609e+00,6.650456786155700684e-01
6.761268615722656250e+01,6.686716079711914062e+00,7.815322399139404297e+00,8.734095573425292969e+00,3.230628252029418945e+00,2.016414642333984375e+00,6.185120940208435059e-01
6.811352539062500000e+01,6.528524875640869141e+00,7.822576522827148438e+00,8.765438079833984375e+00,3.378406286239624023e+00,2.002343177795410156e+00,5.746455192565917969e-01
6.861435699462890625e+01,6.366239547729492188e+00,7.826153278350830078e+00,8.795363426208496094e+00,3.522343158721923828e+00,1.993997335433959961e+00,5.335154533386230469e-01
6.911518859863281250e+01,6.201248645782470703e+00,7.826487541198730469e+00,8.823855400085449219e+00,3.662084102630615234e+00,1.990771174430847168e+00,4.951101541519165039e-01
6.961602783203125000e+01,6.034961223602294922e+00,7.824031352996826172e+00,8.850935935974121094e+00,3.797462463378906250e+00,1.992047309875488281e+00,4.593717753887176514e-01
7.011685943603515625e+01,5.868705272674560547e+00,7.819217681884765625e+00,8.876650810241699219e+00,3.928466796875000000e+00,1.997200489044189453e+00,4.262127280235290527e-01
7.061769866943359375e+01,7.197337150573730469e+00,8.908162117004394531e+00,7.042593002319335938e+00,2.901415586471557617e+00,2.992894053459167480e-01,3.336578369140625000e+00
7.111853027343750000e+01,7.129783153533935547e+00,8.866407394409179688e+00,7.634331226348876953e+00,2.970698118209838867e+00,3.579813241958618164e-01,2.644603490829467773e+00
7.161936187744140625e+01,6.968156337738037109e+00,8.830949783325195312e+00,7.868342399597167969e+00,3.097968101501464844e+00,4.102528691291809082e-01,2.161681890487670898e+00
7.212020111083984375e+01,6.850857734680175781e+00,8.797599792480468750e+00,8.050585746765136719e+00,3.181407213211059570e+00,4.606069624423980713e-01,1.812228798866271973e+00
7.262103271484375000e+01,6.749949932098388672e+00,8.763678550720214844e+00,8.198393821716308594e+00,3.246518373489379883e+00,5.122956633567810059e-01,1.540096640586853027e+00
7.312187194824218750e+01,6.656659126281738281e+00,8.728344917297363281e+00,8.321332931518554688e+00,3.303944110870361328e+00,5.666661262512207031e-01,1.320883393287658691e+00
7.362270355224609375e+01,6.566061019897460938e+00,8.691273689270019531e+00,8.425394058227539062e+00,3.359223604202270508e+00,6.243386864662170410e-01,1.140844106674194336e+00
7.412354278564453125e+01,6.475553035736083984e+00,8.652348518371582031e+00,8.514709472656250000e+00,3.415152549743652344e+00,6.855692267417907715e-01,9.909633398056030273e-01
7.462437438964843750e+01,6.382998943328857422e+00,8.611611366271972656e+00,8.592265129089355469e+00,3.473467111587524414e+00,7.503147721290588379e-01,8.648909330368041992e-01
7.512520599365234375e+01,6.287155628204345703e+00,8.569190979003906250e+00,8.660277366638183594e+00,3.535026311874389648e+00,8.182886242866516113e-01,7.579598426818847656e-01
7.562604522705078125e+01,6.186885356903076172e+00,8.525343894958496094e+00,8.720428466796875000e+00,3.600423336029052734e+00,8.889549970626831055e-01,6.666529774665832520e-01
7.612687683105468750e+01,6.081114292144775391e+00,8.480436325073242188e+00,8.774009704589843750e+00,3.670128345489501953e+00,9.615250229835510254e-01,5.882674455642700195e-01
7.662771606445312500e+01,5.969385147094726562e+00,8.434932708740234375e+00,8.822024345397949219e+00,3.744233131408691406e+00,1.035034418106079102e+00,5.206769108772277832e-01
7.712854766845703125e+01,5.850958347320556641e+00,8.389401435852050781e+00,8.865273475646972656e+00,3.822933912277221680e+00,1.108364939689636230e+00,4.621915519237518311e-01
7.762937927246093750e+01,5.725831985473632812e+00,8.344447135925292969e+00,8.904385566711425781e+00,3.906040191650390625e+00,1.180372953414916992e+00,4.114367663860321045e-01
7.813021850585937500e+01,5.594089031219482422e+00,8.300690650939941406e+00,8.939883232116699219e+00,3.993290662765502930e+00,1.249983549118041992e+00,3.672894239425659180e-01
7.863105010986328125e+01,5.455918312072753906e+00,8.258704185485839844e+00,8.972167015075683594e+00,4.084318637847900391e+00,1.316281676292419434e+00,3.288402557373046875e-01
7.913188934326171875e+01,5.312429904937744141e+00,8.218971252441406250e+00,9.001536369323730469e+00,4.178301334381103516e+00,1.378606557846069336e+00,2.953705787658691406e-01
7.963272094726562500e+01,5.164548873901367188e+00,8.181836128234863281e+00,9.028199195861816406e+00,4.274388790130615234e+00,1.436570763587951660e+00,2.663264572620391846e-01
8.013355255126953125e+01,5.014288902282714844e+00,8.147522926330566406e+00,9.052273750305175781e+00,4.371198177337646484e+00,1.490017294883728027e+00,2.412564903497695923e-01
8.063439178466796875e+01,4.863767147064208984e+00,8.116125106811523438e+00,9.073873519897460938e+00,4.467253208160400391e+00,1.538973212242126465e+00,2.197599858045578003e-01
8.113522338867187500e+01,4.714993000030517578e+00,8.087620735168457031e+00,9.093125343322753906e+00,4.561110019683837891e+00,1.583585023880004883e+00,2.014454901218414307e-01
8.163606262207031250e+01,4.570540428161621094e+00,8.061927795410156250e+00,9.110168457031250000e+00,4.651241302490234375e+00,1.624040246009826660e+00,1.859195232391357422e-01
8.213689422607421875e+01,4.431878566741943359e+00,8.038869857788085938e+00,9.125185012817382812e+00,4.736649990081787109e+00,1.660605907440185547e+00,1.728019118309020996e-01
8.263772583007812500e+01,4.300803661346435547e+00,8.018265724182128906e+00,9.138364791870117188e+00,4.816436290740966797e+00,1.693529248237609863e+00,1.617341190576553345e-01
8.313856506347656250e+01,4.178328037261962891e+00,7.999912738800048828e+00,9.149896621704101562e+00,4.890149593353271484e+00,1.723092317581176758e+00,1.523944139480590820e-01
8.363939666748046875e+01,4.064709186553955078e+00,7.983570575714111328e+00,9.159983634948730469e+00,4.957687854766845703e+00,1.749586462974548340e+00,1.445028483867645264e-01
8.414023590087890625e+01,3.960641622543334961e+00,7.969066619873046875e+00,9.168795585632324219e+00,5.018976211547851562e+00,1.773249506950378418e+00,1.378201395273208618e-01
8.464106750488281250e+01,7.286014556884765625e+00,8.904647827148437500e+00,7.971236705780029297e+00,2.716480970382690430e+00,3.200166225433349609e-01,1.918937802314758301e+00
8.514190673828125000e+01,7.230152130126953125e+00,8.865991592407226562e+00,8.252089500427246094e+00,2.683836460113525391e+00,3.874450922012329102e-01,1.490128397941589355e+00
8.564273834228515625e+01,7.104211330413818359e+00,8.819976806640625000e+00,8.384370803833007812e+00,2.793095350265502930e+00,4.498950242996215820e-01,1.240433931350708008e+00
8.614356994628906250e+01,7.018288612365722656e+00,8.778721809387207031e+00,8.487191200256347656e+00,2.868532180786132812e+00,5.093804597854614258e-01,1.059954047203063965e+00
8.664440917968750000e+01,6.945391654968261719e+00,8.738162040710449219e+00,8.573130607604980469e+00,2.930636882781982422e+00,5.699215531349182129e-01,9.158672094345092773e-01
8.714524078369140625e+01,6.876872062683105469e+00,8.696976661682128906e+00,8.647405624389648438e+00,2.988296270370483398e+00,6.328988075256347656e-01,7.961513400077819824e-01
8.764608001708984375e+01,6.808980464935302734e+00,8.654835700988769531e+00,8.712670326232910156e+00,3.045516490936279297e+00,6.985165476799011230e-01,6.949808597564697266e-01
8.814691162109375000e+01,8.849765777587890625e+00,2.409578323364257812e+00,8.688159942626953125e+00,2.306212484836578369e-01,7.614393234252929688e+00,6.839967370033264160e-01
8.864774322509765625e+01,8.860644340515136719e+00,3.565066576004028320e+00,8.905728340148925781e+00,2.778145670890808105e-01,7.849855422973632812e+00,4.860297739505767822e-01
8.914858245849609375e+01,8.799404144287109375e+00,3.614173889160156250e+00,8.885044097900390625e+00,3.330084085464477539e-01,7.152256965637207031e+00,4.607747793197631836e-01
8.964941406250000000e+01,8.749634742736816406e+00,3.926656961441040039e+00,8.872262954711914062e+00,3.931869566440582275e-01,6.605006694793701172e+00,4.639735817909240723e-01
9.015025329589843750e+01,8.700077056884765625e+00,4.390213966369628906e+00,8.850419044494628906e+00,4.610544145107269287e-01,6.028048992156982422e+00,4.860446453094482422e-01
9.065108489990234375e+01,8.647638320922851562e+00,4.934457302093505859e+00,8.825549125671386719e+00,5.383896231651306152e-01,5.441954135894775391e+00,5.161792039871215820e-01
9.115191650390625000e+01,8.590860366821289062e+00,5.494102954864501953e+00,8.802897453308105469e+00,6.263374090194702148e-01,4.875362396240234375e+00,5.463073253631591797e-01
9.165275573730468750e+01,8.499401092529296875e+00,7.798819065093994141e+00,8.226214408874511719e+00,7.580876350402832031e-01,2.155869722366333008e+00,1.438262939453125000e+00
9.215358734130859375e+01,8.442813873291015625e+00,7.869580745697021484e+00,8.325867652893066406e+00,8.575918674468994141e-01,2.036109209060668945e+00,1.281976699829101562e+00
9.265442657470703125e+01,8.374047279357910156e+00,7.953194618225097656e+00,8.394544601440429688e+00,9.733466506004333496e-01,1.901388049125671387e+00,1.178171396255493164e+00
9.315525817871093750e+01,8.301196098327636719e+00,8.034079551696777344e+00,8.453243255615234375e+00,1.096595168113708496e+00,1.768208146095275879e+00,1.089678406715393066e+00
9.365608978271484375e+01,8.224322319030761719e+00,8.106721878051757812e+00,8.507092475891113281e+00,1.225798487663269043e+00,1.646909356117248535e+00,1.008446335792541504e+00
9.415692901611328125e+01,8.143955230712890625e+00,8.170211791992187500e+00,8.557759284973144531e+00,1.358682394027709961e+00,1.539796471595764160e+00,9.320978522300720215e-01
9.465776062011718750e+01,8.061087608337402344e+00,8.224900245666503906e+00,8.605847358703613281e+00,1.492394566535949707e+00,1.446817755699157715e+00,8.599506020545959473e-01
9.515859985351562500e+01,7.977000713348388672e+00,8.271298408508300781e+00,8.651610374450683594e+00,1.623953104019165039e+00,1.367466568946838379e+00,7.918171286582946777e-01
9.565943145751953125e+01,7.893092632293701172e+00,8.309791564941406250e+00,8.695204734802246094e+00,1.750716686248779297e+00,1.301331758499145508e+00,7.276570796966552734e-01
9.616027069091796875e+01,7.810605525970458984e+00,8.340661048889160156e+00,8.736716270446777344e+00,1.870791196823120117e+00,1.248035788536071777e+00,6.674548387527465820e-01
9.666110229492187500e+01,7.730483531951904297e+00,8.364284515380859375e+00,8.776225090026855469e+00,1.983170151710510254e+00,1.206993103027343750e+00,6.111972928047180176e-01
9.716193389892578125e+01,7.653313159942626953e+00,8.381196975708007812e+00,8.813792228698730469e+00,2.087596178054809570e+00,1.177280902862548828e+00,5.588344335556030273e-01
9.766277313232421875e+01,7.579369544982910156e+00,8.392093658447265625e+00,8.849484443664550781e+00,2.184384107589721680e+00,1.157667398452758789e+00,5.102845430374145508e-01
9.816360473632812500e+01,7.508652687072753906e+00,8.397786140441894531e+00,8.883365631103515625e+00,2.274197340011596680e+00,1.146747708320617676e+00,4.654292762279510498e-01
9.866444396972656250e+01,7.441082954406738281e+00,8.399104118347167969e+00,8.915496826171875000e+00,2.357764720916748047e+00,1.143074631690979004e+00,4.241177737712860107e-01
9.916527557373046875e+01,7.376425266265869141e+00,8.396863937377929688e+00,8.945967674255371094e+00,2.435938835144042969e+00,1.145250558853149414e+00,3.861801028251647949e-01
9.966610717773437500e+01,7.314522266387939453e+00,8.391823768615722656e+00,8.974825859069824219e+00,2.509414196014404297e+00,1.151982188224792480e+00,3.514281511306762695e-01
1.001669464111328125e+02,7.255181312561035156e+00,8.384669303894042969e+00,9.002152442932128906e+00,2.578848123550415039e+00,1.162118673324584961e+00,3.196691572666168213e-01
1.006677780151367188e+02,7.198171615600585938e+00,8.376005172729492188e+00,9.028005599975585938e+00,2.644878387451171875e+00,1.174674153327941895e+00,2.907197773456573486e-01
1.011686172485351562e+02,7.143477916717529297e+00,8.366346359252929688e+00,9.052421569824218750e+00,2.707882881164550781e+00,1.188803434371948242e+00,2.644137442111968994e-01
1.016694488525390625e+02,7.090890884399414062e+00,8.356119155883789062e+00,9.075420379638671875e+00,2.768337249755859375e+00,1.203853130340576172e+00,2.406149506568908691e-01
1.021702804565429688e+02,7.040477752685546875e+00,8.345672607421875000e+00,9.096988677978515625e+00,2.826403141021728516e+00,1.219288110733032227e+00,2.192106992006301880e-01
1.026711196899414062e+02,6.992276668548583984e+00,8.335266113281250000e+00,9.117088317871093750e+00,2.882215738296508789e+00,1.234719872474670410e+00,2.001004964113235474e-01
1.031719512939453125e+02,6.946198940277099609e+00,8.325098991394042969e+00,9.135693550109863281e+00,2.935918092727661133e+00,1.249880075454711914e+00,1.831768900156021118e-01
1.036727905273437500e+02,6.902488231658935547e+00,8.315320968627929688e+00,9.152771949768066406e+00,2.987320184707641602e+00,1.264550209045410156e+00,1.683086007833480835e-01
1.041736221313476562e+02,6.860983371734619141e+00,8.306012153625488281e+00,9.168347358703613281e+00,3.036505222320556641e+00,1.278625011444091797e+00,1.553412973880767822e-01
1.046744537353515625e+02,6.821867942810058594e+00,8.297243118286132812e+00,9.182436943054199219e+00,3.083254337310791016e+00,1.292002201080322266e+00,1.440973430871963501e-01
1.051752929687500000e+02,6.785149097442626953e+00,8.289035797119140625e+00,9.195122718811035156e+00,3.127476692199707031e+00,1.304635047912597656e+00,1.343904733657836914e-01
1.056761245727539062e+02,6.750602245330810547e+00,8.281384468078613281e+00,9.206485748291015625e+00,3.169264316558837891e+00,1.316522002220153809e+00,1.260331124067306519e-01
1.061769638061523438e+02,6.718446254730224609e+00,8.274302482604980469e+00,9.216623306274414062e+00,3.208390951156616211e+00,1.327628612518310547e+00,1.188478767871856689e-01
1.066777954101562500e+02,6.688336372375488281e+00,8.267745018005371094e+00,9.225652694702148438e+00,3.245061159133911133e+00,1.338001012802124023e+00,1.126721575856208801e-01
1.071786346435546875e+02,6.660502433776855469e+00,8.261713981628417969e+00,9.233670234680175781e+00,3.279092550277709961e+00,1.347617983818054199e+00,1.073603555560112000e-01
1.076794662475585938e+02,6.634557723999023438e+00,8.256161689758300781e+00,9.240784645080566406e+00,3.310754299163818359e+00,1.356544852256774902e+00,1.027864888310432434e-01
1.081802978515625000e+02,6.610656738281250000e+00,8.251075744628906250e+00,9.247093200683593750e+00,3.339955568313598633e+00,1.364781737327575684e+00,9.884190559387207031e-02
1.086811370849609375e+02,6.588716506958007812e+00,8.246425628662109375e+00,9.252677917480468750e+00,3.366778373718261719e+00,1.372356772422790527e+00,9.543289244174957275e-02
1.091819686889648438e+02,6.568395137786865234e+00,8.242165565490722656e+00,9.257628440856933594e+00,3.391512870788574219e+00,1.379338383674621582e+00,9.248098731040954590e-02
1.096828079223632812e+02,6.549941062927246094e+00,8.238295555114746094e+00,9.262007713317871094e+00,3.414026021957397461e+00,1.385717272758483887e+00,8.992012590169906616e-02
1.101836395263671875e+02,6.532897472381591797e+00,8.234753608703613281e+00,9.265892028808593750e+00,3.434684991836547852e+00,1.391571998596191406e+00,8.769389241933822632e-02
1.106844711303710938e+02,6.517447471618652344e+00,8.231548309326171875e+00,9.269329071044921875e+00,3.453425407409667969e+00,1.396903991699218750e+00,8.575493097305297852e-02
1.111853103637695312e+02,6.503485679626464844e+00,8.228643417358398438e+00,9.272374153137207031e+00,3.470381021499633789e+00,1.401750683784484863e+00,8.406275510787963867e-02
1.116861419677734375e+02,6.490643978118896484e+00,8.225996017456054688e+00,9.275072097778320312e+00,3.485854148864746094e+00,1.406176090240478516e+00,8.258379250764846802e-02
1.121869812011718750e+02,6.479195594787597656e+00,8.223617553710937500e+00,9.277459144592285156e+00,3.499721527099609375e+00,1.410170912742614746e+00,8.128921687602996826e-02
1.126878128051757812e+02,6.468668460845947266e+00,8.221454620361328125e+00,9.279579162597656250e+00,3.512351274490356445e+00,1.413812518119812012e+00,8.015434443950653076e-02
1.131886444091796875e+02,6.459258079528808594e+00,8.219509124755859375e+00,9.281453132629394531e+00,3.523669004440307617e+00,1.417094349861145020e+00,7.915844023227691650e-02
1.136894836425781250e+02,6.450892448425292969e+00,8.217763900756835938e+00,9.283116340637207031e+00,3.533782243728637695e+00,1.420045256614685059e+00,7.828345149755477905e-02
1.141903152465820312e+02,6.443180084228515625e+00,8.216177940368652344e+00,9.284592628479003906e+00,3.542984485626220703e+00,1.422729611396789551e+00,7.751378417015075684e-02
1.146911544799804688e+02,6.436452388763427734e+00,8.214768409729003906e+00,9.285896301269531250e+00,3.551110982894897461e+00,1.425124764442443848e+00,7.683606445789337158e-02
1.151919860839843750e+02,6.430224895477294922e+00,8.213481903076171875e+00,9.287055015563964844e+00,3.558511257171630859e+00,1.427302956581115723e+00,7.623929530382156372e-02
1.156928176879882812e+02,6.424743652343750000e+00,8.212339401245117188e+00,9.288083076477050781e+00,3.565070867538452148e+00,1.429247617721557617e+00,7.571309059858322144e-02
1.161936569213867188e+02,6.419947624206542969e+00,8.211323738098144531e+00,9.288991928100585938e+00,3.570870399475097656e+00,1.430981159210205078e+00,7.524892687797546387e-02
1.166944885253906250e+02,6.415463924407958984e+00,8.210397720336914062e+00,9.289798736572265625e+00,3.576171159744262695e+00,1.432559370994567871e+00,7.483942806720733643e-02
1.171953277587890625e+02,6.411667823791503906e+00,8.209584236145019531e+00,9.290512084960937500e+00,3.580771684646606445e+00,1.433946609497070312e+00,7.447732985019683838e-02
1.176961593627929688e+02,6.408075332641601562e+00,8.208838462829589844e+00,9.291147232055664062e+00,3.585000753402709961e+00,1.435215234756469727e+00,7.415831834077835083e-02
1.181969985961914062e+02,6.405080795288085938e+00,8.208195686340332031e+00,9.291705131530761719e+00,3.588638544082641602e+00,1.436324596405029297e+00,7.387581467628479004e-02
1.186978302001953125e+02,6.402214527130126953e+00,8.207598686218261719e+00,9.292205810546875000e+00,3.592000961303710938e+00,1.437342166900634766e+00,7.362635433673858643e-02
1.191986618041992188e+02,6.399757385253906250e+00,8.207075119018554688e+00,9.292646408081054688e+00,3.594932794570922852e+00,1.438237547874450684e+00,7.340580224990844727e-02
1.196995010375976562e+02,6.397683143615722656e+00,8.206616401672363281e+00,9.293035507202148438e+00,3.597476005554199219e+00,1.439023137092590332e+00,7.321082800626754761e-02
1.202003326416015625e+02,6.395634174346923828e+00,8.206189155578613281e+00,9.293383598327636719e+00,3.599860429763793945e+00,1.439750671386718750e+00,7.303846627473831177e-02
1.207011718750000000e+02,6.394022941589355469e+00,8.205829620361328125e+00,9.293687820434570312e+00,3.601850032806396484e+00,1.440371751785278320e+00,7.288576662540435791e-02
1.212020034790039062e+02,6.392384052276611328e+00,8.205486297607421875e+00,9.293963432312011719e+00,3.603742361068725586e+00,1.440951824188232422e+00,7.275114208459854126e-02
1.217028350830078125e+02,6.391024112701416016e+00,8.205193519592285156e+00,9.294202804565429688e+00,3.605363130569458008e+00,1.441456317901611328e+00,7.263176143169403076e-02
1.222036743164062500e+02,5.030865073204040527e-01,8.006427764892578125e+00,9.310714721679687500e+00,8.788264274597167969e+00,1.731644392013549805e+00,6.718164682388305664e-02
1.227045059204101562e+02,1.459080815315246582e+00,8.275293350219726562e+00,9.361026763916015625e+00,7.516808986663818359e+00,1.196079730987548828e+00,5.911185964941978455e-02
1.232053451538085938e+02,1.546269297599792480e+00,8.320475578308105469e+00,9.342229843139648438e+00,8.505663871765136719e+00,1.578734874725341797e+00,6.223607063293457031e-02
1.237061767578125000e+02,1.708290457725524902e+00,7.661048889160156250e+00,9.325045585632324219e+00,7.496877670288085938e+00,2.369348049163818359e+00,6.601158529520034790e-02
1.242070083618164062e+02,2.315272092819213867e+00,6.542303085327148438e+00,9.309891700744628906e+00,6.729274272918701172e+00,3.577044248580932617e+00,7.180368900299072266e-02
1.247078475952148438e+02,3.610088825225830078e+00,5.031445980072021484e+00,9.297618865966796875e+00,6.190537929534912109e+00,4.842413425445556641e+00,7.904233783483505249e-02
1.252086791992187500e+02,3.847725391387939453e+00,8.416474342346191406e+00,9.307837486267089844e+00,8.999174118041992188e+00,6.188391208648681641e+00,9.536397457122802734e-02
1.257095184326171875e+02,3.834528684616088867e+00,8.380094528198242188e+00,9.264711380004882812e+00,8.012505531311035156e+00,4.377500057220458984e+00,1.264061480760574341e-01
1.262103500366210938e+02,4.919137477874755859e+00,7.999624729156494141e+00,9.256613731384277344e+00,7.439008712768554688e+00,4.901011943817138672e+00,1.306755244731903076e-01
1.267111816406250000e+02,6.024305343627929688e+00,7.619670391082763672e+00,9.249930381774902344e+00,6.842634201049804688e+00,5.333786964416503906e+00,1.344454437494277954e-01
1.272120208740234375e+02,7.269248008728027344e+00,7.257867336273193359e+00,9.246514320373535156e+00,6.223529338836669922e+00,5.724809646606445312e+00,1.361090242862701416e-01
1.277128524780273438e+02,8.294610977172851562e+00,6.943225860595703125e+00,9.250913619995117188e+00,5.466334819793701172e+00,6.233640193939208984e+00,1.342656314373016357e-01
1.282136840820312500e+02,8.244258880615234375e+00,4.408105850219726562e+00,9.254773139953613281e+00,2.887481451034545898e+00,6.287603378295898438e+00,1.191796958446502686e-01
1.287145233154296875e+02,7.899306297302246094e+00,3.832378864288330078e+00,9.233387947082519531e+00,2.233417034149169922e+00,5.448694229125976562e+00,1.206424310803413391e-01
1.292153625488281250e+02,7.936158657073974609e+00,4.256745338439941406e+00,9.221203804016113281e+00,2.177327632904052734e+00,5.245801448822021484e+00,1.292547434568405151e-01
1.297161865234375000e+02,7.900760650634765625e+00,4.602674961090087891e+00,9.207420349121093750e+00,2.129135131835937500e+00,4.977463722229003906e+00,1.378342062234878540e-01
1.302170257568359375e+02,7.859272480010986328e+00,4.999258995056152344e+00,9.194976806640625000e+00,2.124252557754516602e+00,4.701467037200927734e+00,1.460368782281875610e-01
1.307178649902343750e+02,7.807215213775634766e+00,5.418035030364990234e+00,9.184120178222656250e+00,2.145998954772949219e+00,4.409070968627929688e+00,1.533738821744918823e-01
1.312187042236328125e+02,8.021803855895996094e+00,8.623161315917968750e+00,8.310775756835937500e+00,1.601756095886230469e+00,7.788108587265014648e-01,1.369943261146545410e+00
1.317195281982421875e+02,8.008516311645507812e+00,8.576927185058593750e+00,8.479550361633300781e+00,1.613335847854614258e+00,8.722363710403442383e-01,1.097398042678833008e+00
1.322203674316406250e+02,7.975099086761474609e+00,8.541704177856445312e+00,8.571724891662597656e+00,1.658165216445922852e+00,9.321040511131286621e-01,9.426241517066955566e-01
1.327212066650390625e+02,7.943315505981445312e+00,8.519460678100585938e+00,8.642848014831542969e+00,1.702433705329895020e+00,9.708613753318786621e-01,8.290886878967285156e-01
1.332220306396484375e+02,7.910083770751953125e+00,8.502951622009277344e+00,8.703082084655761719e+00,1.749178290367126465e+00,9.997675418853759766e-01,7.364338040351867676e-01
1.337228698730468750e+02,7.874798774719238281e+00,8.489420890808105469e+00,8.756186485290527344e+00,1.798727631568908691e+00,1.023240089416503906e+00,6.574433445930480957e-01
1.342237091064453125e+02,7.837681293487548828e+00,8.477794647216796875e+00,8.803871154785156250e+00,1.850508213043212891e+00,1.043057560920715332e+00,5.888581275939941406e-01
1.347245483398437500e+02,7.799239158630371094e+00,8.467595100402832031e+00,8.847116470336914062e+00,1.903630256652832031e+00,1.060064315795898438e+00,5.287548303604125977e-01
1.352253723144531250e+02,7.760035991668701172e+00,8.458555221557617188e+00,8.886606216430664062e+00,1.957215785980224609e+00,1.074763298034667969e+00,4.757735431194305420e-01
1.357262115478515625e+02,7.720667839050292969e+00,8.450469970703125000e+00,8.922858238220214844e+00,2.010426521301269531e+00,1.087533354759216309e+00,4.288542866706848145e-01
1.362270507812500000e+02,7.681591987609863281e+00,8.443183898925781250e+00,8.956300735473632812e+00,2.062675237655639648e+00,1.098706722259521484e+00,3.871477842330932617e-01
1.367278747558593750e+02,7.643221378326416016e+00,8.436553001403808594e+00,8.987278938293457031e+00,2.113495826721191406e+00,1.108569383621215820e+00,3.499559760093688965e-01
1.372287139892578125e+02,7.605950832366943359e+00,8.430452346801757812e+00,9.016067504882812500e+00,2.162489891052246094e+00,1.117376089096069336e+00,3.166945278644561768e-01
1.377295532226562500e+02,7.569954872131347656e+00,8.424779891967773438e+00,9.042914390563964844e+00,2.209566831588745117e+00,1.125344872474670410e+00,2.868857681751251221e-01
1.382303771972656250e+02,7.535388469696044922e+00,8.419454574584960938e+00,9.068009376525878906e+00,2.254671096801757812e+00,1.132658362388610840e+00,2.601356506347656250e-01
1.387312164306640625e+02,7.502440452575683594e+00,8.414413452148437500e+00,9.091481208801269531e+00,2.297706365585327148e+00,1.139457106590270996e+00,2.361285984516143799e-01
1.392320556640625000e+02,7.471063613891601562e+00,8.409598350524902344e+00,9.113427162170410156e+00,2.338849306106567383e+00,1.145866274833679199e+00,2.146216630935668945e-01
1.397328948974609375e+02,7.441310882568359375e+00,8.404979705810546875e+00,9.133893013000488281e+00,2.378125667572021484e+00,1.151980042457580566e+00,1.954237520694732666e-01
1.402337188720703125e+02,7.413134098052978516e+00,8.400530815124511719e+00,9.152904510498046875e+00,2.415650606155395508e+00,1.157875657081604004e+00,1.783757954835891724e-01
1.407345581054687500e+02,7.386673450469970703e+00,8.396246910095214844e+00,9.170456886291503906e+00,2.451287746429443359e+00,1.163579225540161133e+00,1.633269041776657104e-01
1.412353973388671875e+02,7.361755371093750000e+00,8.392111778259277344e+00,9.186569213867187500e+00,2.485224246978759766e+00,1.169139504432678223e+00,1.501248180866241455e-01
1.417362213134765625e+02,7.442346572875976562e+00,8.420039176940917969e+00,9.217072486877441406e+00,2.393446922302246094e+00,1.130831480026245117e+00,1.285098046064376831e-01
1.422370605468750000e+02,7.413607597351074219e+00,8.412377357482910156e+00,9.229316711425781250e+00,2.433267831802368164e+00,1.141748189926147461e+00,1.200240030884742737e-01
1.427378997802734375e+02,7.393462657928466797e+00,8.408397674560546875e+00,9.240822792053222656e+00,2.462148666381835938e+00,1.147860765457153320e+00,1.122954487800598145e-01
1.432387237548828125e+02,7.376077651977539062e+00,8.405013084411621094e+00,9.251167297363281250e+00,2.487492322921752930e+00,1.152981877326965332e+00,1.055421158671379089e-01
1.437395629882812500e+02,7.360615730285644531e+00,8.401925086975097656e+00,9.260420799255371094e+00,2.510323762893676758e+00,1.157601475715637207e+00,9.968101233243942261e-02
1.442404022216796875e+02,7.346544265747070312e+00,8.399046897888183594e+00,9.268701553344726562e+00,2.531264066696166992e+00,1.161906719207763672e+00,9.460365027189254761e-02
1.447412414550781250e+02,7.333726406097412109e+00,8.396355628967285156e+00,9.276098251342773438e+00,2.550481319427490234e+00,1.165940403938293457e+00,9.020477533340454102e-02
1.452420654296875000e+02,7.321955680847167969e+00,8.393828392028808594e+00,9.282706260681152344e+00,2.568210124969482422e+00,1.169765353202819824e+00,8.639094978570938110e-02
1.457429046630859375e+02,7.311343669891357422e+00,8.391473770141601562e+00,9.288591384887695312e+00,2.584354400634765625e+00,1.173340559005737305e+00,8.307860046625137329e-02
1.462437438964843750e+02,7.301585197448730469e+00,8.389260292053222656e+00,9.293843269348144531e+00,2.599239826202392578e+00,1.176731109619140625e+00,8.019761741161346436e-02
1.467445678710937500e+02,7.292605876922607422e+00,8.387186050415039062e+00,9.298532485961914062e+00,2.612950086593627930e+00,1.179937362670898438e+00,7.768687605857849121e-02
1.472454071044921875e+02,7.284566879272460938e+00,8.385262489318847656e+00,9.302704811096191406e+00,2.625355482101440430e+00,1.182917356491088867e+00,7.549476623535156250e-02
1.477462463378906250e+02,7.277180194854736328e+00,8.383466720581054688e+00,9.306427001953125000e+00,2.636750459671020508e+00,1.185723662376403809e+00,7.357686012983322144e-02
1.482470855712890625e+02,7.270469188690185547e+00,8.381797790527343750e+00,9.309746742248535156e+00,2.647137641906738281e+00,1.188348770141601562e+00,7.189629226922988892e-02
1.487479095458984375e+02,7.264293670654296875e+00,8.380239486694335938e+00,9.312712669372558594e+00,2.656670331954956055e+00,1.190806031227111816e+00,7.042165100574493408e-02
1.492487487792968750e+02,7.258858680725097656e+00,8.378819465637207031e+00,9.315347671508789062e+00,2.665179491043090820e+00,1.193060278892517090e+00,6.912430375814437866e-02
1.497495880126953125e+02,7.253865242004394531e+00,8.377501487731933594e+00,9.317704200744628906e+00,2.672966480255126953e+00,1.195162653923034668e+00,6.798260658979415894e-02
1.502504119873046875e+02,7.249271869659423828e+00,8.376277923583984375e+00,9.319807052612304688e+00,2.680096626281738281e+00,1.197123289108276367e+00,6.697630137205123901e-02
1.507512512207031250e+02,7.245285034179687500e+00,8.375172615051269531e+00,9.321676254272460938e+00,2.686390638351440430e+00,1.198894739151000977e+00,6.608753651380538940e-02
1.512520904541015625e+02,7.241622447967529297e+00,8.374150276184082031e+00,9.323343276977539062e+00,2.692143917083740234e+00,1.200544953346252441e+00,6.530287861824035645e-02
1.517529144287109375e+02,7.238241195678710938e+00,8.373201370239257812e+00,9.324837684631347656e+00,2.697411060333251953e+00,1.202072858810424805e+00,6.460895389318466187e-02
1.522537536621093750e+02,7.235361099243164062e+00,8.372359275817871094e+00,9.326160430908203125e+00,2.702002286911010742e+00,1.203437685966491699e+00,6.399462372064590454e-02
1.527545928955078125e+02,7.232697963714599609e+00,8.371577262878417969e+00,9.327345848083496094e+00,2.706202745437622070e+00,1.204704523086547852e+00,6.345071643590927124e-02
1.532554321289062500e+02,7.230314254760742188e+00,8.370867729187011719e+00,9.328401565551757812e+00,2.709974527359008789e+00,1.205857634544372559e+00,6.296901404857635498e-02
1.537562561035156250e+02,7.228089809417724609e+00,8.370210647583007812e+00,9.329342842102050781e+00,2.713442325592041016e+00,1.206930041313171387e+00,6.254200637340545654e-02
1.542570953369140625e+02,7.226261615753173828e+00,8.369635581970214844e+00,9.330177307128906250e+00,2.716396808624267578e+00,1.207866668701171875e+00,6.216307356953620911e-02
1.547579345703125000e+02,7.224552631378173828e+00,8.369102478027343750e+00,9.330925941467285156e+00,2.719111442565917969e+00,1.208733558654785156e+00,6.182680651545524597e-02
1.552587585449218750e+02,7.222933292388916016e+00,8.368609428405761719e+00,9.331594467163085938e+00,2.721631526947021484e+00,1.209543108940124512e+00,6.152889505028724670e-02
1.557595977783203125e+02,7.221660137176513672e+00,8.368185997009277344e+00,9.332182884216308594e+00,2.723721027374267578e+00,1.210234284400939941e+00,6.126407906413078308e-02
1.562604370117187500e+02,7.220440864562988281e+00,8.367790222167968750e+00,9.332709312438964844e+00,2.725665330886840820e+00,1.210882067680358887e+00,6.102900952100753784e-02
1.567612762451171875e+02,7.219352722167968750e+00,8.367437362670898438e+00,9.333180427551269531e+00,2.727402925491333008e+00,1.211461782455444336e+00,6.082051247358322144e-02
1.572621002197265625e+02,7.218293666839599609e+00,8.367103576660156250e+00,9.333601951599121094e+00,2.729033231735229492e+00,1.212005496025085449e+00,6.063542142510414124e-02
1.577629394531250000e+02,7.217525005340576172e+00,8.366827964782714844e+00,9.333971023559570312e+00,2.730331659317016602e+00,1.212461948394775391e+00,6.047083437442779541e-02
1.582637786865234375e+02,7.216754913330078125e+00,8.366568565368652344e+00,9.334299087524414062e+00,2.731562852859497070e+00,1.212888836860656738e+00,6.032494828104972839e-02
1.587646026611328125e+02,7.215980052947998047e+00,8.366322517395019531e+00,9.334599494934082031e+00,2.732742786407470703e+00,1.213293910026550293e+00,6.019541621208190918e-02
1.592654418945312500e+02,7.215467453002929688e+00,8.366127014160156250e+00,9.334854125976562500e+00,2.733636140823364258e+00,1.213617205619812012e+00,6.008008122444152832e-02
1.597662811279296875e+02,7.214923858642578125e+00,8.365934371948242188e+00,9.335089683532714844e+00,2.734506130218505859e+00,1.213926196098327637e+00,5.997790023684501648e-02
1.602671051025390625e+02,7.214353084564208984e+00,8.365755081176757812e+00,9.335298538208007812e+00,2.735362529754638672e+00,1.214223623275756836e+00,5.988726764917373657e-02
1.607679443359375000e+02,7.214014530181884766e+00,8.365616798400878906e+00,9.335477828979492188e+00,2.735965013504028320e+00,1.214454293251037598e+00,5.980660021305084229e-02
1.612687835693359375e+02,7.213639259338378906e+00,8.365482330322265625e+00,9.335642814636230469e+00,2.736576557159423828e+00,1.214678525924682617e+00,5.973514169454574585e-02
1.617696228027343750e+02,7.213304042816162109e+00,8.365361213684082031e+00,9.335786819458007812e+00,2.737121582031250000e+00,1.214877128601074219e+00,5.967161431908607483e-02
1.622704467773437500e+02,7.212912559509277344e+00,8.365238189697265625e+00,9.335919380187988281e+00,2.737685918807983398e+00,1.215076565742492676e+00,5.961556732654571533e-02
1.627712860107421875e+02,7.212738513946533203e+00,8.365153312683105469e+00,9.336029052734375000e+00,2.738031625747680664e+00,1.215218186378479004e+00,5.956549569964408875e-02
1.632721252441406250e+02,7.212505340576171875e+00,8.365067481994628906e+00,9.336132049560546875e+00,2.738411664962768555e+00,1.215361356735229492e+00,5.952108278870582581e-02
1.637729492187500000e+02,7.212204933166503906e+00,8.364976882934570312e+00,9.336226463317871094e+00,2.738833427429199219e+00,1.215507507324218750e+00,5.948200076818466187e-02
1.642737884521484375e+02,7.212112903594970703e+00,8.364921569824218750e+00,9.336302757263183594e+00,2.739048480987548828e+00,1.215599417686462402e+00,5.944699421525001526e-02
1.647746276855468750e+02,7.211947441101074219e+00,8.364860534667968750e+00,9.336372375488281250e+00,2.739310264587402344e+00,1.215702891349792480e+00,5.941612645983695984e-02
1.652754516601562500e+02,7.211710929870605469e+00,8.364791870117187500e+00,9.336441040039062500e+00,2.739631414413452148e+00,1.215814590454101562e+00,5.938896164298057556e-02
1.657762908935546875e+02,7.211675167083740234e+00,8.364756584167480469e+00,9.336489677429199219e+00,2.739758253097534180e+00,1.215874314308166504e+00,5.936436355113983154e-02
1.662771301269531250e+02,2.993128299713134766e-01,8.237234115600585938e+00,9.344631195068359375e+00,9.175158500671386719e+00,1.517059087753295898e+00,5.762071162462234497e-02
1.667779693603515625e+02,1.478358268737792969e+00,8.413352012634277344e+00,9.381216049194335938e+00,7.335453510284423828e+00,1.118731260299682617e+00,5.123945698142051697e-02
1.672787933349609375e+02,5.979408740997314453e+00,7.337417602539062500e+00,9.180828094482421875e+00,4.933619022369384766e+00,7.100979804992675781e+00,2.432287931442260742e-01
1.677796325683593750e+02,7.463116168975830078e+00,6.900640010833740234e+00,8.689388275146484375e+00,2.542772054672241211e+00,3.394362211227416992e+00,7.307147979736328125e-01
1.682804718017578125e+02,7.574444293975830078e+00,6.571173667907714844e+00,8.808778762817382812e+00,2.341065168380737305e+00,3.630109786987304688e+00,5.599344968795776367e-01
1.687812957763671875e+02,7.687672138214111328e+00,6.438300132751464844e+00,8.866629600524902344e+00,2.181707382202148438e+00,3.765658617019653320e+00,4.905174374580383301e-01
1.692821350097656250e+02,7.802453041076660156e+00,6.400459766387939453e+00,8.900165557861328125e+00,2.008054971694946289e+00,3.799854278564453125e+00,4.512123167514801025e-01
1.697829742431640625e+02,8.456188201904296875e+00,4.312337398529052734e+00,8.908357620239257812e+00,9.009445309638977051e-01,5.629921913146972656e+00,4.252896904945373535e-01
1.702838134765625000e+02,8.484678268432617188e+00,4.716666698455810547e+00,8.938459396362304688e+00,8.820660710334777832e-01,5.362444877624511719e+00,3.985577225685119629e-01
1.707846374511718750e+02,8.490002632141113281e+00,4.973166942596435547e+00,8.944918632507324219e+00,8.697240352630615234e-01,5.113693714141845703e+00,3.927080333232879639e-01
1.712854766845703125e+02,8.492532730102539062e+00,5.284210681915283203e+00,8.946217536926269531e+00,8.640778064727783203e-01,4.845438003540039062e+00,3.930401802062988281e-01
1.717863159179687500e+02,8.488199234008789062e+00,5.621255397796630859e+00,8.944623947143554688e+00,8.703340291976928711e-01,4.557923316955566406e+00,3.966376185417175293e-01
1.722871398925781250e+02,8.476369857788085938e+00,5.957548618316650391e+00,8.942504882812500000e+00,8.893335461616516113e-01,4.262242794036865234e+00,4.007838368415832520e-01
1.727879791259765625e+02,8.457369804382324219e+00,6.274158000946044922e+00,8.941431045532226562e+00,9.205732345581054688e-01,3.969329833984375000e+00,4.036495983600616455e-01
1.732888183593750000e+02,8.431741714477539062e+00,6.560281753540039062e+00,8.942279815673828125e+00,9.631685018539428711e-01,3.687061548233032227e+00,4.042083323001861572e-01
1.737896423339843750e+02,8.400020599365234375e+00,6.812582492828369141e+00,8.945395469665527344e+00,1.016185402870178223e+00,3.420598745346069336e+00,4.020200967788696289e-01
1.742904815673828125e+02,8.362674713134765625e+00,7.032572269439697266e+00,8.950779914855957031e+00,1.078641057014465332e+00,3.172395706176757812e+00,3.970376253128051758e-01
1.747913208007812500e+02,8.320269584655761719e+00,7.223968029022216797e+00,8.958286285400390625e+00,1.149291753768920898e+00,2.942527055740356445e+00,3.894597589969635010e-01
1.752921600341796875e+02,8.273481369018554688e+00,7.391681194305419922e+00,8.967655181884765625e+00,1.226565837860107422e+00,2.729471683502197266e+00,3.796181082725524902e-01
1.757929840087890625e+02,8.223244667053222656e+00,7.540468215942382812e+00,8.978609085083007812e+00,1.308391809463500977e+00,2.530761003494262695e+00,3.678872585296630859e-01
1.762938232421875000e+02,8.170767784118652344e+00,7.674325466156005859e+00,8.990871429443359375e+00,1.392247557640075684e+00,2.343982219696044922e+00,3.546117842197418213e-01
1.767946624755859375e+02,8.117591857910156250e+00,7.795698642730712891e+00,9.004256248474121094e+00,1.475273728370666504e+00,2.167819738388061523e+00,3.400773704051971436e-01
1.772954864501953125e+02,8.065345764160156250e+00,7.905566215515136719e+00,9.018594741821289062e+00,1.554777503013610840e+00,2.002748250961303711e+00,3.245235383510589600e-01
1.777963256835937500e+02,8.015497207641601562e+00,8.003793716430664062e+00,9.033720016479492188e+00,1.628692865371704102e+00,1.850707530975341797e+00,3.081888258457183838e-01
1.782971649169921875e+02,7.969139099121093750e+00,8.089832305908203125e+00,9.049485206604003906e+00,1.695839524269104004e+00,1.714113235473632812e+00,2.913424968719482422e-01
1.787980041503906250e+02,7.926821708679199219e+00,8.163558006286621094e+00,9.065711975097656250e+00,1.755953669548034668e+00,1.594648361206054688e+00,2.742711305618286133e-01
1.792988281250000000e+02,7.888602256774902344e+00,8.225450515747070312e+00,9.082215309143066406e+00,1.809432148933410645e+00,1.492725014686584473e+00,2.572499513626098633e-01
1.797996673583984375e+02,7.854251861572265625e+00,8.276556968688964844e+00,9.098822593688964844e+00,1.856985330581665039e+00,1.407511830329895020e+00,2.405168563127517700e-01
1.803005065917968750e+02,7.823329925537109375e+00,8.318181991577148438e+00,9.115405082702636719e+00,1.899505853652954102e+00,1.337427735328674316e+00,2.242652177810668945e-01
1.808013305664062500e+02,7.795368671417236328e+00,8.351732254028320312e+00,9.131830215454101562e+00,1.937820911407470703e+00,1.280508160591125488e+00,2.086468636989593506e-01
1.813021697998046875e+02,7.769999027252197266e+00,8.378540039062500000e+00,9.147969245910644531e+00,1.972574949264526367e+00,1.234715938568115234e+00,1.937789767980575562e-01
1.818030090332031250e+02,7.746797561645507812e+00,8.399777412414550781e+00,9.163736343383789062e+00,2.004427909851074219e+00,1.198208093643188477e+00,1.797541528940200806e-01
1.823038330078125000e+02,7.725466251373291016e+00,8.416458129882812500e+00,9.179024696350097656e+00,2.033855676651000977e+00,1.169330239295959473e+00,1.666427999734878540e-01
1.828046722412109375e+02,7.705842494964599609e+00,8.429446220397949219e+00,9.193728446960449219e+00,2.061118125915527344e+00,1.146652102470397949e+00,1.544935107231140137e-01
1.833055114746093750e+02,7.687669754028320312e+00,8.439440727233886719e+00,9.207778930664062500e+00,2.086594343185424805e+00,1.129023671150207520e+00,1.433346718549728394e-01
1.838063507080078125e+02,7.670828819274902344e+00,8.447025299072265625e+00,9.221096992492675781e+00,2.110443592071533203e+00,1.115461707115173340e+00,1.331709623336791992e-01
1.843071746826171875e+02,7.655173301696777344e+00,8.452679634094238281e+00,9.233635902404785156e+00,2.132850885391235352e+00,1.105186104774475098e+00,1.239858493208885193e-01
1.848080139160156250e+02,7.640716552734375000e+00,8.456803321838378906e+00,9.245344161987304688e+00,2.153801441192626953e+00,1.097511053085327148e+00,1.157405823469161987e-01
1.853088531494140625e+02,7.627276420593261719e+00,8.459704399108886719e+00,9.256216049194335938e+00,2.173504352569580078e+00,1.091939568519592285e+00,1.083828955888748169e-01
1.858096771240234375e+02,7.614787101745605469e+00,8.461639404296875000e+00,9.266260147094726562e+00,2.192021131515502930e+00,1.088048219680786133e+00,1.018484160304069519e-01
1.863105163574218750e+02,7.603301048278808594e+00,8.462833404541015625e+00,9.275480270385742188e+00,2.209258794784545898e+00,1.085451722145080566e+00,9.606577455997467041e-02
1.868113555908203125e+02,7.592656612396240234e+00,8.463437080383300781e+00,9.283917427062988281e+00,2.225413560867309570e+00,1.083904027938842773e+00,9.096190333366394043e-02
1.873121795654296875e+02,7.582784652709960938e+00,8.463582992553710938e+00,9.291611671447753906e+00,2.240520954132080078e+00,1.083175539970397949e+00,8.646562695503234863e-02
1.878130187988281250e+02,7.573774814605712891e+00,8.463403701782226562e+00,9.298601150512695312e+00,2.254475116729736328e+00,1.083048701286315918e+00,8.250764012336730957e-02
1.883138580322265625e+02,7.565452098846435547e+00,8.462958335876464844e+00,9.304941177368164062e+00,2.267474174499511719e+00,1.083413958549499512e+00,7.902561873197555542e-02
1.888146972656250000e+02,7.557808399200439453e+00,8.462329864501953125e+00,9.310677528381347656e+00,2.279507398605346680e+00,1.084131002426147461e+00,7.596212625503540039e-02
1.893155212402343750e+02,7.550753593444824219e+00,8.461563110351562500e+00,9.315863609313964844e+00,2.290680408477783203e+00,1.085129022598266602e+00,7.326610386371612549e-02
1.898163604736328125e+02,7.544391632080078125e+00,8.460723876953125000e+00,9.320534706115722656e+00,2.300868511199951172e+00,1.086281180381774902e+00,7.089123874902725220e-02
1.903171997070312500e+02,7.538538455963134766e+00,8.459822654724121094e+00,9.324748039245605469e+00,2.310288429260253906e+00,1.087571740150451660e+00,6.879837065935134888e-02
1.908180236816406250e+02,9.041768074035644531e+00,7.244177818298339844e+00,9.102091789245605469e+00,5.401403307914733887e-01,8.550039291381835938e+00,4.119755327701568604e-01
1.913188629150390625e+02,9.019673347473144531e+00,7.344436168670654297e+00,9.146159172058105469e+00,6.339882016181945801e-01,8.264253616333007812e+00,3.323771059513092041e-01
1.918197021484375000e+02,8.984898567199707031e+00,6.956725597381591797e+00,9.213867187500000000e+00,6.605174541473388672e-01,8.420422554016113281e+00,2.750769555568695068e-01
1.923205413818359375e+02,8.863710403442382812e+00,2.449163675308227539e+00,9.330314636230468750e+00,4.502942860126495361e-01,8.100925445556640625e+00,1.079088971018791199e-01
1.928213653564453125e+02,8.776558876037597656e+00,2.907987833023071289e+00,9.244709014892578125e+00,5.027145743370056152e-01,6.676369190216064453e+00,1.313068866729736328e-01
1.933222045898437500e+02,8.710191726684570312e+00,3.647480487823486328e+00,9.191842079162597656e+00,5.859620571136474609e-01,5.908975124359130859e+00,1.644838154315948486e-01
1.938230438232421875e+02,8.640995979309082031e+00,4.453852653503417969e+00,9.151367187500000000e+00,6.841043829917907715e-01,5.258636474609375000e+00,1.952700465917587280e-01
1.943238677978515625e+02,8.567157745361328125e+00,5.241011619567871094e+00,9.121203422546386719e+00,7.957111597061157227e-01,4.673532962799072266e+00,2.211238890886306763e-01
1.948247070312500000e+02,8.488478660583496094e+00,5.945712566375732422e+00,9.099618911743164062e+00,9.184641838073730469e-01,4.128665924072265625e+00,2.412450611591339111e-01
1.953255462646484375e+02,8.406120300292968750e+00,6.533982276916503906e+00,9.085281372070312500e+00,1.048410177230834961e+00,3.618826866149902344e+00,2.555561661720275879e-01
1.958263702392578125e+02,8.322305679321289062e+00,7.003327846527099609e+00,9.077062606811523438e+00,1.180085301399230957e+00,3.150034427642822266e+00,2.643410265445709229e-01
1.963272094726562500e+02,8.240171432495117188e+00,7.370610237121582031e+00,9.074007987976074219e+00,1.306979894638061523e+00,2.729030609130859375e+00,2.680383920669555664e-01
1.968280487060546875e+02,8.163272857666015625e+00,7.655495643615722656e+00,9.075362205505371094e+00,1.422845721244812012e+00,2.361431837081909180e+00,2.671577930450439453e-01
1.973288879394531250e+02,8.094417572021484375e+00,7.874197959899902344e+00,9.080402374267578125e+00,1.523848533630371094e+00,2.051830530166625977e+00,2.623550593852996826e-01
1.978297119140625000e+02,8.034839630126953125e+00,8.039771080017089844e+00,9.088400840759277344e+00,1.609278798103332520e+00,1.801038026809692383e+00,2.544405758380889893e-01
1.983305511474609375e+02,7.984219074249267578e+00,8.163699150085449219e+00,9.098668098449707031e+00,1.680712342262268066e+00,1.604428529739379883e+00,2.442535609006881714e-01
1.988313903808593750e+02,1.129986882209777832e+00,8.391646385192871094e+00,9.148558616638183594e+00,8.572310447692871094e+00,1.153483748435974121e+00,2.053877562284469604e-01
1.993322143554687500e+02,6.871383190155029297e+00,6.460207462310791016e+00,9.025411605834960938e+00,5.529983043670654297e+00,7.647975444793701172e+00,4.139948487281799316e-01
1.998330535888671875e+02,6.690258979797363281e+00,6.965224742889404297e+00,9.054236412048339844e+00,5.440642356872558594e+00,6.506083011627197266e+00,3.673075139522552490e-01
2.003338928222656250e+02,7.384583473205566406e+00,6.680898666381835938e+00,9.086329460144042969e+00,5.287620067596435547e+00,6.807574748992919922e+00,3.294544517993927002e-01
2.008347320556640625e+02,3.407408475875854492e+00,8.416754722595214844e+00,9.034328460693359375e+00,8.374373435974121094e+00,4.073872566223144531e+00,3.967025279998779297e-01
2.013355560302734375e+02,4.892547607421875000e+00,7.773243904113769531e+00,9.059973716735839844e+00,7.451832294464111328e+00,5.079036235809326172e+00,3.513380885124206543e-01
2.018363952636718750e+02,6.150632381439208984e+00,7.192490100860595703e+00,9.058780670166015625e+00,6.822180271148681641e+00,5.750944137573242188e+00,3.453966677188873291e-01
2.023372344970703125e+02,7.793483734130859375e+00,6.541766166687011719e+00,9.083659172058105469e+00,5.754026889801025391e+00,6.709094047546386719e+00,3.260447382926940918e-01
2.028380584716796875e+02,7.536013126373291016e+00,4.160967350006103516e+00,9.076728820800781250e+00,3.341948986053466797e+00,6.094226360321044922e+00,2.758866250514984131e-01
2.033388977050781250e+02,7.588924407958984375e+00,4.210420608520507812e+00,9.046808242797851562e+00,2.750805139541625977e+00,5.769759178161621094e+00,2.982196807861328125e-01
2.038397369384765625e+02,7.743386745452880859e+00,4.348201751708984375e+00,9.023554801940917969e+00,2.317646026611328125e+00,5.567048549652099609e+00,3.187497556209564209e-01
2.043405609130859375e+02,7.903013229370117188e+00,4.526140213012695312e+00,9.004202842712402344e+00,1.977452874183654785e+00,5.395891666412353516e+00,3.374578356742858887e-01
2.048414001464843750e+02,8.043144226074218750e+00,4.730145931243896484e+00,8.987843513488769531e+00,1.704955339431762695e+00,5.230208873748779297e+00,3.543289303779602051e-01
2.053422393798828125e+02,8.159900665283203125e+00,4.952348709106445312e+00,8.974122047424316406e+00,1.485362410545349121e+00,5.059823036193847656e+00,3.692783415317535400e-01
2.058430786132812500e+02,8.255356788635253906e+00,5.187376499176025391e+00,8.962873458862304688e+00,1.308647274971008301e+00,4.881516456604003906e+00,3.821732401847839355e-01
2.063439025878906250e+02,8.331817626953125000e+00,5.430088043212890625e+00,8.954052925109863281e+00,1.168836474418640137e+00,4.694454193115234375e+00,3.928596079349517822e-01
2.068447418212890625e+02,8.390634536743164062e+00,5.675619602203369141e+00,8.947644233703613281e+00,1.062788367271423340e+00,4.499495506286621094e+00,4.011787176132202148e-01
2.073455810546875000e+02,8.432929992675781250e+00,5.918302536010742188e+00,8.943661689758300781e+00,9.877293109893798828e-01,4.297943115234375000e+00,4.069865345954895020e-01
2.078464050292968750e+02,8.460300445556640625e+00,6.153316974639892578e+00,8.942088127136230469e+00,9.400075078010559082e-01,4.092148303985595703e+00,4.101903140544891357e-01
2.083472442626953125e+02,8.474667549133300781e+00,6.377115726470947266e+00,8.942835807800292969e+00,9.155191183090209961e-01,3.884920597076416016e+00,4.107743203639984131e-01
2.088480834960937500e+02,8.477935791015625000e+00,6.586913108825683594e+00,8.945809364318847656e+00,9.104508757591247559e-01,3.678778648376464844e+00,4.088009297847747803e-01
2.093489074707031250e+02,8.471737861633300781e+00,6.781392097473144531e+00,8.950852394104003906e+00,9.216854572296142578e-01,3.476104974746704102e+00,4.044030010700225830e-01
2.098497467041015625e+02,8.457362174987792969e+00,6.960445880889892578e+00,8.957765579223632812e+00,9.468224644660949707e-01,3.278810739517211914e+00,3.977734446525573730e-01
2.103505859375000000e+02,8.435891151428222656e+00,7.124492645263671875e+00,8.966355323791503906e+00,9.839280843734741211e-01,3.088023185729980469e+00,3.891502320766448975e-01
2.108514251708984375e+02,8.408207893371582031e+00,7.274837970733642578e+00,8.976399421691894531e+00,1.031367301940917969e+00,2.904240369796752930e+00,3.788080513477325439e-01
2.113522491455078125e+02,8.375153541564941406e+00,7.413197040557861328e+00,8.987679481506347656e+00,1.087517261505126953e+00,2.727161645889282227e+00,3.670393228530883789e-01
2.118530883789062500e+02,8.337594985961914062e+00,7.541693210601806641e+00,8.999958992004394531e+00,1.150609374046325684e+00,2.555814504623413086e+00,3.541322052478790283e-01
2.123539276123046875e+02,8.296615600585937500e+00,7.662240982055664062e+00,9.013062477111816406e+00,1.218496441841125488e+00,2.388810157775878906e+00,3.403450846672058105e-01
2.128547515869140625e+02,8.253492355346679688e+00,7.776400566101074219e+00,9.026847839355468750e+00,1.288681268692016602e+00,2.225047111511230469e+00,3.258757591247558594e-01
2.133555908203125000e+02,8.209672927856445312e+00,7.884802341461181641e+00,9.041204452514648438e+00,1.358487963676452637e+00,2.064508914947509766e+00,3.108513951301574707e-01
2.138564300537109375e+02,8.166725158691406250e+00,7.986760139465332031e+00,9.056096076965332031e+00,1.425342559814453125e+00,1.908959865570068359e+00,2.953602373600006104e-01
2.143572692871093750e+02,8.125997543334960938e+00,8.080735206604003906e+00,9.071473121643066406e+00,1.487275958061218262e+00,1.761736392974853516e+00,2.795057892799377441e-01
2.148580932617187500e+02,8.088459968566894531e+00,8.165000915527343750e+00,9.087249755859375000e+00,1.543178200721740723e+00,1.626673460006713867e+00,2.634436786174774170e-01
2.153589324951171875e+02,8.054579734802246094e+00,8.238462448120117188e+00,9.103296279907226562e+00,1.592768311500549316e+00,1.506741404533386230e+00,2.473716586828231812e-01
2.158597717285156250e+02,8.024380683898925781e+00,8.300875663757324219e+00,9.119497299194335938e+00,1.636429667472839355e+00,1.403371930122375488e+00,2.314981073141098022e-01
2.163605957031250000e+02,7.997583389282226562e+00,8.352832794189453125e+00,9.135718345642089844e+00,1.674860239028930664e+00,1.316405296325683594e+00,2.160098403692245483e-01
2.168614349365234375e+02,7.973801136016845703e+00,8.395439147949218750e+00,9.151831626892089844e+00,1.708810567855834961e+00,1.244565725326538086e+00,2.010553926229476929e-01
2.173622741699218750e+02,7.952577114105224609e+00,8.429970741271972656e+00,9.167748451232910156e+00,1.739064455032348633e+00,1.186044573783874512e+00,1.867507100105285645e-01
2.178630981445312500e+02,7.933511257171630859e+00,8.457703590393066406e+00,9.183370590209960938e+00,1.766272306442260742e+00,1.138864040374755859e+00,1.731828898191452026e-01
2.183639373779296875e+02,7.916315078735351562e+00,8.479825973510742188e+00,9.198605537414550781e+00,1.790893316268920898e+00,1.101111054420471191e+00,1.604173481464385986e-01
2.188647766113281250e+02,7.900677204132080078e+00,8.497341156005859375e+00,9.213376045227050781e+00,1.813408493995666504e+00,1.071121454238891602e+00,1.485035568475723267e-01
2.193656158447265625e+02,7.886399745941162109e+00,8.511109352111816406e+00,9.227601051330566406e+00,1.834113121032714844e+00,1.047451615333557129e+00,1.374750882387161255e-01
2.198664398193359375e+02,7.873302936553955078e+00,8.521850585937500000e+00,9.241207122802734375e+00,1.853283524513244629e+00,1.028905510902404785e+00,1.273485869169235229e-01
2.203672790527343750e+02,7.861313343048095703e+00,8.530148506164550781e+00,9.254121780395507812e+00,1.871015906333923340e+00,1.014466047286987305e+00,1.181235462427139282e-01
2.208681182861328125e+02,7.850267410278320312e+00,8.536487579345703125e+00,9.266304016113281250e+00,1.887533545494079590e+00,1.003348588943481445e+00,1.097811684012413025e-01
2.213689422607421875e+02,7.840081214904785156e+00,8.541254997253417969e+00,9.277713775634765625e+00,1.902955532073974609e+00,9.948976039886474609e-01,1.022882387042045593e-01
2.218697814941406250e+02,7.830755233764648438e+00,8.544779777526855469e+00,9.288331031799316406e+00,1.917251467704772949e+00,9.885518550872802734e-01,9.559586644172668457e-02
2.223706207275390625e+02,7.822154521942138672e+00,8.547310829162597656e+00,9.298160552978515625e+00,1.930595636367797852e+00,9.839136600494384766e-01,8.964718878269195557e-02
2.228714599609375000e+02,7.814256668090820312e+00,8.549061775207519531e+00,9.307213783264160156e+00,1.943011283874511719e+00,9.806115031242370605e-01,8.437933027744293213e-02
2.233722839355468750e+02,7.806977272033691406e+00,8.550199508666992188e+00,9.315519332885742188e+00,1.954578757286071777e+00,9.783899188041687012e-01,7.972736656665802002e-02
2.238731231689453125e+02,7.800361156463623047e+00,8.550863265991210938e+00,9.323097229003906250e+00,1.965228319168090820e+00,9.769793748855590820e-01,7.562647759914398193e-02
2.243739624023437500e+02,7.794271469116210938e+00,8.551156997680664062e+00,9.330006599426269531e+00,1.975126504898071289e+00,9.762325882911682129e-01,7.201594859361648560e-02
2.248747863769531250e+02,7.788681507110595703e+00,8.551161766052246094e+00,9.336284637451171875e+00,1.984307885169982910e+00,9.760020375251770020e-01,6.883884221315383911e-02
2.253756256103515625e+02,7.783632278442382812e+00,8.550964355468750000e+00,9.341967582702636719e+00,1.992696285247802734e+00,9.761362671852111816e-01,6.604319810867309570e-02
2.258764648437500000e+02,7.778998374938964844e+00,8.550607681274414062e+00,9.347113609313964844e+00,2.000455617904663086e+00,9.765723347663879395e-01,6.358247250318527222e-02
2.263772888183593750e+02,7.774750709533691406e+00,8.550128936767578125e+00,9.351768493652343750e+00,2.007621765136718750e+00,9.772298932075500488e-01,6.141570582985877991e-02
2.268781280517578125e+02,7.770949840545654297e+00,8.549582481384277344e+00,9.355958938598632812e+00,2.014107465744018555e+00,9.780188798904418945e-01,5.950579419732093811e-02
2.273789672851562500e+02,7.767468452453613281e+00,8.548982620239257812e+00,9.359740257263183594e+00,2.020085811614990234e+00,9.789225459098815918e-01,5.782134085893630981e-02
2.278798065185546875e+02,7.764309406280517578e+00,8.548352241516113281e+00,9.363147735595703125e+00,2.025542974472045898e+00,9.798896908760070801e-01,5.633408576250076294e-02
2.283806304931640625e+02,7.761412620544433594e+00,8.547704696655273438e+00,9.366214752197265625e+00,2.030562400817871094e+00,9.809040427207946777e-01,5.502029135823249817e-02
2.288814697265625000e+02,7.758858203887939453e+00,8.547070503234863281e+00,9.368966102600097656e+00,2.035042047500610352e+00,9.819022417068481445e-01,5.385786667466163635e-02
2.293823089599609375e+02,7.756521224975585938e+00,8.546441078186035156e+00,9.371440887451171875e+00,2.039155721664428711e+00,9.829041361808776855e-01,5.282932519912719727e-02
2.298831329345703125e+02,9.042790412902832031e+00,6.991919517517089844e+00,9.261786460876464844e+00,7.578568458557128906e-01,8.585569381713867188e+00,2.324198484420776367e-01
2.303839721679687500e+02,9.004925727844238281e+00,7.047778129577636719e+00,9.290045738220214844e+00,8.899614214897155762e-01,8.298153877258300781e+00,1.896775215864181519e-01
2.308848114013671875e+02,8.948721885681152344e+00,5.618410110473632812e+00,9.432226181030273438e+00,8.323763012886047363e-01,8.998464584350585938e+00,1.261233091354370117e-01
2.313856353759765625e+02,8.761525154113769531e+00,2.272174835205078125e+00,9.352175712585449219e+00,6.272866725921630859e-01,7.047276973724365234e+00,7.703291624784469604e-02
2.318864746093750000e+02,8.687005043029785156e+00,2.954472541809082031e+00,9.316285133361816406e+00,7.146053910255432129e-01,6.079087734222412109e+00,8.958934247493743896e-02
2.323873138427734375e+02,8.602729797363281250e+00,3.681178092956542969e+00,9.280270576477050781e+00,8.344002366065979004e-01,5.462461948394775391e+00,1.083278432488441467e-01
2.328881530761718750e+02,8.511109352111816406e+00,4.526209831237792969e+00,9.249693870544433594e+00,9.710295200347900391e-01,4.897284507751464844e+00,1.271093189716339111e-01
2.333889770507812500e+02,8.414855003356933594e+00,5.432964801788330078e+00,9.225349426269531250e+00,1.114002943038940430e+00,4.320426940917968750e+00,1.437490731477737427e-01
2.338898162841796875e+02,8.320245742797851562e+00,6.284098625183105469e+00,9.207609176635742188e+00,1.249224066734313965e+00,3.717863082885742188e+00,1.566211283206939697e-01
2.343906555175781250e+02,8.235284805297851562e+00,6.962511539459228516e+00,9.196305274963378906e+00,1.365399718284606934e+00,3.130820274353027344e+00,1.650293618440628052e-01
2.348914794921875000e+02,8.165069580078125000e+00,7.448451995849609375e+00,9.190590858459472656e+00,1.459045886993408203e+00,2.612192153930664062e+00,1.692169308662414551e-01
2.353923187255859375e+02,8.255008697509765625e+00,8.566605567932128906e+00,8.842435836791992188e+00,1.274857521057128906e+00,9.639341235160827637e-01,5.713105797767639160e-01
2.358931579589843750e+02,8.219841003417968750e+00,8.578957557678222656e+00,8.906330108642578125e+00,1.339678287506103516e+00,9.535021185874938965e-01,4.867647588253021240e-01
2.363939971923828125e+02,8.174915313720703125e+00,8.593193054199218750e+00,8.946986198425292969e+00,1.409802317619323730e+00,9.293288588523864746e-01,4.340518116950988770e-01
2.368948211669921875e+02,8.136769294738769531e+00,8.609682083129882812e+00,8.980900764465332031e+00,1.468393445014953613e+00,9.016026258468627930e-01,3.919601738452911377e-01
2.373956604003906250e+02,8.103713989257812500e+00,8.623551368713378906e+00,9.011638641357421875e+00,1.518515110015869141e+00,8.784356713294982910e-01,3.551973402500152588e-01
2.378964996337890625e+02,8.074702262878417969e+00,8.633732795715332031e+00,9.040390014648437500e+00,1.562024593353271484e+00,8.614767789840698242e-01,3.220622837543487549e-01
2.383973236083984375e+02,8.049050331115722656e+00,8.640407562255859375e+00,9.067580223083496094e+00,1.600166082382202148e+00,8.503425717353820801e-01,2.919089496135711670e-01
2.388981628417968750e+02,8.026268005371093750e+00,8.644097328186035156e+00,9.093387603759765625e+00,1.633832812309265137e+00,8.440957665443420410e-01,2.644063234329223633e-01
2.393990020751953125e+02,8.005900382995605469e+00,8.645387649536132812e+00,9.117940902709960938e+00,1.663825869560241699e+00,8.417418599128723145e-01,2.393297553062438965e-01
2.398998260498046875e+02,7.987593650817871094e+00,8.644819259643554688e+00,9.141302108764648438e+00,1.690772533416748047e+00,8.423696756362915039e-01,2.164939194917678833e-01
2.404006652832031250e+02,7.971089363098144531e+00,8.642862319946289062e+00,9.163514137268066406e+00,1.715112090110778809e+00,8.451879620552062988e-01,1.957403868436813354e-01
2.409015045166015625e+02,7.956105709075927734e+00,8.639915466308593750e+00,9.184614181518554688e+00,1.737320899963378906e+00,8.495571017265319824e-01,1.769395172595977783e-01
2.414023437500000000e+02,7.942461967468261719e+00,8.636300086975097656e+00,9.204592704772949219e+00,1.757700324058532715e+00,8.549551963806152344e-01,1.599842607975006104e-01
2.419031677246093750e+02,7.929982662200927734e+00,8.632285118103027344e+00,9.223433494567871094e+00,1.776532769203186035e+00,8.609827756881713867e-01,1.447869539260864258e-01
2.424040069580078125e+02,7.918604850769042969e+00,8.628058433532714844e+00,9.241080284118652344e+00,1.793916940689086914e+00,8.673151135444641113e-01,1.312620937824249268e-01
2.429048461914062500e+02,7.908177375793457031e+00,8.623783111572265625e+00,9.257500648498535156e+00,1.810076594352722168e+00,8.737405538558959961e-01,1.193209886550903320e-01
2.434056701660156250e+02,7.898626327514648438e+00,8.619568824768066406e+00,9.272666931152343750e+00,1.825117230415344238e+00,8.800967931747436523e-01,1.088601201772689819e-01
2.439065093994140625e+02,7.889954566955566406e+00,8.615498542785644531e+00,9.286555290222167969e+00,1.839002609252929688e+00,8.862510919570922852e-01,9.975942969322204590e-02
2.444073486328125000e+02,8.018513679504394531e+00,8.895563125610351562e+00,8.904988288879394531e+00,1.625312566757202148e+00,4.389018416404724121e-01,5.001368522644042969e-01
2.449081878662109375e+02,8.044157981872558594e+00,8.874041557312011719e+00,8.978316307067871094e+00,1.605770468711853027e+00,4.921957254409790039e-01,4.065159559249877930e-01
2.454090118408203125e+02,8.025364875793457031e+00,8.842119216918945312e+00,9.023795127868652344e+00,1.634330391883850098e+00,5.387247800827026367e-01,3.488538861274719238e-01
2.459098510742187500e+02,8.009926795959472656e+00,8.815303802490234375e+00,9.061238288879394531e+00,1.657367825508117676e+00,5.789971351623535156e-01,3.047725260257720947e-01
2.464106903076171875e+02,7.996497154235839844e+00,8.791166305541992188e+00,9.094453811645507812e+00,1.677637577056884766e+00,6.160479187965393066e-01,2.680653631687164307e-01
2.469115142822265625e+02,7.984104156494140625e+00,8.768853187561035156e+00,9.124806404113769531e+00,1.696494460105895996e+00,6.506999135017395020e-01,2.364652305841445923e-01
2.474123535156250000e+02,7.972444534301757812e+00,8.748193740844726562e+00,9.152857780456542969e+00,1.714349150657653809e+00,6.829702854156494141e-01,2.089281231164932251e-01
2.479131927490234375e+02,7.961363315582275391e+00,8.729222297668457031e+00,9.178895950317382812e+00,1.731456398963928223e+00,7.126771211624145508e-01,1.848457604646682739e-01
2.484140167236328125e+02,7.950823783874511719e+00,8.711985588073730469e+00,9.203063011169433594e+00,1.747875809669494629e+00,7.396778464317321777e-01,1.638046056032180786e-01
2.489148559570312500e+02,7.940904617309570312e+00,8.696490287780761719e+00,9.225414276123046875e+00,1.763520240783691406e+00,7.639217972755432129e-01,1.454953402280807495e-01
2.494156951904296875e+02,7.931573867797851562e+00,8.682690620422363281e+00,9.245968818664550781e+00,1.778451204299926758e+00,7.854865789413452148e-01,1.296690553426742554e-01
2.499165344238281250e+02,7.922887325286865234e+00,8.670500755310058594e+00,9.264726638793945312e+00,1.792593836784362793e+00,8.045276999473571777e-01,1.160973012447357178e-01
2.504173583984375000e+02,7.914836406707763672e+00,8.659792900085449219e+00,9.281700134277343750e+00,1.805932283401489258e+00,8.212578892707824707e-01,1.045508384704589844e-01
2.509181976318359375e+02,7.907502174377441406e+00,8.650431632995605469e+00,9.296926498413085938e+00,1.818328142166137695e+00,8.358997106552124023e-01,9.479247033596038818e-02
2.514190368652343750e+02,7.900800228118896484e+00,8.642271995544433594e+00,9.310494422912597656e+00,1.829864263534545898e+00,8.487060070037841797e-01,8.658603578805923462e-02
2.519198608398437500e+02,7.894703865051269531e+00,8.635159492492675781e+00,9.322517395019531250e+00,1.840544104576110840e+00,8.599086403846740723e-01,7.970462739467620850e-02
2.524207000732421875e+02,7.889245986938476562e+00,8.628974914550781250e+00,9.333112716674804688e+00,1.850273847579956055e+00,8.696923851966857910e-01,7.393883168697357178e-02
2.529215393066406250e+02,7.884309768676757812e+00,8.623584747314453125e+00,9.342430114746093750e+00,1.859201550483703613e+00,8.782624602317810059e-01,6.910462677478790283e-02
2.534223632812500000e+02,7.879849910736083984e+00,8.618882179260253906e+00,9.350605964660644531e+00,1.867365241050720215e+00,8.857794404029846191e-01,6.504434347152709961e-02
2.539232025146484375e+02,7.875895977020263672e+00,8.614783287048339844e+00,9.357766151428222656e+00,1.874701142311096191e+00,8.923590779304504395e-01,6.162445247173309326e-02
2.544240417480468750e+02,7.872332096099853516e+00,8.611196517944335938e+00,9.364040374755859375e+00,1.881372690200805664e+00,8.981475234031677246e-01,5.873510241508483887e-02
2.549248809814453125e+02,7.869147300720214844e+00,8.608057975769042969e+00,9.369533538818359375e+00,1.887394666671752930e+00,9.032341241836547852e-01,5.628579482436180115e-02
2.554257049560546875e+02,7.866267681121826172e+00,8.605301856994628906e+00,9.374345779418945312e+00,1.892858862876892090e+00,9.077240228652954102e-01,5.420229956507682800e-02
2.559265441894531250e+02,7.863751411437988281e+00,8.602893829345703125e+00,9.378558158874511719e+00,1.897692561149597168e+00,9.116593599319458008e-01,5.242324247956275940e-02
2.564273681640625000e+02,7.931357860565185547e+00,8.696149826049804688e+00,9.226387977600097656e+00,1.769772768020629883e+00,7.537368535995483398e-01,1.452514827251434326e-01
2.569282226562500000e+02,7.936381816864013672e+00,8.686531066894531250e+00,9.255200386047363281e+00,1.772782206535339355e+00,7.814900279045104980e-01,1.235387846827507019e-01
2.574290466308593750e+02,7.927131175994873047e+00,8.672395706176757812e+00,9.275576591491699219e+00,1.789019346237182617e+00,8.035557270050048828e-01,1.091598421335220337e-01
2.579298706054687500e+02,7.918941974639892578e+00,8.661128044128417969e+00,9.292427062988281250e+00,1.802764892578125000e+00,8.209896087646484375e-01,9.807578474283218384e-02
2.584307250976562500e+02,7.911938667297363281e+00,8.651806831359863281e+00,9.307020187377929688e+00,1.814778804779052734e+00,8.355416655540466309e-01,8.906190842390060425e-02
2.589315490722656250e+02,7.905648231506347656e+00,8.643864631652832031e+00,9.319840431213378906e+00,1.825770258903503418e+00,8.480402231216430664e-01,8.160157501697540283e-02
2.594323730468750000e+02,7.900065898895263672e+00,8.637022018432617188e+00,9.331093788146972656e+00,1.835724592208862305e+00,8.588583469390869141e-01,7.538899034261703491e-02
2.599332275390625000e+02,7.895100593566894531e+00,8.631104469299316406e+00,9.340960502624511719e+00,1.844730973243713379e+00,8.682563900947570801e-01,7.020086050033569336e-02
2.604340515136718750e+02,7.890553951263427734e+00,8.625957489013671875e+00,9.349619865417480469e+00,1.853061199188232422e+00,8.764833807945251465e-01,6.585869193077087402e-02
2.609349060058593750e+02,7.886578559875488281e+00,8.621493339538574219e+00,9.357180595397949219e+00,1.860478878021240234e+00,8.836408257484436035e-01,6.221280619502067566e-02
2.614357299804687500e+02,7.882920742034912109e+00,8.617594718933105469e+00,9.363809585571289062e+00,1.867332100868225098e+00,8.899376392364501953e-01,5.914327129721641541e-02
2.619365539550781250e+02,7.879698753356933594e+00,8.614199638366699219e+00,9.369596481323242188e+00,1.873446583747863770e+00,8.954420685768127441e-01,5.654883757233619690e-02
2.624374084472656250e+02,7.876871109008789062e+00,8.611241340637207031e+00,9.374649047851562500e+00,1.878874182701110840e+00,9.002509713172912598e-01,5.434793606400489807e-02
2.629382324218750000e+02,7.874245166778564453e+00,8.608637809753417969e+00,9.379084587097167969e+00,1.883899450302124023e+00,9.045099616050720215e-01,5.247513204813003540e-02
2.634390563964843750e+02,7.871954441070556641e+00,8.606367111206054688e+00,9.382958412170410156e+00,1.888333916664123535e+00,9.082351326942443848e-01,5.087523907423019409e-02
2.639399108886718750e+02,7.869968414306640625e+00,8.604381561279296875e+00,9.386343955993652344e+00,1.892225503921508789e+00,9.114921092987060547e-01,4.950415343046188354e-02
2.644407348632812500e+02,7.868094444274902344e+00,8.602624893188476562e+00,9.389322280883789062e+00,1.895853400230407715e+00,9.143970608711242676e-01,4.832607880234718323e-02
2.649415588378906250e+02,7.866481304168701172e+00,8.601090431213378906e+00,9.391929626464843750e+00,1.899021029472351074e+00,9.169355630874633789e-01,4.731088131666183472e-02
2.654424133300781250e+02,7.865102291107177734e+00,8.599751472473144531e+00,9.394208908081054688e+00,1.901767373085021973e+00,9.191499948501586914e-01,4.643325880169868469e-02
2.659432373046875000e+02,7.863767147064208984e+00,8.598556518554687500e+00,9.396221160888671875e+00,1.904360413551330566e+00,9.211444854736328125e-01,4.567399621009826660e-02
2.664440612792968750e+02,7.862634658813476562e+00,8.597514152526855469e+00,9.397984504699707031e+00,1.906597018241882324e+00,9.228793978691101074e-01,4.501461982727050781e-02
2.669449157714843750e+02,7.861692905426025391e+00,8.596603393554687500e+00,9.399523735046386719e+00,1.908504366874694824e+00,9.243864417076110840e-01,4.444134980440139771e-02
2.674457397460937500e+02,7.860740184783935547e+00,8.595786094665527344e+00,9.400893211364746094e+00,1.910349726676940918e+00,9.257586002349853516e-01,4.394266381859779358e-02
2.679465637207031250e+02,7.859954357147216797e+00,8.595075607299804688e+00,9.402090072631835938e+00,1.911916613578796387e+00,9.269484281539916992e-01,4.350762441754341125e-02
2.684474182128906250e+02,7.859314441680908203e+00,8.594458580017089844e+00,9.403134346008300781e+00,1.913225769996643066e+00,9.279735088348388672e-01,4.312743246555328369e-02
2.689482421875000000e+02,7.858638286590576172e+00,8.593894958496093750e+00,9.404068946838378906e+00,1.914537191390991211e+00,9.289225339889526367e-01,4.279537871479988098e-02
2.694490966796875000e+02,7.858149051666259766e+00,8.593419075012207031e+00,9.404874801635742188e+00,1.915547490119934082e+00,9.297166466712951660e-01,4.250448569655418396e-02
2.699499206542968750e+02,7.857605934143066406e+00,8.592981338500976562e+00,9.405600547790527344e+00,1.916594982147216797e+00,9.304595589637756348e-01,4.225014895200729370e-02
2.704507446289062500e+02,7.857174873352050781e+00,8.592602729797363281e+00,9.406231880187988281e+00,1.917449235916137695e+00,9.310939311981201172e-01,4.202686995267868042e-02
2.709515991210937500e+02,7.856859683990478516e+00,8.592281341552734375e+00,9.406779289245605469e+00,1.918121576309204102e+00,9.316295981407165527e-01,4.183072969317436218e-02
2.714524230957031250e+02,7.856465816497802734e+00,8.591975212097167969e+00,9.407278060913085938e+00,1.918874502182006836e+00,9.321478605270385742e-01,4.165910556912422180e-02
2.719532470703125000e+02,7.856170177459716797e+00,8.591715812683105469e+00,9.407710075378417969e+00,1.919464349746704102e+00,9.325839877128601074e-01,4.150810465216636658e-02
2.724541015625000000e+02,7.855967998504638672e+00,8.591498374938964844e+00,9.408083915710449219e+00,1.919905662536621094e+00,9.329447746276855469e-01,4.137518629431724548e-02
2.729549255371093750e+02,7.855675220489501953e+00,8.591287612915039062e+00,9.408426284790039062e+00,1.920448064804077148e+00,9.333071708679199219e-01,4.125877097249031067e-02
2.734557495117187500e+02,7.855473995208740234e+00,8.591108322143554688e+00,9.408721923828125000e+00,1.920854568481445312e+00,9.336064457893371582e-01,4.115609824657440186e-02
2.739566040039062500e+02,7.855354785919189453e+00,8.590962409973144531e+00,9.408973693847656250e+00,1.921133399009704590e+00,9.338473677635192871e-01,4.106555506587028503e-02
2.744574279785156250e+02,7.855133056640625000e+00,8.590814590454101562e+00,9.409212112426757812e+00,1.921533823013305664e+00,9.341030120849609375e-01,4.098646342754364014e-02
2.749582519531250000e+02,7.854995727539062500e+00,8.590694427490234375e+00,9.409414291381835938e+00,1.921816110610961914e+00,9.343089461326599121e-01,4.091648384928703308e-02
2.754591064453125000e+02,7.854929924011230469e+00,8.590596199035644531e+00,9.409584045410156250e+00,1.921980023384094238e+00,9.344650506973266602e-01,4.085471853613853455e-02
2.759599304199218750e+02,7.854761600494384766e+00,8.590491294860839844e+00,9.409750938415527344e+00,1.922282576560974121e+00,9.346495866775512695e-01,4.080067947506904602e-02
2.764607543945312500e+02,7.854665756225585938e+00,8.590406417846679688e+00,9.409890174865722656e+00,1.922474622726440430e+00,9.347905516624450684e-01,4.075301438570022583e-02
2.769616088867187500e+02,7.854641914367675781e+00,8.590343475341796875e+00,9.410003662109375000e+00,1.922563910484313965e+00,9.348894953727722168e-01,4.071058332920074463e-02
2.774624328613281250e+02,7.854504108428955078e+00,8.590267181396484375e+00,9.410119056701660156e+00,1.922797203063964844e+00,9.350258708000183105e-01,4.067372158169746399e-02
2.779632873535156250e+02,7.854500770568847656e+00,8.590221405029296875e+00,9.410206794738769531e+00,1.922848701477050781e+00,9.350945949554443359e-01,4.064084962010383606e-02
2.784641113281250000e+02,7.854380607604980469e+00,8.590160369873046875e+00,9.410299301147460938e+00,1.923047780990600586e+00,9.352067708969116211e-01,4.061223939061164856e-02
2.789649353027343750e+02,7.854330539703369141e+00,8.590117454528808594e+00,9.410371780395507812e+00,1.923150658607482910e+00,9.352813959121704102e-01,4.058681428432464600e-02
2.794657897949218750e+02,7.854343414306640625e+00,8.590087890625000000e+00,9.410429954528808594e+00,1.923158168792724609e+00,9.353249669075012207e-01,4.056427627801895142e-02
2.799666137695312500e+02,7.854241371154785156e+00,8.590041160583496094e+00,9.410494804382324219e+00,1.923322081565856934e+00,9.354076385498046875e-01,4.054473713040351868e-02
2.804674377441406250e+02,7.854208469390869141e+00,8.590010643005371094e+00,9.410545349121093750e+00,1.923391222953796387e+00,9.354568123817443848e-01,4.052735492587089539e-02
2.809682922363281250e+02,7.854237556457519531e+00,8.589995384216308594e+00,9.410582542419433594e+00,1.923374414443969727e+00,9.354800581932067871e-01,4.051179066300392151e-02
2.814691162109375000e+02,7.854146957397460938e+00,8.589959144592285156e+00,9.410630226135253906e+00,1.923513889312744141e+00,9.355452060699462891e-01,4.049848392605781555e-02
2.819699401855468750e+02,7.854125022888183594e+00,8.589940071105957031e+00,9.410664558410644531e+00,1.923560500144958496e+00,9.355797171592712402e-01,4.048646241426467896e-02
2.824707946777343750e+02,7.854161262512207031e+00,8.589931488037109375e+00,9.410687446594238281e+00,1.923521757125854492e+00,9.355862140655517578e-01,4.047591239213943481e-02
2.829716186523437500e+02,7.854082107543945312e+00,8.589904785156250000e+00,9.410723686218261719e+00,1.923638820648193359e+00,9.356375336647033691e-01,4.046688228845596313e-02
2.834724426269531250e+02,7.854068279266357422e+00,8.589890480041503906e+00,9.410746574401855469e+00,1.923675537109375000e+00,9.356636404991149902e-01,4.045866057276725769e-02
2.839732971191406250e+02,7.854112625122070312e+00,8.589887619018554688e+00,9.410759925842285156e+00,1.923623323440551758e+00,9.356598258018493652e-01,4.045114666223526001e-02
2.844741210937500000e+02,7.854043006896972656e+00,8.589866638183593750e+00,9.410786628723144531e+00,1.923730373382568359e+00,9.357024431228637695e-01,4.044492542743682861e-02
2.849749450683593750e+02,7.854028701782226562e+00,8.589857101440429688e+00,9.410802841186523438e+00,1.923752903938293457e+00,9.357194900512695312e-01,4.043933749198913574e-02
2.854757995605468750e+02,7.854082107543945312e+00,8.589859008789062500e+00,9.410811424255371094e+00,1.923690319061279297e+00,9.357107877731323242e-01,4.043421149253845215e-02
2.859766235351562500e+02,7.854006290435791016e+00,8.589838981628417969e+00,9.410829544067382812e+00,1.923790693283081055e+00,9.357475638389587402e-01,4.043005034327507019e-02
2.864774475097656250e+02,7.854000091552734375e+00,8.589834213256835938e+00,9.410840988159179688e+00,1.923807382583618164e+00,9.357578754425048828e-01,4.042621329426765442e-02
2.869783020019531250e+02,7.854055881500244141e+00,8.589838027954101562e+00,9.410842895507812500e+00,1.923738360404968262e+00,9.357436895370483398e-01,4.042267799377441406e-02
2.874791259765625000e+02,7.853988170623779297e+00,8.589821815490722656e+00,9.410859107971191406e+00,1.923832535743713379e+00,9.357769489288330078e-01,4.041981697082519531e-02
2.879799804687500000e+02,7.854043960571289062e+00,8.589826583862304688e+00,9.410860061645507812e+00,1.923762679100036621e+00,9.357604980468750000e-01,4.041695967316627502e-02
2.884808044433593750e+02,7.853976726531982422e+00,8.589812278747558594e+00,9.410875320434570312e+00,1.923854351043701172e+00,9.357907772064208984e-01,4.041490703821182251e-02
2.889816284179687500e+02,7.853973865509033203e+00,8.589808464050292969e+00,9.410880088806152344e+00,1.923863172531127930e+00,9.357985258102416992e-01,4.041281342506408691e-02
2.894824829101562500e+02,7.854029178619384766e+00,8.589816093444824219e+00,9.410877227783203125e+00,1.923786401748657227e+00,9.357777833938598633e-01,4.041072353720664978e-02
2.899833068847656250e+02,7.853967189788818359e+00,8.589801788330078125e+00,9.410890579223632812e+00,1.923877596855163574e+00,9.358090758323669434e-01,4.040936008095741272e-02
2.904841308593750000e+02,7.853964805603027344e+00,8.589801788330078125e+00,9.410895347595214844e+00,1.923882007598876953e+00,9.358139038085937500e-01,4.040801897644996643e-02
2.909849853515625000e+02,7.854020595550537109e+00,8.589808464050292969e+00,9.410889625549316406e+00,1.923805713653564453e+00,9.357928633689880371e-01,4.040652513504028320e-02
2.914858093261718750e+02,7.853958606719970703e+00,8.589797973632812500e+00,9.410902976989746094e+00,1.923891305923461914e+00,9.358204007148742676e-01,4.040577262639999390e-02
2.919866333007812500e+02,7.853958129882812500e+00,8.589797019958496094e+00,9.410904884338378906e+00,1.923895359039306641e+00,9.358227849006652832e-01,4.040471836924552917e-02
2.924874877929687500e+02,7.854015827178955078e+00,8.589803695678710938e+00,9.410900115966796875e+00,1.923816680908203125e+00,9.358015060424804688e-01,4.040364176034927368e-02
2.929883117675781250e+02,7.853952884674072266e+00,8.589793205261230469e+00,9.410909652709960938e+00,1.923903107643127441e+00,9.358292222023010254e-01,4.040312394499778748e-02
2.934891357421875000e+02,7.853950500488281250e+00,8.589792251586914062e+00,9.410911560058593750e+00,1.923905253410339355e+00,9.358307123184204102e-01,4.040237888693809509e-02
2.939899902343750000e+02,7.854012489318847656e+00,8.589801788330078125e+00,9.410905838012695312e+00,1.923825621604919434e+00,9.358068108558654785e-01,4.040151461958885193e-02
2.944908142089843750e+02,7.853949069976806641e+00,8.589788436889648438e+00,9.410914421081542969e+00,1.923911094665527344e+00,9.358350038528442383e-01,4.040124639868736267e-02
2.949916381835937500e+02,7.853948593139648438e+00,8.589788436889648438e+00,9.410915374755859375e+00,1.923912405967712402e+00,9.358351230621337891e-01,4.040079936385154724e-02
2.954924926757812500e+02,7.854008674621582031e+00,8.589799880981445312e+00,9.410908699035644531e+00,1.923830389976501465e+00,9.358116388320922852e-01,4.040013626217842102e-02
2.959933166503906250e+02,7.853945732116699219e+00,8.589786529541015625e+00,9.410917282104492188e+00,1.923915386199951172e+00,9.358373880386352539e-01,4.040011763572692871e-02
2.964941711425781250e+02,7.854006290435791016e+00,8.589797973632812500e+00,9.410909652709960938e+00,1.923832535743713379e+00,9.358143210411071777e-01,4.039957746863365173e-02
2.969949951171875000e+02,7.853945255279541016e+00,8.589785575866699219e+00,9.410919189453125000e+00,1.923917770385742188e+00,9.358393549919128418e-01,4.039955884218215942e-02
2.974958190917968750e+02,7.853945255279541016e+00,8.589785575866699219e+00,9.410921096801757812e+00,1.923918724060058594e+00,9.358401298522949219e-01,4.039928689599037170e-02
2.979966735839843750e+02,7.854005813598632812e+00,8.589797019958496094e+00,9.410912513732910156e+00,1.923836350440979004e+00,9.358163475990295410e-01,4.039885103702545166e-02
2.984974975585937500e+02,7.853942871093750000e+00,8.589784622192382812e+00,9.410922050476074219e+00,1.923919439315795898e+00,9.358412623405456543e-01,4.039888828992843628e-02
2.989983215332031250e+02,7.853943347930908203e+00,8.589784622192382812e+00,9.410922050476074219e+00,1.923919558525085449e+00,9.358416199684143066e-01,4.039870947599411011e-02
2.994991760253906250e+02,7.854003906250000000e+00,8.589796066284179688e+00,9.410914421081542969e+00,1.923838138580322266e+00,9.358178973197937012e-01,4.039833322167396545e-02
3.000000000000000000e+02,7.853940486907958984e+00,8.589784622192382812e+00,9.410922050476074219e+00,1.923922181129455566e+00,9.358428120613098145e-01,4.039848595857620239e-02
