time,true_A,true_B,true_C,true_D,true_E,true_F,true_G,true_H,true_I,true_J,true_K,true_L,true_M,onestep_A,onestep_B,onestep_C,onestep_D,onestep_E,onestep_F,onestep_G,onestep_H,onestep_I,onestep_J,onestep_K,onestep_L,onestep_M,rollout_A,rollout_B,rollout_C,rollout_D,rollout_E,rollout_F,rollout_G,rollout_H,rollout_I,rollout_J,rollout_K,rollout_L,rollout_M
5.008347034454345703e-01,0.000000000000000000e+00,0.000000000000000000e+00,0.000000000000000000e+00,0.000000000000000000e+00,0.000000000000000000e+00,0.000000000000000000e+00,0.000000000000000000e+00,0.000000000000000000e+00,0.000000000000000000e+00,0.000000000000000000e+00,0.000000000000000000e+00,0.000000000000000000e+00,0.000000000000000000e+00,0.000000000000000000e+00,0.000000000000000000e+00,0.000000000000000000e+00,0.000000000000000000e+00,0.000000000000000000e+00,0.000000000000000000e+00,0.000000000000000000e+00,0.000000000000000000e+00,0.000000000000000000e+00,0.000000000000000000e+00,0.000000000000000000e+00,0.000000000000000000e+00,0.000000000000000000e+00,0.000000000000000000e+00,0.000000000000000000e+00,0.000000000000000000e+00,0.000000000000000000e+00,0.000000000000000000e+00,0.000000000000000000e+00,0.000000000000000000e+00,0.000000000000000000e+00,0.000000000000000000e+00,0.000000000000000000e+00,0.000000000000000000e+00,0.000000000000000000e+00,0.000000000000000000e+00
1.001669406890869141e+00,0.000000000000000000e+00,0.000000000000000000e+00,0.000000000000000000e+00,0.000000000000000000e+00,0.000000000000000000e+00,0.000000000000000000e+00,0.000000000000000000e+00,0.000000000000000000e+00,0.000000000000000000e+00,0.000000000000000000e+00,0.000000000000000000e+00,0.000000000000000000e+00,0.000000000000000000e+00,0.000000000000000000e+00,0.000000000000000000e+00,0.000000000000000000e+00,0.000000000000000000e+00,0.000000000000000000e+00,0.000000000000000000e+00,0.000000000000000000e+00,0.000000000000000000e+00,0.000000000000000000e+00,0.000000000000000000e+00,0.000000000000000000e+00,0.000000000000000000e+00,0.000000000000000000e+00,0.000000000000000000e+00,0.000000000000000000e+00,0.000000000000000000e+00,0.000000000000000000e+00,0.000000000000000000e+00,0.000000000000000000e+00,0.000000000000000000e+00,0.000000000000000000e+00,0.000000000000000000e+00,0.000000000000000000e+00,0.000000000000000000e+00,0.000000000000000000e+00,0.000000000000000000e+00
1.502504229545593262e+00,0.000000000000000000e+00,0.000000000000000000e+00,0.000000000000000000e+00,0.000000000000000000e+00,0.000000000000000000e+00,0.000000000000000000e+00,0.000000000000000000e+00,0.000000000000000000e+00,0.000000000000000000e+00,0.000000000000000000e+00,0.000000000000000000e+00,0.000000000000000000e+00,0.000000000000000000e+00,0.000000000000000000e+00,0.000000000000000000e+00,0.000000000000000000e+00,0.000000000000000000e+00,0.000000000000000000e+00,0.000000000000000000e+00,0.000000000000000000e+00,0.000000000000000000e+00,0.000000000000000000e+00,0.000000000000000000e+00,0.000000000000000000e+00,0.000000000000000000e+00,0.000000000000000000e+00,0.000000000000000000e+00,0.000000000000000000e+00,0.000000000000000000e+00,0.000000000000000000e+00,0.000000000000000000e+00,0.000000000000000000e+00,0.000000000000000000e+00,0.000000000000000000e+00,0.000000000000000000e+00,0.000000000000000000e+00,0.000000000000000000e+00,0.000000000000000000e+00,0.000000000000000000e+00
2.003338813781738281e+00,0.000000000000000000e+00,0.000000000000000000e+00,0.000000000000000000e+00,0.000000000000000000e+00,0.000000000000000000e+00,0.000000000000000000e+00,0.000000000000000000e+00,0.000000000000000000e+00,0.000000000000000000e+00,0.000000000000000000e+00,0.000000000000000000e+00,0.000000000000000000e+00,0.000000000000000000e+00,0.000000000000000000e+00,0.000000000000000000e+00,0.000000000000000000e+00,0.000000000000000000e+00,0.000000000000000000e+00,0.000000000000000000e+00,0.000000000000000000e+00,0.000000000000000000e+00,0.000000000000000000e+00,0.000000000000000000e+00,0.000000000000000000e+00,0.000000000000000000e+00,0.000000000000000000e+00,0.000000000000000000e+00,0.000000000000000000e+00,0.000000000000000000e+00,0.000000000000000000e+00,0.000000000000000000e+00,0.000000000000000000e+00,0.000000000000000000e+00,0.000000000000000000e+00,0.000000000000000000e+00,0.000000000000000000e+00,0.000000000000000000e+00,0.000000000000000000e+00,0.000000000000000000e+00
2.504173517227172852e+00,0.000000000000000000e+00,0.000000000000000000e+00,0.000000000000000000e+00,0.000000000000000000e+00,0.000000000000000000e+00,0.000000000000000000e+00,0.000000000000000000e+00,0.000000000000000000e+00,0.000000000000000000e+00,0.000000000000000000e+00,0.000000000000000000e+00,0.000000000000000000e+00,0.000000000000000000e+00,0.000000000000000000e+00,0.000000000000000000e+00,0.000000000000000000e+00,0.000000000000000000e+00,0.000000000000000000e+00,0.000000000000000000e+00,0.000000000000000000e+00,0.000000000000000000e+00,0.000000000000000000e+00,0.000000000000000000e+00,0.000000000000000000e+00,0.000000000000000000e+00,0.000000000000000000e+00,0.000000000000000000e+00,0.000000000000000000e+00,0.000000000000000000e+00,0.000000000000000000e+00,0.000000000000000000e+00,0.000000000000000000e+00,0.000000000000000000e+00,0.000000000000000000e+00,0.000000000000000000e+00,0.000000000000000000e+00,0.000000000000000000e+00,0.000000000000000000e+00,0.000000000000000000e+00
3.005008459091186523e+00,0.000000000000000000e+00,0.000000000000000000e+00,0.000000000000000000e+00,0.000000000000000000e+00,0.000000000000000000e+00,0.000000000000000000e+00,0.000000000000000000e+00,0.000000000000000000e+00,0.000000000000000000e+00,0.000000000000000000e+00,0.000000000000000000e+00,0.000000000000000000e+00,0.000000000000000000e+00,0.000000000000000000e+00,0.000000000000000000e+00,0.000000000000000000e+00,0.000000000000000000e+00,0.000000000000000000e+00,0.000000000000000000e+00,0.000000000000000000e+00,0.000000000000000000e+00,0.000000000000000000e+00,0.000000000000000000e+00,0.000000000000000000e+00,0.000000000000000000e+00,0.000000000000000000e+00,0.000000000000000000e+00,0.000000000000000000e+00,0.000000000000000000e+00,0.000000000000000000e+00,0.000000000000000000e+00,0.000000000000000000e+00,0.000000000000000000e+00,0.000000000000000000e+00,0.000000000000000000e+00,0.000000000000000000e+00,0.000000000000000000e+00,0.000000000000000000e+00,0.000000000000000000e+00
3.505843162536621094e+00,0.000000000000000000e+00,0.000000000000000000e+00,0.000000000000000000e+00,0.000000000000000000e+00,0.000000000000000000e+00,0.000000000000000000e+00,0.000000000000000000e+00,0.000000000000000000e+00,0.000000000000000000e+00,0.000000000000000000e+00,0.000000000000000000e+00,0.000000000000000000e+00,0.000000000000000000e+00,0.000000000000000000e+00,0.000000000000000000e+00,0.000000000000000000e+00,0.000000000000000000e+00,0.000000000000000000e+00,0.000000000000000000e+00,0.000000000000000000e+00,0.000000000000000000e+00,0.000000000000000000e+00,0.000000000000000000e+00,0.000000000000000000e+00,0.000000000000000000e+00,0.000000000000000000e+00,0.000000000000000000e+00,0.000000000000000000e+00,0.000000000000000000e+00,0.000000000000000000e+00,0.000000000000000000e+00,0.000000000000000000e+00,0.000000000000000000e+00,0.000000000000000000e+00,0.000000000000000000e+00,0.000000000000000000e+00,0.000000000000000000e+00,0.000000000000000000e+00,0.000000000000000000e+00
4.006677627563476562e+00,0.000000000000000000e+00,0.000000000000000000e+00,0.000000000000000000e+00,0.000000000000000000e+00,0.000000000000000000e+00,0.000000000000000000e+00,0.000000000000000000e+00,0.000000000000000000e+00,0.000000000000000000e+00,0.000000000000000000e+00,0.000000000000000000e+00,0.000000000000000000e+00,0.000000000000000000e+00,0.000000000000000000e+00,0.000000000000000000e+00,0.000000000000000000e+00,0.000000000000000000e+00,0.000000000000000000e+00,0.000000000000000000e+00,0.000000000000000000e+00,0.000000000000000000e+00,0.000000000000000000e+00,0.000000000000000000e+00,0.000000000000000000e+00,0.000000000000000000e+00,0.000000000000000000e+00,0.000000000000000000e+00,0.000000000000000000e+00,0.000000000000000000e+00,0.000000000000000000e+00,0.000000000000000000e+00,0.000000000000000000e+00,0.000000000000000000e+00,0.000000000000000000e+00,0.000000000000000000e+00,0.000000000000000000e+00,0.000000000000000000e+00,0.000000000000000000e+00,0.000000000000000000e+00
4.507512569427490234e+00,0.000000000000000000e+00,0.000000000000000000e+00,0.000000000000000000e+00,0.000000000000000000e+00,0.000000000000000000e+00,0.000000000000000000e+00,0.000000000000000000e+00,0.000000000000000000e+00,0.000000000000000000e+00,0.000000000000000000e+00,0.000000000000000000e+00,0.000000000000000000e+00,0.000000000000000000e+00,0.000000000000000000e+00,0.000000000000000000e+00,0.000000000000000000e+00,0.000000000000000000e+00,0.000000000000000000e+00,0.000000000000000000e+00,0.000000000000000000e+00,0.000000000000000000e+00,0.000000000000000000e+00,0.000000000000000000e+00,0.000000000000000000e+00,0.000000000000000000e+00,0.000000000000000000e+00,0.000000000000000000e+00,0.000000000000000000e+00,0.000000000000000000e+00,0.000000000000000000e+00,0.000000000000000000e+00,0.000000000000000000e+00,0.000000000000000000e+00,0.000000000000000000e+00,0.000000000000000000e+00,0.000000000000000000e+00,0.000000000000000000e+00,0.000000000000000000e+00,0.000000000000000000e+00
5.008347034454345703e+00,0.000000000000000000e+00,0.000000000000000000e+00,0.000000000000000000e+00,0.000000000000000000e+00,0.000000000000000000e+00,0.000000000000000000e+00,0.000000000000000000e+00,0.000000000000000000e+00,0.000000000000000000e+00,0.000000000000000000e+00,0.000000000000000000e+00,0.000000000000000000e+00,0.000000000000000000e+00,0.000000000000000000e+00,0.000000000000000000e+00,0.000000000000000000e+00,0.000000000000000000e+00,0.000000000000000000e+00,0.000000000000000000e+00,0.000000000000000000e+00,0.000000000000000000e+00,0.000000000000000000e+00,0.000000000000000000e+00,0.000000000000000000e+00,0.000000000000000000e+00,0.000000000000000000e+00,0.000000000000000000e+00,0.000000000000000000e+00,0.000000000000000000e+00,0.000000000000000000e+00,0.000000000000000000e+00,0.000000000000000000e+00,0.000000000000000000e+00,0.000000000000000000e+00,0.000000000000000000e+00,0.000000000000000000e+00,0.000000000000000000e+00,0.000000000000000000e+00,0.000000000000000000e+00
5.509181976318359375e+00,0.000000000000000000e+00,0.000000000000000000e+00,0.000000000000000000e+00,0.000000000000000000e+00,0.000000000000000000e+00,0.000000000000000000e+00,0.000000000000000000e+00,0.000000000000000000e+00,0.000000000000000000e+00,0.000000000000000000e+00,0.000000000000000000e+00,0.000000000000000000e+00,0.000000000000000000e+00,0.000000000000000000e+00,0.000000000000000000e+00,0.000000000000000000e+00,0.000000000000000000e+00,0.000000000000000000e+00,0.000000000000000000e+00,0.000000000000000000e+00,0.000000000000000000e+00,0.000000000000000000e+00,0.000000000000000000e+00,0.000000000000000000e+00,0.000000000000000000e+00,0.000000000000000000e+00,0.000000000000000000e+00,0.000000000000000000e+00,0.000000000000000000e+00,0.000000000000000000e+00,0.000000000000000000e+00,0.000000000000000000e+00,0.000000000000000000e+00,0.000000000000000000e+00,0.000000000000000000e+00,0.000000000000000000e+00,0.000000000000000000e+00,0.000000000000000000e+00,0.000000000000000000e+00
6.010016918182373047e+00,0.000000000000000000e+00,0.000000000000000000e+00,0.000000000000000000e+00,0.000000000000000000e+00,0.000000000000000000e+00,0.000000000000000000e+00,0.000000000000000000e+00,0.000000000000000000e+00,0.000000000000000000e+00,0.000000000000000000e+00,0.000000000000000000e+00,0.000000000000000000e+00,0.000000000000000000e+00,0.000000000000000000e+00,0.000000000000000000e+00,0.000000000000000000e+00,0.000000000000000000e+00,0.000000000000000000e+00,0.000000000000000000e+00,0.000000000000000000e+00,0.000000000000000000e+00,0.000000000000000000e+00,0.000000000000000000e+00,0.000000000000000000e+00,0.000000000000000000e+00,0.000000000000000000e+00,0.000000000000000000e+00,0.000000000000000000e+00,0.000000000000000000e+00,0.000000000000000000e+00,0.000000000000000000e+00,0.000000000000000000e+00,0.000000000000000000e+00,0.000000000000000000e+00,0.000000000000000000e+00,0.000000000000000000e+00,0.000000000000000000e+00,0.000000000000000000e+00,0.000000000000000000e+00
6.510851383209228516e+00,0.000000000000000000e+00,0.000000000000000000e+00,0.000000000000000000e+00,0.000000000000000000e+00,0.000000000000000000e+00,0.000000000000000000e+00,0.000000000000000000e+00,0.000000000000000000e+00,0.000000000000000000e+00,0.000000000000000000e+00,0.000000000000000000e+00,0.000000000000000000e+00,0.000000000000000000e+00,0.000000000000000000e+00,0.000000000000000000e+00,0.000000000000000000e+00,0.000000000000000000e+00,0.000000000000000000e+00,0.000000000000000000e+00,0.000000000000000000e+00,0.000000000000000000e+00,0.000000000000000000e+00,0.000000000000000000e+00,0.000000000000000000e+00,0.000000000000000000e+00,0.000000000000000000e+00,0.000000000000000000e+00,0.000000000000000000e+00,0.000000000000000000e+00,0.000000000000000000e+00,0.000000000000000000e+00,0.000000000000000000e+00,0.000000000000000000e+00,0.000000000000000000e+00,0.000000000000000000e+00,0.000000000000000000e+00,0.000000000000000000e+00,0.000000000000000000e+00,0.000000000000000000e+00
7.011686325073242188e+00,0.000000000000000000e+00,0.000000000000000000e+00,0.000000000000000000e+00,0.000000000000000000e+00,0.000000000000000000e+00,0.000000000000000000e+00,0.000000000000000000e+00,0.000000000000000000e+00,0.000000000000000000e+00,0.000000000000000000e+00,0.000000000000000000e+00,0.000000000000000000e+00,0.000000000000000000e+00,0.000000000000000000e+00,0.000000000000000000e+00,0.000000000000000000e+00,0.000000000000000000e+00,0.000000000000000000e+00,0.000000000000000000e+00,0.000000000000000000e+00,0.000000000000000000e+00,0.000000000000000000e+00,0.000000000000000000e+00,0.000000000000000000e+00,0.000000000000000000e+00,0.000000000000000000e+00,0.000000000000000000e+00,0.000000000000000000e+00,0.000000000000000000e+00,0.000000000000000000e+00,0.000000000000000000e+00,0.000000000000000000e+00,0.000000000000000000e+00,0.000000000000000000e+00,0.000000000000000000e+00,0.000000000000000000e+00,0.000000000000000000e+00,0.000000000000000000e+00,0.000000000000000000e+00
7.512520790100097656e+00,0.000000000000000000e+00,0.000000000000000000e+00,0.000000000000000000e+00,0.000000000000000000e+00,0.000000000000000000e+00,0.000000000000000000e+00,0.000000000000000000e+00,0.000000000000000000e+00,0.000000000000000000e+00,0.000000000000000000e+00,0.000000000000000000e+00,0.000000000000000000e+00,0.000000000000000000e+00,0.000000000000000000e+00,0.000000000000000000e+00,0.000000000000000000e+00,0.000000000000000000e+00,0.000000000000000000e+00,0.000000000000000000e+00,0.000000000000000000e+00,0.000000000000000000e+00,0.000000000000000000e+00,0.000000000000000000e+00,0.000000000000000000e+00,0.000000000000000000e+00,0.000000000000000000e+00,0.000000000000000000e+00,0.000000000000000000e+00,0.000000000000000000e+00,0.000000000000000000e+00,0.000000000000000000e+00,0.000000000000000000e+00,0.000000000000000000e+00,0.000000000000000000e+00,0.000000000000000000e+00,0.000000000000000000e+00,0.000000000000000000e+00,0.000000000000000000e+00,0.000000000000000000e+00
8.013355255126953125e+00,0.000000000000000000e+00,0.000000000000000000e+00,0.000000000000000000e+00,0.000000000000000000e+00,0.000000000000000000e+00,0.000000000000000000e+00,0.000000000000000000e+00,0.000000000000000000e+00,0.000000000000000000e+00,0.000000000000000000e+00,0.000000000000000000e+00,0.000000000000000000e+00,0.000000000000000000e+00,0.000000000000000000e+00,0.000000000000000000e+00,0.000000000000000000e+00,0.000000000000000000e+00,0.000000000000000000e+00,0.000000000000000000e+00,0.000000000000000000e+00,0.000000000000000000e+00,0.000000000000000000e+00,0.000000000000000000e+00,0.000000000000000000e+00,0.000000000000000000e+00,0.000000000000000000e+00,0.000000000000000000e+00,0.000000000000000000e+00,0.000000000000000000e+00,0.000000000000000000e+00,0.000000000000000000e+00,0.000000000000000000e+00,0.000000000000000000e+00,0.000000000000000000e+00,0.000000000000000000e+00,0.000000000000000000e+00,0.000000000000000000e+00,0.000000000000000000e+00,0.000000000000000000e+00
8.514190673828125000e+00,0.000000000000000000e+00,0.000000000000000000e+00,0.000000000000000000e+00,0.000000000000000000e+00,0.000000000000000000e+00,0.000000000000000000e+00,0.000000000000000000e+00,0.000000000000000000e+00,0.000000000000000000e+00,0.000000000000000000e+00,0.000000000000000000e+00,0.000000000000000000e+00,0.000000000000000000e+00,0.000000000000000000e+00,0.000000000000000000e+00,0.000000000000000000e+00,0.000000000000000000e+00,0.000000000000000000e+00,0.000000000000000000e+00,0.000000000000000000e+00,0.000000000000000000e+00,0.000000000000000000e+00,0.000000000000000000e+00,0.000000000000000000e+00,0.000000000000000000e+00,0.000000000000000000e+00,0.000000000000000000e+00,0.000000000000000000e+00,0.000000000000000000e+00,0.000000000000000000e+00,0.000000000000000000e+00,0.000000000000000000e+00,0.000000000000000000e+00,0.000000000000000000e+00,0.000000000000000000e+00,0.000000000000000000e+00,0.000000000000000000e+00,0.000000000000000000e+00,0.000000000000000000e+00
9.015025138854980469e+00,0.000000000000000000e+00,0.000000000000000000e+00,0.000000000000000000e+00,0.000000000000000000e+00,0.000000000000000000e+00,0.000000000000000000e+00,0.000000000000000000e+00,0.000000000000000000e+00,0.000000000000000000e+00,0.000000000000000000e+00,0.000000000000000000e+00,0.000000000000000000e+00,0.000000000000000000e+00,0.000000000000000000e+00,0.000000000000000000e+00,0.000000000000000000e+00,0.000000000000000000e+00,0.000000000000000000e+00,0.000000000000000000e+00,0.000000000000000000e+00,0.000000000000000000e+00,0.000000000000000000e+00,0.000000000000000000e+00,0.000000000000000000e+00,0.000000000000000000e+00,0.000000000000000000e+00,0.000000000000000000e+00,0.000000000000000000e+00,0.000000000000000000e+00,0.000000000000000000e+00,0.000000000000000000e+00,0.000000000000000000e+00,0.000000000000000000e+00,0.000000000000000000e+00,0.000000000000000000e+00,0.000000000000000000e+00,0.000000000000000000e+00,0.000000000000000000e+00,0.000000000000000000e+00
9.515859603881835938e+00,0.000000000000000000e+00,0.000000000000000000e+00,0.000000000000000000e+00,0.000000000000000000e+00,0.000000000000000000e+00,0.000000000000000000e+00,9.202463924884796143e-02,4.322257041931152344e-01,1.793582290410995483e-01,1.417074725031852722e-02,1.267512678168714046e-03,7.233618816826492548e-05,5.609897925751283765e-06,0.000000000000000000e+00,0.000000000000000000e+00,0.000000000000000000e+00,0.000000000000000000e+00,0.000000000000000000e+00,0.000000000000000000e+00,9.144610911607742310e-02,4.312364161014556885e-01,1.787060797214508057e-01,1.305851154029369354e-02,2.163417637348175049e-03,1.372118014842271805e-03,1.142135821282863617e-03,0.000000000000000000e+00,0.000000000000000000e+00,0.000000000000000000e+00,0.000000000000000000e+00,0.000000000000000000e+00,0.000000000000000000e+00,9.153137356042861938e-02,4.313817918300628662e-01,1.788026988506317139e-01,1.335280016064643860e-02,1.846361206844449043e-03,1.159413717687129974e-03,1.050334656611084938e-03
1.001669406890869141e+01,0.000000000000000000e+00,0.000000000000000000e+00,0.000000000000000000e+00,0.000000000000000000e+00,0.000000000000000000e+00,0.000000000000000000e+00,1.264563053846359253e-01,2.054942995309829712e-01,3.099263012409210205e-01,5.842160806059837341e-02,1.583873853087425232e-02,2.450655912980437279e-03,5.368844140321016312e-04,0.000000000000000000e+00,0.000000000000000000e+00,0.000000000000000000e+00,0.000000000000000000e+00,0.000000000000000000e+00,0.000000000000000000e+00,1.258128881454467773e-01,2.047565132379531860e-01,3.090759217739105225e-01,5.776757374405860901e-02,1.464405097067356110e-02,4.237297922372817993e-03,2.830551937222480774e-03,0.000000000000000000e+00,0.000000000000000000e+00,0.000000000000000000e+00,0.000000000000000000e+00,0.000000000000000000e+00,0.000000000000000000e+00,1.258164942264556885e-01,2.047595381736755371e-01,3.090822994709014893e-01,5.771325528621673584e-02,1.523542311042547226e-02,4.190151579678058624e-03,2.327639609575271606e-03
1.051752948760986328e+01,0.000000000000000000e+00,0.000000000000000000e+00,0.000000000000000000e+00,0.000000000000000000e+00,0.000000000000000000e+00,0.000000000000000000e+00,1.086612865328788757e-01,1.217379495501518250e-01,3.464190065860748291e-01,8.792299777269363403e-02,4.085456579923629761e-02,1.001469232141971588e-02,3.514311974868178368e-03,0.000000000000000000e+00,0.000000000000000000e+00,0.000000000000000000e+00,0.000000000000000000e+00,0.000000000000000000e+00,0.000000000000000000e+00,1.085650250315666199e-01,1.216382086277008057e-01,3.462841212749481201e-01,8.780307322740554810e-02,4.085750132799148560e-02,9.754664264619350433e-03,4.222185350954532623e-03,0.000000000000000000e+00,0.000000000000000000e+00,0.000000000000000000e+00,0.000000000000000000e+00,0.000000000000000000e+00,0.000000000000000000e+00,1.085782200098037720e-01,1.216515302658081055e-01,3.463042974472045898e-01,8.780850470066070557e-02,4.089309275150299072e-02,9.934240020811557770e-03,3.954919520765542984e-03
1.101836395263671875e+01,0.000000000000000000e+00,0.000000000000000000e+00,0.000000000000000000e+00,0.000000000000000000e+00,0.000000000000000000e+00,0.000000000000000000e+00,8.417867124080657959e-02,8.192843943834304810e-02,3.511414825916290283e-01,1.018368899822235107e-01,6.733171641826629639e-02,2.228592522442340851e-02,1.042165420949459076e-02,0.000000000000000000e+00,0.000000000000000000e+00,0.000000000000000000e+00,0.000000000000000000e+00,0.000000000000000000e+00,0.000000000000000000e+00,8.417519181966781616e-02,8.192483335733413696e-02,3.511368632316589355e-01,1.018305271863937378e-01,6.733632087707519531e-02,2.228736691176891327e-02,1.043365523219108582e-02,0.000000000000000000e+00,0.000000000000000000e+00,0.000000000000000000e+00,0.000000000000000000e+00,0.000000000000000000e+00,0.000000000000000000e+00,8.417690545320510864e-02,8.192662894725799561e-02,3.511391878128051758e-01,1.018334031105041504e-01,6.733457744121551514e-02,2.228847146034240723e-02,1.042561233043670654e-02
1.151919841766357422e+01,0.000000000000000000e+00,0.000000000000000000e+00,0.000000000000000000e+00,0.000000000000000000e+00,0.000000000000000000e+00,0.000000000000000000e+00,6.313709914684295654e-02,5.834908783435821533e-02,3.417440950870513916e-01,1.060859784483909607e-01,9.086459875106811523e-02,3.760873898863792419e-02,2.133518829941749573e-02,0.000000000000000000e+00,0.000000000000000000e+00,0.000000000000000000e+00,0.000000000000000000e+00,0.000000000000000000e+00,0.000000000000000000e+00,6.313679367303848267e-02,5.834876000881195068e-02,3.417437374591827393e-01,1.060853451490402222e-01,9.086515754461288452e-02,3.760925307869911194e-02,2.133576385676860809e-02,0.000000000000000000e+00,0.000000000000000000e+00,0.000000000000000000e+00,0.000000000000000000e+00,0.000000000000000000e+00,0.000000000000000000e+00,6.313695013523101807e-02,5.834892019629478455e-02,3.417439162731170654e-01,1.060855910181999207e-01,9.086491167545318604e-02,3.760902211070060730e-02,2.133548445999622345e-02
1.202003383636474609e+01,0.000000000000000000e+00,0.000000000000000000e+00,0.000000000000000000e+00,0.000000000000000000e+00,0.000000000000000000e+00,0.000000000000000000e+00,4.683546721935272217e-02,4.248182848095893860e-02,3.248056769371032715e-01,1.048348546028137207e-01,1.102047488093376160e-01,5.450582504272460938e-02,3.545639291405677795e-02,0.000000000000000000e+00,0.000000000000000000e+00,0.000000000000000000e+00,0.000000000000000000e+00,0.000000000000000000e+00,0.000000000000000000e+00,4.683533683419227600e-02,4.248167574405670166e-02,3.248055279254913330e-01,1.048345491290092468e-01,1.102050095796585083e-01,5.450605601072311401e-02,3.545662015676498413e-02,0.000000000000000000e+00,0.000000000000000000e+00,0.000000000000000000e+00,0.000000000000000000e+00,0.000000000000000000e+00,0.000000000000000000e+00,4.683542251586914062e-02,4.248178750276565552e-02,3.248056173324584961e-01,1.048347204923629761e-01,1.102048680186271667e-01,5.450591817498207092e-02,3.545648977160453796e-02
1.252086830139160156e+01,0.000000000000000000e+00,0.000000000000000000e+00,0.000000000000000000e+00,0.000000000000000000e+00,0.000000000000000000e+00,0.000000000000000000e+00,3.460842743515968323e-02,3.118167072534561157e-02,3.037189543247222900e-01,1.004925817251205444e-01,1.254765689373016357e-01,7.192096114158630371e-02,5.172564089298248291e-02,0.000000000000000000e+00,0.000000000000000000e+00,0.000000000000000000e+00,0.000000000000000000e+00,0.000000000000000000e+00,0.000000000000000000e+00,3.460825979709625244e-02,3.118147514760494232e-02,3.037188351154327393e-01,1.004923209547996521e-01,1.254768222570419312e-01,7.192121446132659912e-02,5.172588676214218140e-02,0.000000000000000000e+00,0.000000000000000000e+00,0.000000000000000000e+00,0.000000000000000000e+00,0.000000000000000000e+00,0.000000000000000000e+00,3.460838273167610168e-02,3.118163160979747772e-02,3.037189245223999023e-01,1.004924997687339783e-01,1.254766434431076050e-01,7.192103564739227295e-02,5.172571539878845215e-02
1.302170276641845703e+01,0.000000000000000000e+00,0.000000000000000000e+00,0.000000000000000000e+00,0.000000000000000000e+00,0.000000000000000000e+00,0.000000000000000000e+00,2.553826756775379181e-02,2.295454405248165131e-02,2.806106507778167725e-01,9.445450454950332642e-02,1.372639387845993042e-01,8.914972096681594849e-02,6.915317475795745850e-02,0.000000000000000000e+00,0.000000000000000000e+00,0.000000000000000000e+00,0.000000000000000000e+00,0.000000000000000000e+00,0.000000000000000000e+00,2.553794719278812408e-02,2.295411191880702972e-02,2.806104719638824463e-01,9.445407986640930176e-02,1.372644156217575073e-01,8.915016800165176392e-02,6.915361434221267700e-02,0.000000000000000000e+00,0.000000000000000000e+00,0.000000000000000000e+00,0.000000000000000000e+00,0.000000000000000000e+00,0.000000000000000000e+00,2.553822286427021027e-02,2.295449562370777130e-02,2.806106209754943848e-01,9.445442259311676025e-02,1.372640430927276611e-01,8.914981037378311157e-02,6.915324181318283081e-02
1.352253723144531250e+01,0.000000000000000000e+00,0.000000000000000000e+00,0.000000000000000000e+00,0.000000000000000000e+00,0.000000000000000000e+00,0.000000000000000000e+00,1.883598044514656067e-02,1.691585965454578400e-02,2.568980753421783447e-01,8.756684511899948120e-02,1.462299227714538574e-01,1.057391464710235596e-01,8.693897724151611328e-02,0.000000000000000000e+00,0.000000000000000000e+00,0.000000000000000000e+00,0.000000000000000000e+00,0.000000000000000000e+00,0.000000000000000000e+00,1.883493922650814056e-02,1.691418141126632690e-02,2.568976879119873047e-01,8.756598085165023804e-02,1.462313085794448853e-01,1.057404577732086182e-01,8.694022893905639648e-02,0.000000000000000000e+00,0.000000000000000000e+00,0.000000000000000000e+00,0.000000000000000000e+00,0.000000000000000000e+00,0.000000000000000000e+00,1.883592829108238220e-02,1.691579073667526245e-02,2.568980157375335693e-01,8.756672590970993042e-02,1.462300419807434082e-01,1.057392358779907227e-01,8.693909645080566406e-02
1.402337265014648438e+01,0.000000000000000000e+00,0.000000000000000000e+00,0.000000000000000000e+00,0.000000000000000000e+00,0.000000000000000000e+00,0.000000000000000000e+00,1.389020960777997971e-02,1.247045025229454041e-02,2.335219979286193848e-01,8.036315441131591797e-02,1.529788970947265625e-01,1.214114278554916382e-01,1.044886559247970581e-01,0.000000000000000000e+00,0.000000000000000000e+00,0.000000000000000000e+00,0.000000000000000000e+00,0.000000000000000000e+00,0.000000000000000000e+00,1.388358417898416519e-02,1.245662011206150055e-02,2.335224002599716187e-01,8.036112040281295776e-02,1.529866009950637817e-01,1.214187443256378174e-01,1.044957637786865234e-01,0.000000000000000000e+00,0.000000000000000000e+00,0.000000000000000000e+00,0.000000000000000000e+00,0.000000000000000000e+00,0.000000000000000000e+00,1.389013230800628662e-02,1.247035525739192963e-02,2.335219383239746094e-01,8.036302030086517334e-02,1.529790461063385010e-01,1.214115545153617859e-01,1.044887900352478027e-01
1.452420711517333984e+01,0.000000000000000000e+00,0.000000000000000000e+00,0.000000000000000000e+00,0.000000000000000000e+00,0.000000000000000000e+00,0.000000000000000000e+00,1.024241745471954346e-02,9.194508194923400879e-03,2.110866159200668335e-01,7.318489253520965576e-02,1.580171287059783936e-01,1.360106170177459717e-01,1.213886141777038574e-01,0.000000000000000000e+00,0.000000000000000000e+00,0.000000000000000000e+00,0.000000000000000000e+00,0.000000000000000000e+00,0.000000000000000000e+00,1.020583789795637131e-02,9.060527198016643524e-03,2.111060917377471924e-01,7.319209724664688110e-02,1.580665856599807739e-01,1.360584199428558350e-01,1.214352175593376160e-01,0.000000000000000000e+00,0.000000000000000000e+00,0.000000000000000000e+00,0.000000000000000000e+00,0.000000000000000000e+00,0.000000000000000000e+00,1.024228520691394806e-02,9.194343350827693939e-03,2.110864967107772827e-01,7.318470627069473267e-02,1.580173671245574951e-01,1.360108256340026855e-01,1.213888153433799744e-01
1.502504158020019531e+01,0.000000000000000000e+00,0.000000000000000000e+00,0.000000000000000000e+00,0.000000000000000000e+00,0.000000000000000000e+00,0.000000000000000000e+00,7.552424445748329163e-03,6.779467221349477768e-03,1.899569928646087646e-01,6.624810397624969482e-02,1.617513895034790039e-01,1.494656652212142944e-01,1.373707354068756104e-01,0.000000000000000000e+00,0.000000000000000000e+00,0.000000000000000000e+00,0.000000000000000000e+00,0.000000000000000000e+00,0.000000000000000000e+00,7.524271961301565170e-03,6.138043478131294250e-03,1.900637149810791016e-01,6.631938368082046509e-02,1.619184315204620361e-01,1.496296077966690063e-01,1.375313103199005127e-01,0.000000000000000000e+00,0.000000000000000000e+00,0.000000000000000000e+00,0.000000000000000000e+00,0.000000000000000000e+00,0.000000000000000000e+00,7.552124559879302979e-03,6.779056508094072342e-03,1.899567991495132446e-01,6.624773889780044556e-02,1.617518514394760132e-01,1.494660973548889160e-01,1.373711973428726196e-01
1.552587604522705078e+01,0.000000000000000000e+00,0.000000000000000000e+00,0.000000000000000000e+00,0.000000000000000000e+00,0.000000000000000000e+00,0.000000000000000000e+00,5.568876862525939941e-03,4.998857155442237854e-03,1.703308224678039551e-01,5.968406423926353455e-02,1.645008027553558350e-01,1.617635786533355713e-01,1.522778123617172241e-01,0.000000000000000000e+00,0.000000000000000000e+00,0.000000000000000000e+00,0.000000000000000000e+00,0.000000000000000000e+00,0.000000000000000000e+00,5.441631190478801727e-03,3.696434898301959038e-03,1.705790907144546509e-01,5.986862257122993469e-02,1.648354828357696533e-01,1.620973348617553711e-01,1.526061892509460449e-01,0.000000000000000000e+00,0.000000000000000000e+00,0.000000000000000000e+00,0.000000000000000000e+00,0.000000000000000000e+00,0.000000000000000000e+00,5.568048451095819473e-03,4.997604526579380035e-03,1.703304797410964966e-01,5.968327820301055908e-02,1.645018607378005981e-01,1.617646962404251099e-01,1.522789150476455688e-01
1.602671051025390625e+01,0.000000000000000000e+00,0.000000000000000000e+00,0.000000000000000000e+00,0.000000000000000000e+00,0.000000000000000000e+00,0.000000000000000000e+00,4.106274340301752090e-03,3.685945877805352211e-03,1.522902250289916992e-01,5.356605723500251770e-02,1.665117293596267700e-01,1.729303747415542603e-01,1.660341918468475342e-01,0.000000000000000000e+00,0.000000000000000000e+00,0.000000000000000000e+00,0.000000000000000000e+00,0.000000000000000000e+00,0.000000000000000000e+00,3.464295994490385056e-03,2.138528740033507347e-03,1.526840329170227051e-01,5.387783795595169067e-02,1.670042425394058228e-01,1.734289377927780151e-01,1.665269583463668823e-01,0.000000000000000000e+00,0.000000000000000000e+00,0.000000000000000000e+00,0.000000000000000000e+00,0.000000000000000000e+00,0.000000000000000000e+00,4.103900864720344543e-03,3.681791014969348907e-03,1.522896438837051392e-01,5.356442183256149292e-02,1.665146201848983765e-01,1.729333549737930298e-01,1.660371720790863037e-01
1.652754592895507812e+01,0.000000000000000000e+00,0.000000000000000000e+00,0.000000000000000000e+00,0.000000000000000000e+00,0.000000000000000000e+00,0.000000000000000000e+00,3.027802333235740662e-03,2.717864234000444412e-03,1.358396261930465698e-01,4.792771488428115845e-02,1.679722815752029419e-01,1.830171346664428711e-01,1.786223798990249634e-01,0.000000000000000000e+00,0.000000000000000000e+00,0.000000000000000000e+00,0.000000000000000000e+00,0.000000000000000000e+00,0.000000000000000000e+00,2.021685009822249413e-03,1.287124818190932274e-03,1.362917572259902954e-01,4.830348119139671326e-02,1.685005575418472290e-01,1.835594624280929565e-01,1.791607141494750977e-01,0.000000000000000000e+00,0.000000000000000000e+00,0.000000000000000000e+00,0.000000000000000000e+00,0.000000000000000000e+00,0.000000000000000000e+00,3.021280514076352119e-03,2.704261802136898041e-03,1.358391195535659790e-01,4.792480543255805969e-02,1.679800450801849365e-01,1.830251216888427734e-01,1.786302775144577026e-01
1.702838134765625000e+01,0.000000000000000000e+00,0.000000000000000000e+00,0.000000000000000000e+00,0.000000000000000000e+00,0.000000000000000000e+00,0.000000000000000000e+00,2.232579048722982407e-03,2.004042034968733788e-03,1.209326833486557007e-01,4.277601838111877441e-02,1.690249145030975342e-01,1.920899152755737305e-01,1.900646388530731201e-01,0.000000000000000000e+00,0.000000000000000000e+00,0.000000000000000000e+00,0.000000000000000000e+00,0.000000000000000000e+00,0.000000000000000000e+00,1.264205784536898136e-03,8.395637851208448410e-04,1.213297769427299500e-01,4.311573877930641174e-02,1.694786250591278076e-01,1.925619095563888550e-01,1.905349940061569214e-01,0.000000000000000000e+00,0.000000000000000000e+00,0.000000000000000000e+00,0.000000000000000000e+00,0.000000000000000000e+00,0.000000000000000000e+00,2.220805734395980835e-03,1.962730661034584045e-03,1.209343820810317993e-01,4.277331009507179260e-02,1.690424531698226929e-01,1.921082884073257446e-01,1.900829672813415527e-01
1.752921485900878906e+01,0.000000000000000000e+00,0.000000000000000000e+00,0.000000000000000000e+00,0.000000000000000000e+00,7.774025201797485352e-01,1.711358502507209778e-02,2.136739203706383705e-03,1.485696295276284218e-03,1.074916049838066101e-01,3.810043260455131531e-02,1.697767227888107300e-01,2.002227157354354858e-01,2.004095017910003662e-01,0.000000000000000000e+00,0.000000000000000000e+00,0.000000000000000000e+00,0.000000000000000000e+00,7.631797194480895996e-01,2.183186449110507965e-02,3.595040878280997276e-03,2.611606614664196968e-03,1.087722629308700562e-01,3.922159969806671143e-02,1.712310761213302612e-01,2.017545253038406372e-01,2.019418030977249146e-01,0.000000000000000000e+00,0.000000000000000000e+00,0.000000000000000000e+00,0.000000000000000000e+00,7.632359862327575684e-01,2.181911095976829529e-02,3.562320256605744362e-03,2.594494726508855820e-03,1.087801083922386169e-01,3.923048079013824463e-02,1.712278723716735840e-01,2.017510235309600830e-01,2.019383013248443604e-01
1.803005027770996094e+01,0.000000000000000000e+00,0.000000000000000000e+00,0.000000000000000000e+00,0.000000000000000000e+00,6.122704744338989258e-01,1.208286657929420471e-01,5.084132775664329529e-02,1.128889806568622589e-02,9.737272560596466064e-02,3.400340676307678223e-02,1.703189164400100708e-01,2.074933797121047974e-01,2.097217291593551636e-01,0.000000000000000000e+00,0.000000000000000000e+00,0.000000000000000000e+00,0.000000000000000000e+00,6.084723472595214844e-01,1.187305152416229248e-01,4.921404272317886353e-02,8.479741401970386505e-03,9.923104196786880493e-02,3.564458340406417847e-02,1.724984496831893921e-01,2.098159343004226685e-01,2.120528221130371094e-01,0.000000000000000000e+00,0.000000000000000000e+00,0.000000000000000000e+00,0.000000000000000000e+00,6.068197488784790039e-01,1.178884953260421753e-01,4.866268485784530640e-02,7.129063829779624939e-03,1.000521630048751831e-01,3.637778759002685547e-02,1.734056770801544189e-01,2.107817977666854858e-01,2.130223065614700317e-01
1.853088569641113281e+01,0.000000000000000000e+00,0.000000000000000000e+00,0.000000000000000000e+00,0.000000000000000000e+00,5.074792504310607910e-01,1.302850246429443359e-01,1.047292426228523254e-01,3.744421154260635376e-02,9.936136752367019653e-02,3.176801651716232300e-02,1.709782183170318604e-01,2.140128463506698608e-01,2.180813401937484741e-01,0.000000000000000000e+00,0.000000000000000000e+00,0.000000000000000000e+00,0.000000000000000000e+00,5.071768760681152344e-01,1.300839632749557495e-01,1.046136841177940369e-01,3.727321326732635498e-02,9.947393834590911865e-02,3.185785561800003052e-02,1.711636334657669067e-01,2.142132669687271118e-01,2.182830572128295898e-01,0.000000000000000000e+00,0.000000000000000000e+00,0.000000000000000000e+00,0.000000000000000000e+00,5.054416656494140625e-01,1.290888637304306030e-01,1.037281453609466553e-01,3.631991893053054810e-02,1.002706661820411682e-01,3.255508840084075928e-02,1.721374690532684326e-01,2.152605503797531128e-01,2.193373590707778931e-01
1.903171920776367188e+01,0.000000000000000000e+00,0.000000000000000000e+00,0.000000000000000000e+00,0.000000000000000000e+00,4.277163445949554443e-01,1.178463175892829895e-01,1.378298848867416382e-01,6.367318332195281982e-02,1.156823486089706421e-01,3.304733708500862122e-02,1.726638525724411011e-01,2.200524657964706421e-01,2.256277948617935181e-01,0.000000000000000000e+00,0.000000000000000000e+00,0.000000000000000000e+00,0.000000000000000000e+00,4.277131855487823486e-01,1.178436130285263062e-01,1.378287822008132935e-01,6.367197632789611816e-02,1.156822070479393005e-01,3.304649144411087036e-02,1.726666837930679321e-01,2.200555950403213501e-01,2.256309688091278076e-01,0.000000000000000000e+00,0.000000000000000000e+00,0.000000000000000000e+00,0.000000000000000000e+00,4.277116656303405762e-01,1.178424060344696045e-01,1.378283351659774780e-01,6.367154419422149658e-02,1.156821176409721375e-01,3.304631263017654419e-02,1.726679801940917969e-01,2.200569808483123779e-01,2.256323844194412231e-01
1.953255462646484375e+01,0.000000000000000000e+00,0.000000000000000000e+00,0.000000000000000000e+00,0.000000000000000000e+00,3.623817265033721924e-01,1.019539833068847656e-01,1.531937271356582642e-01,8.210681378841400146e-02,1.414425969123840332e-01,3.794706612825393677e-02,1.763896942138671875e-01,2.260872423648834229e-01,2.326366752386093140e-01,0.000000000000000000e+00,0.000000000000000000e+00,0.000000000000000000e+00,0.000000000000000000e+00,3.623816370964050293e-01,1.019538417458534241e-01,1.531936824321746826e-01,8.210676908493041992e-02,1.414425820112228394e-01,3.794700279831886292e-02,1.763898134231567383e-01,2.260873913764953613e-01,2.326368093490600586e-01,0.000000000000000000e+00,0.000000000000000000e+00,0.000000000000000000e+00,0.000000000000000000e+00,3.623817861080169678e-01,1.019540205597877502e-01,1.531937569379806519e-01,8.210682868957519531e-02,1.414426416158676147e-01,3.794708102941513062e-02,1.763897091150283813e-01,2.260872274637222290e-01,2.326366901397705078e-01
2.003338813781738281e+01,0.000000000000000000e+00,0.000000000000000000e+00,0.000000000000000000e+00,0.000000000000000000e+00,3.075236082077026367e-01,8.707034587860107422e-02,1.565573960542678833e-01,9.199362248182296753e-02,1.707723438739776611e-01,4.535433650016784668e-02,1.826893836259841919e-01,2.326548993587493896e-01,2.395236045122146606e-01,0.000000000000000000e+00,0.000000000000000000e+00,0.000000000000000000e+00,0.000000000000000000e+00,3.075234293937683105e-01,8.707017451524734497e-02,1.565573364496231079e-01,9.199357032775878906e-02,1.707722991704940796e-01,4.535423964262008667e-02,1.826895326375961304e-01,2.326550632715225220e-01,2.395238429307937622e-01,0.000000000000000000e+00,0.000000000000000000e+00,0.000000000000000000e+00,0.000000000000000000e+00,3.075236678123474121e-01,8.707037568092346191e-02,1.565574258565902710e-01,9.199365228414535522e-02,1.707723587751388550e-01,4.535435885190963745e-02,1.826893687248229980e-01,2.326549291610717773e-01,2.395236641168594360e-01
2.053422355651855469e+01,0.000000000000000000e+00,0.000000000000000000e+00,0.000000000000000000e+00,0.000000000000000000e+00,2.610993683338165283e-01,7.406947761774063110e-02,1.523578613996505737e-01,9.506644308567047119e-02,1.992382705211639404e-01,5.384745821356773376e-02,1.915040016174316406e-01,2.401963174343109131e-01,2.467603236436843872e-01,0.000000000000000000e+00,0.000000000000000000e+00,0.000000000000000000e+00,0.000000000000000000e+00,2.610989511013031006e-01,7.406903803348541260e-02,1.523576080799102783e-01,9.506622701883316040e-02,1.992381066083908081e-01,5.384715646505355835e-02,1.915045976638793945e-01,2.401969730854034424e-01,2.467609345912933350e-01,0.000000000000000000e+00,0.000000000000000000e+00,0.000000000000000000e+00,0.000000000000000000e+00,2.610993683338165283e-01,7.406944781541824341e-02,1.523578763008117676e-01,9.506644308567047119e-02,1.992382705211639404e-01,5.384746566414833069e-02,1.915040910243988037e-01,2.401964366436004639e-01,2.467603981494903564e-01
2.103505897521972656e+01,0.000000000000000000e+00,0.000000000000000000e+00,0.000000000000000000e+00,0.000000000000000000e+00,2.217171341180801392e-01,6.293474882841110229e-02,1.436523199081420898e-01,9.339140355587005615e-02,2.241089791059494019e-01,6.222592294216156006e-02,2.023627907037734985e-01,2.489762008190155029e-01,2.547700405120849609e-01,0.000000000000000000e+00,0.000000000000000000e+00,0.000000000000000000e+00,0.000000000000000000e+00,2.217164784669876099e-01,6.293404847383499146e-02,1.436519026756286621e-01,9.339100122451782227e-02,2.241086512804031372e-01,6.222534179687500000e-02,2.023637443780899048e-01,2.489772588014602661e-01,2.547710835933685303e-01,0.000000000000000000e+00,0.000000000000000000e+00,0.000000000000000000e+00,0.000000000000000000e+00,2.217170298099517822e-01,6.293460726737976074e-02,1.436522305011749268e-01,9.339133650064468384e-02,2.241089344024658203e-01,6.222580373287200928e-02,2.023630440235137939e-01,2.489765286445617676e-01,2.547703087329864502e-01
2.153589248657226562e+01,0.000000000000000000e+00,0.000000000000000000e+00,0.000000000000000000e+00,0.000000000000000000e+00,1.882839053869247437e-01,5.345440283417701721e-02,1.324975192546844482e-01,8.869490027427673340e-02,2.439913898706436157e-01,6.966961920261383057e-02,2.146138250827789307e-01,2.590786814689636230e-01,2.638552784919738770e-01,0.000000000000000000e+00,0.000000000000000000e+00,0.000000000000000000e+00,0.000000000000000000e+00,1.882831454277038574e-01,5.345366150140762329e-02,1.324970424175262451e-01,8.869442343711853027e-02,2.439909875392913818e-01,6.966888159513473511e-02,2.146149724721908569e-01,2.590798735618591309e-01,2.638565599918365479e-01,0.000000000000000000e+00,0.000000000000000000e+00,0.000000000000000000e+00,0.000000000000000000e+00,1.882837116718292236e-01,5.345418676733970642e-02,1.324974149465560913e-01,8.869475871324539185e-02,2.439912706613540649e-01,6.966938823461532593e-02,2.146142274141311646e-01,2.590790987014770508e-01,2.638557851314544678e-01
2.203672790527343750e+01,0.000000000000000000e+00,0.000000000000000000e+00,0.000000000000000000e+00,0.000000000000000000e+00,1.598943322896957397e-01,4.539704322814941406e-02,1.202607303857803345e-01,8.225689828395843506e-02,2.584077417850494385e-01,7.571370154619216919e-02,2.275956422090530396e-01,2.704419493675231934e-01,2.741714715957641602e-01,0.000000000000000000e+00,0.000000000000000000e+00,0.000000000000000000e+00,0.000000000000000000e+00,1.598936468362808228e-01,4.539632052183151245e-02,1.202602386474609375e-01,8.225643634796142578e-02,2.584072649478912354e-01,7.571291178464889526e-02,2.275967895984649658e-01,2.704432010650634766e-01,2.741727232933044434e-01,0.000000000000000000e+00,0.000000000000000000e+00,0.000000000000000000e+00,0.000000000000000000e+00,1.598941236734390259e-01,4.539684206247329712e-02,1.202606260776519775e-01,8.225675672292709351e-02,2.584075927734375000e-01,7.571343332529067993e-02,2.275960743427276611e-01,2.704424262046813965e-01,2.741719782352447510e-01
2.253756332397460938e+01,0.000000000000000000e+00,0.000000000000000000e+00,0.000000000000000000e+00,0.000000000000000000e+00,1.357859373092651367e-01,3.855287283658981323e-02,1.078343912959098816e-01,7.497264444828033447e-02,2.674578130245208740e-01,8.016438037157058716e-02,2.407327592372894287e-01,2.829036116600036621e-01,2.857351005077362061e-01,0.000000000000000000e+00,0.000000000000000000e+00,0.000000000000000000e+00,0.000000000000000000e+00,1.357852965593338013e-01,3.855219110846519470e-02,1.078339144587516785e-01,7.497216016054153442e-02,2.674573361873626709e-01,8.016358315944671631e-02,2.407338768243789673e-01,2.829048633575439453e-01,2.857362926006317139e-01,0.000000000000000000e+00,0.000000000000000000e+00,0.000000000000000000e+00,0.000000000000000000e+00,1.357857733964920044e-01,3.855269029736518860e-02,1.078342273831367493e-01,7.497251778841018677e-02,2.674576342105865479e-01,8.016411960124969482e-02,2.407331913709640503e-01,2.829040884971618652e-01,2.857355773448944092e-01
2.303839683532714844e+01,0.000000000000000000e+00,0.000000000000000000e+00,0.000000000000000000e+00,0.000000000000000000e+00,1.153127700090408325e-01,3.274021670222282410e-02,9.578257054090499878e-02,6.744380295276641846e-02,2.715789973735809326e-01,8.301268517971038818e-02,2.535740733146667480e-01,2.962430417537689209e-01,2.984513640403747559e-01,0.000000000000000000e+00,0.000000000000000000e+00,0.000000000000000000e+00,0.000000000000000000e+00,1.153120920062065125e-01,3.273951262235641479e-02,9.578205645084381104e-02,6.744325160980224609e-02,2.715784907341003418e-01,8.301189541816711426e-02,2.535752654075622559e-01,2.962443232536315918e-01,2.984526455402374268e-01,0.000000000000000000e+00,0.000000000000000000e+00,0.000000000000000000e+00,0.000000000000000000e+00,1.153125837445259094e-01,3.274004533886909485e-02,9.578239917755126953e-02,6.744364649057388306e-02,2.715788781642913818e-01,8.301240950822830200e-02,2.535744607448577881e-01,2.962434887886047363e-01,2.984519004821777344e-01
2.353923225402832031e+01,0.000000000000000000e+00,0.000000000000000000e+00,0.000000000000000000e+00,0.000000000000000000e+00,9.792640805244445801e-02,2.780383639037609100e-02,8.444277942180633545e-02,6.005895137786865234e-02,2.713835537433624268e-01,8.436451852321624756e-02,2.657962441444396973e-01,3.102151155471801758e-01,3.121481239795684814e-01,0.000000000000000000e+00,0.000000000000000000e+00,0.000000000000000000e+00,0.000000000000000000e+00,9.792557358741760254e-02,2.780295722186565399e-02,8.444213867187500000e-02,6.005826219916343689e-02,2.713830471038818359e-01,8.436362445354461670e-02,2.657976448535919189e-01,3.102166354656219482e-01,3.121496438980102539e-01,0.000000000000000000e+00,0.000000000000000000e+00,0.000000000000000000e+00,0.000000000000000000e+00,9.792622923851013184e-02,2.780366130173206329e-02,8.444261550903320312e-02,6.005876511335372925e-02,2.713834047317504883e-01,8.436425775289535522e-02,2.657967507839202881e-01,3.102155625820159912e-01,3.121485710144042969e-01
2.404006767272949219e+01,0.000000000000000000e+00,0.000000000000000000e+00,0.000000000000000000e+00,0.000000000000000000e+00,8.316149562597274780e-02,2.361170761287212372e-02,7.399801909923553467e-02,5.305645987391471863e-02,2.675518095493316650e-01,8.438940346240997314e-02,2.771889269351959229e-01,3.245739638805389404e-01,3.266077339649200439e-01,0.000000000000000000e+00,0.000000000000000000e+00,0.000000000000000000e+00,0.000000000000000000e+00,8.316022157669067383e-02,2.361026406288146973e-02,7.399711012840270996e-02,5.305542796850204468e-02,2.675511538982391357e-01,8.438821882009506226e-02,2.771909832954406738e-01,3.245761990547180176e-01,3.266099691390991211e-01,0.000000000000000000e+00,0.000000000000000000e+00,0.000000000000000000e+00,0.000000000000000000e+00,8.316127210855484009e-02,2.361148782074451447e-02,7.399781793355941772e-02,5.305624008178710938e-02,2.675516009330749512e-01,8.438906073570251465e-02,2.771894037723541260e-01,3.245745301246643066e-01,3.266083598136901855e-01
2.454090118408203125e+01,0.000000000000000000e+00,0.000000000000000000e+00,0.000000000000000000e+00,0.000000000000000000e+00,7.062282413244247437e-02,2.005165442824363708e-02,6.452739238739013672e-02,4.657064378261566162e-02,2.607648372650146484e-01,8.328544348478317261e-02,2.876336872577667236e-01,3.390891849994659424e-01,3.415938615798950195e-01,0.000000000000000000e+00,0.000000000000000000e+00,0.000000000000000000e+00,0.000000000000000000e+00,7.062037289142608643e-02,2.004862390458583832e-02,6.452584266662597656e-02,4.656882956624031067e-02,2.607639431953430176e-01,8.328365534543991089e-02,2.876373231410980225e-01,3.390931189060211182e-01,3.415977954864501953e-01,0.000000000000000000e+00,0.000000000000000000e+00,0.000000000000000000e+00,0.000000000000000000e+00,7.062251865863800049e-02,2.005134522914886475e-02,6.452710181474685669e-02,4.657032340764999390e-02,2.607645988464355469e-01,8.328501135110855103e-02,2.876343131065368652e-01,3.390899300575256348e-01,3.415946364402770996e-01
2.504173660278320312e+01,0.000000000000000000e+00,0.000000000000000000e+00,0.000000000000000000e+00,0.000000000000000000e+00,5.997467413544654846e-02,1.702836900949478149e-02,5.604176968336105347e-02,4.066514968872070312e-02,2.516639530658721924e-01,8.125629276037216187e-02,2.970824241638183594e-01,3.535551726818084717e-01,3.568717241287231445e-01,0.000000000000000000e+00,0.000000000000000000e+00,0.000000000000000000e+00,0.000000000000000000e+00,5.996887758374214172e-02,1.702059619128704071e-02,5.603876337409019470e-02,4.066149145364761353e-02,2.516628205776214600e-01,8.125334233045578003e-02,2.970900237560272217e-01,3.535634875297546387e-01,3.568800687789916992e-01,0.000000000000000000e+00,0.000000000000000000e+00,0.000000000000000000e+00,0.000000000000000000e+00,5.997415259480476379e-02,1.702783256769180298e-02,5.604131147265434265e-02,4.066462814807891846e-02,2.516636252403259277e-01,8.125564455986022949e-02,2.970834374427795410e-01,3.535563051700592041e-01,3.568728864192962646e-01
2.554257011413574219e+01,0.000000000000000000e+00,0.000000000000000000e+00,0.000000000000000000e+00,0.000000000000000000e+00,5.093202367424964905e-02,1.446092687547206879e-02,4.850900173187255859e-02,3.535692393779754639e-02,2.408289462327957153e-01,7.849702239036560059e-02,3.055375814437866211e-01,3.677956759929656982e-01,3.722214400768280029e-01,0.000000000000000000e+00,0.000000000000000000e+00,0.000000000000000000e+00,0.000000000000000000e+00,5.091628059744834900e-02,1.443784311413764954e-02,4.850275442004203796e-02,3.534896671772003174e-02,2.408282309770584106e-01,7.849227637052536011e-02,3.055557012557983398e-01,3.678157329559326172e-01,3.722417056560516357e-01,0.000000000000000000e+00,0.000000000000000000e+00,0.000000000000000000e+00,0.000000000000000000e+00,5.093110725283622742e-02,1.445994153618812561e-02,4.850823432207107544e-02,3.535604849457740784e-02,2.408283650875091553e-01,7.849603146314620972e-02,3.055392801761627197e-01,3.677974641323089600e-01,3.722233474254608154e-01
2.604340553283691406e+01,0.000000000000000000e+00,0.000000000000000000e+00,0.000000000000000000e+00,0.000000000000000000e+00,4.325274750590324402e-02,1.228058058768510818e-02,4.187114164233207703e-02,3.063285909593105316e-02,2.287674844264984131e-01,7.518591731786727905e-02,3.130362033843994141e-01,3.816654980182647705e-01,3.874471187591552734e-01,0.000000000000000000e+00,0.000000000000000000e+00,0.000000000000000000e+00,0.000000000000000000e+00,4.320824518799781799e-02,1.220938004553318024e-02,4.185868427157402039e-02,3.061597608029842377e-02,2.287712991237640381e-01,7.518036663532257080e-02,3.130815625190734863e-01,3.817160129547119141e-01,3.874980211257934570e-01,0.000000000000000000e+00,0.000000000000000000e+00,0.000000000000000000e+00,0.000000000000000000e+00,4.325103014707565308e-02,1.227867230772972107e-02,4.186980798840522766e-02,3.063131496310234070e-02,2.287666201591491699e-01,7.518427819013595581e-02,3.130390644073486328e-01,3.816687166690826416e-01,3.874503374099731445e-01
2.654424095153808594e+01,0.000000000000000000e+00,0.000000000000000000e+00,0.000000000000000000e+00,0.000000000000000000e+00,3.673131391406059265e-02,1.042897533625364304e-02,3.605653718113899231e-02,2.646167576313018799e-02,2.159132957458496094e-01,7.148051261901855469e-02,3.196372091770172119e-01,3.950491845607757568e-01,4.023808240890502930e-01,0.000000000000000000e+00,0.000000000000000000e+00,0.000000000000000000e+00,0.000000000000000000e+00,3.661933913826942444e-02,1.023159269243478775e-02,3.603675216436386108e-02,2.643202990293502808e-02,2.159347385168075562e-01,7.148225605487823486e-02,3.197401165962219238e-01,3.951649367809295654e-01,4.024977982044219971e-01,0.000000000000000000e+00,0.000000000000000000e+00,0.000000000000000000e+00,0.000000000000000000e+00,3.672822937369346619e-02,1.042536646127700806e-02,3.605432435870170593e-02,2.645905874669551849e-02,2.159119397401809692e-01,7.147794961929321289e-02,3.196420371532440186e-01,3.950546681880950928e-01,4.023862779140472412e-01
2.704507446289062500e+01,0.000000000000000000e+00,0.000000000000000000e+00,0.000000000000000000e+00,0.000000000000000000e+00,3.119316510856151581e-02,8.856550790369510651e-03,3.098771162331104279e-02,2.280188538134098053e-02,2.026286274194717407e-01,6.751629710197448730e-02,3.254120349884033203e-01,4.078592061996459961e-01,4.168840646743774414e-01,0.000000000000000000e+00,0.000000000000000000e+00,0.000000000000000000e+00,0.000000000000000000e+00,3.097226656973361969e-02,8.410878479480743408e-03,3.096997551620006561e-02,2.276757732033729553e-02,2.026916295289993286e-01,6.754592806100845337e-02,3.256027996540069580e-01,4.080754518508911133e-01,4.171030521392822266e-01,0.000000000000000000e+00,0.000000000000000000e+00,0.000000000000000000e+00,0.000000000000000000e+00,3.118825517594814301e-02,8.850265294313430786e-03,3.098444268107414246e-02,2.279798313975334167e-02,2.026269435882568359e-01,6.751282513141632080e-02,3.254192769527435303e-01,4.078674316406250000e-01,4.168924093246459961e-01
2.754590988159179688e+01,0.000000000000000000e+00,0.000000000000000000e+00,0.000000000000000000e+00,0.000000000000000000e+00,2.649000845849514008e-02,7.521202787756919861e-03,2.658657729625701904e-02,1.960722543299198151e-02,1.892095357179641724e-01,6.340704113245010376e-02,3.304376602172851562e-01,4.200328886508941650e-01,4.308474063873291016e-01,0.000000000000000000e+00,0.000000000000000000e+00,0.000000000000000000e+00,0.000000000000000000e+00,2.616075426340103149e-02,6.715553347021341324e-03,2.659294568002223969e-02,1.959360763430595398e-02,1.893349438905715942e-01,6.348745524883270264e-02,3.307210803031921387e-01,4.203568994998931885e-01,4.311763048171997070e-01,0.000000000000000000e+00,0.000000000000000000e+00,0.000000000000000000e+00,0.000000000000000000e+00,2.648136392235755920e-02,7.508873008191585541e-03,2.658165246248245239e-02,1.960121467709541321e-02,1.892075836658477783e-01,6.340236216783523560e-02,3.304494023323059082e-01,4.200463891029357910e-01,4.308610856533050537e-01
2.804674530029296875e+01,0.000000000000000000e+00,0.000000000000000000e+00,0.000000000000000000e+00,0.000000000000000000e+00,2.249597012996673584e-02,6.387191358953714371e-03,2.277783863246440887e-02,1.683034002780914307e-02,1.758928745985031128e-01,5.924625322222709656e-02,3.347918093204498291e-01,4.315291047096252441e-01,4.441881179809570312e-01,0.000000000000000000e+00,0.000000000000000000e+00,0.000000000000000000e+00,0.000000000000000000e+00,2.210791409015655518e-02,5.182967521250247955e-03,2.282828092575073242e-02,1.686144433915615082e-02,1.760820001363754272e-01,5.938364565372467041e-02,3.351477682590484619e-01,4.319395124912261963e-01,4.446060061454772949e-01,0.000000000000000000e+00,0.000000000000000000e+00,0.000000000000000000e+00,0.000000000000000000e+00,2.248106338083744049e-02,6.364960223436355591e-03,2.277043275535106659e-02,1.682110689580440521e-02,1.758908182382583618e-01,5.924008414149284363e-02,3.348104953765869141e-01,4.315507411956787109e-01,4.442102313041687012e-01
2.854757881164550781e+01,0.000000000000000000e+00,0.000000000000000000e+00,0.000000000000000000e+00,0.000000000000000000e+00,1.910414546728134155e-02,5.424164235591888428e-03,1.949087902903556824e-02,1.442503090947866440e-02,1.628636419773101807e-01,5.510909855365753174e-02,3.385499417781829834e-01,4.423250257968902588e-01,4.568476080894470215e-01,0.000000000000000000e+00,0.000000000000000000e+00,0.000000000000000000e+00,0.000000000000000000e+00,1.871503144502639771e-02,3.919151145964860916e-03,1.958446763455867767e-02,1.449938490986824036e-02,1.630939841270446777e-01,5.528631806373596191e-02,3.389436602592468262e-01,4.427828490734100342e-01,4.573146700859069824e-01,0.000000000000000000e+00,0.000000000000000000e+00,0.000000000000000000e+00,0.000000000000000000e+00,1.908021606504917145e-02,5.387152545154094696e-03,1.948042586445808411e-02,1.441173534840345383e-02,1.628619283437728882e-01,5.510155856609344482e-02,3.385780155658721924e-01,4.423578679561614990e-01,4.568810760974884033e-01
2.904841423034667969e+01,0.000000000000000000e+00,0.000000000000000000e+00,0.000000000000000000e+00,0.000000000000000000e+00,1.622371003031730652e-02,4.606333561241626740e-03,1.666079834103584290e-02,1.234763022512197495e-02,1.502619832754135132e-01,5.105450376868247986e-02,3.417830169200897217e-01,4.524130225181579590e-01,4.687885344028472900e-01,0.000000000000000000e+00,0.000000000000000000e+00,0.000000000000000000e+00,0.000000000000000000e+00,1.585244573652744293e-02,2.983750542625784874e-03,1.677345111966133118e-02,1.243484206497669220e-02,1.505039483308792114e-01,5.124525353312492371e-02,3.421865999698638916e-01,4.528865814208984375e-01,4.692727029323577881e-01,0.000000000000000000e+00,0.000000000000000000e+00,0.000000000000000000e+00,0.000000000000000000e+00,1.618743687868118286e-02,4.548572935163974762e-03,1.664669066667556763e-02,1.232931017875671387e-02,1.502613425254821777e-01,5.104592069983482361e-02,3.418231904506683350e-01,4.524604678153991699e-01,4.688370227813720703e-01
2.954924964904785156e+01,0.000000000000000000e+00,0.000000000000000000e+00,0.000000000000000000e+00,0.000000000000000000e+00,1.377757359296083450e-02,3.911811392754316330e-03,1.422888133674860001e-02,1.055783219635486603e-02,1.381905227899551392e-01,4.712746292352676392e-02,3.445565402507781982e-01,4.617977142333984375e-01,4.799911975860595703e-01,0.000000000000000000e+00,0.000000000000000000e+00,0.000000000000000000e+00,0.000000000000000000e+00,1.340197678655385971e-02,2.335002645850181580e-03,1.432835310697555542e-02,1.061097253113985062e-02,1.384254693984985352e-01,4.731325805187225342e-02,3.449624776840209961e-01,4.622782468795776367e-01,4.804837405681610107e-01,0.000000000000000000e+00,0.000000000000000000e+00,0.000000000000000000e+00,0.000000000000000000e+00,1.372524257749319077e-02,3.826048225164413452e-03,1.421075500547885895e-02,1.053374074399471283e-02,1.381919384002685547e-01,4.711865261197090149e-02,3.446117341518402100e-01,4.618633985519409180e-01,4.800584316253662109e-01
3.005008316040039062e+01,0.000000000000000000e+00,0.000000000000000000e+00,0.000000000000000000e+00,0.000000000000000000e+00,1.170025952160358429e-02,3.322008065879344940e-03,1.214260142296552658e-02,9.019006974995136261e-03,1.267203837633132935e-01,4.336109384894371033e-02,3.469299972057342529e-01,4.704933762550354004e-01,4.904507994651794434e-01,0.000000000000000000e+00,0.000000000000000000e+00,0.000000000000000000e+00,0.000000000000000000e+00,1.127185765653848648e-02,1.893665059469640255e-03,1.220210827887058258e-02,8.974064141511917114e-03,1.269461661577224731e-01,4.353759065270423889e-02,3.473509550094604492e-01,4.709960818290710449e-01,4.909670352935791016e-01,0.000000000000000000e+00,0.000000000000000000e+00,0.000000000000000000e+00,0.000000000000000000e+00,1.162802707403898239e-02,3.199455095455050468e-03,1.212063152343034744e-02,8.989081718027591705e-03,1.267254501581192017e-01,4.335359111428260803e-02,3.470026850700378418e-01,4.705806970596313477e-01,4.905403256416320801e-01
3.055091857910156250e+01,0.000000000000000000e+00,0.000000000000000000e+00,0.000000000000000000e+00,0.000000000000000000e+00,9.936147369444370270e-03,2.821130910888314247e-03,1.035535801202058792e-02,7.698265369981527328e-03,1.158968433737754822e-01,3.977854177355766296e-02,3.489567041397094727e-01,4.785218238830566406e-01,5.001747012138366699e-01,0.000000000000000000e+00,0.000000000000000000e+00,0.000000000000000000e+00,0.000000000000000000e+00,9.393448010087013245e-03,1.593462191522121429e-03,1.036690361797809601e-02,7.469413802027702332e-03,1.161250695586204529e-01,3.995494917035102844e-02,3.494164645671844482e-01,4.790752530097961426e-01,5.007445216178894043e-01,0.000000000000000000e+00,0.000000000000000000e+00,0.000000000000000000e+00,0.000000000000000000e+00,9.840598329901695251e-03,2.651012269780039787e-03,1.033089216798543930e-02,7.663954515010118484e-03,1.159078478813171387e-01,3.977508842945098877e-02,3.490485250949859619e-01,4.786329269409179688e-01,5.002891421318054199e-01
3.105175209045410156e+01,0.000000000000000000e+00,0.000000000000000000e+00,0.000000000000000000e+00,0.000000000000000000e+00,8.438031189143657684e-03,2.395776798948645592e-03,8.826156146824359894e-03,6.566397380083799362e-03,1.057444885373115540e-01,3.639485687017440796e-02,3.506840467453002930e-01,4.859101772308349609e-01,5.091795921325683594e-01,0.000000000000000000e+00,0.000000000000000000e+00,0.000000000000000000e+00,0.000000000000000000e+00,7.711332291364669800e-03,1.390006975270807743e-03,8.800167590379714966e-03,6.078693550080060959e-03,1.059928461909294128e-01,3.658781573176383972e-02,3.512050807476043701e-01,4.865421056747436523e-01,5.098314285278320312e-01,0.000000000000000000e+00,0.000000000000000000e+00,0.000000000000000000e+00,0.000000000000000000e+00,8.317256346344947815e-03,2.165054203942418098e-03,8.802362717688083649e-03,6.531728431582450867e-03,1.057643964886665344e-01,3.639945387840270996e-02,3.507952392101287842e-01,4.860453903675079346e-01,5.093190670013427734e-01
3.155258750915527344e+01,0.000000000000000000e+00,0.000000000000000000e+00,0.000000000000000000e+00,0.000000000000000000e+00,7.165787741541862488e-03,2.034553559496998787e-03,7.519077975302934647e-03,5.597609560936689377e-03,9.627113491296768188e-02,3.321838006377220154e-02,3.521537482738494873e-01,4.926896989345550537e-01,5.174894928932189941e-01,0.000000000000000000e+00,0.000000000000000000e+00,0.000000000000000000e+00,0.000000000000000000e+00,6.186336278915405273e-03,1.252361689694225788e-03,7.457267027348279953e-03,4.848295822739601135e-03,9.655398130416870117e-02,3.344307467341423035e-02,3.527468144893646240e-01,4.934136867523193359e-01,5.182376503944396973e-01,0.000000000000000000e+00,0.000000000000000000e+00,0.000000000000000000e+00,0.000000000000000000e+00,7.021352183073759079e-03,1.729007810354232788e-03,7.501259446144104004e-03,5.569561384618282318e-03,9.630305320024490356e-02,3.323542699217796326e-02,3.522819876670837402e-01,4.928466677665710449e-01,5.176516175270080566e-01
3.205342102050781250e+01,0.000000000000000000e+00,0.000000000000000000e+00,0.000000000000000000e+00,0.000000000000000000e+00,6.085372995585203171e-03,1.727795577608048916e-03,6.402859929949045181e-03,4.769311286509037018e-03,8.747183531522750854e-02,3.025223501026630402e-02,3.534023463726043701e-01,4.988939464092254639e-01,5.251338481903076172e-01,0.000000000000000000e+00,0.000000000000000000e+00,0.000000000000000000e+00,0.000000000000000000e+00,4.815146327018737793e-03,1.151824020780622959e-03,6.286464165896177292e-03,3.840247169137001038e-03,8.779368549585342407e-02,3.051548264920711517e-02,3.540612459182739258e-01,4.997034668922424316e-01,5.259718894958496094e-01,0.000000000000000000e+00,0.000000000000000000e+00,0.000000000000000000e+00,0.000000000000000000e+00,5.924463272094726562e-03,1.336417626589536667e-03,6.397504825145006180e-03,4.755773115903139114e-03,8.751749992370605469e-02,3.028443455696105957e-02,3.535431623458862305e-01,4.990673065185546875e-01,5.253133177757263184e-01
3.255425643920898438e+01,0.000000000000000000e+00,0.000000000000000000e+00,0.000000000000000000e+00,0.000000000000000000e+00,5.167849827557802200e-03,1.467287074774503708e-03,5.450345575809478760e-03,4.061777144670486450e-03,7.933153212070465088e-02,2.749532274901866913e-02,3.544616699218750000e-01,5.045580267906188965e-01,5.321457386016845703e-01,0.000000000000000000e+00,0.000000000000000000e+00,0.000000000000000000e+00,0.000000000000000000e+00,3.641120390966534615e-03,1.058689551427960396e-03,5.256916396319866180e-03,3.065045922994613647e-03,7.968549430370330811e-02,2.779313921928405762e-02,3.551649451255798340e-01,5.054272413253784180e-01,5.330469608306884766e-01,0.000000000000000000e+00,0.000000000000000000e+00,0.000000000000000000e+00,0.000000000000000000e+00,5.002543795853853226e-03,9.908834472298622131e-04,5.462193395942449570e-03,4.067502450197935104e-03,7.938985526561737061e-02,2.754181250929832458e-02,3.546092510223388672e-01,5.047407150268554688e-01,5.323350429534912109e-01
3.305509185791015625e+01,0.000000000000000000e+00,0.000000000000000000e+00,0.000000000000000000e+00,0.000000000000000000e+00,4.388666246086359024e-03,1.246056635864078999e-03,4.638064187020063400e-03,3.457885468378663063e-03,7.182795554399490356e-02,2.494342066347599030e-02,3.553592860698699951e-01,5.097174644470214844e-01,5.385607481002807617e-01,0.000000000000000000e+00,0.000000000000000000e+00,0.000000000000000000e+00,0.000000000000000000e+00,2.717723371461033821e-03,9.539548773318529129e-04,4.355354234576225281e-03,2.480073831975460052e-03,7.219889014959335327e-02,2.526335045695304871e-02,3.560762405395507812e-01,5.106081962585449219e-01,5.394856929779052734e-01,0.000000000000000000e+00,0.000000000000000000e+00,0.000000000000000000e+00,0.000000000000000000e+00,4.230853170156478882e-03,7.049543200992047787e-04,4.666687920689582825e-03,3.481473773717880249e-03,7.189474254846572876e-02,2.499974519014358521e-02,3.555074632167816162e-01,5.099017024040222168e-01,5.387520790100097656e-01
3.355592727661132812e+01,0.000000000000000000e+00,0.000000000000000000e+00,0.000000000000000000e+00,0.000000000000000000e+00,3.726964117959141731e-03,1.058182097040116787e-03,3.945760428905487061e-03,2.942806808277964592e-03,6.493352353572845459e-02,2.258990146219730377e-02,3.561189770698547363e-01,5.144077539443969727e-01,5.444156527519226074e-01,0.000000000000000000e+00,0.000000000000000000e+00,0.000000000000000000e+00,0.000000000000000000e+00,2.046060515567660332e-03,8.391668670810759068e-04,3.583161858841776848e-03,2.031527692452073097e-03,6.530342251062393188e-02,2.291574329137802124e-02,3.568176925182342529e-01,5.152799487113952637e-01,5.453227758407592773e-01,0.000000000000000000e+00,0.000000000000000000e+00,0.000000000000000000e+00,0.000000000000000000e+00,3.583475016057491302e-03,4.894852172583341599e-04,3.985243849456310272e-03,2.977375406771898270e-03,6.500288844108581543e-02,2.264987491071224213e-02,3.562623560428619385e-01,5.145868659019470215e-01,5.446020960807800293e-01
3.405676269531250000e+01,0.000000000000000000e+00,0.000000000000000000e+00,0.000000000000000000e+00,0.000000000000000000e+00,3.165029920637607574e-03,8.986343746073544025e-04,3.355999710038304329e-03,2.503738272935152054e-03,5.861706286668777466e-02,2.042642235755920410e-02,3.567613065242767334e-01,5.186636447906494141e-01,5.497477054595947266e-01,0.000000000000000000e+00,0.000000000000000000e+00,0.000000000000000000e+00,0.000000000000000000e+00,1.573824556544423103e-03,7.256679818965494633e-04,2.945690881460905075e-03,1.679924549534916878e-03,5.896969884634017944e-02,2.074255049228668213e-02,3.574157655239105225e-01,5.194841623306274414e-01,5.506021976470947266e-01,0.000000000000000000e+00,0.000000000000000000e+00,0.000000000000000000e+00,0.000000000000000000e+00,3.037190530449151993e-03,3.417673287913203239e-04,3.398462664335966110e-03,2.540758578106760979e-03,5.868374928832054138e-02,2.048459090292453766e-02,3.568961620330810547e-01,5.188328623771667480e-01,5.499241352081298828e-01
3.455759429931640625e+01,2.317289352416992188e+00,5.321397781372070312e-01,5.070197582244873047e-02,4.336022306233644485e-03,2.958253957331180573e-03,7.693439838476479053e-04,2.854113699868321419e-03,2.129665808752179146e-03,5.284521356225013733e-02,1.844347454607486725e-02,3.573038280010223389e-01,5.225187540054321289e-01,5.545938014984130859e-01,2.284249067306518555e+00,5.227416157722473145e-01,4.073599353432655334e-02,1.971346512436866760e-02,1.550027728080749512e-02,9.645795449614524841e-03,6.837999448180198669e-03,4.082642495632171631e-03,5.404753610491752625e-02,1.956662535667419434e-02,3.593607246875762939e-01,5.251082777976989746e-01,5.572937130928039551e-01,2.284156560897827148e+00,5.227286219596862793e-01,4.075787588953971863e-02,1.970519311726093292e-02,1.546054519712924957e-02,9.626764804124832153e-03,6.601862609386444092e-03,3.928825724869966507e-03,5.412849783897399902e-02,1.964445039629936218e-02,3.594677448272705078e-01,5.252429246902465820e-01,5.574338436126708984e-01
3.505842971801757812e+01,1.567163825035095215e+00,9.101995229721069336e-01,3.219992816448211670e-01,8.320707082748413086e-02,2.264469116926193237e-02,2.154637826606631279e-03,2.695501316338777542e-03,1.843554084189236164e-03,4.758734256029129028e-02,1.663095876574516296e-02,3.577616512775421143e-01,5.260053277015686035e-01,5.589903593063354492e-01,1.560804486274719238e+00,9.066863656044006348e-01,3.203517198562622070e-01,8.212175220251083374e-02,1.516006328165531158e-02,8.192887529730796814e-03,5.938354879617691040e-03,3.805374028161168098e-03,4.869395121932029724e-02,1.767233386635780334e-02,3.596316874027252197e-01,5.283681750297546387e-01,5.614564418792724609e-01,1.548762917518615723e+00,8.999696373939514160e-01,3.171682953834533691e-01,8.004914969205856323e-02,1.073918398469686508e-02,6.372162140905857086e-03,6.462587974965572357e-03,5.915968678891658783e-03,5.215293169021606445e-02,2.092956751585006714e-02,3.654617667198181152e-01,5.357435345649719238e-01,5.691560506820678711e-01
3.555926513671875000e+01,1.205295324325561523e+00,8.515061140060424805e-01,5.386720895767211914e-01,2.015553265810012817e-01,9.480414539575576782e-02,1.123941969126462936e-02,5.401704926043748856e-03,2.202114788815379143e-03,4.294294118881225586e-02,1.498907618224620819e-02,3.581489920616149902e-01,5.291541218757629395e-01,5.629722476005554199e-01,1.201166868209838867e+00,8.485432863235473633e-01,5.367612242698669434e-01,2.003891170024871826e-01,9.373232722282409668e-02,8.843066170811653137e-03,6.110295187681913376e-03,4.297220148146152496e-03,4.425119236111640930e-02,1.621649041771888733e-02,3.604575693607330322e-01,5.320829749107360840e-01,5.660322904586791992e-01,1.188610911369323730e+00,8.396629691123962402e-01,5.306456089019775391e-01,1.966614276170730591e-01,9.050732105970382690e-02,5.869004875421524048e-03,3.871039254590868950e-03,3.037971444427967072e-03,4.935276880860328674e-02,2.105622366070747375e-02,3.690846860408782959e-01,5.430401563644409180e-01,5.774836540222167969e-01
3.606010055541992188e+01,9.670171737670898438e-01,7.198335528373718262e-01,6.623377203941345215e-01,2.966409325599670410e-01,2.109324187040328979e-01,3.124938905239105225e-02,1.554621383547782898e-02,4.994399379938840866e-03,3.966363891959190369e-02,1.360240019857883453e-02,3.584956824779510498e-01,5.319966673851013184e-01,5.665735006332397461e-01,9.627794027328491211e-01,7.165505290031433105e-01,6.594094038009643555e-01,2.948393523693084717e-01,2.095224112272262573e-01,2.968678064644336700e-02,1.097310055047273636e-02,6.951455026865005493e-03,4.177876189351081848e-02,1.558366511017084122e-02,3.623079061508178711e-01,5.368511080741882324e-01,5.716497302055358887e-01,9.532064795494079590e-01,7.092255353927612305e-01,6.525457501411437988e-01,2.906551659107208252e-01,2.058716416358947754e-01,2.692491933703422546e-02,6.545276846736669540e-03,3.670088015496730804e-03,4.697629809379577637e-02,2.054362371563911438e-02,3.711515367031097412e-01,5.481243133544921875e-01,5.834431648254394531e-01
3.656093597412109375e+01,7.855339646339416504e-01,5.932474732398986816e-01,7.158536911010742188e-01,3.542202711105346680e-01,3.463875353336334229e-01,5.957549065351486206e-02,3.602116182446479797e-02,1.240365859121084213e-02,3.955640271306037903e-02,1.277274265885353088e-02,3.589032590389251709e-01,5.345772504806518555e-01,5.698308944702148438e-01,7.815910577774047852e-01,5.900477766990661621e-01,7.123873233795166016e-01,3.520046174526214600e-01,3.444090485572814941e-01,5.835619568824768066e-02,3.386849537491798401e-02,1.036385074257850647e-02,4.181215167045593262e-02,1.478706859052181244e-02,3.633122742176055908e-01,5.402142405509948730e-01,5.757297277450561523e-01,7.736367583274841309e-01,5.837319493293762207e-01,7.049602270126342773e-01,3.473909497261047363e-01,3.397521674633026123e-01,5.545883253216743469e-02,3.153370693325996399e-02,8.234061300754547119e-03,4.642494767904281616e-02,1.922101341187953949e-02,3.714115619659423828e-01,5.505627393722534180e-01,5.865647792816162109e-01
3.706177139282226562e+01,6.403583884239196777e-01,4.855583310127258301e-01,7.219824790954589844e-01,3.795512914657592773e-01,4.801935255527496338e-01,9.144274890422821045e-02,6.657768785953521729e-02,2.564537897706031799e-02,4.511209949851036072e-02,1.306017208844423294e-02,3.596232235431671143e-01,5.369814634323120117e-01,5.727969408035278320e-01,6.385381221771240234e-01,4.840301871299743652e-01,7.200984954833984375e-01,3.783015906810760498e-01,4.789017438888549805e-01,9.075939655303955078e-02,6.600776314735412598e-02,2.430307306349277496e-02,4.594211652874946594e-02,1.358140166848897934e-02,3.621103167533874512e-01,5.401723384857177734e-01,5.761373043060302734e-01,6.317634582519531250e-01,4.784965515136718750e-01,7.125395536422729492e-01,3.734723329544067383e-01,4.732301235198974609e-01,8.765932172536849976e-02,6.308390200138092041e-02,2.129557356238365173e-02,4.974023997783660889e-02,1.727561652660369873e-02,3.709250390529632568e-01,5.514498353004455566e-01,5.879521965980529785e-01
3.756260299682617188e+01,5.225288867950439453e-01,3.966581523418426514e-01,6.975678205490112305e-01,3.815370500087738037e-01,5.989598631858825684e-01,1.225946471095085144e-01,1.046633496880531311e-01,4.448624327778816223e-02,5.869226157665252686e-02,1.516277063637971878e-02,3.610969483852386475e-01,5.393716096878051758e-01,5.755640864372253418e-01,5.214823484420776367e-01,3.957565128803253174e-01,6.963462829589843750e-01,3.807009756565093994e-01,5.979553461074829102e-01,1.220797970890998840e-01,1.042690202593803406e-01,4.401699081063270569e-02,5.888132750988006592e-02,1.485853269696235657e-02,3.628883361816406250e-01,5.416736602783203125e-01,5.779746174812316895e-01,5.172142386436462402e-01,3.921743333339691162e-01,6.910025477409362793e-01,3.771712481975555420e-01,5.931726098060607910e-01,1.197274848818778992e-01,1.019806861877441406e-01,4.180385917425155640e-02,5.852048844099044800e-02,1.479354314506053925e-02,3.708363771438598633e-01,5.518481731414794922e-01,5.886380076408386230e-01
3.806343841552734375e+01,4.264976680278778076e-01,3.238612115383148193e-01,6.545534729957580566e-01,3.680216073989868164e-01,6.957029700279235840e-01,1.501431167125701904e-01,1.467493474483489990e-01,6.755995750427246094e-02,8.184799551963806152e-02,1.971955224871635437e-02,3.639225661754608154e-01,5.420109033584594727e-01,5.782932639122009277e-01,4.257968664169311523e-01,3.232433497905731201e-01,6.536677479743957520e-01,3.673960864543914795e-01,6.948398947715759277e-01,1.497157365083694458e-01,1.464505195617675781e-01,6.725784391164779663e-02,8.183657377958297729e-02,1.934633217751979828e-02,3.653289675712585449e-01,5.438182353973388672e-01,5.801855921745300293e-01,4.231340289115905762e-01,3.209603726863861084e-01,6.500436663627624512e-01,3.649319112300872803e-01,6.909820437431335449e-01,1.479610800743103027e-01,1.446131020784378052e-01,6.569272279739379883e-02,8.006587624549865723e-02,1.776102371513843536e-02,3.717963993549346924e-01,5.520884990692138672e-01,5.888528227806091309e-01
3.856427383422851562e+01,3.481420278549194336e-01,2.643849849700927734e-01,6.012958288192749023e-01,3.449703454971313477e-01,7.679031491279602051e-01,1.725098639726638794e-01,1.893197894096374512e-01,9.294240921735763550e-02,1.150086447596549988e-01,2.714473754167556763e-02,3.687636554241180420e-01,5.452636480331420898e-01,5.812345743179321289e-01,3.477791845798492432e-01,2.640588581562042236e-01,6.008123755455017090e-01,3.446187674999237061e-01,7.673546075820922852e-01,1.722463369369506836e-01,1.891378015279769897e-01,9.277217090129852295e-02,1.149548292160034180e-01,2.691178582608699799e-02,3.695845007896423340e-01,5.463164448738098145e-01,5.823361277580261230e-01,3.460344672203063965e-01,2.625278234481811523e-01,5.983365774154663086e-01,3.428768813610076904e-01,7.643157243728637695e-01,1.709198951721191406e-01,1.877281069755554199e-01,9.158888459205627441e-02,1.136898696422576904e-01,2.570301294326782227e-02,3.742726743221282959e-01,5.522934794425964355e-01,5.885962843894958496e-01
3.906510925292968750e+01,2.841878831386566162e-01,2.158223986625671387e-01,5.435483455657958984e-01,3.166693747043609619e-01,8.158906698226928711e-01,1.891040652990341187e-01,2.294179052114486694e-01,1.186511069536209106e-01,1.575045138597488403e-01,3.754581138491630554e-02,3.762403130531311035e-01,5.495709776878356934e-01,5.847303271293640137e-01,2.840509712696075439e-01,2.156967371702194214e-01,5.433627963066101074e-01,3.165295422077178955e-01,8.156545758247375488e-01,1.889906227588653564e-01,2.293462753295898438e-01,1.185839623212814331e-01,1.574860811233520508e-01,3.746259212493896484e-02,3.765661120414733887e-01,5.499877333641052246e-01,5.851657390594482422e-01,2.832764983177185059e-01,2.150021046400070190e-01,5.422459840774536133e-01,3.157158493995666504e-01,8.141133785247802734e-01,1.883267462253570557e-01,2.286509722471237183e-01,1.180045977234840393e-01,1.569030582904815674e-01,3.685486689209938049e-02,3.788105249404907227e-01,5.528352260589599609e-01,5.881438851356506348e-01
3.956594467163085938e+01,2.319835424423217773e-01,1.761777848005294800e-01,4.851783812046051025e-01,2.860974371433258057e-01,8.416718840599060059e-01,1.999933421611785889e-01,2.648588120937347412e-01,1.429624259471893311e-01,2.077903151512145996e-01,5.072338879108428955e-02,3.868365287780761719e-01,5.554103255271911621e-01,5.891995429992675781e-01,2.319530546665191650e-01,1.761491447687149048e-01,4.851374030113220215e-01,2.860651910305023193e-01,8.416154384613037109e-01,1.999649852514266968e-01,2.648452818393707275e-01,1.429496109485626221e-01,2.077881544828414917e-01,5.070935189723968506e-02,3.869085311889648438e-01,5.555022358894348145e-01,5.892952680587768555e-01,2.318737655878067017e-01,1.760761141777038574e-01,4.850256443023681641e-01,2.859797179698944092e-01,8.414515852928161621e-01,1.998900771141052246e-01,2.647855877876281738e-01,1.428984105587005615e-01,2.077491879463195801e-01,5.065573751926422119e-02,3.871293365955352783e-01,5.557817220687866211e-01,5.895867347717285156e-01
4.006677627563476562e+01,1.893695592880249023e-01,1.438152492046356201e-01,4.286938309669494629e-01,2.552619278430938721e-01,8.481249809265136719e-01,2.056429833173751831e-01,2.942417562007904053e-01,1.645617187023162842e-01,2.637469172477722168e-01,6.622620671987533569e-02,4.008427858352661133e-01,5.632497668266296387e-01,5.951059460639953613e-01,1.893588453531265259e-01,1.438050419092178345e-01,4.286795854568481445e-01,2.552503347396850586e-01,8.481037616729736328e-01,2.056319117546081543e-01,2.942374050617218018e-01,1.645575314760208130e-01,2.637465596199035645e-01,6.622164696455001831e-02,4.008686542510986328e-01,5.632826089859008789e-01,5.951399207115173340e-01,1.893622726202011108e-01,1.438082605600357056e-01,4.286839962005615234e-01,2.552539408206939697e-01,8.481104373931884766e-01,2.056353092193603516e-01,2.942391335964202881e-01,1.645591557025909424e-01,2.637469470500946045e-01,6.622351706027984619e-02,4.008601605892181396e-01,5.632718801498413086e-01,5.951285958290100098e-01
4.056761169433593750e+01,1.545833200216293335e-01,1.173971816897392273e-01,3.756305575370788574e-01,2.254632115364074707e-01,8.384667634963989258e-01,2.067289501428604126e-01,3.168593347072601318e-01,1.825770586729049683e-01,3.229825198650360107e-01,8.343240618705749512e-02,4.183366596698760986e-01,5.735062956809997559e-01,6.029193997383117676e-01,1.545802503824234009e-01,1.173942312598228455e-01,3.756265044212341309e-01,2.254598289728164673e-01,8.384605646133422852e-01,2.067255377769470215e-01,3.168582320213317871e-01,1.825759112834930420e-01,3.229827582836151123e-01,8.343141525983810425e-02,4.183440506458282471e-01,5.735155344009399414e-01,6.029288172721862793e-01,1.545818150043487549e-01,1.173956990242004395e-01,3.756285011768341064e-01,2.254615128040313721e-01,8.384636044502258301e-01,2.067271918058395386e-01,3.168588578701019287e-01,1.825765371322631836e-01,3.229827582836151123e-01,8.343201130628585815e-02,4.183402955532073975e-01,5.735109448432922363e-01,6.029239296913146973e-01
4.106844711303710938e+01,1.261871606111526489e-01,9.583192318677902222e-02,3.268420994281768799e-01,1.974968165159225464e-01,8.159132003784179688e-01,2.040108293294906616e-01,3.325615525245666504e-01,1.965424567461013794e-01,3.830830454826354980e-01,1.016329824924468994e-01,4.391930997371673584e-01,5.865126848220825195e-01,6.130758523941040039e-01,1.261864453554153442e-01,9.583122283220291138e-02,3.268412351608276367e-01,1.974961012601852417e-01,8.159116506576538086e-01,2.040100246667861938e-01,3.325613141059875488e-01,1.965422034263610840e-01,3.830831944942474365e-01,1.016328632831573486e-01,4.391947090625762939e-01,5.865147113800048828e-01,6.130779385566711426e-01,1.261868774890899658e-01,9.583164006471633911e-02,3.268417418003082275e-01,1.974965184926986694e-01,8.159124851226806641e-01,2.040105015039443970e-01,3.325615227222442627e-01,1.965423375368118286e-01,3.830831348896026611e-01,1.016329377889633179e-01,4.391937553882598877e-01,5.865135192871093750e-01,6.130766868591308594e-01
4.156928253173828125e+01,1.030072495341300964e-01,7.822812348604202271e-02,2.827092707157135010e-01,1.718020588159561157e-01,7.834757566452026367e-01,1.982505172491073608e-01,3.416146636009216309e-01,2.063292860984802246e-01,4.418035745620727539e-01,1.201060563325881958e-01,4.631167054176330566e-01,6.024970412254333496e-01,6.259434819221496582e-01,1.030069887638092041e-01,7.822786271572113037e-02,2.827090322971343994e-01,1.718018352985382080e-01,7.834751605987548828e-01,1.982502788305282593e-01,3.416145741939544678e-01,2.063291966915130615e-01,4.418036341667175293e-01,1.201060414314270020e-01,4.631173014640808105e-01,6.024977564811706543e-01,6.259440779685974121e-01,1.030071601271629333e-01,7.822803407907485962e-02,2.827091515064239502e-01,1.718020141124725342e-01,7.834755182266235352e-01,1.982504278421401978e-01,3.416145741939544678e-01,2.063292413949966431e-01,4.418036341667175293e-01,1.201060488820075989e-01,4.631169736385345459e-01,6.024973392486572266e-01,6.259436011314392090e-01
4.207011795043945312e+01,4.189629256725311279e-01,2.200896501541137695e+00,5.180029273033142090e-01,1.720874011516571045e-01,7.451373338699340820e-01,1.901873499155044556e-01,3.445716500282287598e-01,2.120667994022369385e-01,4.971940219402313232e-01,1.381739974021911621e-01,4.896836876869201660e-01,6.215731501579284668e-01,6.417977809906005859e-01,4.160309731960296631e-01,2.184447050094604492e+00,5.174561142921447754e-01,1.710081696510314941e-01,7.476490139961242676e-01,1.912476569414138794e-01,3.463354110717773438e-01,2.135112583637237549e-01,4.996001422405242920e-01,1.394747197628021240e-01,4.927653372287750244e-01,6.252472400665283203e-01,6.455623507499694824e-01,4.160813689231872559e-01,2.184714317321777344e+00,5.174919366836547852e-01,1.710435599088668823e-01,7.476363182067871094e-01,1.912473291158676147e-01,3.463144898414611816e-01,2.134952545166015625e-01,4.995581507682800293e-01,1.394573301076889038e-01,4.926837086677551270e-01,6.251496076583862305e-01,6.454620361328125000e-01
4.257095336914062500e+01,8.395456075668334961e-01,1.066952943801879883e+00,8.906484246253967285e-01,3.548923432826995850e-01,7.687957882881164551e-01,1.861420422792434692e-01,3.432803452014923096e-01,2.142088115215301514e-01,5.476887226104736328e-01,1.552441120147705078e-01,5.183874964714050293e-01,6.437417864799499512e-01,6.608070135116577148e-01,8.395433425903320312e-01,1.066949605941772461e+00,8.906462192535400391e-01,3.548912405967712402e-01,7.687942981719970703e-01,1.861412972211837769e-01,3.432799875736236572e-01,2.142083793878555298e-01,5.476893186569213867e-01,1.552440077066421509e-01,5.183908939361572266e-01,6.437458395957946777e-01,6.608111262321472168e-01,8.395318984985351562e-01,1.066933870315551758e+00,8.906358480453491211e-01,3.548857867717742920e-01,7.687869071960449219e-01,1.861375868320465088e-01,3.432777523994445801e-01,2.142058312892913818e-01,5.476914644241333008e-01,1.552433818578720093e-01,5.184077620506286621e-01,6.437659263610839844e-01,6.608315110206604004e-01
4.307178497314453125e+01,7.987951040267944336e-01,7.045594453811645508e-01,9.393626451492309570e-01,4.599664211273193359e-01,8.659223318099975586e-01,1.975356042385101318e-01,3.452174663543701172e-01,2.149295657873153687e-01,5.925650596618652344e-01,1.708700954914093018e-01,5.486850738525390625e-01,6.688994765281677246e-01,6.830269694328308105e-01,7.987926602363586426e-01,7.045570611953735352e-01,9.393604397773742676e-01,4.599651396274566650e-01,8.659208416938781738e-01,1.975350677967071533e-01,3.452169299125671387e-01,2.149289548397064209e-01,5.925658345222473145e-01,1.708701848983764648e-01,5.486882328987121582e-01,6.689033508300781250e-01,6.830308437347412109e-01,7.987934350967407227e-01,7.045578360557556152e-01,9.393612742424011230e-01,4.599655568599700928e-01,8.659212589263916016e-01,1.975352615118026733e-01,3.452171981334686279e-01,2.149291932582855225e-01,5.925655364990234375e-01,1.708701699972152710e-01,5.486872792243957520e-01,6.689019799232482910e-01,6.830294728279113770e-01
4.357262039184570312e+01,6.779384016990661621e-01,5.371865630149841309e-01,9.123421311378479004e-01,4.882278144359588623e-01,9.769011139869689941e-01,2.197310179471969604e-01,3.566533029079437256e-01,2.180770188570022583e-01,6.329753994941711426e-01,1.849509924650192261e-01,5.800830721855163574e-01,6.968608498573303223e-01,7.084077596664428711e-01,6.779358983039855957e-01,5.371843576431274414e-01,9.123395085334777832e-01,4.882261157035827637e-01,9.768989682197570801e-01,2.197303771972656250e-01,3.566526174545288086e-01,2.180761992931365967e-01,6.329762339591979980e-01,1.849510967731475830e-01,5.800868272781372070e-01,6.968650221824645996e-01,7.084120512008666992e-01,6.779366135597229004e-01,5.371850132942199707e-01,9.123401045799255371e-01,4.882267117500305176e-01,9.768996834754943848e-01,2.197305411100387573e-01,3.566527962684631348e-01,2.180764377117156982e-01,6.329759955406188965e-01,1.849510818719863892e-01,5.800856947898864746e-01,6.968637704849243164e-01,7.084107995033264160e-01
4.407345581054687500e+01,5.593063831329345703e-01,4.298539161682128906e-01,8.569099903106689453e-01,4.784998595714569092e-01,1.072194099426269531e+00,2.440938353538513184e-01,3.774239420890808105e-01,2.260262519121170044e-01,6.716502904891967773e-01,1.978809982538223267e-01,6.122773885726928711e-01,7.274049520492553711e-01,7.368134260177612305e-01,5.593028664588928223e-01,4.298506677150726318e-01,8.569062352180480957e-01,4.784970879554748535e-01,1.072190165519714355e+00,2.440924793481826782e-01,3.774230480194091797e-01,2.260250896215438843e-01,6.716520786285400391e-01,1.978814452886581421e-01,6.122828722000122070e-01,7.274114489555358887e-01,7.368199229240417480e-01,5.593036413192749023e-01,4.298515021800994873e-01,8.569071292877197266e-01,4.784978330135345459e-01,1.072191119194030762e+00,2.440928667783737183e-01,3.774232268333435059e-01,2.260253876447677612e-01,6.716516613960266113e-01,1.978813409805297852e-01,6.122816205024719238e-01,7.274098992347717285e-01,7.368181943893432617e-01
4.457429122924804688e+01,4.579108059406280518e-01,3.489184677600860596e-01,7.876876592636108398e-01,4.508061408996582031e-01,1.141840457916259766e+00,2.651990056037902832e-01,4.038648307323455811e-01,2.386459857225418091e-01,7.114186882972717285e-01,2.103820592164993286e-01,6.452533006668090820e-01,7.603425979614257812e-01,7.680654525756835938e-01,4.579076766967773438e-01,3.489154577255249023e-01,7.876838445663452148e-01,4.508033990859985352e-01,1.141835927963256836e+00,2.651972770690917969e-01,4.038639664649963379e-01,2.386448234319686890e-01,7.114205956459045410e-01,2.103825807571411133e-01,6.452589035034179688e-01,7.603490948677062988e-01,7.680718302726745605e-01,4.579083621501922607e-01,3.489161431789398193e-01,7.876845598220825195e-01,4.508040547370910645e-01,1.141837000846862793e+00,2.651976943016052246e-01,4.038641452789306641e-01,2.386450618505477905e-01,7.114202976226806641e-01,2.103824764490127563e-01,6.452576518058776855e-01,7.603476047515869141e-01,7.680703401565551758e-01
4.507512664794921875e+01,3.741020262241363525e-01,2.843739390373229980e-01,7.124590277671813965e-01,4.146224260330200195e-01,1.184060692787170410e+00,2.806575000286102295e-01,4.317345619201660156e-01,2.542315721511840820e-01,7.540976405143737793e-01,2.231743335723876953e-01,6.792562007904052734e-01,7.955694794654846191e-01,8.019960522651672363e-01,3.740998506546020508e-01,2.843719422817230225e-01,7.124562263488769531e-01,4.146204292774200439e-01,1.184056878089904785e+00,2.806560397148132324e-01,4.317338764667510986e-01,2.542306482791900635e-01,7.540992498397827148e-01,2.231746912002563477e-01,6.792604923248291016e-01,7.955742478370666504e-01,8.020007610321044922e-01,3.741003870964050293e-01,2.843723893165588379e-01,7.124567627906799316e-01,4.146208167076110840e-01,1.184057831764221191e+00,2.806564271450042725e-01,4.317340552806854248e-01,2.542308270931243896e-01,7.540988922119140625e-01,2.231745868921279907e-01,6.792594194412231445e-01,7.955731749534606934e-01,8.019998073577880859e-01
4.557595825195312500e+01,3.054519593715667725e-01,2.320337146520614624e-01,6.362804174423217773e-01,3.749565780162811279e-01,1.200512051582336426e+00,2.898447513580322266e-01,4.575037360191345215e-01,2.706170380115509033e-01,8.001680970191955566e-01,2.367277443408966064e-01,7.146642804145812988e-01,8.330813646316528320e-01,8.384936451911926270e-01,3.054507076740264893e-01,2.320325672626495361e-01,6.362787485122680664e-01,3.749553263187408447e-01,1.200509428977966309e+00,2.898437082767486572e-01,4.575031697750091553e-01,2.706165015697479248e-01,8.001688718795776367e-01,2.367279976606369019e-01,7.146667838096618652e-01,8.330846428871154785e-01,8.384969234466552734e-01,3.054510056972503662e-01,2.320328652858734131e-01,6.362792253494262695e-01,3.749555647373199463e-01,1.200509905815124512e+00,2.898439764976501465e-01,4.575033783912658691e-01,2.706166207790374756e-01,8.001686930656433105e-01,2.367279827594757080e-01,7.146663069725036621e-01,8.330838680267333984e-01,8.384960293769836426e-01
4.607679367065429688e+01,2.493580132722854614e-01,1.893869340419769287e-01,5.624512434005737305e-01,3.347519040107727051e-01,1.194360256195068359e+00,2.930337488651275635e-01,4.786909818649291992e-01,2.858489453792572021e-01,8.489592671394348145e-01,2.511716783046722412e-01,7.518438696861267090e-01,8.729545474052429199e-01,8.775240778923034668e-01,2.493573129177093506e-01,1.893862634897232056e-01,5.624500513076782227e-01,3.347511589527130127e-01,1.194358587265014648e+00,2.930330336093902588e-01,4.786906242370605469e-01,2.858485281467437744e-01,8.489597439765930176e-01,2.511717677116394043e-01,7.518458366394042969e-01,8.729566335678100586e-01,8.775259852409362793e-01,2.493574470281600952e-01,1.893864423036575317e-01,5.624505281448364258e-01,3.347512781620025635e-01,1.194358944892883301e+00,2.930331826210021973e-01,4.786907732486724854e-01,2.858486473560333252e-01,8.489595055580139160e-01,2.511718273162841797e-01,7.518451213836669922e-01,8.729560375213623047e-01,8.775257468223571777e-01
4.657762908935546875e+01,2.035558819770812988e-01,1.545922011137008667e-01,4.930140674114227295e-01,2.958116233348846436e-01,1.169361352920532227e+00,2.909218370914459229e-01,4.938120543956756592e-01,2.984629571437835693e-01,8.990185856819152832e-01,2.663232982158660889e-01,7.910370826721191406e-01,9.153027534484863281e-01,9.191216826438903809e-01,2.035554200410842896e-01,1.545917838811874390e-01,4.930134713649749756e-01,2.958111166954040527e-01,1.169360160827636719e+00,2.909214198589324951e-01,4.938118159770965576e-01,2.984626889228820801e-01,8.990187048912048340e-01,2.663233578205108643e-01,7.910382747650146484e-01,9.153041243553161621e-01,9.191229939460754395e-01,2.035555839538574219e-01,1.545918881893157959e-01,4.930136203765869141e-01,2.958113253116607666e-01,1.169360637664794922e+00,2.909215092658996582e-01,4.938119053840637207e-01,2.984627485275268555e-01,8.990187644958496094e-01,2.663232684135437012e-01,7.910379767417907715e-01,9.153037667274475098e-01,9.191226363182067871e-01
4.707846450805664062e+01,1.661645323038101196e-01,1.261931955814361572e-01,4.291138648986816406e-01,2.592166662216186523e-01,1.129358768463134766e+00,2.843787372112274170e-01,5.022056102752685547e-01,3.075315356254577637e-01,9.484935998916625977e-01,2.817754447460174561e-01,8.323066234588623047e-01,9.602329730987548828e-01,9.633637666702270508e-01,1.661642193794250488e-01,1.261928826570510864e-01,4.291135370731353760e-01,2.592163681983947754e-01,1.129357933998107910e+00,2.843783795833587646e-01,5.022053122520446777e-01,3.075312972068786621e-01,9.484937191009521484e-01,2.817754149436950684e-01,8.323075175285339355e-01,9.602340459823608398e-01,9.633647799491882324e-01,1.661643683910369873e-01,1.261930018663406372e-01,4.291136860847473145e-01,2.592164278030395508e-01,1.129358172416687012e+00,2.843784689903259277e-01,5.022054910659790039e-01,3.075313866138458252e-01,9.484937191009521484e-01,2.817754149436950684e-01,8.323072791099548340e-01,9.602337479591369629e-01,9.633645415306091309e-01
4.757929992675781250e+01,1.356411874294281006e-01,1.030118986964225769e-01,3.712709844112396240e-01,2.255627810955047607e-01,1.077993154525756836e+00,2.743084430694580078e-01,5.038339495658874512e-01,3.126040399074554443e-01,9.954442977905273438e-01,2.969967424869537354e-01,8.755267262458801270e-01,1.007807016372680664e+00,1.010334253311157227e+00,1.356408894062042236e-01,1.030116304755210876e-01,3.712706565856933594e-01,2.255623936653137207e-01,1.077992200851440430e+00,2.743080854415893555e-01,5.038336515426635742e-01,3.126038014888763428e-01,9.954443573951721191e-01,2.969966828823089600e-01,8.755275011062622070e-01,1.007807850837707520e+00,1.010335206985473633e+00,1.356410235166549683e-01,1.030117273330688477e-01,3.712707459926605225e-01,2.255626171827316284e-01,1.077992677688598633e+00,2.743082642555236816e-01,5.038337707519531250e-01,3.126038908958435059e-01,9.954443573951721191e-01,2.969967424869537354e-01,8.755269646644592285e-01,1.007807850837707520e+00,1.010335206985473633e+00
4.808013534545898438e+01,1.107247695326805115e-01,8.408918231725692749e-02,3.195830583572387695e-01,1.951159238815307617e-01,1.018544554710388184e+00,2.615723609924316406e-01,4.990991353988647461e-01,3.136086463928222656e-01,1.038067698478698730e+00,3.114202320575714111e-01,9.204067587852478027e-01,1.058014750480651855e+00,1.060088276863098145e+00,1.107244119048118591e-01,8.408880978822708130e-02,3.195826113224029541e-01,1.951155364513397217e-01,1.018543839454650879e+00,2.615719437599182129e-01,4.990988969802856445e-01,3.136084079742431641e-01,1.038067817687988281e+00,3.114201426506042480e-01,9.204077720642089844e-01,1.058015823364257812e+00,1.060089349746704102e+00,1.107245683670043945e-01,8.408898860216140747e-02,3.195827901363372803e-01,1.951157748699188232e-01,1.018544077873229980e+00,2.615721225738525391e-01,4.990989267826080322e-01,3.136084675788879395e-01,1.038067936897277832e+00,3.114201128482818604e-01,9.204074740409851074e-01,1.058015465736389160e+00,1.060088872909545898e+00
4.858096694946289062e+01,9.038545191287994385e-02,6.864259392023086548e-02,2.738721072673797607e-01,1.679210960865020752e-01,9.538579583168029785e-01,2.469484657049179077e-01,4.886871278285980225e-01,3.107495307922363281e-01,1.074841260910034180e+00,3.245110511779785156e-01,9.665323495864868164e-01,1.110761642456054688e+00,1.112624883651733398e+00,9.038490056991577148e-02,6.864201277494430542e-02,2.738715410232543945e-01,1.679206043481826782e-01,9.538567066192626953e-01,2.469479441642761230e-01,4.886867403984069824e-01,3.107492029666900635e-01,1.074841260910034180e+00,3.245109021663665771e-01,9.665336012840270996e-01,1.110763192176818848e+00,1.112626791000366211e+00,9.038513153791427612e-02,6.864228844642639160e-02,2.738718688488006592e-01,1.679207682609558105e-01,9.538572430610656738e-01,2.469480782747268677e-01,4.886868596076965332e-01,3.107492625713348389e-01,1.074841380119323730e+00,3.245108723640441895e-01,9.665334224700927734e-01,1.110762596130371094e+00,1.112625956535339355e+00
4.908180236816406250e+01,7.378218322992324829e-02,5.603335797786712646e-02,2.337891161441802979e-01,1.438793689012527466e-01,8.863221406936645508e-01,2.311118543148040771e-01,4.734424352645874023e-01,3.044143915176391602e-01,1.104598760604858398e+00,3.358116149902343750e-01,1.013412475585937500e+00,1.165867805480957031e+00,1.167869806289672852e+00,7.378114014863967896e-02,5.603216961026191711e-02,2.337882220745086670e-01,1.438785791397094727e-01,8.863202929496765137e-01,2.311109453439712524e-01,4.734418094158172607e-01,3.044137358665466309e-01,1.104598641395568848e+00,3.358111977577209473e-01,1.013415098190307617e+00,1.165871024131774902e+00,1.167872667312622070e+00,7.378162443637847900e-02,5.603275820612907410e-02,2.337886393070220947e-01,1.438788771629333496e-01,8.863210082054138184e-01,2.311112880706787109e-01,4.734419882297515869e-01,3.044139444828033447e-01,1.104598641395568848e+00,3.358113765716552734e-01,1.013414025306701660e+00,1.165869832038879395e+00,1.167871832847595215e+00
4.958263778686523438e+01,6.022883206605911255e-02,4.574035853147506714e-02,1.988904476165771484e-01,1.228041946887969971e-01,8.178883790969848633e-01,2.146301865577697754e-01,4.542737901210784912e-01,2.950981557369232178e-01,1.126553177833557129e+00,3.449663519859313965e-01,1.060522079467773438e+00,1.223072767257690430e+00,1.225666761398315430e+00,6.022613495588302612e-02,4.573718458414077759e-02,1.988885849714279175e-01,1.228024363517761230e-01,8.178847432136535645e-01,2.146283537149429321e-01,4.542725384235382080e-01,2.950968742370605469e-01,1.126552820205688477e+00,3.449656665325164795e-01,1.060527801513671875e+00,1.223079323768615723e+00,1.225672960281372070e+00,6.022759526968002319e-02,4.573896527290344238e-02,1.988894194364547729e-01,1.228032484650611877e-01,8.178862333297729492e-01,2.146291136741638184e-01,4.542730152606964111e-01,2.950973808765411377e-01,1.126552939414978027e+00,3.449659347534179688e-01,1.060525298118591309e+00,1.223076462745666504e+00,1.225670337677001953e+00
5.008347320556640625e+01,4.916514456272125244e-02,3.733811900019645691e-02,1.686879247426986694e-01,1.044595390558242798e-01,7.501028180122375488e-01,1.979665309190750122e-01,4.320854246616363525e-01,2.833437621593475342e-01,1.140285015106201172e+00,3.517317771911621094e-01,1.107339501380920410e+00,1.282050251960754395e+00,1.285779595375061035e+00,4.915768653154373169e-02,3.732895851135253906e-02,1.686836183071136475e-01,1.044553369283676147e-01,7.500955462455749512e-01,1.979626864194869995e-01,4.320829510688781738e-01,2.833411693572998047e-01,1.140284776687622070e+00,3.517303466796875000e-01,1.107352375984191895e+00,1.282065272331237793e+00,1.285794734954833984e+00,4.916222766041755676e-02,3.733473643660545349e-02,1.686857491731643677e-01,1.044574528932571411e-01,7.500989437103271484e-01,1.979644000530242920e-01,4.320839047431945801e-01,2.833422124385833740e-01,1.140284299850463867e+00,3.517308533191680908e-01,1.107345938682556152e+00,1.282057762145996094e+00,1.285787463188171387e+00
5.058430862426757812e+01,6.315594911575317383e-01,1.005506038665771484e+00,6.498880386352539062e-01,2.293606698513031006e-01,7.164745926856994629e-01,1.836422383785247803e-01,4.080556035041809082e-01,2.697311043739318848e-01,1.145710706710815430e+00,3.559747040271759033e-01,1.153375625610351562e+00,1.342423200607299805e+00,1.347901105880737305e+00,6.313737034797668457e-01,1.005211830139160156e+00,6.497172117233276367e-01,2.292423844337463379e-01,7.164149284362792969e-01,1.835987269878387451e-01,4.080560505390167236e-01,2.697258293628692627e-01,1.145792365074157715e+00,3.559932112693786621e-01,1.153604626655578613e+00,1.342696547508239746e+00,1.348175764083862305e+00,6.313943862915039062e-01,1.005243778228759766e+00,6.497363448143005371e-01,2.292556464672088623e-01,7.164210677146911621e-01,1.836033910512924194e-01,4.080553352832794189e-01,2.697258591651916504e-01,1.145781874656677246e+00,3.559902906417846680e-01,1.153580546379089355e+00,1.342668056488037109e+00,1.348147153854370117e+00
5.108514022827148438e+01,6.545184254646301270e-01,6.169981956481933594e-01,7.302436232566833496e-01,3.396064639091491699e-01,7.589638233184814453e-01,1.819344609975814819e-01,3.871181607246398926e-01,2.556767165660858154e-01,1.143223762512207031e+00,3.576774001121520996e-01,1.198194384574890137e+00,1.403781533241271973e+00,1.411666274070739746e+00,6.544886827468872070e-01,6.169677376747131348e-01,7.302166223526000977e-01,3.395897150039672852e-01,7.589383721351623535e-01,1.819208711385726929e-01,3.871097266674041748e-01,2.556678056716918945e-01,1.143228292465209961e+00,3.576751351356506348e-01,1.198240756988525391e+00,1.403837084770202637e+00,1.411722421646118164e+00,6.544920802116394043e-01,6.169709563255310059e-01,7.302195429801940918e-01,3.395916521549224854e-01,7.589411735534667969e-01,1.819223910570144653e-01,3.871104419231414795e-01,2.556686103343963623e-01,1.143227458000183105e+00,3.576751351356506348e-01,1.198235988616943359e+00,1.403831362724304199e+00,1.411716699600219727e+00
5.158597564697265625e+01,5.659807324409484863e-01,4.571801424026489258e-01,7.225013971328735352e-01,3.779014050960540771e-01,8.287525773048400879e-01,1.922067403793334961e-01,3.755032420158386230e-01,2.442551404237747192e-01,1.134455561637878418e+00,3.570411801338195801e-01,1.241452336311340332e+00,1.465703368186950684e+00,1.476669430732727051e+00,5.659593343734741211e-01,4.571602642536163330e-01,7.224801778793334961e-01,3.778872489929199219e-01,8.287308216094970703e-01,1.921977400779724121e-01,3.754938244819641113e-01,2.442453503608703613e-01,1.134457588195800781e+00,3.570386469364166260e-01,1.241489171981811523e+00,1.465748429298400879e+00,1.476714611053466797e+00,5.659625530242919922e-01,4.571633040904998779e-01,7.224835157394409180e-01,3.778894245624542236e-01,8.287341594696044922e-01,1.921992152929306030e-01,3.754950463771820068e-01,2.442466467618942261e-01,1.134456872940063477e+00,3.570388257503509521e-01,1.241484045982360840e+00,1.465741634368896484e+00,1.476707935333251953e+00
5.208681106567382812e+01,4.692411124706268311e-01,3.625990152359008789e-01,6.855519413948059082e-01,3.781983554363250732e-01,8.943235278129577637e-01,2.071301043033599854e-01,3.743202388286590576e-01,2.379314154386520386e-01,1.122419476509094238e+00,3.546344339847564697e-01,1.282982349395751953e+00,1.527786731719970703e+00,1.542484641075134277e+00,4.692233502864837646e-01,3.625827729701995850e-01,6.855323910713195801e-01,3.781847357749938965e-01,8.943014740943908691e-01,2.071220427751541138e-01,3.743099570274353027e-01,2.379208058118820190e-01,1.122419953346252441e+00,3.546316325664520264e-01,1.283016800880432129e+00,1.527829289436340332e+00,1.542528033256530762e+00,4.692259430885314941e-01,3.625851869583129883e-01,6.855352520942687988e-01,3.781867325305938721e-01,8.943048119544982910e-01,2.071233838796615601e-01,3.743112981319427490e-01,2.379221916198730469e-01,1.122419714927673340e+00,3.546318411827087402e-01,1.283011794090270996e+00,1.527823209762573242e+00,1.542521953582763672e+00
5.258764648437500000e+01,3.846924006938934326e-01,2.935743033885955811e-01,6.347464323043823242e-01,3.604840636253356934e-01,9.437723755836486816e-01,2.213046848773956299e-01,3.809375762939453125e-01,2.370772212743759155e-01,1.110413312911987305e+00,3.513175845146179199e-01,1.322879433631896973e+00,1.589701771736145020e+00,1.608702063560485840e+00,3.846692740917205811e-01,2.935530245304107666e-01,6.347186565399169922e-01,3.604638278484344482e-01,9.437366724014282227e-01,2.212909758090972900e-01,3.809237480163574219e-01,2.370628118515014648e-01,1.110415220260620117e+00,3.513143360614776611e-01,1.322927951812744141e+00,1.589762687683105469e+00,1.608764052391052246e+00,3.846723139286041260e-01,2.935558557510375977e-01,6.347222924232482910e-01,3.604665398597717285e-01,9.437412619590759277e-01,2.212928682565689087e-01,3.809253573417663574e-01,2.370645105838775635e-01,1.110414624214172363e+00,3.513146042823791504e-01,1.322921514511108398e+00,1.589754939079284668e+00,1.608756780624389648e+00
5.308848190307617188e+01,3.144024014472961426e-01,2.390950322151184082e-01,5.773229002952575684e-01,3.341183066368103027e-01,9.737919569015502930e-01,2.320613116025924683e-01,3.917028009891510010e-01,2.404774129390716553e-01,1.100951790809631348e+00,3.479821979999542236e-01,1.361490488052368164e+00,1.651235580444335938e+00,1.674971103668212891e+00,3.143793344497680664e-01,2.390735745429992676e-01,5.772932767868041992e-01,3.340961635112762451e-01,9.737498760223388672e-01,2.320444434881210327e-01,3.916877210140228271e-01,2.404617816209793091e-01,1.100953817367553711e+00,3.479791283607482910e-01,1.361543059349060059e+00,1.651302099227905273e+00,1.675038814544677734e+00,3.143821954727172852e-01,2.390761971473693848e-01,5.772967934608459473e-01,3.340988755226135254e-01,9.737548232078552246e-01,2.320465296506881714e-01,3.916893601417541504e-01,2.404635101556777954e-01,1.100953340530395508e+00,3.479793071746826172e-01,1.361536502838134766e+00,1.651294589042663574e+00,1.675031423568725586e+00
5.358931732177734375e+01,2.567340731620788574e-01,1.950488388538360596e-01,5.178724527359008789e-01,3.038735091686248779e-01,9.846748113632202148e-01,2.384473085403442383e-01,4.033366441726684570e-01,2.462965399026870728e-01,1.095341563224792480e+00,3.453162312507629395e-01,1.399314522743225098e+00,1.712307810783386230e+00,1.741038918495178223e+00,2.567151486873626709e-01,1.950311362743377686e-01,5.178473591804504395e-01,3.038542866706848145e-01,9.846352934837341309e-01,2.384311109781265259e-01,4.033229947090148926e-01,2.462825626134872437e-01,1.095342636108398438e+00,3.453132212162017822e-01,1.399360418319702148e+00,1.712367415428161621e+00,1.741099476814270020e+00,2.567175626754760742e-01,1.950333863496780396e-01,5.178503394126892090e-01,3.038566112518310547e-01,9.846400618553161621e-01,2.384330928325653076e-01,4.033245146274566650e-01,2.462841570377349854e-01,1.095342278480529785e+00,3.453134894371032715e-01,1.399355053901672363e+00,1.712360739707946777e+00,1.741092443466186523e+00
5.409014892578125000e+01,2.095932513475418091e-01,1.591909676790237427e-01,4.594255089759826660e-01,2.724936306476593018e-01,9.783232212066650391e-01,2.404129654169082642e-01,4.133749902248382568e-01,2.527441382408142090e-01,1.093752861022949219e+00,3.436960875988006592e-01,1.436873078346252441e+00,1.772954583168029785e+00,1.806767940521240234e+00,2.095793187618255615e-01,1.591778099536895752e-01,4.594065248966217041e-01,2.724788188934326172e-01,9.782907962799072266e-01,2.403993308544158936e-01,4.133637845516204834e-01,2.527328431606292725e-01,1.093752384185791016e+00,3.436931967735290527e-01,1.436909556388854980e+00,1.773002266883850098e+00,1.806816697120666504e+00,2.095812410116195679e-01,1.591797024011611938e-01,4.594092071056365967e-01,2.724806964397430420e-01,9.782949090003967285e-01,2.404011636972427368e-01,4.133652448654174805e-01,2.527342438697814941e-01,1.093752384185791016e+00,3.436935842037200928e-01,1.436904668807983398e+00,1.772996306419372559e+00,1.806810617446899414e+00
5.459098434448242188e+01,1.710965037345886230e-01,1.299418658018112183e-01,4.039020538330078125e-01,2.416563183069229126e-01,9.573439955711364746e-01,2.383532226085662842e-01,4.201954007148742676e-01,2.583843171596527100e-01,1.095511317253112793e+00,3.431902825832366943e-01,1.474602937698364258e+00,1.833292245864868164e+00,1.872132658958435059e+00,1.710865795612335205e-01,1.299324035644531250e-01,4.038884043693542480e-01,2.416454702615737915e-01,9.573191404342651367e-01,2.383424043655395508e-01,4.201866090297698975e-01,2.583755254745483398e-01,1.095510005950927734e+00,3.431876003742218018e-01,1.474630117416381836e+00,1.833328843116760254e+00,1.872169971466064453e+00,1.710590720176696777e-01,1.299536824226379395e-01,4.038971066474914551e-01,2.416496127843856812e-01,9.573231935501098633e-01,2.383440583944320679e-01,4.201878011226654053e-01,2.583767771720886230e-01,1.095510125160217285e+00,3.431879580020904541e-01,1.474626421928405762e+00,1.833323597908020020e+00,1.872164726257324219e+00
5.509181976318359375e+01,1.396679580211639404e-01,1.060707122087478638e-01,3.524275720119476318e-01,2.123855352401733398e-01,9.245632886886596680e-01,2.328629195690155029e-01,4.228972792625427246e-01,2.622198164463043213e-01,1.099428534507751465e+00,3.436256051063537598e-01,1.512791037559509277e+00,1.893471360206604004e+00,1.937191486358642578e+00,1.396602839231491089e-01,1.060632616281509399e-01,3.524175882339477539e-01,2.123773396015167236e-01,9.245439171791076660e-01,2.328541874885559082e-01,4.228902161121368408e-01,2.622127830982208252e-01,1.099426507949829102e+00,3.436229825019836426e-01,1.512812614440917969e+00,1.893499851226806641e+00,1.937221646308898926e+00,1.396618038415908813e-01,1.060647815465927124e-01,3.524193465709686279e-01,2.123787999153137207e-01,9.245471954345703125e-01,2.328557074069976807e-01,4.228914082050323486e-01,2.622139453887939453e-01,1.099426746368408203e+00,3.436233401298522949e-01,1.512809038162231445e+00,1.893495559692382812e+00,1.937216520309448242e+00
5.559265518188476562e+01,1.140120252966880798e-01,8.658581972122192383e-02,3.055682480335235596e-01,1.852693408727645874e-01,8.827455639839172363e-01,2.246031910181045532e-01,4.211454391479492188e-01,2.636647224426269531e-01,1.104088664054870605e+00,3.446722328662872314e-01,1.551556229591369629e+00,1.953638315200805664e+00,2.002053260803222656e+00,1.140052154660224915e-01,8.657901734113693237e-02,3.055599927902221680e-01,1.852624565362930298e-01,8.827289938926696777e-01,2.245955020189285278e-01,4.211391508579254150e-01,2.636585235595703125e-01,1.104086160659790039e+00,3.446695506572723389e-01,1.551574707031250000e+00,1.953664183616638184e+00,2.002079486846923828e+00,1.140068024396896362e-01,8.658065646886825562e-02,3.055616021156311035e-01,1.852638423442840576e-01,8.827322721481323242e-01,2.245970517396926880e-01,4.211403131484985352e-01,2.636597156524658203e-01,1.104086518287658691e+00,3.446700870990753174e-01,1.551571249961853027e+00,1.953659296035766602e+00,2.002074718475341797e+00
5.609349060058593750e+01,9.306874126195907593e-02,7.068043947219848633e-02,2.635073363780975342e-01,1.605990976095199585e-01,8.344336748123168945e-01,2.142265588045120239e-01,4.150182008743286133e-01,2.624725699424743652e-01,1.108066678047180176e+00,3.459242284297943115e-01,1.590859293937683105e+00,2.013904333114624023e+00,2.066842079162597656e+00,9.306172281503677368e-02,7.067320495843887329e-02,2.634995579719543457e-01,1.605924367904663086e-01,8.344178199768066406e-01,2.142188549041748047e-01,4.150119423866271973e-01,2.624664306640625000e-01,1.108063101768493652e+00,3.459211885929107666e-01,1.590878248214721680e+00,2.013930082321166992e+00,2.066868543624877930e+00,9.306347370147705078e-02,7.067509740591049194e-02,2.635011374950408936e-01,1.605938374996185303e-01,8.344210982322692871e-01,2.142204195261001587e-01,4.150132238864898682e-01,2.624676525592803955e-01,1.108063817024230957e+00,3.459218442440032959e-01,1.590874433517456055e+00,2.013924837112426758e+00,2.066863536834716797e+00
5.659432220458984375e+01,7.597269117832183838e-02,5.769693478941917419e-02,2.261752635240554810e-01,1.384659409523010254e-01,7.818661928176879883e-01,2.023352384567260742e-01,4.048743844032287598e-01,2.586535215377807617e-01,1.110075116157531738e+00,3.469641208648681641e-01,1.630533099174499512e+00,2.074326992034912109e+00,2.131663560867309570e+00,7.596428692340850830e-02,5.768800154328346252e-02,2.261669635772705078e-01,1.384586244821548462e-01,7.818494439125061035e-01,2.023268491029739380e-01,4.048674106597900391e-01,2.586467266082763672e-01,1.110070586204528809e+00,3.469604551792144775e-01,1.630554199218750000e+00,2.074356079101562500e+00,2.131693601608276367e+00,7.596696913242340088e-02,5.769099667668342590e-02,2.261691540479660034e-01,1.384605914354324341e-01,7.818535566329956055e-01,2.023289054632186890e-01,4.048691093921661377e-01,2.586483359336853027e-01,1.110071539878845215e+00,3.469612300395965576e-01,1.630549073219299316e+00,2.074348688125610352e+00,2.131686210632324219e+00
5.709515762329101562e+01,6.201695278286933899e-02,4.709833487868309021e-02,1.933415085077285767e-01,1.188285648822784424e-01,7.269444465637207031e-01,1.894598454236984253e-01,3.912446200847625732e-01,2.523969113826751709e-01,1.109052896499633789e+00,3.474085628986358643e-01,1.670320868492126465e+00,2.134903192520141602e+00,2.196586608886718750e+00,6.200424581766128540e-02,4.708427190780639648e-02,1.933305412530899048e-01,1.188185662031173706e-01,7.269235849380493164e-01,1.894489526748657227e-01,3.912356197834014893e-01,2.523881196975708008e-01,1.109046339988708496e+00,3.474034070968627930e-01,1.670349121093750000e+00,2.134942770004272461e+00,2.196627378463745117e+00,6.200915202498435974e-02,4.708999395370483398e-02,1.933339238166809082e-01,1.188217326998710632e-01,7.269294857978820801e-01,1.894520819187164307e-01,3.912380933761596680e-01,2.523905038833618164e-01,1.109047770500183105e+00,3.474047183990478516e-01,1.670340776443481445e+00,2.134930610656738281e+00,2.196615457534790039e+00
5.759599304199218750e+01,5.062479153275489807e-02,3.844663873314857483e-02,1.646826416254043579e-01,1.015631258487701416e-01,6.712355613708496094e-01,1.760518103837966919e-01,3.747474849224090576e-01,2.440057843923568726e-01,1.104206323623657227e+00,3.469370007514953613e-01,1.709911942481994629e+00,2.195565938949584961e+00,2.261624097824096680e+00,5.060237273573875427e-02,3.842078521847724915e-02,1.646659374237060547e-01,1.015473008155822754e-01,6.712064743041992188e-01,1.760358959436416626e-01,3.747345507144927979e-01,2.439930886030197144e-01,1.104196429252624512e+00,3.469291925430297852e-01,1.709955692291259766e+00,2.195627450942993164e+00,2.261687994003295898e+00,5.061261728405952454e-02,3.843325003981590271e-02,1.646718531847000122e-01,1.015530526638031006e-01,6.712157726287841797e-01,1.760410815477371216e-01,3.747384846210479736e-01,2.439969629049301147e-01,1.104198694229125977e+00,3.469312489032745361e-01,1.709940195083618164e+00,2.195605754852294922e+00,2.261665582656860352e+00
5.809682846069335938e+01,4.132530465722084045e-02,3.138420730829238892e-02,1.398273259401321411e-01,8.649711310863494873e-02,6.159917712211608887e-01,1.624829173088073730e-01,3.560269474983215332e-01,2.338443696498870850e-01,1.095015883445739746e+00,3.453062176704406738e-01,1.748975396156311035e+00,2.256192684173583984e+00,2.326732873916625977e+00,4.128269478678703308e-02,3.133302554488182068e-02,1.398005634546279907e-01,8.647084236145019531e-02,6.159495115280151367e-01,1.624586582183837891e-01,3.560079336166381836e-01,2.338254600763320923e-01,1.095001220703125000e+00,3.452942967414855957e-01,1.749046802520751953e+00,2.256294250488281250e+00,2.326838254928588867e+00,4.130548238754272461e-02,3.136184439063072205e-02,1.398113220930099487e-01,8.648169040679931641e-02,6.159647703170776367e-01,1.624674350023269653e-01,3.560141026973724365e-01,2.338318079710006714e-01,1.095004320144653320e+00,3.452975153923034668e-01,1.749017000198364258e+00,2.256252288818359375e+00,2.326794862747192383e+00
5.859766387939453125e+01,3.373407199978828430e-02,2.561910077929496765e-02,1.183881089091300964e-01,7.343363016843795776e-02,5.621814727783203125e-01,1.490500569343566895e-01,3.357084989547729492e-01,2.222986370325088501e-01,1.081220626831054688e+00,3.423543572425842285e-01,1.787186264991760254e+00,2.316615581512451172e+00,2.391812562942504883e+00,3.364966064691543579e-02,2.551331557333469391e-02,1.183444112539291382e-01,7.338921725749969482e-02,5.621198415756225586e-01,1.490131616592407227e-01,3.356805145740509033e-01,2.222705185413360596e-01,1.081200122833251953e+00,3.423365056514739990e-01,1.787306189537048340e+00,2.316787242889404297e+00,2.391992330551147461e+00,3.370115906000137329e-02,2.558097243309020996e-02,1.183641329407691956e-01,7.340981066226959229e-02,5.621439814567565918e-01,1.490277349948883057e-01,3.356902301311492920e-01,2.222805917263031006e-01,1.081202745437622070e+00,3.423412740230560303e-01,1.787248849868774414e+00,2.316705703735351562e+00,2.391906976699829102e+00
5.909849929809570312e+01,2.753730677068233490e-02,2.091301232576370239e-02,9.998243302106857300e-02,6.216781586408615112e-02,5.105257630348205566e-01,1.359826326370239258e-01,3.143703937530517578e-01,2.097480297088623047e-01,1.062788248062133789e+00,3.379972577095031738e-01,1.824245452880859375e+00,2.376631498336791992e+00,2.456713438034057617e+00,2.736946009099483490e-02,2.069398574531078339e-02,9.991006553173065186e-02,6.209142506122589111e-02,5.104375481605529785e-01,1.359276622533798218e-01,3.143298327922821045e-01,2.097065299749374390e-01,1.062762141227722168e+00,3.379715681076049805e-01,1.824451088905334473e+00,2.376928329467773438e+00,2.457023620605468750e+00,2.748204953968524933e-02,2.084731496870517731e-02,9.994613379240036011e-02,6.213058903813362122e-02,5.104743838310241699e-01,1.359508782625198364e-01,3.143443465232849121e-01,2.097220271825790405e-01,1.062762260437011719e+00,3.379780054092407227e-01,1.824340343475341797e+00,2.376769304275512695e+00,2.456856727600097656e+00
5.959933090209960938e+01,2.247888408601284027e-02,1.707142777740955353e-02,8.424592763185501099e-02,5.249778926372528076e-02,4.615351855754852295e-01,1.234511062502861023e-01,2.925267219543457031e-01,1.965466439723968506e-01,1.039876699447631836e+00,3.322203457355499268e-01,1.859892249107360840e+00,2.436015605926513672e+00,2.521244764328002930e+00,2.215758524835109711e-02,1.663195341825485229e-02,8.412568271160125732e-02,5.236574634909629822e-02,4.614120423793792725e-01,1.233714595437049866e-01,2.924691140651702881e-01,1.964863985776901245e-01,1.039846777915954590e+00,3.321845829486846924e-01,1.860243439674377441e+00,2.436527013778686523e+00,2.521781444549560547e+00,2.238644845783710480e-02,1.695894449949264526e-02,8.419079333543777466e-02,5.243927240371704102e-02,4.614663720130920410e-01,1.234070733189582825e-01,2.924902141094207764e-01,1.965098977088928223e-01,1.039840459823608398e+00,3.321925699710845947e-01,1.860035061836242676e+00,2.436223983764648438e+00,2.521463394165039062e+00
6.010016632080078125e+01,1.834963075816631317e-02,1.393549703061580658e-02,7.083975523710250854e-02,4.423120617866516113e-02,4.155443608760833740e-01,1.115755215287208557e-01,2.706184387207031250e-01,1.830112189054489136e-01,1.012794137001037598e+00,3.250676393508911133e-01,1.893912792205810547e+00,2.494533538818359375e+00,2.585189580917358398e+00,1.777996681630611420e-02,1.307301037013530731e-02,7.064943015575408936e-02,4.401344060897827148e-02,4.153857827186584473e-01,1.114697158336639404e-01,2.705444991588592529e-01,1.829317659139633179e-01,1.012775897979736328e+00,3.250263333320617676e-01,1.894489645957946777e+00,2.495381593704223633e+00,2.586082220077514648e+00,1.819907873868942261e-02,1.374861132353544235e-02,7.075697183609008789e-02,4.414042457938194275e-02,4.154540300369262695e-01,1.115159690380096436e-01,2.705680131912231445e-01,1.829600185155868530e-01,1.012744426727294922e+00,3.250285089015960693e-01,1.894124507904052734e+00,2.494845867156982422e+00,2.585518121719360352e+00
6.060100173950195312e+01,1.497889775782823563e-02,1.137561723589897156e-02,5.945531651377677917e-02,3.718977048993110657e-02,3.727463781833648682e-01,1.004344448447227478e-01,2.490124106407165527e-01,1.694157123565673828e-01,9.819602370262145996e-01,3.166299164295196533e-01,1.926141262054443359e+00,2.551951169967651367e+00,2.648312091827392578e+00,1.420018635690212250e-02,9.619719348847866058e-03,5.920880660414695740e-02,3.689523413777351379e-02,3.725939691066741943e-01,1.003303751349449158e-01,2.489490807056427002e-01,1.693422645330429077e-01,9.820065498352050781e-01,3.166117668151855469e-01,1.926991462707519531e+00,2.553212404251098633e+00,2.649641513824462891e+00,1.474223937839269638e-02,1.107650250196456909e-02,5.933276936411857605e-02,3.705106675624847412e-02,3.726288080215454102e-01,1.003547832369804382e-01,2.489429861307144165e-01,1.693445444107055664e-01,9.818928837776184082e-01,3.165753185749053955e-01,1.926451325416564941e+00,2.552413225173950195e+00,2.648798465728759766e+00
6.110183715820312500e+01,1.222734991461038589e-02,9.285973384976387024e-03,4.981517419219017029e-02,3.121092915534973145e-02,3.332208096981048584e-01,9.007240831851959229e-02,2.280033677816390991e-01,1.559891700744628906e-01,9.478695988655090332e-01,3.070330321788787842e-01,1.956460714340209961e+00,2.608043193817138672e+00,2.710371255874633789e+00,1.146529242396354675e-02,6.221366114914417267e-03,4.957542940974235535e-02,3.090948425233364105e-02,3.331177532672882080e-01,9.000040590763092041e-02,2.279734164476394653e-01,1.559447348117828369e-01,9.480026960372924805e-01,3.070533871650695801e-01,1.957555055618286133e+00,2.609681367874145508e+00,2.712102890014648438e+00,1.186579465866088867e-02,8.816053159534931183e-03,4.963630437850952148e-02,3.100235760211944580e-02,3.330690264701843262e-01,8.996739983558654785e-02,2.279083877801895142e-01,1.558907032012939453e-01,9.477789402008056641e-01,3.069574534893035889e-01,1.956910252571105957e+00,2.608718156814575195e+00,2.711084127426147461e+00
6.160267257690429688e+01,9.981260634958744049e-03,7.580197416245937347e-03,4.167288169264793396e-02,2.614871412515640259e-02,2.969590425491333008e-01,8.050698786973953247e-02,2.078191936016082764e-01,1.429166942834854126e-01,9.110599756240844727e-01,2.964266240596771240e-01,1.984799981117248535e+00,2.662600994110107422e+00,2.771130800247192383e+00,8.847892284393310547e-03,3.859336953610181808e-03,4.139652848243713379e-02,2.577629499137401581e-02,2.968503236770629883e-01,8.042900264263153076e-02,2.077819705009460449e-01,1.428613662719726562e-01,9.112113714218139648e-01,2.964464426040649414e-01,1.986163258552551270e+00,2.664663791656494141e+00,2.773315906524658203e+00,9.432281367480754852e-03,6.829806603491306305e-03,4.141934961080551147e-02,2.584172599017620087e-02,2.967794835567474365e-01,8.038174360990524292e-02,2.077025324106216431e-01,1.427937597036361694e-01,9.109637141227722168e-01,2.963388860225677490e-01,1.985427498817443848e+00,2.663554191589355469e+00,2.772140026092529297e+00
6.210350418090820312e+01,8.147776126861572266e-03,6.187770515680313110e-03,3.481146693229675293e-02,2.187345363199710846e-02,2.638860344886779785e-01,7.173481583595275879e-02,1.886279582977294922e-01,1.303424388170242310e-01,8.720862269401550293e-01,2.849748134613037109e-01,2.011127948760986328e+00,2.715437173843383789e+00,2.830365180969238281e+00,5.450908094644546509e-03,2.612731186673045158e-03,3.452208638191223145e-02,2.148051746189594269e-02,2.638430595397949219e-01,7.170888036489486694e-02,1.886434257030487061e-01,1.303376853466033936e-01,8.723621964454650879e-01,2.850650250911712646e-01,2.012729167938232422e+00,2.717883586883544922e+00,2.832964420318603516e+00,7.410680875182151794e-03,4.863305948674678802e-03,3.450002521276473999e-02,2.148563973605632782e-02,2.637196779251098633e-01,7.162047922611236572e-02,1.885198056697845459e-01,1.302249133586883545e-01,8.720401525497436523e-01,2.849098145961761475e-01,2.011940717697143555e+00,2.716682434082031250e+00,2.831687211990356445e+00
6.260433959960937500e+01,6.651078816503286362e-03,5.051114596426486969e-03,2.904131822288036346e-02,1.827099174261093140e-02,2.338775694370269775e-01,6.373652070760726929e-02,1.705451160669326782e-01,1.183732002973556519e-01,8.314973115921020508e-01,2.728472650051116943e-01,2.035451173782348633e+00,2.766391038894653320e+00,2.887869596481323242e+00,2.710800617933273315e-03,1.762490253895521164e-03,2.892470732331275940e-02,1.807825267314910889e-02,2.339480221271514893e-01,6.379310786724090576e-02,1.706381291151046753e-01,1.184464916586875916e-01,8.318716287612915039e-01,2.730022668838500977e-01,2.037055015563964844e+00,2.768866062164306641e+00,2.890505790710449219e+00,5.866318941116333008e-03,2.790063386783003807e-03,2.874768152832984924e-02,1.790606975555419922e-02,2.337545603513717651e-01,6.365303695201873779e-02,1.704648733139038086e-01,1.182809844613075256e-01,8.315134644508361816e-01,2.728120982646942139e-01,2.036429405212402344e+00,2.767904996871948242e+00,2.889481544494628906e+00
6.310517501831054688e+01,5.429314915090799332e-03,4.123254213482141495e-03,2.419805154204368591e-02,1.524174027144908905e-02,2.067763507366180420e-01,5.648142099380493164e-02,1.536421030759811401e-01,1.070836409926414490e-01,7.898209691047668457e-01,2.602130770683288574e-01,2.057804346084594727e+00,2.815327644348144531e+00,2.943461418151855469e+00,1.521825790405273438e-03,1.219547819346189499e-03,2.411635033786296844e-02,1.504686288535594940e-02,2.068310379981994629e-01,5.652301758527755737e-02,1.537138521671295166e-01,1.071363538503646851e-01,7.901280522346496582e-01,2.603350579738616943e-01,2.059327363967895508e+00,2.817704439163208008e+00,2.945999860763549805e+00,4.560045897960662842e-03,1.279037562198936939e-03,2.389922924339771271e-02,1.482475735247135162e-02,2.066340297460556030e-01,5.637818947434425354e-02,1.535364091396331787e-01,1.069617122411727905e-01,7.898063659667968750e-01,2.601464390754699707e-01,2.058981180191040039e+00,2.817169904708862305e+00,2.945427656173706055e+00
6.360601043701171875e+01,4.431981127709150314e-03,3.365836339071393013e-03,2.013975568115711212e-02,1.269926689565181732e-02,1.824029684066772461e-01,4.993079602718353271e-02,1.379532516002655029e-01,9.652051329612731934e-02,7.475506663322448730e-01,2.472350597381591797e-01,2.078247070312500000e+00,2.862141609191894531e+00,2.996984481811523438e+00,1.022485201247036457e-03,9.073149412870407104e-04,1.992962695658206940e-02,1.209352072328329086e-02,1.823649108409881592e-01,4.989699274301528931e-02,1.379503458738327026e-01,9.649699181318283081e-02,7.477428317070007324e-01,2.472890764474868774e-01,2.079777717590332031e+00,2.864559173583984375e+00,2.999572277069091797e+00,2.693053334951400757e-03,7.262569852173328400e-04,1.965299993753433228e-02,1.210198644548654556e-02,1.822840720415115356e-01,4.985755309462547302e-02,1.378750354051589966e-01,9.642609208822250366e-02,7.476466298103332520e-01,2.472456097602844238e-01,2.079586267471313477e+00,2.864258289337158203e+00,2.999250888824462891e+00
6.410684204101562500e+01,3.617857117205858231e-03,2.747555729001760483e-03,1.674456521868705750e-02,1.056901551783084869e-02,1.605657786130905151e-01,4.404080659151077271e-02,1.234831809997558594e-01,8.670747280120849609e-02,7.051374316215515137e-01,2.340661436319351196e-01,2.096858024597167969e+00,2.906753778457641602e+00,3.048311710357666016e+00,7.791068637743592262e-04,7.155936909839510918e-04,1.641053892672061920e-02,8.873116225004196167e-03,1.604812145233154297e-01,4.396357759833335876e-02,1.234542727470397949e-01,8.665855228900909424e-02,7.053103446960449219e-01,2.341130375862121582e-01,2.098463296890258789e+00,2.909317493438720703e+00,3.051062822341918945e+00,4.364766064099967480e-04,3.563072532415390015e-04,1.655859127640724182e-02,1.030951552093029022e-02,1.605440974235534668e-01,4.402564465999603271e-02,1.234829723834991455e-01,8.669044077396392822e-02,7.053010463714599609e-01,2.341152727603912354e-01,2.098217964172363281e+00,2.908924579620361328e+00,3.050641536712646484e+00
6.460768127441406250e+01,2.953273942694067955e-03,2.242842689156532288e-03,1.390817109495401382e-02,8.786907419562339783e-03,1.410675942897796631e-01,3.876459226012229919e-02,1.102124154567718506e-01,7.764904946088790894e-02,6.629830598831176758e-01,2.208460122346878052e-01,3.076832771301269531e+00,3.122121810913085938e+00,3.125909566879272461e+00,6.361071718856692314e-04,5.838228971697390079e-04,1.348701212555170059e-02,5.834704730659723282e-03,1.409992277622222900e-01,3.869249299168586731e-02,1.101988777518272400e-01,7.761847227811813354e-02,6.631548404693603516e-01,2.209073305130004883e-01,3.079229116439819336e+00,3.124572038650512695e+00,3.128364324569702148e+00,3.049056795134674758e-05,4.982539394404739141e-05,1.361876539885997772e-02,8.354650810360908508e-03,1.409436762332916260e-01,3.865204378962516785e-02,1.101260408759117126e-01,7.753933221101760864e-02,6.630097031593322754e-01,2.208110839128494263e-01,3.078893423080444336e+00,3.124229192733764648e+00,3.128021001815795898e+00
6.510851287841796875e+01,2.410778077319264412e-03,1.830848166719079018e-03,1.154180802404880524e-02,7.298226002603769302e-03,1.237126886844635010e-01,3.405440226197242737e-02,9.810400754213333130e-02,6.933517009019851685e-02,6.214404106140136719e-01,2.077003121376037598e-01,2.813174009323120117e+00,3.313243150711059570e+00,3.300432205200195312e+00,5.476013175211846828e-04,4.897011094726622105e-04,1.099241618067026138e-02,3.930513281375169754e-03,1.236472949385643005e-01,3.397380933165550232e-02,9.808918833732604980e-02,6.930089741945266724e-02,6.215835213661193848e-01,2.077447772026062012e-01,2.815179586410522461e+00,3.315812587738037109e+00,3.302985668182373047e+00,2.617512336655636318e-06,4.234181687934324145e-06,1.100398786365985870e-02,6.415210198611021042e-03,1.234907060861587524e-01,3.384504467248916626e-02,9.794824570417404175e-02,6.915176659822463989e-02,6.213939189910888672e-01,2.076164335012435913e-01,2.815018415451049805e+00,3.315606594085693359e+00,3.302781820297241211e+00
6.560935211181640625e+01,1.967928605154156685e-03,1.494529307819902897e-03,9.569945745170116425e-03,6.056266836822032928e-03,1.083092018961906433e-01,2.986247278749942780e-02,8.710704743862152100e-02,6.174381822347640991e-02,5.808095335960388184e-01,1.947385966777801514e-01,2.666296005249023438e+00,3.401790857315063477e+00,3.454531908035278320e+00,4.840259789489209652e-04,4.165653663221746683e-04,8.452634327113628387e-03,2.903961809352040291e-03,1.081285551190376282e-01,2.965473197400569916e-02,8.701127767562866211e-02,6.162097305059432983e-02,5.808544158935546875e-01,1.947130709886550903e-01,2.668187379837036133e+00,3.404521703720092773e+00,3.457328796386718750e+00,7.808425834809895605e-07,6.380828381225001067e-07,8.876200765371322632e-03,4.279148764908313751e-03,1.080661714076995850e-01,2.962016873061656952e-02,8.695252984762191772e-02,6.156474724411964417e-02,5.807905793190002441e-01,1.946792900562286377e-01,2.668037176132202148e+00,3.404304981231689453e+00,3.457106351852416992e+00
6.611018371582031250e+01,1.606433419510722160e-03,1.219994504936039448e-03,7.928727194666862488e-03,5.021436139941215515e-03,9.467400610446929932e-02,2.614249289035797119e-02,7.716198265552520752e-02,5.484486371278762817e-02,5.413427352905273438e-01,1.820554882287979126e-01,2.582353353500366211e+00,3.460018396377563477e+00,3.569908142089843750e+00,4.377161385491490364e-04,3.584749065339565277e-04,5.392419174313545227e-03,2.321376465260982513e-03,9.448821842670440674e-02,2.591785043478012085e-02,7.708169519901275635e-02,5.474445968866348267e-02,5.414268374443054199e-01,1.820654869079589844e-01,2.584208726882934570e+00,3.462900876998901367e+00,3.572934389114379883e+00,2.770327114376414102e-07,1.843749970475982991e-07,7.191505283117294312e-03,2.176269656047224998e-03,9.451228380203247070e-02,2.596851438283920288e-02,7.707463204860687256e-02,5.473794043064117432e-02,5.413922667503356934e-01,1.820459961891174316e-01,2.584002017974853516e+00,3.462579011917114258e+00,3.572597026824951172e+00
6.661101531982421875e+01,1.311342348344624043e-03,9.958896553143858910e-04,6.564121693372726440e-03,4.160149488598108292e-03,8.263304829597473145e-02,2.284989506006240845e-02,6.820272654294967651e-02,4.860179871320724487e-02,5.032430887222290039e-01,1.697296202182769775e-01,2.534863471984863281e+00,3.505532741546630859e+00,3.655590295791625977e+00,3.976450534537434578e-04,3.089965030085295439e-04,3.118766006082296371e-03,1.807889435440301895e-03,8.256024122238159180e-02,2.274013683199882507e-02,6.820175796747207642e-02,4.858698695898056030e-02,5.033953785896301270e-01,1.697977632284164429e-01,2.536553621292114258e+00,3.508283376693725586e+00,3.658525228500366211e+00,1.027672027476000949e-07,6.515593042877299013e-08,5.727906711399555206e-03,9.771136101335287094e-04,8.247479796409606934e-02,2.267341315746307373e-02,6.810817867517471313e-02,4.848016053438186646e-02,5.032578110694885254e-01,1.696891933679580688e-01,2.536443710327148438e+00,3.508107423782348633e+00,3.658337831497192383e+00
6.711185455322265625e+01,1.070454134605824947e-03,8.129487396217882633e-04,5.430599674582481384e-03,3.444043686613440514e-03,7.202346622943878174e-02,1.994253508746623993e-02,6.016002967953681946e-02,4.297420009970664978e-02,4.666697084903717041e-01,1.578249782323837280e-01,2.508954524993896484e+00,3.543794870376586914e+00,3.721175909042358398e+00,3.572302230168133974e-04,2.648950321599841118e-04,2.003509784117341042e-03,1.395193277858197689e-03,7.198975980281829834e-02,1.987185887992382050e-02,6.017881259322166443e-02,4.297866672277450562e-02,4.668132364749908447e-01,1.578941047191619873e-01,2.510425090789794922e+00,3.546263933181762695e+00,3.723841667175292969e+00,3.896471412190294359e-08,2.430780021711598238e-08,4.461359698325395584e-03,5.240596365183591843e-04,7.171040773391723633e-02,1.960254833102226257e-02,5.994288995862007141e-02,4.270867258310317993e-02,4.665430784225463867e-01,1.576661169528961182e-01,2.510553121566772461e+00,3.546485662460327148e+00,3.724080085754394531e+00
6.761268615722656250e+01,8.738186443224549294e-04,6.636153557337820530e-04,4.489913117140531540e-03,2.849243814125657082e-03,6.269466131925582886e-02,1.738111302256584167e-02,5.296382680535316467e-02,3.791968896985054016e-02,4.317429065704345703e-01,1.463924050331115723e-01,2.495826482772827148e+00,3.577105522155761719e+00,3.773374795913696289e+00,3.163228393532335758e-04,2.255959989270195365e-04,1.445277128368616104e-03,1.104759750887751579e-03,6.262992322444915771e-02,1.726664789021015167e-02,5.295623466372489929e-02,3.789294511079788208e-02,4.318382441997528076e-01,1.464296430349349976e-01,2.497105836868286133e+00,3.579302549362182617e+00,3.775764226913452148e+00,1.489945589128183201e-08,9.239862208687554812e-09,2.402443205937743187e-03,4.991754540242254734e-04,6.229415535926818848e-02,1.690174825489521027e-02,5.275321379303932190e-02,3.769601881504058838e-02,4.317259490489959717e-01,1.463499665260314941e-01,2.497428417205810547e+00,3.579858779907226562e+00,3.776368141174316406e+00
6.811352539062500000e+01,7.133015897125005722e-04,5.417117499746382236e-04,3.709894837811589241e-03,2.355633769184350967e-03,5.450744926929473877e-02,1.512903254479169846e-02,4.654416441917419434e-02,3.339470177888870239e-02,3.985447883605957031e-01,1.354694515466690063e-01,2.490181922912597656e+00,3.606695175170898438e+00,3.816490888595581055e+00,2.760158386081457138e-04,1.908113335957750678e-04,1.124904840253293514e-03,8.973331423476338387e-04,5.436363071203231812e-02,1.489708200097084045e-02,4.648389294743537903e-02,3.330573812127113342e-02,3.985798060894012451e-01,1.354610025882720947e-01,2.491326808929443359e+00,3.608695030212402344e+00,3.818676233291625977e+00,5.714472450790708535e-09,3.536206882870374102e-09,3.146165399812161922e-04,2.498518442735075951e-04,5.443538352847099304e-02,1.503534056246280670e-02,4.653335362672805786e-02,3.336779773235321045e-02,3.986510336399078369e-01,1.355160176753997803e-01,2.491644859313964844e+00,3.609247684478759766e+00,3.819282054901123047e+00
6.861435699462890625e+01,5.822725361213088036e-04,4.422027559485286474e-04,3.063634270802140236e-03,1.946357311680912971e-03,4.733510687947273254e-02,1.315276231616735458e-02,4.083332046866416931e-02,2.935617417097091675e-02,3.671274483203887939e-01,1.250830739736557007e-01,2.488824367523193359e+00,3.633308887481689453e+00,3.853222370147705078e+00,2.381269005127251148e-04,1.605317374924197793e-04,9.226460824720561504e-04,7.439119508489966393e-04,4.706874862313270569e-02,1.271280460059642792e-02,4.070441424846649170e-02,2.918463386595249176e-02,3.671036660671234131e-01,1.250260025262832642e-01,2.489897251129150391e+00,3.635208129882812500e+00,3.855306625366210938e+00,2.194190829030162604e-09,1.356739165458975549e-09,1.964969305845443159e-05,3.085966818616725504e-05,4.726436734199523926e-02,1.304525975137948990e-02,4.081279784440994263e-02,2.931235730648040771e-02,3.672032356262207031e-01,1.251082718372344971e-01,2.490126132965087891e+00,3.635609388351440430e+00,3.855745792388916016e+00
6.911518859863281250e+01,4.753126995638012886e-04,3.609728591982275248e-04,2.528582932427525520e-03,1.607268466614186764e-03,4.106212779879570007e-02,1.142156310379505157e-02,3.576601669192314148e-02,2.576186321675777435e-02,3.375137746334075928e-01,1.152497231960296631e-01,2.489831686019897461e+00,3.657432556152343750e+00,3.885266780853271484e+00,2.035813522525131702e-04,1.344625052297487855e-04,7.853983552195131779e-04,6.263465620577335358e-04,4.063682258129119873e-02,1.064282935112714767e-02,3.557084873318672180e-02,2.551177516579627991e-02,3.374499380588531494e-01,1.151580736041069031e-01,2.490889072418212891e+00,3.659323692321777344e+00,3.887345552444458008e+00,8.429060782688679865e-10,5.210322728821381588e-10,2.303918790858006105e-06,2.997408273586188443e-06,4.092120751738548279e-02,1.122813299298286438e-02,3.569841384887695312e-02,2.566472440958023071e-02,3.375389873981475830e-01,1.152364835143089294e-01,2.490980386734008789e+00,3.659482479095458984e+00,3.887521505355834961e+00
6.961602783203125000e+01,3.879999567288905382e-04,2.946637978311628103e-04,2.085907384753227234e-03,1.326535595580935478e-03,3.558414056897163391e-02,9.907529689371585846e-03,3.128043189644813538e-02,2.257118932902812958e-02,3.097029924392700195e-01,1.059772074222564697e-01,2.492056608200073242e+00,3.679400444030761719e+00,3.913702726364135742e+00,1.725166948745027184e-04,1.121194218285381794e-04,6.840419373475015163e-04,5.326939281076192856e-04,3.500472009181976318e-02,8.643691428005695343e-03,3.105546534061431885e-02,2.229073829948902130e-02,3.096367418766021729e-01,1.058847829699516296e-01,2.493121385574340820e+00,3.681320667266845703e+00,3.915818929672241211e+00,3.238536105953926381e-10,2.001635801551771010e-10,7.828541583876358345e-07,5.732325121243775357e-07,3.536768257617950439e-02,9.618701413273811340e-03,3.116487897932529449e-02,2.241824381053447723e-02,3.096848428249359131e-01,1.059285029768943787e-01,2.493087768554687500e+00,3.681257247924804688e+00,3.915749073028564453e+00
7.011685943603515625e+01,3.167272370774298906e-04,2.405362320132553577e-04,1.719907042570412159e-03,1.094283070415258408e-03,3.080742061138153076e-02,8.585491217672824860e-03,2.731872163712978363e-02,1.974574290215969086e-02,2.836755514144897461e-01,9.726624190807342529e-02,2.494822740554809570e+00,3.699454545974731445e+00,3.939230203628540039e+00,1.450316049158573151e-04,9.309507731813937426e-05,6.030514487065374851e-04,4.554647894110530615e-04,3.013392351567745209e-02,6.779600400477647781e-03,2.711684815585613251e-02,1.949597522616386414e-02,2.836384177207946777e-01,9.720243513584136963e-02,2.495882511138916016e+00,3.701378107070922852e+00,3.941353559494018555e+00,1.244361280683392579e-10,7.690717507280453447e-11,2.819891733452095650e-07,1.833237490700412309e-07,3.052045218646526337e-02,8.203124627470970154e-03,2.716085501015186310e-02,1.954286918044090271e-02,2.836231589317321777e-01,9.718766808509826660e-02,2.495763540267944336e+00,3.701161623001098633e+00,3.941114664077758789e+00
7.061769866943359375e+01,2.585464098956435919e-04,1.963512331712990999e-04,1.417479244992136955e-03,9.022587328217923641e-04,2.664770558476448059e-02,7.432729471474885941e-03,2.382687479257583618e-02,1.724927872419357300e-02,1.043778419494628906e+00,1.404759287834167480e+00,3.175840854644775391e+00,3.837515354156494141e+00,3.987393856048583984e+00,1.145838614320382476e-04,7.443107460858300328e-05,3.948063531424850225e-04,3.346341545693576336e-04,2.501972764730453491e-02,3.280182834714651108e-03,2.354683168232440948e-02,1.481566671282052994e-02,1.044242501258850098e+00,1.405327558517456055e+00,3.178310632705688477e+00,3.840836048126220703e+00,3.990921497344970703e+00,4.781249007823618058e-11,2.955003602922445793e-11,1.001357787799861399e-07,6.460869172997263377e-08,2.510969899594783783e-02,2.737297210842370987e-03,2.350459247827529907e-02,1.584223099052906036e-02,1.044271707534790039e+00,1.405374526977539062e+00,3.178392648696899414e+00,3.840946435928344727e+00,3.991040468215942383e+00
7.111853027343750000e+01,2.110531931975856423e-04,1.602828415343537927e-04,1.167728099972009659e-03,7.435934967361390591e-04,2.302991971373558044e-02,6.428933702409267426e-03,2.075515501201152802e-02,1.504813507199287415e-02,1.224982500076293945e+00,7.490776181221008301e-01,3.340417385101318359e+00,4.032918930053710938e+00,4.112277984619140625e+00,9.671667066868394613e-05,6.199027848197147250e-05,3.657584311440587044e-04,2.927486493717879057e-04,2.144706994295120239e-02,2.891763579100370407e-03,2.046523243188858032e-02,1.226563006639480591e-02,1.225380182266235352e+00,7.492675781250000000e-01,3.342844486236572266e+00,4.036188125610351562e+00,4.115652084350585938e+00,1.837164795293055874e-11,1.135434454790917869e-11,3.760972688837682654e-08,2.363444906450240524e-08,2.100716531276702881e-02,1.544353901408612728e-03,2.009218558669090271e-02,1.321708038449287415e-02,1.225519299507141113e+00,7.493578791618347168e-01,3.343326568603515625e+00,4.036835670471191406e+00,4.116320133209228516e+00
7.161936187744140625e+01,1.722841261653229594e-04,1.308399514527991414e-04,9.615897433832287788e-04,6.125668878667056561e-04,1.988717168569564819e-02,5.555949639528989792e-03,1.805789209902286530e-02,1.311116479337215424e-02,1.177342414855957031e+00,5.137994289398193359e-01,3.334850072860717773e+00,4.178549766540527344e+00,4.264187812805175781e+00,8.050482574617490172e-05,5.120191781315952539e-05,3.262225072830915451e-04,2.511956554371863604e-04,1.816111803054809570e-02,2.471556188538670540e-03,1.763789355754852295e-02,9.396356530487537384e-03,1.177578687667846680e+00,5.138477683067321777e-01,3.337365627288818359e+00,4.182147026062011719e+00,4.267904281616210938e+00,7.059216058924455695e-12,4.362841685146001680e-12,1.432954732649704965e-08,8.913117355291433341e-09,1.764125004410743713e-02,1.075599808245897293e-03,1.720670983195304871e-02,1.030849944800138474e-02,1.177662968635559082e+00,5.138826966285705566e-01,3.337884664535522461e+00,4.182888031005859375e+00,4.268670082092285156e+00
7.212020111083984375e+01,1.406362425768747926e-04,1.068051860784180462e-04,7.915327441878616810e-04,5.044213612563908100e-04,1.716008782386779785e-02,4.797616507858037949e-03,1.569341681897640228e-02,1.140975207090377808e-02,1.071813702583312988e+00,4.100871384143829346e-01,3.300797700881958008e+00,4.287122249603271484e+00,4.406794548034667969e+00,6.679630314465612173e-05,4.221392009640112519e-05,2.921573759522289038e-04,2.159395371563732624e-04,1.524748094379901886e-02,2.166443504393100739e-03,1.500496361404657364e-02,7.262631785124540329e-03,1.071917653083801270e+00,4.100622832775115967e-01,3.303292036056518555e+00,4.290901660919189453e+00,4.410746574401855469e+00,2.712433359516874809e-12,1.676376702383630679e-12,5.490687904341484682e-09,3.401388504187252693e-09,1.478528976440429688e-02,8.422351675108075142e-04,1.468606479465961456e-02,7.598296273499727249e-03,1.071987032890319824e+00,4.100900590419769287e-01,3.303852319717407227e+00,4.291748046875000000e+00,4.411631584167480469e+00
7.262103271484375000e+01,1.148022711277008057e-04,8.718577009858563542e-05,6.513138068839907646e-04,4.152096516918390989e-04,1.479624398052692413e-02,4.139628261327743530e-03,1.362403016537427902e-02,9.917858056724071503e-03,9.589561820030212402e-01,3.499022126197814941e-01,3.271129608154296875e+00,4.373559951782226562e+00,4.529924869537353516e+00,5.524265725398436189e-05,3.473783726803958416e-05,2.608485810924321413e-04,1.852949790190905333e-04,1.263460237532854080e-02,1.943706651218235493e-03,1.251755561679601669e-02,5.800628568977117538e-03,9.589480161666870117e-01,3.498155772686004639e-01,3.273569345474243164e+00,4.377430438995361328e+00,4.534023284912109375e+00,1.042241271585753193e-12,6.441406652860082183e-13,2.108378360787810379e-09,1.304067076546289172e-09,1.233233883976936340e-02,6.950162933208048344e-04,1.244889665395021439e-02,5.373247433453798294e-03,9.590918421745300293e-01,3.498948812484741211e-01,3.274124383926391602e+00,4.378308296203613281e+00,4.534952640533447266e+00
7.312187194824218750e+01,9.371354826726019382e-05,7.117007771739736199e-05,5.357468035072088242e-04,3.416500112507492304e-04,1.274921465665102005e-02,3.569286549463868141e-03,1.181555259972810745e-02,8.611740544438362122e-03,8.529562354087829590e-01,3.061400651931762695e-01,3.250510454177856445e+00,4.445798397064208984e+00,4.634025573730468750e+00,4.554937186185270548e-05,2.853369369404390454e-05,2.309615811100229621e-04,1.582725089974701405e-04,1.032541878521442413e-02,1.770908362232148647e-03,1.012111455202102661e-02,4.784725140780210495e-03,8.528854846954345703e-01,3.060190379619598389e-01,3.252895832061767578e+00,4.449725627899169922e+00,4.638227939605712891e+00,4.004711059296672815e-13,2.475047890162368480e-13,8.102167825541073398e-10,5.008404801998267430e-10,1.020920183509588242e-02,5.875856732018291950e-04,1.044917572289705276e-02,3.754059784114360809e-03,8.530769944190979004e-01,3.061344027519226074e-01,3.253387451171875000e+00,4.450531005859375000e+00,4.639091491699218750e+00
7.362270355224609375e+01,7.649904000572860241e-05,5.809665162814781070e-05,4.405420622788369656e-04,2.810261212289333344e-04,1.097824703902006149e-02,3.075419459491968155e-03,1.023735944181680679e-02,7.470030337572097778e-03,7.571061849594116211e-01,2.702240943908691406e-01,3.237289428710937500e+00,4.507798671722412109e+00,4.722183704376220703e+00,3.746653965208679438e-05,2.340355240448843688e-05,2.023887209361419082e-04,1.344329211860895157e-04,8.270778693258762360e-03,1.633754000067710876e-03,7.948563434183597565e-03,4.040770232677459717e-03,7.570447325706481934e-01,2.701149582862854004e-01,3.239610433578491211e+00,4.511730194091796875e+00,4.726426601409912109e+00,1.538794184305705692e-13,9.510270446589502713e-14,3.114458690944843511e-10,1.924810311138003271e-10,8.371746167540550232e-03,5.009541055187582970e-04,8.670778945088386536e-03,2.670803340151906013e-03,7.571942806243896484e-01,2.702063620090484619e-01,3.240018606185913086e+00,4.512417793273925781e+00,4.727169036865234375e+00
7.412354278564453125e+01,6.244652468012645841e-05,4.742456439998932183e-05,3.621411451604217291e-04,2.310828276677057147e-04,9.447403252124786377e-03,2.648154506459832191e-03,8.861899375915527344e-03,6.473412271589040756e-03,6.714991927146911621e-01,2.392319440841674805e-01,3.229127883911132812e+00,4.561745166778564453e+00,4.797481060028076172e+00,3.075955464737489820e-05,1.917318695632275194e-05,1.754650438670068979e-04,1.135216298280283809e-04,6.372444331645965576e-03,1.525668194517493248e-03,6.242427974939346313e-03,3.479241160675883293e-03,6.714821457862854004e-01,2.391597926616668701e-01,3.231351375579833984e+00,4.565599441528320312e+00,4.801667690277099609e+00,5.912668087342670686e-14,3.654229899902571022e-14,1.197295734778336396e-10,7.399002244223851221e-11,6.793466396629810333e-03,4.262260918039828539e-04,7.098634727299213409e-03,1.966157928109169006e-03,6.715433001518249512e-01,2.391918450593948364e-01,3.231694459915161133e+00,4.566193103790283203e+00,4.802313327789306641e+00
7.462437438964843750e+01,5.097553366795182228e-05,3.871300577884539962e-05,2.976050600409507751e-04,1.899565249914303422e-04,8.125262334942817688e-03,2.278844593092799187e-03,7.664657663553953171e-03,5.604635924100875854e-03,5.953663587570190430e-01,2.119946330785751343e-01,3.224202632904052734e+00,4.609021663665771484e+00,4.862382888793945312e+00,2.521762326068710536e-05,1.569388041389174759e-05,1.505650725448504090e-04,9.533144475426524878e-05,4.688547924160957336e-03,1.416607294231653214e-03,5.024834070354700089e-03,3.044536570087075233e-03,5.953940153121948242e-01,2.119628489017486572e-01,3.226287603378295898e+00,4.612707138061523438e+00,4.866406440734863281e+00,2.271918886202241306e-14,1.404123128531664655e-14,4.603012762616209841e-11,2.844473961927107553e-11,5.449672229588031769e-03,3.604737867135554552e-04,5.716327577829360962e-03,1.495705801062285900e-03,5.953714847564697266e-01,2.119332551956176758e-01,3.226605415344238281e+00,4.613267898559570312e+00,4.867019653320312500e+00
7.512520599365234375e+01,4.161168180871754885e-05,3.160169580951333046e-05,2.445005229674279690e-04,1.561031531309708953e-04,6.984245963394641876e-03,1.959887333214282990e-03,6.623748689889907837e-03,4.848240409046411514e-03,5.277606844902038574e-01,1.879042983055114746e-01,3.221283912658691406e+00,4.650622367858886719e+00,4.918757915496826172e+00,2.065048465738072991e-05,1.283666279050521553e-05,1.279446005355566740e-04,7.964060932863503695e-05,3.394204890355467796e-03,1.279401942156255245e-03,4.130715038627386093e-03,2.675727708265185356e-03,5.278230309486389160e-01,1.879077106714248657e-01,3.223194360733032227e+00,4.654052257537841797e+00,4.922520160675048828e+00,8.729757029562155990e-15,5.395286895335882696e-15,1.769654561778466473e-11,1.093563260778918078e-11,4.308694973587989807e-03,3.038384602405130863e-04,4.515794571489095688e-03,1.163491513580083847e-03,5.277417302131652832e-01,1.878307163715362549e-01,3.223527431488037109e+00,4.654652118682861328e+00,4.923176765441894531e+00
7.562604522705078125e+01,3.396779356990009546e-05,2.579660031187813729e-05,2.008171431953087449e-04,1.282463636016473174e-04,6.000257562845945358e-03,1.684628892689943314e-03,5.719749256968498230e-03,4.190461244434118271e-03,4.677619040012359619e-01,1.665519177913665771e-01,3.219586849212646484e+00,4.687318801879882812e+00,4.968015670776367188e+00,1.689529381110332906e-05,1.049363436322892085e-05,1.077942361007444561e-04,6.623448280151933432e-05,2.517716260626912117e-03,1.126685994677245617e-03,3.434185171499848366e-03,2.338984049856662750e-03,4.678435325622558594e-01,1.665797382593154907e-01,3.221299171447753906e+00,4.690433502197265625e+00,4.971444129943847656e+00,3.354325010026387721e-15,2.073086880383535197e-15,6.803466644222933013e-12,4.204208595842695573e-12,3.334125038236379623e-03,2.566677867434918880e-04,3.500488586723804474e-03,9.150085970759391785e-04,4.677342772483825684e-01,1.664772182703018188e-01,3.221676349639892578e+00,4.691123485565185547e+00,4.972203731536865234e+00
7.612687683105468750e+01,2.772814150375779718e-05,2.105794010276440531e-05,1.648965844651684165e-04,1.053326268447563052e-04,5.152308382093906403e-03,1.447265036404132843e-03,4.935496021062135696e-03,3.619097871705889702e-03,4.145308732986450195e-01,1.476146280765533447e-01,3.218624114990234375e+00,4.719737052917480469e+00,5.011239051818847656e+00,1.381419770041247830e-05,8.574917956138961017e-06,9.018887067213654518e-05,5.488848910317756236e-05,1.946936594322323799e-03,9.816647507250308990e-04,2.882982837036252022e-03,2.032278338447213173e-03,4.146176278591156006e-01,1.476555019617080688e-01,3.220129489898681641e+00,4.722507476806640625e+00,5.014297485351562500e+00,1.288885778365374789e-15,7.965751945863616679e-16,2.615645113696052348e-12,1.616338573401376877e-12,2.490942366421222687e-03,2.181382151320576668e-04,2.675938419997692108e-03,7.221974083222448826e-04,4.145053625106811523e-01,1.475468873977661133e-01,3.220564365386962891e+00,4.723311901092529297e+00,5.015185356140136719e+00
7.662771606445312500e+01,2.263459646201226860e-05,1.718968269415199757e-05,1.353676780126988888e-04,8.649045048514381051e-05,4.422052763402462006e-03,1.242715865373611450e-03,4.255780950188636780e-03,3.123306669294834137e-03,3.673112690448760986e-01,1.308164000511169434e-01,3.218096733093261719e+00,4.748405456542968750e+00,5.049283504486083984e+00,1.128927397076040506e-05,7.004730377957457677e-06,7.504948735004290938e-05,4.535825792117975652e-05,1.565902028232812881e-03,8.544271113350987434e-04,2.447318984195590019e-03,1.760109327733516693e-03,3.673941195011138916e-01,1.308619529008865356e-01,3.219400167465209961e+00,4.750828742980957031e+00,5.051967620849609375e+00,4.952419530512234408e-16,3.060763348721866903e-16,1.005590684506618704e-12,6.214046746784440689e-13,1.752154668793082237e-03,1.857670868048444390e-04,2.035474637523293495e-03,5.715936422348022461e-04,3.672932684421539307e-01,1.307598799467086792e-01,3.219892740249633789e+00,4.751746654510498047e+00,5.052983283996582031e+00
7.712854766845703125e+01,1.847676867328118533e-05,1.403205078531755134e-05,1.111010933527722955e-04,7.100169023033231497e-05,3.793571144342422485e-03,1.066567143425345421e-03,3.667237702757120132e-03,2.693535294383764267e-03,3.254315555095672607e-01,1.159165650606155396e-01,3.217823505401611328e+00,4.773772716522216797e+00,5.082839488983154297e+00,9.222942935593891889e-06,5.720980425394373015e-06,6.219651550054550171e-05,3.740360261872410774e-05,1.298872753977775574e-03,7.455951999872922897e-04,2.101903781294822693e-03,1.523344544693827629e-03,3.255059719085693359e-01,1.159617081284523010e-01,3.218938827514648438e+00,4.775865077972412109e+00,5.085162639617919922e+00,1.902947263326165337e-16,1.176086056672384791e-16,3.866071959096606392e-13,2.389038944970722778e-13,1.110308570787310600e-03,1.544707047287374735e-04,1.549315755255520344e-03,4.547204007394611835e-04,3.254240453243255615e-01,1.158744990825653076e-01,3.219480514526367188e+00,4.776882648468017578e+00,5.086289882659912109e+00
7.762937927246093750e+01,1.508270634076325223e-05,1.145445367001229897e-05,9.116437286138534546e-05,5.827310087624937296e-05,3.252993803471326828e-03,9.149683755822479725e-04,3.158081788569688797e-03,2.321338746696710587e-03,2.882921695709228516e-01,1.027016118168830872e-01,3.217695236206054688e+00,4.796228408813476562e+00,5.112478733062744141e+00,7.532920790254138410e-06,4.671733222494367510e-06,5.138512642588466406e-05,3.079342423006892204e-05,1.101193949580192566e-03,6.524211494252085686e-04,1.825127168558537960e-03,1.319455448538064957e-03,2.883567214012145996e-01,1.027436703443527222e-01,3.218641519546508789e+00,4.798016548156738281e+00,5.114468574523925781e+00,7.311998682282946829e-17,4.519063379539296451e-17,1.486341296352486352e-13,9.184845809265262950e-14,5.882582627236843109e-04,1.175159122794866562e-04,1.162772066891193390e-03,3.613964072428643703e-04,2.882982790470123291e-01,1.026777476072311401e-01,3.219219207763671875e+00,4.799110412597656250e+00,5.115684509277343750e+00
7.813021850585937500e+01,1.231207079399609938e-05,9.350314940093085170e-06,7.478913175873458385e-05,4.781562893185764551e-05,2.788282930850982666e-03,7.845741929486393929e-04,2.717968076467514038e-03,1.999287633225321770e-03,2.553604841232299805e-01,9.098222106695175171e-02,3.217646598815917969e+00,4.816111087799072266e+00,5.138684749603271484e+00,6.151449724711710587e-06,3.814454203165951185e-06,4.235455344314686954e-05,2.531954487494658679e-05,9.470685617998242378e-04,5.718176835216581821e-04,1.599872019141912460e-03,1.144516165368258953e-03,2.554152309894561768e-01,9.101995080709457397e-02,3.218443393707275391e+00,4.817626476287841797e+00,5.140373706817626953e+00,2.809564610906171425e-17,1.736406457651107485e-17,5.714269254173190427e-14,3.531132634557176964e-14,2.314818557351827621e-04,7.262644066940993071e-05,8.125887834466993809e-04,2.776153851300477982e-04,2.553837895393371582e-01,9.098014980554580688e-02,3.219043254852294922e+00,4.818770885467529297e+00,5.141647815704345703e+00
7.863105010986328125e+01,1.005042122415034100e-05,7.632721462869085371e-06,6.134303112048655748e-05,3.922663017874583602e-05,2.389018656685948372e-03,6.724855047650635242e-04,2.337849466130137444e-03,1.720871077850461006e-03,2.261644005775451660e-01,8.059073984622955322e-02,3.217639684677124023e+00,4.833716869354248047e+00,5.161868572235107422e+00,5.022863660997245461e-06,3.114334958809195086e-06,3.485175693640485406e-05,2.079926707665435970e-05,8.214372210204601288e-04,5.012640613131225109e-04,1.413164543919265270e-03,9.943798650056123734e-04,2.262101620435714722e-01,8.062381297349929810e-02,3.218306064605712891e+00,4.834992885589599609e+00,5.163292407989501953e+00,1.079564005354797097e-17,6.672071908077223347e-18,2.196893620525549456e-14,1.357570536563747210e-14,5.919396789977326989e-05,3.091157122980803251e-05,4.724214668385684490e-04,1.907380938064306974e-04,2.262083888053894043e-01,8.061362057924270630e-02,3.218910694122314453e+00,4.836150646209716797e+00,5.164583683013916016e+00
7.913188934326171875e+01,8.204196092265192419e-06,6.230618510016938671e-06,5.030448664911091328e-05,3.217384801246225834e-05,2.046149456873536110e-03,5.761813372373580933e-04,2.009785966947674751e-03,1.480363309383392334e-03,2.002827823162078857e-01,7.137759774923324585e-02,3.217652082443237305e+00,4.849308967590332031e+00,5.182388782501220703e+00,4.100890237168641761e-06,2.542516767789493315e-06,2.864062298613134772e-05,1.707303090370260179e-05,7.152773323468863964e-04,4.388593370094895363e-04,1.255170325748622417e-03,8.651009993627667427e-04,2.003206610679626465e-01,7.140607386827468872e-02,3.218207359313964844e+00,4.850377559661865234e+00,5.183580398559570312e+00,4.148120520412546593e-18,2.563679631714679843e-18,8.445997604100176359e-15,5.219204415711237860e-15,1.161571344709955156e-05,8.521268682670779526e-06,1.983663096325471997e-04,1.031823339872062206e-04,2.003465294837951660e-01,7.142370194196701050e-02,3.218790292739868164e+00,4.851501464843750000e+00,5.184837341308593750e+00
7.963272094726562500e+01,6.697146091028116643e-06,5.086100372864166275e-06,4.124487168155610561e-05,2.638415571709629148e-05,1.751863164827227592e-03,4.934841999784111977e-04,1.726861577481031418e-03,1.272768713533878326e-03,1.773431301116943359e-01,6.321052461862564087e-02,3.217671632766723633e+00,4.863115787506103516e+00,5.200553417205810547e+00,3.348044856466003694e-06,2.075666543532861397e-06,2.351435978198423982e-05,1.400661767547717318e-05,6.234119646251201630e-04,3.833708760794252157e-04,1.118705258704721928e-03,7.532929303124547005e-04,1.773743331432342529e-01,6.323481351137161255e-02,3.218132019042968750e+00,4.864006042480468750e+00,5.201550483703613281e+00,1.593898458231491792e-18,9.850833944299596486e-19,3.247124943738357097e-15,2.006561336222656075e-15,3.149700660287635401e-06,2.149696911146747880e-06,5.554540257435292006e-05,3.881673910655081272e-05,1.774140745401382446e-01,6.326711922883987427e-02,3.218671798706054688e+00,4.865050315856933594e+00,5.202717781066894531e+00
8.013355255126953125e+01,5.466929906106088310e-06,4.151821030973223969e-06,3.381088390597142279e-05,2.163232966267969459e-05,1.499387319199740887e-03,4.225043812766671181e-04,1.483026775531470776e-03,1.093709026463329792e-03,1.570132076740264893e-01,5.597152560949325562e-02,3.217691421508789062e+00,4.875342369079589844e+00,5.216636657714843750e+00,2.733272594923619181e-06,1.694478669378440827e-06,1.929156314872670919e-05,1.148568026110297069e-05,5.427399300970137119e-04,3.339354589115828276e-04,9.984193602576851845e-04,6.560606416314840317e-04,1.570388227701187134e-01,5.599205195903778076e-02,3.218073368072509766e+00,4.876082897186279297e+00,5.217465877532958984e+00,6.124490750276307321e-19,3.785143327866621137e-19,1.248380451069437333e-15,7.714368978381893390e-16,1.082116568795754574e-06,6.827817173871153500e-07,1.182020423584617674e-05,1.022137985273730010e-05,1.570774465799331665e-01,5.602484941482543945e-02,3.218556642532348633e+00,4.877020835876464844e+00,5.218517303466796875e+00
8.063439178466796875e+01,4.462680408323649317e-06,3.389151061128359288e-06,2.771203799056820571e-05,1.773313852027058601e-05,1.282874378375709057e-03,3.616090107243508101e-04,1.273014117032289505e-03,9.393660584464669228e-04,1.389981359243392944e-01,4.955586418509483337e-02,3.217708349227905273e+00,4.886169433593750000e+00,5.230877399444580078e+00,2.231292228316306137e-06,1.383249241371231619e-06,1.581825199536979198e-05,9.414954547537490726e-06,4.714741371572017670e-04,2.899756946135312319e-04,8.905577124096453190e-04,5.710807163268327713e-04,1.390190571546554565e-01,4.957311600446701050e-02,3.218024015426635742e+00,4.886784076690673828e+00,5.231567382812500000e+00,2.353276368443254902e-19,1.454404787682080587e-19,4.799416263480545900e-16,2.965800632120615173e-16,3.990582797541719628e-07,2.479078773376386380e-07,3.259830464230617508e-06,2.592240889498498291e-06,1.390521228313446045e-01,4.960169643163681030e-02,3.218450546264648438e+00,4.887613296508789062e+00,5.232496261596679688e+00
8.113522338867187500e+01,3.642918045443366282e-06,2.766588067970587872e-06,2.270971526741050184e-05,1.453436379961203784e-05,1.097285072319209576e-03,3.093898994848132133e-04,1.092248829081654549e-03,8.064190042205154896e-04,1.230368986725807190e-01,4.387080296874046326e-02,3.217720746994018555e+00,4.895754814147949219e+00,5.243486881256103516e+00,1.821515979827381670e-06,1.129199745264486410e-06,1.296509799431078136e-05,7.715457286394666880e-06,4.085152759216725826e-04,2.510561316739767790e-04,7.926253601908683777e-04,4.965419066138565540e-04,1.230540722608566284e-01,4.388529062271118164e-02,3.217982053756713867e+00,4.896265506744384766e+00,5.244060039520263672e+00,9.042369456328317465e-20,5.588491672014782220e-20,1.845168896062683367e-16,1.140222549336739706e-16,1.511126868081191787e-07,9.355583330261652009e-08,1.230842030963685829e-06,8.306859626827645116e-07,1.230818405747413635e-01,4.390963912010192871e-02,3.218355417251586914e+00,4.896994113922119141e+00,5.244877338409423828e+00
8.163606262207031250e+01,2.973730488520232029e-06,2.258378572150832042e-06,1.860743759607430547e-05,1.191064257000107318e-05,9.382615098729729652e-04,2.646282955538481474e-04,9.367444436065852642e-04,6.919696461409330368e-04,1.088966578245162964e-01,3.883362561464309692e-02,3.217728614807128906e+00,4.904241561889648438e+00,5.254651069641113281e+00,1.486937435402069241e-06,9.217775414072093554e-07,1.062282080965815112e-05,6.321063665382098407e-06,3.530261456035077572e-04,2.167600323446094990e-04,7.030448177829384804e-04,4.310181248001754284e-04,1.089107170701026917e-01,3.884573280811309814e-02,3.217944860458374023e+00,4.904666423797607422e+00,5.255128383636474609e+00,3.474443562293134895e-20,2.147324196359720481e-20,7.093773878312677195e-17,4.383599981088427363e-17,5.776652756139810663e-08,3.572630902226592298e-08,5.089527803647797555e-07,3.196919635684025707e-07,1.089341342449188232e-01,3.886652365326881409e-02,3.218270540237426758e+00,4.905304431915283203e+00,5.255844116210937500e+00
8.213689422607421875e+01,2.427476829325314611e-06,1.843530071710119955e-06,1.524398885521804914e-05,9.759077329363208264e-06,8.020572713576257229e-04,2.262756315758451819e-04,8.030495955608785152e-04,5.935056833550333977e-04,9.637159854173660278e-02,3.437118977308273315e-02,3.217732191085815430e+00,4.911754131317138672e+00,5.264535427093505859e+00,1.213835275848396122e-06,7.524719194407225586e-07,8.701574188307859004e-06,5.177716047910507768e-06,3.043504548259079456e-04,1.867094833869487047e-04,6.209915736690163612e-04,3.734260390046983957e-04,9.638308733701705933e-02,3.438121825456619263e-02,3.217912197113037109e+00,4.912108421325683594e+00,5.264932632446289062e+00,1.335041074327030157e-20,8.251007056768543002e-21,2.727248890300814450e-17,1.685304562896561520e-17,2.215694294704917411e-08,1.369756041924574674e-08,2.156028244826302398e-07,1.319511824249275378e-07,9.640290588140487671e-02,3.439906239509582520e-02,3.218195676803588867e+00,4.912664890289306641e+00,5.265557765960693359e+00
8.263772583007812500e+01,1.981566128961276263e-06,1.504886313341557980e-06,1.248674561793450266e-05,7.994997758942190558e-06,6.854382809251546860e-04,1.934262836584821343e-04,6.881646113470196724e-04,5.088405450806021690e-04,8.527841418981552124e-02,3.041835501790046692e-02,3.217731952667236328e+00,4.918404579162597656e+00,5.273285865783691406e+00,9.908757192533812486e-07,6.142535653452796396e-07,7.126180207706056535e-06,4.240378530084853992e-06,2.618337748572230339e-04,1.605003781151026487e-04,5.460366955958306789e-04,3.228754794690757990e-04,8.528773486614227295e-02,3.042652271687984467e-02,3.217881917953491211e+00,4.918700218200683594e+00,5.273618221282958984e+00,5.129841348104295757e-21,3.170416276595788927e-21,1.048508832745473758e-17,6.479265206277850679e-18,8.508441062815563782e-09,5.259088275977319427e-09,9.157689362382370746e-08,5.556015381102952233e-08,8.530463278293609619e-02,3.044197708368301392e-02,3.218127250671386719e+00,4.919183731079101562e+00,5.274162769317626953e+00
8.313856506347656250e+01,1.617560883460100740e-06,1.228445057677163277e-06,1.022680135065456852e-05,6.548853434651391581e-06,5.856214556843042374e-04,1.653003564570099115e-04,5.894917412661015987e-04,4.360786115285009146e-04,7.545443624258041382e-02,2.691729553043842316e-02,3.217728376388549805e+00,4.924290657043457031e+00,5.281032085418701172e+00,8.088545087048260029e-07,5.014152293369988911e-07,5.834860530740115792e-06,3.472138587312656455e-06,2.248560194857418537e-04,1.377397275064140558e-04,4.779727605637162924e-04,2.786193217616528273e-04,7.546176761388778687e-02,2.692357450723648071e-02,3.217854022979736328e+00,4.924538612365722656e+00,5.281311035156250000e+00,1.971092033995912474e-21,1.218201873388432519e-21,4.031001671842388511e-18,2.490959288932999245e-18,3.268583848026196392e-09,2.020183353934612569e-09,3.871694076451603905e-08,2.343896277068324707e-08,7.547642290592193604e-02,2.693733945488929749e-02,3.218066692352294922e+00,4.924957752227783203e+00,5.281782150268554688e+00
8.363939666748046875e+01,1.320425781159428880e-06,1.002787939796689898e-06,8.374819117307197303e-06,5.363580839912174270e-06,5.002168472856283188e-04,1.412277488270774484e-04,5.047866143286228180e-04,3.735801728907972574e-04,6.675576418638229370e-02,2.381685003638267517e-02,3.217722177505493164e+00,4.929499626159667969e+00,5.287889003753662109e+00,6.602854227821808308e-07,4.093151346751255915e-07,4.776878995471633971e-06,2.842738467734307051e-06,1.928239362314343452e-04,1.180501130875200033e-04,4.166418220847845078e-04,2.399989461991935968e-04,6.676094233989715576e-02,2.382079511880874634e-02,3.217828035354614258e+00,4.929708480834960938e+00,5.288124561309814453e+00,7.573841686558919820e-22,4.680891594996036694e-22,1.549744177518870589e-18,9.576652522559707167e-19,1.255846648895442286e-09,7.761688514129616578e-10,1.626192869252918172e-08,9.847145321373318438e-09,6.677421927452087402e-02,2.383385226130485535e-02,3.218010902404785156e+00,4.930070400238037109e+00,5.288531780242919922e+00
8.414023590087890625e+01,1.077868887477961835e-06,8.185798492377216462e-07,6.857340849819593132e-06,4.392248683871002868e-06,4.271643992979079485e-04,1.206304877996444702e-04,4.321032611187547445e-04,3.199220227543264627e-04,5.905414372682571411e-02,2.107141725718975067e-02,3.217714309692382812e+00,4.934109210968017578e+00,5.293957233428955078e+00,5.389899797592079267e-07,3.341228307363053318e-07,3.910099621862173080e-06,2.327078846064978279e-06,1.651521597523242235e-04,1.010610867524519563e-04,3.618098562583327293e-04,2.063993888441473246e-04,5.905659124255180359e-02,2.107192203402519226e-02,3.217804670333862305e+00,4.934287548065185547e+00,5.294157028198242188e+00,2.910175784507033975e-22,1.798587465339037002e-22,5.958001006460462367e-19,3.681750145694496865e-19,4.825345678582948494e-10,2.982246116722819806e-10,6.785442430157218041e-09,4.113013485351757481e-09,5.906971916556358337e-02,2.108588442206382751e-02,3.217961072921752930e+00,4.934597969055175781e+00,5.294507026672363281e+00
8.464106750488281250e+01,8.798738804216554854e-07,6.682139428448863328e-07,5.614187557512195781e-06,3.596397164074005559e-06,3.646990517154335976e-04,1.030131315928883851e-04,3.697654465213418007e-04,2.738770563155412674e-04,4.893399178981781006e-01,1.603705406188964844e+00,3.602104187011718750e+00,4.974545478820800781e+00,5.303278923034667969e+00,4.399823296807880979e-07,2.727473997765628155e-07,3.198258127667941153e-06,1.903852876239398029e-06,1.196398225147277117e-04,7.873481808928772807e-05,2.170982770621776581e-04,1.531781890662387013e-04,4.893511533737182617e-01,1.603739500045776367e+00,3.602215051651000977e+00,4.974730491638183594e+00,5.303485393524169922e+00,1.118223333578502276e-22,6.910999607007409373e-23,2.290589778190630814e-19,1.415471334953770246e-19,1.853853737188160267e-10,1.145799358170940252e-10,2.799119824814511048e-09,1.703359786553448885e-09,4.893633425235748291e-01,1.603776693344116211e+00,3.602329730987548828e+00,4.974925994873046875e+00,5.303703308105468750e+00
8.514190673828125000e+01,7.182447916420642287e-07,5.454658662529254798e-07,4.595854534272802994e-06,2.944384277725475840e-06,3.112989361397922039e-04,8.794829045655205846e-05,3.163201035931706429e-04,2.343803935218602419e-04,8.407903313636779785e-01,7.341494560241699219e-01,3.894986391067504883e+00,5.133381366729736328e+00,5.369830131530761719e+00,3.591592303564539179e-07,2.226444877351241303e-07,2.618197868287097663e-06,1.558569579174218234e-06,1.120149536291137338e-04,7.089768769219517708e-05,2.251157711725682020e-04,1.420096377842128277e-04,8.408031463623046875e-01,7.341607213020324707e-01,3.895075082778930664e+00,5.133521080017089844e+00,5.369981288909912109e+00,4.296665342184490459e-23,2.655485036171591951e-23,8.806180957110871553e-20,5.441784728029967192e-20,7.123103495931815132e-11,4.402375686218817918e-11,1.154663142877154769e-09,7.019678727182565581e-10,8.408205509185791016e-01,7.341762185096740723e-01,3.895198106765747070e+00,5.133714675903320312e+00,5.370190143585205078e+00
8.564273834228515625e+01,5.863079763912537601e-07,4.452674318145000143e-07,3.761832658710773103e-06,2.410311708445078693e-06,2.656629367265850306e-04,7.507038390031084418e-05,2.705189690459519625e-04,2.005165442824363708e-04,8.657723069190979004e-01,4.412728250026702881e-01,3.923015594482421875e+00,5.262709140777587891e+00,5.480507373809814453e+00,2.931879805601056432e-07,1.817485326682799496e-07,2.142460289178416133e-06,1.275472186534898356e-06,9.612317080609500408e-05,6.072845280868932605e-05,1.962782262125983834e-04,1.224403386004269123e-04,8.657829165458679199e-01,4.412791132926940918e-01,3.923089742660522461e+00,5.262828826904296875e+00,5.480637073516845703e+00,1.650976380733933032e-23,1.020359474264536275e-23,3.385588208633600796e-20,2.092126531019284978e-20,2.736993964802536539e-11,1.691564596728589720e-11,4.741494419313596609e-10,2.884534278102535154e-10,8.657981157302856445e-01,4.412882626056671143e-01,3.923195362091064453e+00,5.262999534606933594e+00,5.480819225311279297e+00
8.614356994628906250e+01,4.786070917361939792e-07,3.634747258729476016e-07,3.078840109083103016e-06,1.972897507585003041e-06,2.266718220198526978e-04,6.406477041309699416e-05,2.312830183655023575e-04,1.714934041956439614e-04,8.013726472854614258e-01,3.266988396644592285e-01,3.896281957626342773e+00,5.355381965637207031e+00,5.593661785125732422e+00,2.393317970472708112e-07,1.483627443121804390e-07,1.753017841110704467e-06,1.043698148350813426e-06,8.281774353235960007e-05,5.210261588217690587e-05,1.716847764328122139e-04,1.055590837495401502e-04,8.013808131217956543e-01,3.267032504081726074e-01,3.896342515945434570e+00,5.355483531951904297e+00,5.593770980834960938e+00,6.343809562786588150e-24,3.920689974907268039e-24,1.301608921971822973e-20,8.043301520280337585e-21,1.051674632795984721e-11,6.499720466707215039e-12,1.939372273884742981e-10,1.180781861176427583e-10,8.013930320739746094e-01,3.267098069190979004e-01,3.896431207656860352e+00,5.355633258819580078e+00,5.593932628631591797e+00
8.664440917968750000e+01,3.906888821347820340e-07,2.967058776448538993e-07,2.519589770599850453e-06,1.614689722373441327e-06,1.933659223141148686e-04,5.466158472700044513e-05,1.976829516934230924e-04,1.466282119508832693e-04,7.183476090431213379e-01,2.692266702651977539e-01,3.866826295852661133e+00,5.425822257995605469e+00,5.693275928497314453e+00,1.953655726083525224e-07,1.211078881624416681e-07,1.434219825569016393e-06,8.539520308659120928e-07,7.142914546420797706e-05,4.471598367672413588e-05,1.504859392298385501e-04,9.103385673370212317e-05,7.183538675308227539e-01,2.692301571369171143e-01,3.866875410079956055e+00,5.425909519195556641e+00,5.693367958068847656e+00,2.437547656620586112e-24,1.506487177662500482e-24,5.004035577988076490e-21,3.092248112606311285e-21,4.040952034795042280e-12,2.497447778096462123e-12,7.903873389114579595e-11,4.816076010216718828e-11,7.183631658554077148e-01,2.692352831363677979e-01,3.866950988769531250e+00,5.426040172576904297e+00,5.693511009216308594e+00
8.714524078369140625e+01,3.189218489296763437e-07,2.422029297122207936e-07,2.061731038338621147e-06,1.321391209785360843e-06,1.649240148253738880e-04,4.662976789404638112e-05,1.689201017143204808e-04,1.253337977686896920e-04,6.371573209762573242e-01,2.317484170198440552e-01,3.844712972640991211e+00,5.482840538024902344e+00,5.777127265930175781e+00,1.594802654381055618e-07,9.886241514323046431e-08,1.173312853097741026e-06,6.986513767515134532e-07,6.155220034997910261e-05,3.835295501630753279e-05,1.317959395237267017e-04,7.846707012504339218e-05,6.371619105339050293e-01,2.317510545253753662e-01,3.844753265380859375e+00,5.482912063598632812e+00,5.777204990386962891e+00,9.366178068201413532e-25,5.788616456047800183e-25,1.923829446032625675e-21,1.188831912933006622e-21,1.552718674122099962e-12,9.596331975586513963e-13,3.210819457533098387e-11,1.957910222838421532e-11,6.371693611145019531e-01,2.317552417516708374e-01,3.844818592071533203e+00,5.483026981353759766e+00,5.777330875396728516e+00
8.764608001708984375e+01,2.603374014142900705e-07,1.977113868179003475e-07,1.686914743004308548e-06,1.081262212210276630e-06,1.406406372552737594e-04,3.977077358285896480e-05,1.443056098651140928e-04,1.071032384061254561e-04,5.631216764450073242e-01,2.026945799589157104e-01,3.829774618148803711e+00,5.530806541442871094e+00,5.847263813018798828e+00,1.301830252486979589e-07,8.070092150092023076e-08,9.597608823241898790e-07,5.715296538255643100e-07,5.295160372043028474e-05,3.286117862444370985e-05,1.151281248894520104e-04,6.755864887963980436e-05,5.631251931190490723e-01,2.026966661214828491e-01,3.829807043075561523e+00,5.530866622924804688e+00,5.847330093383789062e+00,3.598863321784909484e-25,2.224219946326193995e-25,7.396158403831449450e-22,4.570462680297619895e-22,5.966171567201028481e-13,3.687296778673299080e-13,1.300520021535467308e-11,7.935801321634627925e-12,5.631309151649475098e-01,2.027000933885574341e-01,3.829862117767333984e+00,5.530967712402343750e+00,5.847440242767333984e+00
8.814691162109375000e+01,2.125149478615639964e-07,1.613929754284981755e-07,1.380118419547216035e-06,8.846902233017317485e-07,1.199127509607933462e-04,3.391480277059599757e-05,2.106389045715332031e+00,1.778694838285446167e-01,5.051432847976684570e-01,1.783948689699172974e-01,3.820050001144409180e+00,5.571985244750976562e+00,5.906333446502685547e+00,1.062656309613885242e-07,6.587521994561029715e-08,7.839922204766480718e-07,4.671459805649647024e-07,3.822992221103049815e-05,2.597911225166171789e-05,2.056635141372680664e+00,1.681354641914367676e-01,5.052937865257263184e-01,1.781887561082839966e-01,3.832153320312500000e+00,5.594573974609375000e+00,5.931275367736816406e+00,1.382848761468178420e-25,8.546475290036105422e-26,2.843492425555615582e-22,1.757138820112552512e-22,2.292475562680473811e-13,1.416828351689936039e-13,2.056642532348632812e+00,1.681483536958694458e-01,5.053114891052246094e-01,1.782048195600509644e-01,3.832156181335449219e+00,5.594580650329589844e+00,5.931282520294189453e+00
8.864774322509765625e+01,1.734773178441173513e-07,1.317461197913871729e-07,1.129023416979180183e-06,7.237911745505698491e-07,1.022234064294025302e-04,2.891625445045065135e-05,1.266073703765869141e+00,6.858285069465637207e-01,7.418073415756225586e-01,1.892720013856887817e-01,3.818412780761718750e+00,5.608151912689208984e+00,5.956641674041748047e+00,8.674795992646977538e-08,5.377557243946284871e-08,6.417366194000351243e-07,3.822738676717563067e-07,3.636577457655221224e-05,2.333183510927483439e-05,1.265747904777526855e+00,6.856291294097900391e-01,7.416686415672302246e-01,1.891813874244689941e-01,3.818577051162719727e+00,5.608466625213623047e+00,5.956989765167236328e+00,5.313540260058484480e-26,3.283948754195758943e-26,1.093195490737353532e-22,6.755412255126307126e-23,8.808744884772692907e-14,5.444103691075105611e-14,1.260642409324645996e+00,6.827183961868286133e-01,7.389470338821411133e-01,1.877026110887527466e-01,3.821043014526367188e+00,5.613124847412109375e+00,5.962148666381835938e+00
8.914858245849609375e+01,1.416103145857050549e-07,1.075449418408425117e-07,9.235341735802649055e-07,5.921032197875319980e-07,8.712996350368484855e-05,2.465040597598999739e-05,8.580291271209716797e-01,6.516304612159729004e-01,1.019741535186767578e+00,2.500707507133483887e-01,3.841350078582763672e+00,5.644300937652587891e+00,6.001085281372070312e+00,7.081249719931292930e-08,4.389699626017318224e-08,5.249339096735639032e-07,3.126858700852608308e-07,3.223364183213561773e-05,2.025293179030995816e-05,8.580306768417358398e-01,6.516315340995788574e-01,1.019743561744689941e+00,2.500714361667633057e-01,3.841360330581665039e+00,5.644321918487548828e+00,6.001108646392822266e+00,2.041676639226557667e-26,1.261825542434180453e-26,4.202784268031586197e-23,2.597114693439392580e-23,3.384675216966046007e-14,2.091844255593892227e-14,8.580323457717895508e-01,6.516327857971191406e-01,1.019745230674743652e+00,2.500721514225006104e-01,3.841371774673461914e+00,5.644341945648193359e+00,6.001130104064941406e+00
8.964941406250000000e+01,1.155975439814937999e-07,8.778972926393180387e-08,7.553887826361460611e-07,4.843370220442011487e-07,7.425432704621925950e-05,2.101070094795431942e-05,6.128171682357788086e-01,5.188837647438049316e-01,1.196382403373718262e+00,3.161916434764862061e-01,3.890870571136474609e+00,5.686666965484619141e+00,6.044412136077880859e+00,5.780550793588190572e-08,3.583388163974632334e-08,4.292789981263922527e-07,2.557198115482606227e-07,2.757464608293958008e-05,1.728283132251817733e-05,6.128183007240295410e-01,5.188845992088317871e-01,1.196384191513061523e+00,3.161923289299011230e-01,3.890879869461059570e+00,5.686685562133789062e+00,6.044431209564208984e+00,7.845059924307633877e-27,4.848513612741300040e-27,1.615781193675316546e-23,9.984737117405371341e-24,1.300547855038114084e-14,8.037827673411379603e-15,6.128192543983459473e-01,5.188854932785034180e-01,1.196386098861694336e+00,3.161929845809936523e-01,3.890889883041381836e+00,5.686701774597167969e+00,6.044450759887695312e+00
9.015025329589843750e+01,9.436282510932869627e-08,7.166318027884699404e-08,6.178086664476722945e-07,3.961525862905546091e-07,6.327227310976013541e-05,1.790572059690020978e-05,4.466465711593627930e-01,3.927096724510192871e-01,1.278043627738952637e+00,3.640890717506408691e-01,3.955737590789794922e+00,5.737705707550048828e+00,6.091307163238525391e+00,4.718643253909249324e-08,2.925106556972423277e-08,3.510221233682386810e-07,2.091128123993257759e-07,2.360616053920239210e-05,1.475457429478410631e-05,4.466471374034881592e-01,3.927101790904998779e-01,1.278045177459716797e+00,3.640896081924438477e-01,3.955745220184326172e+00,5.737720966339111328e+00,6.091324329376220703e+00,3.014388511757126068e-27,1.862994405664549760e-27,6.211859165752985168e-24,3.838624774937126181e-24,4.997230114520828659e-15,3.088457885025734304e-15,4.466479122638702393e-01,3.927108347415924072e-01,1.278046846389770508e+00,3.640902340412139893e-01,3.955754041671752930e+00,5.737735748291015625e+00,6.091340541839599609e+00
9.065108489990234375e+01,7.702904980533276103e-08,5.849916462352666713e-08,5.052511937719827984e-07,3.240007231397612486e-07,5.390725345932878554e-05,1.525747848063474521e-05,3.279720246791839600e-01,2.922316789627075195e-01,1.291548848152160645e+00,3.895429372787475586e-01,4.024132728576660156e+00,5.796439647674560547e+00,6.144383430480957031e+00,3.851912211416674836e-08,2.387815634108392260e-08,2.870193327453307575e-07,1.709927772708397242e-07,2.023340857704170048e-05,1.260420685866847634e-05,3.279722034931182861e-01,2.922318577766418457e-01,1.291549444198608398e+00,3.895430564880371094e-01,4.024139881134033203e+00,5.796453952789306641e+00,6.144398212432861328e+00,1.158266594506127720e-27,7.158480825090653296e-28,2.388178571804365835e-24,1.475777710090764866e-24,1.920165457910375136e-15,1.186727675695875388e-15,3.279727697372436523e-01,2.922323644161224365e-01,1.291551113128662109e+00,3.895436823368072510e-01,4.024146080017089844e+00,5.796465873718261719e+00,6.144413948059082031e+00
9.115191650390625000e+01,6.287936571425234433e-08,4.775328577011350717e-08,4.131715911626088200e-07,2.649708221724722534e-07,4.592239565681666136e-05,1.299914583796635270e-05,2.414783686399459839e-01,2.161841243505477905e-01,1.260013103485107422e+00,3.960211873054504395e-01,4.088221549987792969e+00,5.860379219055175781e+00,6.203964233398437500e+00,3.144347360262145230e-08,1.949192451888848154e-08,2.346685192833319888e-07,1.398111493244869052e-07,1.733404678816441447e-05,1.076445005310233682e-05,2.414784282445907593e-01,2.161842137575149536e-01,1.260013461112976074e+00,3.960212171077728271e-01,4.088226318359375000e+00,5.860390186309814453e+00,6.203978538513183594e+00,4.450592508403089491e-28,2.750617239174982068e-28,9.181463329015519039e-25,5.673695692413268946e-25,7.378158837606204126e-16,4.559953167149058753e-16,2.414788007736206055e-01,2.161845862865447998e-01,1.260014653205871582e+00,3.960217833518981934e-01,4.088234424591064453e+00,5.860401153564453125e+00,6.203989982604980469e+00
9.165275573730468750e+01,5.132867997303947050e-08,3.898119871337257791e-08,3.378492863248538924e-07,2.166797941072218237e-07,3.911528256139717996e-05,1.107361185859190300e-05,1.779659241437911987e-01,1.595927774906158447e-01,1.651015639305114746e+00,1.082713842391967773e+00,4.532946109771728516e+00,6.000157833099365234e+00,6.285282135009765625e+00,2.566715195939650584e-08,1.591116571830752946e-08,1.918461123295855941e-07,1.143049459528810985e-07,1.474074451834894717e-05,9.160869922197889537e-06,1.779662221670150757e-01,1.595930606126785278e-01,1.651016950607299805e+00,1.082714676856994629e+00,4.532952308654785156e+00,6.000166416168212891e+00,6.285290718078613281e+00,1.710097234792077590e-28,1.056898233000595057e-28,3.529803972951533295e-25,2.181246748514279376e-25,2.834986187235641114e-16,1.752117826944266186e-16,1.779664754867553711e-01,1.595933139324188232e-01,1.651018381118774414e+00,1.082715630531311035e+00,4.532957553863525391e+00,6.000176429748535156e+00,6.285300731658935547e+00
9.215358734130859375e+01,4.189993418890480825e-08,3.182060837048084068e-08,2.762415647339366842e-07,1.771785633764011436e-07,3.331329207867383957e-05,9.432151273358613253e-06,1.312045902013778687e-01,1.177291944622993469e-01,1.674296498298645020e+00,7.305174469947814941e-01,4.658190250396728516e+00,6.164579391479492188e+00,6.413165092468261719e+00,2.095252682465797989e-08,1.298854623854595047e-08,1.568363501291969442e-07,9.344986295900525874e-08,1.261084889847552404e-05,7.818342055543325841e-06,1.312048286199569702e-01,1.177294179797172546e-01,1.674297571182250977e+00,7.305179834365844727e-01,4.658194065093994141e+00,6.164586067199707031e+00,6.413174152374267578e+00,6.570979867785837298e-29,4.061089005887501473e-29,1.357048695784375906e-25,8.385900187588039653e-26,1.089332015772313290e-16,6.732442196159303476e-17,1.312050223350524902e-01,1.177296191453933716e-01,1.674298763275146484e+00,7.305183410644531250e-01,4.658199310302734375e+00,6.164594173431396484e+00,6.413183212280273438e+00
9.265442657470703125e+01,3.420308303248020820e-08,2.597528769854307029e-08,2.258535545252016163e-07,1.448687783067725832e-07,2.836859675880987197e-05,8.033028279896825552e-06,9.674192965030670166e-02,8.682406693696975708e-02,1.571335792541503906e+00,5.890506505966186523e-01,4.688822746276855469e+00,6.300414562225341797e+00,6.556499004364013672e+00,1.710344221805826237e-08,1.060248511208783384e-08,1.282051584894361440e-07,7.639366828016136424e-08,1.077858451026258990e-05,6.668874448223505169e-06,9.674205631017684937e-02,8.682418614625930786e-02,1.571336388587951660e+00,5.890509486198425293e-01,4.688826560974121094e+00,6.300420761108398438e+00,6.556506633758544922e+00,2.524835476413673155e-29,1.560434332241994590e-29,5.217155632284867528e-26,3.223948178633923446e-26,4.185653013526527671e-17,2.586876009478320632e-17,9.674219787120819092e-02,8.682437241077423096e-02,1.571337103843688965e+00,5.890513062477111816e-01,4.688831329345703125e+00,6.300427913665771484e+00,6.556514263153076172e+00
9.315525817871093750e+01,2.792020481479084992e-08,2.120380138137534232e-08,1.846462964749662206e-07,1.184440137080855493e-07,2.415524977550376207e-05,6.840680271125165746e-06,7.133530080318450928e-02,6.402648240327835083e-02,1.435613870620727539e+00,5.122241973876953125e-01,4.697966098785400391e+00,6.414193153381347656e+00,6.694334983825683594e+00,1.396182014445912500e-08,8.654980732103467744e-09,1.047973512413591379e-07,6.244842154501384357e-08,9.210320058627985418e-06,5.687472366844303906e-06,7.133505493402481079e-02,6.402617692947387695e-02,1.435613155364990234e+00,5.122236609458923340e-01,4.697970390319824219e+00,6.414197921752929688e+00,6.694343566894531250e+00,9.701578691460735367e-30,5.995905537103676914e-30,2.005757275391757964e-26,1.239460488361989238e-26,1.608320352211353829e-17,9.939966377614941706e-18,7.133530080318450928e-02,6.402643024921417236e-02,1.435614228248596191e+00,5.122241973876953125e-01,4.697973251342773438e+00,6.414205551147460938e+00,6.694349765777587891e+00
9.365608978271484375e+01,2.279147182093765878e-08,1.730882104311604053e-08,1.509488924966717605e-07,9.683361668066936545e-08,2.056551966234110296e-05,5.824676918564364314e-06,5.260235443711280823e-02,4.721371084451675415e-02,1.296783924102783203e+00,4.565274417400360107e-01,4.703413009643554688e+00,6.513080120086669922e+00,6.820077896118164062e+00,1.139713123876617829e-08,7.065121376825800326e-09,8.565809395122414571e-08,5.104561040525368298e-08,7.866252417443320155e-06,4.849038305110298097e-06,5.260072275996208191e-02,4.721175879240036011e-02,1.296779274940490723e+00,4.565246403217315674e-01,4.703417301177978516e+00,6.513090133666992188e+00,6.820088386535644531e+00,3.727792384536707404e-30,2.303902347611652941e-30,7.711214726520520779e-27,4.765156283260309452e-27,6.179906061053072304e-18,3.819391913948766694e-18,5.260147154331207275e-02,4.721267148852348328e-02,1.296781301498413086e+00,4.565257728099822998e-01,4.703420162200927734e+00,6.513094425201416016e+00,6.820093154907226562e+00
9.415692901611328125e+01,1.860478704429624486e-08,1.412927286281728811e-08,1.233940167821856448e-07,7.916134592278467608e-08,1.750744741002563387e-05,4.959040325047681108e-06,3.878910839557647705e-02,3.481547534465789795e-02,1.164474487304687500e+00,4.092352390289306641e-01,4.708595752716064453e+00,6.600776672363281250e+00,6.933015823364257812e+00,9.303433579077591276e-09,5.767229360742476274e-09,7.000991786298982333e-08,4.172229495225110441e-08,6.714507435390260071e-06,4.132863068662118167e-06,3.878253698348999023e-02,3.480699658393859863e-02,1.164459466934204102e+00,4.092263579368591309e-01,4.708605289459228516e+00,6.600797176361083984e+00,6.933036327362060547e+00,1.432368360460021261e-30,8.852522883443719731e-31,2.964563548537861644e-27,1.831956311273799506e-27,2.374569186482500380e-18,1.467564404047186705e-18,3.878590837121009827e-02,3.481156378984451294e-02,1.164466261863708496e+00,4.092302322387695312e-01,4.708604812622070312e+00,6.600794792175292969e+00,6.933035373687744141e+00
9.465776062011718750e+01,1.518722214655099378e-08,1.153382722662854576e-08,1.008641419275591034e-07,6.471094593507586978e-08,1.490269823989365250e-05,4.221633844281313941e-06,2.860365249216556549e-02,2.567320689558982849e-02,1.041794538497924805e+00,3.667337596416473389e-01,4.713647842407226562e+00,6.679141521453857422e+00,7.034111976623535156e+00,7.594548989686700224e-09,4.707886080979051258e-09,5.721883766796054260e-08,3.410088922350951179e-08,5.728502856072736904e-06,3.521515054671908729e-06,2.857483923435211182e-02,2.563218772411346436e-02,1.041748285293579102e+00,3.667050600051879883e-01,4.713679790496826172e+00,6.679200649261474609e+00,7.034174919128417969e+00,5.503817835013297339e-31,3.401546105587456025e-31,1.139737800290161440e-27,7.043027102714471669e-28,9.124186795444732412e-19,5.639057222860148802e-19,2.859304845333099365e-02,2.565937489271163940e-02,1.041772723197937012e+00,3.667201697826385498e-01,4.713665008544921875e+00,6.679172039031982422e+00,7.034146308898925781e+00
9.515859985351562500e+01,1.239739955138929872e-08,9.415115798105944123e-09,8.244344940067094285e-08,5.289543025810417021e-08,1.268427058676024899e-05,3.593522706069052219e-06,2.109289914369583130e-02,1.893168129026889801e-02,9.295645356178283691e-01,3.280140459537506104e-01,4.718225002288818359e+00,6.749289989471435547e+00,7.124590873718261719e+00,6.199396107575694259e-09,3.843025897509733113e-09,4.676156351024474134e-08,2.786977937319079501e-08,4.884777354163816199e-06,2.999698608618928120e-06,2.096828632056713104e-02,1.873272098600864410e-02,9.294305443763732910e-01,3.279265165328979492e-01,4.718338012695312500e+00,6.749498844146728516e+00,7.124823570251464844e+00,2.114788628372267195e-31,1.307011362429291926e-31,4.381700549844899774e-28,2.707678631064868645e-28,3.505880949214124846e-19,2.166753602661082732e-19,2.105743438005447388e-02,1.888160407543182373e-02,9.295099973678588867e-01,3.279782235622406006e-01,4.718264579772949219e+00,6.749363422393798828e+00,7.124672889709472656e+00
9.565943145751953125e+01,1.012008432610400632e-08,7.685625469378010166e-09,6.738382296589406906e-08,4.323524649407772813e-08,1.079514277080306783e-05,3.058587253690348007e-06,1.555459480732679367e-02,1.396061852574348450e-02,8.277284502983093262e-01,2.927573025226593018e-01,4.722102642059326172e+00,6.812043666839599609e+00,7.205564498901367188e+00,5.060670549283941000e-09,3.137126114438615332e-09,3.821458705033364822e-08,2.277670319017488509e-08,4.163717676419764757e-06,2.554672164478688501e-06,1.523928809911012650e-02,1.311591360718011856e-02,8.274574875831604004e-01,2.925707101821899414e-01,4.722430706024169922e+00,6.812660694122314453e+00,7.206244468688964844e+00,8.125989086711781287e-32,5.022137395667809902e-32,1.684560607435718084e-28,1.040976931262210350e-28,1.347120625456689301e-19,8.325663338225721535e-20,1.544499024748802185e-02,1.379404217004776001e-02,8.276025652885437012e-01,2.926701605319976807e-01,4.722203254699707031e+00,6.812234878540039062e+00,7.205777645111083984e+00
9.616027069091796875e+01,8.261069162074363703e-09,6.273810360113429851e-09,5.507233780122078315e-08,3.533745385198017175e-08,9.186560419038869441e-06,2.603044094939832576e-06,1.147058606147766113e-02,1.029492821544408798e-02,7.358399629592895508e-01,2.607842683792114258e-01,4.725221157073974609e+00,6.868104457855224609e+00,7.277997970581054688e+00,4.131001318796734267e-09,2.560820888675152673e-09,3.122781322417722549e-08,1.861315901408033824e-08,3.547805135895032436e-06,2.175177769458969124e-06,1.109371613711118698e-02,7.992941886186599731e-03,7.355011105537414551e-01,2.605359554290771484e-01,4.725875377655029297e+00,6.869347095489501953e+00,7.279374122619628906e+00,3.122332813227599389e-32,1.929707983230778685e-32,6.476257818296012071e-29,4.002014114108961118e-29,5.176180910748311348e-20,3.199055749328625270e-20,1.122181396931409836e-02,9.786503389477729797e-03,7.356098890304565430e-01,2.606172561645507812e-01,4.725454330444335938e+00,6.868548870086669922e+00,7.278489112854003906e+00
9.666110229492187500e+01,6.743567482203616237e-09,5.121354451631532356e-09,4.500835260046187614e-08,2.888109129628446681e-08,7.817049663572106510e-06,2.215165068264468573e-06,8.459056727588176727e-03,7.591894362121820450e-03,6.532806754112243652e-01,2.319199293851852417e-01,4.727627277374267578e+00,6.918106079101562500e+00,7.342730522155761719e+00,3.372204293583536128e-09,2.090440043289731875e-09,2.551795219574160001e-08,1.521039649787780945e-08,3.022212240466615185e-06,1.851778733907849528e-06,7.118028588593006134e-03,4.327298142015933990e-03,6.528863310813903809e-01,2.316112518310546875e-01,4.728676795959472656e+00,6.920127868652343750e+00,7.344972610473632812e+00,1.199743844190591256e-32,7.414824408419103923e-33,2.489819361685728912e-29,1.538588117678290220e-29,1.988926702315344977e-20,1.229224236804254176e-20,8.155192248523235321e-03,6.289517041295766830e-03,6.529893279075622559e-01,2.316984683275222778e-01,4.728047370910644531e+00,6.918918609619140625e+00,7.343629360198974609e+00
9.716193389892578125e+01,5.504819711177333375e-09,4.180596313574369560e-09,3.678188065237009141e-08,2.360328288375512784e-08,6.651177500316407531e-06,1.884929133666446432e-06,6.238309200853109360e-03,5.598659627139568329e-03,5.793485045433044434e-01,2.059656679630279541e-01,4.729417324066162109e+00,6.962635993957519531e+00,7.400512218475341797e+00,2.752753580637090636e-09,1.706440655446783694e-09,2.085111816541029839e-08,1.242910130372365529e-08,2.573832489360938780e-06,1.576191152707906440e-06,3.338880604133009911e-03,2.314245095476508141e-03,5.791761279106140137e-01,2.058163285255432129e-01,4.730694770812988281e+00,6.965113639831542969e+00,7.403266906738281250e+00,4.609967052346474005e-33,2.849116371420019886e-33,9.572193062700754904e-30,5.915153024863204525e-30,7.642370954785006413e-21,4.723244918530403125e-21,5.751716438680887222e-03,3.418899141252040863e-03,5.790203213691711426e-01,2.056991457939147949e-01,4.730058193206787109e+00,6.963883399963378906e+00,7.401896953582763672e+00
9.766277313232421875e+01,4.493607264066667994e-09,3.412637727961964629e-09,3.005766657793174090e-08,1.928906279147213354e-08,5.658746431436156854e-06,1.603794089533039369e-06,4.600655753165483475e-03,4.128803499042987823e-03,5.133174061775207520e-01,1.827060133218765259e-01,4.730703353881835938e+00,7.002238750457763672e+00,7.452023506164550781e+00,2.247058539239787933e-09,1.392958970392044193e-09,1.703692653620691999e-08,1.015586459374162587e-08,2.191225348724401556e-06,1.341335973847890273e-06,1.639544148929417133e-03,1.349183032289147377e-03,5.133069157600402832e-01,1.826824098825454712e-01,4.731828212738037109e+00,7.004436969757080078e+00,7.454477787017822266e+00,1.771335539522811975e-33,1.094745511266977469e-33,3.680006376266175904e-30,2.274066232117725837e-30,2.936507330434587172e-21,1.814861325025835420e-21,3.210836555808782578e-03,1.659509493038058281e-03,5.129756927490234375e-01,1.824190169572830200e-01,4.731577396392822266e+00,7.003952980041503906e+00,7.453933238983154297e+00
9.816360473632812500e+01,3.668160886149962607e-09,2.785758734802357139e-09,2.456182102150705759e-08,1.576279018422610534e-08,4.814059138880111277e-06,1.364490231026138645e-06,3.393016988411545753e-03,3.044919576495885849e-03,4.544722735881805420e-01,1.619194000959396362e-01,4.731591701507568359e+00,7.037415027618408203e+00,7.497883319854736328e+00,1.834310259241078711e-09,1.137094751690881367e-09,1.392024540081138184e-08,8.298263409756145847e-09,1.864963223852100782e-06,1.141300003837386612e-06,1.006133621558547020e-03,8.939285762608051300e-04,4.544964134693145752e-01,1.619281321763992310e-01,4.732464313507080078e+00,7.039131641387939453e+00,7.499802112579345703e+00,6.806285401171302485e-34,4.206515717967171646e-34,1.414789547740084444e-30,8.742717605144708210e-31,1.128340998491602820e-21,6.973531411895703043e-22,1.082693459466099739e-03,6.957288715057075024e-04,4.543558657169342041e-01,1.618164330720901489e-01,4.732535839080810547e+00,7.039278030395507812e+00,7.499964714050292969e+00
9.866444396972656250e+01,2.994334336037240973e-09,2.274025856507932986e-09,2.007001853598922025e-08,1.288060680337821395e-08,4.095163603778928518e-06,1.160805936706310604e-06,2.502439077943563461e-03,2.245620824396610260e-03,4.021221101284027100e-01,1.433844268321990967e-01,4.732175350189208984e+00,7.068627357482910156e+00,7.538662910461425781e+00,1.497337587252900448e-09,9.282044022285163010e-10,1.137308291987437769e-08,6.780050298971218581e-09,1.586855660207220353e-06,9.709285677672596648e-07,7.186218863353133202e-04,6.434861570596694946e-04,4.021473824977874756e-01,1.433983296155929565e-01,4.732819080352783203e+00,7.069904804229736328e+00,7.540092468261718750e+00,2.615249474436521837e-34,1.616313112369669740e-34,5.439120506734999950e-31,3.361114977390923446e-31,4.335541164900250933e-22,2.679511846078451440e-22,2.217412402387708426e-04,1.931820006575435400e-04,4.021393656730651855e-01,1.433904021978378296e-01,4.733004570007324219e+00,7.070274353027343750e+00,7.540505886077880859e+00
9.916527557373046875e+01,2.444294988634965193e-09,1.856302445091273512e-09,1.639911140216554486e-08,1.052505282927995722e-08,3.483398131720605306e-06,9.874605666482239030e-07,1.845689374022185802e-03,1.656197360716760159e-03,3.556190729141235352e-01,1.268884390592575073e-01,4.732531547546386719e+00,7.096296310424804688e+00,7.574883937835693359e+00,1.222300483050275943e-09,7.577080074483433236e-10,9.291900582297785149e-09,5.539531500176053669e-09,1.350002776234759949e-06,8.259129344878601842e-07,5.589639768004417419e-04,4.852275596931576729e-04,3.556391298770904541e-01,1.269009411334991455e-01,4.732995033264160156e+00,7.097222328186035156e+00,7.575922012329101562e+00,1.004899126038020269e-34,6.210617643805272384e-35,2.091085490084546261e-31,1.292190141906949114e-31,1.665914187726325694e-22,1.029591592324428298e-22,3.066106000915169716e-05,3.435144753893837333e-05,3.556523025035858154e-01,1.269108206033706665e-01,4.733178138732910156e+00,7.097589015960693359e+00,7.576334953308105469e+00
9.966610717773437500e+01,1.995295706436195360e-09,1.515312986200001433e-09,1.339916444464961387e-08,8.599961631716723787e-09,2.962833605124615133e-06,8.399451871810015291e-07,1.361357280984520912e-03,1.221527112647891045e-03,3.143589198589324951e-01,1.122293248772621155e-01,4.732722282409667969e+00,7.120805263519287109e+00,7.607023239135742188e+00,9.977720871745532349e-10,6.185221224086490110e-10,7.591251183214353659e-09,4.525797514531859633e-09,1.148315732280025259e-06,7.024756882856308948e-07,4.535716725513339043e-04,3.745827707462012768e-04,3.143735229969024658e-01,1.122391596436500549e-01,4.733050823211669922e+00,7.121465206146240234e+00,7.607766151428222656e+00,3.861284563964870653e-35,2.386405060737904327e-35,8.039235252632394824e-32,4.967861295007292421e-32,6.401207397794831057e-23,3.956163945409789630e-23,3.893784651154419407e-06,4.728226485894992948e-06,3.143841326236724854e-01,1.122473701834678650e-01,4.733204364776611328e+00,7.121774196624755859e+00,7.608110904693603516e+00
1.001669464111328125e+02,1.628768897532495430e-09,1.236956981287562485e-09,1.094759749520335390e-08,7.026708104262979759e-09,2.519901045161532238e-06,7.144194000829884317e-07,1.004162244498729706e-03,9.009673376567661762e-04,2.777860462665557861e-01,9.921874850988388062e-02,4.732794761657714844e+00,7.142500877380371094e+00,7.635517120361328125e+00,8.144766527884428342e-10,5.048966800202947525e-10,6.201602786859439220e-09,3.697419259651724133e-09,9.766254152054898441e-07,5.974249006612808444e-07,3.732772893272340298e-04,2.916076336987316608e-04,2.777962982654571533e-01,9.922602772712707520e-02,4.733026027679443359e+00,7.142967700958251953e+00,7.636042594909667969e+00,1.483661416040036983e-35,9.169531788268380279e-36,3.090660293439043674e-32,1.909879597584314487e-32,2.459602353707438333e-23,1.520117767193155931e-23,9.670953886597999372e-07,8.428653472947189584e-07,2.778036892414093018e-01,9.923180937767028809e-02,4.733149528503417969e+00,7.143218040466308594e+00,7.636324405670166016e+00
1.006677780151367188e+02,1.329575449737774306e-09,1.009736516621728697e-09,8.944311069569721440e-09,5.741081832155714437e-09,2.143063738913042471e-06,6.076168688196048606e-07,7.407318917103111744e-04,6.645633839070796967e-04,2.453955113887786865e-01,8.768367767333984375e-02,4.732785701751708984e+00,7.161694526672363281e+00,7.660758018493652344e+00,6.648707140399778837e-10,4.121554764147106198e-10,5.066304265000098894e-09,3.020635297446006007e-09,8.305408982778317295e-07,5.080570417703711428e-07,3.059673472307622433e-04,2.267043164465576410e-04,2.454025745391845703e-01,8.768898993730545044e-02,4.732948303222656250e+00,7.162024497985839844e+00,7.661127090454101562e+00,5.700909403169934624e-36,3.523355623343794683e-36,1.188212097672230763e-32,7.342581464353443188e-33,9.450922831451364862e-24,5.840991199520525667e-24,3.377232076218206203e-07,2.323683645499841077e-07,2.454078495502471924e-01,8.769311755895614624e-02,4.733047008514404297e+00,7.162225246429443359e+00,7.661355018615722656e+00
1.011686172485351562e+02,1.085338263706603357e-09,8.242524440760234938e-10,7.307348059981677579e-09,4.690507982019198607e-09,1.822472199819458183e-06,5.167489121049584355e-07,5.464408313855528831e-04,4.902122891508042812e-04,2.167275846004486084e-01,7.746526598930358887e-02,4.732722282409667969e+00,7.178668022155761719e+00,7.683103561401367188e+00,5.427306382088659120e-10,3.364404865813241940e-10,4.138633435957217444e-09,2.467607007616834380e-09,7.062273539304442238e-07,4.320155824188987026e-07,2.472565101925283670e-04,1.750284282024949789e-04,2.167324423789978027e-01,7.746902108192443848e-02,4.732836723327636719e+00,7.178900241851806641e+00,7.683362960815429688e+00,2.190519445207539458e-36,1.353815477071558359e-36,4.568043413666381753e-33,2.822832134064641222e-33,3.631425725015396104e-24,2.244344379664060921e-24,1.252426500286674127e-07,8.021875430586078437e-08,2.167362719774246216e-01,7.747209072113037109e-02,4.732915401458740234e+00,7.179059982299804688e+00,7.683545112609863281e+00
1.016694488525390625e+02,8.859690758811211708e-10,6.728428925129037452e-10,5.969813532402667988e-09,3.832071104881151768e-09,1.549758621877117548e-06,4.394462109758023871e-07,4.031422431580722332e-04,3.616261528804898262e-04,1.913694739341735840e-01,6.841997057199478149e-02,4.732624530792236328e+00,7.193670749664306641e+00,7.702874183654785156e+00,4.430399380694893807e-10,2.746418370502823336e-10,3.380807633845961391e-09,2.015815958600342128e-09,6.004913188917271327e-07,3.673417268146295100e-07,1.962636015377938747e-04,1.339299051323905587e-04,1.913728415966033936e-01,6.842265278100967407e-02,4.732704162597656250e+00,7.193833827972412109e+00,7.703060626983642578e+00,8.416982407043856058e-37,5.201981322473639624e-37,1.756194804942236280e-33,1.085244302669967857e-33,1.395360736374469159e-24,8.623803750048944426e-25,4.750746640524994291e-08,2.972788948341076321e-08,1.913756132125854492e-01,6.842493265867233276e-02,4.732766628265380859e+00,7.193960666656494141e+00,7.703201770782470703e+00
1.021702804565429688e+02,7.232224819020416362e-10,5.492461485623323370e-10,4.876956172239488296e-09,3.130645964688483218e-09,1.317784494858642574e-06,3.736871576620615087e-07,2.974467643070966005e-04,2.667873632162809372e-04,1.689492166042327881e-01,6.041771173477172852e-02,4.732506752014160156e+00,7.206927776336669922e+00,7.720357894897460938e+00,3.616565380504255245e-10,2.241920260548369015e-10,2.761649575688807090e-09,1.646683567280149418e-09,5.105462719257047866e-07,3.123278133898566011e-07,1.530852605355903506e-04,1.015884845401160419e-04,1.689515858888626099e-01,6.041963025927543640e-02,4.732563495635986328e+00,7.207044124603271484e+00,7.720492362976074219e+00,3.234191250467820500e-37,1.998840379689959858e-37,6.751729147146205435e-34,4.172245465865894066e-34,5.361617387927179045e-25,3.313661508339699454e-25,1.817125117042905913e-08,1.127950088886109370e-08,1.689535975456237793e-01,6.042132526636123657e-02,4.732612133026123047e+00,7.207143783569335938e+00,7.720599651336669922e+00
1.026711196899414062e+02,5.903695310394141416e-10,4.483519111531109047e-10,3.984036656135003795e-09,2.557526634916484909e-09,1.120473939408839215e-06,3.177509029228531290e-07,2.194822736782953143e-04,1.968353171832859516e-04,1.491338610649108887e-01,5.334160104393959045e-02,4.732379436492919922e+00,7.218638420104980469e+00,7.735814094543457031e+00,2.952182942550507505e-10,1.830067763997078600e-10,2.255799103068056866e-09,1.345094258198287207e-09,4.340420218795770779e-07,2.655347657309903298e-07,1.176450750790536404e-04,7.648920291103422642e-05,1.491355001926422119e-01,5.334296822547912598e-02,4.732420921325683594e+00,7.218722343444824219e+00,7.735908985137939453e+00,1.273122478520166075e-37,7.067398358077499204e-38,2.595711243040168812e-34,1.604000842194138056e-34,2.060149697029933380e-25,1.273242578404024428e-25,6.970924282256873994e-09,4.314864909815696592e-09,1.491370052099227905e-01,5.334424972534179688e-02,4.732459068298339844e+00,7.218797206878662109e+00,7.735993385314941406e+00
1.031719512939453125e+02,4.819225019048190006e-10,3.659925973398259202e-10,3.254522207285504010e-09,2.089274087069270536e-09,9.526628446110407822e-07,2.701746666389226448e-07,1.619716786080971360e-04,1.452386786695569754e-04,1.316269785165786743e-01,4.708720743656158447e-02,4.732249736785888672e+00,7.228981018066406250e+00,7.749472141265869141e+00,2.409914490186793046e-10,1.493913742711683312e-10,1.842601071722071993e-09,1.098737101301594521e-09,3.689921754812530708e-07,2.257472431210771902e-07,8.937176608014851809e-05,5.726512608816847205e-05,1.316280812025070190e-01,4.708814620971679688e-02,4.732279300689697266e+00,7.229042530059814453e+00,7.749539852142333984e+00,5.798657123283952529e-38,2.911636446313833998e-38,9.979578548552887003e-35,6.166794319010529965e-35,7.916042306486760944e-26,4.892383138349332477e-26,2.677048804855530761e-09,1.655393155886031309e-09,1.316292285919189453e-01,4.708914086222648621e-02,4.732307910919189453e+00,7.229100227355957031e+00,7.749604225158691406e+00
1.036727905273437500e+02,3.933952053003508809e-10,2.987611824600833188e-10,2.658510300790339898e-09,1.706701224790663218e-09,8.099447654785763007e-07,2.297102383863602881e-07,1.195449876831844449e-04,1.071778606274165213e-04,1.161633580923080444e-01,4.156081378459930420e-02,4.732121944427490234e+00,7.238113403320312500e+00,7.761538028717041016e+00,1.967200152774850608e-10,1.219473688696126601e-10,1.505021440806331157e-09,8.974600507194452348e-10,3.136680106763378717e-07,1.919074179568269756e-07,6.731558823958039284e-05,4.269383498467504978e-05,1.161640956997871399e-01,4.156143218278884888e-02,4.732143878936767578e+00,7.238158702850341797e+00,7.761586666107177734e+00,4.179827811589979615e-38,2.911636446313833998e-38,3.838102127889413240e-35,2.371388952665333536e-35,3.041662761257560347e-26,1.879851068984200154e-26,1.028429896798854770e-09,6.357233073295276427e-10,1.161649823188781738e-01,4.156223684549331665e-02,4.732164859771728516e+00,7.238201618194580078e+00,7.761636257171630859e+00
1.041736221313476562e+02,3.211310106721043667e-10,2.438806656623881963e-10,2.171600010925089919e-09,1.394150017652862061e-09,6.885782113386085257e-07,1.952976589336685720e-07,8.824468386592343450e-05,7.910106796771287918e-05,1.025079935789108276e-01,3.667923063039779663e-02,4.731999874114990234e+00,7.246175765991210938e+00,7.772194862365722656e+00,1.605856558839491299e-10,9.954755769703282908e-11,1.229288448811871604e-09,7.330535067850973974e-10,2.666339469215017743e-07,1.631375141641910886e-07,5.039976167608983815e-05,3.173913137288764119e-05,1.025084108114242554e-01,3.667951747775077820e-02,4.732016086578369141e+00,7.246207237243652344e+00,7.772232055664062500e+00,4.179827811589979615e-38,2.911636446313833998e-38,1.478360785996167927e-35,9.129898314492883462e-36,1.168746734891505303e-26,7.223252641718815400e-27,3.951434457416524992e-10,2.442279156689153297e-10,1.025091856718063354e-01,3.668028488755226135e-02,4.732031345367431641e+00,7.246239185333251953e+00,7.772270202636718750e+00
1.046744537353515625e+02,2.621412531489397679e-10,1.990813069951968828e-10,1.773824753747987870e-09,1.138808047862482908e-09,5.853727884641557466e-07,1.660329758124134969e-07,6.515053973998874426e-05,5.838750803377479315e-05,9.045152366161346436e-02,3.236816450953483582e-02,4.731884479522705078e+00,7.253292560577392578e+00,7.781604766845703125e+00,1.310871133863855675e-10,8.126131711971851246e-11,1.004041294550006569e-09,5.987460527379084851e-10,2.266405232376200729e-07,1.386732861874406808e-07,3.757954254979267716e-05,2.354950083827134222e-05,9.045158326625823975e-02,3.236803039908409119e-02,4.731896400451660156e+00,7.253316402435302734e+00,7.781630992889404297e+00,4.179827811589979615e-38,2.911636446313833998e-38,5.716398751033644564e-36,3.526054725973063143e-36,4.490862259092768303e-27,2.775505405919066391e-27,1.518287440216425921e-10,9.383743088120510834e-11,9.045237302780151367e-02,3.236892819404602051e-02,4.731908321380615234e+00,7.253341197967529297e+00,7.781659126281738281e+00
1.051752929687500000e+02,2.139869670347849251e-10,1.625108797531638061e-10,1.448872799514333565e-09,9.302074110983937771e-10,4.976143941348709632e-07,1.411471401979724760e-07,4.810931204701773822e-05,4.310477379476651549e-05,7.980825752019882202e-02,2.856164425611495972e-02,4.731777667999267578e+00,7.259573936462402344e+00,7.789912700653076172e+00,1.070056612761938197e-10,6.633314730830619510e-11,8.200399248536882624e-10,4.890293725523520152e-10,1.926356105741433566e-07,1.178714086336185574e-07,2.794405372696928680e-05,1.745138069964013994e-05,7.980779558420181274e-02,2.856083028018474579e-02,4.731786251068115234e+00,7.259592056274414062e+00,7.789933681488037109e+00,4.179827811589979615e-38,2.911636446313833998e-38,2.232328272298278692e-36,1.372781390373319597e-36,1.725570444854776300e-27,1.066461269620579742e-27,5.833825783563284517e-11,3.605530804473566775e-11,7.980887591838836670e-02,2.856221050024032593e-02,4.731795310974121094e+00,7.259609222412109375e+00,7.789954662322998047e+00
1.056761245727539062e+02,1.746791461476604468e-10,1.326588422445595938e-10,1.183427800199865487e-09,7.598024986954499127e-10,4.229972887515032198e-07,1.199867938339593820e-07,3.553357601049356163e-05,3.182832006132230163e-05,7.041408121585845947e-02,2.520128339529037476e-02,4.731679439544677734e+00,7.265117168426513672e+00,7.797245979309082031e+00,8.735043244278983821e-11,5.414881043552810524e-11,6.697603027738807668e-10,3.994181652089423551e-10,1.637311299873545067e-07,1.001889273766209953e-07,2.074407530017197132e-05,1.292344677494838834e-05,7.041272521018981934e-02,2.519920468330383301e-02,4.731686115264892578e+00,7.265130519866943359e+00,7.797263622283935547e+00,4.179827811589979615e-38,2.911636446313833998e-38,8.936201827602184709e-37,5.454142402739716098e-37,6.630435612210880229e-28,4.097834364964262404e-28,2.241618002329914816e-11,1.385399867742664881e-11,7.041453570127487183e-02,2.520170807838439941e-02,4.731693267822265625e+00,7.265143871307373047e+00,7.797276973724365234e+00
1.061769638061523438e+02,1.425914247787929412e-10,1.082900435989131438e-10,9.665904743272335509e-10,6.205981839535468225e-10,3.595544626477931160e-07,1.019944377844694827e-07,2.625164415803737938e-05,2.350670547457411885e-05,6.212303414940834045e-02,2.223509363830089569e-02,4.731589317321777344e+00,7.270008563995361328e+00,7.803719043731689453e+00,7.130376844521890689e-11,4.420143417949162767e-11,5.469990016493397889e-10,3.262144443461068022e-10,1.391552899576709024e-07,8.515385729879199062e-08,1.538341530249454081e-05,9.566805601934902370e-06,6.211999058723449707e-02,2.223056182265281677e-02,4.731595516204833984e+00,7.270021438598632812e+00,7.803732395172119141e+00,4.179827811589979615e-38,2.911636446313833998e-38,3.792223051163877914e-37,2.274988326548962821e-37,2.547680797228683784e-28,1.574553414942263559e-28,8.613192624407073339e-12,5.323250520938849206e-12,6.212339550256729126e-02,2.223543077707290649e-02,4.731599330902099609e+00,7.270030021667480469e+00,7.803741455078125000e+00
1.066777954101562500e+02,1.163984048035970886e-10,8.839794174431148122e-11,7.894696563148784207e-10,5.068881425707161270e-10,3.056166235637647333e-07,8.669702111774313380e-08,1.940002221090253443e-05,1.736509875627234578e-05,5.480645596981048584e-02,1.961721666157245636e-02,4.731508255004882812e+00,7.274324893951416016e+00,7.809431552886962891e+00,5.820645354592812737e-11,3.608236626151395399e-11,4.467402281438381806e-10,2.664277964914418817e-10,1.182675219979500980e-07,7.237456145503529115e-08,1.140264248533640057e-05,7.081631338223814964e-06,5.480016022920608521e-02,1.960789412260055542e-02,4.731513023376464844e+00,7.274338245391845703e+00,7.809447765350341797e+00,4.179827811589979615e-38,2.911636446313833998e-38,1.845903337916812199e-37,9.926060677765383547e-38,9.789361675546244145e-29,6.050157855162488559e-29,3.309583510024971531e-12,2.045435435610309938e-12,5.480670556426048279e-02,1.961745508015155792e-02,4.731516361236572266e+00,7.274340629577636719e+00,7.809448719024658203e+00
1.071786346435546875e+02,9.501655712229606365e-11,7.215964631379634397e-11,6.447899436601289835e-10,4.140028597721112646e-10,2.597603838694340084e-07,7.369108345756103517e-08,1.434136811440112069e-05,1.283163055632030591e-05,4.835012182593345642e-02,1.730690523982048035e-02,4.731434822082519531e+00,7.278133392333984375e+00,7.814472198486328125e+00,4.751364926502965602e-11,2.945386295971630375e-11,3.648433222203095738e-10,2.175897934053594440e-10,1.005092826744657941e-07,6.150946063598894398e-08,8.450666427961550653e-06,5.242592123977374285e-06,4.833792895078659058e-02,1.728879287838935852e-02,4.731444358825683594e+00,7.278149127960205078e+00,7.814490795135498047e+00,4.179827811589979615e-38,2.911636446313833998e-38,1.157837878067917667e-37,5.801390215808771652e-38,3.761467570540872033e-29,2.324714804231379772e-29,1.271675473257793954e-12,7.859386969358284070e-13,4.835031926631927490e-02,1.730708405375480652e-02,4.731441020965576172e+00,7.278147220611572266e+00,7.814483642578125000e+00
1.076794662475585938e+02,7.756268544101274642e-11,5.890442994482825156e-11,5.266159175398854586e-10,3.381326607598822420e-10,2.207777924922993407e-07,6.263420004870567936e-08,1.060588419932173565e-05,9.484781912760809064e-06,4.265341535210609436e-02,1.526824850589036942e-02,4.731369018554687500e+00,7.281493663787841797e+00,7.818921089172363281e+00,3.878618259900434850e-11,2.404367677177887686e-11,2.979612390152652779e-10,1.777047953233079625e-10,8.541719864751939895e-08,5.227523658390964556e-08,6.263976047193864360e-06,3.882372766383923590e-06,4.263102263212203979e-02,1.523482240736484528e-02,4.731379985809326172e+00,7.281520366668701172e+00,7.818949222564697266e+00,4.179827811589979615e-38,2.911636446313833998e-38,9.971721707965714846e-38,5.801390215808771652e-38,1.445328721703260955e-29,8.932622573141519454e-30,4.886361497716262825e-13,3.019937544392753415e-13,4.265355318784713745e-02,1.526837795972824097e-02,4.731372356414794922e+00,7.281503677368164062e+00,7.818931102752685547e+00
1.081802978515625000e+02,6.331495744360537969e-11,4.808409226342291731e-11,4.300921285782521863e-10,2.761610662371793978e-10,1.876392730082443450e-07,5.323454388417303562e-08,7.846811968192923814e-06,7.013458798610372469e-06,3.762715309858322144e-02,1.346939522773027420e-02,4.731309890747070312e+00,7.284458160400390625e+00,7.822845458984375000e+00,3.166143042188096501e-11,1.962702222968459864e-11,2.433334922447016879e-10,1.451270353891587206e-10,7.258836376422550529e-08,4.442547663074947195e-08,4.644751243176870048e-06,2.876290409403736703e-06,3.758838772773742676e-02,1.341108512133359909e-02,4.731329917907714844e+00,7.284498214721679688e+00,7.822890281677246094e+00,4.179827811589979615e-38,2.911636446313833998e-38,9.971721707965714846e-38,5.801390215808771652e-38,5.553617230007917253e-30,3.432324262254132110e-30,1.877564943797427333e-13,1.160398816965613200e-13,3.762726858258247375e-02,1.346950139850378036e-02,4.731314182281494141e+00,7.284464836120605469e+00,7.822853565216064453e+00
1.086811370849609375e+02,5.168427491542004759e-11,3.925125155457287462e-11,3.512528601312681076e-10,2.255424597086275185e-10,1.594694793993767234e-07,4.524394014993049495e-08,5.808383320982102305e-06,5.188212981011020020e-06,3.319256752729415894e-02,1.188220456242561340e-02,4.731257438659667969e+00,7.287073612213134766e+00,7.826308727264404297e+00,2.584506914038442460e-11,1.602144111823022854e-11,1.987155023863707015e-10,1.185181813800895156e-10,6.168371413650675095e-08,3.775281953721787431e-08,3.445921720413025469e-06,2.132090685336152092e-06,3.312936052680015564e-02,1.178612280637025833e-02,4.731287002563476562e+00,7.287137508392333984e+00,7.826379299163818359e+00,4.179827811589979615e-38,2.911636446313833998e-38,9.971721707965714846e-38,5.801390215808771652e-38,2.133923795612692720e-30,1.318837517385287615e-30,7.214361893255125113e-14,4.458721125600792479e-14,3.319265320897102356e-02,1.188228558748960495e-02,4.731260299682617188e+00,7.287078857421875000e+00,7.826315402984619141e+00
1.091819686889648438e+02,4.219022006757278120e-11,3.204106077681068143e-11,2.868613402373654253e-10,1.841991698059430860e-10,1.355250134338348289e-07,3.845164187055161165e-08,4.301976787246530876e-06,3.839851615339284763e-06,2.928026765584945679e-02,1.048187911510467529e-02,4.731210708618164062e+00,7.289380550384521484e+00,7.829363822937011719e+00,2.109775201764030328e-11,1.307856253851547024e-11,1.622797590750124641e-10,9.678857715300637210e-11,5.241723854965130158e-08,3.208238297247589799e-08,2.558388132456457242e-06,1.581558535690419376e-06,2.918339148163795471e-02,1.033232826739549637e-02,4.731256961822509766e+00,7.289476871490478516e+00,7.829472541809082031e+00,4.179827811589979615e-38,2.911636446313833998e-38,9.971721707965714846e-38,5.801390215808771652e-38,8.199516963652325864e-31,5.067580126479638222e-31,2.772089469863653344e-14,1.713245430939869252e-14,2.928031608462333679e-02,1.048192288726568222e-02,4.731212615966796875e+00,7.289385318756103516e+00,7.829368591308593750e+00
1.096828079223632812e+02,3.444005150510243141e-11,2.615525157567688552e-11,2.342693816714813693e-10,1.504312646671834841e-10,1.151722344161498768e-07,3.267798831529944437e-08,3.188328264513984323e-06,2.843467655111453496e-06,2.582874521613121033e-02,9.246428497135639191e-03,4.731168746948242188e+00,7.291416168212890625e+00,7.832058906555175781e+00,1.722198425535559352e-11,1.067596358539368850e-11,1.325199117108155633e-10,7.904005921988144223e-11,4.454053836866478377e-08,2.726219072712865454e-08,1.901042196550406516e-06,1.174098542833235115e-06,2.568912319839000702e-02,9.025964885950088501e-03,4.731235504150390625e+00,7.291554927825927734e+00,7.832216739654541016e+00,4.179827811589979615e-38,2.911636446313833998e-38,9.971721707965714846e-38,5.801390215808771652e-38,3.150586290147353398e-31,1.947169246515633273e-31,1.065148674556787300e-14,6.582980823866338427e-15,2.582878060638904572e-02,9.246451780200004578e-03,4.731170654296875000e+00,7.291418075561523438e+00,7.832064151763916016e+00
1.101836395263671875e+02,2.811363988830528626e-11,2.135070245601333738e-11,1.913169067613296193e-10,1.228521173679553158e-10,9.787353150159106008e-08,2.777054497471453942e-08,2.364744204896851443e-06,2.106965666825999506e-06,2.278390526771545410e-02,8.156511001288890839e-03,4.731131553649902344e+00,7.293211460113525391e+00,7.834436893463134766e+00,1.405858242320423557e-11,8.714960177125252727e-12,1.082184064582492056e-10,6.454658335597329710e-11,3.784755975289044727e-08,2.316624758691432362e-08,1.414065991411916912e-06,8.724493341105699074e-07,2.259431034326553345e-02,7.847245782613754272e-03,4.731224060058593750e+00,7.293403148651123047e+00,7.834654808044433594e+00,4.179827811589979615e-38,2.911636446313833998e-38,9.971721707965714846e-38,5.801390215808771652e-38,1.210600724708465289e-31,7.481922801458390916e-32,4.092790779815788996e-15,2.529483902473676424e-15,2.278391830623149872e-02,8.156501688063144684e-03,4.731133460998535156e+00,7.293213367462158203e+00,7.834440708160400391e+00
1.106844711303710938e+02,2.294934728364061982e-11,1.742871645615817755e-11,1.562371898522485480e-10,1.003275379440893289e-10,8.317086752640534542e-08,2.359942996577046870e-08,1.755393100211222190e-06,1.562350462336326018e-06,2.009784244000911713e-02,7.194991689175367355e-03,4.731098651885986328e+00,7.294795513153076172e+00,7.836534500122070312e+00,1.147611086022015670e-11,7.114077556213960207e-12,8.837127557503876574e-11,5.270951730640405231e-11,3.215918553678420722e-08,1.968497898019450076e-08,1.053065034284372814e-06,6.489899533335119486e-07,1.985496096312999725e-02,6.780308205634355545e-03,4.731218338012695312e+00,7.295049190521240234e+00,7.836821079254150391e+00,4.179827811589979615e-38,2.911636446313833998e-38,9.971721707965714846e-38,5.801390215808771652e-38,4.651691518202498806e-32,2.874901831828665269e-32,1.572638321684657978e-15,9.719439430738263490e-16,2.009779959917068481e-02,7.194912992417812347e-03,4.731099605560302734e+00,7.294797420501708984e+00,7.836538314819335938e+00
1.111853103637695312e+02,1.873364831317392287e-11,1.422713596238578404e-11,1.275874128570109178e-10,8.193128814282246708e-11,7.067489349310562829e-08,2.005423738182798843e-08,1.304315901506925002e-06,1.159453177024261095e-06,1.772829331457614899e-02,6.346754729747772217e-03,4.731069564819335938e+00,7.296193122863769531e+00,7.838385105133056641e+00,9.367888409439473207e-12,5.807184160627754110e-12,7.216224146011640528e-11,4.304211848049632749e-11,2.732476644951020717e-08,1.672621863235690398e-08,7.852714816181105562e-07,4.833492539546568878e-07,1.743475534021854401e-02,5.813457071781158447e-03,4.731220245361328125e+00,7.296512126922607422e+00,7.838743686676025391e+00,4.179827811589979615e-38,2.911636446313833998e-38,9.971721707965714846e-38,5.801390215808771652e-38,1.787374719129400530e-32,1.104657004126622524e-32,6.042710811097313194e-16,3.734601086970916299e-16,1.772819831967353821e-02,6.346592679619789124e-03,4.731071472167968750e+00,7.296196460723876953e+00,7.838385105133056641e+00
1.116861419677734375e+02,1.529241663855707145e-11,1.161371606522854094e-11,1.041901565024261345e-10,6.690747261783869249e-11,6.005508623729838291e-08,1.704123597789930500e-08,9.702199577077408321e-07,8.612614692538045347e-07,1.563806086778640747e-02,5.598490592092275620e-03,4.731043815612792969e+00,7.297425270080566406e+00,7.840017795562744141e+00,7.647158947743371016e-12,4.740497491079187498e-12,5.892681481656225628e-11,3.514811011684493280e-11,2.321722547549143201e-08,1.421224826714251321e-08,5.864889089934877120e-07,3.604935727707925253e-07,1.530361268669366837e-02,4.939919337630271912e-03,4.731225013732910156e+00,7.297804832458496094e+00,7.840451240539550781e+00,4.179827811589979615e-38,2.911636446313833998e-38,9.971721707965714846e-38,5.801390215808771652e-38,6.867985905784514302e-33,4.244635530396399902e-33,2.321887244409080123e-16,1.435005235104507199e-16,1.563787646591663361e-02,5.598188377916812897e-03,4.731045246124267578e+00,7.297426700592041016e+00,7.840020179748535156e+00
1.121869812011718750e+02,1.248327222841405515e-11,9.480332317790551855e-12,8.508210108670866134e-11,5.463763122492970581e-11,5.102971556425472954e-08,1.448052611152661484e-08,7.225946205835498404e-07,6.404329724318813533e-07,1.379418279975652695e-02,4.938405472785234451e-03,4.731020927429199219e+00,7.298512458801269531e+00,7.841457843780517578e+00,6.242340845619143153e-12,3.869647224180594591e-12,4.811733650411653684e-11,2.870092358220333040e-11,1.972622420964853518e-08,1.207555477833466284e-08,4.387733838484564330e-07,2.692806617687892867e-07,1.343466714024543762e-02,4.158643074333667755e-03,4.731230258941650391e+00,7.298948764801025391e+00,7.841951847076416016e+00,4.179827811589979615e-38,2.911636446313833998e-38,9.971721707965714846e-38,5.801390215808771652e-38,2.639028714963198975e-33,1.630995840372031494e-33,8.921627965095604569e-17,5.513869165375989993e-17,1.379384007304906845e-02,4.937859717756509781e-03,4.731022834777832031e+00,7.298513412475585938e+00,7.841460227966308594e+00
1.126878128051757812e+02,1.019018463360721327e-11,7.738863369577408946e-12,6.947765973652764160e-11,4.461741739958391406e-11,4.335985082093429810e-08,1.230434421017889690e-08,5.389271109379478730e-07,4.767977372921450296e-07,1.216768939048051834e-02,4.356132820248603821e-03,4.731000900268554688e+00,7.299471855163574219e+00,7.842728137969970703e+00,5.095726791914945153e-12,3.158857290325167710e-12,3.929112590839167751e-11,2.343655478020956195e-11,1.676025540575665218e-08,1.026016160921017217e-08,3.289064238742867019e-07,2.015059266113894410e-07,1.180028729140758514e-02,3.473513294011354446e-03,4.731227874755859375e+00,7.299951076507568359e+00,7.843272686004638672e+00,4.179827811589979615e-38,2.911636446313833998e-38,9.971721707965714846e-38,5.801390215808771652e-38,1.014107700826522442e-33,6.267393332183767685e-34,3.428099501854538547e-17,2.118681856605956332e-17,1.216710172593593597e-02,4.355206619948148727e-03,4.731001377105712891e+00,7.299473285675048828e+00,7.842730998992919922e+00
1.131886444091796875e+02,8.318320858513583715e-12,6.317289573398721103e-12,5.673441230702458427e-11,3.643435900202440791e-11,3.684198190967435949e-08,1.045497022289509914e-08,4.025787632144783856e-07,3.554530110250198049e-07,1.073294132947921753e-02,3.842498175799846649e-03,4.730982780456542969e+00,7.300317764282226562e+00,7.843848705291748047e+00,4.159679111576108923e-12,2.578598142302657159e-12,3.208325272119338933e-11,1.913738265080233703e-11,1.423980400261370960e-08,8.717409905045769847e-09,2.470816014010779327e-07,1.510856861841602949e-07,1.036788709461688995e-02,2.889702329412102699e-03,4.731223583221435547e+00,7.300821781158447266e+00,7.844422817230224609e+00,4.179827811589979615e-38,2.911636446313833998e-38,9.971721707965714846e-38,5.801390215808771652e-38,3.897382744219987950e-34,2.408578052519030120e-34,1.317233343984350753e-17,8.140950288527450536e-18,1.073197834193706512e-02,3.840989200398325920e-03,4.730983734130859375e+00,7.300320625305175781e+00,7.843850612640380859e+00
1.136894836425781250e+02,6.790282745805509279e-12,5.156831992675359189e-12,4.632774719404153529e-11,2.975163865270857855e-11,3.130314851773619012e-08,8.883346502841504844e-09,3.012585239048348740e-07,2.653935951002495131e-07,9.467326104640960693e-03,3.389407880604267120e-03,4.730967044830322266e+00,7.301064014434814453e+00,7.844837188720703125e+00,3.395526047833552497e-12,2.104897419558104943e-12,2.619703412531926290e-11,1.562647407304940117e-11,1.209799282975154711e-08,7.406382174224290793e-09,1.860574911916046403e-07,1.135293246079527307e-07,9.099153801798820496e-03,2.408798784017562866e-03,4.731214046478271484e+00,7.301580429077148438e+00,7.845422744750976562e+00,4.179827811589979615e-38,2.911636446313833998e-38,9.971721707965714846e-38,5.801390215808771652e-38,1.498246299060960906e-34,9.258301987756173040e-35,5.061341565151196271e-18,3.128081300476708548e-18,9.465782903134822845e-03,3.386989235877990723e-03,4.730969429016113281e+00,7.301066398620605469e+00,7.844839572906494141e+00
1.141903152465820312e+02,5.542954983894787802e-12,4.209557615680870057e-12,3.782961444098731363e-11,2.429442411133742041e-11,2.659655784498227149e-08,7.547836133880991838e-09,2.258866373949786066e-07,1.984927564535610145e-07,8.350946009159088135e-03,2.989740809425711632e-03,4.730952739715576172e+00,7.301722526550292969e+00,7.845709323883056641e+00,2.771823569280851274e-12,1.718262251232394178e-12,2.139098273512551884e-11,1.275980363035777998e-11,1.027842433387604615e-08,6.292578014210903348e-09,1.404813758654199773e-07,8.551903363240853650e-08,7.955077104270458221e-03,2.025746740400791168e-03,4.731201648712158203e+00,7.302241802215576172e+00,7.846300601959228516e+00,4.179827811589979615e-38,2.911636446313833998e-38,9.971721707965714846e-38,5.801390215808771652e-38,5.764095094385887515e-35,3.561037018854083198e-35,1.944800054605061874e-18,1.201952573453346753e-18,8.348549716174602509e-03,2.985991537570953369e-03,4.730954647064208984e+00,7.301725864410400391e+00,7.845712661743164062e+00
1.146911544799804688e+02,4.524737789307620162e-12,3.436279906454675626e-12,3.088988440036466443e-11,1.983790215431824322e-11,2.259713838270727138e-08,6.412960384949428772e-09,1.697457037153071724e-07,1.487408098910236731e-07,7.366179954260587692e-03,2.637189347296953201e-03,4.730940341949462891e+00,7.302302837371826172e+00,7.846477985382080078e+00,2.262625633728254648e-12,1.402608931777571399e-12,1.746607893038376602e-11,1.041868934875678221e-11,8.732145673207014624e-09,5.346033837838604086e-09,1.063775911802622431e-07,6.459195844854548341e-08,6.904016714543104172e-03,1.728811534121632576e-03,4.731190681457519531e+00,7.302829265594482422e+00,7.847073554992675781e+00,4.179827811589979615e-38,2.911636446313833998e-38,9.971721707965714846e-38,5.801390215808771652e-38,2.221942610387067740e-35,1.371866479242845609e-35,7.472706743809775826e-19,4.618386657321779659e-19,7.362559903413057327e-03,2.631547395139932632e-03,4.730942249298095703e+00,7.302308082580566406e+00,7.846482753753662109e+00
1.151919860839843750e+02,3.693574092411555654e-12,2.805058702676221927e-12,2.522302332275128123e-11,1.619874026581591409e-11,1.919881675860324322e-08,5.448630435722634502e-09,1.278711323493553209e-07,1.116983554538819590e-07,6.497541442513465881e-03,2.326210262253880501e-03,4.730929851531982422e+00,7.302814960479736328e+00,7.847156524658203125e+00,1.847017981268517239e-12,1.144972246354403200e-12,1.426150256916836057e-11,8.507208826280532321e-12,7.418567982142576511e-09,4.541918841027836606e-09,8.081246960500720888e-08,4.893155391982872970e-08,5.927283316850662231e-03,1.502011204138398170e-03,4.731183052062988281e+00,7.303349018096923828e+00,7.847763538360595703e+00,4.179827811589979615e-38,2.911636446313833998e-38,9.971721707965714846e-38,5.801390215808771652e-38,8.609168809867847529e-36,5.307063909586217634e-36,2.871357680661115733e-19,1.774596580031583533e-19,6.492277607321739197e-03,2.317992737516760826e-03,4.730932235717773438e+00,7.302820682525634766e+00,7.847164154052734375e+00
1.156928176879882812e+02,3.015089263327941360e-12,2.289787933915099494e-12,2.059554783662154165e-11,1.322701496941913746e-11,1.631126878010036307e-08,4.629223226970680116e-09,9.658730704131812672e-08,8.408053986386221368e-08,5.731326527893543243e-03,2.051898511126637459e-03,4.730920314788818359e+00,7.303267002105712891e+00,7.847754955291748047e+00,1.507733499682417655e-12,9.346487342756781835e-13,1.164466526676344316e-11,6.946288162723579518e-12,6.302419031101180735e-09,3.858644070930949965e-09,6.160391308185353409e-08,3.718764318705325422e-08,5.019532982259988785e-03,1.327818492427468300e-03,4.731182098388671875e+00,7.303818225860595703e+00,7.848377704620361328e+00,4.179827811589979615e-38,2.911636446313833998e-38,9.971721707965714846e-38,5.801390215808771652e-38,3.379482762978061099e-36,2.074940168503825113e-36,1.103307588943035856e-19,6.818816204436573973e-20,5.723916925489902496e-03,2.040308900177478790e-03,4.730923652648925781e+00,7.303275585174560547e+00,7.847764015197753906e+00
1.161936569213867188e+02,2.461229570843714853e-12,1.869163027481968165e-12,1.681681356668907057e-11,1.080031637040734793e-11,1.385774339723866433e-08,3.932965064734617044e-09,7.317358807767959661e-08,6.345753433834033785e-08,5.055450834333896637e-03,1.809927867725491524e-03,4.730911731719970703e+00,7.303665637969970703e+00,7.848282814025878906e+00,1.230754864342542554e-12,7.629488945996854010e-13,9.507785184159622816e-12,5.671645444960127236e-12,5.354041654470620415e-09,3.278059379496767178e-09,4.713631795993933338e-08,2.836116941296040750e-08,4.186390433460474014e-03,1.189294038340449333e-03,4.731184005737304688e+00,7.304235458374023438e+00,7.848930358886718750e+00,4.179827811589979615e-38,2.911636446313833998e-38,9.971721707965714846e-38,5.801390215808771652e-38,1.369978793444669963e-36,8.329982623730434071e-37,4.239353307474831734e-20,2.620064378782311368e-20,5.045305471867322922e-03,1.794027048163115978e-03,4.730916023254394531e+00,7.303675174713134766e+00,7.848296642303466797e+00
1.166944885253906250e+02,2.009117481757694001e-12,1.525809968823399476e-12,1.373128086928909752e-11,8.818769499374656817e-12,1.177311048650153680e-08,3.341378729260213731e-09,5.561558324984616775e-08,4.803160535971073841e-08,4.459282848984003067e-03,1.596492715179920197e-03,4.730904102325439453e+00,7.304016590118408203e+00,7.848748683929443359e+00,1.004684833591507065e-12,6.228072528188799417e-13,7.763139089900228385e-12,4.630957076146025031e-12,4.548430521111868075e-09,2.784865671401348663e-09,3.621165944878157461e-08,2.171184654287117155e-08,3.440874395892024040e-03,1.071816892363131046e-03,4.731184482574462891e+00,7.304607391357421875e+00,7.849421024322509766e+00,4.179827811589979615e-38,2.911636446313833998e-38,9.971721707965714846e-38,5.801390215808771652e-38,5.978534296189560515e-37,3.557985138775901580e-37,1.628954501838459816e-20,1.006749164296715704e-20,4.445783793926239014e-03,1.575269503518939018e-03,4.730910301208496094e+00,7.304030418395996094e+00,7.848765373229980469e+00
1.171953277587890625e+02,1.640050942275372847e-12,1.245525058958529829e-12,1.121174073720476727e-11,7.200687095199054255e-12,1.000188998290241216e-08,2.838724366682754408e-09,4.241911000235631946e-08,3.647041424414965149e-08,3.933407831937074661e-03,1.408222829923033714e-03,4.730897426605224609e+00,7.304326534271240234e+00,7.849159240722656250e+00,8.201186583144115527e-13,5.083942164821331211e-13,6.338436286251747376e-12,3.781109106371083328e-12,3.863882547250341304e-09,2.365776685664400247e-09,2.793666276090789324e-08,1.668825788669892063e-08,2.797198016196489334e-03,9.648673003539443016e-04,4.731185913085937500e+00,7.304931640625000000e+00,7.849845886230468750e+00,4.179827811589979615e-38,2.911636446313833998e-38,9.971721707965714846e-38,5.801390215808771652e-38,3.011646445089433316e-37,1.724347758680894515e-37,6.259100403984733065e-21,3.868336791791943150e-21,3.915974404662847519e-03,1.380651607178151608e-03,4.730905055999755859e+00,7.304344654083251953e+00,7.849180698394775391e+00
1.176961593627929688e+02,1.338785419330301707e-12,1.016731078669341759e-12,9.154459308657880712e-12,5.879459245849982807e-12,8.497039516441873275e-09,2.411654653755590516e-09,3.247655300242513476e-08,2.778729246699640498e-08,3.469553310424089432e-03,1.242156606167554855e-03,4.730891704559326172e+00,7.304600238800048828e+00,7.849521636962890625e+00,6.694760848122149888e-13,4.150103383778608324e-13,5.175269934820647677e-12,3.087262216705521922e-12,3.282405680593569741e-09,2.009782562595319177e-09,2.164953016858817136e-08,1.288219575457105748e-08,2.262863796204328537e-03,8.633481920696794987e-04,4.731181144714355469e+00,7.305207729339599609e+00,7.850210189819335938e+00,4.179827811589979615e-38,2.911636446313833998e-38,9.971721707965714846e-38,5.801390215808771652e-38,1.872068494946562329e-37,1.083323103552244070e-37,2.405034093346463535e-21,1.486392871711464850e-21,3.447583876550197601e-03,1.207158551551401615e-03,4.730902194976806641e+00,7.304621696472167969e+00,7.849548816680908203e+00
1.181969985961914062e+02,1.092856707907152725e-12,8.299621840485160718e-13,7.474584319544508304e-12,4.800599154308748950e-12,7.218480035930951999e-09,2.048799130349721054e-09,2.496489592829220783e-08,2.124989784135777882e-08,3.060391871258616447e-03,1.095670973882079124e-03,4.730886459350585938e+00,7.304841518402099609e+00,7.849841117858886719e+00,5.464902076875166603e-13,3.387710305422647616e-13,4.225433804933009796e-12,2.520665533939370206e-12,2.788327346792129902e-09,1.707289531971412089e-09,1.685526918038249278e-08,9.988745830469270004e-09,1.833904418163001537e-03,7.667128811590373516e-04,4.731170654296875000e+00,7.305436611175537109e+00,7.850517272949218750e+00,4.179827811589979615e-38,2.911636446313833998e-38,9.971721707965714846e-38,5.801390215808771652e-38,1.481509012630523892e-37,8.040069329692798419e-38,9.241111957735756642e-22,5.711320642057447619e-22,3.033377928659319878e-03,1.052208361215889454e-03,4.730899810791015625e+00,7.304869651794433594e+00,7.849871635437011719e+00
1.186978302001953125e+02,8.921065383811488392e-13,6.775039513781666578e-13,6.102939334451384923e-12,3.919683588121669615e-12,6.132236496370069290e-09,1.740517507897720861e-09,1.927300097293027648e-08,1.631510748723030702e-08,2.699486212804913521e-03,9.664613753557205200e-04,4.730882167816162109e+00,7.305054664611816406e+00,7.850122928619384766e+00,4.461089158670772381e-13,2.765443581596860323e-13,3.449973163052733049e-12,2.058082653952353347e-12,2.368653273521204028e-09,1.450345288311893910e-09,1.318622189216966945e-08,7.781651767402308906e-09,1.496735610999166965e-03,6.766089936718344688e-04,4.731153964996337891e+00,7.305624961853027344e+00,7.850772380828857422e+00,4.179827811589979615e-38,2.911636446313833998e-38,9.971721707965714846e-38,5.801390215808771652e-38,1.481509012630523892e-37,8.040069329692798419e-38,3.550860086517206971e-22,2.194552220855761564e-22,2.667044522240757942e-03,9.135669679380953312e-04,4.730897426605224609e+00,7.305087566375732422e+00,7.850161075592041016e+00
1.191986618041992188e+02,7.282327410366995490e-13,5.530511487140954419e-13,4.982960224997334819e-12,3.200388955584831940e-12,5.209381370718801918e-09,1.478602129623141082e-09,1.494587387185219995e-08,1.257914128416359745e-08,2.381140366196632385e-03,8.524886798113584518e-04,4.730877876281738281e+00,7.305242538452148438e+00,7.850371837615966797e+00,3.641618799045398536e-13,2.257450682548872711e-13,2.816780229203397212e-12,1.680363096931425382e-12,2.012097377601662629e-09,1.232040691689917367e-09,1.036666041898115509e-08,6.091516180362077648e-09,1.233631395734846592e-03,5.946237361058592796e-04,4.731134891510009766e+00,7.305780410766601562e+00,7.850983142852783203e+00,4.179827811589979615e-38,2.911636446313833998e-38,9.971721707965714846e-38,5.801390215808771652e-38,1.481509012630523892e-37,8.040069329692798419e-38,1.364403724250675190e-22,8.432478159262071549e-23,2.343060914427042007e-03,7.893148576840758324e-04,4.730896472930908203e+00,7.305281639099121094e+00,7.850416660308837891e+00
1.196995010375976562e+02,5.944594859766394457e-13,4.514580441254689713e-13,4.068468652251855389e-12,2.613061459919019391e-12,4.425340538460886819e-09,1.256080017775218494e-09,1.164460616820406358e-08,9.741732753809628775e-09,2.100331475958228111e-03,7.519547361880540848e-04,4.730874538421630859e+00,7.305408000946044922e+00,7.850591182708740234e+00,2.972634887809383342e-13,1.842745926553326918e-13,2.299755438167627730e-12,1.371939237562735947e-12,1.709170138752824641e-09,1.046567277285248565e-09,8.190648159711599874e-09,4.791996133235443267e-09,1.027598045766353607e-03,5.214595585130155087e-04,4.731112003326416016e+00,7.305906295776367188e+00,7.851158618927001953e+00,4.179827811589979615e-38,2.911636446313833998e-38,9.971721707965714846e-38,5.801390215808771652e-38,1.481509012630523892e-37,8.040069329692798419e-38,5.242590031356816156e-23,3.240098808978210706e-23,2.056646859273314476e-03,6.778321694582700729e-04,4.730895996093750000e+00,7.305453777313232422e+00,7.850642681121826172e+00
1.202003326416015625e+02,4.852612994592220286e-13,3.685282331036821013e-13,3.321792493848896299e-12,2.133508430687824919e-12,3.759264899372283253e-09,1.067035237944935488e-09,9.116486232585430116e-09,7.579386007705579686e-09,1.852641464211046696e-03,6.632776930928230286e-04,4.730871200561523438e+00,7.305553913116455078e+00,7.850784301757812500e+00,2.426610344954949205e-13,1.504263293788943301e-13,1.877659919907737063e-12,1.120141739779922929e-12,1.451872511104568275e-09,8.890294056485004148e-10,6.503967142634792253e-09,3.788638736068605795e-09,8.646388305351138115e-04,4.569888988044112921e-04,4.731088161468505859e+00,7.306012153625488281e+00,7.851305007934570312e+00,4.179827811589979615e-38,2.911636446313833998e-38,9.971721707965714846e-38,5.801390215808771652e-38,1.481509012630523892e-37,8.040069329692798419e-38,2.014444042814514222e-23,1.244994953432637942e-23,1.803687890060245991e-03,5.777912447229027748e-04,4.730895519256591797e+00,7.305606365203857422e+00,7.850843429565429688e+00
1.207011718750000000e+02,3.961207718176235071e-13,3.008311102396105108e-13,2.712123494535978452e-12,1.741944696126429548e-12,3.193396436174111841e-09,9.064288208904258681e-10,7.172519023157519769e-09,5.925302914988606062e-09,1.634157728403806686e-03,5.850569577887654305e-04,4.730868339538574219e+00,7.305682659149169922e+00,7.850955009460449219e+00,1.980829237614722960e-13,1.227922386166924174e-13,1.532991832434160706e-12,9.145315798056441459e-13,1.233262936217727201e-09,7.551769209968028918e-10,5.190255336628979421e-09,3.010332649822089479e-09,7.339849253185093403e-04,4.005389055237174034e-04,4.731064796447753906e+00,7.306097030639648438e+00,7.851427555084228516e+00,4.179827811589979615e-38,2.911636446313833998e-38,9.971721707965714846e-38,5.801390215808771652e-38,1.481509012630523892e-37,8.040069329692798419e-38,7.740307935193999161e-24,4.783773224978714403e-24,1.580592594109475613e-03,4.881209752056747675e-04,4.730895519256591797e+00,7.305741310119628906e+00,7.851021289825439453e+00
1.212020034790039062e+02,3.233559795791374203e-13,2.455704097101968353e-13,2.214341557338350697e-12,1.422238628950855954e-12,2.712681634875480086e-09,7.699890169909906490e-10,5.671341618551650754e-09,4.655008822851414152e-09,1.441442291252315044e-03,5.160616128705441952e-04,4.730865955352783203e+00,7.305796146392822266e+00,7.851105213165283203e+00,1.616982508176670330e-13,1.002372623380883010e-13,1.251611119433559960e-12,7.466738815783968697e-13,1.047586795088761846e-09,6.414877518068351492e-10,4.162257205564401374e-09,2.403852228383129841e-09,6.277824286371469498e-04,3.512726107146590948e-04,4.731044769287109375e+00,7.306170940399169922e+00,7.851531028747558594e+00,4.179827811589979615e-38,2.911636446313833998e-38,9.971721707965714846e-38,5.801390215808771652e-38,1.481509012630523892e-37,8.040069329692798419e-38,2.974182317525984013e-24,1.838145700069467965e-24,1.384273287840187550e-03,4.080733051523566246e-04,4.730896472930908203e+00,7.305860042572021484e+00,7.851178646087646484e+00
1.217028350830078125e+02,2.639575840887586899e-13,2.004607010984774118e-13,1.807909941545227106e-12,1.161201126573252473e-12,2.304305413147744730e-09,6.540792907294701308e-10,4.506837125717311210e-09,3.675305837447240265e-09,1.271453453227877617e-03,4.552027094177901745e-04,4.730864048004150391e+00,7.305896282196044922e+00,7.851238250732421875e+00,1.319953532325640611e-13,8.182433138166633757e-14,1.021862065450629409e-12,6.096160360367919306e-13,8.898461967277171425e-10,5.449020124004277932e-10,3.353765265501351678e-09,1.928919690641350826e-09,5.402730312198400497e-04,3.082916082348674536e-04,4.731023788452148438e+00,7.306232452392578125e+00,7.851619243621826172e+00,4.179827811589979615e-38,2.911636446313833998e-38,9.971721707965714846e-38,5.801390215808771652e-38,1.481509012630523892e-37,8.040069329692798419e-38,1.142817567190182713e-24,7.063001033871648466e-25,1.211937051266431808e-03,3.372106293682008982e-04,4.730897426605224609e+00,7.305964469909667969e+00,7.851315498352050781e+00
1.222036743164062500e+02,2.154699487409705849e-13,1.636371295627228606e-13,8.526759147644042969e-01,2.719142436981201172e-01,5.288703739643096924e-02,2.799141686409711838e-03,3.044750483240932226e-04,2.163073258998338133e-05,1.122903544455766678e-03,4.015557642560452223e-04,4.730862140655517578e+00,7.305984973907470703e+00,7.851355552673339844e+00,1.077470903297628180e-13,6.679276272694711913e-14,8.452526330947875977e-01,2.678862214088439941e-01,5.040668323636054993e-02,6.648588925600051880e-03,4.553790204226970673e-03,2.666618674993515015e-03,1.904766773805022240e-03,9.728214936330914497e-04,4.731195449829101562e+00,7.306688308715820312e+00,7.852153301239013672e+00,4.179827811589979615e-38,2.911636446313833998e-38,8.452740907669067383e-01,2.678934633731842041e-01,5.048757791519165039e-02,6.549797486513853073e-03,4.463201388716697693e-03,2.634241944178938866e-03,1.656786305829882622e-03,9.186442475765943527e-04,4.731271743774414062e+00,7.306846618652343750e+00,7.852334022521972656e+00
1.227045059204101562e+02,1.758897118665087023e-13,1.335781935367028050e-13,5.901077389717102051e-01,3.388496041297912598e-01,2.148545533418655396e-01,2.674136497080326080e-02,8.223352022469043732e-03,1.518129254691302776e-03,1.277118688449263573e-03,3.733866033144295216e-04,4.780796051025390625e+00,7.874963760375976562e+00,7.973601818084716797e+00,8.795579959893287669e-14,5.452408002089986772e-14,5.888067483901977539e-01,3.379241526126861572e-01,2.141134589910507202e-01,2.619168534874916077e-02,5.615761503577232361e-03,3.092542989179491997e-03,2.395510207861661911e-03,1.390523393638432026e-03,4.781215190887451172e+00,7.875948905944824219e+00,7.974611759185791016e+00,4.179827811589979615e-38,2.911636446313833998e-38,5.867246389389038086e-01,3.364447653293609619e-01,2.128993719816207886e-01,2.534815855324268341e-02,3.982692025601863861e-03,2.425022423267364502e-03,2.183239441365003586e-03,1.911932951770722866e-03,4.782534122467041016e+00,7.879061698913574219e+00,7.977791786193847656e+00
1.232053451538085938e+02,1.435795113444854332e-13,1.090404418775843542e-13,4.496426582336425781e-01,2.893982231616973877e-01,3.410201370716094971e-01,5.879075080156326294e-02,3.009581938385963440e-02,8.492016233503818512e-03,3.687995020300149918e-03,6.052682874724268913e-04,4.858195781707763672e+00,7.642460823059082031e+00,8.128917694091796875e+00,7.179791429359067001e-14,4.450775617742368240e-14,4.475513398647308350e-01,2.877202332019805908e-01,3.392858207225799561e-01,5.768330767750740051e-02,2.876492589712142944e-02,7.326917722821235657e-03,4.278135485947132111e-03,2.830398036167025566e-03,4.859316349029541016e+00,7.644905567169189453e+00,8.131644248962402344e+00,4.179827811589979615e-38,2.911636446313833998e-38,4.453120827674865723e-01,2.859460711479187012e-01,3.373706042766571045e-01,5.649686604738235474e-02,2.762941829860210419e-02,6.273585371673107147e-03,3.040917217731475830e-03,2.084151841700077057e-03,4.861328601837158203e+00,7.649291038513183594e+00,8.136533737182617188e+00
1.237061767578125000e+02,1.172049111410056188e-13,8.901043693342741703e-14,3.511583209037780762e-01,2.318817377090454102e-01,4.173514544963836670e-01,8.483616262674331665e-02,6.068533286452293396e-02,2.201055176556110382e-02,1.155103556811809540e-02,1.750315655954182148e-03,4.883182048797607422e+00,7.594137668609619141e+00,8.152762413024902344e+00,5.860980104022139869e-14,3.633239745843251656e-14,3.490141630172729492e-01,2.300920784473419189e-01,4.150107204914093018e-01,8.344267308712005615e-02,5.946782603859901428e-02,2.085032127797603607e-02,7.482989691197872162e-03,4.218465182930231094e-03,4.885276317596435547e+00,7.598612785339355469e+00,8.157837867736816406e+00,4.179827811589979615e-38,2.911636446313833998e-38,3.466373980045318604e-01,2.281153053045272827e-01,4.123958349227905273e-01,8.190688490867614746e-02,5.799861624836921692e-02,1.951429806649684906e-02,5.922266282141208649e-03,2.623219043016433716e-03,4.887877464294433594e+00,7.604170799255371094e+00,8.164143562316894531e+00
1.242070083618164062e+02,9.567514966044021740e-14,7.265980758687159979e-14,2.758518755435943604e-01,1.832316368818283081e-01,4.550940692424774170e-01,1.015983372926712036e-01,9.275700896978378296e-02,3.966102749109268188e-02,2.701149508357048035e-02,4.590476863086223602e-03,4.894751071929931641e+00,7.583601951599121094e+00,8.153157234191894531e+00,4.784356504722309111e-14,2.965837753339528593e-14,2.738536596298217773e-01,1.814937144517898560e-01,4.525558054447174072e-01,1.000495627522468567e-01,9.149552136659622192e-02,3.848056122660636902e-02,2.570751681923866272e-02,4.354411270469427109e-03,4.896877765655517578e+00,7.588131427764892578e+00,8.158307075500488281e+00,4.179827811589979615e-38,2.911636446313833998e-38,2.712537050247192383e-01,1.792636662721633911e-01,4.491549134254455566e-01,9.812851995229721069e-02,8.952157944440841675e-02,3.671982511878013611e-02,2.397916279733181000e-02,1.719655469059944153e-03,4.900177955627441406e+00,7.595124244689941406e+00,8.166260719299316406e+00
1.247078475952148438e+02,7.810000205148853736e-14,5.931248602073641019e-14,2.169891744852066040e-01,1.443292647600173950e-01,4.656178653240203857e-01,1.101487725973129272e-01,1.213882490992546082e-01,5.817849189043045044e-02,5.024354159832000732e-02,9.610971435904502869e-03,4.902598381042480469e+00,7.581435203552246094e+00,8.150766372680664062e+00,3.905444625465145925e-14,2.420997870765124321e-14,2.152572423219680786e-01,1.427926868200302124e-01,4.631246924400329590e-01,1.086867302656173706e-01,1.199836283922195435e-01,5.693341791629791260e-02,4.912797734141349792e-02,5.705986171960830688e-03,4.905296802520751953e+00,7.587143898010253906e+00,8.157253265380859375e+00,4.179827811589979615e-38,2.911636446313833998e-38,2.129361480474472046e-01,1.407384872436523438e-01,4.597677886486053467e-01,1.067465022206306458e-01,1.180402860045433044e-01,5.519677698612213135e-02,4.737066850066184998e-02,2.325042150914669037e-03,4.908643245697021484e+00,7.594227313995361328e+00,8.165311813354492188e+00
1.252086791992187500e+02,6.375354074956290917e-14,4.841717237097191429e-14,1.707413345575332642e-01,1.136035695672035217e-01,4.576512277126312256e-01,1.124965250492095947e-01,1.441214233636856079e-01,7.500510662794113159e-02,7.984629273414611816e-02,1.683019101619720459e-02,4.909929752349853516e+00,7.581840038299560547e+00,8.149241447448730469e+00,3.188076837029249488e-14,1.976298627786449158e-14,1.684469282627105713e-01,1.115228310227394104e-01,4.541126191616058350e-01,1.104039847850799561e-01,1.419975161552429199e-01,7.314129918813705444e-02,7.821319997310638428e-02,1.142356451600790024e-02,4.913743019104003906e+00,7.589900493621826172e+00,8.158400535583496094e+00,4.179827811589979615e-38,2.911636446313833998e-38,1.664199978113174438e-01,1.096924766898155212e-01,4.509620368480682373e-01,1.085922643542289734e-01,1.399985253810882568e-01,7.137662917375564575e-02,7.644962519407272339e-02,8.628753945231437683e-03,4.916851520538330078e+00,7.596466541290283203e+00,8.165865898132324219e+00
1.257095184326171875e+02,5.204232430742160298e-14,3.952317395887125495e-14,1.343600302934646606e-01,8.940360695123672485e-02,4.376102983951568604e-01,1.104986816644668579e-01,1.601962298154830933e-01,8.864995837211608887e-02,1.136044114828109741e-01,2.587093226611614227e-02,4.918140411376953125e+00,7.583834648132324219e+00,8.149137496948242188e+00,2.602409796990598490e-14,1.613242180088184791e-14,1.330380290746688843e-01,8.817321807146072388e-02,4.355313479900360107e-01,1.091628074645996094e-01,1.590176075696945190e-01,8.760257810354232788e-02,1.126228421926498413e-01,2.443233504891395569e-02,4.920061111450195312e+00,7.587906837463378906e+00,8.153757095336914062e+00,4.179827811589979615e-38,2.911636446313833998e-38,1.304074227809906006e-01,8.575435727834701538e-02,4.312841296195983887e-01,1.066793575882911682e-01,1.561463922262191772e-01,8.508174121379852295e-02,1.099389120936393738e-01,2.213331684470176697e-02,4.924097061157226562e+00,7.596386432647705078e+00,8.163394927978515625e+00
1.262103500366210938e+02,4.248253089372475144e-14,3.226305805631088375e-14,1.057329475879669189e-01,7.035624235868453979e-02,4.101551473140716553e-01,1.056266278028488159e-01,1.698477268218994141e-01,9.851596504449844360e-02,1.491147577762603760e-01,3.612488508224487305e-02,4.927855968475341797e+00,7.587400436401367188e+00,8.150575637817382812e+00,2.124390818965780914e-14,1.316916597337213987e-14,1.052744910120964050e-01,6.992267072200775146e-02,4.094261825084686279e-01,1.051411256194114685e-01,1.694196760654449463e-01,9.813545644283294678e-02,1.487330645322799683e-01,3.568486869335174561e-02,4.928534507751464844e+00,7.588833808898925781e+00,8.152200698852539062e+00,4.179827811589979615e-38,2.911636446313833998e-38,1.031713783740997314e-01,6.795467436313629150e-02,4.059987962245941162e-01,1.030456870794296265e-01,1.670354157686233521e-01,9.603507816791534424e-02,1.464304625988006592e-01,3.371327742934226990e-02,4.931880474090576172e+00,7.595858573913574219e+00,8.160180091857910156e+00
1.267111816406250000e+02,3.467879941001193733e-14,2.633656673008220178e-14,8.320553600788116455e-02,5.536639317870140076e-02,3.786301016807556152e-01,9.898095577955245972e-02,1.738279461860656738e-01,1.046112552285194397e-01,1.841854900121688843e-01,4.691230878233909607e-02,4.939248085021972656e+00,7.592673301696777344e+00,8.153664588928222656e+00,1.734155794495557262e-14,1.075008646282595709e-14,8.304125070571899414e-02,5.520703271031379700e-02,3.783764541149139404e-01,9.880217909812927246e-02,1.736797541379928589e-01,1.044774278998374939e-01,1.840498447418212891e-01,4.676981642842292786e-02,4.939486026763916016e+00,7.593180179595947266e+00,8.154236793518066406e+00,4.179827811589979615e-38,2.911636446313833998e-38,8.218125998973846436e-02,5.439206212759017944e-02,3.769809603691101074e-01,9.790884703397750854e-02,1.726862043142318726e-01,1.035970151424407959e-01,1.830496191978454590e-01,4.591732472181320190e-02,4.940891265869140625e+00,7.596122741699218750e+00,8.157576560974121094e+00
1.272120208740234375e+02,2.830846451348789650e-14,2.149866181887401251e-14,6.547760963439941406e-02,4.356996715068817139e-02,3.453983366489410400e-01,9.136084467172622681e-02,1.731045246124267578e-01,1.072953045368194580e-01,2.170314043760299683e-01,5.759420245885848999e-02,4.952199459075927734e+00,7.599749088287353516e+00,8.158526420593261719e+00,1.415583399604720613e-14,8.775246086961500935e-15,6.541326642036437988e-02,4.350458830595016479e-02,3.453070521354675293e-01,9.129206836223602295e-02,1.730529367923736572e-01,1.072476282715797424e-01,2.169839292764663696e-01,5.754715204238891602e-02,4.952287197113037109e+00,7.599934577941894531e+00,8.158735275268554688e+00,4.179827811589979615e-38,2.911636446313833998e-38,6.535238772630691528e-02,4.344668611884117126e-02,3.452098369598388672e-01,9.122438728809356689e-02,1.729886531829833984e-01,1.071899160742759705e-01,2.169177085161209106e-01,5.748990178108215332e-02,4.952382564544677734e+00,7.600136756896972656e+00,8.158965110778808594e+00
1.277128524780273438e+02,2.310839880721986955e-14,1.754950792163829237e-14,5.152702331542968750e-02,3.428700566291809082e-02,3.120945990085601807e-01,8.333385735750198364e-02,1.686825156211853027e-01,1.070971488952636719e-01,2.463362365961074829e-01,6.763573735952377319e-02,4.966419219970703125e+00,7.608645439147949219e+00,8.165247917175292969e+00,1.155564190071910885e-14,7.163378810753299325e-15,5.148544907569885254e-02,3.424260020256042480e-02,3.120414912700653076e-01,8.329173177480697632e-02,1.686527132987976074e-01,1.070688739418983459e-01,2.463089972734451294e-01,6.761004775762557983e-02,4.966472625732421875e+00,7.608758926391601562e+00,8.165373802185058594e+00,4.179827811589979615e-38,2.911636446313833998e-38,5.151048302650451660e-02,3.426988795399665833e-02,3.120721578598022461e-01,8.331581950187683105e-02,1.686704754829406738e-01,1.070857197046279907e-01,2.463251650333404541e-01,6.762549281120300293e-02,4.966440200805664062e+00,7.608690261840820312e+00,8.165298461914062500e+00
1.282136840820312500e+02,1.886351860304336103e-14,1.432576489889241661e-14,4.054865613579750061e-02,2.698180265724658966e-02,2.798120975494384766e-01,7.529250532388687134e-02,1.615045815706253052e-01,1.045975536108016968e-01,2.712405622005462646e-01,7.663354277610778809e-02,4.981534957885742188e+00,7.619298458099365234e+00,8.173862457275390625e+00,9.432951076878467317e-15,5.847516515325532765e-15,4.051280766725540161e-02,2.694110758602619171e-02,2.797723114490509033e-01,7.525970041751861572e-02,1.614819616079330444e-01,1.045754328370094299e-01,2.712202966213226318e-01,7.661531120538711548e-02,4.981577396392822266e+00,7.619388103485107422e+00,8.173962593078613281e+00,4.179827811589979615e-38,2.911636446313833998e-38,4.053904116153717041e-02,2.697146870195865631e-02,2.798001170158386230e-01,7.528246939182281494e-02,1.614979803562164307e-01,1.045910790562629700e-01,2.712346613407135010e-01,7.662829011678695679e-02,4.981544971466064453e+00,7.619324207305908203e+00,8.173889160156250000e+00
1.287145233154296875e+02,1.539837457846179869e-14,1.169418684473675848e-14,3.190929070115089417e-02,2.123301476240158081e-02,2.492491304874420166e-01,6.749980896711349487e-02,1.524012386798858643e-01,1.003584340214729309e-01,2.912829816341400146e-01,8.431618660688400269e-02,4.997153759002685547e+00,7.631573200225830078e+00,8.184329986572265625e+00,7.700059733166571274e-15,4.773291543925736735e-15,3.186052292585372925e-02,2.117345854640007019e-02,2.492040991783142090e-01,6.746189296245574951e-02,1.523744612932205200e-01,1.003316640853881836e-01,2.912592589855194092e-01,8.429545164108276367e-02,4.997206211090087891e+00,7.631685256958007812e+00,8.184454917907714844e+00,4.179827811589979615e-38,2.911636446313833998e-38,3.189897909760475159e-02,2.122155576944351196e-02,2.492373734712600708e-01,6.748981773853302002e-02,1.523942202329635620e-01,1.003514006733894348e-01,2.912766933441162109e-01,8.431079983711242676e-02,4.997165203094482422e+00,7.631598472595214844e+00,8.184358596801757812e+00
1.292153625488281250e+02,1.256976226121468698e-14,9.546017269842707598e-15,2.511063776910305023e-02,1.670906879007816315e-02,2.208172529935836792e-01,6.012365221977233887e-02,1.420720070600509644e-01,9.488517045974731445e-02,3.063279986381530762e-01,9.053153544664382935e-02,5.012904167175292969e+00,7.645280838012695312e+00,8.196544647216796875e+00,6.285593061799510731e-15,3.896459130554082856e-15,2.501630224287509918e-02,1.658384874463081360e-02,2.207478433847427368e-01,6.006463989615440369e-02,1.420283019542694092e-01,9.484089165925979614e-02,3.062890768051147461e-01,9.049776941537857056e-02,5.012996673583984375e+00,7.645476818084716797e+00,8.196764945983886719e+00,4.179827811589979615e-38,2.911636446313833998e-38,2.509451471269130707e-02,1.669047027826309204e-02,2.208004742860794067e-01,6.010939180850982666e-02,1.420610249042510986e-01,9.487403929233551025e-02,3.063179254531860352e-01,9.052292257547378540e-02,5.012923240661621094e+00,7.645320892333984375e+00,8.196587562561035156e+00
1.297161865234375000e+02,1.026081566853640284e-14,7.792503214964011105e-15,1.976065896451473236e-02,1.314909756183624268e-02,1.947236806154251099e-01,5.326301231980323792e-02,1.310849189758300781e-01,8.860987424850463867e-02,3.164905607700347900e-01,9.522704035043716431e-02,5.028460502624511719e+00,7.660195827484130859e+00,8.210341453552246094e+00,5.131107483482633472e-15,3.180789346715899753e-15,1.955283060669898987e-02,1.284320373088121414e-02,1.946054697036743164e-01,5.316155403852462769e-02,1.310064196586608887e-01,8.852963149547576904e-02,3.164201378822326660e-01,9.516575187444686890e-02,5.028647899627685547e+00,7.660589218139648438e+00,8.210784912109375000e+00,4.179827811589979615e-38,2.911636446313833998e-38,1.973188854753971100e-02,1.311460416764020920e-02,1.946966350078582764e-01,5.324004217982292175e-02,1.310656964778900146e-01,8.859027177095413208e-02,3.164724111557006836e-01,9.521137177944183350e-02,5.028492927551269531e+00,7.660266399383544922e+00,8.210419654846191406e+00
1.302170257568359375e+02,8.375947979362245721e-15,6.361053533004501839e-15,1.555041130632162094e-02,1.034752279520034790e-02,1.710297167301177979e-01,4.696693643927574158e-02,1.198846399784088135e-01,8.188684284687042236e-02,3.220672011375427246e-01,9.842859953641891479e-02,5.043555736541748047e+00,7.676076412200927734e+00,8.225512504577636719e+00,4.188449175164532523e-15,2.596433174866419509e-15,1.513380184769630432e-02,9.566192515194416046e-03,1.708479672670364380e-01,4.680991917848587036e-02,1.197600141167640686e-01,8.175834268331527710e-02,3.219560980796813965e-01,9.833130240440368652e-02,5.043923377990722656e+00,7.676843643188476562e+00,8.226375579833984375e+00,4.179827811589979615e-38,2.911636446313833998e-38,1.549839787185192108e-02,1.028247456997632980e-02,1.709859520196914673e-01,4.692973569035530090e-02,1.198513433337211609e-01,8.185268193483352661e-02,3.220348656177520752e-01,9.840046614408493042e-02,5.043613910675048828e+00,7.676200866699218750e+00,8.225651741027832031e+00
1.307178649902343750e+02,6.837320677487808071e-15,5.192554641608249436e-15,1.223720610141754150e-02,8.142856881022453308e-03,1.497010737657546997e-01,4.125055670738220215e-02,1.088090687990188599e-01,7.499732822179794312e-02,3.234739005565643311e-01,1.002189889550209045e-01,5.057981967926025391e+00,7.692671298980712891e+00,8.241822242736816406e+00,3.419048915108456946e-15,2.119479298421126853e-15,1.171600352972745895e-02,6.355013698339462280e-03,1.495134234428405762e-01,4.108796268701553345e-02,1.086786314845085144e-01,7.486186176538467407e-02,3.233622312545776367e-01,1.001197919249534607e-01,5.058559894561767578e+00,7.693871498107910156e+00,8.243181228637695312e+00,4.179827811589979615e-38,2.911636446313833998e-38,1.214442308992147446e-02,8.021127432584762573e-03,1.496318131685256958e-01,4.119160398840904236e-02,1.087531372904777527e-01,7.493961602449417114e-02,3.234185874462127686e-01,1.001702398061752319e-01,5.058084011077880859e+00,7.692883968353271484e+00,8.242063522338867188e+00
1.312187042236328125e+02,5.581335988134395257e-15,4.238705757507498298e-15,9.629928506910800934e-03,6.407927256077528000e-03,1.306383013725280762e-01,3.610520437359809875e-02,2.269361019134521484e+00,5.787601470947265625e-01,3.927550315856933594e-01,1.036572456359863281e-01,5.071734428405761719e+00,7.709743976593017578e+00,8.259018898010253906e+00,2.790983725598286669e-15,1.730139863061858855e-15,5.847047432325780392e-04,1.011144369840621948e-03,1.229861453175544739e-01,2.937569655478000641e-02,2.208273649215698242e+00,5.626954436302185059e-01,3.865683078765869141e-01,9.181073307991027832e-02,5.094643592834472656e+00,7.757212162017822266e+00,8.312651634216308594e+00,4.179827811589979615e-38,2.911636446313833998e-38,3.541104670148342848e-04,8.107776520773768425e-04,1.230662241578102112e-01,2.953035756945610046e-02,2.208545446395874023e+00,5.627502202987670898e-01,3.866314589977264404e-01,9.200876206159591675e-02,5.094570636749267578e+00,7.757061004638671875e+00,8.312479019165039062e+00
1.317195281982421875e+02,4.556099167239051687e-15,3.460097190523584408e-15,7.578216958791017532e-03,5.042681470513343811e-03,1.137027218937873840e-01,3.150691464543342590e-02,1.447854995727539062e+00,9.037944078445434570e-01,7.964804768562316895e-01,1.611564904451370239e-01,5.095314025878906250e+00,7.728317737579345703e+00,8.277064323425292969e+00,2.278359174161747290e-15,1.412362006251370421e-15,9.042510064318776131e-04,1.098965294659137726e-03,1.124965921044349670e-01,3.033461235463619232e-02,1.442647457122802734e+00,9.004969000816345215e-01,7.940363287925720215e-01,1.595992892980575562e-01,5.100041866302490234e+00,7.738076686859130859e+00,8.288079261779785156e+00,4.179827811589979615e-38,2.911636446313833998e-38,1.293230889132246375e-05,3.581779674277640879e-05,1.075258553028106689e-01,2.606495283544063568e-02,1.419242858886718750e+00,8.862809538841247559e-01,7.814486026763916016e-01,1.537527143955230713e-01,5.112545967102050781e+00,7.763772487640380859e+00,8.317125320434570312e+00
1.322203674316406250e+02,3.719164970298390743e-15,2.824493196024614045e-15,5.963589530438184738e-03,3.968279343098402023e-03,9.873188287019729614e-02,2.742169238626956940e-02,1.017739534378051758e+00,7.988057136535644531e-01,1.153972864151000977e+00,2.606100738048553467e-01,5.148347377777099609e+00,7.754365921020507812e+00,8.297885894775390625e+00,1.859792549320114438e-15,1.152891462310144666e-15,1.221008598804473877e-03,1.144540146924555302e-03,9.867375344038009644e-02,2.731817774474620819e-02,1.017789244651794434e+00,7.988356947898864746e-01,1.154056787490844727e+00,2.606361508369445801e-01,5.149763107299804688e+00,7.757244110107421875e+00,8.301130294799804688e+00,4.179827811589979615e-38,2.911636446313833998e-38,1.757591121531731915e-06,2.606040197861148044e-06,9.704776853322982788e-02,2.568407915532588959e-02,1.014403104782104492e+00,7.961045503616333008e-01,1.150333881378173828e+00,2.592548429965972900e-01,5.152921199798583984e+00,7.763673305511474609e+00,8.308381080627441406e+00
1.327212066650390625e+02,3.035971276690884769e-15,2.305646764074018203e-15,4.692976828664541245e-03,3.122790949419140816e-03,8.555533736944198608e-02,2.381067909300327301e-02,7.455486655235290527e-01,6.298190355300903320e-01,1.375610470771789551e+00,3.522840142250061035e-01,5.228005409240722656e+00,7.793516635894775391e+00,8.325845718383789062e+00,1.518157374275498194e-15,9.411106732443489352e-16,9.121061302721500397e-04,8.887074654921889305e-04,8.547576516866683960e-02,2.364064380526542664e-02,7.455856204032897949e-01,6.298432350158691406e-01,1.375707268714904785e+00,3.523145318031311035e-01,5.229163169860839844e+00,7.795830726623535156e+00,8.328451156616210938e+00,4.179827811589979615e-38,2.911636446313833998e-38,5.834946250615757890e-07,4.473172339203301817e-07,8.532699197530746460e-02,2.345964312553405762e-02,7.455756068229675293e-01,6.298313140869140625e-01,1.375702977180480957e+00,3.523108959197998047e-01,5.229575634002685547e+00,7.796652317047119141e+00,8.329372406005859375e+00
1.332220306396484375e+02,2.478292195756941901e-15,1.882121184842685049e-15,3.693109378218650818e-03,2.457461319863796234e-03,7.400152087211608887e-02,2.063266746699810028e-02,5.555769205093383789e-01,4.803387820720672607e-01,1.483499765396118164e+00,4.161591827869415283e-01,5.320057392120361328e+00,7.846632957458496094e+00,8.364763259887695312e+00,1.239314869193211370e-15,7.682551773905061700e-16,6.130827823653817177e-04,6.488746148534119129e-04,7.370610535144805908e-02,2.001732029020786285e-02,5.555009245872497559e-01,4.802554249763488770e-01,1.483374714851379395e+00,4.160972535610198975e-01,5.321245670318603516e+00,7.848970890045166016e+00,8.367381095886230469e+00,4.179827811589979615e-38,2.911636446313833998e-38,2.007567445616587065e-07,1.341583555358738522e-07,7.367341965436935425e-02,2.008700557053089142e-02,5.555213689804077148e-01,4.802752137184143066e-01,1.483420848846435547e+00,4.161133468151092529e-01,5.321464538574218750e+00,7.849396228790283203e+00,8.367856025695800781e+00
1.337228698730468750e+02,2.023040785727962115e-15,1.536383829234516229e-15,2.906248206272721291e-03,1.933869672939181328e-03,6.390272825956344604e-02,1.784595660865306854e-02,4.173509478569030762e-01,3.628744184970855713e-01,1.510894536972045898e+00,4.511752426624298096e-01,5.411750793457031250e+00,7.911206245422363281e+00,8.415971755981445312e+00,1.011635059949215609e-15,6.271158773345350199e-16,4.840518231503665447e-04,5.110971396788954735e-04,6.329235434532165527e-02,1.645702868700027466e-02,4.172180593013763428e-01,3.627337515354156494e-01,1.510570883750915527e+00,4.510234296321868896e-01,5.413040637969970703e+00,7.913712978363037109e+00,8.418767929077148438e+00,4.179827811589979615e-38,2.911636446313833998e-38,7.364599241554969922e-08,4.696600441889131616e-08,6.327115744352340698e-02,1.674990728497505188e-02,4.172269701957702637e-01,3.627435266971588135e-01,1.510590910911560059e+00,4.510300457477569580e-01,5.413173198699951172e+00,7.913968563079833984e+00,8.419054985046386719e+00
1.342237091064453125e+02,1.651416726823162588e-15,1.254156686374119627e-15,2.287036972120404243e-03,1.521835336461663246e-03,5.510098859667778015e-02,1.541033945977687836e-02,3.150742650032043457e-01,2.737477123737335205e-01,1.484551429748535156e+00,4.628607034683227539e-01,5.495306015014648438e+00,7.983529567718505859e+00,8.478423118591308594e+00,8.258021193709305045e-16,5.119174377442596482e-16,4.103156679775565863e-04,4.167600709479302168e-04,5.420366674661636353e-02,1.302176062017679214e-02,3.149479329586029053e-01,2.736180722713470459e-01,1.484187364578247070e+00,4.626827836036682129e-01,5.496700763702392578e+00,7.986215114593505859e+00,8.481408119201660156e+00,4.179827811589979615e-38,2.911636446313833998e-38,2.779164631760977500e-08,1.739281607626708137e-08,5.409665778279304504e-02,1.349116396158933640e-02,3.149261176586151123e-01,2.735972702503204346e-01,1.484111189842224121e+00,4.626471102237701416e-01,5.496821880340576172e+00,7.986447811126708984e+00,8.481669425964355469e+00
1.347245483398437500e+02,1.348058335390257736e-15,1.023773359720724953e-15,1.799755613319575787e-03,1.197589677758514881e-03,4.744879528880119324e-02,1.328759640455245972e-02,2.388323545455932617e-01,2.068364322185516357e-01,1.423840165138244629e+00,4.576778709888458252e-01,5.567272663116455078e+00,8.059986114501953125e+00,8.549633026123046875e+00,6.741057712372961787e-16,4.178803163961200551e-16,3.518297162372618914e-04,3.418996348045766354e-04,4.635019972920417786e-02,9.710088372230529785e-03,2.387407720088958740e-01,2.067412436008453369e-01,1.423587322235107422e+00,4.575431942939758301e-01,5.568772792816162109e+00,8.062853813171386719e+00,8.552819252014160156e+00,4.179827811589979615e-38,2.911636446313833998e-38,1.060069010350161989e-08,6.585286094207276619e-09,4.604348167777061462e-02,1.008081436157226562e-02,2.386935055255889893e-01,2.066954523324966431e-01,1.423424482345581055e+00,4.574659764766693115e-01,5.568962574005126953e+00,8.063219070434570312e+00,8.553223609924316406e+00
1.352253723144531250e+02,1.100432488425199303e-15,8.357156341669172255e-16,1.416306011378765106e-03,9.424354648217558861e-04,4.081085324287414551e-02,1.144218817353248596e-02,1.817609965801239014e-01,1.567230671644210815e-01,1.342408418655395508e+00,4.411494135856628418e-01,5.626984119415283203e+00,8.137571334838867188e+00,8.626603126525878906e+00,5.502914183866684707e-16,3.411273523229576892e-16,2.993481757584959269e-04,2.792796585708856583e-04,3.964993730187416077e-02,6.901417393237352371e-03,1.817095130681991577e-01,1.566639840602874756e-01,1.342323184013366699e+00,4.410899579524993896e-01,5.628525733947753906e+00,8.140508651733398438e+00,8.629862785339355469e+00,4.179827811589979615e-38,2.911636446313833998e-38,4.060713543196925457e-09,2.515100128164249327e-09,3.913962841033935547e-02,6.481018383055925369e-03,1.816705465316772461e-01,1.566231995820999146e-01,1.342225670814514160e+00,4.410406053066253662e-01,5.628870487213134766e+00,8.141165733337402344e+00,8.630591392517089844e+00
1.357262115478515625e+02,8.982882873211973408e-16,6.821985887131597811e-16,1.114545855671167374e-03,7.416388252750039101e-04,3.506362810730934143e-02,9.841311722993850708e-03,1.388998627662658691e-01,1.191632673144340515e-01,1.249755144119262695e+00,4.175049066543579102e-01,5.675279617309570312e+00,8.214009284973144531e+00,8.706439018249511719e+00,4.491948597583155216e-16,2.784573433193025327e-16,2.615445700939744711e-04,2.313401782885193825e-04,3.397451713681221008e-02,5.139434244483709335e-03,1.388767808675765991e-01,1.191334798932075500e-01,1.249756932258605957e+00,4.174888730049133301e-01,5.676716804504394531e+00,8.216751098632812500e+00,8.709481239318847656e+00,4.179827811589979615e-38,2.911636446313833998e-38,1.558407736190758897e-09,9.639870013344875588e-10,3.336311876773834229e-02,3.877247683703899384e-03,1.388761997222900391e-01,1.191323623061180115e-01,1.249778866767883301e+00,4.174954593181610107e-01,5.677181720733642578e+00,8.217637062072753906e+00,8.710466384887695312e+00
1.362270507812500000e+02,7.332767930149622273e-16,5.568818111723397579e-16,8.770789136178791523e-04,5.836240598000586033e-04,3.009643033146858215e-02,8.455319330096244812e-03,1.066128760576248169e-01,9.095919132232666016e-02,1.152424931526184082e+00,3.898231387138366699e-01,5.713644027709960938e+00,8.287683486938476562e+00,8.786652565002441406e+00,3.666798746521169727e-16,2.273060294862401997e-16,2.311169810127466917e-04,1.930613070726394653e-04,2.911753207445144653e-02,3.987848293036222458e-03,1.066040843725204468e-01,9.094485640525817871e-02,1.152457714080810547e+00,3.898257911205291748e-01,5.714926242828369141e+00,8.290142059326171875e+00,8.789381980895996094e+00,4.179827811589979615e-38,2.911636446313833998e-38,5.985314466272484424e-10,3.700368622627792092e-10,2.852230519056320190e-02,2.420227974653244019e-03,1.066222265362739563e-01,9.096400439739227295e-02,1.152519941329956055e+00,3.898535668849945068e-01,5.715414524078369141e+00,8.291074752807617188e+00,8.790416717529296875e+00
1.367278747558593750e+02,5.985808196491953365e-16,4.545879185334836519e-16,6.902120076119899750e-04,4.592794575728476048e-04,2.581019885838031769e-02,7.257487624883651733e-03,8.221359550952911377e-02,6.972695887088775635e-02,1.054845213890075684e+00,3.602749705314636230e-01,5.743731021881103516e+00,8.357519149780273438e+00,8.865283966064453125e+00,2.993311732851842814e-16,1.855563313814473717e-16,2.038460515905171633e-04,1.611867191968485713e-04,2.494169026613235474e-02,3.179359948262572289e-03,8.220858126878738403e-02,6.971693038940429688e-02,1.054878711700439453e+00,3.602806925773620605e-01,5.744857788085937500e+00,8.359688758850097656e+00,8.867694854736328125e+00,4.179827811589979615e-38,2.911636446313833998e-38,2.299482271261865662e-10,1.421336659479521813e-10,2.441838756203651428e-02,1.680090324953198433e-03,8.222718536853790283e-02,6.973709911108016968e-02,1.054933547973632812e+00,3.603063225746154785e-01,5.745302677154541016e+00,8.360548019409179688e+00,8.868654251098632812e+00
1.372287139892578125e+02,4.886241905134439990e-16,3.710821431070139868e-16,5.431541940197348595e-04,3.614245506469160318e-04,2.211652882397174835e-02,6.223822012543678284e-03,6.370963901281356812e-02,5.369461327791213989e-02,9.599224328994750977e-01,3.303488790988922119e-01,5.767110824584960938e+00,8.422880172729492188e+00,8.940901756286621094e+00,2.443397561764057728e-16,1.514670139631652240e-16,1.779629965312778950e-04,1.339690788881853223e-04,2.133482135832309723e-02,2.587246708571910858e-03,6.369733065366744995e-02,5.367639288306236267e-02,9.599342942237854004e-01,3.303442001342773438e-01,5.768096923828125000e+00,8.424795150756835938e+00,8.943034172058105469e+00,4.179827811589979615e-38,2.911636446313833998e-38,8.835002868190500180e-11,5.460584068250895484e-11,2.089882269501686096e-02,1.275053946301341057e-03,6.371438503265380859e-02,5.369549989700317383e-02,9.599789381027221680e-01,3.303665518760681152e-01,5.768481254577636719e+00,8.425537109375000000e+00,8.943860054016113281e+00
1.377295532226562500e+02,3.988660149170371143e-16,3.029159490668624890e-16,4.274286911822855473e-04,2.844186965376138687e-04,1.893761195242404938e-02,5.333098582923412323e-03,4.962386935949325562e-02,4.154867678880691528e-02,8.694974184036254883e-01,3.010396361351013184e-01,5.785156726837158203e+00,8.483439445495605469e+00,9.012524604797363281e+00,1.994556523549678088e-16,1.236431992557231359e-16,1.532048190711066127e-04,1.105785049730911851e-04,1.818565838038921356e-02,2.148500876501202583e-03,4.958613216876983643e-02,4.150030016899108887e-02,8.694647550582885742e-01,3.010078072547912598e-01,5.786039829254150391e+00,8.485166549682617188e+00,9.014451026916503906e+00,4.179827811589979615e-38,2.911636446313833998e-38,3.394690084590479273e-11,2.098069114275791236e-11,1.785786449909210205e-02,1.019393792375922203e-03,4.961164668202400208e-02,4.153037071228027344e-02,8.695160746574401855e-01,3.010373413562774658e-01,5.786347866058349609e+00,8.485767364501953125e+00,9.015120506286621094e+00
1.382303771972656250e+02,3.255980090866749570e-16,2.472731106820862199e-16,3.363622818142175674e-04,2.238214947283267975e-04,1.620489545166492462e-02,4.566537216305732727e-03,3.885763883590698242e-02,3.231346979737281799e-02,7.846522331237792969e-01,2.729850113391876221e-01,5.799019336700439453e+00,8.539102554321289062e+00,9.079550743103027344e+00,1.628212523930927047e-16,1.009333989068880895e-16,1.299502328038215637e-04,9.057433635462075472e-05,1.537377666682004929e-02,1.830529887229204178e-03,3.876167535781860352e-02,3.219223394989967346e-02,7.845477461814880371e-01,2.729040384292602539e-01,5.799852848052978516e+00,8.540745735168457031e+00,9.081383705139160156e+00,4.179827811589979615e-38,2.911636446313833998e-38,1.304404587815222172e-11,8.061712755691452514e-12,1.521747745573520660e-02,8.393283933401107788e-04,3.881885483860969543e-02,3.226333111524581909e-02,7.846302986145019531e-01,2.729579806327819824e-01,5.800065994262695312e+00,8.541164398193359375e+00,9.081851005554199219e+00
1.387312164306640625e+02,2.657870274475786828e-16,2.018500556781781057e-16,2.646961947903037071e-04,1.761335879564285278e-04,1.385801937431097031e-02,3.907538950443267822e-03,3.059183992445468903e-02,2.526289597153663635e-02,7.059313058853149414e-01,2.465666085481643677e-01,5.809634208679199219e+00,8.589943885803222656e+00,9.141675949096679688e+00,1.329086147330521095e-16,8.239048449784196768e-17,1.086981646949425340e-04,7.364043267443776131e-05,1.277474593371152878e-02,1.616521389223635197e-03,3.038640320301055908e-02,2.499581314623355865e-02,7.057300806045532227e-01,2.464131414890289307e-01,5.810487747192382812e+00,8.591646194458007812e+00,9.143579483032226562e+00,4.179827811589979615e-38,2.911636446313833998e-38,5.012035057816444095e-12,3.097614612729282513e-12,1.291588414460420609e-02,7.039071060717105865e-04,3.051317483186721802e-02,2.516211010515689850e-02,7.058663368225097656e-01,2.465098947286605835e-01,5.810571670532226562e+00,8.591807365417480469e+00,9.143758773803710938e+00
1.392320556640625000e+02,2.169630028115465442e-16,1.647710163585536973e-16,2.082994033116847277e-04,1.386061630910262465e-04,1.184444874525070190e-02,3.341611009091138840e-03,2.421616949141025543e-02,1.985711976885795593e-02,6.335231661796569824e-01,2.219904810190200806e-01,5.817743301391601562e+00,8.636139869689941406e+00,9.198808670043945312e+00,1.084938495579574637e-16,6.725568656141232837e-17,8.983699080999940634e-05,5.948876787442713976e-05,1.026016287505626678e-02,1.497662859037518501e-03,2.384526282548904419e-02,1.936060935258865356e-02,6.332232952117919922e-01,2.217563390731811523e-01,5.818699359893798828e+00,8.638061523437500000e+00,9.200960159301757812e+00,4.179827811589979615e-38,2.911636446313833998e-38,1.925824083537364118e-12,1.190225652411558421e-12,1.090196333825588226e-02,5.977351102046668530e-04,2.407946810126304626e-02,1.967860199511051178e-02,6.334131956100463867e-01,2.218991667032241821e-01,5.818610191345214844e+00,8.637877464294433594e+00,9.200752258300781250e+00
1.397328948974609375e+02,1.771077600677369631e-16,1.345032204307073341e-16,1.639186084503307939e-04,1.090743826352991164e-04,1.011830661445856094e-02,2.856060164049267769e-03,1.927405409514904022e-02,1.569331809878349304e-02,5.673686861991882324e-01,1.993387639522552490e-01,5.823930740356445312e+00,8.677939414978027344e+00,9.251020431518554688e+00,8.856396501989672806e-17,5.490108898588771805e-17,7.350425585173070431e-05,4.779498340212740004e-05,7.717619650065898895e-03,1.457990845665335655e-03,1.871927641332149506e-02,1.494066324084997177e-02,5.670130252838134766e-01,1.990517228841781616e-01,5.825046062469482422e+00,8.680194854736328125e+00,9.253551483154296875e+00,4.179827811589979615e-38,2.911636446313833998e-38,7.399791500037333769e-13,4.573323599162126829e-13,9.132418781518936157e-03,5.122108268551528454e-04,1.905705593526363373e-02,1.540024764835834503e-02,5.672119855880737305e-01,1.992078870534896851e-01,5.824764251708984375e+00,8.679618835449218750e+00,9.252904891967773438e+00
1.402337188720703125e+02,1.445746406969079779e-16,1.097961825666956518e-16,1.289946376346051693e-04,8.583533781347796321e-05,8.639742620289325714e-03,2.439834643155336380e-03,1.542346179485321045e-02,1.247058250010013580e-02,5.072507858276367188e-01,1.786107867956161499e-01,5.828647136688232422e+00,8.715629577636718750e+00,9.298485755920410156e+00,7.229722666346992399e-17,4.481727424538857973e-17,5.962365685263648629e-05,3.822033977485261858e-05,5.285960622131824493e-03,1.424956368282437325e-03,1.484654657542705536e-02,1.135987322777509689e-02,5.069177150726318359e-01,1.783311069011688232e-01,5.829923152923583984e+00,8.718225479125976562e+00,9.301399230957031250e+00,4.179827811589979615e-38,2.911636446313833998e-38,2.843380912664894566e-13,1.757306323027507666e-13,7.572776637971401215e-03,4.415875300765037537e-04,1.510096713900566101e-02,1.201513782143592834e-02,5.070458650588989258e-01,1.784353554248809814e-01,5.829482078552246094e+00,8.717326164245605469e+00,9.300390243530273438e+00
1.407345581054687500e+02,1.180168226082558484e-16,8.962703107337027754e-17,1.015106827253475785e-04,6.754702917532995343e-05,7.374056149274110794e-03,2.083288505673408508e-03,1.240711938589811325e-02,9.963328950107097626e-03,4.528481662273406982e-01,1.597491651773452759e-01,5.832242012023925781e+00,8.749519348144531250e+00,9.341457366943359375e+00,5.901514124559165565e-17,3.658367724671335243e-17,4.798832014785148203e-05,3.043498509214259684e-05,3.476215759292244911e-03,1.306700636632740498e-03,1.197036262601613998e-02,8.259902708232402802e-03,4.525834918022155762e-01,1.595152020454406738e-01,5.833628177642822266e+00,8.752352714538574219e+00,9.344641685485839844e+00,4.179827811589979615e-38,2.911636446313833998e-38,1.092541584545719813e-13,6.752278315473592141e-14,6.201259791851043701e-03,3.809047630056738853e-04,1.196152344346046448e-02,9.273479692637920380e-03,4.525974690914154053e-01,1.595279425382614136e-01,5.833111286163330078e+00,8.751297950744628906e+00,9.343458175659179688e+00
1.412353973388671875e+02,9.633758342354346773e-17,7.316289433556381894e-17,7.988255674717947841e-05,5.315528687788173556e-05,6.291325669735670090e-03,1.778088626451790333e-03,1.003149338066577911e-02,8.002460002899169922e-03,4.037892520427703857e-01,1.426638960838317871e-01,5.834982872009277344e+00,8.779917716979980469e+00,9.380222320556640625e+00,4.817428419103908597e-17,2.986339394381408842e-17,3.837915210169740021e-05,2.415476410533301532e-05,2.414122223854064941e-03,1.137913321144878864e-03,9.563642553985118866e-03,5.801819730550050735e-03,4.035933911800384521e-01,1.424795389175415039e-01,5.836406230926513672e+00,8.782841682434082031e+00,9.383513450622558594e+00,4.179827811589979615e-38,2.911636446313833998e-38,4.197985410897900338e-14,2.594497831636885521e-14,5.005047190934419632e-03,3.267497522756457329e-04,9.482094086706638336e-03,6.972646806389093399e-03,4.035085141658782959e-01,1.424078196287155151e-01,5.835910320281982422e+00,8.781826972961425781e+00,9.382369995117187500e+00
1.417362213134765625e+02,7.864139094184132632e-17,5.972364460130047533e-17,6.286321149673312902e-05,4.183030614512972534e-05,5.365677643567323685e-03,1.517016324214637280e-03,8.150260895490646362e-03,6.460649892687797546e-03,3.596755266189575195e-01,1.272446662187576294e-01,5.896842479705810547e+00,9.290261268615722656e+00,1.051163101196289062e+01,3.932599935300835317e-17,2.437830967113820873e-17,3.054859189433045685e-05,1.912329571496229619e-05,1.809371868148446083e-03,9.780519176274538040e-04,7.284087128937244415e-03,4.135956987738609314e-03,3.595061898231506348e-01,1.270779818296432495e-01,5.898116111755371094e+00,9.293106079101562500e+00,1.051518917083740234e+01,4.179827811589979615e-38,2.911636446313833998e-38,1.613082429674332630e-14,9.969397371165349825e-15,3.957552369683980942e-03,2.801872906275093555e-04,7.528445683419704437e-03,5.014186725020408630e-03,3.593801558017730713e-01,1.269671916961669922e-01,5.897735595703125000e+00,9.292258262634277344e+00,1.051412963867187500e+01
1.422370605468750000e+02,6.419530358342333785e-17,4.875266541894841398e-17,4.946944318362511694e-05,3.291785469627939165e-05,4.574684426188468933e-03,1.293804729357361794e-03,6.652233656495809555e-03,5.241588223725557327e-03,3.200981020927429199e-01,1.133694872260093689e-01,6.007482528686523438e+00,9.440106391906738281e+00,1.030835247039794922e+01,3.210129800385180267e-17,1.989969740878622546e-17,2.423624937364365906e-05,1.511398659204132855e-05,1.464745029807090759e-03,8.481178665533661842e-04,5.254490766674280167e-03,3.078556153923273087e-03,3.199757039546966553e-01,1.132435798645019531e-01,6.008750915527343750e+00,9.442933082580566406e+00,1.031166553497314453e+01,4.179827811589979615e-38,2.911636446313833998e-38,6.198113616589454727e-15,3.830645094068897347e-15,3.039399161934852600e-03,2.405313716735690832e-04,5.963275674730539322e-03,3.437213832512497902e-03,3.198316097259521484e-01,1.131112724542617798e-01,6.008454799652099609e+00,9.442276954650878906e+00,1.031089591979980469e+01
1.427378997802734375e+02,5.240289434813671747e-17,3.979700591996339777e-17,3.892937456839717925e-05,2.590430449345149100e-05,3.899114206433296204e-03,1.103072427213191986e-03,5.452946759760379791e-03,4.272456280887126923e-03,2.846603989601135254e-01,1.009147316217422485e-01,6.090703964233398438e+00,9.475233078002929688e+00,1.024094772338867188e+01,2.620442502427354964e-17,1.624420761090208471e-17,1.918106136145070195e-05,1.192999843624420464e-05,1.233356306329369545e-03,7.402146584354341030e-04,3.766362322494387627e-03,2.365306718274950981e-03,2.845934629440307617e-01,1.008406952023506165e-01,6.091895580291748047e+00,9.477839469909667969e+00,1.024394798278808594e+01,4.179827811589979615e-38,2.911636446313833998e-38,2.381565268345237074e-15,1.471888411289968852e-15,2.209532074630260468e-03,2.100189594784751534e-04,4.688287619501352310e-03,2.287488197907805443e-03,2.844438850879669189e-01,1.006989181041717529e-01,6.091722965240478516e+00,9.477468490600585938e+00,1.024352264404296875e+01
1.432387237548828125e+02,4.277696378135508251e-17,3.248666159890555699e-17,3.063521580770611763e-05,2.038522143266163766e-05,3.322397824376821518e-03,9.401772404089570045e-04,4.487778525799512863e-03,3.497844096273183823e-03,2.529816031455993652e-01,8.975799381732940674e-02,6.144869327545166016e+00,9.490084648132324219e+00,1.021726036071777344e+01,2.139140514696230366e-17,1.326059774710597835e-17,1.515335679869167507e-05,9.408056939719244838e-06,1.059637055732309818e-03,6.480425363406538963e-04,2.812277060002088547e-03,1.868123654276132584e-03,2.529521584510803223e-01,8.972085267305374146e-02,6.145927429199218750e+00,9.492368698120117188e+00,1.021987152099609375e+01,4.179827811589979615e-38,2.911636446313833998e-38,9.151201025325611700e-16,5.655753867660434728e-16,1.440575229935348034e-03,1.840894692577421665e-04,3.687644843012094498e-03,1.528717810288071632e-03,2.528154551982879639e-01,8.958680182695388794e-02,6.145898342132568359e+00,9.492310523986816406e+00,1.021979999542236328e+01
1.437395629882812500e+02,3.491903251223203784e-17,2.651901008303359159e-17,2.410802699159830809e-05,1.604191311344038695e-05,2.830243203788995743e-03,8.011102909222245216e-04,3.707022871822118759e-03,2.875375561416149139e-03,2.246998101472854614e-01,7.978032529354095459e-02,6.178764820098876953e+00,9.502017974853515625e+00,1.021173667907714844e+01,1.746149156341879555e-17,1.082443421067094187e-17,1.195557706523686647e-05,7.413838829961605370e-06,9.193845326080918312e-04,5.676686414517462254e-04,2.206971868872642517e-03,1.511482521891593933e-03,2.246900498867034912e-01,7.976381480693817139e-02,6.179670333862304688e+00,9.503956794738769531e+00,1.021394824981689453e+01,4.179827811589979615e-38,2.911636446313833998e-38,3.516261139459379284e-16,2.173168905299314307e-16,7.663088035769760609e-04,1.485765824327245355e-04,2.929409034550189972e-03,1.052439678460359573e-03,2.245700806379318237e-01,7.964062690734863281e-02,6.179769992828369141e+00,9.504175186157226562e+00,1.021420001983642578e+01
1.442404022216796875e+02,2.850456780796097880e-17,2.164759125447610186e-17,1.897153379104565829e-05,1.262399928236845881e-05,2.410422312095761299e-03,6.824383744969964027e-04,3.072391962632536888e-03,2.372604561969637871e-03,1.994806528091430664e-01,7.087007910013198853e-02,6.199733734130859375e+00,9.513598442077636719e+00,1.021500110626220703e+01,1.425389525181374270e-17,8.836035947520047562e-18,9.424643394595477730e-06,5.839753612235654145e-06,8.012390462681651115e-04,4.967789864167571068e-04,1.803298597224056721e-03,1.246357685886323452e-03,1.994801461696624756e-01,7.086423039436340332e-02,6.200491905212402344e+00,9.515215873718261719e+00,1.021683883666992188e+01,4.179827811589979615e-38,2.911636446313833998e-38,1.351089416322227648e-16,8.350191745609271778e-17,2.902774140238761902e-04,9.340111137134954333e-05,2.300744643434882164e-03,7.426508236676454544e-04,1.993707418441772461e-01,7.074552774429321289e-02,6.200700283050537109e+00,9.515663146972656250e+00,1.021734523773193359e+01
1.447412414550781250e+02,2.326840699702068172e-17,1.767102633874582810e-17,1.492942737968405709e-05,9.934308764059096575e-06,2.052427735179662704e-03,5.812083254568278790e-04,2.554165897890925407e-03,1.964509719982743263e-03,1.770145595073699951e-01,6.292264163494110107e-02,6.212668418884277344e+00,9.524834632873535156e+00,1.022263622283935547e+01,1.163552119722613783e-17,7.212895827454193689e-18,7.425156127283116803e-06,4.598427494784118608e-06,6.988694658502936363e-04,4.337681457400321960e-04,1.516310148872435093e-03,1.042047049850225449e-03,1.770180612802505493e-01,6.292212754487991333e-02,6.213294982910156250e+00,9.526167869567871094e+00,1.022414875030517578e+01,4.179827811589979615e-38,2.911636446313833998e-38,5.191430523008124572e-17,3.208480733115994551e-17,6.833580118836835027e-05,3.798622856265865266e-05,1.689550350420176983e-03,5.200724699534475803e-04,1.769126951694488525e-01,6.280390173196792603e-02,6.213581562042236328e+00,9.526783943176269531e+00,1.022485256195068359e+01
1.452420654296875000e+02,1.899422084253260350e-17,1.442502568566116327e-17,1.174862245534313843e-05,7.817743608029559255e-06,1.747259288094937801e-03,4.948889836668968201e-04,2.129186177626252174e-03,1.631722901947796345e-03,1.570184230804443359e-01,5.584142729640007019e-02,6.220648765563964844e+00,9.535461425781250000e+00,1.023226070404052734e+01,9.498404958924947238e-18,5.888090803014777542e-18,5.847760348842712119e-06,3.620303459683782421e-06,6.087237852625548840e-04,3.775998193304985762e-04,1.299519673921167850e-03,8.796539041213691235e-04,1.570234447717666626e-01,5.584346130490303040e-02,6.221159934997558594e+00,9.536552429199218750e+00,1.023350143432617188e+01,4.179827811589979615e-38,2.911636446313833998e-38,1.994815199470835671e-17,1.232863568481902100e-17,1.264104867004789412e-05,9.753413905855268240e-06,1.089269411750137806e-03,3.519710735417902470e-04,1.569296121597290039e-01,5.573833733797073364e-02,6.221503734588623047e+00,9.537284851074218750e+00,1.023433208465576172e+01
1.457429046630859375e+02,1.550506548530430087e-17,1.177521132317103038e-17,9.245437468052841723e-06,6.152080459287390113e-06,1.487182453274726868e-03,4.213028005324304104e-04,1.779264188371598721e-03,1.359139452688395977e-03,1.392325609922409058e-01,4.953717067837715149e-02,6.225578308105468750e+00,9.545306205749511719e+00,1.024253654479980469e+01,7.753412035643294305e-18,4.806364795692950596e-18,4.604039531841408461e-06,2.849687234629527666e-06,5.287072272039949894e-04,3.275424824096262455e-04,1.126764575019478798e-03,7.472228026017546654e-04,1.392378509044647217e-01,4.954031109809875488e-02,6.225995540618896484e+00,9.546196937561035156e+00,1.024354457855224609e+01,4.179827811589979615e-38,2.911636446313833998e-38,7.664884684946031624e-18,4.737159556924314089e-18,3.426545390539104119e-06,2.375133362875203602e-06,5.821236991323530674e-04,2.223014016635715961e-04,1.391756236553192139e-01,4.947221651673316956e-02,6.226364612579345703e+00,9.546985626220703125e+00,1.024444293975830078e+01
1.462437438964843750e+02,1.265685102571271174e-17,9.612154700860176839e-18,7.275586085597751662e-06,4.841305326408473775e-06,1.265601371414959431e-03,3.585919039323925972e-04,1.490097376517951488e-03,1.134965219534933567e-03,1.234231665730476379e-01,4.392904415726661682e-02,6.228628635406494141e+00,9.554296493530273438e+00,1.025271415710449219e+01,6.329144332808664451e-18,3.923457025272225447e-18,3.624296823545591906e-06,2.242942173324991018e-06,4.577150393743067980e-04,2.831391757354140282e-04,9.830407798290252686e-04,6.371019990183413029e-04,1.234281659126281738e-01,4.393251240253448486e-02,6.228969097137451172e+00,9.555019378662109375e+00,1.025353813171386719e+01,4.179827811589979615e-38,2.911636446313833998e-38,2.945158373021578870e-18,1.820207835995640325e-18,1.179298919851134997e-06,7.487105335712840315e-07,2.351684088353067636e-04,1.176002406282350421e-04,1.234055608510971069e-01,4.390757530927658081e-02,6.229339599609375000e+00,9.555809974670410156e+00,1.025443458557128906e+01
1.467445678710937500e+02,1.033190357699665494e-17,7.846491361251436297e-18,5.725475602957885712e-06,3.809833970080944709e-06,1.076869899407029152e-03,3.051648964174091816e-04,1.250345492735505104e-03,9.499149746261537075e-04,1.093787699937820435e-01,3.894358873367309570e-02,6.230520248413085938e+00,9.562428474426269531e+00,1.026239109039306641e+01,5.166657373560835202e-18,3.202827201783378373e-18,2.852805891961907037e-06,1.765325123415095732e-06,3.949640085920691490e-04,2.439732488710433245e-04,8.594951359555125237e-04,5.441941902972757816e-04,1.093832552433013916e-01,3.894698247313499451e-02,6.230794906616210938e+00,9.563018798828125000e+00,1.026306152343750000e+01,4.179827811589979615e-38,2.911636446313833998e-38,1.131681512465435670e-18,6.994176555593255169e-19,4.349384425950120203e-07,2.709426780711510219e-07,6.328134622890502214e-05,4.406739753903821111e-05,1.093853935599327087e-01,3.894786909222602844e-02,6.231143951416015625e+00,9.563762664794921875e+00,1.026390457153320312e+01
1.472454071044921875e+02,8.433974884621297824e-18,6.405122112842578873e-18,4.505592642090050504e-06,2.998102218043641187e-06,9.161448106169700623e-04,2.596558188088238239e-04,1.050950493663549423e-03,7.966264383867383003e-04,9.690763056278228760e-02,3.451393172144889832e-02,6.231696128845214844e+00,9.569733619689941406e+00,1.027137088775634766e+01,4.217467207065929668e-18,2.614421578825673358e-18,2.245257974209380336e-06,1.389284534525359049e-06,3.397768014110624790e-04,2.096204698318615556e-04,7.509486167691648006e-04,4.650317132472991943e-04,9.691151976585388184e-02,3.451702371239662170e-02,6.231920242309570312e+00,9.570215225219726562e+00,1.027192115783691406e+01,4.179827811589979615e-38,2.911636446313833998e-38,4.348376810808571828e-19,2.687444669711548365e-19,1.647140663862955989e-07,1.020779336613486521e-07,1.293152217840543017e-05,1.122538924391847104e-05,9.691910445690155029e-02,3.452392667531967163e-02,6.232231616973876953e+00,9.570880889892578125e+00,1.027267360687255859e+01
1.477462463378906250e+02,6.884687104005403368e-18,5.228526761067045183e-18,3.545620074874022976e-06,2.359319296374451369e-06,7.793034892529249191e-04,2.209013618994504213e-04,8.846734999679028988e-04,6.692564347758889198e-04,8.583863079547882080e-02,3.058021143078804016e-02,6.232428073883056641e+00,9.576269149780273438e+00,1.027957725524902344e+01,3.442736049203358096e-18,2.134162789924070011e-18,1.767048956935468595e-06,1.093340188162983395e-06,2.915668883360922337e-04,1.796860015019774437e-04,6.545381620526313782e-04,3.972408885601907969e-04,8.584185689687728882e-02,3.058283589780330658e-02,6.232612133026123047e+00,9.576663970947265625e+00,1.028002643585205078e+01,4.179827811589979615e-38,2.911636446313833998e-38,1.670821860801919178e-19,1.032624747106438219e-19,6.297850774217295111e-08,3.896040823292423738e-08,3.562163101378246211e-06,2.766004399745725095e-06,8.584879338741302490e-02,3.058935329318046570e-02,6.232883930206298828e+00,9.577243804931640625e+00,1.028068161010742188e+01
1.482470855712890625e+02,5.619996603402665954e-18,4.268066672316410924e-18,2.790181042655603960e-06,1.856636572483694181e-06,6.628193077631294727e-04,1.879058399936184287e-04,7.456769235432147980e-04,5.631253006868064404e-04,7.601787894964218140e-02,2.708845399320125580e-02,6.232883930206298828e+00,9.582098007202148438e+00,1.028700160980224609e+01,2.810318834188697275e-18,1.742125501688237863e-18,1.390646730214939453e-06,8.604220056440681219e-07,2.496773086022585630e-04,1.537325442768633366e-04,5.686188233084976673e-04,3.390610218048095703e-04,7.602036744356155396e-02,2.709039300680160522e-02,6.233034133911132812e+00,9.582422256469726562e+00,1.028737258911132812e+01,4.179827811589979615e-38,2.911636446313833998e-38,6.419971038813671411e-20,3.967761154922689459e-20,2.415827715651630569e-08,1.493581436307067634e-08,1.263208559976192191e-06,8.482010116495075636e-07,7.602636516094207764e-02,2.709620445966720581e-02,6.233267307281494141e+00,9.582923889160156250e+00,1.028793811798095703e+01
1.487479095458984375e+02,4.587652865059948484e-18,3.484060338245282252e-18,2.195713705077650957e-06,1.461067313357489184e-06,5.636843852698802948e-04,1.598197559360414743e-04,6.292368634603917599e-04,4.744715115521103144e-04,6.730787456035614014e-02,2.399031259119510651e-02,6.233168601989746094e+00,9.587283134460449219e+00,1.029367256164550781e+01,2.294141174753050669e-18,1.422145157382818785e-18,1.094430785997246858e-06,6.771344942535506561e-07,2.134578098775818944e-04,1.313324028160423040e-04,4.922193475067615509e-04,2.891346521209925413e-04,6.730939447879791260e-02,2.399109862744808197e-02,6.233293056488037109e+00,9.587551116943359375e+00,1.029398155212402344e+01,4.179827811589979615e-38,2.911636446313833998e-38,2.466883777151988562e-20,1.524617946027112959e-20,9.277508539184964320e-09,5.734543950808301815e-09,4.789046670339303091e-07,3.037851570297789294e-07,6.731497496366500854e-02,2.399684116244316101e-02,6.233493804931640625e+00,9.587979316711425781e+00,1.029446697235107422e+01
1.492487487792968750e+02,3.744917948268473677e-18,2.844051466363762882e-18,1.727888843561231624e-06,1.149768195318756625e-06,4.793234693352133036e-04,1.359154121018946171e-04,5.315006710588932037e-04,4.002465284429490566e-04,5.958490446209907532e-02,2.124222181737422943e-02,6.233345985412597656e+00,9.591890335083007812e+00,1.029964065551757812e+01,1.872672800322581796e-18,1.160875921607305659e-18,8.612546480435412377e-07,5.328597580955829471e-07,1.822432241169735789e-04,1.120564047596417367e-04,4.246063472237437963e-04,2.463295822963118553e-04,5.958477407693862915e-02,2.124080620706081390e-02,6.233451366424560547e+00,9.592115402221679688e+00,1.029989528656005859e+01,4.179827811589979615e-38,2.911636446313833998e-38,9.478762805647445470e-21,5.858197707367461541e-21,3.564088357776995508e-09,2.202830584607795572e-09,1.856522118259817944e-07,1.154278947979037184e-07,5.959080532193183899e-02,2.124770358204841614e-02,6.233620643615722656e+00,9.592479705810546875e+00,1.030031204223632812e+01
1.497495880126953125e+02,3.056993605429054488e-18,2.321612256486242995e-18,1.359741986561857630e-06,9.047967068909201771e-07,4.075483302585780621e-04,1.155742938863113523e-04,4.493289161473512650e-04,3.379811823833733797e-04,5.273927748203277588e-02,1.880548708140850067e-02,6.233455657958984375e+00,9.595978736877441406e+00,1.030496215820312500e+01,1.528669786860127396e-18,9.476273121250631568e-19,6.777664793844451196e-07,4.193318829948111670e-07,1.554376067360863090e-04,9.552328992867842317e-05,3.651611623354256153e-04,2.096990065183490515e-04,5.273617431521415710e-02,1.879981905221939087e-02,6.233543395996093750e+00,9.596170425415039062e+00,1.030517768859863281e+01,4.179827811589979615e-38,2.911636446313833998e-38,3.642123089097863739e-21,2.250955952283906678e-21,1.369373725523814755e-09,8.463339473685493886e-10,7.253726863609699649e-08,4.477926651702546224e-08,5.274419859051704407e-02,1.881009899079799652e-02,6.233686923980712891e+00,9.596478462219238281e+00,1.030553150177001953e+01
1.502504119873046875e+02,2.495453567996152982e-18,1.895154328600854259e-18,1.070041093953477684e-06,7.120244731595448684e-07,3.464913461357355118e-04,9.826830500969663262e-05,3.801428538281470537e-04,2.856583450920879841e-04,4.667303711175918579e-02,1.664550788700580597e-02,6.233522415161132812e+00,9.599603652954101562e+00,1.030969524383544922e+01,1.247896562818803000e-18,7.735750178601638627e-19,5.333830586096155457e-07,3.300005175788101042e-07,1.324722252320498228e-04,8.137324766721576452e-05,3.132257261313498020e-04,1.784052583388984203e-04,4.666451364755630493e-02,1.663177646696567535e-02,6.233599662780761719e+00,9.599767684936523438e+00,1.030988407135009766e+01,4.179827811589979615e-38,2.911636446313833998e-38,1.399491449521338848e-21,8.649332488010472304e-22,5.261716617965817022e-10,3.251940106085982052e-10,2.841512269924351131e-08,1.749747369217402593e-08,4.667716845870018005e-02,1.664940826594829559e-02,6.233719348907470703e+00,9.600026130676269531e+00,1.031017875671386719e+01
1.507512512207031250e+02,2.037049924853966318e-18,1.547023166893877405e-18,8.420562949140730780e-07,5.603193926617677789e-07,2.945555024780333042e-04,8.354571764357388020e-05,3.218117635697126389e-04,2.416202623862773180e-04,4.129837825894355774e-02,1.473123859614133835e-02,6.233562469482421875e+00,9.602816581726074219e+00,1.031390190124511719e+01,1.018640354122434306e-18,6.314584092871352920e-19,4.197342775569268269e-07,2.596857484604697675e-07,1.128225194406695664e-04,6.927652430022135377e-05,2.680979087017476559e-04,1.517044875072315335e-04,4.128029569983482361e-02,1.470305025577545166e-02,6.233629703521728516e+00,9.602967262268066406e+00,1.031406879425048828e+01,4.179827811589979615e-38,2.911636446313833998e-38,5.377410588353539059e-22,3.323422526082105957e-22,2.021747352864977643e-10,1.249511605294628680e-10,1.113807535091382306e-08,6.852826750503027142e-09,4.130183905363082886e-02,1.473452150821685791e-02,6.233731269836425781e+00,9.603176116943359375e+00,1.031430721282958984e+01
1.512520904541015625e+02,1.662852957876948163e-18,1.262841855331257966e-18,6.626462436543079093e-07,4.409367306834610645e-07,2.503849391359835863e-04,7.102292875060811639e-05,2.725791709963232279e-04,2.045066648861393332e-04,3.653763979673385620e-02,1.303518563508987427e-02,6.233585357666015625e+00,9.605662345886230469e+00,1.031763362884521484e+01,8.315207258295168420e-19,5.154623550009413755e-19,3.303070741367264418e-07,2.043574340859777294e-07,9.604242950445041060e-05,5.895376671105623245e-05,2.290884585818275809e-04,1.289561623707413673e-04,3.650389984250068665e-02,1.298295706510543823e-02,6.233651161193847656e+00,9.605804443359375000e+00,1.031779670715332031e+01,4.179827811589979615e-38,2.911636446313833998e-38,2.066218056875000327e-22,1.276993013460138503e-22,7.768347076719805955e-11,4.801106734397819764e-11,4.365765970959500919e-09,2.685437205940388594e-09,3.654054552316665649e-02,1.303796004503965378e-02,6.233727455139160156e+00,9.605967521667480469e+00,1.031797695159912109e+01
1.517529144287109375e+02,1.357402454621329292e-18,1.030869599093571406e-18,5.214653810980962589e-07,3.469924081400677096e-07,2.128238993464037776e-04,6.037282582838088274e-05,2.309867704752832651e-04,1.731931697577238083e-04,3.232166171073913574e-02,1.153284776955842972e-02,6.233597278594970703e+00,9.608181953430175781e+00,1.032094097137451172e+01,6.787938715392705853e-19,4.207864157142071863e-19,2.599398953861964401e-07,1.608217559123659157e-07,8.172886009560897946e-05,5.015362694393843412e-05,1.955044863279908895e-04,1.095945335691794753e-04,3.226418793201446533e-02,1.144354976713657379e-02,6.233664989471435547e+00,9.608330726623535156e+00,1.032111167907714844e+01,4.179827811589979615e-38,2.911636446313833998e-38,7.939474803378768895e-23,4.906865345135409599e-23,2.984996624877389593e-11,1.844829844444006994e-11,1.710846797564613553e-09,1.052334885898176253e-09,3.232409805059432983e-02,1.153518632054328918e-02,6.233717441558837891e+00,9.608440399169921875e+00,1.032123279571533203e+01
1.522537536621093750e+02,1.108053305063011572e-18,8.415032448593833491e-19,4.103608830519078765e-07,2.730615165091876406e-07,1.808845845516771078e-04,5.131580473971553147e-05,1.958173525054007769e-04,1.467449619667604566e-04,2.858856692910194397e-02,1.020228955894708633e-02,6.233602046966552734e+00,9.610412597656250000e+00,1.032387256622314453e+01,5.540895699568481008e-19,3.434819155259401352e-19,2.045527764948928962e-07,1.265542550754616968e-07,6.952373951207846403e-05,4.265347524778917432e-05,1.666769967414438725e-04,9.312380279880017042e-05,2.849804796278476715e-02,1.005998533219099045e-02,6.233681678771972656e+00,9.610580444335937500e+00,1.032405948638916016e+01,4.179827811589979615e-38,2.911636446313833998e-38,3.050666799908230345e-23,1.885415744346030912e-23,1.146955794228965431e-11,7.088576687436232149e-12,6.702011723369594165e-10,4.122580610221859843e-10,2.859060280025005341e-02,1.020424999296665192e-02,6.233703613281250000e+00,9.610630989074707031e+00,1.032411956787109375e+01
1.527545928955078125e+02,9.045085581417817758e-19,6.869225754188291882e-19,3.229285141514992574e-07,2.148824194136977894e-07,1.537291100248694420e-04,4.361461833468638361e-05,1.660585694480687380e-04,1.243872975464910269e-04,2.528373338282108307e-02,9.024129249155521393e-03,6.233602046966552734e+00,9.612385749816894531e+00,1.032646846771240234e+01,4.523056676664457447e-19,2.803857416231315869e-19,1.609706856697812327e-07,9.959047986285440857e-08,5.912878259550780058e-05,3.626829129643738270e-05,1.419997424818575382e-04,7.912252476671710610e-05,2.515095658600330353e-02,8.811064064502716064e-03,6.233696937561035156e+00,9.612586021423339844e+00,1.032669162750244141e+01,4.179827811589979615e-38,2.911636446313833998e-38,1.172189244995799276e-23,7.244527788924318545e-24,4.407066725442554400e-12,2.723717085206800448e-12,2.624505612836003365e-10,1.614519629100641396e-10,2.528544329106807709e-02,9.025773033499717712e-03,6.233688831329345703e+00,9.612571716308593750e+00,1.032667827606201172e+01
1.532554321289062500e+02,7.383540292691739363e-19,5.607377239375133533e-19,2.541246146847697673e-07,1.690990814040560508e-07,1.306429621763527393e-04,3.706690768012776971e-05,1.408624229952692986e-04,1.054732492775656283e-04,2.235849946737289429e-02,7.981094531714916229e-03,6.233599662780761719e+00,9.614131927490234375e+00,1.032876777648925781e+01,3.692190457494623188e-19,2.288800741622043469e-19,1.266740952132749953e-07,7.837157767198732472e-08,5.027867155149579048e-05,3.083392221014946699e-05,1.209126348840072751e-04,6.722372199874371290e-05,2.217612601816654205e-02,7.679174654185771942e-03,6.233711242675781250e+00,9.614373207092285156e+00,1.032904434204101562e+01,4.179827811589979615e-38,2.911636446313833998e-38,4.504023820895165702e-24,2.783639868402769295e-24,1.693372872479947944e-12,1.046561925663325177e-12,1.027398444097826768e-10,6.320765438827535831e-11,2.235992811620235443e-02,7.982467301189899445e-03,6.233671665191650391e+00,9.614287376403808594e+00,1.032894802093505859e+01
1.537562561035156250e+02,6.027250499391870462e-19,4.577352295084555338e-19,1.999816561237821588e-07,1.330713814695627661e-07,1.110184821300208569e-04,3.150054908473975956e-05,1.195186632685363293e-04,8.946248999563977122e-05,1.976973190903663635e-02,7.057867012917995453e-03,6.233594894409179688e+00,9.615677833557128906e+00,1.033080196380615234e+01,3.014038064520387476e-19,1.868411527698226590e-19,9.968762526568752946e-08,6.167538657564364257e-08,4.274802267900668085e-05,2.621114435896743089e-05,1.029189006658270955e-04,5.711441917810589075e-05,1.953439041972160339e-02,6.650425959378480911e-03,6.233730316162109375e+00,9.615970611572265625e+00,1.033113670349121094e+01,4.179827811589979615e-38,2.911636446313833998e-38,1.730678192875078000e-24,1.069617881895754044e-24,6.506810606814183995e-13,4.021429998897485536e-13,4.020645275049083978e-11,2.473783157486142414e-11,1.977090723812580109e-02,7.058987859636545181e-03,6.233655929565429688e+00,9.615809440612792969e+00,1.033095455169677734e+01
1.542570953369140625e+02,4.920067698525994382e-19,3.736510536221272988e-19,1.573730514792259783e-07,1.047188575853397197e-07,9.433682862436398864e-05,2.676855910976883024e-05,1.014289809972979128e-04,7.590102177346125245e-05,1.747891865670681000e-02,6.240759044885635376e-03,6.233589649200439453e+00,9.617043495178222656e+00,1.033260154724121094e+01,2.460314573683382375e-19,1.525156905894979541e-19,7.844629124065249925e-08,4.853363932966203720e-08,3.633881351561285555e-05,2.227781624242197722e-05,8.757492469158023596e-05,4.852423808188177645e-05,1.719319634139537811e-02,5.714807659387588501e-03,6.233752250671386719e+00,9.617394447326660156e+00,1.033300495147705078e+01,4.179827811589979615e-38,2.911636446313833998e-38,6.649963817697307711e-25,4.109903686443251115e-25,2.500179154419496230e-13,1.545195720507874793e-13,1.572888347345369198e-11,9.678280746272527324e-12,1.747988723218441010e-02,6.241664756089448929e-03,6.233642101287841797e+00,9.617154121398925781e+00,1.033273124694824219e+01
1.547579345703125000e+02,4.016269740229183941e-19,3.050127696152134651e-19,1.238427387306728633e-07,8.240717619401038974e-08,8.015816274564713240e-05,2.274630060128401965e-05,8.609186625108122826e-05,6.440906872740015388e-05,1.545210555195808411e-02,5.517701618373394012e-03,6.233583927154541016e+00,9.618252754211425781e+00,1.033419322967529297e+01,2.008364154240634013e-19,1.244991349411151913e-19,6.173236499762424501e-08,3.819295457674343197e-08,3.088790981564670801e-05,1.893343505798839033e-05,7.450144039466977119e-05,4.122643804294057190e-05,1.512553915381431580e-02,4.866969771683216095e-03,6.233771324157714844e+00,9.618661880493164062e+00,1.033466053009033203e+01,4.179827811589979615e-38,2.911636446313833998e-38,2.555184566959406445e-25,1.579190817358964864e-25,9.606697354931290067e-14,5.937265924130935568e-14,6.151239240193007163e-12,3.785265070138654764e-12,1.545284502208232880e-02,5.518360063433647156e-03,6.233628749847412109e+00,9.618349075317382812e+00,1.033430194854736328e+01
1.552587585449218750e+02,3.278516399181088357e-19,2.489845697033349731e-19,9.745716056386299897e-08,6.484974335307924775e-08,6.810801278334110975e-05,1.932765553647186607e-05,7.308460044441744685e-05,5.466715447255410254e-05,1.365914754569530487e-02,4.877975676208734512e-03,6.233577728271484375e+00,9.619320869445800781e+00,1.033560276031494141e+01,1.639483089319582033e-19,1.016320629492105909e-19,4.858092950144055067e-08,3.005634141572954832e-08,2.625281922519207001e-05,1.609027822269126773e-05,6.336719525279477239e-05,3.502647450659424067e-05,1.330719143152236938e-02,4.107026848942041397e-03,6.233790874481201172e+00,9.619782447814941406e+00,1.033612632751464844e+01,4.179827811589979615e-38,2.911636446313833998e-38,9.818336006001312230e-26,6.068065378082169543e-26,3.691388218859080472e-14,2.281403452925826608e-14,2.404954707602158237e-12,1.480038314127796184e-12,1.365969330072402954e-02,4.878400359302759171e-03,6.233615875244140625e+00,9.619403839111328125e+00,1.033569335937500000e+01
1.557595977783203125e+02,2.676268942648074115e-19,2.032473496416228407e-19,7.669282808819843922e-08,5.103278155615953438e-08,5.786691690445877612e-05,1.642206734686624259e-05,6.204962119227275252e-05,4.640549013856798410e-05,1.207316573709249496e-02,4.312017932534217834e-03,6.233571529388427734e+00,9.620265007019042969e+00,1.033684825897216797e+01,1.338285431785827985e-19,8.296074182985904755e-20,3.822932015395963390e-08,2.365194440301365830e-08,2.231004327768459916e-05,1.367231470794649795e-05,5.388507270254194736e-05,2.975780807901173830e-05,1.171245053410530090e-02,3.439359599724411964e-03,6.233800888061523438e+00,9.620764732360839844e+00,1.033741569519042969e+01,4.179827811589979615e-38,2.911636446313833998e-38,3.772600938215137157e-26,2.331595501921319135e-26,1.418380302396554313e-14,8.766072720142736863e-15,9.399625175432468893e-13,5.785058846893842421e-13,1.207347121089696884e-02,4.312136676162481308e-03,6.233603954315185547e+00,9.620334625244140625e+00,1.033692836761474609e+01
1.562604370117187500e+02,2.184651981659140291e-19,1.659118289110059527e-19,6.035256916447906406e-08,4.015968357862220728e-08,4.916397665510885417e-05,1.395275012328056619e-05,5.268591849016956985e-05,3.939730231650173664e-05,1.067046634852886200e-02,3.811397124081850052e-03,6.233565807342529297e+00,9.621101379394531250e+00,1.033794879913330078e+01,1.092448904698716697e-19,6.772125736267076903e-20,3.008414495297984104e-08,1.861263854152639396e-08,1.895829336717724800e-05,1.161723776021972299e-05,4.581415123539045453e-05,2.528140248614363372e-05,1.031077653169631958e-02,2.869269112125039101e-03,6.233806610107421875e+00,9.621622085571289062e+00,1.033854293823242188e+01,4.179827811589979615e-38,2.911636446313833998e-38,1.449585377158865382e-26,8.958930752107724791e-27,5.449989553618986293e-15,3.368278607282981438e-15,3.672739196103336212e-13,2.260568305895854779e-13,1.067048590630292892e-02,3.811122151091694832e-03,6.233594417572021484e+00,9.621160507202148438e+00,1.033801555633544922e+01
1.567612762451171875e+02,1.783342205551741841e-19,1.354346565095222843e-19,4.749378135215920338e-08,3.160321426776135922e-08,4.176854054094292223e-05,1.185431119665736333e-05,4.473882654565386474e-05,3.345094592077657580e-05,9.430002421140670776e-03,3.368621226400136948e-03,6.233560085296630859e+00,9.621839523315429688e+00,1.033892345428466797e+01,8.917715922955990422e-20,5.528121058230335898e-20,2.367438867167948047e-08,1.464700893905046541e-08,1.610891195014119148e-05,9.870485882856883109e-06,3.894611654686741531e-05,2.147793384210672230e-05,9.065929800271987915e-03,2.398462034761905670e-03,6.233806133270263672e+00,9.622368812561035156e+00,1.033952713012695312e+01,4.179827811589979615e-38,2.911636446313833998e-38,5.569891858640927488e-27,3.442382530694457207e-27,2.094106002969650659e-15,1.294228544559299695e-15,1.434662664275693222e-13,8.830931049353535345e-14,9.429614059627056122e-03,3.367769764736294746e-03,6.233583927154541016e+00,9.621891021728515625e+00,1.033898067474365234e+01
1.572621002197265625e+02,1.455759942169989727e-19,1.105566438250159179e-19,3.737496356848168944e-08,2.486997097150833724e-08,3.548464883351698518e-05,1.007118589768651873e-05,3.799312253249809146e-05,2.840464367181994021e-05,8.333155885338783264e-03,2.977060852572321892e-03,6.233554840087890625e+00,9.622491836547851562e+00,1.033978462219238281e+01,7.279788450175890927e-20,4.512763318670029998e-20,1.863083909370288893e-08,1.152663564596423385e-08,1.368735047435620800e-05,8.386207809962797910e-06,3.310421379865147173e-05,1.824664650484919548e-05,7.940735667943954468e-03,2.022252418100833893e-03,6.233802318572998047e+00,9.623023986816406250e+00,1.034039115905761719e+01,4.179827811589979615e-38,2.911636446313833998e-38,2.140239724878869910e-27,1.322740819163803223e-27,8.046634592601337784e-16,4.973093487172343743e-16,5.602809882709891554e-14,3.448981619508413587e-14,8.332235738635063171e-03,2.975421957671642303e-03,6.233574390411376953e+00,9.622534751892089844e+00,1.033983516693115234e+01
1.577629394531250000e+02,1.188343694618047773e-19,9.024791222076712069e-20,2.941179921833736444e-08,1.957113937578469631e-08,3.014513094967696816e-05,8.555974090995732695e-06,3.226605258532799780e-05,2.412116009509190917e-05,7.363334298133850098e-03,2.630806760862469673e-03,6.233549594879150391e+00,9.623068809509277344e+00,1.034054565429687500e+01,5.942389911103084641e-20,3.683706686337126198e-20,1.466101018365861819e-08,9.070558526502736640e-09,1.162863372883293778e-05,7.124458534235600382e-06,2.813554783642757684e-05,1.550101842440199107e-05,6.904850248247385025e-03,1.729571027681231499e-03,6.233797550201416016e+00,9.623601913452148438e+00,1.034115600585937500e+01,4.179827811589979615e-38,2.911636446313833998e-38,8.223665010565109863e-28,5.082504086148638382e-28,3.091841781650015233e-16,1.910863183264950799e-16,2.187445476218696089e-14,1.346634155368568037e-14,7.361661177128553391e-03,2.628039335831999779e-03,6.233567714691162109e+00,9.623105049133300781e+00,1.034058952331542969e+01
1.582637786865234375e+02,9.700505370948477021e-20,7.366979749087515614e-20,2.314527591806836426e-08,1.540128202748292097e-08,2.560840039222966880e-05,7.268520221259677783e-06,2.740341915341559798e-05,2.048478199867531657e-05,6.505937315523624420e-03,2.324657514691352844e-03,6.233544826507568359e+00,9.623579025268554688e+00,1.034121799468994141e+01,4.850801015747481670e-20,3.007027062594147010e-20,1.153731510328270815e-08,7.137973767612493248e-09,9.879440767690539360e-06,6.052495791664114222e-06,2.391157977399416268e-05,1.316860925726359710e-05,5.940260365605354309e-03,1.505236956290900707e-03,6.233794212341308594e+00,9.624122619628906250e+00,1.034183883666992188e+01,4.179827811589979615e-38,2.911636446313833998e-38,3.159864111588902025e-28,1.952903315482108236e-28,1.188010295336255212e-16,7.342307241671379805e-17,8.538071779532613315e-15,5.256525534400209587e-15,6.503231823444366455e-03,2.320319646969437599e-03,6.233560562133789062e+00,9.623613357543945312e+00,1.034125423431396484e+01
1.587646026611328125e+02,7.918615513606619301e-20,6.013736177640343949e-20,1.821403650126285356e-08,1.211994682392969480e-08,2.175401095882989466e-05,6.174664122227113694e-06,2.327448237338103354e-05,1.739746949169784784e-05,5.748021882027387619e-03,2.054001670330762863e-03,6.233540058135986328e+00,9.624029159545898438e+00,1.034181308746337891e+01,3.959847039788603011e-20,2.454721475649331438e-20,9.079421658952924190e-09,5.617309284389193635e-09,8.393350071855820715e-06,5.141829660715302452e-06,2.032127304119057953e-05,1.118729051086120307e-05,5.041865166276693344e-03,1.332480809651315212e-03,6.233797550201416016e+00,9.624587059020996094e+00,1.034244918823242188e+01,4.179827811589979615e-38,2.911636446313833998e-38,1.214182792657002874e-28,7.504061629479856776e-29,4.564947749862102938e-17,2.821292708503193272e-17,3.331880119231806457e-15,2.051417236493928431e-15,5.743932444602251053e-03,2.047542948275804520e-03,6.233552932739257812e+00,9.624059677124023438e+00,1.034184741973876953e+01
1.592654418945312500e+02,6.464000958091074094e-20,4.909039700750043275e-20,1.433332030842393578e-08,9.537648892887773400e-09,1.847924795583821833e-05,5.245271040621446446e-06,1.976805833692196757e-05,1.477590376453008503e-05,5.078062415122985840e-03,1.814730931073427200e-03,6.233536243438720703e+00,9.624427795410156250e+00,1.034233856201171875e+01,3.232366571090077118e-20,2.003754399471498166e-20,7.144788760626852309e-09,4.420379617897651769e-09,7.130231097107753158e-06,4.367838755570119247e-06,1.726898517517838627e-05,9.503817636868916452e-06,4.215284716337919235e-03,1.194902928546071053e-03,6.233802795410156250e+00,9.625006675720214844e+00,1.034299659729003906e+01,4.179827811589979615e-38,2.911636446313833998e-38,4.665380521374039204e-29,2.883363585595262876e-29,1.754036985227062716e-17,1.084054603464224974e-17,1.299883230636050997e-15,8.003756726020141033e-16,5.072175059467554092e-03,1.805488253012299538e-03,6.233549118041992188e+00,9.624456405639648438e+00,1.034236907958984375e+01
1.597662811279296875e+02,5.276592559176579444e-20,4.007270661399460557e-20,1.127943516365803589e-08,7.505538412999612774e-09,1.569712549098767340e-05,4.455667294678278267e-06,1.679021261224988848e-05,1.254971630260115489e-05,4.485919605940580368e-03,1.603231416083872318e-03,6.233532428741455078e+00,9.624779701232910156e+00,1.034280300140380859e+01,2.638595486325486638e-20,1.635673728728319273e-20,5.622507348590488618e-09,3.478565435699465525e-09,6.057176960894139484e-06,3.710355713337776251e-06,1.467467336624395102e-05,8.073660865193232894e-06,3.473397810012102127e-03,1.078246394172310829e-03,6.233808994293212891e+00,9.625377655029296875e+00,1.034348297119140625e+01,4.179827811589979615e-38,2.911636446313833998e-38,1.792627455602857850e-29,1.107904666972040445e-29,6.739718738571809950e-18,4.165375094400096474e-18,5.070141757708413171e-16,3.122007007181905021e-16,4.477739334106445312e-03,1.590420608408749104e-03,6.233544349670410156e+00,9.624806404113769531e+00,1.034283256530761719e+01
1.602671051025390625e+02,4.307331721072778461e-20,3.271172650928751364e-20,8.876280155334370647e-09,5.906436228997336002e-09,1.333367163169896230e-05,3.784867203648900613e-06,1.426120979886036366e-05,1.065920787368668243e-05,3.962611313909292221e-03,1.416300772689282894e-03,6.233528614044189453e+00,9.625090599060058594e+00,1.034321403503417969e+01,2.153959897394757689e-20,1.335246496231104605e-20,4.424693944571345128e-09,2.737495119475852334e-09,5.145611339685274288e-06,3.151857981720240787e-06,1.246962892764713615e-05,6.858697361167287454e-06,2.830582205206155777e-03,9.721273672766983509e-04,6.233811855316162109e+00,9.625699996948242188e+00,1.034391117095947266e+01,4.179827811589979615e-38,2.911636446313833998e-38,6.888198284293089863e-30,4.257141000598999915e-30,2.589747194743522819e-18,1.600551678693408932e-18,1.977206774160847856e-16,1.217557186816649361e-16,3.951612859964370728e-03,1.399061642587184906e-03,6.233539581298828125e+00,9.625114440917968750e+00,1.034324645996093750e+01
1.607679443359375000e+02,3.516093075487460174e-20,2.670271818583579309e-20,6.985080069910054590e-09,4.647997986495511213e-09,1.132581564888823777e-05,3.214978050891659223e-06,1.211318613059120253e-05,9.053580470208544284e-06,3.500142367556691170e-03,1.251087989658117294e-03,6.233525753021240234e+00,9.625365257263183594e+00,1.034357547760009766e+01,1.758246224313479216e-20,1.089942450507452990e-20,3.481883670275465192e-09,2.154191713898967464e-09,4.370867827674373984e-06,2.677217935342923738e-06,1.059501209965674207e-05,5.826314918522257358e-06,2.294848207384347916e-03,8.713054703548550606e-04,6.233808994293212891e+00,9.625980377197265625e+00,1.034427452087402344e+01,4.179827811589979615e-38,2.911636446313833998e-38,2.646724084322753265e-30,1.635765276457378458e-30,9.950853522042211518e-19,6.149965845191409191e-19,7.708647667869884617e-17,4.747208395159792035e-17,3.485772293061017990e-03,1.228486769832670689e-03,6.233536720275878906e+00,9.625391006469726562e+00,1.034360885620117188e+01
1.612687835693359375e+02,2.870201049520219319e-20,2.179753876898347287e-20,5.496822552686353447e-09,3.657684377600389780e-09,9.620152013667393476e-06,2.730848564169718884e-06,1.028875431074993685e-05,7.689894118811935186e-06,3.091482445597648621e-03,1.105085713788866997e-03,6.233522891998291016e+00,9.625607490539550781e+00,1.034389591217041016e+01,1.435263860619346205e-20,8.897246757086997551e-21,2.740025761838182916e-09,1.695214968400193811e-09,3.712752004503272474e-06,2.274057806062046438e-06,9.001742000691592693e-06,4.949256435793358833e-06,1.863161101937294006e-03,7.751461234875023365e-04,6.233801364898681641e+00,9.626209259033203125e+00,1.034458446502685547e+01,4.179827811589979615e-38,2.911636446313833998e-38,1.016978185297517511e-30,6.285270962914523220e-31,3.823519338410253164e-19,2.363065017017054294e-19,3.004786183785831402e-17,1.850528596298108458e-17,3.073208499699831009e-03,1.076164538972079754e-03,6.233536720275878906e+00,9.625637054443359375e+00,1.034392929077148438e+01
1.617696228027343750e+02,2.342958388900906929e-20,1.779343207342702764e-20,4.325661162596361464e-09,2.878372651338167998e-09,8.171239642251748592e-06,2.319584154975018464e-06,8.739137228985782713e-06,6.531658982567023486e-06,2.730396809056401253e-03,9.760697139427065849e-04,6.233520030975341797e+00,9.625821113586425781e+00,1.034417915344238281e+01,1.171611672595432660e-20,7.262858227923689867e-21,2.156229417238364476e-09,1.334028554289545809e-09,3.153639681841013953e-06,1.931566430357634090e-06,7.647611710126511753e-06,4.204131982987746596e-06,1.522732549346983433e-03,6.852005026303231716e-04,6.233788490295410156e+00,9.626399993896484375e+00,1.034484004974365234e+01,4.179827811589979615e-38,2.911636446313833998e-38,3.907640857302911880e-31,2.415054789456480836e-31,1.469150316076603997e-19,9.079848492895212303e-20,1.171010476433759413e-17,7.212146401819220646e-18,2.707719802856445312e-03,9.398538968525826931e-04,6.233536243438720703e+00,9.625854492187500000e+00,1.034421539306640625e+01
1.622704467773437500e+02,1.912579708922547804e-20,1.452495066754591463e-20,3.404053927624772768e-09,2.265118537181365355e-09,6.940485945960972458e-06,1.970235871340264566e-06,7.422951057378668338e-06,5.547922228288371116e-06,2.411376684904098511e-03,8.620748994871973991e-04,6.233517646789550781e+00,9.626010894775390625e+00,1.034442996978759766e+01,9.564199092255522591e-21,5.928876817197779887e-21,1.696869533773792682e-09,1.049828890486992350e-09,2.678735882000182755e-06,1.640673531255743001e-06,6.496940841316245496e-06,3.571165734683745541e-06,1.256451709195971489e-03,6.031178054399788380e-04,6.233769893646240234e+00,9.626556396484375000e+00,1.034505271911621094e+01,4.179827811589979615e-38,2.911636446313833998e-38,1.501517473923978784e-31,9.279887255320761729e-32,5.645232384626798576e-20,3.488945718641808718e-20,4.562834137960907442e-18,2.810343442811920728e-18,2.383879385888576508e-03,8.176194387488067150e-04,6.233533859252929688e+00,9.626046180725097656e+00,1.034447097778320312e+01
1.627712860107421875e+02,1.561247345320293662e-20,1.185678266652809030e-20,2.678780530729341081e-09,1.782508585179698457e-09,5.895002232136903331e-06,1.673470137575350236e-06,6.304951511992840096e-06,4.712328063760651276e-06,2.129522152245044708e-03,7.613529451191425323e-04,6.233515739440917969e+00,9.626178741455078125e+00,1.034465026855468750e+01,7.807121260557274526e-21,4.839659684534087995e-21,1.335302535210303176e-09,8.261327177905286590e-10,2.275175575050525367e-06,1.393489242218493018e-06,5.519013939192518592e-06,3.033374468941474333e-06,1.047535333782434464e-03,5.296433228068053722e-04,6.233750820159912109e+00,9.626686096191406250e+00,1.034522819519042969e+01,4.179827811589979615e-38,2.911636446313833998e-38,5.769439709040641440e-32,3.565709298953802258e-32,2.169126060055461385e-20,1.340593604968149050e-20,1.777513115473868940e-18,1.094858223329142244e-18,2.096942393109202385e-03,7.077979389578104019e-04,6.233534336090087891e+00,9.626218795776367188e+00,1.034469509124755859e+01
1.632721252441406250e+02,1.274453164073075276e-20,9.678744220048510212e-21,2.108034635739386431e-09,1.402724048027437220e-09,5.006943865737412125e-06,1.421385718458623160e-06,5.355320809030672535e-06,4.002581590611953288e-06,1.880527241155505180e-03,6.723671103827655315e-04,6.233513355255126953e+00,9.626325607299804688e+00,1.034484481811523438e+01,6.372987987814226385e-21,3.950635608186000779e-21,1.050800779722749212e-09,6.501155169758021657e-10,1.932422946993028745e-06,1.183556264550134074e-06,4.688157787313684821e-06,2.576551878519239835e-06,8.820785442367196083e-04,4.647393361665308475e-04,6.233729839324951172e+00,9.626791954040527344e+00,1.034537601470947266e+01,4.179827811589979615e-38,2.911636446313833998e-38,2.216855098387357727e-32,1.370090975381987682e-32,8.334658119593668765e-21,5.151101666992755850e-21,6.923247886018364428e-19,4.264565320181050527e-19,1.842798315919935703e-03,6.089761736802756786e-04,6.233534336090087891e+00,9.626370429992675781e+00,1.034489631652832031e+01
1.637729492187500000e+02,1.040348126023497303e-20,7.900849548130055582e-21,1.658904791312920679e-09,1.103864999407733194e-09,4.252640792401507497e-06,1.207265540870139375e-06,4.548722699837526307e-06,3.399741444809478708e-06,1.660580048337578773e-03,5.937569076195359230e-04,6.233511924743652344e+00,9.626456260681152344e+00,1.034501743316650391e+01,5.202450276766048852e-21,3.225014841837298695e-21,8.269394058402212977e-10,5.116155832318725061e-10,1.641324956835887861e-06,1.005265858111670241e-06,3.982316684414399788e-06,2.188524831581162289e-06,7.493399316444993019e-04,4.078135243616998196e-04,6.233706951141357422e+00,9.626881599426269531e+00,1.034549903869628906e+01,4.179827811589979615e-38,2.911636446313833998e-38,8.518335893300850127e-33,5.264613815314821933e-33,3.202605032703073994e-21,1.979318805630085493e-21,2.696127998191823773e-19,1.660827838791659355e-19,1.617881818674504757e-03,5.199728184379637241e-04,6.233532428741455078e+00,9.626505851745605469e+00,1.034507656097412109e+01
1.642737884521484375e+02,8.492405662934079263e-21,6.449496943817196294e-21,1.305455077371675543e-09,8.686732444473932446e-10,3.611918828028137796e-06,1.025383994601725135e-06,3.863571691908873618e-06,2.887670689233345911e-06,1.466291141696274281e-03,5.243125488050282001e-04,6.233510017395019531e+00,9.626571655273437500e+00,1.034516906738281250e+01,4.246685084226506582e-21,2.632533803399121482e-21,6.507358540908114719e-10,4.026010080870889851e-10,1.393984348396770656e-06,8.537768962924019434e-07,3.382574504939839244e-06,1.858869495663384441e-06,6.413264200091362000e-04,3.580198099371045828e-04,6.233686447143554688e+00,9.626952171325683594e+00,1.034560680389404297e+01,4.179827811589979615e-38,2.911636446313833998e-38,3.273124346930319314e-33,2.022895187689620138e-33,1.230570101666143433e-21,7.605341596701991416e-22,1.049740018708955341e-19,6.466730007877645528e-20,1.419138628989458084e-03,4.398833843879401684e-04,6.233535766601562500e+00,9.626626968383789062e+00,1.034523010253906250e+01
1.647746276855468750e+02,6.932385840718117223e-21,5.264750951720000007e-21,1.027312013235359700e-09,6.835918497927195858e-10,3.067700845349463634e-06,8.708948939784022514e-07,3.281601493654306978e-06,2.452716216794215143e-06,1.294681802392005920e-03,4.629706672858446836e-04,6.233508586883544922e+00,9.626672744750976562e+00,1.034530448913574219e+01,3.466586719722944941e-21,2.148948386495101092e-21,5.120887047738165165e-10,3.168220130689292091e-10,1.183931203740939964e-06,7.251265969898668118e-07,2.873121502489084378e-06,1.578865521878469735e-06,5.522934952750802040e-04,3.145240189041942358e-04,6.233667850494384766e+00,9.627015113830566406e+00,1.034569549560546875e+01,4.179827811589979615e-38,2.911636446313833998e-38,1.257702272740555711e-33,7.772958231522299306e-34,4.728346942699236057e-22,2.922279056494786497e-22,4.086469327642291615e-20,2.517499798939417950e-20,1.243915059603750706e-03,3.680551890283823013e-04,6.233536243438720703e+00,9.626732826232910156e+00,1.034537124633789062e+01
1.652754516601562500e+02,5.658969964364357712e-21,4.297664128442921644e-21,8.084364844229696700e-10,5.379480749745368939e-10,2.605471308925189078e-06,7.396782848445582204e-07,2.787289076877641492e-06,2.083274921460542828e-06,1.143117318861186504e-03,4.087904817424714565e-04,6.233507156372070312e+00,9.626762390136718750e+00,1.034542274475097656e+01,2.829871713352354405e-21,1.754246313297709490e-21,4.029937494820501342e-10,2.493264761316282829e-10,1.005548256216570735e-06,6.158740006867446937e-07,2.440390744595788419e-06,1.341043343927594833e-06,4.780273302458226681e-04,2.765160461422055960e-04,6.233648777008056641e+00,9.627070426940917969e+00,1.034577369689941406e+01,4.179827811589979615e-38,2.911636446313833998e-38,4.833098287993606724e-34,2.986950430893625736e-34,1.816874397081763574e-22,1.122890234693789782e-22,1.590575260120560003e-20,9.799260557888365002e-21,1.089862664230167866e-03,3.041603486053645611e-04,6.233537673950195312e+00,9.626825332641601562e+00,1.034549522399902344e+01
1.657762908935546875e+02,4.619439406209966776e-21,3.508200205324184414e-21,6.361889903772066646e-10,4.233315642476753737e-10,2.212859044448123313e-06,6.282230629039986525e-07,2.367407660130993463e-06,1.769460709510894958e-06,1.009254599921405315e-03,3.609354607760906219e-04,6.233506202697753906e+00,9.626842498779296875e+00,1.034552764892578125e+01,2.309982639911024414e-21,1.431965760654539438e-21,3.171240492427784829e-10,1.962001394684165234e-10,8.539893769921036437e-07,5.230496640251658391e-07,2.072751158266328275e-06,1.139007281381054781e-06,4.153983027208596468e-04,2.432503242744132876e-04,6.233633995056152344e+00,9.627117156982421875e+00,1.034583950042724609e+01,4.179827811589979615e-38,2.911636446313833998e-38,1.857429962597360406e-34,1.147886189995421203e-34,6.981164682450111224e-23,4.314597097193250322e-23,6.189801409463542501e-21,3.813582120443621007e-21,9.546784567646682262e-04,2.481820993125438690e-04,6.233536720275878906e+00,9.626909255981445312e+00,1.034560203552246094e+01
1.662771301269531250e+02,1.681417375802993774e-01,6.797726750373840332e-01,1.384556591510772705e-01,1.793054491281509399e-02,1.561195240356028080e-03,4.608396557159721851e-05,4.796524990524630994e-06,1.621018782316241413e-06,8.910411270335316658e-04,3.186709654983133078e-04,6.233505249023437500e+00,9.626912117004394531e+00,1.034562015533447266e+01,1.667546629905700684e-01,6.769442558288574219e-01,1.371287554502487183e-01,1.107566524296998978e-02,5.693423561751842499e-03,3.523314371705055237e-03,2.371407579630613327e-03,1.287149265408515930e-03,1.021143980324268341e-03,4.560391826089471579e-04,6.233660697937011719e+00,9.627245903015136719e+00,1.034599971771240234e+01,1.667033880949020386e-01,6.768399477005004883e-01,1.370659470558166504e-01,1.129859033972024918e-02,5.637512076646089554e-03,3.508423455059528351e-03,2.262935973703861237e-03,1.282973447814583778e-03,7.461557397618889809e-04,4.277761909179389477e-04,6.233745098114013672e+00,9.627430915832519531e+00,1.034620857238769531e+01
1.667779693603515625e+02,2.831531763076782227e-01,3.409406244754791260e-01,2.552521228790283203e-01,9.128370881080627441e-02,3.167407214641571045e-02,2.876442391425371170e-03,6.300038658082485199e-04,8.992716902866959572e-05,7.992456085048615932e-04,2.820148365572094917e-04,6.233504295349121094e+00,9.626974105834960938e+00,1.034570217132568359e+01,2.819389700889587402e-01,3.396024405956268311e-01,2.541265487670898438e-01,9.040598571300506592e-02,3.044369257986545563e-02,3.847809974104166031e-03,2.462504431605339050e-03,1.431140117347240448e-03,1.242670114152133465e-03,5.568754859268665314e-04,6.233667373657226562e+00,9.627328872680664062e+00,1.034610557556152344e+01,2.807798087596893311e-01,3.383352160453796387e-01,2.530182898044586182e-01,8.955416828393936157e-02,2.987114898860454559e-02,3.001088043674826622e-03,1.864253892563283443e-03,1.448726747184991837e-03,1.326845958828926086e-03,1.346720382571220398e-03,6.234647750854492188e+00,9.629445075988769531e+00,1.034851932525634766e+01
1.672787933349609375e+02,2.644130289554595947e-01,2.295173257589340210e-01,2.774511277675628662e-01,1.308826059103012085e-01,8.605647087097167969e-02,1.177935022860765457e-02,1.039290189743041992e+00,2.066046595573425293e-01,2.463000454008579254e-02,1.084311050362884998e-03,6.233540058135986328e+00,9.627030372619628906e+00,1.034577465057373047e+01,2.603909373283386230e-01,2.256921976804733276e-01,2.734017968177795410e-01,1.277104318141937256e-01,8.294144272804260254e-02,9.458807297050952911e-03,1.032400250434875488e+00,2.033194005489349365e-01,1.930707506835460663e-02,1.216224767267704010e-02,6.237969875335693359e+00,9.636610031127929688e+00,1.035668945312500000e+01,2.592758834362030029e-01,2.246366143226623535e-01,2.722669541835784912e-01,1.268258541822433472e-01,8.212125301361083984e-02,8.002521470189094543e-03,1.031749844551086426e+00,2.030746191740036011e-01,1.909272186458110809e-02,1.207121834158897400e-02,6.239330768585205078e+00,9.639553070068359375e+00,1.036004829406738281e+01
1.677796325683593750e+02,2.234292626380920410e-01,1.762295663356781006e-01,2.750520110130310059e-01,1.441689431667327881e-01,1.436399072408676147e-01,2.434682659804821014e-02,6.550166606903076172e-01,3.898234069347381592e-01,2.444151788949966431e-01,1.906866312026977539e+00,6.269386768341064453e+00,9.627810478210449219e+00,1.034591674804687500e+01,2.144716978073120117e-01,1.679129302501678467e-01,2.654106616973876953e-01,1.363937854766845703e-01,1.358942091464996338e-01,1.679110154509544373e-02,6.405666470527648926e-01,3.795852363109588623e-01,2.361287027597427368e-01,1.861845016479492188e+00,6.292255878448486328e+00,9.676938056945800781e+00,1.040190887451171875e+01,2.124620676040649414e-01,1.660538464784622192e-01,2.632327973842620850e-01,1.346438527107238770e-01,1.342043876647949219e-01,1.345755532383918762e-02,6.385613679885864258e-01,3.781595826148986816e-01,2.350379824638366699e-01,1.855647921562194824e+00,6.296461105346679688e+00,9.685966491699218750e+00,1.041220951080322266e+01
1.682804718017578125e+02,1.841166764497756958e-01,1.413192749023437500e-01,2.621465325355529785e-01,1.443429142236709595e-01,1.946551501750946045e-01,3.741991147398948669e-02,4.675579071044921875e-01,3.557236194610595703e-01,9.503859281539916992e-01,8.413338065147399902e-01,6.742711544036865234e+00,9.732278823852539062e+00,1.037211036682128906e+01,1.796076446771621704e-01,1.370956599712371826e-01,2.571162283420562744e-01,1.402200162410736084e-01,1.906062066555023193e-01,2.846519090235233307e-02,4.675389528274536133e-01,3.556801080703735352e-01,9.504964947700500488e-01,8.413156867027282715e-01,6.748768329620361328e+00,9.743965148925781250e+00,1.038522529602050781e+01,1.742826253175735474e-01,1.321813911199569702e-01,2.509748935699462891e-01,1.351796984672546387e-01,1.853189766407012939e-01,1.755622215569019318e-02,4.678357839584350586e-01,3.559391498565673828e-01,9.509938359260559082e-01,8.417987823486328125e-01,6.755870819091796875e+00,9.757610321044921875e+00,1.040055561065673828e+01
1.687812957763671875e+02,1.506907492876052856e-01,1.147815436124801636e-01,2.435918450355529785e-01,1.379822194576263428e-01,2.357514500617980957e-01,4.910929501056671143e-02,3.588371574878692627e-01,2.889138758182525635e-01,1.163031101226806641e+00,5.258069038391113281e-01,6.849831581115722656e+00,9.856392860412597656e+00,1.045138072967529297e+01,1.487902402877807617e-01,1.129674613475799561e-01,2.414615154266357422e-01,1.361764669418334961e-01,2.338079661130905151e-01,4.665448516607284546e-02,3.585857152938842773e-01,2.886614799499511719e-01,1.162646770477294922e+00,5.255225300788879395e-01,6.852437973022460938e+00,9.861420631408691406e+00,1.045696926116943359e+01,1.428305804729461670e-01,1.073847934603691101e-01,2.344718277454376221e-01,1.303288638591766357e-01,2.269319146871566772e-01,4.094656556844711304e-02,3.588339984416961670e-01,2.888897061347961426e-01,1.163233637809753418e+00,5.258271694183349609e-01,6.859497547149658203e+00,9.874922752380371094e+00,1.047199821472167969e+01
1.692821350097656250e+02,1.230994686484336853e-01,9.356466680765151978e-02,2.221613377332687378e-01,1.282709389925003052e-01,2.662808597087860107e-01,5.858592316508293152e-02,2.897663712501525879e-01,2.312117516994476318e-01,1.202702879905700684e+00,4.296672344207763672e-01,6.876464366912841797e+00,9.954984664916992188e+00,1.054934120178222656e+01,1.222514137625694275e-01,9.274514764547348022e-02,2.212048918008804321e-01,1.274420022964477539e-01,2.653312087059020996e-01,5.757872760295867920e-02,2.895040512084960938e-01,2.309473603963851929e-01,1.202224969863891602e+00,4.293988049030303955e-01,6.877768993377685547e+00,9.957534790039062500e+00,1.055216884613037109e+01,1.192778944969177246e-01,8.992727100849151611e-02,2.176875472068786621e-01,1.244425624608993530e-01,2.616062462329864502e-01,5.456057935953140259e-02,2.894816398620605469e-01,2.309169322252273560e-01,1.202273845672607422e+00,4.293988943099975586e-01,6.881512641906738281e+00,9.964784622192382812e+00,1.056022739410400391e+01
1.697829742431640625e+02,1.005073338747024536e-01,7.634729146957397461e-02,1.997093111276626587e-01,1.169542223215103149e-01,2.867717146873474121e-01,6.562455743551254272e-02,9.791597127914428711e-01,3.679333925247192383e-01,1.204227089881896973e+00,3.950259685516357422e-01,6.892056941986083984e+00,1.003760623931884766e+01,1.064611053466796875e+01,9.977042675018310547e-02,7.563082128763198853e-02,1.988711804151535034e-01,1.162043735384941101e-01,2.858993113040924072e-01,6.472648680210113525e-02,9.786968231201171875e-01,3.676690459251403809e-01,1.204087376594543457e+00,3.949599564075469971e-01,6.893166542053222656e+00,1.003980064392089844e+01,1.064855003356933594e+01,9.887009859085083008e-02,7.477175444364547729e-02,1.977994441986083984e-01,1.152662038803100586e-01,2.847192287445068359e-01,6.371617317199707031e-02,9.784566760063171387e-01,3.675321042537689209e-01,1.204064369201660156e+00,3.949446678161621094e-01,6.894403457641601562e+00,1.004223060607910156e+01,1.065125560760498047e+01
1.702838134765625000e+02,8.204926550388336182e-02,6.231577321887016296e-02,1.774731874465942383e-01,1.050927117466926575e-01,2.983007729053497314e-01,7.031213492155075073e-02,6.749216914176940918e-01,4.462614655494689941e-01,1.294908642768859863e+00,3.940218687057495117e-01,6.913637638092041016e+00,1.011229705810546875e+01,1.073644161224365234e+01,8.182621002197265625e-02,6.209497153759002686e-02,1.772273182868957520e-01,1.048679277300834656e-01,2.980355918407440186e-01,7.004583626985549927e-02,6.748064756393432617e-01,4.461631476879119873e-01,1.294754028320312500e+00,3.939529359340667725e-01,6.914000511169433594e+00,1.011301803588867188e+01,1.073724174499511719e+01,8.170112222433090210e-02,6.197699904441833496e-02,1.770725250244140625e-01,1.047300547361373901e-01,2.978577017784118652e-01,6.988627463579177856e-02,6.747564673423767090e-01,4.461208581924438477e-01,1.294686317443847656e+00,3.939227759838104248e-01,6.914203166961669922e+00,1.011342334747314453e+01,1.073769283294677734e+01
1.707846374511718750e+02,6.697866320610046387e-02,5.086738616228103638e-02,1.562445163726806641e-01,9.335675835609436035e-02,3.021743595600128174e-01,7.288694381713867188e-02,5.114798545837402344e-01,3.907663524150848389e-01,1.360065698623657227e+00,4.097298085689544678e-01,6.948164939880371094e+00,1.018437862396240234e+01,1.082094001770019531e+01,6.679768860340118408e-02,5.068369209766387939e-02,1.560568660497665405e-01,9.318063408136367798e-02,3.019677698612213135e-01,7.268662005662918091e-02,5.113893747329711914e-01,3.906831443309783936e-01,1.359882116317749023e+00,4.096486568450927734e-01,6.948464393615722656e+00,1.018498134613037109e+01,1.082161140441894531e+01,6.682383269071578979e-02,5.071357637643814087e-02,1.560744196176528931e-01,9.319832175970077515e-02,3.019829094409942627e-01,7.270376384258270264e-02,5.113943815231323242e-01,3.906875848770141602e-01,1.359890103340148926e+00,4.096524119377136230e-01,6.948435783386230469e+00,1.018492317199707031e+01,1.082155036926269531e+01
1.712854766845703125e+02,5.467521026730537415e-02,4.152290895581245422e-02,1.364922225475311279e-01,8.216287940740585327e-02,2.997509837150573730e-01,7.365275174379348755e-02,4.071325063705444336e-01,3.205689787864685059e-01,1.377346158027648926e+00,4.227966666221618652e-01,6.992914199829101562e+00,1.025693225860595703e+01,1.090208625793457031e+01,5.451716855168342590e-02,4.135793074965476990e-02,1.363400816917419434e-01,8.201710134744644165e-02,2.995810508728027344e-01,7.349424064159393311e-02,4.070519506931304932e-01,3.204949498176574707e-01,1.377150416374206543e+00,4.227081239223480225e-01,6.993177890777587891e+00,1.025746345520019531e+01,1.090267848968505859e+01,5.455960333347320557e-02,4.140570759773254395e-02,1.363714933395385742e-01,8.204822242259979248e-02,2.996120452880859375e-01,7.352466881275177002e-02,4.070636332035064697e-01,3.205058574676513672e-01,1.377176284790039062e+00,4.227200150489807129e-01,6.993124961853027344e+00,1.025735855102539062e+01,1.090256023406982422e+01
1.717863159179687500e+02,4.463165998458862305e-02,3.389524295926094055e-02,1.184616684913635254e-01,7.175620645284652710e-02,2.923347353935241699e-01,7.292964309453964233e-02,3.340848386287689209e-01,2.612335085868835449e-01,1.357720613479614258e+00,4.265232384204864502e-01,7.041772842407226562e+00,1.033065319061279297e+01,1.098203659057617188e+01,4.443540051579475403e-02,3.368448838591575623e-02,1.182869896292686462e-01,7.158555090427398682e-02,2.921393513679504395e-01,7.275322079658508301e-02,3.339845538139343262e-01,2.611367404460906982e-01,1.357485055923461914e+00,4.264130294322967529e-01,7.042090892791748047e+00,1.033129405975341797e+01,1.098274517059326172e+01,4.450095072388648987e-02,3.376055136322975159e-02,1.183307990431785583e-01,7.162979990243911743e-02,2.921821475028991699e-01,7.279366254806518555e-02,3.340025544166564941e-01,2.611542940139770508e-01,1.357523798942565918e+00,4.264312982559204102e-01,7.042011737823486328e+00,1.033113574981689453e+01,1.098257350921630859e+01
1.722871398925781250e+02,3.643324226140975952e-02,2.766897715628147125e-02,1.022432371973991394e-01,6.226294487714767456e-02,2.811163961887359619e-01,7.102684676647186279e-02,2.804846167564392090e-01,2.152964919805526733e-01,1.313983798027038574e+00,4.210219681262969971e-01,7.089787006378173828e+00,1.040488433837890625e+01,1.106182479858398438e+01,3.618897870182991028e-02,2.739731222391128540e-02,1.020472198724746704e-01,6.206744536757469177e-02,2.809001505374908447e-01,7.083802670240402222e-02,2.803623676300048828e-01,2.151765674352645874e-01,1.313709378242492676e+00,4.208883345127105713e-01,7.090158939361572266e+00,1.040563201904296875e+01,1.106266689300537109e+01,3.628830239176750183e-02,2.751684747636318207e-02,1.021053344011306763e-01,6.212756410241127014e-02,2.809554934501647949e-01,7.088856399059295654e-02,2.803887128829956055e-01,2.152026444673538208e-01,1.313763141632080078e+00,4.209147989749908447e-01,7.090049266815185547e+00,1.040541172027587891e+01,1.106241893768310547e+01
1.727879791259765625e+02,2.974060364067554474e-02,2.258629351854324341e-02,8.782283216714859009e-02,5.372756347060203552e-02,2.671422958374023438e-01,6.822706758975982666e-02,2.399636656045913696e-01,1.804003119468688965e-01,1.255752086639404297e+00,4.085201025009155273e-01,7.134119987487792969e+00,1.047854137420654297e+01,1.114148902893066406e+01,2.940550819039344788e-02,2.219844236969947815e-02,8.758340030908584595e-02,5.348343774676322937e-02,2.668859660625457764e-01,6.800881028175354004e-02,2.398072779178619385e-01,1.802449226379394531e-01,1.255421042442321777e+00,4.083525538444519043e-01,7.134590625762939453e+00,1.047949600219726562e+01,1.114255714416503906e+01,2.956688404083251953e-02,2.240010164678096771e-02,8.766714483499526978e-02,5.357200279831886292e-02,2.669630050659179688e-01,6.807719171047210693e-02,2.398480623960494995e-01,1.802857071161270142e-01,1.255499362945556641e+00,4.083925485610961914e-01,7.134424686431884766e+00,1.047915840148925781e+01,1.114217662811279297e+01
1.732888183593750000e+02,2.427737228572368622e-02,1.843727752566337585e-02,7.512217015027999878e-02,4.614176973700523376e-02,2.513065040111541748e-01,6.477937847375869751e-02,2.085429280996322632e-01,1.537605822086334229e-01,1.189618945121765137e+00,3.913808763027191162e-01,7.173607826232910156e+00,1.055058002471923828e+01,1.122047901153564453e+01,2.377653680741786957e-02,1.783150807023048401e-02,7.480001449584960938e-02,4.580561816692352295e-02,2.509754598140716553e-01,6.450149416923522949e-02,2.083285152912139893e-01,1.535448580980300903e-01,1.189198017120361328e+00,3.911590874195098877e-01,7.174263000488281250e+00,1.055189800262451172e+01,1.122195148468017578e+01,2.405223064124584198e-02,1.819122210144996643e-02,7.493137568235397339e-02,4.594762995839118958e-02,2.510923743247985840e-01,6.460344791412353516e-02,2.083963751792907715e-01,1.536134630441665649e-01,1.189319968223571777e+00,3.912238776683807373e-01,7.173984050750732422e+00,1.055134201049804688e+01,1.122133255004882812e+01
1.737896423339843750e+02,1.981783472001552582e-02,1.505051273852586746e-02,6.402363628149032593e-02,3.946306183934211731e-02,2.343528419733047485e-01,6.089656800031661987e-02,1.835490614175796509e-01,1.331016570329666138e-01,1.119965195655822754e+00,3.715106546878814697e-01,7.208107471466064453e+00,1.062017059326171875e+01,1.129802513122558594e+01,1.903362199664115906e-02,1.402849331498146057e-02,6.356296688318252563e-02,3.897009044885635376e-02,2.339026927947998047e-01,6.051976233720779419e-02,1.832455843687057495e-01,1.327920258045196533e-01,1.119419455528259277e+00,3.712114393711090088e-01,7.209061145782470703e+00,1.062210464477539062e+01,1.130018424987792969e+01,1.950919441878795624e-02,1.470686588436365128e-02,6.377495080232620239e-02,3.920528665184974670e-02,2.340830415487289429e-01,6.067618727684020996e-02,1.833564192056655884e-01,1.329054683446884155e-01,1.119601845741271973e+00,3.713125586509704590e-01,7.208595275878906250e+00,1.062116527557373047e+01,1.129913806915283203e+01
1.742904815673828125e+02,1.617737114429473877e-02,1.228578947484493256e-02,5.438812449574470520e-02,3.362811729311943054e-02,2.168833017349243164e-01,5.675527453422546387e-02,1.631386131048202515e-01,1.167317330837249756e-01,1.049635887145996094e+00,3.502894341945648193e-01,7.237997055053710938e+00,1.068674468994140625e+01,1.137337875366210938e+01,1.509482506662607193e-02,1.021314319223165512e-02,5.379423126578330994e-02,3.297482430934906006e-02,2.163483947515487671e-01,5.630529299378395081e-02,1.627731770277023315e-01,1.163548082113265991e-01,1.049051284790039062e+00,3.499564230442047119e-01,7.239326000213623047e+00,1.068944263458251953e+01,1.137639999389648438e+01,1.574723236262798309e-02,1.179877761751413345e-02,5.405477061867713928e-02,3.327618911862373352e-02,2.165349423885345459e-01,5.646939948201179504e-02,1.628826260566711426e-01,1.164670735597610474e-01,1.049191832542419434e+00,3.500379025936126709e-01,7.238646030426025391e+00,1.068806362152099609e+01,1.137485980987548828e+01
1.747913208007812500e+02,1.320565771311521530e-02,1.002894248813390732e-02,4.606979340314865112e-02,2.856370806694030762e-02,1.993753314018249512e-01,5.249905213713645935e-02,1.460374891757965088e-01,1.034400463104248047e-01,9.804416894912719727e-01,3.286625742912292480e-01,7.263853549957275391e+00,1.074994182586669922e+01,1.144591522216796875e+01,1.213089283555746078e-02,6.183542311191558838e-03,4.547264426946640015e-02,2.789271995425224304e-02,1.988597214221954346e-01,5.205957591533660889e-02,1.456786096096038818e-01,1.030657440423965454e-01,9.799193739891052246e-01,3.283507823944091797e-01,7.265491008758544922e+00,1.075327777862548828e+01,1.144965171813964844e+01,1.261097099632024765e-02,9.346763603389263153e-03,4.561831429600715637e-02,2.807962335646152496e-02,1.989181488752365112e-01,5.211920291185379028e-02,1.456939429044723511e-01,1.030799597501754761e-01,9.798878431320190430e-01,3.283362686634063721e-01,7.264720439910888672e+00,1.075171756744384766e+01,1.144790172576904297e+01
1.752921600341796875e+02,1.077983900904655457e-02,8.186671882867813110e-03,3.892316296696662903e-02,2.419249527156352997e-02,1.821958422660827637e-01,4.824129492044448853e-02,1.313658207654953003e-01,9.237343817949295044e-02,9.134896397590637207e-01,3.072495758533477783e-01,7.286283969879150391e+00,1.080957317352294922e+01,1.151517963409423828e+01,9.208205156028270721e-03,3.664282616227865219e-03,3.825480118393898010e-02,2.340921014547348022e-02,1.816178411245346069e-01,4.773456603288650513e-02,1.309532374143600464e-01,9.193618595600128174e-02,9.129217863082885742e-01,3.068957626819610596e-01,7.288231849670410156e+00,1.081355762481689453e+01,1.151965045928955078e+01,9.943187236785888672e-03,7.208765018731355667e-03,3.830987215042114258e-02,2.351923845708370209e-02,1.816051751375198364e-01,4.774056747555732727e-02,1.309190392494201660e-01,9.189940243959426880e-02,9.128325581550598145e-01,3.068489432334899902e-01,7.287434101104736328e+00,1.081193923950195312e+01,1.151783084869384766e+01
1.757929840087890625e+02,8.799686096608638763e-03,6.682858802378177643e-03,3.280907869338989258e-02,2.043775655329227448e-02,1.656181961297988892e-01,4.406924173235893250e-02,1.185203269124031067e-01,8.293811231851577759e-02,8.494202494621276855e-01,2.864405810832977295e-01,7.305842876434326172e+00,1.086557865142822266e+01,1.158087635040283203e+01,5.112397018820047379e-03,2.495941706001758575e-03,3.217718750238418579e-02,1.969768293201923370e-02,1.651464998722076416e-01,4.364761710166931152e-02,1.181927248835563660e-01,8.259313553571701050e-02,8.490386605262756348e-01,2.861933708190917969e-01,7.307978153228759766e+00,1.086995983123779297e+01,1.158580112457275391e+01,7.702720351517200470e-03,4.823752678930759430e-03,3.206989169120788574e-02,1.960681565105915070e-02,1.649812161922454834e-01,4.351783171296119690e-02,1.180466189980506897e-01,8.243525773286819458e-02,8.488115072250366211e-01,2.860594689846038818e-01,7.307274341583251953e+00,1.086852264404296875e+01,1.158417797088623047e+01
1.762938232421875000e+02,7.183223031461238861e-03,5.455247592180967331e-03,2.759727649390697479e-02,1.722580008208751678e-02,1.498356461524963379e-01,4.004732891917228699e-02,1.070884987711906433e-01,7.472339272499084473e-02,7.885606884956359863e-01,2.664660513401031494e-01,7.323003768920898438e+00,1.091799163818359375e+01,1.164285469055175781e+01,2.361862221732735634e-03,1.664528623223304749e-03,2.717901766300201416e-02,1.670664735138416290e-02,1.495070457458496094e-01,3.974163159728050232e-02,1.068556234240531921e-01,7.447121292352676392e-02,7.883012890815734863e-01,2.662852704524993896e-01,7.325070858001708984e+00,1.092224884033203125e+01,1.164764118194580078e+01,6.012600846588611603e-03,2.107449807226657867e-03,2.691945619881153107e-02,1.648353599011898041e-02,1.492363512516021729e-01,3.951616957783699036e-02,1.066322177648544312e-01,7.423619180917739868e-02,7.879780530929565430e-01,2.660792171955108643e-01,7.324671268463134766e+00,1.092143249511718750e+01,1.164672565460205078e+01
1.767946624755859375e+02,5.863696336746215820e-03,4.453142639249563217e-03,2.316919341683387756e-02,1.448830775916576385e-02,1.349784880876541138e-01,3.622159734368324280e-02,9.679094702005386353e-02,6.744835525751113892e-02,7.310458421707153320e-01,2.474528998136520386e-01,7.338152408599853516e+00,1.096690082550048828e+01,1.170106887817382812e+01,1.365675823763012886e-03,1.173561206087470055e-03,2.271920070052146912e-02,1.386892795562744141e-02,1.346004456281661987e-01,3.585502505302429199e-02,9.651560336351394653e-02,6.714294105768203735e-02,7.307316660881042480e-01,2.472271621227264404e-01,7.340135574340820312e+00,1.097100543975830078e+01,1.170569419860839844e+01,4.481907002627849579e-03,8.120626443997025490e-04,2.234726399183273315e-02,1.341759040951728821e-02,1.342691630125045776e-01,3.555750101804733276e-02,9.626241028308868408e-02,6.687194108963012695e-02,7.304814457893371582e-01,2.470793128013610840e-01,7.340064525604248047e+00,1.097086143493652344e+01,1.170552635192871094e+01
1.772954864501953125e+02,4.786589648574590683e-03,3.635141765698790550e-03,1.941797323524951935e-02,1.216280646622180939e-02,1.211249604821205139e-01,3.262269124388694763e-02,8.743761479854583740e-02,6.092116609215736389e-02,6.768860220909118652e-01,2.294589877128601074e-01,7.351597309112548828e+00,1.101243209838867188e+01,1.175555133819580078e+01,9.631381253711879253e-04,8.983777370303869247e-04,1.881337910890579224e-02,1.087297219783067703e-02,1.206452623009681702e-01,3.214015439152717590e-02,8.709462732076644897e-02,6.054214760661125183e-02,6.765221953392028809e-01,2.291941195726394653e-01,7.353582859039306641e+00,1.101655960083007812e+01,1.176020526885986328e+01,6.987815722823143005e-04,5.159626016393303871e-04,1.889005675911903381e-02,1.157604064792394638e-02,1.207094863057136536e-01,3.223583474755287170e-02,8.713103830814361572e-02,6.058589369058609009e-02,6.765692234039306641e-01,2.292304784059524536e-01,7.353500366210937500e+00,1.101638507843017578e+01,1.176000404357910156e+01
1.777963256835937500e+02,3.907313570380210876e-03,2.967381384223699570e-03,1.624818891286849976e-02,1.019286364316940308e-02,1.083109676837921143e-01,2.926852367818355560e-02,7.889736443758010864e-02,5.501027777791023254e-02,6.260117292404174805e-01,2.124966830015182495e-01,7.363584041595458984e+00,1.105474090576171875e+01,1.180639839172363281e+01,7.658760296180844307e-04,7.271040230989456177e-04,1.559542398899793625e-02,7.544507738202810287e-03,1.078772470355033875e-01,2.881850488483905792e-02,7.859766483306884766e-02,5.468398332595825195e-02,6.257320642471313477e-01,2.122875154018402100e-01,7.365548133850097656e+00,1.105883789062500000e+01,1.181101894378662109e+01,3.939907037420198321e-05,6.790229963371530175e-05,1.573776081204414368e-02,9.599869139492511749e-03,1.078690513968467712e-01,2.884165942668914795e-02,7.856198400259017944e-02,5.463233590126037598e-02,6.256616711616516113e-01,2.122338116168975830e-01,7.365434646606445312e+00,1.105860042572021484e+01,1.181075096130371094e+01
1.782971649169921875e+02,3.189555834978818893e-03,2.422285499051213264e-03,1.357604656368494034e-02,8.528475649654865265e-03,9.654198586940765381e-02,2.616754919290542603e-02,7.107894867658615112e-02,4.962570965290069580e-02,5.783156752586364746e-01,1.965529471635818481e-01,7.374305725097656250e+00,1.109399032592773438e+01,1.185373973846435547e+01,6.498252623714506626e-04,6.072340765967965126e-04,1.287050545215606689e-02,5.006765015423297882e-03,9.620553255081176758e-02,2.580573968589305878e-02,7.084726542234420776e-02,4.936834797263145447e-02,5.781112909317016602e-01,1.963910013437271118e-01,7.376163959503173828e+00,1.109788036346435547e+01,1.185812854766845703e+01,2.801790969897410832e-06,4.984741735825082287e-06,1.289284881204366684e-02,7.719604764133691788e-03,9.598165750503540039e-02,2.561251632869243622e-02,7.065694779157638550e-02,4.914695024490356445e-02,5.778898596763610840e-01,1.962254047393798828e-01,7.376113414764404297e+00,1.109777545928955078e+01,1.185800743103027344e+01
1.787980041503906250e+02,2.603647066280245781e-03,1.977321226149797440e-03,1.132816635072231293e-02,7.125510834157466888e-03,8.579913526773452759e-02,2.332055382430553436e-02,6.391584873199462891e-02,4.470430314540863037e-02,5.336666107177734375e-01,1.815983355045318604e-01,7.383917331695556641e+00,1.113034820556640625e+01,1.189772891998291016e+01,5.701918853446841240e-04,5.157155683264136314e-04,1.047368906438350677e-02,3.562720492482185364e-03,8.543326705694198608e-02,2.290978841483592987e-02,6.366009265184402466e-02,4.440984874963760376e-02,5.334347486495971680e-01,1.814073175191879272e-01,7.385682106018066406e+00,1.113405704498291016e+01,1.190191745758056641e+01,8.510195357303018682e-07,7.009408591329702176e-07,1.041857060045003891e-02,5.949465092271566391e-03,8.513228595256805420e-02,2.263570390641689301e-02,6.342919915914535522e-02,4.415381327271461487e-02,5.332170724868774414e-01,1.812475174665451050e-01,7.385713100433349609e+00,1.113413143157958984e+01,1.190200042724609375e+01
1.792988281250000000e+02,2.125380560755729675e-03,1.614105072803795338e-03,9.440853260457515717e-03,5.945423617959022522e-03,7.604634761810302734e-02,2.072270773351192474e-02,5.735723301768302917e-02,4.020052403211593628e-02,4.919246137142181396e-01,1.675951182842254639e-01,7.392544269561767578e+00,1.116398429870605469e+01,1.193853378295898438e+01,5.114267114549875259e-04,4.429469699971377850e-04,8.003663271665573120e-03,2.768331440165638924e-03,7.555703818798065186e-02,2.014847658574581146e-02,5.702454596757888794e-02,3.981858119368553162e-02,4.916385114192962646e-01,1.673565059900283813e-01,7.394309997558593750e+00,1.116770744323730469e+01,1.194274425506591797e+01,3.019763994416280184e-07,2.009536785863019759e-07,8.423941209912300110e-03,3.800991456955671310e-03,7.541143149137496948e-02,2.004554867744445801e-02,5.691435188055038452e-02,3.971195220947265625e-02,4.915649890899658203e-01,1.673106253147125244e-01,7.394323348999023438e+00,1.116774082183837891e+01,1.194278144836425781e+01
1.797996673583984375e+02,1.734956167638301849e-03,1.317600021138787270e-03,7.858936674892902374e-03,4.954636562615633011e-03,6.723450869321823120e-02,1.836479082703590393e-02,5.136099085211753845e-02,3.607945144176483154e-02,4.529441595077514648e-01,1.545001566410064697e-01,7.400290012359619141e+00,1.119506359100341797e+01,1.197633075714111328e+01,4.664140287786722183e-04,3.834095259662717581e-04,5.153746344149112701e-03,2.266936004161834717e-03,6.676906347274780273e-02,1.781054213643074036e-02,5.105950310826301575e-02,3.574215993285179138e-02,4.527156651020050049e-01,1.543056070804595947e-01,7.402046680450439453e+00,1.119878196716308594e+01,1.198053359985351562e+01,1.118662993349062162e-07,7.094599396850753692e-08,6.828126497566699982e-03,1.733608776703476906e-03,6.674795597791671753e-02,1.784464158117771149e-02,5.101590976119041443e-02,3.568944334983825684e-02,4.526674449443817139e-01,1.542682945728302002e-01,7.402023315429687500e+00,1.119873142242431641e+01,1.198047924041748047e+01
1.803005065917968750e+02,1.416251179762184620e-03,1.075561856850981712e-03,6.535155232995748520e-03,4.124255850911140442e-03,5.930739641189575195e-02,1.623494923114776611e-02,4.589099809527397156e-02,3.231334313750267029e-02,4.165854454040527344e-01,1.422701776027679443e-01,7.407242774963378906e+00,1.122374820709228516e+01,1.201128959655761719e+01,4.250428173691034317e-04,3.314178902655839920e-04,3.104776144027709961e-03,1.798368990421295166e-03,5.894158408045768738e-02,1.577814854681491852e-02,4.565791785717010498e-02,3.204525634646415710e-02,4.164198935031890869e-01,1.421214938163757324e-01,7.408895015716552734e+00,1.122725486755371094e+01,1.201526069641113281e+01,4.237676165530501748e-08,2.644670971108098456e-08,5.403814371675252914e-03,7.594479247927665710e-04,5.881595239043235779e-02,1.570401340723037720e-02,4.553174227476119995e-02,3.189359605312347412e-02,4.162900745868682861e-01,1.420104950666427612e-01,7.408934116363525391e+00,1.122733592987060547e+01,1.201535129547119141e+01
1.808013305664062500e+02,1.156099373474717140e-03,8.779914933256804943e-04,5.429042037576436996e-03,3.429439850151538849e-03,5.220408737659454346e-02,1.431941427290439606e-02,4.091405496001243591e-02,2.887842059135437012e-02,3.827126026153564453e-01,1.308619678020477295e-01,7.413476943969726562e+00,1.125018882751464844e+01,1.204358577728271484e+01,3.822827420663088560e-04,2.845396811608225107e-04,2.060032915323972702e-03,1.414008089341223240e-03,5.184594169259071350e-02,1.382599025964736938e-02,4.068725556135177612e-02,2.860503830015659332e-02,3.825541138648986816e-01,1.307138055562973022e-01,7.414996623992919922e+00,1.125341892242431641e+01,1.204724502563476562e+01,1.619407363762093155e-08,1.004629979206583812e-08,4.221508279442787170e-03,4.261490248609334230e-04,5.154038965702056885e-02,1.356326788663864136e-02,4.043673351407051086e-02,2.830305136740207672e-02,3.823336362838745117e-01,1.305197328329086304e-01,7.415178775787353516e+00,1.125381469726562500e+01,1.204769229888916016e+01
1.813021697998046875e+02,9.437298285774886608e-04,7.167088915593922138e-04,4.505990073084831238e-03,2.848866861313581467e-03,4.586090520024299622e-02,1.260315719991922379e-02,3.639809787273406982e-02,2.575288712978363037e-02,3.511915206909179688e-01,1.202322766184806824e-01,7.419061660766601562e+00,1.127453517913818359e+01,1.207338333129882812e+01,3.396293614059686661e-04,2.428847947157919407e-04,1.522371778264641762e-03,1.136573962867259979e-03,4.543011263012886047e-02,1.193049643188714981e-02,3.613654151558876038e-02,2.543059177696704865e-02,3.510156273841857910e-01,1.200647056102752686e-01,7.420468330383300781e+00,1.127753162384033203e+01,1.207678508758544922e+01,6.209752267949397719e-09,3.843312335050086403e-09,1.969261793419718742e-03,4.677174438256770372e-04,4.513061791658401489e-02,1.188840437680482864e-02,3.598039969801902771e-02,2.531852573156356812e-02,3.509557843208312988e-01,1.200308576226234436e-01,7.420738697052001953e+00,1.127811050415039062e+01,1.207743835449218750e+01
1.818030090332031250e+02,7.703713490627706051e-04,5.850529996678233147e-04,3.736680839210748672e-03,2.364417072385549545e-03,4.021472856402397156e-02,1.107085123658180237e-02,3.231243044137954712e-02,2.291656844317913055e-02,3.218963146209716797e-01,1.103401780128479004e-01,7.424054145812988281e+00,1.129692745208740234e+01,1.210084533691406250e+01,2.980692370329052210e-04,2.061481063719838858e-04,1.210685702972114086e-03,9.349572937935590744e-04,3.967257589101791382e-02,1.007782947272062302e-02,3.201412037014961243e-02,2.255129441618919373e-02,3.217110037803649902e-01,1.101616024971008301e-01,7.425378322601318359e+00,1.129975891113281250e+01,1.210405921936035156e+01,2.384261232890594329e-09,1.474327104844519454e-09,2.183215256081894040e-04,1.907665282487869263e-04,3.985692560672760010e-02,1.065883971750736237e-02,3.207357972860336304e-02,2.263293042778968811e-02,3.217453062534332275e-01,1.101947948336601257e-01,7.425607681274414062e+00,1.130024337768554688e+01,1.210460758209228516e+01
1.823038330078125000e+02,6.288617732934653759e-04,4.775845736730843782e-04,3.096260596066713333e-03,1.960687106475234032e-03,3.520372882485389709e-02,9.707158431410789490e-03,2.862697094678878784e-02,2.035002037882804871e-02,2.947058081626892090e-01,1.011462658643722534e-01,7.428510665893554688e+00,1.131749820709228516e+01,1.212612247467041016e+01,2.583521418273448944e-04,1.739091385388746858e-04,1.008694409392774105e-03,7.826095679774880409e-04,3.455808386206626892e-02,8.281867951154708862e-03,2.832276374101638794e-02,1.998371258378028870e-02,2.945350706577301025e-01,1.009797006845474243e-01,7.429768562316894531e+00,1.132019710540771484e+01,1.212918472290039062e+01,9.159043523609966542e-10,5.661683344371226667e-10,1.290632644668221474e-05,2.122676778526511043e-05,3.481077402830123901e-02,9.229286573827266693e-03,2.836525067687034607e-02,2.002978883683681488e-02,2.945443987846374512e-01,1.009869426488876343e-01,7.429926872253417969e+00,1.132053661346435547e+01,1.212956714630126953e+01
1.828046722412109375e+02,5.133428494445979595e-04,3.898545692209154367e-04,2.563670044764876366e-03,1.624591415748000145e-03,3.076801076531410217e-02,8.496958762407302856e-03,2.531191147863864899e-02,1.803409121930599213e-02,2.695011794567108154e-01,9.261177480220794678e-02,7.432480335235595703e+00,1.133637428283691406e+01,1.214936447143554688e+01,2.212597173638641834e-04,1.458166952943429351e-04,8.648077491670846939e-04,6.626694230362772942e-04,3.006147034466266632e-02,6.630703341215848923e-03,2.503863349556922913e-02,1.770524494349956512e-02,2.693623900413513184e-01,9.247365593910217285e-02,7.433670520782470703e+00,1.133893108367919922e+01,1.215226650238037109e+01,3.518953739511943013e-10,2.174975061164374779e-10,2.202468294854043052e-06,2.360315647820243612e-06,3.030586056411266327e-02,7.924978621304035187e-03,2.501481212675571442e-02,1.766970567405223846e-02,2.693250477313995361e-01,9.243554621934890747e-02,7.433757305145263672e+00,1.133911418914794922e+01,1.215247917175292969e+01
1.833055114746093750e+02,4.190441977698355913e-04,3.182401123922318220e-04,2.121205441653728485e-03,1.345105702057480812e-03,2.685125358402729034e-02,7.425853982567787170e-03,2.233851328492164612e-02,1.595033146440982819e-02,2.461702823638916016e-01,8.470021188259124756e-02,7.436008930206298828e+00,1.135367584228515625e+01,1.217070960998535156e+01,1.874871522886678576e-04,1.215809315908700228e-04,7.534108590334653854e-04,5.647805519402027130e-04,2.612674236297607422e-02,5.240575410425662994e-03,2.210837602615356445e-02,1.566284336149692535e-02,2.460626065731048584e-01,8.458958566188812256e-02,7.437121391296386719e+00,1.135606765747070312e+01,1.217342662811279297e+01,1.352084277872478424e-10,8.356519642926940605e-11,7.669091246498282999e-07,5.337523703019542154e-07,2.633377909660339355e-02,6.770573556423187256e-03,2.201497182250022888e-02,1.555260177701711655e-02,2.459852248430252075e-01,8.451217412948608398e-02,7.437164783477783203e+00,1.135616111755371094e+01,1.217353439331054688e+01
1.838063507080078125e+02,3.420676803216338158e-04,2.597808779682964087e-04,1.753953401930630207e-03,1.112923840992152691e-03,2.340052276849746704e-02,6.480163428932428360e-03,1.967880874872207642e-02,1.408069580793380737e-02,2.246042340993881226e-01,7.737616449594497681e-02,7.439138889312744141e+00,1.136951541900634766e+01,1.219028949737548828e+01,1.574478228576481342e-04,1.008816398098133504e-04,6.609000265598297119e-04,4.825140349566936493e-04,2.267817780375480652e-02,4.161172546446323395e-03,1.947562955319881439e-02,1.380459126085042953e-02,2.245143800973892212e-01,7.728005200624465942e-02,7.440167427062988281e+00,1.137173652648925781e+01,1.219281482696533203e+01,5.195200172836145214e-11,3.210833682265601396e-11,2.788916901863558451e-07,1.790356520814384567e-07,2.283088676631450653e-02,5.734305363148450851e-03,1.933534629642963409e-02,1.365853846073150635e-02,2.244156599044799805e-01,7.718160003423690796e-02,7.440193653106689453e+00,1.137179851531982422e+01,1.219288253784179688e+01
1.843071746826171875e+02,2.792331215459853411e-04,2.120616118190810084e-04,1.449399045668542385e-03,9.202216751873493195e-04,2.036677673459053040e-02,5.647096317261457443e-03,1.730597205460071564e-02,1.240776386111974716e-02,2.046985328197479248e-01,7.060568779706954956e-02,7.441909790039062500e+00,1.138400077819824219e+01,1.220823097229003906e+01,1.312802778556942940e-04,8.337763574672862887e-05,5.801457446068525314e-04,4.120088124182075262e-04,1.964264549314975739e-02,3.360447473824024200e-03,1.710151694715023041e-02,1.209188625216484070e-02,2.046112865209579468e-01,7.050918042659759521e-02,7.442866802215576172e+00,1.138606452941894531e+01,1.221057796478271484e+01,1.996256805691931646e-11,1.233757540575197709e-11,1.048829645355908724e-07,6.573946365051597240e-08,1.974484883248806000e-02,4.789570346474647522e-03,1.695144176483154297e-02,1.197525486350059509e-02,2.045136392116546631e-01,7.041256874799728394e-02,7.442889690399169922e+00,1.138611698150634766e+01,1.221063709259033203e+01
1.848080139160156250e+02,2.279392356285825372e-04,1.731068186927586794e-04,1.197024947032332420e-03,7.604131824336946011e-04,1.770459674298763275e-02,4.914714954793453217e-03,1.519419439136981964e-02,1.091464329510927200e-02,1.863506287336349487e-01,6.435542553663253784e-02,7.444357395172119141e+00,1.139723205566406250e+01,1.222465133666992188e+01,1.088541102944873273e-04,6.869358185213059187e-05,5.075191729702055454e-04,3.508957743179053068e-04,1.696034520864486694e-02,2.773498883470892906e-03,1.496574934571981430e-02,1.049040816724300385e-02,1.862558126449584961e-01,6.424828618764877319e-02,7.445259571075439453e+00,1.139918136596679688e+01,1.222686386108398438e+01,7.670415518024054080e-12,4.740581191486903379e-12,3.998273356842219073e-08,2.484265948510255839e-08,1.703345403075218201e-02,3.911759704351425171e-03,1.484391093254089355e-02,1.049477234482765198e-02,1.861793994903564453e-01,6.417515128850936890e-02,7.445271968841552734e+00,1.139921569824218750e+01,1.222690486907958984e+01
1.853088531494140625e+02,1.860677730292081833e-04,1.413078425684943795e-04,9.880546713247895241e-04,6.279936642386019230e-04,1.537271961569786072e-02,4.272105172276496887e-03,1.331925950944423676e-02,9.585361927747726440e-03,1.694634258747100830e-01,5.859382450580596924e-02,7.446515083312988281e+00,1.140930557250976562e+01,1.223966407775878906e+01,8.989113848656415939e-05,5.646416684612631798e-05,4.414878785610198975e-04,2.977697877213358879e-04,1.458803657442331314e-02,2.339347498491406441e-03,1.306010782718658447e-02,8.967801928520202637e-03,1.693580597639083862e-01,5.847309902310371399e-02,7.447380065917968750e+00,1.141118335723876953e+01,1.224179935455322266e+01,2.947282175258525427e-12,1.821520798778175632e-12,1.532020732497585414e-08,9.487286511955517199e-09,1.466655544936656952e-02,3.083610907196998596e-03,1.299610175192356110e-02,9.206296876072883606e-03,1.693164557218551636e-01,5.843822658061981201e-02,7.447373867034912109e+00,1.141117000579833984e+01,1.224178123474121094e+01
1.858096771240234375e+02,1.518888457212597132e-04,1.153509074356406927e-04,8.151499787345528603e-04,5.183541215956211090e-04,1.333361584693193436e-02,3.709282027557492256e-03,1.165838446468114853e-02,8.404780179262161255e-03,1.539433598518371582e-01,5.329043790698051453e-02,7.448412895202636719e+00,1.142030906677246094e+01,1.225337219238281250e+01,7.400986942229792476e-05,4.633199569070711732e-05,3.814693773165345192e-04,2.516572712920606136e-04,1.249263528734445572e-02,2.012270502746105194e-03,1.137223094701766968e-02,7.514888420701026917e-03,1.538310050964355469e-01,5.316005647182464600e-02,7.449265480041503906e+00,1.142215824127197266e+01,1.225547504425048828e+01,1.132497524578002235e-12,6.999220539087580573e-13,5.881594322687533349e-09,3.637633971820264378e-09,1.262174639850854874e-02,2.311467193067073822e-03,1.138569507747888565e-02,8.088330738246440887e-03,1.538271158933639526e-01,5.316606536507606506e-02,7.449217319488525391e+00,1.142205429077148438e+01,1.225536060333251953e+01
1.863105163574218750e+02,1.239874982275068760e-04,9.416141983820125461e-05,6.721716490574181080e-04,4.276336985640227795e-04,1.155317388474941254e-02,3.217124380171298981e-03,1.019016653299331665e-02,7.358559872955083847e-03,1.396990418434143066e-01,4.841548204421997070e-02,7.450079917907714844e+00,1.143032646179199219e+01,1.226587677001953125e+01,6.079701415728777647e-05,3.796676173806190491e-05,3.273027250543236732e-04,2.118007832905277610e-04,1.063718926161527634e-02,1.762128435075283051e-03,9.869839996099472046e-03,6.170615088194608688e-03,1.395865380764007568e-01,4.828301444649696350e-02,7.450932025909423828e+00,1.143217658996582031e+01,1.226797962188720703e+01,4.351512368754723026e-13,2.689382462388312245e-13,2.259524123360279191e-09,1.396790016983118221e-09,1.086987182497978210e-02,1.637856476008892059e-03,9.977370500564575195e-03,7.108151447027921677e-03,1.396120637655258179e-01,4.832013696432113647e-02,7.450827121734619141e+00,1.143195152282714844e+01,1.226772785186767578e+01
1.868113555908203125e+02,1.012115462799556553e-04,7.686439494136720896e-05,5.540174315683543682e-04,3.526198270265012980e-04,1.000087894499301910e-02,2.787437755614519119e-03,8.894906379282474518e-03,6.433417089283466339e-03,1.266443282365798950e-01,4.394080489873886108e-02,7.451539993286132812e+00,1.143943595886230469e+01,1.227727127075195312e+01,4.986503336112946272e-05,3.108324381173588336e-05,2.790098951663821936e-04,1.775852288119494915e-04,8.978288620710372925e-03,1.570512657053768635e-03,8.507039397954940796e-03,5.005373153835535049e-03,1.265368908643722534e-01,4.381205514073371887e-02,7.452396392822265625e+00,1.144129753112792969e+01,1.227939414978027344e+01,1.672026774847401587e-13,1.033369285865885778e-13,8.682611296606523865e-10,5.366433408759974100e-10,9.368414990603923798e-03,1.118137151934206486e-03,8.730741217732429504e-03,6.232839077711105347e-03,1.265783458948135376e-01,4.386577755212783813e-02,7.452227115631103516e+00,1.144093132019042969e+01,1.227897834777832031e+01
1.873121795654296875e+02,8.261996845249086618e-05,6.274514453252777457e-05,4.564367409329861403e-04,2.906330628320574760e-04,8.649360388517379761e-03,2.412842586636543274e-03,7.754431571811437607e-03,5.617015529423952103e-03,1.146966069936752319e-01,3.983939066529273987e-02,7.452817440032958984e+00,1.144771289825439453e+01,1.228764152526855469e+01,4.085334512637928128e-05,2.543103619245812297e-05,2.364822285016998649e-04,1.484056265326216817e-04,7.481249980628490448e-03,1.424082554876804352e-03,7.246938534080982208e-03,4.065650049597024918e-03,1.145961061120033264e-01,3.971647843718528748e-02,7.453681945800781250e+00,1.144959163665771484e+01,1.228977870941162109e+01,6.424788273010767492e-14,3.970737651984475314e-14,3.336851905899607118e-10,2.062258003254768823e-10,8.073821663856506348e-03,7.680343114770948887e-04,7.617680355906486511e-03,5.442800931632518768e-03,1.146421208977699280e-01,3.977517038583755493e-02,7.453444957733154297e+00,1.144907379150390625e+01,1.228919315338134766e+01
1.878130187988281250e+02,6.744305574102327228e-05,5.121914728078991175e-05,3.758863895200192928e-04,2.394376351730898023e-04,7.474062498658895493e-03,2.086694585159420967e-03,6.751982495188713074e-03,4.897904116660356522e-03,1.037760525941848755e-01,3.608502075076103210e-02,7.453932762145996094e+00,1.145522499084472656e+01,1.229707050323486328e+01,3.344066499266773462e-05,2.079503974528051913e-05,1.994232443394139409e-04,1.236570824403315783e-04,6.130566820502281189e-03,1.309774350374937057e-03,6.087524816393852234e-03,3.344098571687936783e-03,1.036845743656158447e-01,3.597105294466018677e-02,7.454797267913818359e+00,1.145710945129394531e+01,1.229922199249267578e+01,2.468662955805965564e-14,1.525717588022040133e-14,1.282405709401857052e-10,7.925392286889376692e-11,6.952974013984203339e-03,5.511048366315662861e-04,6.626018788665533066e-03,4.732635803520679474e-03,1.037265956401824951e-01,3.602526336908340454e-02,7.454496383666992188e+00,1.145645236968994141e+01,1.229846858978271484e+01
1.883138580322265625e+02,5.505406807060353458e-05,4.181041731499135494e-05,3.094307030551135540e-04,1.971794117707759142e-04,6.453252397477626801e-03,1.803094870410859585e-03,5.872376263141632080e-03,4.265653900802135468e-03,9.380777925252914429e-02,3.265305235981941223e-02,7.454904556274414062e+00,1.146203517913818359e+01,1.230563545227050781e+01,2.735663838393520564e-05,1.699807580735068768e-05,1.674272061791270971e-04,1.027753314701840281e-04,4.927134606987237930e-03,1.213775714859366417e-03,5.068214610219001770e-03,2.798262750729918480e-03,9.372960031032562256e-02,3.255394846200942993e-02,7.455761909484863281e+00,1.146390056610107422e+01,1.230776500701904297e+01,9.485599256748005609e-15,5.862423024647787570e-15,4.928550276228627069e-11,3.045864949147158995e-11,5.981402471661567688e-03,4.165634745731949806e-04,5.748915951699018478e-03,4.100821912288665771e-03,9.376029670238494873e-02,3.259481862187385559e-02,7.455409526824951172e+00,1.146313190460205078e+01,1.230688762664794922e+01
1.888146972656250000e+02,4.494087625062093139e-05,3.413002559682354331e-05,2.546301111578941345e-04,1.623161952011287212e-04,5.567608866840600967e-03,1.556783565320074558e-03,5.101792979985475540e-03,3.710720455273985863e-03,8.472037315368652344e-02,2.951990999281406403e-02,7.455750942230224609e+00,1.146820354461669922e+01,1.231340694427490234e+01,2.236863110738340765e-05,1.389020417263964191e-05,1.399901375407353044e-04,8.522200369043275714e-05,3.886895254254341125e-03,1.122047426179051399e-03,4.227302502840757370e-03,2.379916841164231300e-03,8.465837687253952026e-02,2.943980135023593903e-02,7.456583976745605469e+00,1.147001171112060547e+01,1.231546306610107422e+01,3.644750161266785068e-15,2.252579302895589032e-15,1.894151502312979574e-11,1.170589927074194847e-11,5.139018408954143524e-03,3.279024676885455847e-04,4.977746866643428802e-03,3.543187165632843971e-03,8.467374742031097412e-02,2.946212887763977051e-02,7.456203460693359375e+00,1.146918582916259766e+01,1.231451988220214844e+01
1.893155212402343750e+02,3.668565477710217237e-05,2.786065851978491992e-05,2.094626543112099171e-04,1.335686974925920367e-04,4.800059832632541656e-03,1.343101379461586475e-03,4.427758976817131042e-03,3.224447835236787796e-03,7.644653320312500000e-02,2.666331827640533447e-02,7.456485748291015625e+00,1.147378540039062500e+01,1.232045078277587891e+01,1.828344466048292816e-05,1.134809463110286742e-05,1.166087968158535659e-04,7.051879947539418936e-05,3.032116452232003212e-03,1.024408149532973766e-03,3.559539327397942543e-03,2.048635855317115784e-03,7.640025764703750610e-02,2.660215087234973907e-02,7.457268714904785156e+00,1.147548866271972656e+01,1.232239246368408203e+01,1.400500792132731639e-15,8.655571342942782603e-16,7.279867680898277627e-12,4.498969773114591675e-12,4.408665467053651810e-03,2.650520182214677334e-04,4.302144050598144531e-03,3.053065156564116478e-03,7.640038430690765381e-02,2.660566754639148712e-02,7.456887245178222656e+00,1.147466087341308594e+01,1.232144832611083984e+01
1.898163604736328125e+02,2.994665373989846557e-05,2.274277358083054423e-05,1.722488814266398549e-04,1.098735301638953388e-04,4.135470837354660034e-03,1.157907885499298573e-03,3.838982665911316872e-03,2.798963338136672974e-03,6.892205029726028442e-02,2.406194619834423065e-02,7.457122802734375000e+00,1.147883129119873047e+01,1.232682991027832031e+01,1.493875970481894910e-05,9.268870599044021219e-06,9.679789218353107572e-05,5.824030085932463408e-05,2.366817090660333633e-03,9.194345911964774132e-04,3.028984647244215012e-03,1.775245880708098412e-03,6.888898462057113647e-02,2.401699498295783997e-02,7.457843780517578125e+00,1.148039817810058594e+01,1.232861614227294922e+01,5.381289252366031756e-16,3.325819545554642735e-16,2.797821002653577693e-12,1.729056893322311605e-12,3.775661345571279526e-03,2.178362919948995113e-04,3.711553290486335754e-03,2.622946863994002342e-03,6.887630373239517212e-02,2.400438673794269562e-02,7.457485198974609375e+00,1.147961616516113281e+01,1.232772159576416016e+01
1.903171997070312500e+02,2.444557503622490913e-05,1.856501694419421256e-05,1.416018640156835318e-04,9.035190305439755321e-05,3.560583572834730148e-03,9.975673165172338486e-04,3.325389698147773743e-03,2.427215455099940300e-03,6.208726763725280762e-02,2.169592678546905518e-02,7.457674503326416016e+00,1.148338890075683594e+01,1.233260059356689453e+01,1.220311332872370258e-05,7.569562512799166143e-06,8.012201578821986914e-05,4.802442708751186728e-05,1.867028186097741127e-03,8.127119508571922779e-04,2.599313389509916306e-03,1.542265294119715691e-03,6.206429377198219299e-02,2.166366204619407654e-02,7.458323478698730469e+00,1.148480319976806641e+01,1.233421039581298828e+01,2.067708538805825610e-16,1.277914107660030633e-16,1.075267262382051392e-12,6.645164019741800487e-13,3.227445296943187714e-03,1.809485256671905518e-04,3.196184523403644562e-03,2.245420822873711586e-03,6.204193457961082458e-02,2.163856476545333862e-02,7.457997798919677734e+00,1.148409652709960938e+01,1.233340740203857422e+01
1.908180236816406250e+02,1.995509956032037735e-05,1.515475833002710715e-05,1.163731503766030073e-04,7.427561649819836020e-05,5.708394050598144531e-01,1.057783484458923340e+00,7.896247506141662598e-01,1.924266666173934937e-01,9.319564700126647949e-02,2.180839888751506805e-02,7.458333969116210938e+00,1.148751258850097656e+01,1.233781814575195312e+01,9.887631676974706352e-06,6.147804469947004691e-06,5.935618537478148937e-05,3.751159965759143233e-05,5.632040500640869141e-01,1.044664502143859863e+00,7.797539234161376953e-01,1.878974288702011108e-01,8.981656283140182495e-02,1.663485541939735413e-02,7.466051101684570312e+00,1.150437736511230469e+01,1.235705661773681641e+01,7.945202132469839302e-17,4.910404843443848992e-17,4.132618455342934594e-13,2.553963442640527770e-13,5.631050467491149902e-01,1.044494628906250000e+00,7.796252369880676270e-01,1.878454089164733887e-01,8.980142325162887573e-02,1.634533144533634186e-02,7.466203689575195312e+00,1.150471210479736328e+01,1.235743427276611328e+01
1.913188629150390625e+02,1.628944482945371419e-05,1.237090236827498302e-05,9.561177284922450781e-05,6.104131171014159918e-05,6.956032514572143555e-01,4.307003915309906006e-01,8.643172979354858398e-01,4.146187901496887207e-01,2.616319060325622559e-01,4.433800280094146729e-02,7.463677406311035156e+00,1.149184989929199219e+01,1.234264755249023438e+01,8.075698133325204253e-06,5.021251126891002059e-06,4.939096106681972742e-05,3.101967013208195567e-05,6.854936480522155762e-01,4.234694540500640869e-01,8.521802425384521484e-01,4.075954258441925049e-01,2.565200030803680420e-01,3.404523059725761414e-02,7.472836017608642578e+00,1.151186180114746094e+01,1.236547374725341797e+01,3.052867214943333709e-17,1.886775816176304642e-17,1.588260230798999029e-13,9.815467937133309784e-14,6.803249120712280273e-01,4.197735190391540527e-01,8.459548354148864746e-01,4.039779603481292725e-01,2.537424564361572266e-01,3.059475496411323547e-02,7.477241516113281250e+00,1.152149295806884766e+01,1.237646389007568359e+01
1.918197021484375000e+02,1.329715087194927037e-05,1.009842617349931970e-05,7.853294664528220892e-05,5.015077840653248131e-05,6.456340551376342773e-01,2.440230995416641235e-01,7.530153393745422363e-01,4.706910848617553711e-01,4.732093214988708496e-01,9.275507181882858276e-02,7.482887268066406250e+00,1.149911499023437500e+01,1.234808826446533203e+01,6.600889719265978783e-06,4.102534603589447215e-06,4.123937105759978294e-05,2.568377567513380200e-05,6.427524685859680176e-01,2.423342019319534302e-01,7.498698830604553223e-01,4.684197902679443359e-01,4.711589813232421875e-01,9.110102057456970215e-02,7.485308170318603516e+00,1.150442028045654297e+01,1.235412693023681641e+01,1.173034835546860437e-17,7.249753341188331496e-18,6.104050099577096322e-14,3.772310019694788408e-14,6.330599784851074219e-01,2.367874830961227417e-01,7.388488650321960449e-01,4.606609046459197998e-01,4.633591771125793457e-01,8.644451200962066650e-02,7.493546962738037109e+00,1.152231311798095703e+01,1.237454414367675781e+01
1.923205413818359375e+02,1.085452549887122586e-05,8.243392585427500308e-06,6.448815838666632771e-05,4.119207005714997649e-05,5.625996589660644531e-01,1.755390465259552002e-01,6.349014043807983398e-01,4.434563517570495605e-01,6.554271578788757324e-01,1.497218161821365356e-01,7.518713474273681641e+00,1.151270008087158203e+01,1.235638618469238281e+01,5.401296220952644944e-06,3.354163254698505625e-06,3.486733112367801368e-05,2.138923082384280860e-05,5.625241398811340332e-01,1.754928827285766602e-01,6.348284482955932617e-01,4.433964192867279053e-01,6.553607583045959473e-01,1.496813595294952393e-01,7.518785953521728516e+00,1.151286411285400391e+01,1.235657119750976562e+01,4.507273243396333126e-18,2.785647758828996949e-18,2.345927204122459642e-14,1.449785658278607281e-14,5.588594079017639160e-01,1.734004616737365723e-01,6.308730244636535645e-01,4.402940869331359863e-01,6.513751745223999023e-01,1.475884169340133667e-01,7.522154808044433594e+00,1.152014923095703125e+01,1.236487102508544922e+01
1.928213653564453125e+02,8.860653906594961882e-06,6.729160304530523717e-06,5.294239599606953561e-05,3.382517024874687195e-05,4.815140664577484131e-01,1.408253610134124756e-01,5.345498323440551758e-01,3.905307054519653320e-01,7.891322374343872070e-01,2.012109756469726562e-01,7.567127227783203125e+00,1.153449249267578125e+01,1.237008476257324219e+01,4.417025593284051865e-06,2.741226126090623438e-06,2.924662112491205335e-05,1.773910298652481288e-05,4.815143048763275146e-01,1.408254951238632202e-01,5.345500707626342773e-01,3.905309736728668213e-01,7.891325354576110840e-01,2.012111544609069824e-01,7.567134857177734375e+00,1.153451251983642578e+01,1.237010574340820312e+01,1.731926674928188739e-18,1.070389497026787701e-18,9.016200702433984498e-15,5.572022437362860597e-15,4.815145432949066162e-01,1.408256590366363525e-01,5.345502495765686035e-01,3.905313313007354736e-01,7.891330122947692871e-01,2.012113332748413086e-01,7.567143440246582031e+00,1.153453063964843750e+01,1.237012577056884766e+01
1.933222045898437500e+02,7.232991265482269228e-06,5.493043772730743513e-06,4.345327761257067323e-05,2.776878500299062580e-05,4.098968505859375000e-01,1.174478828907012939e-01,4.511611759662628174e-01,3.353324234485626221e-01,8.769558668136596680e-01,2.411974817514419556e-01,7.622016906738281250e+00,1.156454944610595703e+01,1.239092826843261719e+01,3.608222186812781729e-06,2.238674824184272438e-06,2.419165684841573238e-05,1.460789735574508086e-05,4.098970890045166016e-01,1.174480095505714417e-01,4.511613249778747559e-01,3.353326320648193359e-01,8.769563436508178711e-01,2.411976903676986694e-01,7.622024536132812500e+00,1.156456279754638672e+01,1.239094448089599609e+01,6.654761602795902706e-19,4.112869184632833627e-19,3.465133224911484851e-15,2.141456415270586930e-15,4.098972082138061523e-01,1.174481287598609924e-01,4.511616528034210205e-01,3.353328108787536621e-01,8.769565224647521973e-01,2.411978095769882202e-01,7.622031211853027344e+00,1.156458091735839844e+01,1.239096069335937500e+01
1.938230438232421875e+02,5.904322279093321413e-06,4.483995326154399663e-06,3.565694350982084870e-05,2.279144428030122072e-05,3.483586311340332031e-01,9.918370097875595093e-02,3.814897239208221436e-01,2.852939367294311523e-01,9.270563125610351562e-01,2.687787115573883057e-01,7.678126811981201172e+00,1.160174465179443359e+01,1.241946887969970703e+01,2.946935410363948904e-06,1.828041149565251544e-06,1.995813363464549184e-05,1.201390114147216082e-05,3.483587205410003662e-01,9.918376803398132324e-02,3.814898431301116943e-01,2.852939963340759277e-01,9.270565509796142578e-01,2.687788605690002441e-01,7.678133487701416016e+00,1.160175418853759766e+01,1.241948413848876953e+01,2.557028013915199525e-19,1.580330240493178621e-19,1.331730398903391809e-15,8.230109869910499747e-16,3.483588993549346924e-01,9.918387234210968018e-02,3.814899921417236328e-01,2.852941155433654785e-01,9.270568490028381348e-01,2.687789201736450195e-01,7.678137779235839844e+00,1.160177040100097656e+01,1.241949558258056641e+01
1.943238677978515625e+02,4.819753485207911581e-06,3.660327365651028231e-06,2.925334229075815529e-05,1.870218329713679850e-05,2.959116399288177490e-01,8.408688008785247803e-02,3.229306936264038086e-01,2.419672459363937378e-01,9.477140903472900391e-01,2.852990627288818359e-01,7.731916904449462891e+00,1.164445495605468750e+01,1.245523262023925781e+01,2.406424300716025755e-06,1.492577212047763169e-06,1.642196366447024047e-05,9.867456356005277485e-06,2.959115803241729736e-01,8.408681303262710571e-02,3.229305744171142578e-01,2.419671565294265747e-01,9.477139115333557129e-01,2.852990329265594482e-01,7.731921672821044922e+00,1.164446640014648438e+01,1.245524501800537109e+01,9.825419983201641113e-20,6.072442736676880860e-20,5.118295051364228111e-16,3.163112457320972149e-16,2.959117293357849121e-01,8.408696949481964111e-02,3.229307532310485840e-01,2.419673055410385132e-01,9.477143287658691406e-01,2.852991819381713867e-01,7.731924533843994141e+00,1.164447402954101562e+01,1.245525550842285156e+01
1.948247070312500000e+02,3.934384949388913810e-06,2.987940661114407703e-06,2.399471668468322605e-05,1.534325383545365185e-05,2.513205111026763916e-01,7.137306779623031616e-02,2.735358774662017822e-01,2.050399333238601685e-01,9.459939002990722656e-01,2.927622497081756592e-01,7.781404018402099609e+00,1.169099426269531250e+01,1.249709987640380859e+01,1.964786861208267510e-06,1.218549527948198374e-06,1.349918238702230155e-05,8.100367267616093159e-06,2.513200342655181885e-01,7.137269526720046997e-02,2.735354602336883545e-01,2.050394862890243530e-01,9.459931850433349609e-01,2.927617132663726807e-01,7.781406879425048828e+00,1.169100570678710938e+01,1.249711036682128906e+01,3.775322432173629248e-20,2.333277629235908888e-20,1.967078245345156551e-16,1.215656656641247524e-16,2.513203322887420654e-01,7.137291133403778076e-02,2.735356986522674561e-01,2.050397396087646484e-01,9.459937214851379395e-01,2.927620410919189453e-01,7.781411647796630859e+00,1.169101333618164062e+01,1.249711608886718750e+01
1.953255462646484375e+02,3.211654529877705500e-06,2.439068111925735138e-06,1.967755451914854348e-05,1.258502743439748883e-05,2.134385406970977783e-01,6.060381233692169189e-02,2.317953258752822876e-01,1.737331748008728027e-01,9.276272654533386230e-01,2.931477725505828857e-01,7.825713634490966797e+00,1.173982334136962891e+01,1.254364967346191406e+01,1.604185854375828058e-06,9.948348633770365268e-07,1.109219192585442215e-05,6.648107046203222126e-06,2.134371995925903320e-01,6.060268729925155640e-02,2.317940592765808105e-01,1.737318783998489380e-01,9.276248812675476074e-01,2.931463122367858887e-01,7.825719833374023438e+00,1.173983287811279297e+01,1.254366016387939453e+01,1.450631325436932922e-20,8.965394645775289615e-21,7.559933166878161047e-17,4.672047786853018750e-17,2.134378105401992798e-01,6.060320883989334106e-02,2.317946106195449829e-01,1.737324148416519165e-01,9.276258945465087891e-01,2.931469678878784180e-01,7.825720787048339844e+00,1.173983860015869141e+01,1.254366493225097656e+01
1.958263702392578125e+02,2.621704879857134074e-06,1.991035105675109662e-06,1.613424865354318172e-05,1.032070395012851804e-05,1.812647432088851929e-01,5.146552622318267822e-02,1.964874565601348877e-01,1.472318470478057861e-01,8.971898555755615234e-01,2.881819307804107666e-01,7.864669322967529297e+00,1.178963661193847656e+01,1.259341144561767578e+01,1.309785261582874227e-06,8.122080998873570934e-07,9.112028237723279744e-06,5.455132850329391658e-06,1.812609136104583740e-01,5.146214365959167480e-02,1.964840143918991089e-01,1.472284197807312012e-01,8.971834182739257812e-01,2.881780862808227539e-01,7.864677906036376953e+00,1.178965091705322266e+01,1.259342765808105469e+01,5.574072879962217257e-21,3.444966932697193737e-21,2.905540061274984077e-17,1.795627295553983927e-17,1.812624037265777588e-01,5.146355181932449341e-02,1.964852511882781982e-01,1.472296714782714844e-01,8.971856236457824707e-01,2.881794273853302002e-01,7.864675045013427734e+00,1.178965187072753906e+01,1.259343242645263672e+01
1.963272094726562500e+02,2.140109700121684000e-06,1.625291133677819744e-06,1.322654770774533972e-05,8.462158803013153374e-06,1.539392173290252686e-01,4.370642453432083130e-02,1.665993183851242065e-01,1.248011812567710876e-01,8.583019971847534180e-01,2.792917490005493164e-01,7.898498058319091797e+00,1.183938026428222656e+01,1.264502716064453125e+01,1.069341010406787973e-06,6.630668849538778886e-07,7.482980890927137807e-06,4.475124569580657408e-06,1.539293974637985229e-01,4.369722306728363037e-02,1.665910631418228149e-01,1.247926726937294006e-01,8.582869768142700195e-01,2.792824208736419678e-01,7.898512840270996094e+00,1.183940505981445312e+01,1.264505767822265625e+01,2.141783863401462478e-21,1.323695169392807327e-21,1.116665537369638048e-17,6.901006963900768328e-18,1.539332866668701172e-01,4.370105639100074768e-02,1.665939539670944214e-01,1.247956752777099609e-01,8.582921028137207031e-01,2.792855799198150635e-01,7.898509025573730469e+00,1.183940029144287109e+01,1.264505290985107422e+01
1.968280487060546875e+02,1.746981297401362099e-06,1.326732444795197807e-06,1.084102768800221384e-05,6.937068519619060680e-06,1.307326704263687134e-01,3.711746260523796082e-02,1.412876993417739868e-01,1.058121547102928162e-01,8.138128519058227539e-01,2.676270902156829834e-01,7.927620887756347656e+00,1.188823032379150391e+01,1.269730854034423828e+01,8.730382319299678784e-07,5.413170356405316852e-07,6.143119662738172337e-06,3.670357273222180083e-06,1.307097077369689941e-01,3.709458559751510620e-02,1.412695646286010742e-01,1.057931780815124512e-01,8.137815594673156738e-01,2.676068842411041260e-01,7.927644729614257812e+00,1.188828468322753906e+01,1.269737339019775391e+01,8.229597901915373050e-22,5.086171220081610963e-22,4.291600787924157115e-18,2.652214840627761778e-18,1.307191401720046997e-01,3.710465878248214722e-02,1.412760913372039795e-01,1.058000773191452026e-01,8.137921094894409180e-01,2.676136493682861328e-01,7.927638530731201172e+00,1.188826751708984375e+01,1.269735240936279297e+01
1.973288879394531250e+02,1.426068592991214246e-06,1.083017650671536103e-06,8.884311682777479291e-06,5.685871201421832666e-06,1.110243722796440125e-01,3.152188658714294434e-02,1.198436170816421509e-01,8.973127603530883789e-02,7.659453153610229492e-01,2.541001439094543457e-01,7.952542781829833984e+00,1.193556499481201172e+01,1.274927902221679688e+01,7.127549679353251122e-07,4.419158585733384825e-07,5.041031727159861475e-06,3.009481588378548622e-06,1.109743043780326843e-01,3.146903961896896362e-02,1.198067367076873779e-01,8.969201892614364624e-02,7.658855319023132324e-01,2.540602982044219971e-01,7.952596187591552734e+00,1.193567562103271484e+01,1.274940109252929688e+01,3.162143763650887572e-22,1.954312268344264958e-22,1.649360297917712883e-18,1.019306751503422339e-18,1.109961718320846558e-01,3.149393945932388306e-02,1.198205798864364624e-01,8.970694243907928467e-02,7.659062743186950684e-01,2.540740370750427246e-01,7.952577590942382812e+00,1.193563652038574219e+01,1.274935245513916016e+01
1.978297119140625000e+02,1.164113086815632414e-06,8.840773944029933773e-07,7.279678811755729839e-06,4.659617388824699447e-06,9.428751468658447266e-02,2.676999010145664215e-02,1.016708239912986755e-01,7.610888034105300903e-02,7.164188623428344727e-01,2.394266873598098755e-01,7.973778724670410156e+00,1.198093509674072266e+01,1.280015945434570312e+01,5.819011903440696187e-07,3.607723613185953582e-07,4.134914888709317893e-06,2.466957084834575653e-06,9.418649971485137939e-02,2.665689773857593536e-02,1.016016080975532532e-01,7.603395730257034302e-02,7.163149714469909668e-01,2.393550425767898560e-01,7.973877906799316406e+00,1.198114204406738281e+01,1.280039501190185547e+01,1.215058597158150600e-22,7.509474928096209659e-23,6.339052612378554324e-19,3.917542632193683015e-19,9.423257410526275635e-02,2.671309560537338257e-02,1.016279757022857666e-01,7.606292515993118286e-02,7.163506150245666504e-01,2.393794655799865723e-01,7.973837852478027344e+00,1.198105907440185547e+01,1.280030155181884766e+01
1.983305511474609375e+02,9.502704187980270945e-07,7.216761446215969045e-07,5.963941930531291291e-06,3.817977813014294952e-06,8.007323741912841797e-02,2.273431047797203064e-02,8.626509457826614380e-02,6.456475704908370972e-02,6.665415763854980469e-01,2.241604179143905640e-01,7.991819381713867188e+00,1.202403545379638672e+01,1.284936428070068359e+01,4.750334596792527009e-07,2.945080268546007574e-07,3.389973699086112902e-06,2.021578438871074468e-06,7.989884912967681885e-02,2.252390608191490173e-02,8.615395426750183105e-02,6.444217264652252197e-02,6.663899421691894531e-01,2.240522652864456177e-01,7.991979122161865234e+00,1.202437591552734375e+01,1.284974765777587891e+01,4.668745472083912566e-23,2.885443354297672395e-23,2.436242842376265001e-19,1.505601192991489564e-19,7.999178022146224976e-02,2.264448627829551697e-02,8.620356023311614990e-02,6.449750065803527832e-02,6.664515733718872070e-01,2.240959852933883667e-01,7.991900444030761719e+00,1.202421379089355469e+01,1.284956455230712891e+01
1.988313903808593750e+02,7.757083722026436590e-07,5.891062073715147562e-07,1.782987833023071289e+00,5.196344256401062012e-01,1.570108681917190552e-01,2.354464679956436157e-02,7.361248135566711426e-02,5.480543151497840881e-02,6.173008084297180176e-01,2.087262421846389771e-01,8.007111549377441406e+00,1.206467247009277344e+01,1.289645957946777344e+01,3.872782201597146923e-07,2.402744314622395905e-07,1.738796591758728027e+00,5.044795274734497070e-01,1.520013958215713501e-01,2.377456799149513245e-02,7.143650949001312256e-02,5.319237709045410156e-02,6.169759631156921387e-01,2.084126621484756470e-01,8.019575119018554688e+00,1.209099674224853516e+01,1.292622852325439453e+01,1.793920343342696034e-23,1.108703770381965821e-23,1.739197850227355957e+00,5.046108961105346680e-01,1.521032899618148804e-01,2.358349971473217010e-02,7.154259830713272095e-02,5.333892256021499634e-02,6.169978976249694824e-01,2.084317952394485474e-01,8.019437789916992188e+00,1.209071063995361328e+01,1.292590618133544922e+01
1.993322143554687500e+02,6.332170414680149406e-07,4.808921971743984614e-07,1.220539808273315430e+00,6.907226443290710449e-01,2.722522497177124023e+00,1.159052625298500061e-01,7.836651802062988281e-02,4.914691299200057983e-02,5.698969364166259766e-01,1.934754103422164917e-01,8.020056724548339844e+00,1.210274219512939453e+01,1.294114971160888672e+01,3.162796247124788351e-07,1.961764724001113791e-07,1.193967819213867188e+00,6.752184629440307617e-01,2.648937225341796875e+00,1.105260774493217468e-01,6.601191312074661255e-02,4.386259615421295166e-02,5.706186294555664062e-01,1.938861310482025146e-01,8.045018196105957031e+00,1.215554141998291016e+01,1.300093650817871094e+01,6.893166775156164224e-24,4.260210975348960194e-24,1.183530092239379883e+00,6.690889596939086914e-01,2.620596647262573242e+00,1.079011335968971252e-01,6.289588660001754761e-02,4.072134569287300110e-02,5.709121227264404297e-01,1.940630078315734863e-01,8.054670333862304688e+00,1.217601203918457031e+01,1.302412986755371094e+01
1.998330535888671875e+02,5.168974439584417269e-07,3.925540852378617274e-07,9.272364974021911621e-01,5.948809981346130371e-01,2.498859882354736328e+00,4.787117838859558105e-01,2.537758946418762207e-01,8.485191315412521362e-02,5.341851711273193359e-01,1.794320344924926758e-01,8.031111717224121094e+00,1.213822460174560547e+01,1.298325538635253906e+01,2.582222577984794043e-07,1.601496251169010065e-07,9.086970686912536621e-01,5.821112394332885742e-01,2.439018011093139648e+00,4.677410721778869629e-01,2.471756935119628906e-01,6.781672686338424683e-02,5.347427725791931152e-01,1.797206103801727295e-01,8.053712844848632812e+00,1.218618965148925781e+01,1.303759860992431641e+01,2.648632832576661198e-24,1.636945148471038462e-24,8.890489935874938965e-01,5.685304403305053711e-01,2.376725912094116211e+00,4.559283256530761719e-01,2.395580261945724487e-01,5.603054538369178772e-02,5.352389216423034668e-01,1.799843013286590576e-01,8.076438903808593750e+00,1.223457622528076172e+01,1.309245967864990234e+01
2.003338928222656250e+02,4.219453160203556763e-07,3.204433767223235918e-07,7.236208319664001465e-01,4.774818420410156250e-01,2.349083185195922852e+00,5.579844713211059570e-01,4.640057384967803955e-01,1.820360422134399414e-01,5.426970124244689941e-01,1.718364953994750977e-01,8.041747093200683594e+00,1.217131423950195312e+01,1.302271842956542969e+01,2.108171912595935282e-07,1.307394654759264085e-07,7.167930006980895996e-01,4.723775386810302734e-01,2.324297428131103516e+00,5.522372722625732422e-01,4.601098299026489258e-01,1.784458011388778687e-01,5.420708060264587402e-01,1.711323261260986328e-01,8.050972938537597656e+00,1.219103622436523438e+01,1.304505062103271484e+01,1.017711623193116688e-24,6.289803947999931377e-25,6.962100863456726074e-01,4.572244882583618164e-01,2.248355627059936523e+00,5.354268550872802734e-01,4.450755417346954346e-01,1.677716672420501709e-01,5.401121377944946289e-01,1.699249595403671265e-01,8.079369544982910156e+00,1.225145339965820312e+01,1.311359500885009766e+01
2.008347320556640625e+02,3.444375238359498326e-07,2.615806238281948026e-07,9.378780126571655273e-01,1.166995406150817871e+00,2.576448440551757812e+00,5.873751044273376465e-01,6.240421533584594727e-01,2.894233167171478271e-01,6.070393919944763184e-01,1.772796362638473511e-01,8.055608749389648438e+00,1.220288181304931641e+01,1.305978584289550781e+01,1.721028297652082983e-07,1.067271711008288548e-07,9.314306974411010742e-01,1.158742308616638184e+00,2.555635213851928711e+00,5.830370187759399414e-01,6.204974651336669922e-01,2.868007123470306396e-01,6.052864193916320801e-01,1.756600439548492432e-01,8.064476013183593750e+00,1.222188282012939453e+01,1.308130931854248047e+01,3.910458695485584397e-25,2.416796423989714515e-25,9.173482060432434082e-01,1.141228795051574707e+00,2.508217334747314453e+00,5.735238194465637207e-01,6.105384230613708496e-01,2.803500890731811523e-01,5.975307822227478027e-01,1.710578650236129761e-01,8.085620880126953125e+00,1.226691627502441406e+01,1.313242053985595703e+01
2.013355560302734375e+02,2.811677006775425980e-07,2.135307966000254964e-07,8.867051005363464355e-01,6.889187097549438477e-01,2.615010023117065430e+00,6.269532442092895508e-01,7.602394223213195801e-01,3.861591219902038574e-01,7.164059281349182129e-01,1.974667161703109741e-01,8.076953887939453125e+00,1.223464870452880859e+01,1.309529685974121094e+01,1.405271490284576430e-07,8.713574572993820766e-08,8.824851512908935547e-01,6.854773759841918945e-01,2.600034952163696289e+00,6.237549185752868652e-01,7.572481632232666016e-01,3.841756284236907959e-01,7.143415212631225586e-01,1.958323717117309570e-01,8.083148002624511719e+00,1.224792385101318359e+01,1.311033821105957031e+01,1.502599819032991064e-25,9.286577195743472251e-26,8.724137544631958008e-01,6.774036884307861328e-01,2.563493728637695312e+00,6.162450313568115234e-01,7.484870553016662598e-01,3.787056803703308105e-01,7.063412666320800781e-01,1.914912611246109009e-01,8.099155426025390625e+00,1.228200435638427734e+01,1.314901256561279297e+01
2.018363952636718750e+02,2.295184913236880675e-07,1.743061801562362234e-07,7.248579263687133789e-01,5.003445744514465332e-01,2.500013828277587891e+00,6.269257068634033203e-01,8.663190007209777832e-01,4.691653251647949219e-01,8.582935333251953125e-01,2.305311858654022217e-01,8.108810424804687500e+00,1.226876735687255859e+01,1.313072872161865234e+01,1.147257364664255874e-07,7.113261091262756963e-08,7.226725220680236816e-01,4.986607432365417480e-01,2.491338253021240234e+00,6.249550580978393555e-01,8.642257452011108398e-01,4.678145051002502441e-01,8.565746545791625977e-01,2.294264882802963257e-01,8.112544059753417969e+00,1.227676391601562500e+01,1.313978385925292969e+01,5.773594695519645507e-26,3.568277335596744244e-26,7.171497344970703125e-01,4.944744110107421875e-01,2.468840837478637695e+00,6.200277805328369141e-01,8.578932285308837891e-01,4.638629555702209473e-01,8.505176901817321777e-01,2.263918370008468628e-01,8.122751235961914062e+00,1.229845619201660156e+01,1.316438770294189453e+01
2.023372344970703125e+02,1.873569743793268572e-07,1.422869218004052527e-07,5.753498673439025879e-01,3.861285150051116943e-01,2.334487199783325195e+00,6.012332439422607422e-01,9.338371753692626953e-01,5.327586531639099121e-01,1.019765019416809082e+00,2.732952237129211426e-01,8.152601242065429688e+00,1.230733776092529297e+01,1.316796493530273438e+01,9.366108599806466373e-08,5.806905889471636328e-08,5.744327306747436523e-01,3.854050338268280029e-01,2.330529689788818359e+00,6.002711057662963867e-01,9.327279329299926758e-01,5.320360660552978516e-01,1.018733263015747070e+00,2.727245390415191650e-01,8.154401779174804688e+00,1.231118106842041016e+01,1.317231369018554688e+01,2.218447888060546783e-26,1.371076306682677447e-26,5.723616480827331543e-01,3.837943077087402344e-01,2.321366548538208008e+00,5.981191992759704590e-01,9.297937750816345215e-01,5.301710367202758789e-01,1.015711665153503418e+00,2.713015675544738770e-01,8.158789634704589844e+00,1.232048702239990234e+01,1.318285846710205078e+01
2.028380584716796875e+02,1.529412685385977966e-07,1.161501614888038603e-07,4.536662101745605469e-01,3.024751245975494385e-01,2.147870063781738281e+00,5.626018643379211426e-01,9.652139544486999512e-01,5.742691159248352051e-01,1.187325596809387207e+00,3.219304680824279785e-01,8.208311080932617188e+00,1.235211563110351562e+01,1.320897960662841797e+01,7.646420385754026938e-08,4.740532588698442851e-08,4.533831179141998291e-01,3.022433817386627197e-01,2.146591901779174805e+00,5.622666478157043457e-01,9.648157358169555664e-01,5.740017294883728027e-01,1.186914920806884766e+00,3.217279911041259766e-01,8.208924293518066406e+00,1.235342979431152344e+01,1.321046066284179688e+01,8.524420156610565001e-27,5.268381362871283676e-27,4.530372321605682373e-01,3.019630908966064453e-01,2.145000934600830078e+00,5.618606209754943848e-01,9.642697572708129883e-01,5.736423134803771973e-01,1.186308383941650391e+00,3.214539289474487305e-01,8.209724426269531250e+00,1.235512065887451172e+01,1.321237373352050781e+01
2.033388977050781250e+02,1.248466219294641633e-07,9.481387763798920787e-08,3.571707904338836670e-01,2.377766668796539307e-01,1.954102873802185059e+00,5.180227160453796387e-01,9.667243957519531250e-01,5.947514772415161133e-01,1.349026918411254883e+00,3.725069463253021240e-01,8.274761199951171875e+00,1.240434932708740234e+01,1.325556564331054688e+01,6.242029826353245880e-08,3.869748255169724871e-08,3.571220934391021729e-01,2.377354055643081665e-01,1.953880071640014648e+00,5.179589986801147461e-01,9.666507244110107422e-01,5.946999788284301758e-01,1.348943591117858887e+00,3.724700212478637695e-01,8.274874687194824219e+00,1.240459060668945312e+01,1.325583362579345703e+01,3.275426360117449873e-27,2.024324549688013100e-27,3.571105003356933594e-01,2.377258092164993286e-01,1.953826069831848145e+00,5.179439783096313477e-01,9.666317701339721680e-01,5.946871042251586914e-01,1.348921060562133789e+00,3.724605143070220947e-01,8.274901390075683594e+00,1.240464782714843750e+01,1.325589752197265625e+01
2.038397369384765625e+02,1.019128248458400776e-07,7.739696883390934090e-08,2.811010181903839111e-01,1.870694756507873535e-01,1.761861801147460938e+00,4.713871479034423828e-01,9.451173543930053711e-01,5.972529053688049316e-01,1.495677351951599121e+00,4.215190112590789795e-01,8.349954605102539062e+00,1.246469402313232422e+01,1.330912303924560547e+01,5.095629873608231719e-08,3.158968198135880812e-08,2.811001241207122803e-01,1.870687603950500488e-01,1.761857748031616211e+00,4.713859856128692627e-01,9.451162219047546387e-01,5.972518324851989746e-01,1.495676040649414062e+00,4.215185344219207764e-01,8.349957466125488281e+00,1.246469783782958984e+01,1.330912780761718750e+01,1.258551114861332162e-27,7.778273488661145506e-28,2.811005711555480957e-01,1.870691627264022827e-01,1.761860132217407227e+00,4.713866114616394043e-01,9.451168775558471680e-01,5.972524881362915039e-01,1.495676755905151367e+00,4.215187728404998779e-01,8.349953651428222656e+00,1.246469402313232422e+01,1.330912494659423828e+01
2.043405609130859375e+02,8.319236854958944605e-08,6.317985423720529070e-08,2.212160676717758179e-01,1.472047418355941772e-01,1.576809644699096680e+00,4.250223636627197266e-01,9.065364003181457520e-01,5.854482054710388184e-01,1.621061682701110840e+00,4.662043452262878418e-01,8.431474685668945312e+00,1.253323364257812500e+01,1.337054634094238281e+01,4.159782207580065005e-08,2.578780033957173146e-08,2.212156504392623901e-01,1.472042948007583618e-01,1.576807975769042969e+00,4.250216484069824219e-01,9.065355658531188965e-01,5.854477882385253906e-01,1.621060729026794434e+00,4.662038981914520264e-01,8.431476593017578125e+00,1.253323554992675781e+01,1.337054920196533203e+01,4.836001905154085581e-28,2.988813606543121866e-28,2.212156951427459717e-01,1.472044587135314941e-01,1.576808333396911621e+00,4.250219166278839111e-01,9.065357446670532227e-01,5.854478478431701660e-01,1.621061086654663086e+00,4.662040472030639648e-01,8.431474685668945312e+00,1.253323459625244141e+01,1.337054634094238281e+01
2.048414001464843750e+02,6.791030671138287289e-08,5.157399485256064509e-08,1.740843653678894043e-01,1.158395111560821533e-01,1.402488231658935547e+00,3.803671002388000488e-01,8.562201261520385742e-01,5.629153847694396973e-01,1.721622824668884277e+00,5.046345591545104980e-01,8.516829490661621094e+00,1.260956001281738281e+01,1.344019699096679688e+01,3.395616232637621579e-08,2.105036500665846688e-08,1.740843057632446289e-01,1.158394739031791687e-01,1.402488231658935547e+00,3.803670704364776611e-01,8.562200069427490234e-01,5.629152655601501465e-01,1.721622943878173828e+00,5.046345591545104980e-01,8.516831398010253906e+00,1.260956096649169922e+01,1.344019508361816406e+01,1.858187043782116171e-28,1.148422877670872900e-28,1.740843653678894043e-01,1.158395037055015564e-01,1.402488231658935547e+00,3.803670406341552734e-01,8.562202453613281250e-01,5.629152655601501465e-01,1.721622824668884277e+00,5.046345591545104980e-01,8.516829490661621094e+00,1.260956001281738281e+01,1.344019412994384766e+01
2.053422393798828125e+02,5.543549619346777035e-08,4.210009407756842847e-08,1.369938850402832031e-01,9.115830063819885254e-02,1.240938425064086914e+00,3.383011817932128906e-01,7.984755039215087891e-01,5.328279137611389160e-01,1.795935511589050293e+00,5.356495380401611328e-01,8.603674888610839844e+00,1.269287872314453125e+01,1.351792430877685547e+01,2.771894003217312275e-08,1.718363051850246848e-08,1.369938403367996216e-01,9.115824103355407715e-02,1.240938067436218262e+00,3.383010625839233398e-01,7.984755635261535645e-01,5.328277349472045898e-01,1.795935392379760742e+00,5.356494188308715820e-01,8.603674888610839844e+00,1.269287872314453125e+01,1.351792716979980469e+01,7.139904388182687737e-29,4.412703628421848638e-29,1.369938552379608154e-01,9.115827828645706177e-02,1.240938305854797363e+00,3.383010923862457275e-01,7.984753847122192383e-01,5.328279137611389160e-01,1.795935511589050293e+00,5.356494784355163574e-01,8.603675842285156250e+00,1.269287586212158203e+01,1.351792430877685547e+01
2.058430786132812500e+02,4.525224639451153053e-08,3.436649720356399484e-08,1.078057885169982910e-01,7.173591852188110352e-02,1.093112707138061523e+00,2.993201911449432373e-01,7.367334365844726562e-01,4.978513121604919434e-01,1.844205021858215332e+00,5.587387681007385254e-01,8.689974784851074219e+00,1.278212547302246094e+01,1.360315608978271484e+01,2.262737375247070304e-08,1.402716698351014202e-08,1.078054085373878479e-01,7.173549383878707886e-02,1.093111634254455566e+00,2.993197143077850342e-01,7.367330193519592285e-01,4.978508949279785156e-01,1.844203829765319824e+00,5.587384700775146484e-01,8.689976692199707031e+00,1.278212738037109375e+01,1.360315608978271484e+01,2.743439358457561602e-29,1.695538769230589901e-29,1.078055649995803833e-01,7.173568010330200195e-02,1.093112111091613770e+00,2.993199229240417480e-01,7.367332577705383301e-01,4.978510141372680664e-01,1.844203948974609375e+00,5.587387084960937500e-01,8.689974784851074219e+00,1.278212451934814453e+01,1.360315513610839844e+01
2.063439025878906250e+02,3.693984140795691928e-08,2.805369803127177875e-08,8.483713120222091675e-02,5.645214393734931946e-02,9.592108726501464844e-01,2.636548876762390137e-01,6.736494302749633789e-01,4.601403176784515381e-01,1.867797851562500000e+00,5.738968849182128906e-01,8.774053573608398438e+00,1.287607574462890625e+01,1.369499015808105469e+01,1.847156028134122607e-08,1.145083317055650696e-08,8.483548462390899658e-02,5.645022168755531311e-02,9.592074155807495117e-01,2.636533081531524658e-01,6.736475825309753418e-01,4.601386487483978271e-01,1.867794394493103027e+00,5.738956928253173828e-01,8.774058341979980469e+00,1.287608146667480469e+01,1.369499778747558594e+01,1.054170845365444301e-29,6.515133617003129858e-30,8.483612537384033203e-02,5.645100772380828857e-02,9.592085480690002441e-01,2.636538445949554443e-01,6.736482977867126465e-01,4.601391851902008057e-01,1.867795705795288086e+00,5.738959908485412598e-01,8.774056434631347656e+00,1.287607860565185547e+01,1.369499111175537109e+01
2.068447418212890625e+02,3.015415472873428371e-08,2.290035538976553653e-08,6.676158308982849121e-02,4.442434757947921753e-02,8.389088511466979980e-01,2.313495576381683350e-01,6.112081408500671387e-01,4.213761687278747559e-01,1.868855476379394531e+00,5.814893841743469238e-01,8.854628562927246094e+00,1.297344875335693359e+01,1.379230880737304688e+01,1.507820357460332161e-08,9.347196794351475546e-09,6.675566732883453369e-02,4.441698640584945679e-02,8.388987779617309570e-01,2.313446700572967529e-01,6.112024784088134766e-01,4.213711321353912354e-01,1.868843793869018555e+00,5.814847946166992188e-01,8.854638099670410156e+00,1.297347164154052734e+01,1.379233264923095703e+01,4.050550031351588398e-30,2.503377532336022790e-30,6.675821542739868164e-02,4.442033916711807251e-02,8.389024734497070312e-01,2.313464283943176270e-01,6.112043857574462891e-01,4.213729202747344971e-01,1.868847846984863281e+00,5.814864039421081543e-01,8.854633331298828125e+00,1.297346305847167969e+01,1.379231929779052734e+01
2.073455810546875000e+02,2.461496428907139489e-08,1.869365995332827879e-08,5.253722891211509705e-02,3.495920822024345398e-02,7.315629720687866211e-01,2.023283094167709351e-01,5.508466362953186035e-01,3.828336894512176514e-01,1.849976181983947754e+00,5.821315050125122070e-01,8.930762290954589844e+00,1.307296180725097656e+01,1.389385890960693359e+01,1.230849733246941469e-08,7.630188036955587449e-09,5.251706764101982117e-02,3.493215516209602356e-02,7.315370440483093262e-01,2.023149281740188599e-01,5.508307814598083496e-01,3.828195631504058838e-01,1.849941372871398926e+00,5.821180939674377441e-01,8.930790901184082031e+00,1.307302474975585938e+01,1.389393329620361328e+01,1.556384801223185843e-30,9.618986577581000131e-31,5.252717807888984680e-02,3.494647145271301270e-02,7.315474748611450195e-01,2.023203969001770020e-01,5.508370399475097656e-01,3.828251659870147705e-01,1.849954605102539062e+00,5.821232795715332031e-01,8.930779457092285156e+00,1.307299709320068359e+01,1.389389705657958984e+01
2.078464050292968750e+02,2.009342203734831855e-08,1.525980586336572742e-08,4.134383797645568848e-02,2.751092985272407532e-02,6.363265514373779297e-01,1.764347702264785767e-01,4.935526549816131592e-01,3.454422354698181152e-01,1.813979268074035645e+00,5.765938758850097656e-01,9.001835823059082031e+00,1.317339515686035156e+01,1.399834346771240234e+01,1.004783189983982084e-08,6.228755289328091749e-09,4.127708077430725098e-02,2.741413749754428864e-02,6.362646818161010742e-01,1.764010339975357056e-01,4.935131967067718506e-01,3.454063534736633301e-01,1.813887834548950195e+00,5.765576362609863281e-01,9.001924514770507812e+00,1.317357254028320312e+01,1.399853897094726562e+01,5.980432363904481045e-31,3.696110413773571078e-31,4.131531715393066406e-02,2.747236192226409912e-02,6.362924575805664062e-01,1.764161884784698486e-01,4.935303032398223877e-01,3.454219400882720947e-01,1.813926100730895996e+00,5.765728354454040527e-01,9.001880645751953125e+00,1.317348480224609375e+01,1.399844360351562500e+01
2.083472442626953125e+02,1.640234259525641392e-08,1.245664194016171678e-08,3.253502771258354187e-02,2.164939232170581818e-02,5.522375702857971191e-01,1.534619927406311035e-01,4.399522840976715088e-01,3.098451197147369385e-01,1.763717651367187500e+00,5.657244324684143066e-01,9.067503929138183594e+00,1.327363586425781250e+01,1.410449504852294922e+01,8.201940460139667266e-09,5.084456411452720204e-09,3.233319893479347229e-02,2.133284881711006165e-02,5.521012544631958008e-01,1.533833593130111694e-01,4.398616552352905273e-01,3.097611665725708008e-01,1.763503193855285645e+00,5.656363964080810547e-01,9.067731857299804688e+00,1.327410030364990234e+01,1.410501384735107422e+01,2.297923360165404491e-31,1.420194893943131618e-31,3.245824202895164490e-02,2.153887972235679626e-02,5.521668195724487305e-01,1.534212082624435425e-01,4.399037659168243408e-01,3.098002076148986816e-01,1.763599157333374023e+00,5.656757950782775879e-01,9.067608833312988281e+00,1.327385044097900391e+01,1.410473251342773438e+01
2.088480834960937500e+02,1.338929767058516518e-08,1.016840656120621134e-08,2.560304291546344757e-02,1.703672111034393311e-02,4.783014655113220215e-01,1.331796646118164062e-01,3.904002308845520020e-01,2.764629721641540527e-01,1.701956510543823242e+00,5.503920316696166992e-01,9.127630233764648438e+00,1.337268924713134766e+01,1.421110725402832031e+01,6.695306531412370532e-09,4.150471966113400413e-09,2.509896829724311829e-02,1.610342413187026978e-02,4.780485033988952637e-01,1.330266445875167847e-01,3.902266323566436768e-01,2.762990295886993408e-01,1.701547384262084961e+00,5.502189397811889648e-01,9.128146171569824219e+00,1.337374877929687500e+01,1.421229362487792969e+01,8.829548904301813862e-32,5.456960984497429807e-32,2.541137672960758209e-02,1.674387603998184204e-02,4.781615138053894043e-01,1.330949515104293823e-01,3.902994394302368164e-01,2.763683199882507324e-01,1.701706528663635254e+00,5.502864122390747070e-01,9.127864837646484375e+00,1.337317180633544922e+01,1.421164894104003906e+01
2.093489074707031250e+02,1.092980284056466189e-08,8.300561127327910071e-09,2.014814317226409912e-02,1.340693514794111252e-02,4.135274887084960938e-01,1.153474152088165283e-01,3.450413346290588379e-01,2.455396205186843872e-01,1.631284832954406738e+00,5.314450860023498535e-01,9.182245254516601562e+00,1.346969318389892578e+01,1.431707859039306641e+01,5.465582653130240942e-09,3.388151093020042026e-09,1.939467340707778931e-02,1.096041686832904816e-02,4.132195413112640381e-01,1.151550337672233582e-01,3.448267579078674316e-01,2.453328967094421387e-01,1.630807518959045410e+00,5.312363505363464355e-01,9.183146476745605469e+00,1.347153663635253906e+01,1.431914329528808594e+01,3.392767631324950264e-32,2.096845647502445634e-32,1.971332542598247528e-02,1.265989523380994797e-02,4.132822155952453613e-01,1.151931509375572205e-01,3.448576927185058594e-01,2.453639358282089233e-01,1.630836129188537598e+00,5.312492847442626953e-01,9.182727813720703125e+00,1.347068595886230469e+01,1.431818962097167969e+01
2.098497467041015625e+02,8.922039995695740799e-09,6.775779493040090529e-09,1.585532911121845245e-02,1.055041886866092682e-02,3.569540381431579590e-01,9.972446411848068237e-02,3.038616776466369629e-01,2.171815037727355957e-01,1.554053544998168945e+00,5.096800923347473145e-01,9.231514930725097656e+00,1.356393909454345703e+01,1.442144393920898438e+01,4.461486291518212965e-09,2.765701667684083986e-09,1.511047966778278351e-02,6.354928016662597656e-03,3.567326366901397705e-01,9.958211332559585571e-02,3.037011027336120605e-01,2.170240581035614014e-01,1.553721427917480469e+00,5.095276832580566406e-01,9.232663154602050781e+00,1.356627941131591797e+01,1.442406082153320312e+01,1.303638075678095978e-32,8.056927177296239515e-33,1.514645479619503021e-02,8.652708493173122406e-03,3.566482663154602051e-01,9.953002631664276123e-02,3.036267161369323730e-01,2.169522643089294434e-01,1.553522109985351562e+00,5.094410777091979980e-01,9.232326507568359375e+00,1.356560516357421875e+01,1.442330741882324219e+01
2.103505859375000000e+02,7.283094127785716410e-09,5.531093805188902479e-09,1.247714925557374954e-02,8.302518166601657867e-03,3.076796829700469971e-01,8.608022332191467285e-02,2.667414247989654541e-01,1.913978010416030884e-01,1.472358822822570801e+00,4.858275949954986572e-01,9.275687217712402344e+00,1.365484046936035156e+01,1.452336597442626953e+01,3.641936086040686860e-09,2.257655395965230127e-09,1.127781532704830170e-02,3.757704515010118484e-03,3.074082434177398682e-01,8.589370548725128174e-02,2.665220797061920166e-01,1.911797076463699341e-01,1.471866846084594727e+00,4.855916500091552734e-01,9.277066230773925781e+00,1.365766525268554688e+01,1.452653026580810547e+01,5.009103587774289305e-33,3.095796248662977028e-33,1.165813952684402466e-02,4.671629518270492554e-03,3.074582517147064209e-01,8.594011515378952026e-02,2.665652930736541748e-01,1.912231743335723877e-01,1.472008705139160156e+00,4.856639504432678223e-01,9.276750564575195312e+00,1.365701484680175781e+01,1.452580451965332031e+01
2.108514251708984375e+02,5.945221204228801071e-09,4.515055884724006319e-09,9.818745777010917664e-03,6.533568724989891052e-03,2.648662924766540527e-01,7.419668883085250854e-02,2.334842979907989502e-01,1.681249439716339111e-01,1.388024806976318359e+00,4.605396389961242676e-01,9.315073966979980469e+00,1.374194717407226562e+01,1.462214851379394531e+01,2.972931012479307356e-09,1.842934249651762002e-09,5.858140066266059875e-03,2.614166587591171265e-03,2.645437717437744141e-01,7.397487759590148926e-02,2.332329154014587402e-01,1.678719669580459595e-01,1.387560725212097168e+00,4.603122770786285400e-01,9.316869735717773438e+00,1.374563503265380859e+01,1.462628650665283203e+01,1.924699899751695719e-33,1.189529937042097937e-33,8.836047723889350891e-03,2.138441894203424454e-03,2.646827995777130127e-01,7.406943291425704956e-02,2.333213984966278076e-01,1.679605394601821899e-01,1.387667298316955566e+00,4.603604972362518311e-01,9.316295623779296875e+00,1.374446010589599609e+01,1.462496757507324219e+01
2.113522491455078125e+02,4.853141444272068838e-09,3.685683758192226378e-09,7.726806215941905975e-03,5.141554865986108780e-03,2.277470380067825317e-01,6.387184560298919678e-02,2.038468420505523682e-01,1.472502648830413818e-01,1.302611827850341797e+00,4.343869686126708984e-01,9.350019454956054688e+00,1.382492351531982422e+01,1.471723365783691406e+01,2.426890688411731389e-09,1.504439794963730037e-09,2.237266162410378456e-03,1.658604014664888382e-03,2.276409268379211426e-01,6.379161775112152100e-02,2.037708461284637451e-01,1.471724510192871094e-01,1.302512645721435547e+00,4.343305230140686035e-01,9.351785659790039062e+00,1.382854938507080078e+01,1.472130775451660156e+01,7.395688829755655610e-34,4.570787182785094056e-34,5.577595438808202744e-03,1.223452156409621239e-03,2.273516505956649780e-01,6.357476115226745605e-02,2.035139650106430054e-01,1.469066739082336426e-01,1.301939845085144043e+00,4.340471923351287842e-01,9.351588249206542969e+00,1.382816505432128906e+01,1.472087097167968750e+01
2.118530883789062500e+02,3.961641681371474988e-09,3.008640669932560741e-09,6.080521270632743835e-03,4.046087153255939484e-03,1.956236213445663452e-01,5.491980165243148804e-02,1.775559484958648682e-01,1.286271512508392334e-01,1.217417478561401367e+00,4.078563451766967773e-01,9.380891799926757812e+00,1.390354633331298828e+01,1.480819416046142578e+01,1.981038888487773875e-09,1.228054102853093354e-09,1.137736951932311058e-03,1.090930891223251820e-03,1.955915242433547974e-01,5.489141494035720825e-02,1.775362640619277954e-01,1.286055594682693481e-01,1.217413544654846191e+00,4.078471958637237549e-01,9.382380485534667969e+00,1.390661716461181641e+01,1.481164932250976562e+01,2.841722236446859224e-34,1.756280969596506516e-34,1.238772412762045860e-03,7.279713754542171955e-04,1.954733133316040039e-01,5.480429530143737793e-02,1.774518489837646484e-01,1.285227239131927490e-01,1.217295527458190918e+00,4.077903926372528076e-01,9.382527351379394531e+00,1.390692615509033203e+01,1.481199932098388672e+01
2.123539276123046875e+02,3.233905587762819778e-09,2.455966763292849464e-09,4.784995224326848984e-03,3.184021217748522758e-03,1.678716093301773071e-01,4.717298597097396851e-02,1.543297767639160156e-01,1.120921969413757324e-01,1.133511900901794434e+00,3.813584744930267334e-01,9.408056259155273438e+00,1.397767925262451172e+01,1.489471817016601562e+01,1.617132205922189314e-09,1.002466554211878247e-09,7.396116852760314941e-04,7.891921559348702431e-04,1.678545176982879639e-01,4.715557396411895752e-02,1.543204188346862793e-01,1.120810136198997498e-01,1.133516788482666016e+00,3.813551664352416992e-01,9.409255981445312500e+00,1.398016738891601562e+01,1.489752292633056641e+01,1.091904304686841537e-34,6.748339728571754375e-35,1.106568524846807122e-04,1.336096320301294327e-04,1.678622812032699585e-01,4.716355726122856140e-02,1.543258875608444214e-01,1.120864078402519226e-01,1.133530735969543457e+00,3.813614547252655029e-01,9.409486770629882812e+00,1.398063945770263672e+01,1.489805603027343750e+01
2.128547515869140625e+02,2.639867657805439194e-09,2.004828747459441729e-09,3.765523433685302734e-03,2.505646320059895515e-03,1.439331769943237305e-01,4.048066586256027222e-02,1.338859349489212036e-01,9.747311472892761230e-02,1.051751494407653809e+00,3.552312552928924561e-01,9.431871414184570312e+00,1.404726600646972656e+01,1.497659397125244141e+01,1.320111353564357159e-09,8.183418387375240854e-10,5.540990969166159630e-04,6.080074235796928406e-04,1.439105719327926636e-01,4.045694321393966675e-02,1.338714063167572021e-01,9.745632112026214600e-02,1.051739335060119629e+00,3.552193045616149902e-01,9.432830810546875000e+00,1.404926490783691406e+01,1.497884750366210938e+01,4.195658753419818629e-35,2.593059607882977013e-35,6.606183887924998999e-06,1.162106491392478347e-05,1.439188718795776367e-01,4.046614468097686768e-02,1.338762342929840088e-01,9.746102988719940186e-02,1.051748394966125488e+00,3.552232682704925537e-01,9.433035850524902344e+00,1.404968643188476562e+01,1.497932243347167969e+01
2.133555908203125000e+02,2.154935119236256469e-09,1.636550228667488227e-09,2.963233739137649536e-03,1.971788471564650536e-03,1.233110949397087097e-01,3.470769897103309631e-02,1.159479692578315735e-01,8.459500223398208618e-02,9.727954268455505371e-01,3.297436833381652832e-01,9.452684402465820312e+00,1.411232471466064453e+01,1.505371284484863281e+01,1.077588462905509914e-09,6.680009323467572813e-10,4.512958403211086988e-04,4.871767305303364992e-04,1.232666075229644775e-01,3.466049954295158386e-02,1.159167662262916565e-01,8.455990254878997803e-02,9.727497100830078125e-01,3.297123014926910400e-01,9.453459739685058594e+00,1.411394977569580078e+01,1.505554294586181641e+01,1.612141427559507891e-35,9.963581666079941415e-36,8.536138693671091460e-07,1.079075445886701345e-06,1.232725977897644043e-01,3.466931730508804321e-02,1.159193441271781921e-01,8.456253260374069214e-02,9.727541208267211914e-01,3.297142386436462402e-01,9.453625679016113281e+00,1.411429786682128906e+01,1.505593872070312500e+01
2.138564300537109375e+02,1.759082657315502729e-09,1.335922816814161251e-09,2.331881318241357803e-03,1.551675377413630486e-03,1.055682972073554993e-01,2.973472885787487030e-02,1.002545654773712158e-01,7.328827679157257080e-02,8.971439003944396973e-01,3.051080107688903809e-01,9.470818519592285156e+00,1.417292118072509766e+01,1.512603759765625000e+01,8.796403605515479285e-10,5.452920892601298419e-10,3.864220343530178070e-04,4.002522327937185764e-04,1.054787114262580872e-01,2.963643707334995270e-02,1.001919135451316833e-01,7.321778684854507446e-02,8.970473408699035645e-01,3.050444722175598145e-01,9.471469879150390625e+00,1.417429637908935547e+01,1.512758636474609375e+01,6.194497931356215482e-36,3.828409823974195122e-36,2.954728586246346822e-07,2.143731592241238104e-07,1.054913625121116638e-01,2.965618483722209930e-02,1.001976802945137024e-01,7.322443276643753052e-02,8.970555067062377930e-01,3.050491213798522949e-01,9.471603393554687500e+00,1.417457485198974609e+01,1.512790393829345703e+01
2.143572692871093750e+02,1.435946250794017942e-09,1.090519119451016650e-09,1.835045637562870979e-03,1.221072161570191383e-03,9.031967818737030029e-02,2.545613981783390045e-02,8.656029403209686279e-02,6.339040398597717285e-02,8.251516222953796387e-01,2.814835309982299805e-01,9.486576080322265625e+00,1.422916793823242188e+01,1.519359779357910156e+01,7.180542827001090700e-10,4.451242707759206496e-10,3.387453907635062933e-04,3.332843771204352379e-04,9.015804529190063477e-02,2.526807412505149841e-02,8.645071834325790405e-02,6.326564401388168335e-02,8.249936103820800781e-01,2.813779413700103760e-01,9.487163543701171875e+00,1.423040962219238281e+01,1.519499874114990234e+01,2.380176067098303766e-36,1.471029587036468038e-36,1.067539585619670106e-07,6.938451235782849835e-08,9.019516408443450928e-02,2.532306686043739319e-02,8.646921813488006592e-02,6.328739970922470093e-02,8.250170946121215820e-01,2.813930511474609375e-01,9.487253189086914062e+00,1.423059940338134766e+01,1.519521999359130859e+01
2.148580932617187500e+02,1.172175911889894451e-09,8.902006354283287237e-10,1.444077235646545887e-03,9.609147673472762108e-04,7.722809910774230957e-02,2.177914790809154510e-02,7.463859021663665771e-02,5.474895238876342773e-02,7.570537924766540527e-01,2.589853703975677490e-01,9.500232696533203125e+00,1.428121089935302734e+01,1.525647640228271484e+01,5.861678364915690054e-10,3.633673084646460438e-10,3.005228354595601559e-04,2.796617918647825718e-04,7.695798575878143311e-02,2.144012600183486938e-02,7.446595281362533569e-02,5.454947426915168762e-02,7.568291425704956055e-01,2.588309645652770996e-01,9.500806808471679688e+00,1.428243541717529297e+01,1.525786399841308594e+01,9.145862982795692380e-37,5.652454161410964210e-37,3.998167130703222938e-08,2.518538089191224572e-08,7.705054432153701782e-02,2.157667838037014008e-02,7.451369613409042358e-02,5.460584536194801331e-02,7.568855881690979004e-01,2.588691413402557373e-01,9.500835418701171875e+00,1.428249168395996094e+01,1.525792980194091797e+01
2.153589324951171875e+02,9.568518199998266027e-10,7.266742763079037104e-10,1.136398757807910442e-03,7.561799720861017704e-04,6.599795073270797729e-02,1.862213201820850372e-02,6.428112089633941650e-02,4.722187295556068420e-02,6.929776668548583984e-01,2.376881837844848633e-01,9.512042999267578125e+00,1.432922744750976562e+01,1.531480598449707031e+01,4.784801999058174715e-10,2.966114576175016282e-10,2.694737631827592850e-04,2.359449281357228756e-04,6.555108726024627686e-02,1.802274957299232483e-02,6.401462852954864502e-02,4.690940678119659424e-02,6.926653981208801270e-01,2.374659329652786255e-01,9.512679100036621094e+00,1.433059310913085938e+01,1.531634998321533203e+01,3.514209471581411462e-37,2.171900964241829059e-37,1.521668302473244694e-08,9.472312711977792787e-09,6.572295725345611572e-02,1.829529181122779846e-02,6.409637629985809326e-02,4.700735211372375488e-02,6.927514672279357910e-01,2.375269830226898193e-01,9.512631416320800781e+00,1.433049011230468750e+01,1.531623649597167969e+01
2.158597717285156250e+02,7.810817548303816693e-10,5.931869440090054013e-10,8.942747954279184341e-04,5.950663471594452858e-04,5.637282505631446838e-02,1.591411046683788300e-02,5.529998987913131714e-02,4.067969694733619690e-02,6.329732537269592285e-01,2.176367938518524170e-01,9.522233963012695312e+00,1.437340927124023438e+01,1.536874961853027344e+01,3.905853418473270722e-10,2.421251532602752832e-10,2.416393108433112502e-04,1.991183089558035135e-04,5.568425357341766357e-02,1.490293536335229874e-02,5.492334440350532532e-02,4.023281857371330261e-02,6.325790882110595703e-01,2.173462063074111938e-01,9.522995948791503906e+00,1.437504768371582031e+01,1.537060546875000000e+01,1.351719852033742167e-37,8.244058589222104960e-38,5.826159998889579583e-09,3.610540755261126833e-09,5.597466975450515747e-02,1.542278099805116653e-02,5.504425615072250366e-02,4.037918150424957275e-02,6.326875090599060059e-01,2.174259424209594727e-01,9.522850990295410156e+00,1.437473011016845703e+01,1.537024402618408203e+01
2.163605957031250000e+02,6.376038585997889641e-10,4.842237166791107938e-10,7.037434261292219162e-04,4.682833969127386808e-04,4.812975227832794189e-02,1.359320431947708130e-02,4.752590134739875793e-02,3.500472009181976318e-02,5.770224332809448242e-01,1.988493055105209351e-01,9.531010627746582031e+00,1.441395854949951172e+01,1.541849136352539062e+01,3.188456165759134819e-10,1.976533936520752377e-10,2.148686035070568323e-04,1.673052902333438396e-04,4.717207700014114380e-02,1.193877961486577988e-02,4.707097634673118591e-02,3.446642681956291199e-02,5.766068696975708008e-01,1.985336989164352417e-01,9.531926155090332031e+00,1.441592979431152344e+01,1.542073249816894531e+01,5.249447897719284164e-38,3.147113162596212043e-38,2.235797991190224820e-09,1.383196224225002879e-09,4.757586121559143066e-02,1.288528461009263992e-02,4.718348011374473572e-02,3.459767997264862061e-02,5.766724348068237305e-01,1.985813826322555542e-01,9.531688690185546875e+00,1.441542243957519531e+01,1.542015266418457031e+01
2.168614349365234375e+02,5.204789932378162121e-10,3.952740634804996489e-10,5.538028199225664139e-04,3.685102856252342463e-04,4.107471182942390442e-02,1.160545274615287781e-02,4.080675169825553894e-02,3.009034134447574615e-02,5.250481367111206055e-01,1.813206970691680908e-01,9.538555145263671875e+00,1.445109367370605469e+01,1.546424198150634766e+01,2.602688897734850570e-10,1.613415234746895521e-10,1.883256045402958989e-04,1.394809951307252049e-04,3.993812575936317444e-02,9.091002866625785828e-03,4.037285596132278442e-02,2.958546765148639679e-02,5.247051119804382324e-01,1.810534596443176270e-01,9.539586067199707031e+00,1.445332527160644531e+01,1.546677398681640625e+01,4.070612851358046292e-38,3.147113162596212043e-38,8.586754085548875537e-10,5.308886663613066048e-10,4.032896459102630615e-02,1.060324534773826599e-02,4.036896675825119019e-02,2.956469170749187469e-02,5.246425867080688477e-01,1.809993982315063477e-01,9.539331436157226562e+00,1.445277309417724609e+01,1.546614742279052734e+01
2.173622741699218750e+02,4.248696117148398343e-10,3.226642009135360922e-10,4.358091391623020172e-04,2.899951650761067867e-04,3.504042699933052063e-02,9.904248639941215515e-03,3.500780463218688965e-02,2.584152668714523315e-02,4.769369363784790039e-01,1.650304645299911499e-01,9.545029640197753906e+00,1.448502445220947266e+01,1.550621700286865234e+01,2.124586756524493580e-10,1.317038283987770342e-10,1.621637784410268068e-04,1.151734613813459873e-04,3.388975933194160461e-02,6.634351797401905060e-03,3.467694297432899475e-02,2.545500732958316803e-02,4.767039120197296143e-01,1.648428142070770264e-01,9.546096801757812500e+00,1.448733806610107422e+01,1.550884628295898438e+01,4.070612851358046292e-38,3.147113162596212043e-38,3.298807615959020723e-10,2.039053925706468817e-10,3.407384082674980164e-02,8.470030501484870911e-03,3.449637815356254578e-02,2.523075975477695465e-02,4.765194654464721680e-01,1.646914333105087280e-01,9.545918464660644531e+00,1.448695468902587891e+01,1.550840568542480469e+01
2.178630981445312500e+02,3.468253462202142146e-10,2.633940288099267946e-10,3.429577336646616459e-04,2.282101631863042712e-04,2.988227643072605133e-02,8.449225686490535736e-03,3.000964224338531494e-02,2.217354811728000641e-02,4.325434863567352295e-01,1.499446779489517212e-01,9.550576210021972656e+00,1.451596832275390625e+01,1.554464054107666016e+01,1.734361682048657372e-10,1.075136230044293484e-10,1.371186372125521302e-04,9.417054388904944062e-05,2.880704402923583984e-02,4.851416219025850296e-03,2.977116592228412628e-02,2.188121154904365540e-02,4.323876500129699707e-01,1.498125940561294556e-01,9.551610946655273438e+00,1.451821613311767578e+01,1.554718971252441406e+01,4.070612851358046292e-38,3.147113162596212043e-38,1.267492777401457715e-10,7.833925175226852389e-11,2.871784567832946777e-02,6.378395482897758484e-03,2.950293570756912231e-02,2.158638462424278259e-02,4.321895241737365723e-01,1.496528983116149902e-01,9.551557540893554688e+00,1.451810646057128906e+01,1.554706859588623047e+01
2.183639373779296875e+02,2.831151979520996065e-10,2.150098293851598896e-10,2.698867756407707930e-04,1.795874413801357150e-04,2.547508105635643005e-02,7.205393631011247635e-03,2.570650726556777954e-02,1.901099644601345062e-02,3.916959762573242188e-01,1.360180079936981201e-01,9.555321693420410156e+00,1.454413509368896484e+01,1.557974052429199219e+01,1.415735723098165977e-10,8.776190191239763294e-11,1.140592867159284651e-04,7.631919288542121649e-05,2.448041923344135284e-02,3.676454070955514908e-03,2.550486288964748383e-02,1.874165423214435577e-02,3.915703892707824707e-01,1.359052807092666626e-01,9.556295394897460938e+00,1.454624938964843750e+01,1.558214569091796875e+01,4.070612851358046292e-38,3.147113162596212043e-38,4.870108830101749220e-11,3.009946805687668814e-11,2.423018775880336761e-02,4.383794497698545456e-03,2.530639059841632843e-02,1.855523884296417236e-02,3.914516270160675049e-01,1.358122080564498901e-01,9.556352615356445312e+00,1.454638099670410156e+01,1.558228778839111328e+01
2.188647766113281250e+02,2.311082991646173923e-10,1.755135481396052910e-10,2.123843732988461852e-04,1.413243298884481192e-04,2.171143330633640289e-02,6.142686121165752411e-03,2.200587280094623566e-02,1.628759689629077911e-02,3.542114496231079102e-01,1.231992095708847046e-01,9.559373855590820312e+00,1.456973075866699219e+01,1.561174106597900391e+01,1.155671947028480417e-10,7.164047133301210124e-11,9.362069249618798494e-05,6.141190533526241779e-05,2.076016925275325775e-02,2.904804423451423645e-03,2.178796008229255676e-02,1.596770063042640686e-02,3.540832698345184326e-01,1.230787634849548340e-01,9.560290336608886719e+00,1.457172393798828125e+01,1.561400604248046875e+01,4.070612851358046292e-38,3.147113162596212043e-38,1.871276744669359005e-11,1.156520365586111154e-11,2.050891332328319550e-02,2.783128991723060608e-03,2.173269912600517273e-02,1.596656255424022675e-02,3.540557026863098145e-01,1.230614483356475830e-01,9.560400962829589844e+00,1.457196521759033203e+01,1.561428451538085938e+01
2.193656158447265625e+02,1.886547862373078033e-10,1.432725327266126669e-10,1.671334757702425122e-04,1.112135796574875712e-04,1.849876344203948975e-02,5.235160700976848602e-03,1.882652565836906433e-02,1.394494995474815369e-02,3.198962211608886719e-01,1.114315912127494812e-01,9.562831878662109375e+00,1.459295177459716797e+01,1.564086341857910156e+01,9.433806513747811096e-11,5.848047046619342382e-11,7.604487473145127296e-05,4.914154487778432667e-05,1.753693446516990662e-02,2.380948280915617943e-03,1.855520717799663544e-02,1.349231507629156113e-02,3.197480738162994385e-01,1.112878695130348206e-01,9.563707351684570312e+00,1.459487056732177734e+01,1.564305305480957031e+01,4.070612851358046292e-38,3.147113162596212043e-38,7.190179007743324746e-12,4.443786484620293464e-12,1.738881133496761322e-02,1.761149615049362183e-03,1.861983910202980042e-02,1.368641480803489685e-02,3.197812736034393311e-01,1.113232970237731934e-01,9.563812255859375000e+00,1.459508895874023438e+01,1.564329814910888672e+01
2.198664398193359375e+02,1.540007149580802093e-10,1.169547514390245624e-10,1.315247354796156287e-04,8.751889254199340940e-05,1.575759053230285645e-02,4.460517782717943192e-03,1.609758473932743073e-02,1.193191297352313995e-02,2.885532081127166748e-01,1.006556600332260132e-01,9.565777778625488281e+00,1.461398601531982422e+01,1.566731929779052734e+01,7.701084214772890846e-11,4.773926393086824760e-11,6.127928645582869649e-05,3.915768684237264097e-05,1.473772712051868439e-02,2.011716831475496292e-03,1.576441712677478790e-02,1.123102474957704544e-02,2.883817553520202637e-01,1.004850193858146667e-01,9.566651344299316406e+00,1.461589908599853516e+01,1.566949844360351562e+01,4.070612851358046292e-38,3.147113162596212043e-38,2.762834449068773957e-12,1.707526915001311707e-12,1.474464964121580124e-02,1.194896292872726917e-03,1.590066775679588318e-02,1.167340483516454697e-02,2.884479165077209473e-01,1.005517616868019104e-01,9.566689491271972656e+00,1.461597537994384766e+01,1.566958236694335938e+01
2.203672790527343750e+02,1.257114828900895986e-10,9.547068691162508003e-11,1.035018649417907000e-04,6.887197378091514111e-05,1.341943256556987762e-02,3.799524158239364624e-03,1.375704258680343628e-02,1.020360086113214493e-02,2.599820494651794434e-01,9.080944210290908813e-02,9.568283081054687500e+00,1.463301467895507812e+01,1.569131755828857422e+01,6.286285381129630423e-11,3.896888714494117778e-11,4.908150003757327795e-05,3.110124816885218024e-05,1.230897940695285797e-02,1.742813619785010815e-03,1.338075473904609680e-02,9.123144671320915222e-03,2.597961425781250000e-01,9.062016010284423828e-02,9.569176673889160156e+00,1.463497638702392578e+01,1.569355392456054688e+01,4.070612851358046292e-38,3.147113162596212043e-38,1.061592111960274476e-12,6.561001199799354477e-13,1.249289419502019882e-02,8.789660059846937656e-04,1.354448497295379639e-02,9.916979819536209106e-03,2.598749697208404541e-01,9.070059657096862793e-02,9.569114685058593750e+00,1.463484191894531250e+01,1.569339466094970703e+01
2.208681182861328125e+02,1.026188370389924387e-10,7.793313910875454553e-11,8.144958701450377703e-05,5.419800072559155524e-05,1.142577733844518661e-02,3.235732438042759895e-03,1.175121683627367020e-02,8.721046149730682373e-03,2.339878529310226440e-01,8.183168619871139526e-02,9.570412635803222656e+00,1.465020561218261719e+01,1.571305179595947266e+01,5.131523331258769360e-11,3.181048133238384423e-11,3.913661203114315867e-05,2.464448152750264853e-05,1.018663868308067322e-02,1.544868689961731434e-03,1.133579108864068985e-02,7.209661416709423065e-03,2.338034957647323608e-01,8.163964748382568359e-02,9.571339607238769531e+00,1.465225219726562500e+01,1.571538257598876953e+01,4.070612851358046292e-38,3.147113162596212043e-38,4.079064560083556223e-13,2.521000986091537222e-13,1.057035569101572037e-02,6.837914115749299526e-04,1.151523087173700333e-02,8.397206664085388184e-03,2.338765412569046021e-01,8.171571791172027588e-02,9.571171760559082031e+00,1.465187549591064453e+01,1.571495437622070312e+01
2.213689422607421875e+02,8.376871418747100506e-11,6.361755566786087002e-11,6.409625348169356585e-05,4.265078678145073354e-05,9.726442396640777588e-03,2.755024470388889313e-03,1.003349293023347855e-02,7.450326345860958099e-03,2.103804945945739746e-01,7.366172224283218384e-02,9.572219848632812500e+00,1.466571521759033203e+01,1.573270988464355469e+01,4.189007127286537013e-11,2.596778347907502393e-11,3.110468969680368900e-05,1.949472061824053526e-05,8.295187726616859436e-03,1.402645837515592575e-03,9.533081203699111938e-03,5.612525623291730881e-03,2.102100551128387451e-01,7.347974926233291626e-02,9.573188781738281250e+00,1.466784572601318359e+01,1.573513984680175781e+01,4.070612851358046292e-38,3.147113162596212043e-38,1.567386899523764976e-13,9.686983881056557277e-14,8.927125483751296997e-03,5.491527845151722431e-04,9.772545658051967621e-03,7.085924968123435974e-03,2.102650701999664307e-01,7.353887706995010376e-02,9.572917938232421875e+00,1.466724777221679688e+01,1.573445701599121094e+01
2.218697814941406250e+02,6.838075244930408303e-11,5.193127872171743320e-11,5.043978671892546117e-05,3.356353045091964304e-05,8.278302848339080811e-03,2.345258835703134537e-03,8.563345298171043396e-03,6.361884530633687973e-03,1.889745146036148071e-01,6.623962521553039551e-02,9.573752403259277344e+00,1.467969417572021484e+01,1.575046539306640625e+01,3.419426200523822956e-11,2.119713085613206260e-11,2.465977922838646919e-05,1.540046650916337967e-05,6.584265269339084625e-03,1.301941112615168095e-03,7.908793166279792786e-03,4.402662627398967743e-03,1.888228654861450195e-01,6.607338041067123413e-02,9.574750900268554688e+00,1.468189716339111328e+01,1.575297832489013672e+01,4.070612851358046292e-38,3.147113162596212043e-38,6.022533003986058064e-14,3.722130093833549147e-14,7.523327600210905075e-03,4.486397956497967243e-04,8.278687484562397003e-03,5.953580606728792191e-03,1.888563632965087891e-01,6.611131876707077026e-02,9.574396133422851562e+00,1.468111324310302734e+01,1.575207996368408203e+01
2.223706207275390625e+02,5.581949139021880057e-11,4.239171513820139126e-11,3.969298268202692270e-05,2.641241371748037636e-05,7.044591940939426422e-03,1.996077131479978561e-03,7.305877283215522766e-03,5.430216435343027115e-03,1.695946902036666870e-01,5.950826033949851990e-02,9.575050354003906250e+00,1.469227886199951172e+01,1.576648426055908203e+01,2.791291850434696187e-11,1.730330809190938623e-11,1.951491140061989427e-05,1.215459269587881863e-05,5.062929820269346237e-03,1.220606267452239990e-03,6.467622704803943634e-03,3.536840202286839485e-03,1.694659739732742310e-01,5.936375632882118225e-02,9.576060295104980469e+00,1.469451522827148438e+01,1.576903343200683594e+01,4.070612851358046292e-38,3.147113162596212043e-38,2.314100110535968757e-14,1.430192430955899707e-14,6.326408591121435165e-03,3.698567161336541176e-04,7.001306395977735519e-03,4.972478840500116348e-03,1.694757640361785889e-01,5.937681347131729126e-02,9.575646400451660156e+00,1.469360351562500000e+01,1.576798725128173828e+01
2.228714599609375000e+02,4.556570398772663566e-11,3.460454839343540812e-11,3.123594069620594382e-05,2.078494799206964672e-05,5.993816070258617401e-03,1.698600826784968376e-03,6.230910308659076691e-03,4.633223172277212143e-03,1.520740389823913574e-01,5.341271311044692993e-02,9.576148033142089844e+00,1.470359706878662109e+01,1.578091907501220703e+01,2.278543326239557132e-11,1.412476385853622673e-11,1.542117752251215279e-05,9.585545740264933556e-06,3.796164644882082939e-03,1.132418168708682060e-03,5.245137494057416916e-03,2.911964664235711098e-03,1.519728153944015503e-01,5.329653620719909668e-02,9.577143669128417969e+00,1.470580101013183594e+01,1.578343582153320312e+01,4.070612851358046292e-38,3.147113162596212043e-38,8.891706340945389198e-15,5.495376543548187095e-15,5.308699794113636017e-03,3.063358599320054054e-04,5.912884604185819626e-03,4.118531476706266403e-03,1.519567668437957764e-01,5.328109115362167358e-02,9.576707839965820312e+00,1.470483398437500000e+01,1.578233432769775391e+01
2.233722839355468750e+02,3.719572566618367659e-11,2.824802718126573353e-11,2.458095150359440595e-05,1.635660009924322367e-05,5.099073052406311035e-03,1.445241505280137062e-03,5.312442779541015625e-03,3.951834514737129211e-03,1.362555623054504395e-01,4.790095239877700806e-02,9.577075958251953125e+00,1.471376514434814453e+01,1.579391288757324219e+01,1.860039205991981248e-11,1.153044153212601231e-11,1.217252338392427191e-05,7.555172032880363986e-06,2.836382947862148285e-03,1.025360194034874439e-03,4.250881262123584747e-03,2.435086993500590324e-03,1.361822187900543213e-01,4.781479761004447937e-02,9.578020095825195312e+00,1.471586227416992188e+01,1.579631328582763672e+01,4.070612851358046292e-38,3.147113162596212043e-38,3.416651811867727276e-15,2.111606974209345386e-15,4.445801023393869400e-03,2.543585142120718956e-04,4.989072680473327637e-03,3.372681327164173126e-03,1.361426264047622681e-01,4.777244850993156433e-02,9.577601432800292969e+00,1.471493148803710938e+01,1.579524898529052734e+01
2.238731231689453125e+02,3.036303847236965225e-11,2.305899395038668587e-11,1.934370084200054407e-05,1.287164013774599880e-05,4.337301943451166153e-03,1.229491434060037136e-03,4.528006073087453842e-03,3.369543934240937233e-03,1.219905912876129150e-01,4.292340204119682312e-02,9.577858924865722656e+00,1.472289276123046875e+01,1.580559635162353516e+01,1.518323834714951914e-11,9.412137735864689603e-12,9.599163604434579611e-06,5.951804268988780677e-06,2.157517941668629646e-03,9.076058631762862206e-04,3.466926282271742821e-03,2.051663585007190704e-03,1.219408139586448669e-01,4.286334663629531860e-02,9.578728675842285156e+00,1.472482204437255859e+01,1.580780601501464844e+01,4.070612851358046292e-38,3.147113162596212043e-38,1.312815517916492841e-15,8.113646016036585654e-16,3.715677652508020401e-03,2.115732204401865602e-04,4.207196645438671112e-03,2.721529686823487282e-03,1.218846291303634644e-01,4.280141368508338928e-02,9.578357696533203125e+00,1.472399806976318359e+01,1.580686092376708984e+01
2.243739624023437500e+02,2.478548269402303106e-11,1.882315830981085014e-11,1.522230286354897544e-05,1.012918983178678900e-05,3.688886063173413277e-03,1.045811455696821213e-03,3.858347889035940170e-03,2.872189739719033241e-03,1.091417595744132996e-01,3.843400999903678894e-02,9.578518867492675781e+00,1.473108005523681641e+01,1.581609439849853516e+01,1.239414647302705674e-11,7.683170939742911543e-12,7.565010037069441751e-06,4.687219643528806046e-06,1.685063703916966915e-03,7.920808275230228901e-04,2.860534936189651489e-03,1.736129401251673698e-03,1.091094166040420532e-01,3.839373588562011719e-02,9.579299926757812500e+00,1.473280715942382812e+01,1.581806278228759766e+01,4.070612851358046292e-38,3.147113162596212043e-38,5.044367074519056846e-16,3.117590259757565879e-16,3.098470624536275864e-03,1.763237669365480542e-04,3.545803483575582504e-03,2.156941685825586319e-03,1.090451478958129883e-01,3.832165151834487915e-02,9.578990936279296875e+00,1.473212909698486328e+01,1.581729507446289062e+01
2.248747863769531250e+02,2.023262460348895786e-11,1.536552135528168606e-11,1.197910205519292504e-05,7.971106242621317506e-06,3.137069288641214371e-03,8.894686470739543438e-04,3.286915598437190056e-03,2.447579056024551392e-03,9.758129715919494629e-02,3.438972309231758118e-02,9.579074859619140625e+00,1.473841571807861328e+01,1.582551574707031250e+01,1.011769053954614250e-11,6.271988137185324774e-12,5.959298505331389606e-06,3.690545099743758328e-06,1.348876161500811577e-03,6.860838620923459530e-04,2.392414724454283714e-03,1.474486431106925011e-03,9.756083786487579346e-02,3.436332195997238159e-02,9.579756736755371094e+00,1.473992633819580078e+01,1.582723999023437500e+01,4.070612851358046292e-38,3.147113162596212043e-38,1.938305727267010045e-16,1.197938844967055697e-16,2.576502040028572083e-03,1.473228330723941326e-04,2.985084429383277893e-03,1.674828934483230114e-03,9.749588370323181152e-02,3.428945690393447876e-02,9.579523086547851562e+00,1.473941326141357422e+01,1.582665348052978516e+01
2.253756256103515625e+02,1.651597608676169671e-11,1.254294151181722938e-11,9.426815267943311483e-06,6.272768587223254144e-06,2.667508320882916451e-03,7.564093684777617455e-04,2.799448557198047638e-03,2.085196087136864662e-03,8.718989044427871704e-02,3.075015544891357422e-02,9.579542160034179688e+00,1.474498653411865234e+01,1.583396530151367188e+01,8.258926528781351806e-12,5.119734497460726175e-12,4.692645688919583336e-06,2.905170049416483380e-06,1.100552733987569809e-03,5.917844828218221664e-04,2.025989815592765808e-03,1.256314106285572052e-03,8.717719465494155884e-02,3.073306381702423096e-02,9.580130577087402344e+00,1.474628543853759766e+01,1.583545017242431641e+01,4.070612851358046292e-38,3.147113162596212043e-38,7.447753579181679603e-17,4.602964639942795069e-17,2.134249545633792877e-03,1.235171075677499175e-04,2.507581142708659172e-03,1.273207133635878563e-03,8.711647987365722656e-02,3.066311776638031006e-02,9.579966545104980469e+00,1.474593162536621094e+01,1.583504104614257812e+01
2.258764648437500000e+02,1.348206095375115154e-11,1.023885490281095656e-11,7.418320365104591474e-06,4.936281584377866238e-06,2.268013777211308479e-03,6.431881920434534550e-04,2.383761806413531303e-03,1.776045188307762146e-03,7.785848528146743774e-02,2.747824788093566895e-02,9.579936027526855469e+00,1.475086593627929688e+01,1.584153747558593750e+01,6.741796357290219532e-12,4.179261537534673110e-12,3.694484348670812324e-06,2.286719791300129145e-06,9.103302145376801491e-04,5.090779159218072891e-04,1.732706674374639988e-03,1.073206658475100994e-03,7.785078138113021851e-02,2.746731787919998169e-02,9.580435752868652344e+00,1.475197124481201172e+01,1.584280204772949219e+01,4.070612851358046292e-38,3.147113162596212043e-38,2.861727612950500414e-17,1.768644994844749185e-17,1.758410944603383541e-03,1.040051865857094526e-04,2.098879311233758926e-03,9.498644503764808178e-04,7.779657095670700073e-02,2.740389667451381683e-02,9.580337524414062500e+00,1.475175380706787109e+01,1.584255313873291016e+01
2.263772888183593750e+02,1.100552982080671427e-11,8.358071179603854262e-12,5.837801381858298555e-06,3.884576017298968509e-06,1.928187091834843159e-03,5.468644667416810989e-04,2.029405673965811729e-03,1.512404880486428738e-03,6.948664784431457520e-02,2.453976124525070190e-02,9.580265998840332031e+00,1.475612354278564453e+01,1.584831714630126953e+01,5.503516913030193081e-12,3.411647266776673959e-12,2.908290753111941740e-06,1.799839424165838864e-06,7.600756944157183170e-04,4.370153183117508888e-04,1.492054318077862263e-03,9.183958172798156738e-04,6.948209553956985474e-02,2.453282289206981659e-02,9.580686569213867188e+00,1.475706195831298828e+01,1.584938621520996094e+01,4.070612851358046292e-38,3.147113162596212043e-38,1.099623383363391784e-17,6.796045602383608369e-18,1.437671482563018799e-03,8.803446689853444695e-05,1.747627393342554569e-03,7.000043406151235104e-04,6.943439692258834839e-02,2.447596192359924316e-02,9.580641746520996094e+00,1.475696086883544922e+01,1.584926986694335938e+01
2.268781280517578125e+02,8.983857928412941618e-12,6.822726411614965514e-12,4.593987796397414058e-06,3.056920377275673673e-06,1.639135414734482765e-03,4.649226611945778131e-04,1.727399416267871857e-03,1.287632272578775883e-03,6.198153644800186157e-02,2.190292999148368835e-02,9.580542564392089844e+00,1.476082134246826172e+01,1.585438442230224609e+01,4.492440707631883967e-12,2.784878230799314736e-12,2.289053782078553922e-06,1.416478653482045047e-06,6.385445594787597656e-04,3.744498826563358307e-04,1.289931708015501499e-03,7.865876541472971439e-04,6.197880208492279053e-02,2.189835533499717712e-02,9.580898284912109375e+00,1.476160812377929688e+01,1.585528278350830078e+01,4.070612851358046292e-38,3.147113162596212043e-38,4.225196382709625159e-18,2.611315102035230463e-18,1.162211061455309391e-03,7.502624794142320752e-05,1.444956636987626553e-03,5.148556083440780640e-04,6.193637847900390625e-02,2.184673212468624115e-02,9.580893516540527344e+00,1.476160049438476562e+01,1.585528182983398438e+01
2.273789672851562500e+02,7.333558239841497794e-12,5.569418190520813994e-12,3.615182777139125392e-06,2.405606437605456449e-06,1.393309328705072403e-03,3.952264669351279736e-04,1.470085349865257740e-03,1.096059451811015606e-03,5.525894835591316223e-02,1.953886263072490692e-02,9.580773353576660156e+00,1.476501750946044922e+01,1.585980796813964844e+01,3.667197621959328302e-12,2.273307410372016335e-12,1.801584858185378835e-06,1.114758674702898134e-06,5.386666161939501762e-04,3.203409723937511444e-04,1.117066363804042339e-03,6.738097290508449078e-04,5.525691062211990356e-02,1.953510381281375885e-02,9.581069946289062500e+00,1.476568031311035156e+01,1.586056423187255859e+01,4.070612851358046292e-38,3.147113162596212043e-38,1.623491051440729495e-18,1.003372667966236798e-18,9.229059214703738689e-04,6.462146120611578226e-05,1.184007734991610050e-03,3.823857114184647799e-04,5.521847680211067200e-02,1.948761194944381714e-02,9.581105232238769531e+00,1.476574993133544922e+01,1.586064052581787109e+01
2.278798065185546875e+02,5.986410585995249889e-12,4.546336831307007387e-12,2.844923983502667397e-06,1.893062403723888565e-06,1.184267341159284115e-03,3.359529073350131512e-04,1.250903471373021603e-03,9.328267187811434269e-04,4.924176633358001709e-02,1.742102950811386108e-02,9.580967903137207031e+00,1.476876354217529297e+01,1.586465644836425781e+01,2.993547033522392375e-12,1.855709596404464534e-12,1.417862222297117114e-06,8.772865953687869478e-07,4.556385974865406752e-04,2.736801106948405504e-04,9.673222666606307030e-04,5.769903655163943768e-04,4.923892766237258911e-02,1.741589233279228210e-02,9.581216812133789062e+00,1.476932048797607422e+01,1.586528873443603516e+01,4.070612851358046292e-38,3.147113162596212043e-38,6.238107626325645592e-19,3.855362690066247656e-19,7.096819463185966015e-04,5.680489994119852781e-05,9.602364734746515751e-04,2.898421662393957376e-04,4.920440912246704102e-02,1.737312786281108856e-02,9.581272125244140625e+00,1.476944828033447266e+01,1.586544036865234375e+01
2.283806304931640625e+02,4.886759399913565005e-12,3.711214929119632799e-12,2.238793967990204692e-06,1.489732994741643779e-06,1.006528036668896675e-03,2.855501952581107616e-04,1.064250245690345764e-03,7.937800255604088306e-04,4.385989531874656677e-02,1.552526000887155533e-02,9.581129074096679688e+00,1.477210521697998047e+01,1.586898612976074219e+01,2.443714935268515021e-12,1.514866465775199789e-12,1.115868599299574271e-06,6.904117526573827490e-07,3.861061995849013329e-04,2.335599274374544621e-04,8.366906549781560898e-04,4.937535850331187248e-04,4.385387897491455078e-02,1.551503036171197891e-02,9.581339836120605469e+00,1.477257633209228516e+01,1.586952400207519531e+01,4.070612851358046292e-38,3.147113162596212043e-38,2.397002428092515059e-19,1.481429036788129424e-19,5.091359489597380161e-04,5.190688170841895044e-05,7.735136896371841431e-04,2.262950292788445950e-04,4.382517561316490173e-02,1.548042800277471542e-02,9.581418991088867188e+00,1.477275085449218750e+01,1.586971950531005859e+01
2.288814697265625000e+02,3.989083369182466754e-12,3.029480962965513946e-12,1.761793328114436008e-06,1.172328325083071832e-06,8.554094238206744194e-04,2.426925202598795295e-04,9.053220273926854134e-04,6.753561901859939098e-04,3.904916346073150635e-02,1.382937096059322357e-02,9.581263542175292969e+00,1.477508449554443359e+01,1.587284946441650391e+01,1.994767849164413853e-12,1.236562935380547401e-12,8.781349833952845074e-07,5.433105911833990831e-07,3.275512426625937223e-04,1.991284661926329136e-04,7.224014843814074993e-04,4.221662820782512426e-04,3.903600201010704041e-02,1.380778662860393524e-02,9.581445693969726562e+00,1.477548885345458984e+01,1.587330913543701172e+01,4.070612851358046292e-38,3.147113162596212043e-38,9.210250285289929330e-20,5.692247908927634844e-20,3.061302995774894953e-04,4.908842674922198057e-05,6.291705649346113205e-04,1.836612209444865584e-04,3.901765495538711548e-02,1.378849800676107407e-02,9.581536293029785156e+00,1.477569484710693359e+01,1.587355136871337891e+01
2.293823089599609375e+02,3.256307333152075323e-12,2.472979286627374762e-12,1.386423832627770025e-06,9.225507255905540660e-07,7.269392372108995914e-04,2.062549610855057836e-04,7.700309506617486477e-04,5.745209637098014355e-04,3.475176915526390076e-02,1.231334451586008072e-02,9.581376075744628906e+00,1.477774047851562500e+01,1.587629795074462891e+01,1.628337655684708452e-12,1.009411846643326616e-12,6.910568686180340592e-07,4.275581773072190117e-07,2.781011862680315971e-04,1.696541730780154467e-04,6.224965327419340611e-04,3.606606624089181423e-04,3.472543880343437195e-02,1.227072160691022873e-02,9.581534385681152344e+00,1.477809333801269531e+01,1.587670135498046875e+01,4.070612851358046292e-38,3.147113162596212043e-38,3.538949756022919577e-20,2.187191393827935408e-20,1.265223982045426965e-04,3.883179306285455823e-05,5.108928307890892029e-04,1.518395583843812346e-04,3.472400084137916565e-02,1.227700524032115936e-02,9.581640243530273438e+00,1.477832603454589844e+01,1.587695980072021484e+01
2.298831329345703125e+02,2.658159933485726434e-12,2.018720477239832611e-12,5.251694917678833008e-01,9.110031723976135254e-01,5.645896792411804199e-01,5.587706342339515686e-02,1.165582984685897827e-02,1.773648662492632866e-03,3.105134330689907074e-02,1.096431724727153778e-02,9.581469535827636719e+00,1.478010559082031250e+01,1.587937068939208984e+01,1.329258318000237082e-12,8.240113777945035078e-13,5.232173800468444824e-01,9.079315662384033203e-01,5.625436902046203613e-01,5.482861027121543884e-02,9.057208895683288574e-03,5.130891222506761551e-03,3.084382973611354828e-02,1.037809718400239944e-02,9.582877159118652344e+00,1.478324985504150391e+01,1.588297367095947266e+01,4.070612851358046292e-38,3.147113162596212043e-38,5.231742262840270996e-01,9.078664779663085938e-01,5.624976158142089844e-01,5.483283102512359619e-02,8.773237466812133789e-03,4.945404827594757080e-03,3.101003542542457581e-02,1.090092770755290985e-02,9.582867622375488281e+00,1.478322124481201172e+01,1.588293743133544922e+01
2.303839721679687500e+02,2.169867367382560808e-12,1.647890266083529287e-12,5.670252442359924316e-01,4.795863330364227295e-01,7.933723926544189453e-01,1.414064764976501465e-01,6.673943251371383667e-02,1.697200722992420197e-02,3.188067302107810974e-02,1.012543495744466782e-02,9.581595420837402344e+00,1.478221702575683594e+01,1.588211059570312500e+01,1.085056849058074757e-12,6.726302457724098183e-13,5.608480572700500488e-01,4.740438759326934814e-01,7.854065299034118652e-01,1.380110532045364380e-01,6.347104161977767944e-02,1.545388251543045044e-02,3.084967844188213348e-02,8.628298528492450714e-03,9.586855888366699219e+00,1.479394054412841797e+01,1.589552116394042969e+01,4.070612851358046292e-38,3.147113162596212043e-38,5.596870183944702148e-01,4.730073511600494385e-01,7.838923335075378418e-01,1.373924762010574341e-01,6.299559772014617920e-02,1.429119985550642014e-02,3.100036457180976868e-02,8.063442073762416840e-03,9.587960243225097656e+00,1.479640007019042969e+01,1.589833927154541016e+01
2.308848114013671875e+02,1.771271822791076200e-12,1.345179718482969466e-12,4.742169976234436035e-01,3.341807126998901367e-01,8.621808290481567383e-01,1.872181892395019531e-01,1.375201195478439331e-01,4.914955049753189087e-02,4.622456058859825134e-02,1.141786761581897736e-02,9.582184791564941406e+00,1.478416919708251953e+01,1.588456821441650391e+01,8.857365795672533793e-13,5.490709341186839065e-13,4.692373871803283691e-01,3.300624489784240723e-01,8.543953299522399902e-01,1.838755011558532715e-01,1.349335610866546631e-01,4.661756008863449097e-02,4.443570598959922791e-02,8.901905268430709839e-03,9.587308883666992188e+00,1.479561042785644531e+01,1.589765262603759766e+01,4.070612851358046292e-38,3.147113162596212043e-38,4.656311273574829102e-01,3.271051347255706787e-01,8.486647009849548340e-01,1.815205812454223633e-01,1.328230649232864380e-01,4.477434605360031128e-02,4.314310103654861450e-02,5.419390276074409485e-03,9.591359138488769531e+00,1.480462169647216797e+01,1.590796661376953125e+01
2.313856353759765625e+02,1.445905461333607533e-12,1.098082562378532856e-12,3.782823085784912109e-01,2.551088333129882812e-01,8.718459010124206543e-01,2.060301601886749268e-01,2.013037651777267456e-01,8.784166723489761353e-02,7.838334143161773682e-02,1.678846776485443115e-02,9.584315299987792969e+00,1.478625869750976562e+01,1.588687229156494141e+01,7.230515014847171962e-13,4.482218632709256134e-13,3.746257126331329346e-01,2.520647644996643066e-01,8.651592731475830078e-01,2.031937837600708008e-01,1.986523121595382690e-01,8.567039668560028076e-02,7.650690525770187378e-02,1.031899265944957733e-02,9.589404106140136719e+00,1.479759693145751953e+01,1.589983654022216797e+01,4.070612851358046292e-38,3.147113162596212043e-38,3.702766299247741699e-01,2.484505474567413330e-01,8.571928143501281738e-01,1.998421549797058105e-01,1.954116523265838623e-01,8.298857510089874268e-02,7.387836277484893799e-02,5.078237969428300858e-03,9.595127105712890625e+00,1.481034660339355469e+01,1.591443538665771484e+01
2.318864746093750000e+02,1.180298480479846646e-12,8.963692418526014727e-13,2.986136078834533691e-01,1.993208229541778564e-01,8.492614030838012695e-01,2.097449749708175659e-01,2.508037686347961426e-01,1.241169646382331848e-01,1.264391243457794189e-01,2.704386040568351746e-02,9.589323043823242188e+00,1.478904247283935547e+01,1.588932037353515625e+01,5.902163523544001755e-13,3.658770064262489852e-13,2.943148314952850342e-01,1.956464499235153198e-01,8.405916094779968262e-01,2.059895694255828857e-01,2.469082176685333252e-01,1.209949105978012085e-01,1.237142458558082581e-01,1.823350973427295685e-02,9.596067428588867188e+00,1.480406379699707031e+01,1.590650653839111328e+01,4.070612851358046292e-38,3.147113162596212043e-38,2.902872562408447266e-01,1.922121793031692505e-01,8.324528932571411133e-01,2.025062143802642822e-01,2.431043833494186401e-01,1.179178208112716675e-01,1.206875294446945190e-01,1.227947417646646500e-02,9.602118492126464844e+00,1.481753730773925781e+01,1.592192649841308594e+01
2.323873138427734375e+02,9.634822236911921856e-13,7.317097231937519375e-13,2.351594567298889160e-01,1.565918624401092529e-01,8.068364262580871582e-01,2.047733217477798462e-01,2.851508259773254395e-01,1.535099893808364868e-01,1.854216903448104858e-01,4.169433936476707458e-02,9.598254203796386719e+00,1.479323196411132812e+01,1.589240741729736328e+01,4.817960266856324836e-13,2.986669071780578832e-13,2.322363853454589844e-01,1.540051698684692383e-01,8.007084131240844727e-01,2.018725872039794922e-01,2.824117243289947510e-01,1.512905657291412354e-01,1.833036392927169800e-01,3.861109167337417603e-02,9.602515220642089844e+00,1.480276775360107422e+01,1.590331077575683594e+01,4.070612851358046292e-38,3.147113162596212043e-38,2.272080928087234497e-01,1.496066898107528687e-01,7.899445891380310059e-01,1.971463710069656372e-01,2.767520546913146973e-01,1.467348933219909668e-01,1.784313768148422241e-01,3.475460782647132874e-02,9.610133171081542969e+00,1.481966686248779297e+01,1.592265224456787109e+01
2.328881530761718750e+02,7.864942421290099794e-13,5.972974393732288778e-13,1.850865930318832397e-01,1.231804266571998596e-01,7.525920867919921875e-01,1.946618109941482544e-01,3.057258427143096924e-01,1.746440678834915161e-01,2.497839927673339844e-01,5.947911366820335388e-02,9.611580848693847656e+00,1.479953193664550781e+01,1.589676570892333984e+01,3.932919528243372653e-13,2.438029433286109660e-13,1.839321553707122803e-01,1.221359968185424805e-01,7.501098513603210449e-01,1.934351772069931030e-01,3.045176565647125244e-01,1.736548244953155518e-01,2.487694472074508667e-01,5.838453397154808044e-02,9.613344192504882812e+00,1.480347537994384766e+01,1.590127372741699219e+01,4.070612851358046292e-38,3.147113162596212043e-38,1.793534159660339355e-01,1.180257573723793030e-01,7.401146292686462402e-01,1.888011395931243896e-01,2.988899350166320801e-01,1.691025942564010620e-01,2.436102777719497681e-01,5.444370210170745850e-02,9.620748519897460938e+00,1.481989192962646484e+01,1.592004966735839844e+01
2.333889770507812500e+02,6.420221884510801669e-13,4.875792152837787885e-13,1.456582099199295044e-01,9.692731499671936035e-02,6.921807527542114258e-01,1.815920919179916382e-01,3.146471083164215088e-01,1.877649724483489990e-01,3.145932257175445557e-01,7.889434695243835449e-02,9.629204750061035156e+00,1.480851745605468750e+01,1.590305137634277344e+01,3.210551128337429949e-13,1.990230625702887890e-13,1.452971994876861572e-01,9.659383445978164673e-02,6.914085149765014648e-01,1.811845898628234863e-01,3.142567276954650879e-01,1.874413043260574341e-01,3.142358064651489258e-01,7.856599986553192139e-02,9.629770278930664062e+00,1.480978393554687500e+01,1.590449333190917969e+01,4.070612851358046292e-38,3.147113162596212043e-38,1.425789445638656616e-01,9.410338848829269409e-02,6.854834556579589844e-01,1.782839745283126831e-01,3.106989264488220215e-01,1.845343261957168579e-01,3.107096254825592041e-01,7.598979771137237549e-02,9.634399414062500000e+00,1.482003402709960938e+01,1.591621494293212891e+01
2.338898162841796875e+02,5.240851697931037112e-13,3.980127588187193366e-13,1.146249175071716309e-01,7.627415657043457031e-02,6.295763254165649414e-01,1.670076549053192139e-01,3.141862154006958008e-01,1.938534080982208252e-01,3.759637773036956787e-01,9.852912276983261108e-02,9.650602340698242188e+00,1.482056236267089844e+01,1.591184997558593750e+01,2.620724817714581434e-13,1.624595640306591982e-13,1.145357191562652588e-01,7.618850469589233398e-02,6.293973326683044434e-01,1.669053435325622559e-01,3.140961527824401855e-01,1.937764137983322144e-01,3.758783936500549316e-01,9.845754504203796387e-02,9.650737762451171875e+00,1.482086277008056641e+01,1.591219615936279297e+01,4.070612851358046292e-38,3.147113162596212043e-38,1.139048859477043152e-01,7.559765130281448364e-02,6.280652284622192383e-01,1.662031561136245728e-01,3.132859170436859131e-01,1.931019723415374756e-01,3.750258982181549072e-01,9.783958643674850464e-02,9.651820182800292969e+00,1.482325744628906250e+01,1.591492938995361328e+01
2.343906555175781250e+02,4.278131939417645357e-13,3.248996666323222815e-13,9.020294994115829468e-02,6.002278253436088562e-02,5.675153136253356934e-01,1.518916338682174683e-01,3.065045177936553955e-01,1.941501796245574951e-01,4.311026930809020996e-01,1.172211468219757080e-01,9.675000190734863281e+00,1.483582687377929688e+01,1.592359256744384766e+01,2.139307611268015386e-13,1.326163842369637580e-13,9.019071608781814575e-02,6.001029163599014282e-02,5.674936771392822266e-01,1.518779993057250977e-01,3.064943850040435791e-01,1.941411346197128296e-01,4.310932159423828125e-01,1.172140464186668396e-01,9.675015449523925781e+00,1.483586120605468750e+01,1.592363548278808594e+01,4.070612851358046292e-38,3.147113162596212043e-38,9.018903225660324097e-02,6.000885367393493652e-02,5.674898028373718262e-01,1.518756896257400513e-01,3.064924478530883789e-01,1.941394060850143433e-01,4.310911595821380615e-01,1.172127276659011841e-01,9.675023078918457031e+00,1.483587169647216797e+01,1.592363929748535156e+01
2.348914794921875000e+02,3.492280249706158912e-13,2.652187280557938287e-13,7.098472118377685547e-02,4.723452776670455933e-02,5.078117251396179199e-01,1.369096189737319946e-01,2.935314476490020752e-01,1.899172812700271606e-01,4.782153964042663574e-01,1.341080516576766968e-01,9.701520919799804688e+00,1.485427188873291016e+01,1.593852519989013672e+01,1.746377836179396903e-13,1.082585152707878084e-13,7.097584009170532227e-02,4.722495004534721375e-02,5.077979564666748047e-01,1.369003802537918091e-01,2.935248315334320068e-01,1.899110823869705200e-01,4.782089889049530029e-01,1.341035664081573486e-01,9.701529502868652344e+00,1.485429668426513672e+01,1.593855667114257812e+01,4.070612851358046292e-38,3.147113162596212043e-38,7.098101079463958740e-02,4.723062366247177124e-02,5.078057050704956055e-01,1.369055062532424927e-01,2.935285568237304688e-01,1.899146139621734619e-01,4.782127737998962402e-01,1.341061592102050781e-01,9.701525688171386719e+00,1.485428428649902344e+01,1.593853950500488281e+01
2.353923187255859375e+02,2.850766226813322701e-13,2.164994122562727275e-13,5.586064979434013367e-02,3.717068210244178772e-02,4.515984654426574707e-01,1.224986016750335693e-01,2.769118249416351318e-01,1.823172420263290405e-01,2.245991945266723633e+00,3.551501035690307617e-01,9.751855850219726562e+00,1.487709999084472656e+01,1.595682144165039062e+01,1.425543439802917645e-13,8.836989028992298101e-14,5.483339726924896240e-02,3.612458705902099609e-02,4.498153626918792725e-01,1.214113458991050720e-01,2.755944728851318359e-01,1.811436861753463745e-01,2.238517999649047852e+00,3.536294102668762207e-01,9.754735946655273438e+00,1.488343429565429688e+01,1.596403598785400391e+01,4.070612851358046292e-38,3.147113162596212043e-38,5.489364638924598694e-02,3.620086237788200378e-02,4.498768150806427002e-01,1.214513629674911499e-01,2.756343483924865723e-01,1.811806261539459229e-01,2.238706111907958984e+00,3.536695539951324463e-01,9.754638671875000000e+00,1.488322925567626953e+01,1.596379947662353516e+01
2.358931579589843750e+02,2.327093053845763482e-13,1.767294264490987254e-13,4.395887628197669983e-02,2.925102598965167999e-02,3.995243310928344727e-01,1.089325696229934692e-01,2.580007910728454590e-01,1.723613888025283813e-01,1.952694177627563477e+00,5.391927361488342285e-01,9.898694992065429688e+00,1.492602443695068359e+01,1.598464107513427734e+01,1.163678528537381851e-13,7.213680201139174852e-14,4.372702538967132568e-02,2.898133546113967896e-02,3.992256820201873779e-01,1.087384372949600220e-01,2.577851414680480957e-01,1.721535772085189819e-01,1.951913475990295410e+00,5.389236807823181152e-01,9.899131774902343750e+00,1.492697715759277344e+01,1.598571872711181641e+01,4.070612851358046292e-38,3.147113162596212043e-38,4.369163885712623596e-02,2.895892970263957977e-02,3.991416394710540771e-01,1.086859777569770813e-01,2.577184736728668213e-01,1.720918267965316772e-01,1.951633572578430176e+00,5.388305187225341797e-01,9.899258613586425781e+00,1.492724323272705078e+01,1.598602581024169922e+01
2.363939971923828125e+02,1.899615989682523765e-13,1.442649846155122373e-13,3.459291160106658936e-02,2.301874384284019470e-02,3.518892824649810791e-01,9.636712074279785156e-02,2.378793805837631226e-01,1.608934849500656128e-01,1.770643830299377441e+00,5.631346702575683594e-01,1.004022216796875000e+01,1.500169944763183594e+01,1.603293609619140625e+01,9.499158729574241899e-14,5.888559496784739888e-14,3.435692936182022095e-02,2.270841225981712341e-02,3.516668975353240967e-01,9.621724486351013184e-02,2.377143949270248413e-01,1.607283353805541992e-01,1.770179152488708496e+00,5.629430413246154785e-01,1.004056549072265625e+01,1.500243473052978516e+01,1.603376388549804688e+01,4.070612851358046292e-38,3.147113162596212043e-38,3.445468470454216003e-02,2.285276167094707489e-02,3.517296910285949707e-01,9.626053273677825928e-02,2.377576977014541626e-01,1.607721596956253052e-01,1.770288467407226562e+00,5.629883408546447754e-01,1.004045867919921875e+01,1.500221061706542969e+01,1.603350639343261719e+01
2.368948211669921875e+02,1.550674058560172486e-13,1.177648338004586015e-13,2.722267061471939087e-02,1.811445318162441254e-02,3.087522983551025391e-01,8.487436175346374512e-02,2.173847407102584839e-01,1.485940814018249512e-01,1.628834724426269531e+00,5.410053133964538574e-01,1.014856052398681641e+01,1.508880805969238281e+01,1.610112571716308594e+01,7.754429422798109206e-14,4.806995323710164247e-14,2.676208876073360443e-02,1.741880178451538086e-02,3.084277808666229248e-01,8.464997261762619019e-02,2.171346694231033325e-01,1.483388990163803101e-01,1.628222703933715820e+00,5.407308936119079590e-01,1.014912700653076172e+01,1.508999919891357422e+01,1.610246658325195312e+01,4.070612851358046292e-38,3.147113162596212043e-38,2.703514322638511658e-02,1.787167601287364960e-02,3.085733652114868164e-01,8.475190401077270508e-02,2.172412574291229248e-01,1.484480202198028564e-01,1.628464579582214355e+00,5.408395528793334961e-01,1.014884471893310547e+01,1.508940601348876953e+01,1.610180282592773438e+01
2.373956604003906250e+02,1.265821621783055906e-13,9.613191725944478239e-14,2.142254635691642761e-02,1.425494719296693802e-02,2.700049579143524170e-01,7.446709275245666504e-02,1.971421539783477783e-01,1.359935402870178223e-01,1.504889845848083496e+00,5.070014595985412598e-01,1.022739505767822266e+01,1.517813301086425781e+01,1.618257141113281250e+01,6.329828425733624586e-14,3.923880805781904124e-14,2.059889584779739380e-02,1.221880316734313965e-02,2.695640325546264648e-01,7.415929436683654785e-02,1.967958658933639526e-01,1.356360912322998047e-01,1.504175305366516113e+00,5.066648125648498535e-01,1.022837638854980469e+01,1.518019676208496094e+01,1.618489265441894531e+01,4.070612851358046292e-38,3.147113162596212043e-38,2.107875607907772064e-02,1.377231534570455551e-02,2.697299420833587646e-01,7.427793741226196289e-02,1.969059109687805176e-01,1.357488632202148438e-01,1.504337549209594727e+00,5.067397356033325195e-01,1.022786521911621094e+01,1.517912960052490234e+01,1.618369102478027344e+01
2.378964996337890625e+02,1.033295289067613643e-13,7.847287273113345840e-14,1.685820706188678741e-02,1.121775433421134949e-02,2.354367822408676147e-01,6.511981785297393799e-02,1.776038110256195068e-01,1.234936267137527466e-01,1.391428947448730469e+00,4.712174236774444580e-01,1.028495693206787109e+01,1.526534938812255859e+01,1.627059173583984375e+01,5.167064286203462697e-14,3.203079823404196558e-14,1.600681990385055542e-02,6.950332783162593842e-03,2.350700795650482178e-01,6.484927982091903687e-02,1.773233711719512939e-01,1.232037916779518127e-01,1.390923380851745605e+00,4.709676802158355713e-01,1.028625869750976562e+01,1.526807022094726562e+01,1.627365303039550781e+01,4.070612851358046292e-38,3.147113162596212043e-38,1.616706512868404388e-02,9.957970120012760162e-03,2.349909693002700806e-01,6.479379534721374512e-02,1.772357970476150513e-01,1.231089830398559570e-01,1.390676379203796387e+00,4.708473682403564453e-01,1.028579521179199219e+01,1.526712131500244141e+01,1.627258300781250000e+01
2.383973236083984375e+02,8.434882160139947627e-14,6.405811346860482147e-14,1.326645258814096451e-02,8.827735669910907745e-03,2.047728598117828369e-01,5.678144469857215881e-02,1.590795665979385376e-01,1.113868206739425659e-01,1.285781621932983398e+00,4.365146458148956299e-01,1.032804012298583984e+01,1.534855270385742188e+01,1.636027145385742188e+01,4.218018417726822344e-14,2.614762756086765755e-14,1.211547199636697769e-02,3.881936194375157356e-03,2.043623030185699463e-01,5.644508451223373413e-02,1.587572097778320312e-01,1.110454201698303223e-01,1.285150051116943359e+00,4.361827075481414795e-01,1.032959365844726562e+01,1.535180473327636719e+01,1.636393547058105469e+01,4.070612851358046292e-38,3.147113162596212043e-38,1.240802183747291565e-02,5.625980906188488007e-03,2.043358534574508667e-01,5.644580349326133728e-02,1.587362140417098999e-01,1.110302954912185669e-01,1.285197138786315918e+00,4.362178444862365723e-01,1.032921695709228516e+01,1.535101795196533203e+01,1.636304473876953125e+01
2.388981628417968750e+02,6.885426473771105726e-14,5.229088104359569389e-14,1.043986808508634567e-02,6.946874782443046570e-03,1.777016371488571167e-01,4.938475042581558228e-02,1.417647153139114380e-01,9.987493604421615601e-02,1.186814308166503906e+00,4.036130905151367188e-01,1.036133193969726562e+01,1.542695045471191406e+01,1.644845390319824219e+01,3.443105921359899957e-14,2.134392584006959692e-14,6.537036038935184479e-03,2.690805355086922646e-03,1.771666854619979858e-01,4.891909658908843994e-02,1.413788348436355591e-01,9.947148710489273071e-02,1.186215400695800781e+00,4.032929837703704834e-01,1.036331653594970703e+01,1.543112373352050781e+01,1.645316505432128906e+01,4.070612851358046292e-38,3.147113162596212043e-38,9.377662092447280884e-03,2.362657105550169945e-03,1.773643344640731812e-01,4.910153895616531372e-02,1.414976716041564941e-01,9.959131479263305664e-02,1.186335086822509766e+00,4.033520519733428955e-01,1.036271476745605469e+01,1.542985343933105469e+01,1.645172500610351562e+01
2.393990020751953125e+02,5.620599268668126369e-14,4.268523943052986158e-14,8.215520530939102173e-03,5.466754548251628876e-03,1.539016813039779663e-01,4.285516589879989624e-02,1.257686167955398560e-01,8.908934891223907471e-02,1.093950510025024414e+00,3.726263344287872314e-01,1.038788032531738281e+01,1.550026321411132812e+01,1.653325843811035156e+01,2.810620659821072564e-14,1.742312721777616175e-14,2.364291809499263763e-03,1.722294837236404419e-03,1.537099927663803101e-01,4.267503693699836731e-02,1.256384253501892090e-01,8.895363658666610718e-02,1.093790054321289062e+00,3.725324869155883789e-01,1.038979530334472656e+01,1.550428962707519531e+01,1.653780364990234375e+01,4.070612851358046292e-38,3.147113162596212043e-38,6.597172468900680542e-03,1.131314202211797237e-03,1.532676219940185547e-01,4.227920249104499817e-02,1.252701431512832642e-01,8.853215724229812622e-02,1.093089818954467773e+00,3.721415102481842041e-01,1.038961887359619141e+01,1.550394248962402344e+01,1.653740501403808594e+01
2.398998260498046875e+02,4.588147759941249570e-14,3.484436046988226288e-14,6.465152371674776077e-03,4.302028566598892212e-03,1.330530792474746704e-01,3.711499646306037903e-02,1.111341863870620728e-01,7.910543680191040039e-02,1.006830453872680664e+00,3.435094952583312988e-01,1.040963077545166016e+01,1.556847286224365234e+01,1.661365699768066406e+01,2.294386773941340524e-14,1.422297575667721276e-14,1.195223536342382431e-03,1.137745101004838943e-03,1.329668164253234863e-01,3.702677413821220398e-02,1.110761687159538269e-01,7.904195040464401245e-02,1.006765961647033691e+00,3.434659838676452637e-01,1.041123867034912109e+01,1.557187271118164062e+01,1.661748886108398438e+01,4.070612851358046292e-38,3.147113162596212043e-38,1.400017063133418560e-03,7.933274609968066216e-04,1.327622532844543457e-01,3.683917596936225891e-02,1.109463274478912354e-01,7.891654968261718750e-02,1.006636261940002441e+00,3.433982431888580322e-01,1.041141891479492188e+01,1.557225131988525391e+01,1.661791229248046875e+01
2.404006652832031250e+02,3.745327954566592121e-14,2.844362725494715971e-14,5.087680649012327194e-03,3.385433927178382874e-03,1.148455664515495300e-01,3.208650648593902588e-02,9.785409271717071533e-02,6.995502114295959473e-02,9.251822829246520996e-01,3.161842823028564453e-01,1.042782974243164062e+01,1.563170337677001953e+01,1.668916130065917969e+01,1.872874888487162381e-14,1.161001125153746788e-14,7.878245669417083263e-04,8.311063866131007671e-04,1.147641688585281372e-01,3.199923411011695862e-02,9.779771417379379272e-02,6.989091634750366211e-02,9.251114130020141602e-01,3.161353766918182373e-01,1.042914485931396484e+01,1.563449192047119141e+01,1.669231986999511719e+01,4.070612851358046292e-38,3.147113162596212043e-38,1.002467834041453898e-04,1.351126411464065313e-04,1.147608757019042969e-01,3.200200945138931274e-02,9.779250621795654297e-02,6.988480687141418457e-02,9.251049757003784180e-01,3.161306679248809814e-01,1.042940235137939453e+01,1.563503360748291016e+01,1.669292640686035156e+01
2.409015045166015625e+02,3.057330186543791295e-14,2.321867572068880142e-14,4.003693349659442902e-03,2.664129482582211494e-03,9.898834675550460815e-02,2.769526652991771698e-02,8.588752150535583496e-02,6.163919717073440552e-02,8.487872481346130371e-01,2.905763983726501465e-01,1.044329166412353516e+01,1.569014263153076172e+01,1.675959968566894531e+01,1.528837210366777721e-14,9.477311039359122280e-15,5.979337729513645172e-04,6.459686555899679661e-04,9.886687994003295898e-02,2.756019122898578644e-02,8.580233901739120483e-02,6.154069676995277405e-02,8.486731052398681641e-01,2.904984652996063232e-01,1.044438362121582031e+01,1.569247055053710938e+01,1.676223564147949219e+01,4.070612851358046292e-38,3.147113162596212043e-38,5.262419108476024121e-06,1.014710051094880328e-05,9.886009991168975830e-02,2.756461687386035919e-02,8.579331636428833008e-02,6.153057515621185303e-02,8.486604094505310059e-01,2.904898822307586670e-01,1.044461441040039062e+01,1.569295692443847656e+01,1.676278686523437500e+01
2.414023437500000000e+02,2.495713630602889449e-14,1.895351924182091946e-14,3.150661475956439972e-03,2.096506534144282341e-03,8.521122485399246216e-02,2.387095801532268524e-02,7.516954839229583740e-02,5.413602665066719055e-02,7.774447798728942871e-01,2.666170895099639893e-01,1.045656204223632812e+01,1.574401855468750000e+01,1.682499885559082031e+01,1.247997422770688938e-14,7.736376270780099401e-15,4.879084008280187845e-04,5.197915015742182732e-04,8.501635491847991943e-02,2.364119887351989746e-02,7.503518462181091309e-02,5.397861078381538391e-02,7.772730588912963867e-01,2.664981782436370850e-01,1.045750427246093750e+01,1.574603652954101562e+01,1.682728576660156250e+01,4.070612851358046292e-38,3.147113162596212043e-38,8.371604280910105444e-07,9.682617019279859960e-07,8.502513170242309570e-02,2.367285639047622681e-02,7.503416389226913452e-02,5.397884547710418701e-02,7.772718667984008789e-01,2.664976418018341064e-01,1.045767688751220703e+01,1.574640560150146484e+01,1.682770729064941406e+01
2.419031677246093750e+02,2.037275513219749534e-14,1.547194447212851820e-14,2.479395130649209023e-03,1.649834099225699902e-03,7.326710969209671021e-02,2.054847031831741333e-02,6.562054157257080078e-02,4.740815982222557068e-02,7.109636068344116211e-01,2.442429810762405396e-01,1.046802520751953125e+01,1.579357910156250000e+01,1.688549232482910156e+01,1.018776246496750845e-14,6.315425562201807189e-15,4.171779728494584560e-04,4.281774454284459352e-04,7.295788079500198364e-02,2.015569992363452911e-02,6.541725993156433105e-02,4.716694355010986328e-02,7.107261419296264648e-01,2.440739870071411133e-01,1.046889019012451172e+01,1.579544162750244141e+01,1.688759994506835938e+01,4.070612851358046292e-38,3.147113162596212043e-38,2.935973952844506130e-07,2.085683377117675263e-07,7.301884144544601440e-02,2.026686072349548340e-02,6.544642150402069092e-02,4.720395803451538086e-02,7.107599377632141113e-01,2.440981864929199219e-01,1.046898460388183594e+01,1.579565238952636719e+01,1.688784027099609375e+01
2.424040069580078125e+02,1.663037552991370599e-14,1.262982028530680589e-14,1.951131504029035568e-03,1.298317802138626575e-03,6.293106824159622192e-02,1.766791008412837982e-02,5.715161561965942383e-02,4.140756279230117798e-02,6.491462588310241699e-01,2.233909666538238525e-01,1.047796154022216797e+01,1.583908271789550781e+01,1.694128608703613281e+01,8.316127124495358014e-15,5.155194135887230383e-15,3.694486804306507111e-04,3.588449908420443535e-04,6.244532391428947449e-02,1.700709946453571320e-02,5.685162171721458435e-02,4.104731604456901550e-02,6.488276124000549316e-01,2.231567054986953735e-01,1.047882843017578125e+01,1.584096336364746094e+01,1.694342041015625000e+01,4.070612851358046292e-38,3.147113162596212043e-38,1.068030854867174639e-07,6.900604887505323859e-08,6.257902830839157104e-02,1.725288294255733490e-02,5.691419169306755066e-02,4.112621769309043884e-02,6.488911509513854980e-01,2.232040315866470337e-01,1.047884368896484375e+01,1.584099769592285156e+01,1.694346237182617188e+01
2.429048461914062500e+02,1.357545294981919032e-14,1.030978094915127943e-14,1.535420189611613750e-03,1.021696138195693493e-03,5.400199443101882935e-02,1.517529599368572235e-02,4.967129603028297424e-02,3.608099743723869324e-02,5.917975902557373047e-01,2.040003538131713867e-01,1.048658752441406250e+01,1.588078212738037109e+01,1.699262237548828125e+01,6.788493886759807555e-15,4.208209183274554469e-15,3.331080079078674316e-04,3.036431735381484032e-04,5.328590422868728638e-02,1.409556902945041656e-02,4.926763847470283508e-02,3.559315577149391174e-02,5.914133191108703613e-01,2.037085890769958496e-01,1.048752117156982422e+01,1.588281822204589844e+01,1.699493408203125000e+01,4.070612851358046292e-38,3.147113162596212043e-38,4.015708299220932531e-08,2.522551589834165497e-08,5.352885276079177856e-02,1.459756493568420410e-02,4.936439171433448792e-02,3.571401163935661316e-02,5.914930105209350586e-01,2.037693262100219727e-01,1.048743915557861328e+01,1.588263607025146484e+01,1.699472999572753906e+01
2.434056701660156250e+02,1.108177185947653229e-14,8.415972827218853175e-15,1.208289642818272114e-03,8.040175889618694782e-04,4.630023241043090820e-02,1.302207354456186295e-02,4.308811575174331665e-02,3.137251734733581543e-02,5.387166738510131836e-01,1.860093921422958374e-01,1.049407863616943359e+01,1.591892814636230469e+01,1.703974723815917969e+01,5.541641059610743353e-15,3.435280607476691103e-15,3.016654518432915211e-04,2.576211118139326572e-04,4.534564912319183350e-02,1.130220759660005569e-02,4.262506589293479919e-02,3.081986680626869202e-02,5.383299589157104492e-01,1.857078522443771362e-01,1.049510860443115234e+01,1.592117500305175781e+01,1.704230499267578125e+01,4.070612851358046292e-38,3.147113162596212043e-38,1.530632331991910178e-08,9.517507670864233660e-09,4.568333923816680908e-02,1.224270462989807129e-02,4.270173236727714539e-02,3.090631775557994843e-02,5.383620858192443848e-01,1.857307553291320801e-01,1.049494075775146484e+01,1.592081546783447266e+01,1.704188728332519531e+01
2.439065093994140625e+02,9.046099271406166792e-15,6.869995820461089961e-15,9.508491493761539459e-04,6.327120936475694180e-04,3.966569900512695312e-02,1.116472668945789337e-02,3.731266409158706665e-02,2.722544968128204346e-02,4.896929264068603516e-01,1.693534255027770996e-01,1.050057888031005859e+01,1.595376968383789062e+01,1.708292770385742188e+01,4.523562090636172248e-15,2.804170758037615244e-15,2.713758440222591162e-04,2.178397844545543194e-04,3.856797516345977783e-02,8.640368469059467316e-03,3.688585385680198669e-02,2.672559209167957306e-02,4.893800020217895508e-01,1.691033244132995605e-01,1.050167560577392578e+01,1.595616149902343750e+01,1.708564567565917969e+01,4.070612851358046292e-38,3.147113162596212043e-38,5.863846297415875597e-09,3.632280920484731723e-09,3.887897357344627380e-02,1.012042816728353500e-02,3.684379905462265015e-02,2.665573544800281525e-02,4.892987906932830811e-01,1.690334081649780273e-01,1.050148868560791016e+01,1.595575904846191406e+01,1.708519172668457031e+01
2.444073486328125000e+02,7.384350224934159435e-15,5.607992538500961716e-15,7.482569199055433273e-04,4.979035584256052971e-04,3.395761549472808838e-02,9.564804844558238983e-03,3.226043656468391418e-02,2.358488366007804871e-02,2.339866638183593750e+00,3.615852892398834229e-01,1.052663421630859375e+01,1.598668670654296875e+01,1.712250709533691406e+01,3.692603711138390393e-15,2.289057200285569103e-15,1.785334898158907890e-04,1.558178191771730781e-04,3.113129734992980957e-02,3.683998947963118553e-03,3.062616474926471710e-02,2.096718549728393555e-02,2.326620817184448242e+00,3.588584661483764648e-01,1.053189754486083984e+01,1.599818515777587891e+01,1.713558769226074219e+01,4.070612851358046292e-38,3.147113162596212043e-38,2.247142472100449595e-09,1.391018189522696957e-09,3.115920908749103546e-02,3.142687492072582245e-03,3.057096526026725769e-02,2.145750448107719421e-02,2.325837373733520508e+00,3.587031066417694092e-01,1.053213405609130859e+01,1.599870300292968750e+01,1.713617706298828125e+01
2.449081878662109375e+02,6.027882440564442598e-15,4.577832338599702525e-15,5.888324812985956669e-04,3.918196598533540964e-04,2.905216440558433533e-02,8.188350126147270203e-03,2.785233035683631897e-02,2.039839327335357666e-02,1.939957618713378906e+00,5.472462773323059082e-01,1.065816783905029297e+01,1.604105567932128906e+01,1.716499137878417969e+01,3.014280668735833460e-15,1.868562304939511837e-15,1.734866091283038259e-04,1.372201804770156741e-04,2.712988108396530151e-02,3.234504023566842079e-03,2.721074596047401428e-02,1.856796815991401672e-02,1.937950253486633301e+00,5.465129017829895020e-01,1.066045093536376953e+01,1.604596328735351562e+01,1.717056274414062500e+01,4.070612851358046292e-38,3.147113162596212043e-38,8.627842884578740268e-10,5.335461517042006108e-10,2.633970789611339569e-02,1.584944897331297398e-03,2.665607444941997528e-02,1.860012114048004150e-02,1.937158703804016113e+00,5.462431311607360840e-01,1.066122531890869141e+01,1.604762458801269531e+01,1.717245101928710938e+01
2.454090118408203125e+02,4.920620219606413465e-15,3.736929792301155184e-15,4.633784410543739796e-04,3.083403280470520258e-04,2.484074607491493225e-02,7.005469407886266708e-03,2.401515655219554901e-02,1.761669106781482697e-02,1.679691314697265625e+00,5.541752576828002930e-01,1.078669643402099609e+01,1.612002182006835938e+01,1.722305679321289062e+01,2.460643840784424927e-15,1.525360965975422391e-15,1.542264362797141075e-04,1.152638942585326731e-04,2.288652956485748291e-02,2.796564949676394463e-03,2.345015853643417358e-02,1.482623070478439331e-02,1.678588390350341797e+00,5.536757111549377441e-01,1.078879833221435547e+01,1.612448883056640625e+01,1.722810935974121094e+01,4.070612851358046292e-38,3.147113162596212043e-38,3.314395424780514077e-10,2.048839292667636869e-10,2.220757491886615753e-02,1.199846970848739147e-03,2.287823706865310669e-02,1.555830053985118866e-02,1.678553342819213867e+00,5.536615848541259766e-01,1.078924179077148438e+01,1.612541770935058594e+01,1.722916412353515625e+01
2.459098510742187500e+02,4.016725950602931944e-15,3.050473751297299273e-15,3.646503610070794821e-04,2.426448918413370848e-04,2.122821658849716187e-02,5.989891476929187775e-03,2.068172581493854523e-02,1.519393827766180038e-02,1.477312088012695312e+00,5.124230980873107910e-01,1.087969589233398438e+01,1.620756340026855469e+01,1.729719734191894531e+01,2.008589556614856497e-15,1.245131126804651430e-15,1.333812251687049866e-04,9.539892198517918587e-05,1.920224167406558990e-02,2.426481572911143303e-03,2.009057998657226562e-02,1.137293782085180283e-02,1.476488709449768066e+00,5.120072960853576660e-01,1.088181304931640625e+01,1.621202278137207031e+01,1.730223846435546875e+01,4.070612851358046292e-38,3.147113162596212043e-38,1.273403466006683971e-10,7.870660373443527646e-11,1.859439350664615631e-02,1.010568928904831409e-03,1.948732882738113403e-02,1.235809177160263062e-02,1.476404190063476562e+00,5.119668245315551758e-01,1.088217544555664062e+01,1.621278190612792969e+01,1.730310058593750000e+01
2.464106903076171875e+02,3.278872162117921901e-15,2.490116140425901493e-15,2.869573945645242929e-04,1.909466081997379661e-04,1.813206262886524200e-02,5.118770990520715714e-03,1.779145933687686920e-02,1.308837439864873886e-02,1.306317687034606934e+00,4.608145058155059814e-01,1.094109058380126953e+01,1.629407119750976562e+01,1.738098907470703125e+01,1.639621475395291236e-15,1.016406608299335896e-15,1.131153621827252209e-04,7.813141564838588238e-05,1.599735021591186523e-02,2.132397145032882690e-03,1.704197749495506287e-02,8.639603853225708008e-03,1.305655002593994141e+00,4.604522883892059326e-01,1.094320869445800781e+01,1.629854202270507812e+01,1.738603210449218750e+01,4.070612851358046292e-38,3.147113162596212043e-38,4.892761196195749562e-11,3.023975514437893253e-11,1.547686010599136353e-02,8.585461182519793510e-04,1.654188707470893860e-02,9.249398484826087952e-03,1.305553317070007324e+00,4.604014754295349121e-01,1.094357681274414062e+01,1.629931259155273438e+01,1.738690757751464844e+01
2.469115142822265625e+02,2.676574985412648322e-15,2.032705855172607309e-15,2.258194290334358811e-04,1.502642990089952946e-04,1.548053231090307236e-02,4.372194875031709671e-03,1.528980024158954620e-02,1.126204896718263626e-02,1.157139658927917480e+00,4.105809032917022705e-01,1.098019504547119141e+01,1.637536621093750000e+01,1.746782875061035156e+01,1.338469604789983836e-15,8.297214996365537623e-16,9.441549627808853984e-05,6.344560097204521298e-05,1.312313787639141083e-02,1.913579530082643032e-03,1.420941483229398727e-02,6.697839125990867615e-03,1.156534194946289062e+00,4.102264642715454102e-01,1.098231124877929688e+01,1.637983894348144531e+01,1.747288131713867188e+01,4.070612851358046292e-38,3.147113162596212043e-38,1.880027730716271606e-11,1.161932442622637396e-11,1.279160939157009125e-02,7.299314602278172970e-04,1.394492667168378830e-02,6.550156045705080032e-03,1.156530141830444336e+00,4.102297723293304443e-01,1.098269271850585938e+01,1.638063240051269531e+01,1.747377777099609375e+01
2.474123535156250000e+02,2.184900311618786367e-15,1.659306944605954803e-15,1.777059369487687945e-04,1.182487176265567541e-04,1.321118418127298355e-02,3.732796059921383858e-03,1.312772650271654129e-02,9.680597111582756042e-03,1.025501370429992676e+00,3.646406531333923340e-01,1.100474452972412109e+01,1.644994354248046875e+01,1.755301475524902344e+01,1.092573928498810718e-15,6.772900327838211106e-16,7.778631697874516249e-05,5.115957537782378495e-05,1.052194833755493164e-02,1.754581229761242867e-03,1.148615218698978424e-02,5.378553643822669983e-03,1.024909973144531250e+00,3.642738163471221924e-01,1.100687122344970703e+01,1.645445251464843750e+01,1.755811119079589844e+01,4.070612851358046292e-38,3.147113162596212043e-38,7.223793611899065326e-12,4.464565002415543660e-12,1.046206150203943253e-02,6.244536489248275757e-04,1.161700952798128128e-02,4.500898532569408417e-03,1.025016665458679199e+00,3.643423914909362793e-01,1.100721263885498047e+01,1.645517539978027344e+01,1.755892753601074219e+01
2.479131927490234375e+02,1.783543702199466389e-15,1.354499597437653063e-15,1.398435852024704218e-04,9.305442654294893146e-05,1.127020362764596939e-02,3.185579786077141762e-03,1.126184593886137009e-02,8.313400670886039734e-03,9.088991880416870117e-01,3.234507441520690918e-01,1.102008342742919922e+01,1.651748466491699219e+01,1.763370895385742188e+01,8.918729656578116768e-16,5.528749218153532902e-16,6.342223787214607000e-05,4.102356979274190962e-05,8.141282014548778534e-03,1.638942980207502842e-03,8.971240371465682983e-03,4.470282699912786484e-03,9.083720445632934570e-01,3.231065273284912109e-01,1.102221202850341797e+01,1.652202606201171875e+01,1.763885116577148438e+01,4.070612851358046292e-38,3.147113162596212043e-38,2.775668583865353867e-12,1.715459588616519149e-12,8.435565046966075897e-03,5.362845258787274361e-04,9.528852999210357666e-03,3.118184395134449005e-03,9.084801077842712402e-01,3.231754899024963379e-01,1.102248859405517578e+01,1.652260589599609375e+01,1.763950920104980469e+01
2.484140167236328125e+02,1.455923534300119799e-15,1.105690763082635593e-15,1.100490262615494430e-04,7.322859164560213685e-05,9.611066430807113647e-03,2.717559458687901497e-03,9.653702378273010254e-03,7.133171893656253815e-03,8.054942488670349121e-01,2.867671847343444824e-01,1.102966690063476562e+01,1.657819366455078125e+01,1.770847129821777344e+01,7.280610288235662628e-16,4.513273181425874261e-16,5.127939584781415761e-05,3.274868140579201281e-05,5.929038859903812408e-03,1.543388585560023785e-03,6.972215138375759125e-03,3.822124795988202095e-03,8.050816655158996582e-01,2.864834964275360107e-01,1.103176116943359375e+01,1.658267593383789062e+01,1.771354103088378906e+01,4.070612851358046292e-38,3.147113162596212043e-38,1.066554288463306133e-12,6.591671110854624427e-13,6.684857420623302460e-03,4.586558789014816284e-04,7.668031845241785049e-03,2.238769549876451492e-03,8.051008582115173340e-01,2.864932715892791748e-01,1.103198719024658203e+01,1.658315849304199219e+01,1.771408843994140625e+01
2.489148559570312500e+02,1.188476481094600298e-15,9.025800973858164739e-16,8.660173625685274601e-05,5.762635191786102951e-05,8.193498477339744568e-03,2.317476784810423851e-03,8.269240148365497589e-03,6.115619093179702759e-03,7.137600779533386230e-01,2.541725635528564453e-01,1.103567028045654297e+01,1.663251113891601562e+01,1.777673721313476562e+01,5.943057384852844759e-16,3.684120570292520169e-16,4.117287608096376061e-05,2.604471774247940630e-05,4.094871692359447479e-03,1.414145110175013542e-03,5.511250346899032593e-03,3.318058326840400696e-03,7.134720087051391602e-01,2.539637386798858643e-01,1.103765773773193359e+01,1.663680076599121094e+01,1.778159523010253906e+01,4.070612851358046292e-38,3.147113162596212043e-38,4.098131610539429426e-13,2.532784908453739048e-13,5.182058550417423248e-03,3.898282302543520927e-04,6.031175144016742706e-03,1.671397010795772076e-03,7.133853435516357422e-01,2.538979649543762207e-01,1.103788852691650391e+01,1.663728713989257812e+01,1.778214836120605469e+01
2.494156951904296875e+02,9.701582917418958771e-16,7.367798036474507931e-16,6.815017695771530271e-05,4.534835170488804579e-05,6.982943043112754822e-03,1.975658582523465157e-03,7.078666705638170242e-03,5.239401943981647491e-03,6.323831677436828613e-01,2.252387553453445435e-01,1.103944969177246094e+01,1.668095779418945312e+01,1.783847427368164062e+01,4.851343088916378748e-16,3.007363215353403606e-16,3.287357685621827841e-05,2.065204171231016517e-05,2.851919969543814659e-03,1.242014695890247822e-03,4.403192084282636642e-03,2.870241645723581314e-03,6.321996450424194336e-01,2.250980287790298462e-01,1.104128170013427734e+01,1.668492507934570312e+01,1.784296989440917969e+01,4.070612851358046292e-38,3.147113162596212043e-38,1.574667317112005138e-13,9.731980304093779122e-14,3.882528981193900108e-03,3.317771188449114561e-04,4.636256955564022064e-03,1.281840261071920395e-03,6.320375800132751465e-01,2.249737977981567383e-01,1.104156017303466797e+01,1.668552398681640625e+01,1.784365463256835938e+01
2.499165344238281250e+02,7.919445184032816113e-16,6.014366441704224134e-16,5.362997035263106227e-05,3.568634565453976393e-05,5.949621088802814484e-03,1.683758804574608803e-03,6.055838894098997116e-03,4.485717508941888809e-03,5.602027177810668945e-01,1.995656043291091919e-01,1.104184055328369141e+01,1.672407531738281250e+01,1.789394569396972656e+01,3.960171254780656819e-16,2.454922768500432569e-16,2.613496690173633397e-05,1.633931606193073094e-05,2.092539332807064056e-03,1.068129437044262886e-03,3.550448920577764511e-03,2.460723277181386948e-03,5.600919723510742188e-01,1.994751691818237305e-01,1.104348278045654297e+01,1.672763824462890625e+01,1.789799308776855469e+01,4.070612851358046292e-38,3.147113162596212043e-38,6.050506775288899686e-14,3.739419052726546122e-14,2.734235953539609909e-03,2.845957642421126366e-04,3.511379240080714226e-03,9.976407745853066444e-04,5.598983168601989746e-01,1.993218213319778442e-01,1.104384040832519531e+01,1.672841835021972656e+01,1.789887619018554688e+01
2.504173583984375000e+02,6.464719566078350708e-16,4.909585074369584440e-16,4.220379560138098896e-05,2.808316276059485972e-05,5.067961756139993668e-03,1.434603240340948105e-03,5.177939310669898987e-03,3.838099306449294090e-03,4.961911439895629883e-01,1.767922490835189819e-01,1.104336166381835938e+01,1.676239204406738281e+01,1.794356727600097656e+01,3.232799710776155556e-16,2.004022513781938920e-16,2.071400740533135831e-05,1.290680575039004907e-05,1.623862190172076225e-03,9.167095995508134365e-04,2.903380431234836578e-03,2.099286066368222237e-03,4.961258471012115479e-01,1.767353713512420654e-01,1.104480266571044922e+01,1.676552200317382812e+01,1.794713211059570312e+01,4.070612851358046292e-38,3.147113162596212043e-38,2.324916721272406173e-14,1.436877553788809547e-14,1.715435995720326900e-03,2.401764650130644441e-04,2.650231588631868362e-03,7.838780293241143227e-04,4.959353804588317871e-01,1.765791475772857666e-01,1.104524612426757812e+01,1.676649665832519531e+01,1.794823455810546875e+01
2.509181976318359375e+02,5.277179903423413667e-16,4.007716802296816799e-16,3.321178519399836659e-05,2.209971898992080241e-05,4.315934609621763229e-03,1.222004182636737823e-03,4.425008781254291534e-03,3.282097866758704185e-03,4.394298195838928223e-01,1.565940082073211670e-01,1.104433536529541016e+01,1.679641151428222656e+01,1.798782348632812500e+01,2.638888795523409991e-16,1.635855540442019015e-16,1.638069625187199563e-05,1.018326565827010199e-05,1.317551359534263611e-03,7.907305262051522732e-04,2.413981826975941658e-03,1.789518515579402447e-03,4.393919408321380615e-01,1.565584987401962280e-01,1.104557132720947266e+01,1.679912376403808594e+01,1.799090957641601562e+01,4.070612851358046292e-38,3.147113162596212043e-38,8.933267706568315952e-15,5.521063241190147380e-15,8.825077675282955170e-04,1.823865168262273073e-04,1.970663666725158691e-03,6.153966533020138741e-04,4.392271935939788818e-01,1.564198434352874756e-01,1.104609584808349609e+01,1.680027198791503906e+01,1.799221611022949219e+01
2.514190368652343750e+02,4.307785635399941169e-16,3.271517322097353608e-16,2.613562537590041757e-05,1.739111212373245507e-05,3.674716688692569733e-03,1.040670555084943771e-03,3.779769409447908401e-03,2.805170370265841484e-03,3.891076147556304932e-01,1.386835128068923950e-01,1.104496097564697266e+01,1.682658958435058594e+01,1.802720832824707031e+01,2.154137001416796238e-16,1.335356441071469061e-16,1.293436071136966348e-05,8.028191587072797120e-06,1.104041002690792084e-03,6.862723967060446739e-04,2.040234394371509552e-03,1.527945743873715401e-03,3.890859484672546387e-01,1.386615633964538574e-01,1.104601192474365234e+01,1.682890510559082031e+01,1.802985000610351562e+01,4.070612851358046292e-38,3.147113162596212043e-38,3.432521821167483847e-15,2.121415192222076557e-15,3.366067539900541306e-04,1.084964096662588418e-04,1.355683780275285244e-03,4.639633698388934135e-04,3.889611065387725830e-01,1.385540515184402466e-01,1.104660034179687500e+01,1.683019447326660156e+01,1.803130912780761719e+01
2.519198608398437500e+02,3.516486132585993707e-16,2.670570210030884977e-16,2.056726953014731407e-05,1.368582979921484366e-05,3.128165379166603088e-03,8.860608213581144810e-04,3.227219916880130768e-03,2.396399853751063347e-03,3.445027470588684082e-01,1.228048652410507202e-01,1.104536342620849609e+01,1.685334205627441406e+01,1.806220626831054688e+01,1.758482882496188227e-16,1.090088985294472817e-16,1.020251875161193311e-05,6.325832600850844756e-06,9.454572573304176331e-04,5.984727176837623119e-04,1.749787945300340652e-03,1.308145001530647278e-03,3.444906473159790039e-01,1.227914839982986450e-01,1.104625129699707031e+01,1.685530090332031250e+01,1.806444358825683594e+01,4.070612851358046292e-38,3.147113162596212043e-38,1.318951848102876620e-15,8.151570328063120850e-16,8.586363401263952255e-05,4.443898797035217285e-05,7.785718189552426338e-04,3.119722823612391949e-04,3.444147109985351562e-01,1.227250695228576660e-01,1.104687213897705078e+01,1.685666656494140625e+01,1.806598663330078125e+01
2.524207000732421875e+02,2.870522660444307234e-16,2.179997976087654095e-16,1.618516580492723733e-05,1.076989974535536021e-05,2.662409096956253052e-03,7.542693638242781162e-04,2.754319692030549049e-03,2.046273089945316315e-03,3.049697577953338623e-01,1.087290570139884949e-01,1.104561996459960938e+01,1.687705421447753906e+01,1.809327507019042969e+01,1.435424384064500070e-16,8.898241253073015328e-17,8.041311957640573382e-06,4.982246537110768259e-06,8.204954210668802261e-04,5.232546245679259300e-04,1.519205980002880096e-03,1.123294583521783352e-03,3.049634099006652832e-01,1.087211146950721741e-01,1.104636573791503906e+01,1.687869644165039062e+01,1.809514617919921875e+01,4.070612851358046292e-38,3.147113162596212043e-38,5.067945295397064363e-16,3.132162138126096031e-16,1.517909549875184894e-05,1.174252793134655803e-05,3.370897902641445398e-04,1.689779164735227823e-04,3.049355447292327881e-01,1.086962819099426270e-01,1.104697799682617188e+01,1.688004875183105469e+01,1.809669303894042969e+01
2.529215393066406250e+02,2.343219504487883660e-16,1.779541445053910219e-16,1.273672023671679199e-05,8.475241884298156947e-06,2.265621209517121315e-03,6.419641431421041489e-04,2.349839545786380768e-03,1.746583380736410618e-03,2.699386775493621826e-01,9.625387936830520630e-02,1.104578208923339844e+01,1.689805984497070312e+01,1.812083244323730469e+01,1.171743027584236374e-16,7.263672805664128825e-17,6.334830686682835221e-06,3.923050371668068692e-06,7.171647157520055771e-04,4.577689105644822121e-04,1.332078827545046806e-03,9.673784370534121990e-04,2.699356675148010254e-01,9.624936431646347046e-02,1.104639911651611328e+01,1.689942550659179688e+01,1.812239456176757812e+01,4.070612851358046292e-38,3.147113162596212043e-38,1.947309025751833215e-16,1.203503057337128399e-16,3.335759174660779536e-06,2.559511813160497695e-06,1.033643638947978616e-04,6.699994992231950164e-05,2.699371576309204102e-01,9.625030308961868286e-02,1.104697418212890625e+01,1.690069961547851562e+01,1.812384796142578125e+01
2.534223632812500000e+02,1.912791639057832426e-16,1.452655945887408725e-16,1.002307817543623969e-05,6.669536560366395861e-06,1.927680103108286858e-03,5.462918779812753201e-04,2.004078123718500137e-03,1.490226248279213905e-03,2.389026731252670288e-01,8.519940078258514404e-02,1.104588031768798828e+01,1.691666412353515625e+01,1.814526176452636719e+01,9.565265140656995912e-17,5.929537680223482057e-17,4.988895852875430137e-06,3.088539870077511296e-06,6.284242263063788414e-04,4.000172484666109085e-04,1.176622812636196613e-03,8.351849974133074284e-04,2.389016002416610718e-01,8.519703894853591919e-02,1.104638957977294922e+01,1.691779708862304688e+01,1.814655685424804688e+01,4.070612851358046292e-38,3.147113162596212043e-38,7.482564648080361220e-17,4.624478945930809277e-17,1.084205905499402434e-06,7.082307433847745415e-07,2.239376226498279721e-05,1.869808147603180259e-05,2.389112710952758789e-01,8.520553261041641235e-02,1.104691028594970703e+01,1.691894721984863281e+01,1.814786720275878906e+01
2.539232025146484375e+02,1.561419476177393177e-16,1.185808936115680091e-16,7.887538231443613768e-06,5.248508841759758070e-06,1.639905036427080631e-03,4.648037429433315992e-04,1.708641299046576023e-03,1.271044369786977768e-03,2.114086449146270752e-01,7.540479302406311035e-02,1.104593658447265625e+01,1.693313789367675781e+01,1.816690826416015625e+01,7.807986765481582901e-17,4.840195407411573109e-17,3.927790203306358308e-06,2.431105485811713152e-06,5.502230487763881683e-04,3.486676141619682312e-04,1.044301781803369522e-03,7.223394932225346565e-04,2.114086449146270752e-01,7.540375739336013794e-02,1.104635715484619141e+01,1.693407249450683594e+01,1.816797637939453125e+01,4.070612851358046292e-38,3.147113162596212043e-38,2.875103123455482871e-17,1.776911341578236612e-17,3.923725842014391674e-07,2.460020880334923277e-07,4.608893505064770579e-06,4.176562924840254709e-06,2.114173322916030884e-01,7.541161775588989258e-02,1.104681873321533203e+01,1.693509101867675781e+01,1.816913604736328125e+01
2.544240417480468750e+02,1.274592812064507716e-16,9.679803847460478590e-17,6.206998932611895725e-06,4.130248726141871884e-06,1.394907245412468910e-03,3.954146523028612137e-04,1.456328900530934334e-03,1.083748531527817249e-03,1.870568543672561646e-01,6.672808527946472168e-02,1.104596328735351562e+01,1.694772148132324219e+01,1.818608283996582031e+01,6.373690655772605161e-17,3.951071209251389446e-17,3.091945245614624582e-06,1.913485675686388277e-06,4.804989439435303211e-04,3.029525105375796556e-04,9.291169117204844952e-04,6.253715255297720432e-04,1.870574355125427246e-01,6.672787666320800781e-02,1.104630947113037109e+01,1.694849205017089844e+01,1.818696403503417969e+01,4.070612851358046292e-38,3.147113162596212043e-38,1.104730644619477943e-17,6.827610814558631905e-18,1.475930559990956681e-07,9.162999248246705974e-08,1.450278205084032379e-06,1.084595282918598969e-06,1.870640963315963745e-01,6.673394143581390381e-02,1.104671096801757812e+01,1.694938659667968750e+01,1.818798446655273438e+01
2.549248809814453125e+02,1.040454972167738953e-16,7.901660668514028010e-17,4.884519512415863574e-06,3.250246663810685277e-06,1.186367357149720192e-03,3.363402502145618200e-04,1.240937970578670502e-03,9.237752528861165047e-04,1.654913425445556641e-01,5.904284492135047913e-02,1.104597091674804688e+01,1.696063041687011719e+01,1.820306205749511719e+01,5.202868114774017796e-17,3.225274484784291140e-17,2.433705503790406510e-06,1.505983618699247018e-06,4.180989053566008806e-04,2.623256877996027470e-04,8.267575176432728767e-04,5.414746119640767574e-04,1.654922217130661011e-01,5.904312804341316223e-02,1.104625701904296875e+01,1.696125984191894531e+01,1.820378684997558594e+01,4.070612851358046292e-38,3.147113162596212043e-38,4.244820829152139464e-18,2.623443637766789231e-18,5.629161847764407867e-08,3.484581512225304323e-08,5.642575615638634190e-07,3.688755896291695535e-07,1.654973179101943970e-01,5.904778838157653809e-02,1.104660892486572266e+01,1.696204948425292969e+01,1.820467948913574219e+01
2.554257049560546875e+02,8.493325093571977560e-17,6.450194936266409585e-17,3.843838385364506394e-06,2.557758989496505819e-06,1.008896273560822010e-03,2.860581735149025917e-04,1.057143090292811394e-03,7.872018031775951385e-04,1.463965326547622681e-01,5.223697423934936523e-02,1.104596424102783203e+01,1.697205352783203125e+01,1.821809387207031250e+01,4.247245212809471133e-17,2.632880486426069820e-17,1.915513166750315577e-06,1.185250084745348431e-06,3.624142846092581749e-04,2.263959322590380907e-04,7.343580946326255798e-04,4.684975720010697842e-04,1.463975012302398682e-01,5.223749950528144836e-02,1.104619693756103516e+01,1.697257232666015625e+01,1.821869277954101562e+01,4.070612851358046292e-38,3.147113162596212043e-38,1.631078779199678418e-18,1.008062265051529619e-18,2.157424461302070995e-08,1.334156074506154255e-08,2.322560987977340119e-07,1.444482506940403255e-07,1.464014351367950439e-01,5.224112421274185181e-02,1.104650878906250000e+01,1.697325897216796875e+01,1.821947479248046875e+01
2.559265441894531250e+02,6.933136726843859305e-17,5.265321243638506450e-17,3.024861825906555168e-06,2.012797494899132289e-06,8.578806300647556782e-04,2.432647888781502843e-04,9.003566810861229897e-04,6.706452113576233387e-04,1.294907182455062866e-01,4.621035978198051453e-02,1.104594993591308594e+01,1.698216247558593750e+01,1.823140144348144531e+01,3.466962432265749915e-17,2.149181163843644037e-17,1.507505203335313126e-06,9.327507086709374562e-07,3.129755496047437191e-04,1.947852579178288579e-04,6.500901072286069393e-04,4.047783149871975183e-04,1.294916719198226929e-01,4.621100798249244690e-02,1.104614162445068359e+01,1.698258781433105469e+01,1.823189163208007812e+01,4.070612851358046292e-38,3.147113162596212043e-38,6.267263674966608435e-19,3.873382044228891095e-19,8.282252217384211690e-09,5.119857426905127795e-09,9.710159787346128724e-08,5.933765478971508855e-08,1.294947564601898193e-01,4.621384292840957642e-02,1.104640960693359375e+01,1.698318862915039062e+01,1.823258018493652344e+01
2.564273681640625000e+02,5.659591588655986751e-17,4.298136672816183607e-17,2.380400474066846073e-06,1.583961193318828009e-06,7.294039824046194553e-04,2.068529574899002910e-04,1.119846329092979431e-01,3.410486876964569092e-01,3.439633548259735107e-01,6.694490462541580200e-02,1.104949951171875000e+01,1.699140930175781250e+01,1.824321365356445312e+01,2.830178282643237896e-17,1.754436348026803318e-17,1.185746327792003285e-06,7.337934562201553490e-07,2.079581172438338399e-04,1.481093058828264475e-04,1.119843050837516785e-01,3.410482108592987061e-01,3.439630568027496338e-01,6.694452464580535889e-02,1.104959678649902344e+01,1.699163246154785156e+01,1.824347496032714844e+01,4.070612851358046292e-38,3.147113162596212043e-38,2.408205555513780128e-19,1.488352926256110400e-19,3.174978724374000194e-09,1.964459928061046412e-09,1.119857430458068848e-01,3.410503864288330078e-01,3.439649939537048340e-01,6.694590300321578979e-02,1.104965877532958984e+01,1.699176788330078125e+01,1.824362564086914062e+01
2.569282226562500000e+02,4.619920849883397073e-17,3.508565977482471974e-17,1.873214046099747065e-06,1.246470219484763220e-06,6.201067008078098297e-04,1.758725411491468549e-04,1.229954510927200317e-01,1.736118048429489136e-01,4.226889014244079590e-01,1.036602705717086792e-01,1.106770324707031250e+01,1.700294113159179688e+01,1.825460243225097656e+01,2.310169370764429431e-17,1.432081581773050774e-17,9.333035109193588141e-07,5.775193585577653721e-07,1.935127365868538618e-04,1.318039430771023035e-04,1.229943409562110901e-01,1.736105382442474365e-01,4.226873815059661865e-01,1.036588698625564575e-01,1.106778335571289062e+01,1.700312423706054688e+01,1.825481986999511719e+01,4.070612851358046292e-38,3.147113162596212043e-38,9.253028447655992002e-20,5.718686023021507434e-20,1.219381040584721632e-09,7.538899504666574103e-10,1.229956597089767456e-01,1.736119687557220459e-01,4.226893186569213867e-01,1.036602854728698730e-01,1.106784057617187500e+01,1.700324630737304688e+01,1.825495719909667969e+01
2.574290466308593750e+02,3.771284495729723945e-17,2.864075151528925906e-17,1.474114014854421839e-06,9.809018592932261527e-07,5.271490081213414669e-04,1.495203177910298109e-04,1.013777479529380798e-01,1.075708940625190735e-01,4.354021847248077393e-01,1.239141002297401428e-01,1.109350109100341797e+01,1.701882171630859375e+01,1.826773834228515625e+01,1.885899666471488475e-17,1.169075039236507839e-17,7.345661288127303123e-07,4.545247804799146252e-07,1.686826581135392189e-04,1.134690101025626063e-04,1.013761460781097412e-01,1.075692549347877502e-01,4.353998303413391113e-01,1.239118501543998718e-01,1.109356975555419922e+01,1.701897621154785156e+01,1.826791191101074219e+01,4.070612851358046292e-38,3.147113162596212043e-38,3.555490137099712345e-20,2.197413698300214260e-20,4.684579391067700271e-10,2.895630124566395125e-10,1.013771146535873413e-01,1.075702458620071411e-01,4.354013502597808838e-01,1.239129900932312012e-01,1.109361934661865234e+01,1.701908302307128906e+01,1.826803970336914062e+01
2.579298706054687500e+02,3.078534629350854158e-17,2.337971242024581713e-17,1.160044575954088941e-06,7.719144150541978888e-07,4.480922943912446499e-04,1.271062355954200029e-04,7.760708034038543701e-02,7.397274672985076904e-02,4.249052107334136963e-01,1.308464705944061279e-01,1.111912250518798828e+01,1.703812980651855469e+01,1.828384208679199219e+01,1.539477583987138059e-17,9.543269580988598353e-18,5.780901233265467454e-07,3.576960523332672892e-07,1.442214415874332190e-04,9.682829841040074825e-05,7.760614156723022461e-02,7.397174835205078125e-02,4.249038994312286377e-01,1.308451741933822632e-01,1.111918163299560547e+01,1.703825950622558594e+01,1.828399276733398438e+01,4.070612851358046292e-38,3.147113162596212043e-38,1.366202518965551246e-20,8.443596352238482006e-21,1.799896343079865346e-10,1.112464981245508966e-10,7.760702073574066162e-02,7.397263497114181519e-02,4.249053001403808594e-01,1.308461576700210571e-01,1.111922264099121094e+01,1.703834915161132812e+01,1.828409957885742188e+01
2.584307250976562500e+02,2.513004810310395006e-17,1.908483682427656257e-17,9.128760893872822635e-07,6.074441785131057259e-07,3.808612818829715252e-04,1.080429137800820172e-04,5.801171064376831055e-02,5.316493660211563110e-02,4.039610326290130615e-01,1.299782097339630127e-01,1.114128208160400391e+01,1.705930709838867188e+01,1.830280876159667969e+01,1.256616556079729821e-17,7.789807155415014970e-18,4.549251002572418656e-07,2.814807658069184981e-07,1.249340857611969113e-04,8.312643331009894609e-05,5.801001191139221191e-02,5.316307395696640015e-02,4.039587974548339844e-01,1.299760341644287109e-01,1.114133453369140625e+01,1.705941390991210938e+01,1.830293464660644531e+01,4.070612851358046292e-38,3.147113162596212043e-38,5.249348751779034598e-21,3.244276073595958392e-21,6.915491790326910859e-11,4.274114395741435146e-11,5.801118537783622742e-02,5.316432937979698181e-02,4.039604663848876953e-01,1.299773901700973511e-01,1.114136981964111328e+01,1.705949211120605469e+01,1.830302429199218750e+01
2.589315490722656250e+02,2.051390713774767531e-17,1.557914116351964961e-17,7.183827506196394097e-07,4.780247877533838619e-07,3.236999327782541513e-04,9.183324436889961362e-05,4.301463067531585693e-02,3.886276856064796448e-02,3.777162432670593262e-01,1.248323917388916016e-01,1.115924358367919922e+01,1.708108329772949219e+01,1.832383537292480469e+01,1.025834654102537695e-17,6.359180915211689992e-18,3.580369707378849853e-07,2.215272729699790943e-07,1.088711869670078158e-04,7.154850027291104198e-05,4.301131889224052429e-02,3.885903581976890564e-02,3.777121007442474365e-01,1.248284056782722473e-01,1.115928554534912109e+01,1.708117866516113281e+01,1.832394981384277344e+01,4.070612851358046292e-38,3.147113162596212043e-38,2.017070230187754629e-21,1.246618031589686553e-21,2.657255318561091428e-11,1.642289602921120917e-11,4.301337897777557373e-02,3.886136785149574280e-02,3.777146637439727783e-01,1.248306632041931152e-01,1.115931320190429688e+01,1.708124351501464844e+01,1.832402038574218750e+01
2.594323730468750000e+02,1.674571067268073433e-17,1.271740974553833145e-17,5.653274683936615475e-07,3.761790310363721801e-07,2.751011634245514870e-04,7.805047061992809176e-05,3.180710598826408386e-02,2.858681231737136841e-02,3.489676415920257568e-01,1.174129545688629150e-01,1.117331790924072266e+01,1.710259056091308594e+01,1.834596633911132812e+01,8.373989400960177363e-18,5.191062510353599730e-18,2.817685356149013387e-07,1.743348434501967859e-07,9.474601392867043614e-05,6.152603600639849901e-05,3.179996833205223083e-02,2.857841365039348602e-02,3.489597141742706299e-01,1.174052432179450989e-01,1.117336082458496094e+01,1.710268020629882812e+01,1.834606552124023438e+01,4.070612851358046292e-38,3.147113162596212043e-38,7.750623774588265706e-22,4.790149209022381335e-22,1.021049911287263967e-11,6.310457364988586448e-12,3.180481120944023132e-02,2.858424186706542969e-02,3.489648103713989258e-01,1.174100339412689209e-01,1.117337989807128906e+01,1.710273170471191406e+01,1.834612274169921875e+01
2.599332275390625000e+02,1.366952192754708055e-17,1.038122091229767900e-17,4.448748995855567046e-07,2.960277356578444596e-07,2.337834739591926336e-04,6.633164593949913979e-05,2.349934726953506470e-02,2.107730321586132050e-02,3.194852173328399658e-01,1.088799163699150085e-01,1.118412685394287109e+01,1.712327575683593750e+01,1.836835670471191406e+01,6.835373904607442070e-18,4.237270738111061704e-18,2.217312129459969583e-07,1.371869728927777032e-07,8.217312279157340527e-05,5.281121775624342263e-05,2.348021417856216431e-02,2.105310931801795959e-02,3.194675743579864502e-01,1.088626310229301453e-01,1.118417167663574219e+01,1.712336730957031250e+01,1.836846542358398438e+01,4.070612851358046292e-38,3.147113162596212043e-38,2.978015802872123624e-22,1.840514980689426856e-22,3.923165611818824061e-12,2.424652709512309379e-12,2.349508181214332581e-02,2.107242308557033539e-02,3.194802701473236084e-01,1.088748574256896973e-01,1.118418407440185547e+01,1.712339591979980469e+01,1.836849594116210938e+01
2.604340515136718750e+02,1.115856637448622442e-17,8.474293322038357499e-18,3.500918239751626970e-07,2.329573760562198004e-07,1.986630959436297417e-04,5.636976493406109512e-05,1.735912077128887177e-02,1.555578596889972687e-02,2.904337644577026367e-01,9.993652254343032837e-02,1.119231700897216797e+01,1.714280128479003906e+01,1.839034271240234375e+01,5.580040884684210782e-18,3.459084860420162411e-18,1.745024320598531631e-07,1.079650644442153862e-07,7.103820826159790158e-05,4.525883559836074710e-05,1.729778945446014404e-02,1.546982675790786743e-02,2.903908193111419678e-01,9.989376366138458252e-02,1.119238567352294922e+01,1.714294815063476562e+01,1.839050102233886719e+01,4.070612851358046292e-38,3.147113162596212043e-38,1.144307240290688494e-22,7.072207435066030285e-23,1.507481639517749272e-12,9.316753098176366876e-13,1.735071465373039246e-02,1.554581895470619202e-02,2.904249727725982666e-01,9.992747008800506592e-02,1.119237136840820312e+01,1.714291381835937500e+01,1.839046669006347656e+01
2.609349060058593750e+02,9.108734234421629302e-18,6.917563397451323453e-18,2.754987633579730755e-07,1.833218021829452482e-07,1.688090269453823566e-04,4.790105595020577312e-05,1.282449252903461456e-02,1.148606557399034500e-02,2.625538110733032227e-01,9.101888537406921387e-02,1.119846343994140625e+01,1.716098213195800781e+01,1.841145896911621094e+01,4.554777398794640953e-18,2.823521463945656150e-18,1.373184090880386066e-07,8.495861436585983029e-08,6.123402272351086140e-05,3.872739034704864025e-05,1.263935491442680359e-02,1.116022095084190369e-02,2.624564766883850098e-01,9.092047065496444702e-02,1.119860553741455078e+01,1.716130065917968750e+01,1.841181945800781250e+01,4.070612851358046292e-38,3.147113162596212043e-38,4.396762324726174205e-23,2.717348454992109962e-23,5.792183139369244671e-13,3.579766420357816115e-13,1.280760765075683594e-02,1.146510615944862366e-02,2.625383138656616211e-01,9.100270271301269531e-02,1.119851589202880859e+01,1.716109466552734375e+01,1.841157531738281250e+01
2.614357299804687500e+02,7.435548032935092148e-18,5.646874596636657759e-18,2.168021353554649977e-07,1.442640211735124467e-07,1.434363803127780557e-04,4.070311115356162190e-05,9.476792998611927032e-03,8.484054356813430786e-03,2.362988740205764771e-01,8.240030705928802490e-02,1.120303630828857422e+01,1.717772865295410156e+01,1.843139457702636719e+01,3.718279837412122250e-18,2.304973311669585705e-18,1.080682423548751103e-07,6.686124010002458817e-08,5.268591849016956985e-05,3.310959436930716038e-05,9.200265631079673767e-03,7.399581372737884521e-03,2.361505180597305298e-01,8.224772661924362183e-02,1.120334148406982422e+01,1.717840766906738281e+01,1.843217086791992188e+01,4.070612851358046292e-38,3.147113162596212043e-38,1.689462695489131579e-23,1.044145366050941267e-23,2.225654963062748126e-13,1.375530548838876932e-13,9.442944079637527466e-03,8.439702913165092468e-03,2.362721711397171021e-01,8.237197250127792358e-02,1.120309352874755859e+01,1.717784690856933594e+01,1.843153381347656250e+01
2.619365539550781250e+02,6.069709887029370510e-18,4.609597966710980309e-18,1.706111447674629744e-07,1.135277187813699129e-07,1.218723700731061399e-04,3.458526043687015772e-05,7.005098275840282440e-03,6.268552504479885101e-03,2.119110077619552612e-01,7.424425333738327026e-02,1.120641613006591797e+01,1.719303321838378906e+01,1.844997024536132812e+01,3.035268120230655493e-18,1.881572022942733545e-18,8.504464688030566322e-08,5.261644986376268207e-08,4.526169141172431409e-05,2.828376454999670386e-05,6.518849171698093414e-03,4.279396031051874161e-03,2.117502242326736450e-01,7.407369464635848999e-02,1.120691490173339844e+01,1.719415092468261719e+01,1.845124053955078125e+01,4.070612851358046292e-38,3.147113162596212043e-38,6.491786457970661207e-24,4.012144591801802990e-24,8.552112875292658400e-14,5.285497110514916774e-14,6.939040496945381165e-03,6.176627241075038910e-03,2.118666470050811768e-01,7.419627904891967773e-02,1.120648765563964844e+01,1.719318962097167969e+01,1.845014190673828125e+01
2.624374084472656250e+02,4.954701026990553667e-18,3.762812346459833325e-18,1.342594515563177993e-07,8.933864847904260387e-08,1.035453315125778317e-04,2.938545912911649793e-05,5.179830826818943024e-03,4.632996395230293274e-03,1.894902139902114868e-01,6.664142757654190063e-02,1.120889568328857422e+01,1.720692825317382812e+01,1.846710205078125000e+01,2.477574059055819289e-18,1.535856332021988100e-18,6.692209808534244075e-08,4.140403930819047673e-08,3.883472891175188124e-05,2.414379014226142317e-05,3.935114480555057526e-03,2.418965566903352737e-03,1.893571019172668457e-01,6.649708747863769531e-02,1.120955467224121094e+01,1.720839500427246094e+01,1.846878242492675781e+01,4.070612851358046292e-38,3.147113162596212043e-38,2.494333611667694342e-24,1.541582909082491228e-24,3.285971484062039094e-14,2.030842128578763672e-14,5.061550531536340714e-03,4.445686936378479004e-03,1.894213855266571045e-01,6.656580418348312378e-02,1.120899677276611328e+01,1.720714759826660156e+01,1.846735954284667969e+01
2.629382324218750000e+02,4.044569088249483271e-18,3.071619192634757709e-18,1.056546423683357716e-07,7.030449467038124567e-08,8.797209011390805244e-05,2.496674278518185019e-05,3.831830574199557304e-03,3.425464499741792679e-03,1.690445393323898315e-01,5.963452532887458801e-02,1.121070194244384766e+01,1.721947860717773438e+01,1.848277282714843750e+01,2.022560408859028070e-18,1.253791568851738721e-18,5.266659286462527234e-08,3.258421799046118394e-08,3.327018566778860986e-05,2.059420876321382821e-05,2.185167744755744934e-03,1.455153338611125946e-03,1.689829975366592407e-01,5.956597998738288879e-02,1.121136093139648438e+01,1.722094917297363281e+01,1.848445320129394531e+01,4.070612851358046292e-38,3.147113162596212043e-38,9.584516031320090601e-25,5.923556537304577647e-25,1.262639657813400401e-14,7.803541748332629147e-15,3.677326953038573265e-03,3.038188908249139786e-03,1.689549833536148071e-01,5.953518301248550415e-02,1.121084690093994141e+01,1.721980285644531250e+01,1.848314285278320312e+01
2.634390563964843750e+02,3.301619657087270989e-18,2.507391438596518278e-18,8.314425059552377206e-08,5.532567826094236807e-08,7.473865116480737925e-05,2.121173201885540038e-05,2.835993887856602669e-03,2.533685881644487381e-03,1.505150198936462402e-01,5.323170870542526245e-02,1.121200847625732422e+01,1.723077011108398438e+01,1.849701309204101562e+01,1.651035131862979625e-18,1.023481842247707177e-18,4.144585119547627983e-08,2.564202716826002870e-08,2.843920083250850439e-05,1.754674667608924210e-05,1.356943161226809025e-03,9.620360797271132469e-04,1.504921913146972656e-01,5.320501327514648438e-02,1.121255588531494141e+01,1.723198699951171875e+01,1.849839782714843750e+01,4.070612851358046292e-38,3.147113162596212043e-38,3.682864682239303163e-25,2.276135622055887426e-25,4.851712395281381623e-15,2.998523103059824897e-15,2.666698535904288292e-03,1.857780502177774906e-03,1.504182815551757812e-01,5.312320217490196228e-02,1.121220588684082031e+01,1.723121070861816406e+01,1.849751472473144531e+01
2.639399108886718750e+02,2.695109325267464719e-18,2.046781497965499550e-18,6.542887831528787501e-08,4.353755045372054155e-08,6.349335308186709881e-05,1.802071346901357174e-05,2.100074896588921547e-03,1.874903216958045959e-03,1.338040977716445923e-01,4.741954803466796875e-02,1.121294403076171875e+01,1.724089050292968750e+01,1.850988960266113281e+01,1.347676878569237069e-18,8.354292576214064668e-19,3.261374814655937371e-08,2.017769418216630584e-08,2.426324135740287602e-05,1.493623767601093277e-05,9.495394770056009293e-04,6.843559676781296730e-04,1.337959021329879761e-01,4.740925878286361694e-02,1.121335697174072266e+01,1.724181938171386719e+01,1.851095199584960938e+01,4.070612851358046292e-38,3.147113162596212043e-38,1.415064115204174371e-25,8.745577003240484558e-26,1.864169592075051035e-15,1.152120132932551218e-15,1.815283903852105141e-03,9.944346966221928596e-04,1.336976587772369385e-01,4.729569703340530396e-02,1.121319866180419922e+01,1.724146080017089844e+01,1.851053428649902344e+01
2.644407348632812500e+02,2.200042349039937071e-18,1.670806506261798662e-18,5.148882564753876068e-08,3.426158912134269485e-08,5.393908577389083803e-05,1.530943518446292728e-05,1.556125585921108723e-03,1.388169010169804096e-03,1.187946870923042297e-01,4.217195138335227966e-02,1.121360778808593750e+01,1.724993705749511719e+01,1.852147865295410156e+01,1.100171514596300048e-18,6.819997650995846977e-19,2.566634194067773933e-08,1.587941866887376818e-08,2.067487366730347276e-05,1.270742723136208951e-05,7.120211957953870296e-04,5.070575280115008354e-04,1.187920272350311279e-01,4.216815158724784851e-02,1.121391391754150391e+01,1.725061607360839844e+01,1.852225875854492188e+01,4.070612851358046292e-38,3.147113162596212043e-38,5.437405597022574024e-26,3.360501542071636099e-26,7.163100348671889474e-16,4.427039404043874114e-16,9.525406640022993088e-04,4.927345435135066509e-04,1.186950430274009705e-01,4.205860942602157593e-02,1.121391201019287109e+01,1.725062370300292969e+01,1.852226638793945312e+01
2.649415588378906250e+02,1.795914988971029870e-18,1.363894788454104868e-18,4.051880964084375591e-08,2.696194201234902721e-08,4.582133624353446066e-05,1.300571875617606565e-05,1.153893419541418552e-03,1.028414932079613209e-03,1.053556725382804871e-01,3.745366632938385010e-02,1.121407127380371094e+01,1.725800895690917969e+01,1.853187370300292969e+01,8.980801240113259212e-19,5.567226409429692416e-19,2.019798372998593550e-08,1.249621206511619675e-08,1.759963197400793433e-05,1.080575566447805613e-05,5.506161251105368137e-04,3.827292821370065212e-04,1.053550913929939270e-01,3.745247796177864075e-02,1.121429634094238281e+01,1.725849914550781250e+01,1.853243827819824219e+01,4.070612851358046292e-38,3.147113162596212043e-38,2.089331541621684329e-26,1.291277941664518920e-26,2.752432238613868867e-16,1.701096797366403405e-16,3.018757561221718788e-04,2.016739599639549851e-04,1.053175553679466248e-01,3.741195052862167358e-02,1.121438312530517578e+01,1.725870895385742188e+01,1.853267288208007812e+01
2.654424133300781250e+02,1.466003927821605418e-18,1.113346227007585258e-18,3.188555552924299263e-08,2.121721998094017181e-08,3.892397944582626224e-05,1.104826424125349149e-05,8.563140290789306164e-04,7.624047575518488884e-04,9.335321187973022461e-02,3.322540596127510071e-02,1.121439075469970703e+01,1.726519203186035156e+01,1.854117393493652344e+01,7.330683451549600894e-19,4.544315218407070259e-19,1.589376452670876461e-08,9.833249769997109979e-09,1.497100492997560650e-05,9.185140697809401900e-06,4.294958780519664288e-04,2.906750596594065428e-04,9.335334599018096924e-02,3.322517871856689453e-02,1.121455192565917969e+01,1.726555061340332031e+01,1.854158020019531250e+01,4.070612851358046292e-38,3.147113162596212043e-38,8.027821431566249501e-27,4.961466322491700403e-27,1.057564839178928807e-16,6.536109885153107294e-17,5.563023296417668462e-05,5.174378748051822186e-05,9.334972500801086426e-02,3.322104737162590027e-02,1.121466064453125000e+01,1.726579856872558594e+01,1.854185867309570312e+01
2.659432373046875000e+02,1.196712384272823323e-18,9.088347127454341105e-19,2.509213459234160837e-08,1.669675775417545083e-08,3.306446524220518768e-05,9.385291377839166671e-06,6.360785919241607189e-04,5.656547145918011665e-04,8.265770971775054932e-02,2.944711595773696899e-02,1.121460533142089844e+01,1.727157783508300781e+01,1.854947090148925781e+01,5.984380313182661265e-19,3.709735992262638597e-19,1.250804704255870092e-08,7.738552909586360329e-09,1.273046382266329601e-05,7.806610483385156840e-06,3.343161079101264477e-04,2.208306541433557868e-04,8.265791088342666626e-02,2.944703027606010437e-02,1.121472167968750000e+01,1.727183532714843750e+01,1.854976654052734375e+01,4.070612851358046292e-38,3.147113162596212043e-38,3.084702673282748539e-27,1.906451088929703350e-27,4.063708724134980246e-17,2.511510260379634196e-17,9.009314453578554094e-06,9.349471838504541665e-06,8.265902101993560791e-02,2.944820001721382141e-02,1.121481704711914062e+01,1.727205276489257812e+01,1.855000114440917969e+01
2.664440612792968750e+02,9.768871719329014047e-19,7.418900712914732759e-19,1.974609098454038758e-08,1.313940334313201674e-08,2.808645149343647063e-05,7.972451385285239667e-06,4.729828215204179287e-04,4.200537805445492268e-04,7.314274460077285767e-02,2.607822790741920471e-02,1.121474456787109375e+01,1.727724838256835938e+01,1.855685997009277344e+01,4.885104324997026439e-19,3.028291420450441834e-19,9.843132531273113273e-09,6.089805548725735207e-09,1.082122980733402073e-05,6.633536941080819815e-06,2.585999027360230684e-04,1.674189552431926131e-04,7.314255088567733765e-02,2.607765235006809235e-02,1.121482658386230469e+01,1.727743721008300781e+01,1.855707550048828125e+01,4.070612851358046292e-38,3.147113162596212043e-38,1.185301836100463544e-27,7.325567766310884524e-28,1.561486378545336466e-17,9.650516856128548603e-18,2.554161937950993888e-06,2.022175522142788395e-06,7.314395904541015625e-02,2.607931941747665405e-02,1.121490383148193359e+01,1.727760124206542969e+01,1.855726242065429688e+01
2.669449157714843750e+02,7.974319407019588721e-19,6.056040003623895744e-19,1.553882889027136116e-08,1.033981522624571880e-08,2.385721199971158057e-05,6.772091637685662135e-06,3.521190665196627378e-04,3.122415510006248951e-04,6.468959152698516846e-02,2.307970449328422546e-02,1.121482944488525391e+01,1.728227806091308594e+01,1.856343078613281250e+01,3.987522887497493424e-19,2.471878300152932279e-19,7.745539321035721514e-09,4.792055641189563175e-09,9.195713573717512190e-06,5.635721663566073403e-06,1.987121650017797947e-04,1.266283652512356639e-04,6.468845158815383911e-02,2.307778783142566681e-02,1.121488857269287109e+01,1.728241920471191406e+01,1.856359100341796875e+01,4.070612851358046292e-38,3.147113162596212043e-38,4.554274946959176333e-28,2.814697021025877228e-28,5.999686566634919059e-18,3.708009976516970135e-18,9.077787694877770264e-07,6.088057489250786602e-07,6.469048559665679932e-02,2.308053150773048401e-02,1.121494483947753906e+01,1.728254127502441406e+01,1.856373405456542969e+01
2.674457397460937500e+02,6.509507653255825355e-19,4.943599435989479482e-19,1.222817580526225356e-08,8.136847640116684488e-09,2.026465699600521475e-05,5.752410288550890982e-06,2.624980988912284374e-04,2.323716907994821668e-04,5.718949437141418457e-02,2.041515894234180450e-02,1.121487808227539062e+01,1.728673362731933594e+01,1.856926727294921875e+01,3.255199728676867044e-19,2.017908526039788838e-19,6.095567162134329919e-09,3.771240653094309891e-09,7.813949196133762598e-06,4.788086698681581765e-06,1.519037323305383325e-04,9.562620834913104773e-05,5.718634277582168579e-02,2.041033469140529633e-02,1.121492385864257812e+01,1.728683090209960938e+01,1.856938934326171875e+01,4.070612851358046292e-38,3.147113162596212043e-38,1.749987216170847543e-28,1.081551580736209966e-28,2.305388763132240463e-18,1.424808575557662965e-18,3.391647567241307115e-07,2.155262279757153010e-07,5.719014629721641541e-02,2.041576988995075226e-02,1.121496486663818359e+01,1.728692626953125000e+01,1.856949806213378906e+01
2.679465637207031250e+02,5.313768446973670669e-19,4.035503498928631795e-19,9.622879382220617117e-09,6.403236163521341950e-09,1.721280750643927604e-05,4.886178430751897395e-06,1.959844084922224283e-04,1.731569063849747181e-04,5.054104700684547424e-02,1.805017143487930298e-02,1.121490001678466797e+01,1.729067802429199219e+01,1.857444381713867188e+01,2.657248699944241512e-19,1.647236615092559553e-19,4.796865127332239354e-09,2.967752266158640850e-09,6.638720151386223733e-06,4.067469490109942853e-06,1.157048827735707164e-04,7.215554796857759356e-05,5.053399503231048584e-02,1.803956367075443268e-02,1.121493721008300781e+01,1.729076194763183594e+01,1.857453346252441406e+01,4.070612851358046292e-38,3.147113162596212043e-38,6.724353104466437688e-29,4.155878763851934064e-29,8.858492246789637157e-19,5.474848946571301668e-19,1.290222826355602592e-07,8.051698330291401362e-08,5.054153874516487122e-02,1.805062964558601379e-02,1.121496772766113281e+01,1.729082298278808594e+01,1.857460975646972656e+01
2.684474182128906250e+02,4.337621911881733931e-19,3.294175962152482862e-19,7.572546145695469022e-09,5.038907957555238681e-09,1.462020100007066503e-05,4.150279892201069742e-06,1.465713867219164968e-04,1.292185188503935933e-04,4.465195164084434509e-02,1.595309749245643616e-02,1.121490478515625000e+01,1.729416847229003906e+01,1.857903099060058594e+01,2.169008962299996847e-19,1.344575881850352338e-19,3.774640600084921971e-09,2.335316828805389378e-09,5.639436039928114042e-06,3.454925717960577458e-06,8.796143811196088791e-05,5.444887210614979267e-05,4.463767632842063904e-02,1.593171246349811554e-02,1.121493721008300781e+01,1.729423332214355469e+01,1.857911300659179688e+01,4.070612851358046292e-38,3.147113162596212043e-38,2.583692798293808514e-29,1.596809882676777792e-29,3.403691056339323807e-19,2.103596811929010532e-19,4.939901288025794202e-08,3.063414766302230419e-08,4.465230181813240051e-02,1.595342904329299927e-02,1.121495246887207031e+01,1.729427337646484375e+01,1.857915878295898438e+01
2.689482421875000000e+02,3.540837860394557218e-19,2.689064134254562339e-19,5.959160720436784686e-09,3.965332506794538858e-09,1.241804602614138275e-05,3.525195779729983769e-06,1.098279899451881647e-04,9.659014176577329636e-05,3.943960368633270264e-02,1.409538742154836655e-02,1.121489715576171875e+01,1.729725646972656250e+01,1.858309173583984375e+01,1.770662302243128195e-19,1.097639075301574812e-19,2.970556467474239071e-09,1.837840990503991634e-09,4.790771527041215450e-06,2.934830035883351229e-06,6.684536492684856057e-05,4.112821625312790275e-05,3.941294550895690918e-02,1.405533123761415482e-02,1.121492767333984375e+01,1.729732131958007812e+01,1.858316802978515625e+01,4.070612851358046292e-38,3.147113162596212043e-38,9.927878469191773685e-30,6.135766795359993340e-30,1.307873619577433077e-19,8.083102963352203082e-20,1.895819856656544289e-08,1.173073815863290292e-08,3.943985700607299805e-02,1.409563049674034119e-02,1.121493339538574219e+01,1.729733657836914062e+01,1.858318138122558594e+01
2.694490966796875000e+02,2.890380249810421141e-19,2.195078593280371205e-19,4.689449273342916058e-09,3.120443903270597730e-09,1.054734639183152467e-05,2.994185706484131515e-06,8.246947254519909620e-05,7.233271753648295999e-05,3.482824191451072693e-02,1.245067734271287918e-02,1.121488285064697266e+01,1.729998588562011719e+01,1.858668899536132812e+01,1.445322603050189766e-19,8.959602281224144361e-20,2.337521731732294938e-09,1.446191499887561349e-09,4.069192073075100780e-06,2.492682369847898372e-06,5.082842835690826178e-05,3.111250043730251491e-05,3.478197380900382996e-02,1.238068565726280212e-02,1.121491718292236328e+01,1.730005645751953125e+01,1.858677673339843750e+01,4.070612851358046292e-38,3.147113162596212043e-38,3.814580354972041746e-30,2.357540436958318118e-30,5.025232081184747824e-20,3.105763993399422004e-20,7.281164116079708037e-09,4.501869987905138260e-09,3.482841700315475464e-02,1.245084311813116074e-02,1.121490764617919922e+01,1.730004119873046875e+01,1.858675956726074219e+01
2.699499206542968750e+02,2.359441707440130610e-19,1.791861131885272335e-19,3.690327599059628483e-09,2.455610381701944789e-09,8.958438229456078261e-06,2.543155687817488797e-06,6.207361730048432946e-05,5.427995711215771735e-05,3.075096197426319122e-02,1.099557522684335709e-02,1.121486377716064453e+01,1.730239868164062500e+01,1.858986854553222656e+01,1.179883187915278836e-19,7.314133247703034059e-20,1.839576269091480754e-09,1.138119598564912849e-09,3.456535068835364655e-06,2.117322082995087840e-06,3.871459193760529160e-05,2.358841084060259163e-05,3.067612834274768829e-02,1.088107656687498093e-02,1.121490573883056641e+01,1.730249786376953125e+01,1.858997917175292969e+01,4.070612851358046292e-38,3.147113162596212043e-38,1.465758512593998502e-30,9.058885148510235263e-31,1.930952973602741764e-20,1.193394633921707020e-20,2.797382103736367753e-09,1.729126175575856905e-09,3.075109422206878662e-02,1.099570561200380325e-02,1.121488285064697266e+01,1.730244255065917969e+01,1.858991813659667969e+01
2.704507446289062500e+02,1.926031895192904806e-19,1.462711231995761522e-19,2.904075646625869922e-09,1.932424220640882595e-09,7.608806754433317110e-06,2.160040594390011393e-06,4.684409577748738229e-05,4.082624582224525511e-05,2.714706026017665863e-02,9.708764962852001190e-03,1.121484184265136719e+01,1.730452919006347656e+01,1.859267997741699219e+01,9.631485549884023103e-20,5.970588368938046643e-20,1.447640896046209491e-09,8.956347885558102462e-10,2.935894599431776442e-06,1.798361836335971020e-06,2.955534728243947029e-05,1.793032060959376395e-05,2.703397534787654877e-02,9.532684460282325745e-03,1.121489906311035156e+01,1.730465888977050781e+01,1.859283065795898438e+01,4.070612851358046292e-38,3.147113162596212043e-38,5.632199685637223633e-31,3.480890798773609610e-31,7.419717198340459417e-21,4.585637284401098179e-21,1.074843214432519289e-09,6.643227079550229064e-10,2.714715898036956787e-02,9.708858095109462738e-03,1.121485710144042969e+01,1.730456161499023438e+01,1.859271430969238281e+01
2.709515991210937500e+02,1.572219217599213339e-19,1.194010657295860281e-19,2.285312383776272327e-09,1.520687908929119203e-09,6.462381406890926883e-06,1.834604290706920438e-06,3.545222716638818383e-05,3.078470035688951612e-05,2.396244741976261139e-02,8.571188896894454956e-03,1.121481990814208984e+01,1.730640983581542969e+01,1.859516525268554688e+01,7.861803715160711669e-20,4.873558176115493287e-20,1.139143779305129556e-09,7.047721295450060097e-10,2.493475221854168922e-06,1.527335939499607775e-06,2.262764792249072343e-05,1.367036838928470388e-05,2.380230650305747986e-02,8.315215818583965302e-03,1.121489715576171875e+01,1.730658531188964844e+01,1.859536552429199219e+01,4.070612851358046292e-38,3.147113162596212043e-38,2.164055947603930909e-31,1.337460075049206557e-31,2.850871720763866047e-21,1.761935700261471473e-21,4.129787345430457890e-10,2.552393019161769416e-10,2.396252006292343140e-02,8.571261540055274963e-03,1.121483230590820312e+01,1.730643272399902344e+01,1.859519195556640625e+01
2.714524230957031250e+02,1.283418412508214948e-19,9.746830070190860799e-20,1.798414306364293225e-09,1.196697185790185358e-09,5.488693659572163597e-06,1.558198732709570322e-06,2.691551890166010708e-05,2.327830407011788338e-05,2.114942483603954315e-02,7.565996143966913223e-03,1.121479797363281250e+01,1.730807304382324219e+01,1.859736061096191406e+01,6.417961894653962533e-20,3.978514502885878819e-20,8.964818887235992406e-10,5.546405557055322788e-10,2.117914618793292902e-06,1.297279254686145578e-06,1.738415448926389217e-05,1.045917542796814814e-05,2.093624696135520935e-02,7.212077267467975616e-03,1.121489906311035156e+01,1.730830192565917969e+01,1.859761810302734375e+01,4.070612851358046292e-38,3.147113162596212043e-38,8.315421764588319152e-32,5.139213106526657271e-32,1.095451885361775297e-21,6.770264297161084160e-22,1.586867443004180700e-10,9.807438194897599715e-11,2.114947885274887085e-02,7.566044107079505920e-03,1.121480464935302734e+01,1.730808639526367188e+01,1.859738349914550781e+01
2.719532470703125000e+02,1.047667285039656450e-19,7.956434469706485149e-20,1.415252359748819799e-09,9.417342461404132337e-10,4.661670118366600946e-06,1.323424498878011946e-06,2.050418515864294022e-05,1.765615161275491118e-05,1.866502873599529266e-02,6.677972152829170227e-03,1.121477699279785156e+01,1.730953979492187500e+01,1.859929847717285156e+01,5.239047283537195008e-20,3.247701724164985982e-20,7.054815065465902535e-10,4.364713590554458733e-10,1.798808398234541528e-06,1.101809061765379738e-06,1.340592552878661081e-05,8.032136065594386309e-06,1.839790120720863342e-02,6.210315041244029999e-03,1.121490573883056641e+01,1.730983352661132812e+01,1.859963035583496094e+01,4.070612851358046292e-38,3.147113162596212043e-38,3.195217283335221387e-32,1.974752192070319478e-32,4.209290098580252508e-22,2.601484541092210062e-22,6.097549548611524983e-11,3.768500789202988699e-11,1.866506598889827728e-02,6.678007543087005615e-03,1.121477985382080078e+01,1.730954933166503906e+01,1.859931564331054688e+01
2.724541015625000000e+02,8.552105969616673532e-20,6.494836054128548872e-20,1.113708791855572144e-09,7.410818070319180606e-10,3.959189143643015996e-06,1.124002665164880455e-06,1.567734398122411221e-05,1.343628900940530002e-05,1.647115685045719147e-02,5.893601104617118835e-03,1.121475696563720703e+01,1.731083488464355469e+01,1.860101127624511719e+01,4.276437494546203213e-20,2.650977507678353160e-20,5.551425430461165433e-10,3.434588169426433524e-10,1.527674157841829583e-06,9.357270869259082247e-07,1.038018945109797642e-05,6.193023637024452910e-06,1.615606062114238739e-02,5.301252007484436035e-03,1.121491050720214844e+01,1.731119537353515625e+01,1.860142135620117188e+01,4.070612851358046292e-38,3.147113162596212043e-38,1.227699230436656118e-32,7.587591955947240365e-33,1.617332220432725891e-22,9.995661578765234001e-23,2.342854729664445301e-11,1.447965011780460998e-11,1.647117733955383301e-02,5.893616005778312683e-03,1.121475982666015625e+01,1.731084251403808594e+01,1.860102081298828125e+01
2.729549255371093750e+02,6.981167847991151695e-20,5.301798303404718734e-20,8.764267644956191816e-10,5.831900518060706418e-10,3.362574489074177109e-06,9.546325827614055015e-07,1.203428837470710278e-05,1.026202153298072517e-05,1.453437563031911850e-02,5.201005376875400543e-03,1.121473789215087891e+01,1.731197929382324219e+01,1.860252380371093750e+01,3.491058583495513503e-20,2.164118063057821003e-20,4.368854444880554411e-10,2.702947865529381488e-10,1.297531753152725287e-06,7.947581934786285274e-07,8.073321623669471592e-06,4.796013399754883721e-06,1.418449264019727707e-02,4.481725860387086868e-03,1.121492290496826172e+01,1.731239700317382812e+01,1.860300064086914062e+01,4.070612851358046292e-38,3.147113162596212043e-38,4.717488785932219379e-33,2.915562107955211268e-33,6.214623492137060638e-23,3.840848573828944213e-23,9.002455031437150978e-12,5.563824140991657785e-12,1.453437563031911850e-02,5.201000254601240158e-03,1.121474075317382812e+01,1.731198120117187500e+01,1.860253143310546875e+01
2.734557495117187500e+02,5.698795560463874904e-20,4.327909454397168917e-20,6.896989090954264157e-10,4.589380264707898505e-10,2.855844286386854947e-06,8.107778626254003029e-07,9.276542186853475869e-06,7.867998647270724177e-06,1.282467693090438843e-02,4.589508287608623505e-03,1.121472072601318359e+01,1.731298828125000000e+01,1.860385894775390625e+01,2.849785198026644905e-20,1.766590731860034661e-20,3.438044848813603949e-10,2.127069353985433509e-10,1.101996872421295848e-06,6.749882004442042671e-07,6.307848252617986873e-06,3.730875960172852501e-06,1.245770882815122604e-02,3.754306817427277565e-03,1.121493148803710938e+01,1.731345558166503906e+01,1.860438919067382812e+01,4.070612851358046292e-38,3.147113162596212043e-38,1.812737736255719153e-33,1.120327298912243659e-33,2.387978674450982831e-23,1.475851941901946163e-23,3.459206879274923097e-12,2.137907689422902102e-12,1.282465644180774689e-02,4.589475691318511963e-03,1.121472358703613281e+01,1.731298637390136719e+01,1.860386085510253906e+01
2.739566040039062500e+02,4.651924178269859320e-20,3.532870624755508380e-20,5.427465699092692830e-10,3.611532739533629410e-10,2.425437060082913376e-06,6.885890684316109400e-07,7.182252375059761107e-06,6.057255177438491955e-06,1.131551433354616165e-02,4.049658309668302536e-03,1.121470451354980469e+01,1.731387901306152344e+01,1.860503768920898438e+01,2.326171792344908924e-20,1.442001666761245427e-20,2.705391743962337614e-10,1.673787497491474596e-10,9.358662396152794827e-07,5.732293288929213304e-07,4.951732080371584743e-06,2.915857976404367946e-06,1.094659045338630676e-02,3.124984679743647575e-03,1.121492385864257812e+01,1.731438255310058594e+01,1.860561943054199219e+01,4.070612851358046292e-38,3.147113162596212043e-38,6.965420244801273606e-34,4.304804494440184900e-34,9.175310608385247758e-24,5.670653647547510420e-24,1.329128213739538822e-12,8.214464807150545500e-13,1.131547894328832626e-02,4.049601033329963684e-03,1.121470260620117188e+01,1.731387901306152344e+01,1.860503959655761719e+01
2.744574279785156250e+02,3.797410093233355758e-20,2.883915768699833874e-20,4.271110964904067941e-10,2.842073798525746042e-10,2.059904772977461107e-06,5.848168598276970442e-07,5.586539373325649649e-06,4.683627139456802979e-06,9.983655065298080444e-03,3.573174588382244110e-03,1.121469020843505859e+01,1.731466484069824219e+01,1.860607719421386719e+01,1.898963863675527479e-20,1.177173492862571436e-20,2.129084963886640480e-10,1.317234654685250916e-10,7.948586926431744359e-07,4.868605856245267205e-07,3.906433903466677293e-06,2.290117436132277362e-06,9.615697897970676422e-03,2.598431659862399101e-03,1.121492195129394531e+01,1.731518554687500000e+01,1.860667228698730469e+01,4.070612851358046292e-38,3.147113162596212043e-38,2.676827011320378104e-34,1.654308212195115444e-34,3.525627250281227495e-24,2.178957474167328000e-24,5.107196133016800310e-13,3.156420437522289291e-13,9.983589872717857361e-03,3.573073307052254677e-03,1.121468925476074219e+01,1.731466484069824219e+01,1.860607528686523438e+01
2.749582519531250000e+02,3.099861607364458661e-20,2.354167817111994179e-20,3.361124156775474603e-10,2.236552332224306383e-10,1.749451485011377372e-06,4.966803430761501659e-07,4.366120265331119299e-06,3.638026328189880587e-06,8.808284997940063477e-03,3.152632853016257286e-03,1.121467685699462891e+01,1.731535911560058594e+01,1.860699653625488281e+01,1.550142284038055876e-20,9.609379794248396996e-21,1.675470318041050177e-10,1.036589633574003244e-10,6.750597663085500244e-07,4.134822404466831358e-07,3.096913815170410089e-06,1.807494982131174766e-06,8.425203152000904083e-03,2.173333894461393356e-03,1.121490955352783203e+01,1.731588745117187500e+01,1.860759925842285156e+01,4.070612851358046292e-38,3.147113162596212043e-38,1.028928687168350051e-34,6.358509526818101431e-35,1.354727694437892673e-24,8.372677769480887528e-25,1.962447945032946839e-13,1.212859429859311500e-13,8.808166719973087311e-03,3.152451477944850922e-03,1.121467399597167969e+01,1.731535911560058594e+01,1.860699272155761719e+01
2.754591064453125000e+02,2.530414640929042262e-20,1.921705352848340337e-20,2.644976737631310471e-10,1.760015189145036629e-10,1.485764641984133050e-06,4.218201468120241771e-07,3.428980335229425691e-06,2.839191665771068074e-06,7.771025411784648895e-03,2.781474962830543518e-03,1.121466541290283203e+01,1.731597137451171875e+01,1.860780715942382812e+01,1.265322027151027508e-20,7.843772470276762780e-21,1.318424258656136772e-10,8.156904318656899022e-11,5.732802037528017536e-07,3.511408124268200481e-07,2.467168087605386972e-06,1.433622401236789301e-06,7.338779978454113007e-03,1.840901328250765800e-03,1.121489715576171875e+01,1.731650161743164062e+01,1.860841941833496094e+01,4.070612851358046292e-38,3.147113162596212043e-38,3.956981742736305395e-35,2.444929526551988176e-35,5.205259240055585347e-25,3.217027033526257035e-25,7.540297460853148670e-14,4.660159790611378972e-14,7.770820520818233490e-03,2.781160641461610794e-03,1.121466159820556641e+01,1.731597137451171875e+01,1.860780143737792969e+01
2.759599304199218750e+02,2.065600852102755407e-20,1.568705864882622388e-20,2.081447514346024263e-10,1.385032505352157273e-10,1.261828629139927216e-06,3.582446481686929474e-07,2.706423174458905123e-06,2.226586502729333006e-06,6.855811923742294312e-03,2.453964203596115112e-03,1.121465492248535156e+01,1.731650924682617188e+01,1.860852050781250000e+01,1.032941466808166530e-20,6.403236625722098138e-21,1.037571001338832843e-10,6.419303283378141600e-11,4.868953169534506742e-07,2.982294802222895669e-07,1.975223767658462748e-06,1.142805217568820808e-06,6.331466138362884521e-03,1.586623373441398144e-03,1.121489524841308594e+01,1.731705474853515625e+01,1.860913085937500000e+01,4.070612851358046292e-38,3.147113162596212043e-38,1.524013933051858321e-35,9.412725813926201959e-36,2.000128968537159816e-25,1.236147750190687196e-25,2.897371063773426791e-14,1.790673729087921551e-14,6.855461280792951584e-03,2.453423803672194481e-03,1.121465396881103516e+01,1.731650924682617188e+01,1.860851478576660156e+01
2.764607543945312500e+02,1.686168904598133492e-20,1.280548935887965566e-20,1.637981417168532516e-10,1.089942233689633611e-10,1.071639644578681327e-06,3.042496246052905917e-07,2.146804263247759081e-06,1.754817617438675370e-06,6.048269104212522507e-03,2.164966193959116936e-03,1.121464538574218750e+01,1.731698799133300781e+01,1.860915184020996094e+01,8.431997244410699853e-21,5.227021337588638422e-21,8.165097764578632678e-11,5.051629600738571924e-11,4.135057167786726495e-07,2.532775624786154367e-07,1.588889062986709177e-06,9.154146596301870886e-07,5.392360035330057144e-03,1.393034704960882664e-03,1.121488666534423828e+01,1.731753921508789062e+01,1.860978698730468750e+01,4.070612851358046292e-38,3.147113162596212043e-38,5.891422139949687392e-36,3.634901312864694758e-36,7.685526056624701624e-26,4.749916707759164357e-26,1.113319184157255184e-14,6.880690881969596384e-15,6.047685630619525909e-03,2.164063509553670883e-03,1.121464157104492188e+01,1.731698608398437500e+01,1.860914802551269531e+01
2.769616088867187500e+02,1.376419492000288252e-20,1.045312017492382415e-20,1.288981699154589933e-10,8.577115406804836084e-11,9.101047453441424295e-07,2.583892069196735974e-07,1.711353320388298016e-06,1.389901512993674260e-06,5.335720255970954895e-03,1.909950748085975647e-03,1.121463775634765625e+01,1.731740760803222656e+01,1.860970687866210938e+01,6.882714614286588247e-21,4.266617794387690405e-21,6.425095178119732964e-11,3.975115375753901503e-11,3.511565296321350615e-07,2.150877946860418888e-07,1.283989604417001829e-06,7.367456191786914133e-07,4.523159936070442200e-03,1.242386410012841225e-03,1.121489334106445312e+01,1.731798171997070312e+01,1.861036109924316406e+01,4.070612851358046292e-38,3.147113162596212043e-38,2.299031872862174320e-36,1.414682052960216821e-36,2.953003423676869475e-26,1.825056513173636682e-26,4.277696801651981878e-15,2.643762199585437608e-15,5.334778688848018646e-03,1.908485428430140018e-03,1.121463584899902344e+01,1.731740379333496094e+01,1.860970115661621094e+01
2.774624328613281250e+02,1.123585113866206384e-20,8.532987596150328291e-21,1.014357278728006406e-10,6.749714676068663266e-11,7.729237836429092567e-07,2.194427821677891188e-07,1.370936388411791995e-06,1.106377681026060600e-06,4.707087296992540359e-03,1.684958348050713539e-03,1.121463012695312500e+01,1.731777954101562500e+01,1.861019897460937500e+01,5.618687318664662294e-21,3.483041878578424872e-21,5.056414661974706348e-11,3.128331621526925233e-11,2.982391720252053346e-07,1.826754925104978611e-07,1.042282747221179307e-06,5.957278403911914211e-07,3.735186997801065445e-03,1.118551008403301239e-03,1.121489429473876953e+01,1.731837463378906250e+01,1.861087989807128906e+01,4.070612851358046292e-38,3.147113162596212043e-38,9.187811356792702936e-37,5.616400209274289565e-37,1.134696139400343422e-26,7.012807047067599893e-27,1.643711691618463845e-15,1.015869695289895076e-15,4.705582279711961746e-03,1.682622358202934265e-03,1.121462821960449219e+01,1.731777381896972656e+01,1.861019134521484375e+01
2.779632873535156250e+02,9.171824676221286799e-21,6.965476296394506115e-21,7.982312727472518077e-11,5.311574097222049318e-11,6.564114300999790430e-07,1.863640903820851236e-07,1.103474005503812805e-06,8.850190056364226621e-07,4.152435343712568283e-03,1.486436929553747177e-03,1.121462345123291016e+01,1.731810569763183594e+01,1.861063194274902344e+01,4.586323908933002548e-21,2.843077320636401044e-21,3.978886664590675082e-11,2.461680685683642622e-11,2.532685812184354290e-07,1.551303085989275132e-07,8.495979386680119205e-07,4.838045697397319600e-07,3.044143784791231155e-03,1.008692779578268528e-03,1.121489524841308594e+01,1.731871795654296875e+01,1.861133766174316406e+01,4.070612851358046292e-38,3.147113162596212043e-38,3.883981419854392687e-37,2.338454815556390976e-37,4.359833541256327099e-27,2.694525251768432969e-27,6.315619532746728423e-16,3.903267581384112922e-16,4.150122404098510742e-03,1.482840394601225853e-03,1.121462345123291016e+01,1.731809997558593750e+01,1.861062622070312500e+01
2.784641113281250000e+02,7.487050831113269595e-21,5.685987428004444200e-21,6.281636322214012580e-11,4.179913706825466591e-11,5.574660804086306598e-07,1.582726696369718411e-07,8.923109362513059750e-07,7.113735023267508950e-07,3.663129638880491257e-03,1.311298809014260769e-03,1.121461772918701172e+01,1.731839561462402344e+01,1.861101341247558594e+01,3.744033921607027503e-21,2.320938340162733826e-21,3.131300080339016745e-11,1.937290605713570812e-11,2.151009823592175962e-07,1.317523725674618618e-07,6.953379170226980932e-07,3.945846174246980809e-07,2.462088130414485931e-03,9.053993853740394115e-04,1.121489143371582031e+01,1.731901359558105469e+01,1.861172676086425781e+01,4.070612851358046292e-38,3.147113162596212043e-38,1.847484675207833469e-37,1.069653156773062615e-37,1.675272858427159249e-27,1.035375508463705904e-27,2.426786451575012847e-16,1.499836475142861305e-16,3.659677924588322639e-03,1.305924844928085804e-03,1.121461677551269531e+01,1.731839179992675781e+01,1.861100959777832031e+01
2.789649353027343750e+02,6.111753202818756386e-21,4.641527309607763370e-21,4.943297854387296297e-11,3.289359062907948328e-11,4.734339427159284241e-07,1.344151598914322676e-07,7.247514872688043397e-07,5.744714712818677071e-07,3.231452312320470810e-03,1.156783429905772209e-03,1.121461200714111328e+01,1.731864929199218750e+01,1.861135101318359375e+01,3.056292009251180336e-21,1.894604888419250115e-21,2.464159085113770686e-11,1.524540042818767205e-11,1.826759330469940323e-07,1.118916514997181366e-07,5.711925155083008576e-07,3.230839524803741369e-07,1.990118995308876038e-03,8.065289584919810295e-04,1.121488475799560547e+01,1.731926155090332031e+01,1.861205863952636719e+01,4.070612851358046292e-38,3.147113162596212043e-38,1.169536029751978386e-37,5.860060340432508823e-38,6.437260986928951698e-28,3.978446449194183751e-28,9.324964540498911075e-17,5.763144675180275180e-17,3.226469503715634346e-03,1.149008981883525848e-03,1.121460914611816406e+01,1.731864738464355469e+01,1.861135101318359375e+01
2.794657897949218750e+02,4.989021926752812259e-21,3.788876965888918348e-21,3.890042801768522907e-11,2.588504237344135817e-11,4.020636481527617434e-07,1.141523426895219018e-07,5.911234666200471111e-07,4.659926560179883381e-07,2.850601216778159142e-03,1.020457944832742214e-03,1.121460723876953125e+01,1.731887435913085938e+01,1.861164855957031250e+01,2.494735731936408942e-21,1.546494934524579870e-21,1.939042849896654985e-11,1.199658254680269209e-11,1.551292712065333035e-07,9.501892606067485758e-08,4.708180938450823305e-07,2.655086177583143581e-07,1.617556787095963955e-03,7.133059552870690823e-04,1.121487236022949219e+01,1.731947135925292969e+01,1.861232948303222656e+01,4.070612851358046292e-38,3.147113162596212043e-38,1.004272045647858176e-37,5.860060340432508823e-38,2.473383716281571290e-28,1.528635152466940034e-28,3.582923558850578780e-17,2.214368455504865467e-17,2.843625843524932861e-03,1.009538769721984863e-03,1.121460533142089844e+01,1.731887435913085938e+01,1.861164855957031250e+01
2.799666137695312500e+02,4.072586587400752227e-21,3.092896770840569177e-21,3.061246048319254953e-11,2.037008062227840810e-11,3.414548928049043752e-07,9.694479530253374833e-08,4.840468363909167238e-07,3.796178305037756218e-07,2.514638006687164307e-03,9.001976577565073967e-04,1.121460342407226562e+01,1.731907081604003906e+01,1.861191177368164062e+01,2.036570568842230436e-21,1.262476331973389026e-21,1.525985240946603483e-11,9.441052974124009012e-12,1.317501130415621446e-07,8.069901014096103609e-08,3.893430005064146826e-07,2.189539571872956003e-07,1.327233389019966125e-03,6.277116481214761734e-04,1.121485424041748047e+01,1.731963729858398438e+01,1.861255645751953125e+01,4.070612851358046292e-38,3.147113162596212043e-38,1.004272045647858176e-37,5.860060340432508823e-38,9.504014089426508418e-29,5.873804061273595098e-29,1.376743860537743265e-17,8.508745394551191102e-18,2.505156444385647774e-03,8.852895116433501244e-04,1.121460628509521484e+01,1.731907272338867188e+01,1.861190986633300781e+01
2.804674377441406250e+02,3.324491388432469736e-21,2.524761216871411774e-21,2.409028879157837366e-11,1.603011126616316062e-11,2.899818980495183496e-07,8.233093495846333099e-08,3.978304619067785097e-07,3.104996437741647242e-07,2.218257170170545578e-03,7.941043004393577576e-04,1.121459960937500000e+01,1.731924629211425781e+01,1.861214256286621094e+01,1.662472078363371573e-21,1.030571723600172818e-21,1.200864928330158676e-11,7.429580388407241998e-12,1.118886885365100170e-07,6.853366585346520878e-08,3.228997229598462582e-07,1.811283283359443885e-07,1.100884983316063881e-03,5.508204340003430843e-04,1.121483230590820312e+01,1.731977081298828125e+01,1.861274719238281250e+01,4.070612851358046292e-38,3.147113162596212043e-38,1.004272045647858176e-37,5.860060340432508823e-38,3.651932110513170857e-29,2.257018366686168432e-29,5.290159161327758722e-18,3.269497959155152404e-18,2.205757424235343933e-03,7.742981542833149433e-04,1.121460151672363281e+01,1.731925010681152344e+01,1.861215019226074219e+01
2.809682922363281250e+02,2.713779862827056325e-21,2.060960885854215768e-21,1.895742764157493099e-11,1.261461247958894916e-11,2.462651877976895776e-07,6.991915313392382814e-08,3.280864859789289767e-07,2.549211046698474092e-07,1.956783002242445946e-03,7.005049264989793301e-04,1.121459674835205078e+01,1.731940078735351562e+01,1.861234664916992188e+01,1.357012817009899871e-21,8.412166821109930608e-22,9.449583476817124961e-12,5.846322991692742832e-12,9.501570730208186433e-08,5.819870452228315116e-08,2.684984394818457076e-07,1.502654214391441201e-07,9.228603448718786240e-04,4.827854572795331478e-04,1.121481227874755859e+01,1.731987762451171875e+01,1.861290168762207031e+01,4.070612851358046292e-38,3.147113162596212043e-38,1.004272045647858176e-37,5.860060340432508823e-38,1.403178992553961773e-29,8.672122492569917175e-30,2.032633400768392565e-18,1.256236507947292332e-18,1.940747024491429329e-03,6.748338346369564533e-04,1.121459960937500000e+01,1.731940460205078125e+01,1.861236572265625000e+01
2.814691162109375000e+02,2.215283990315949096e-21,1.682381564459505689e-21,1.491842760437123161e-11,9.926988918385060146e-12,2.091407225179864326e-07,5.937896219165850198e-08,2.714256197577924468e-07,2.100270108940094360e-07,1.726134447380900383e-03,6.179391639307141304e-04,1.121459388732910156e+01,1.731953811645507812e+01,1.861252784729003906e+01,1.107793153529189377e-21,6.867243953840824138e-22,7.436615559464065939e-12,4.600928145415128512e-12,8.069556400869259960e-08,4.942748432767984923e-08,2.238130889509193366e-07,1.249956369520077715e-07,7.811120012775063515e-04,4.231624188832938671e-04,1.121478843688964844e+01,1.731997680664062500e+01,1.861303520202636719e+01,4.070612851358046292e-38,3.147113162596212043e-38,1.004272045647858176e-37,5.860060340432508823e-38,5.391736423492901606e-30,3.332276339383330102e-30,7.810424425387746046e-19,4.827108624299402286e-19,1.706104492768645287e-03,5.854059709236025810e-04,1.121459960937500000e+01,1.731955146789550781e+01,1.861254501342773438e+01
2.819699401855468750e+02,1.808356769276391947e-21,1.373343676630265938e-21,1.173995969883101509e-11,7.811980229366355388e-12,1.776124207708562608e-07,5.042758033368954784e-08,2.251978088452233351e-07,1.735986074891116004e-07,1.522666541859507561e-03,5.451024626381695271e-04,1.121459102630615234e+01,1.731965637207031250e+01,1.861268615722656250e+01,9.043018760797428913e-22,5.605796044052353641e-22,5.852197632744138289e-12,3.620671254131457850e-12,6.853024103747884510e-08,4.197606884304150299e-08,1.869653658559400355e-07,1.042206250190247374e-07,6.665278924629092216e-04,3.710724704433232546e-04,1.121476936340332031e+01,1.732005119323730469e+01,1.861314773559570312e+01,4.070612851358046292e-38,3.147113162596212043e-38,1.004272045647858176e-37,5.860060340432508823e-38,2.071783026488111708e-30,1.280432330192510232e-30,3.001167909670886634e-19,1.854823664420365285e-19,1.498319092206656933e-03,5.047600716352462769e-04,1.121460056304931641e+01,1.731966972351074219e+01,1.861271476745605469e+01
2.824707946777343750e+02,1.476159944753780655e-21,1.121059143382365253e-21,9.238550029155856436e-12,6.147496574293587202e-12,1.508352767132237204e-07,4.282511056885596190e-08,1.873314232625489240e-07,1.439120893564904691e-07,1.343166921287775040e-03,4.808452795259654522e-04,1.121458911895751953e+01,1.731976318359375000e+01,1.861282730102539062e+01,7.381469687558489375e-22,4.575797147065341629e-22,4.605081073416616988e-12,2.849098127560845128e-12,5.819544313112601230e-08,3.564581874115901883e-08,1.564833524980713264e-07,8.708207133167888969e-08,5.725723458454012871e-04,3.256152558606117964e-04,1.121474933624267578e+01,1.732011985778808594e+01,1.861323547363281250e+01,4.070612851358046292e-38,3.147113162596212043e-38,1.004272045647858176e-37,5.860060340432508823e-38,7.960395081621614165e-31,4.919794625705558591e-31,1.153136302808376687e-19,7.126774900255212619e-20,1.314349705353379250e-03,4.318162100389599800e-04,1.121460056304931641e+01,1.731978416442871094e+01,1.861285781860351562e+01
2.829716186523437500e+02,1.205003132349704924e-21,9.151309546898334682e-22,7.270218715244025631e-12,4.837733946078115466e-12,1.280961612337705446e-07,3.636908729731658241e-08,1.562038960400968790e-07,1.196256391722272383e-07,1.184832537546753883e-03,4.241643473505973816e-04,1.121458721160888672e+01,1.731985664367675781e+01,1.861295127868652344e+01,6.025838096573871836e-22,3.735435867854646783e-22,3.624096682475208553e-12,2.242176713393440046e-12,4.942436504506986239e-08,3.027343353778633173e-08,1.312062636316113640e-07,7.290538661663958919e-08,4.946106928400695324e-04,2.859786909539252520e-04,1.121473026275634766e+01,1.732017326354980469e+01,1.861331939697265625e+01,4.070612851358046292e-38,3.147113162596212043e-38,1.004272045647858176e-37,5.860060340432508823e-38,3.058794992576953105e-31,1.890439183848339184e-31,4.430944170096025091e-20,2.738474152558283555e-20,1.151671167463064194e-03,3.657437628135085106e-04,1.121459770202636719e+01,1.731988525390625000e+01,1.861298942565917969e+01
2.834724426269531250e+02,9.836551742061266474e-22,7.470299212018720365e-22,5.721252898521766994e-12,3.807024574059569844e-12,1.087848957581627474e-07,3.088627664737941814e-08,1.305270700413529994e-07,9.968099590196288773e-08,1.045159762725234032e-03,3.741635009646415710e-04,1.121458530426025391e+01,1.731993865966796875e+01,1.861305999755859375e+01,4.918947349433157362e-22,3.049271020976968496e-22,2.851959770774903369e-12,1.764466827855470932e-12,4.197317338139328058e-08,2.570945412116998341e-08,1.101805224834606634e-07,6.114021999792385031e-08,4.291277145966887474e-04,2.513424551580101252e-04,1.121471405029296875e+01,1.732022476196289062e+01,1.861338615417480469e+01,4.070612851358046292e-38,3.147113162596212043e-38,1.004272045647858176e-37,5.860060340432508823e-38,1.175347296478999640e-31,7.264044335786304515e-32,1.702597163927834112e-20,1.052262919577242076e-20,1.008131890557706356e-03,3.059737209696322680e-04,1.121460056304931641e+01,1.731997680664062500e+01,1.861310195922851562e+01
2.839732971191406250e+02,8.029568019900291529e-22,6.097997791038206911e-22,4.502237558462462985e-12,2.995869611416290823e-12,9.238386411425381084e-08,2.622972239407772577e-08,1.092789219114820298e-07,8.324396105763298692e-08,9.219422936439514160e-04,3.300532407592982054e-04,1.121458435058593750e+01,1.732001113891601562e+01,1.861315536499023438e+01,4.015148526797230289e-22,2.489003830733749619e-22,2.244201135689904980e-12,1.388455431357293879e-12,3.564319683846406406e-08,2.183221958773629012e-08,9.264867628644424258e-08,5.135052205673673598e-08,3.735987702384591103e-04,2.210347156506031752e-04,1.121469783782958984e+01,1.732026481628417969e+01,1.861344528198242188e+01,4.070612851358046292e-38,3.147113162596212043e-38,1.004272045647858176e-37,5.860060340432508823e-38,4.516033886519440421e-32,2.791061166624204140e-32,6.541875004442826583e-21,4.043101314413644743e-21,8.818929200060665607e-04,2.522581489756703377e-04,1.121460342407226562e+01,1.732004928588867188e+01,1.861320495605468750e+01
2.844741210937500000e+02,6.554609163206364178e-22,4.977851151463903390e-22,3.543006599909803711e-12,2.357580059994535127e-12,7.845622462809842546e-08,2.227540107924141921e-08,9.164737235778375180e-08,6.965579046891434700e-08,8.132556104101240635e-04,2.911445335485041142e-04,1.121458244323730469e+01,1.732007408142089844e+01,1.861324119567871094e+01,3.277752907032837294e-22,2.031889102199188930e-22,1.766136716041533106e-12,1.092683669240424038e-12,3.027102835062578379e-08,1.854168729664706916e-08,7.800564816307087312e-08,4.318894752941560000e-08,3.261903766542673111e-04,1.945111434906721115e-04,1.121468162536621094e+01,1.732029724121093750e+01,1.861350250244140625e+01,4.070612851358046292e-38,3.147113162596212043e-38,1.004272045647858176e-37,5.860060340432508823e-38,1.735300172451179341e-32,1.072473144295459114e-32,2.513725545056574677e-21,1.553567773048370077e-21,7.712094811722636223e-04,2.047051239060238004e-04,1.121460247039794922e+01,1.732011604309082031e+01,1.861329841613769531e+01
2.849749450683593750e+02,5.350586288350148609e-22,4.063464679520206821e-22,2.788145365625882555e-12,1.855281987067636251e-12,6.662820339897734812e-08,1.891719492164156691e-08,7.697774861981088179e-08,5.838889194365037838e-08,7.173802005127072334e-04,2.568219788372516632e-04,1.121458148956298828e+01,1.732013130187988281e+01,1.861331558227539062e+01,2.675659428070586524e-22,1.658649599204581605e-22,1.389849715351110238e-12,8.598802008971673239e-13,2.570729762396695151e-08,1.574631447454066802e-08,6.574630617706134217e-08,3.636749923430215858e-08,2.854078775271773338e-04,1.712427038000896573e-04,1.121467304229736328e+01,1.732032966613769531e+01,1.861354446411132812e+01,4.070612851358046292e-38,3.147113162596212043e-38,1.004272045647858176e-37,5.860060340432508823e-38,6.667990235671487361e-33,4.121030462697513211e-33,9.659030018047185368e-22,5.969608596120697456e-22,6.741192773915827274e-04,1.637883106013759971e-04,1.121460533142089844e+01,1.732018280029296875e+01,1.861336898803710938e+01
2.854757995605468750e+02,4.367677212477292752e-22,3.317001072095862086e-22,2.194079987138941590e-12,1.459980140255945358e-12,5.658274204733970691e-08,1.606508703844156116e-08,6.474303404502279591e-08,4.902114980609439954e-08,6.328013259917497635e-04,2.265433577122166753e-04,1.121458053588867188e+01,1.732018089294433594e+01,1.861338043212890625e+01,2.184037525404506907e-22,1.353892058025296581e-22,1.093669317435430610e-12,6.766377280524593640e-13,2.183031355684761365e-08,1.337157407022004918e-08,5.546454318050564325e-08,3.065504827759468753e-08,2.501404378563165665e-04,1.508072309661656618e-04,1.121465969085693359e+01,1.732035827636718750e+01,1.861358070373535156e+01,4.070612851358046292e-38,3.147113162596212043e-38,1.004272045647858176e-37,5.860060340432508823e-38,2.562108405407219432e-33,1.583456277430885763e-33,3.711280820719034566e-22,2.293697774036876352e-22,5.882785189896821976e-04,1.300345757044851780e-04,1.121460247039794922e+01,1.732023811340332031e+01,1.861343574523925781e+01
2.859766235351562500e+02,3.565373107689356223e-22,2.707697278242146433e-22,1.726616137391612238e-12,1.148921344347464402e-12,4.805224662618456932e-08,1.364310620033393207e-08,5.451866869066179788e-08,4.121448071714439720e-08,5.581974983215332031e-04,1.998355874093249440e-04,1.121457958221435547e+01,1.732022666931152344e+01,1.861343955993652344e+01,1.782931037616424207e-22,1.105244615312571684e-22,8.606931356860969551e-13,5.324986328616998499e-13,1.853998199408124492e-08,1.135618887815326161e-08,4.683224119617079850e-08,2.586526015591061878e-08,2.195507986471056938e-04,1.328660000581294298e-04,1.121464633941650391e+01,1.732038307189941406e+01,1.861362075805664062e+01,4.070612851358046292e-38,3.147113162596212043e-38,1.004272045647858176e-37,5.860060340432508823e-38,9.845663339289083033e-34,6.084815182272065358e-34,1.426065257788329039e-22,8.813568027332203877e-23,5.112904473207890987e-04,1.034638044075109065e-04,1.121460151672363281e+01,1.732028007507324219e+01,1.861349868774414062e+01
2.864774475097656250e+02,2.910445133174512637e-22,2.210316817185698264e-22,1.358748400251408306e-12,9.041355988545496380e-13,4.080778026605003106e-08,1.158625018149450625e-08,4.595750269231757557e-08,3.469406095746307983e-08,4.923880915157496929e-04,1.762761094141751528e-04,1.121457862854003906e+01,1.732026481628417969e+01,1.861349105834960938e+01,1.455422369277330696e-22,9.022208483899953787e-23,6.773166012427611626e-13,4.190461183346122498e-13,1.574480634758401720e-08,9.644085530169377307e-09,3.957161709422507556e-08,2.184139447081179242e-08,1.928978599607944489e-04,1.170829418697394431e-04,1.121464157104492188e+01,1.732040214538574219e+01,1.861364936828613281e+01,4.070612851358046292e-38,3.147113162596212043e-38,1.004272045647858176e-37,5.860060340432508823e-38,3.783932616097511532e-34,2.338460503258701855e-34,5.479677758799922017e-23,3.386627197768116941e-23,4.412587441038340330e-04,8.328385592903941870e-05,1.121460247039794922e+01,1.732031822204589844e+01,1.861355018615722656e+01
2.869783020019531250e+02,2.375791814761713090e-22,1.804278118582684128e-22,1.069241700388245953e-12,7.114926052834147363e-13,3.465512321554342634e-08,9.839381753806719644e-09,3.877640253335812304e-08,2.923695774370571598e-08,4.343333130236715078e-04,1.554926711833104491e-04,1.121457767486572266e+01,1.732029914855957031e+01,1.861353683471679688e+01,1.188004580859159792e-22,7.364480400450415158e-23,5.329785007432419341e-13,3.297462400787126713e-13,1.337025690162363389e-08,8.189614320031068928e-09,3.345713395219718223e-08,1.845631381058865372e-08,1.696123363217338920e-04,1.031895153573714197e-04,1.121463108062744141e+01,1.732042694091796875e+01,1.861367225646972656e+01,4.070612851358046292e-38,3.147113162596212043e-38,1.004272045647858176e-37,5.860060340432508823e-38,1.454618928256145601e-34,8.988656325852632207e-35,2.105452085550603558e-23,1.301240893747077128e-23,3.768895985558629036e-04,6.816984387114644051e-05,1.121460151672363281e+01,1.732035827636718750e+01,1.861359024047851562e+01
2.874791259765625000e+02,1.939379194517303622e-22,1.472847612476066253e-22,8.414319588312402232e-13,5.599039569655073212e-13,2.943038168723433046e-08,8.355965697148803883e-09,3.274453774793073535e-08,2.466230597519825096e-08,3.831257345154881477e-04,1.371604594169184566e-04,1.121457767486572266e+01,1.732032966613769531e+01,1.861357688903808594e+01,9.698227569794531179e-23,6.011961970142161821e-23,4.194418792326237710e-13,2.595027057822330008e-13,1.135502181170977565e-08,6.955244380435487983e-09,2.830483758486934676e-08,1.560645657150416810e-08,1.492515875725075603e-04,9.096916619455441833e-05,1.121462345123291016e+01,1.732044029235839844e+01,1.861370086669921875e+01,4.070612851358046292e-38,3.147113162596212043e-38,1.004272045647858176e-37,5.860060340432508823e-38,5.596612404155154992e-35,3.457513159922583655e-35,8.090231644392840798e-24,5.000037864423244347e-24,3.172918513882905245e-04,5.676562068401835859e-05,1.121460151672363281e+01,1.732038688659667969e+01,1.861363220214843750e+01
2.879799804687500000e+02,1.583111939235217740e-22,1.202283089461404941e-22,6.621489381103407013e-13,4.406058037951382511e-13,2.499307250047877460e-08,7.096115695048865746e-09,2.767056628272257512e-08,2.082093430999520933e-08,3.379523986950516701e-04,1.209884576383046806e-04,1.121457672119140625e+01,1.732035636901855469e+01,1.861361122131347656e+01,7.916285448208892032e-23,4.907331088613852084e-23,3.300575416274875717e-13,2.042019033249645177e-13,9.642505460760730784e-09,5.906283018219937730e-09,2.395655762654769205e-08,1.320335130117200606e-08,1.313886605203151703e-04,8.019756933208554983e-05,1.121462059020996094e+01,1.732045173645019531e+01,1.861372184753417969e+01,4.070612851358046292e-38,3.147113162596212043e-38,1.004272045647858176e-37,5.860060340432508823e-38,2.157598500482859439e-35,1.332085925180533260e-35,3.108503241579776135e-24,1.921160688569495921e-24,2.617801947053521872e-04,4.794628330273553729e-05,1.121460056304931641e+01,1.732040977478027344e+01,1.861367607116699219e+01
2.884808044433593750e+02,1.292307391094247467e-22,9.814335904357304758e-23,5.210731477377217313e-13,3.467314055229792080e-13,2.122498621304202970e-08,6.026271925918535999e-09,2.339782945171009487e-08,1.759121559530285595e-08,2.981071884278208017e-04,1.067238699761219323e-04,1.121457576751708984e+01,1.732037925720214844e+01,1.861364364624023438e+01,6.462426790572326634e-23,4.006078645871106020e-23,2.597476270529974762e-13,1.607021536242231319e-13,8.189127598257073259e-09,5.016058679530033260e-09,2.028604484394236351e-08,1.117620662682838883e-08,1.157229562522843480e-04,7.071628351695835590e-05,1.121461296081542969e+01,1.732046508789062500e+01,1.861374092102050781e+01,4.070612851358046292e-38,3.147113162596212043e-38,1.004272045647858176e-37,5.860060340432508823e-38,8.362771303816702171e-36,5.154643532162060392e-36,1.194447132930313799e-24,7.382089353576758584e-25,2.098166296491399407e-04,4.085193359060212970e-05,1.121460247039794922e+01,1.732043647766113281e+01,1.861370658874511719e+01
2.889816284179687500e+02,1.054923304386268176e-22,8.011540086969967119e-23,4.100555886597107014e-13,2.728583418237784386e-13,1.802500726455491531e-08,5.117726686876267195e-09,1.979582009425939759e-08,1.487225542717851567e-08,2.629597147461026907e-04,9.414103988092392683e-05,1.121457576751708984e+01,1.732040023803710938e+01,1.861367034912109375e+01,5.275332492088919472e-23,3.270195114689840660e-23,2.044064651698582202e-13,1.264633607252554914e-13,6.954471665210348874e-09,4.259802288686387328e-09,1.718402131700713653e-08,9.464130812375515234e-09,1.019525516312569380e-04,6.235778710106387734e-05,1.121460819244384766e+01,1.732047462463378906e+01,1.861375808715820312e+01,4.070612851358046292e-38,3.147113162596212043e-38,1.004272045647858176e-37,5.860060340432508823e-38,3.285574510973191477e-36,2.016762919786347981e-36,4.589681493427684048e-25,2.836579140460793566e-25,1.611342158867046237e-04,3.477674181340262294e-05,1.121460437774658203e+01,1.732045936584472656e+01,1.861374092102050781e+01
2.894824829101562500e+02,8.611338801113366175e-23,6.539819725173025484e-23,3.226863763174103727e-13,2.147212935883421880e-13,1.530731630339232652e-08,4.346111914799166698e-09,1.675625327379748342e-08,1.258064585840656946e-08,2.319541526958346367e-04,8.304100629175081849e-05,1.121457576751708984e+01,1.732041740417480469e+01,1.861369514465332031e+01,4.306055311311517206e-23,2.669338064755997095e-23,1.608471656647930681e-13,9.951385554355166030e-14,5.905626654367779338e-09,3.617354860097066194e-09,1.456069842475926635e-08,8.017077668398542301e-09,8.983814768726006150e-05,5.498759492184035480e-05,1.121460437774658203e+01,1.732048416137695312e+01,1.861377334594726562e+01,4.070612851358046292e-38,3.147113162596212043e-38,1.004272045647858176e-37,5.860060340432508823e-38,1.334582756542189676e-36,8.109838410777251017e-37,1.763489432417355273e-25,1.089896512888688390e-25,1.160091123892925680e-04,2.906230110966134816e-05,1.121460628509521484e+01,1.732048034667968750e+01,1.861376953125000000e+01
2.899833068847656250e+02,7.029521855940159247e-23,5.338520250597122518e-23,2.539362763034208603e-13,1.689737488385495423e-13,1.299949925481769242e-08,3.690870054029460334e-09,1.418952866316658401e-08,1.064759835855966230e-08,2.046057779807597399e-04,7.325021579163148999e-05,1.121457481384277344e+01,1.732043457031250000e+01,1.861371612548828125e+01,3.515238031045557292e-23,2.179107081638003165e-23,1.265833412481681686e-13,7.831531105041700247e-14,5.015493798055103980e-09,3.072129217684960167e-09,1.234201540967205801e-08,6.793780205072152967e-09,7.918748451629653573e-05,4.849626202485524118e-05,1.121459960937500000e+01,1.732049179077148438e+01,1.861378479003906250e+01,4.070612851358046292e-38,3.147113162596212043e-38,1.004272045647858176e-37,5.860060340432508823e-38,5.849819314943591622e-37,3.477050175216077401e-37,6.776235057162804899e-26,4.187943908533777421e-26,7.580396777484565973e-05,2.305270209035370499e-05,1.121460723876953125e+01,1.732050514221191406e+01,1.861379241943359375e+01
2.904841308593750000e+02,5.738268256797542217e-23,4.357886943772520654e-23,1.998337205346562007e-13,1.329729512264399283e-13,1.103961544401954598e-08,3.134413839589456074e-09,1.202040333936338357e-08,9.015526991618116881e-09,1.804816711228340864e-04,6.461371231125667691e-05,1.121457481384277344e+01,1.732044792175292969e+01,1.861373519897460938e+01,2.869523825685950288e-23,1.778826909870921371e-23,9.961405615308005501e-14,6.162979875783472505e-14,4.259320895982909860e-09,2.608953275640146785e-09,1.046379782820849869e-08,5.758657550813950365e-09,6.980689067859202623e-05,4.277077823644503951e-05,1.121459674835205078e+01,1.732050323486328125e+01,1.861379432678222656e+01,4.070612851358046292e-38,3.147113162596212043e-38,1.004272045647858176e-37,5.860060340432508823e-38,2.969466688689993446e-37,1.696894191791105575e-37,2.603779015018602976e-26,1.609223861356376750e-26,4.330581577960401773e-05,1.640879963815677911e-05,1.121460533142089844e+01,1.732051849365234375e+01,1.861381912231445312e+01
2.909849853515625000e+02,4.684146876853085513e-23,3.557341746367737311e-23,1.572557188633805225e-13,1.046407765666924894e-13,9.375117571153168683e-09,2.661823872429636140e-09,1.018603779101567852e-08,7.636471899274965836e-09,1.592005428392440081e-04,5.699499160982668400e-05,1.121457481384277344e+01,1.732046127319335938e+01,1.861375236511230469e+01,2.342284064288236766e-23,1.451989688379915777e-23,7.838615688612535215e-14,4.849640383285808154e-14,3.616942745310325336e-09,2.215478023259720430e-09,8.873066725811895594e-09,4.882309667664230801e-09,6.154151924420148134e-05,3.772023774217814207e-05,1.121459293365478516e+01,1.732050514221191406e+01,1.861380767822265625e+01,4.070612851358046292e-38,3.147113162596212043e-38,1.004272045647858176e-37,5.860060340432508823e-38,1.861318854167033793e-37,1.072943293463420139e-37,1.000447805957271188e-26,6.183107952933823384e-27,2.124765524058602750e-05,9.868017514236271381e-06,1.121460628509521484e+01,1.732053565979003906e+01,1.861383438110351562e+01
2.914858093261718750e+02,3.823714514967543836e-23,2.903892602060257242e-23,1.237514729362718113e-13,8.234644926661746633e-14,7.961659775901352987e-09,2.260509557316936480e-09,8.634111203775773902e-09,6.470593394425350198e-09,1.404296490363776684e-04,5.027493170928210020e-05,1.121457386016845703e+01,1.732047271728515625e+01,1.861376571655273438e+01,1.912117266038132764e-23,1.185327407827893140e-23,6.168824403119527178e-14,3.816563764243857682e-14,3.071770615648006242e-09,1.881547362359015096e-09,7.525965628474295954e-09,4.140394249674272942e-09,5.426597635960206389e-05,3.327057129354216158e-05,1.121459293365478516e+01,1.732051467895507812e+01,1.861381149291992188e+01,4.070612851358046292e-38,3.147113162596212043e-38,1.004272045647858176e-37,5.860060340432508823e-38,1.603379155345713211e-37,9.187519774608246228e-38,3.844235902496620394e-27,2.375868394296904035e-27,9.200599379255436361e-06,4.942901796312071383e-06,1.121460819244384766e+01,1.732054328918457031e+01,1.861384582519531250e+01
2.919866333007812500e+02,3.121335168608463202e-23,2.370475586458120065e-23,9.738548536379967868e-14,6.480204556551932837e-14,6.761300852531348937e-09,1.919699288421838901e-09,7.320419825873614172e-09,5.484312559644877183e-09,1.238718541571870446e-04,4.434715810930356383e-05,1.121457386016845703e+01,1.732048225402832031e+01,1.861377906799316406e+01,1.560879787887736053e-23,9.675942249222037596e-24,4.854520309501529629e-14,3.003422299275096408e-14,2.608644855683905917e-09,1.597870169511850236e-09,6.384300199613335280e-09,3.511810620082655987e-09,4.785183409694582224e-05,2.934489930339623243e-05,1.121458721160888672e+01,1.732051658630371094e+01,1.861382293701171875e+01,4.070612851358046292e-38,3.147113162596212043e-38,1.004272045647858176e-37,5.860060340432508823e-38,1.603379155345713211e-37,9.187519774608246228e-38,1.477153600606010929e-27,9.129311418718847069e-28,3.709093562065390870e-06,2.160055373678915203e-06,1.121460056304931641e+01,1.732054710388183594e+01,1.861385536193847656e+01
2.924874877929687500e+02,2.547943888811699605e-23,1.935017898116698736e-23,7.663579379381044165e-14,5.099483254287009992e-14,5.741857656005322497e-09,1.630254931050956202e-09,6.207866221075164503e-09,4.649500784381643825e-09,1.092654201784171164e-04,3.911797830369323492e-05,1.121457386016845703e+01,1.732048988342285156e+01,1.861379051208496094e+01,1.274087196984102592e-23,7.898108515230789478e-24,3.820012882405077193e-14,2.363387941297159789e-14,2.215214234269069493e-09,1.356881718095337419e-09,5.416433523919295112e-09,2.979055890861559419e-09,4.219598849886097014e-05,2.588132701930589974e-05,1.121458816528320312e+01,1.732052230834960938e+01,1.861382293701171875e+01,4.070612851358046292e-38,3.147113162596212043e-38,1.004272045647858176e-37,5.860060340432508823e-38,1.603379155345713211e-37,9.187519774608246228e-38,5.675655360798421958e-28,3.507747726338485018e-28,1.450149966331082396e-06,8.758812555242911913e-07,1.121460056304931641e+01,1.732054901123046875e+01,1.861385536193847656e+01
2.929883117675781250e+02,2.079910662705719726e-23,1.579573424758758370e-23,6.030806144188480267e-14,4.013006628931538311e-14,4.876168357981214285e-09,1.384464876075242046e-09,5.265424984912669970e-09,3.942675519397198514e-09,9.638196206651628017e-05,3.450562144280411303e-05,1.121457386016845703e+01,1.732049751281738281e+01,1.861380004882812500e+01,1.040097168543618601e-23,6.447594470060180126e-24,3.006267313538334152e-14,1.859934766151958435e-14,1.881318878460547239e-09,1.152362871792433907e-09,4.596099945075593496e-09,2.527591469458911888e-09,3.721447865245863795e-05,2.282935565744992346e-05,1.121458625793457031e+01,1.732052421569824219e+01,1.861383438110351562e+01,4.070612851358046292e-38,3.147113162596212043e-38,1.004272045647858176e-37,5.860060340432508823e-38,1.603379155345713211e-37,9.187519774608246228e-38,2.180879254117871070e-28,1.347857497495789092e-28,5.606647732747660484e-07,3.435843609622679651e-07,1.121459865570068359e+01,1.732054901123046875e+01,1.861385917663574219e+01
2.934891357421875000e+02,1.697850495722165554e-23,1.289420523057154965e-23,4.745904935861931795e-14,3.158010216720331942e-14,4.140995990553619777e-09,1.175731512148558977e-09,4.466778502631996162e-09,3.343947785339196344e-09,8.501751290168613195e-05,3.043707511096727103e-05,1.121457386016845703e+01,1.732050514221191406e+01,1.861380958557128906e+01,8.490410526419692214e-24,5.263232233549824894e-24,2.365763529901029200e-14,1.463664123712779541e-14,1.597673771058794046e-09,9.786222943120037598e-10,3.900351153163228446e-09,2.144769251088973760e-09,3.282068064436316490e-05,2.013645462284330279e-05,1.121458339691162109e+01,1.732052993774414062e+01,1.861383819580078125e+01,4.070612851358046292e-38,3.147113162596212043e-38,1.004272045647858176e-37,5.860060340432508823e-38,1.603379155345713211e-37,9.187519774608246228e-38,8.380061836887776689e-29,5.179162658197544975e-29,2.159090968234522734e-07,1.330301131474698195e-07,1.121459579467773438e+01,1.732055282592773438e+01,1.861385726928710938e+01
2.939899902343750000e+02,1.385953984231683834e-23,1.052552887806605767e-23,3.734704806155307588e-14,2.485139440695956214e-14,3.516627655741899616e-09,9.984582050037715817e-10,3.789761837680316603e-09,2.836589185761795306e-09,7.499241473851725459e-05,2.684801984287332743e-05,1.121457386016845703e+01,1.732051086425781250e+01,1.861381721496582031e+01,6.930398643299880318e-24,4.296176721739796564e-24,1.861614093673184811e-14,1.151754235875161042e-14,1.356714629530131333e-09,8.310270804834374303e-10,3.310134832901212576e-09,1.820071204861051228e-09,2.894487079174723476e-05,1.776030330802313983e-05,1.121458625793457031e+01,1.732053375244140625e+01,1.861383819580078125e+01,4.070612851358046292e-38,3.147113162596212043e-38,1.004272045647858176e-37,5.860060340432508823e-38,1.603379155345713211e-37,9.187519774608246228e-38,3.219864171964477398e-29,1.989985321094616981e-29,8.302390597236808389e-08,5.125488300450342649e-08,1.121459197998046875e+01,1.732055091857910156e+01,1.861386299133300781e+01
2.944908142089843750e+02,1.131366876441969747e-23,8.592085230771817984e-24,2.939001039065081144e-14,1.955664227564976598e-14,2.986428881968095084e-09,8.479218438495195187e-10,3.215782529153443647e-09,2.406584709291337276e-09,6.614990707021206617e-05,2.368233799643348902e-05,1.121457290649414062e+01,1.732051658630371094e+01,1.861382484436035156e+01,5.657607465896965326e-24,3.507169088390413650e-24,1.465049191988129773e-14,9.064050440657327179e-15,1.152218320754627712e-09,7.057679995980947751e-10,2.809602994702231626e-09,1.544741445869135532e-09,2.553015838202554733e-05,1.566636456118430942e-05,1.121457958221435547e+01,1.732053375244140625e+01,1.861384963989257812e+01,4.070612851358046292e-38,3.147113162596212043e-38,1.004272045647858176e-37,5.860060340432508823e-38,1.603379155345713211e-37,9.187519774608246228e-38,1.237237708816742521e-29,7.646549750856023558e-30,3.191114217315771384e-08,1.971430840796983830e-08,1.121458530426025391e+01,1.732054901123046875e+01,1.861387062072753906e+01
2.949916381835937500e+02,9.235461252408349908e-24,7.013805695669803118e-24,2.312830916367802914e-14,1.538999403448166464e-14,2.536168608457955997e-09,7.200818830099819934e-10,2.729026116199406715e-09,2.042026325810297749e-09,5.835001866216771305e-05,2.088991641358006746e-05,1.121457290649414062e+01,1.732052040100097656e+01,1.861383056640625000e+01,4.618356981762920437e-24,2.862933997228096044e-24,1.152910859364636789e-14,7.132894942014564310e-15,9.784983934224555924e-10,5.993595619813163466e-10,2.384878960981495766e-09,1.311144526283669620e-09,2.251760088256560266e-05,1.381866786687169224e-05,1.121458148956298828e+01,1.732053756713867188e+01,1.861384773254394531e+01,4.070612851358046292e-38,3.147113162596212043e-38,1.004272045647858176e-37,5.860060340432508823e-38,1.603379155345713211e-37,9.187519774608246228e-38,4.754104653256590339e-30,2.938198723157167017e-30,1.226317269953369760e-08,7.577965810412479186e-09,1.121458148956298828e+01,1.732055282592773438e+01,1.861386871337890625e+01
2.954924926757812500e+02,7.538907801786548742e-24,5.725369039933639798e-24,1.820043580094427710e-14,1.211089656159977310e-14,2.153771827551054230e-09,6.115100092962677536e-10,2.316137948099594723e-09,1.732866627968121520e-09,5.146940384292975068e-05,1.842659912654198706e-05,1.121457290649414062e+01,1.732052421569824219e+01,1.861383628845214844e+01,3.769791138930256353e-24,2.336906162839073563e-24,9.072240402224329009e-15,5.612865942562989333e-15,8.309222199187615843e-10,5.089643706490676323e-10,2.024425072022495442e-09,1.112919978396575971e-09,1.985969902307260782e-05,1.218822944792918861e-05,1.121457958221435547e+01,1.732053947448730469e+01,1.861385154724121094e+01,4.070612851358046292e-38,3.147113162596212043e-38,1.004272045647858176e-37,5.860060340432508823e-38,1.603379155345713211e-37,9.187519774608246228e-38,1.826665935189110212e-30,1.128941577185090686e-30,4.712045864607716794e-09,2.912052377013196747e-09,1.121458435058593750e+01,1.732055282592773438e+01,1.861386680603027344e+01
2.959933166503906250e+02,6.154085359637313927e-24,4.673676247171996501e-24,1.432273252094124621e-14,9.530603811301521094e-15,1.829049467438892407e-09,5.193132590619597977e-10,1.965894558253467039e-09,1.470668919978379563e-09,4.540046211332082748e-05,1.625386721570976079e-05,1.121457290649414062e+01,1.732052803039550781e+01,1.861384010314941406e+01,3.077460184452745184e-24,1.907727176214487311e-24,7.139663582296073424e-15,4.417207786745975043e-15,7.056782935777050625e-10,4.322492641595232499e-10,1.718629238922630975e-09,9.447637117077078983e-10,1.751765557855833322e-05,1.075137970474315807e-05,1.121457862854003906e+01,1.732053947448730469e+01,1.861385726928710938e+01,4.070612851358046292e-38,3.147113162596212043e-38,1.004272045647858176e-37,5.860060340432508823e-38,1.603379155345713211e-37,9.187519774608246228e-38,7.018992907601739952e-31,4.337976173602222127e-31,1.810635863463971873e-09,1.119013326444928680e-09,1.121458053588867188e+01,1.732054901123046875e+01,1.861387252807617188e+01
2.964941711425781250e+02,5.023578657126397171e-24,3.815120664266066134e-24,1.127103036011219139e-14,7.499945658278901056e-15,1.553269290965886285e-09,4.410123932707676886e-10,1.668713722757786400e-09,1.248235625972426988e-09,4.004680158686824143e-05,1.433720717614050955e-05,1.121457290649414062e+01,1.732053184509277344e+01,1.861384391784667969e+01,2.512014745566865490e-24,1.557206299310393367e-24,5.618190815185903492e-15,3.475894990264587550e-15,5.992484841677025997e-10,3.670575510206219860e-10,1.459019460803290258e-09,8.020210051640219717e-10,1.545029226690530777e-05,9.482901987212244421e-06,1.121457672119140625e+01,1.732054138183593750e+01,1.861386108398437500e+01,4.070612851358046292e-38,3.147113162596212043e-38,1.004272045647858176e-37,5.860060340432508823e-38,1.603379155345713211e-37,9.187519774608246228e-38,2.696902599755400383e-31,1.666777285970207129e-31,6.957026066345406434e-10,4.299648692640545278e-10,1.121457958221435547e+01,1.732055091857910156e+01,1.861387252807617188e+01
2.969949951171875000e+02,4.100796385900087686e-24,3.114320696325328487e-24,8.869673319921410337e-15,5.902039602623818451e-15,1.319083398065856727e-09,3.745211918371182946e-10,1.416556871802754358e-09,1.059531906655308831e-09,3.532469054334796965e-05,1.264664842892671004e-05,1.121457290649414062e+01,1.732053375244140625e+01,1.861384773254394531e+01,2.050676660849586860e-24,1.271220949771072568e-24,4.421396788186621185e-15,2.735455421949846942e-15,5.089241805755762016e-10,3.117315572342960195e-10,1.238737445952153848e-09,6.809067754076636447e-10,1.362850343866739422e-05,8.365019311895594001e-06,1.121457767486572266e+01,1.732054328918457031e+01,1.861386108398437500e+01,4.070612851358046292e-38,3.147113162596212043e-38,1.004272045647858176e-37,5.860060340432508823e-38,1.603379155345713211e-37,9.187519774608246228e-38,1.036290193908080741e-31,6.404623371232043195e-32,2.673252730289732426e-10,1.652156883524824593e-10,1.121458053588867188e+01,1.732055473327636719e+01,1.861386871337890625e+01
2.974958190917968750e+02,3.347519812822237892e-24,2.542250206342176430e-24,6.979937308882909128e-15,4.644575570228026001e-15,1.120205372906468710e-09,3.180547214487461360e-10,1.202565935720656398e-09,8.994122113747948788e-10,3.115936851827427745e-05,1.115542181651107967e-05,1.121457290649414062e+01,1.732053565979003906e+01,1.861385154724121094e+01,1.673987689997501513e-24,1.037710134608987711e-24,3.479393659853221438e-15,2.152651226217973390e-15,4.321935032081114514e-10,2.647317365322976457e-10,1.051729259238243230e-09,5.780949607903096421e-10,1.202100156660890207e-05,7.378551345027517527e-06,1.121457576751708984e+01,1.732054901123046875e+01,1.861386108398437500e+01,4.070612851358046292e-38,3.147113162596212043e-38,1.004272045647858176e-37,5.860060340432508823e-38,1.603379155345713211e-37,9.187519774608246228e-38,3.981972419731113655e-32,2.460992050741700092e-32,1.027202073400346194e-10,6.348453013282906454e-11,1.121457958221435547e+01,1.732055473327636719e+01,1.861386871337890625e+01
2.979966735839843750e+02,2.732578874160076254e-24,2.075237647918416757e-24,5.492740153499858086e-15,3.654967496193040066e-15,9.513024812335402203e-10,2.700989432113942712e-10,1.020937667739474364e-09,7.635243548520520562e-10,2.748497172433417290e-05,9.839952326728962362e-06,1.121457290649414062e+01,1.732053947448730469e+01,1.861385536193847656e+01,1.366412597988865757e-24,8.470437357160401416e-25,2.737928758155829499e-15,1.693917663742831176e-15,3.670102555197729544e-10,2.248048136532787566e-10,8.929532668844331056e-10,4.908103368173044601e-10,1.060255090123973787e-05,6.508041678898734972e-06,1.121457481384277344e+01,1.732054901123046875e+01,1.861386108398437500e+01,4.070612851358046292e-38,3.147113162596212043e-38,1.004272045647858176e-37,5.860060340432508823e-38,1.603379155345713211e-37,9.187519774608246228e-38,1.530000818764036091e-32,9.455905779412891060e-33,3.946810239741083137e-11,2.439262333786551551e-11,1.121457767486572266e+01,1.732055473327636719e+01,1.861387062072753906e+01
2.984974975585937500e+02,2.230630230042019936e-24,1.694036195473240917e-24,4.322478586540369483e-15,2.876254744156613898e-15,8.078743229944507220e-10,2.293761014460216074e-10,8.667843109932960033e-10,6.482043790612124212e-10,2.424404374323785305e-05,8.679665370436850935e-06,1.121457290649414062e+01,1.732054138183593750e+01,1.861385726928710938e+01,1.115467167960491318e-24,6.914815484978144451e-25,2.154690881554961746e-15,1.333076546014815705e-15,3.116908675604435075e-10,1.909202379524188586e-10,7.582052208299217000e-10,4.167356459916504718e-10,9.352528650197200477e-06,5.740868346038041636e-06,1.121457481384277344e+01,1.732054901123046875e+01,1.861386680603027344e+01,4.070612851358046292e-38,3.147113162596212043e-38,1.004272045647858176e-37,5.860060340432508823e-38,1.603379155345713211e-37,9.187519774608246228e-38,5.879161159898759946e-33,3.633501160191677475e-33,1.516568121084915788e-11,9.372905229731998134e-12,1.121457672119140625e+01,1.732055473327636719e+01,1.861387062072753906e+01
2.989983215332031250e+02,1.820884437387100700e-24,1.382857685457168733e-24,3.401547520352288592e-15,2.263450759015361163e-15,6.860707557621026353e-10,1.947929872958553688e-10,7.359320375321942720e-10,5.503245636973019828e-10,2.138525996997486800e-05,7.656190973648335785e-06,1.121457290649414062e+01,1.732054138183593750e+01,1.861385917663574219e+01,9.105663656785095068e-25,5.644629126284269240e-25,1.695621046999759574e-15,1.049056446163318564e-15,2.646969865516268783e-10,1.621350553815403828e-10,6.437926858282594367e-10,3.538435933148065260e-10,8.249499842349905521e-06,5.063877324573695660e-06,1.121457481384277344e+01,1.732054901123046875e+01,1.861387062072753906e+01,4.070612851358046292e-38,3.147113162596212043e-38,1.004272045647858176e-37,5.860060340432508823e-38,1.603379155345713211e-37,9.187519774608246228e-38,2.259186449936192997e-33,1.396233639136489188e-33,5.827436623528914339e-12,3.601553734064455448e-12,1.121457672119140625e+01,1.732055473327636719e+01,1.861387062072753906e+01
2.994991760253906250e+02,1.486386607367016490e-24,1.128825738529503932e-24,2.676787167165935524e-15,1.781182386100758214e-15,5.826256699315024434e-10,1.654223008573652010e-10,6.248459527569139027e-10,4.672367492908335862e-10,1.886342033685650676e-05,6.753344678145367652e-06,1.121457290649414062e+01,1.732054328918457031e+01,1.861386108398437500e+01,7.432606033794849127e-25,4.607496930895969073e-25,1.334280603349337693e-15,8.255004168230303634e-16,2.247753372319749587e-10,1.376817132525687271e-10,5.466393449005124694e-10,3.004414217411266463e-10,7.276159522007219493e-06,4.466459813556866720e-06,1.121457195281982422e+01,1.732054901123046875e+01,1.861387062072753906e+01,4.070612851358046292e-38,3.147113162596212043e-38,1.004272045647858176e-37,5.860060340432508823e-38,1.603379155345713211e-37,9.187519774608246228e-38,8.681549243150693796e-34,5.365288661649012115e-34,2.239071124690572567e-12,1.383822093373177076e-12,1.121457386016845703e+01,1.732055473327636719e+01,1.861387443542480469e+01
3.000000000000000000e+02,1.213345380598627816e-24,9.214664512364008374e-25,2.106468237076590359e-15,1.401681767819440948e-15,4.947808829314226386e-10,1.404809463201317499e-10,5.305449413128826563e-10,3.967083328504372730e-10,1.663903822191059589e-05,5.956991572020342574e-06,1.121457290649414062e+01,1.732054519653320312e+01,1.861386299133300781e+01,6.067584789227566930e-25,3.761314434073203971e-25,1.050049486414855824e-15,6.496506595006436464e-16,1.908948971118817894e-10,1.169290358982166822e-10,4.641784179248986675e-10,2.551151512264482335e-10,6.418371413019485772e-06,3.939958332921378314e-06,1.121457386016845703e+01,1.732055091857910156e+01,1.861387062072753906e+01,4.070612851358046292e-38,3.147113162596212043e-38,1.004272045647858176e-37,5.860060340432508823e-38,1.603379155345713211e-37,9.187519774608246228e-38,3.336994740646752147e-34,2.062172265123683320e-34,8.603665197816356969e-13,5.317357340030304247e-13,1.121457576751708984e+01,1.732055282592773438e+01,1.861387443542480469e+01
