time,theta_0,theta_1,theta_2,theta_3,theta_4,theta_5,theta_6,theta_7,theta_8,theta_9,theta_10,theta_11,theta_12,theta_13,theta_14,theta_15
5.008347034454345703e-01,5.000005245208740234e+00,5.000005245208740234e+00,5.000005245208740234e+00,5.000005245208740234e+00,5.000005245208740234e+00,5.000005245208740234e+00,5.000005245208740234e+00,5.000005245208740234e+00,5.000005245208740234e+00,5.000005245208740234e+00,5.000005245208740234e+00,5.000005245208740234e+00,5.000005245208740234e+00,5.000005245208740234e+00,5.000005245208740234e+00,5.000005245208740234e+00
1.001669406890869141e+00,5.000005245208740234e+00,5.000005245208740234e+00,5.000005245208740234e+00,5.000005245208740234e+00,5.000005245208740234e+00,5.000005245208740234e+00,5.000005245208740234e+00,5.000005245208740234e+00,5.000005245208740234e+00,5.000005245208740234e+00,5.000005245208740234e+00,5.000005245208740234e+00,5.000005245208740234e+00,5.000005245208740234e+00,5.000005245208740234e+00,5.000005245208740234e+00
1.502504229545593262e+00,5.000005245208740234e+00,5.000005245208740234e+00,5.000005245208740234e+00,5.000005245208740234e+00,5.000005245208740234e+00,5.000005245208740234e+00,5.000005245208740234e+00,5.000005245208740234e+00,5.000005245208740234e+00,5.000005245208740234e+00,5.000005245208740234e+00,5.000005245208740234e+00,5.000005245208740234e+00,5.000005245208740234e+00,5.000005245208740234e+00,5.000005245208740234e+00
2.003338813781738281e+00,5.000005245208740234e+00,5.000005245208740234e+00,5.000005245208740234e+00,5.000005245208740234e+00,5.000005245208740234e+00,5.000005245208740234e+00,5.000005245208740234e+00,5.000005245208740234e+00,5.000005245208740234e+00,5.000005245208740234e+00,5.000005245208740234e+00,5.000005245208740234e+00,5.000005245208740234e+00,5.000005245208740234e+00,5.000005245208740234e+00,5.000005245208740234e+00
2.504173517227172852e+00,5.000005245208740234e+00,5.000005245208740234e+00,5.000005245208740234e+00,5.000005245208740234e+00,5.000005245208740234e+00,5.000005245208740234e+00,5.000005245208740234e+00,5.000005245208740234e+00,5.000005245208740234e+00,5.000005245208740234e+00,5.000005245208740234e+00,5.000005245208740234e+00,5.000005245208740234e+00,5.000005245208740234e+00,5.000005245208740234e+00,5.000005245208740234e+00
3.005008459091186523e+00,5.000005245208740234e+00,5.000005245208740234e+00,5.000005245208740234e+00,5.000005245208740234e+00,5.000005245208740234e+00,5.000005245208740234e+00,5.000005245208740234e+00,5.000005245208740234e+00,5.000005245208740234e+00,5.000005245208740234e+00,5.000005245208740234e+00,5.000005245208740234e+00,5.000005245208740234e+00,5.000005245208740234e+00,5.000005245208740234e+00,5.000005245208740234e+00
3.505843162536621094e+00,5.000005245208740234e+00,5.000005245208740234e+00,5.000005245208740234e+00,5.000005245208740234e+00,5.000005245208740234e+00,5.000005245208740234e+00,5.000005245208740234e+00,5.000005245208740234e+00,5.000005245208740234e+00,5.000005245208740234e+00,5.000005245208740234e+00,5.000005245208740234e+00,5.000005245208740234e+00,5.000005245208740234e+00,5.000005245208740234e+00,5.000005245208740234e+00
4.006677627563476562e+00,5.000005245208740234e+00,5.000005245208740234e+00,5.000005245208740234e+00,5.000005245208740234e+00,5.000005245208740234e+00,5.000005245208740234e+00,5.000005245208740234e+00,5.000005245208740234e+00,5.000005245208740234e+00,5.000005245208740234e+00,5.000005245208740234e+00,5.000005245208740234e+00,5.000005245208740234e+00,5.000005245208740234e+00,5.000005245208740234e+00,5.000005245208740234e+00
4.507512569427490234e+00,5.000005245208740234e+00,5.000005245208740234e+00,5.000005245208740234e+00,5.000005245208740234e+00,5.000005245208740234e+00,5.000005245208740234e+00,5.000005245208740234e+00,5.000005245208740234e+00,5.000005245208740234e+00,5.000005245208740234e+00,5.000005245208740234e+00,5.000005245208740234e+00,5.000005245208740234e+00,5.000005245208740234e+00,5.000005245208740234e+00,5.000005245208740234e+00
5.008347034454345703e+00,5.000005245208740234e+00,5.000005245208740234e+00,5.000005245208740234e+00,5.000005245208740234e+00,5.000005245208740234e+00,5.000005245208740234e+00,5.000005245208740234e+00,5.000005245208740234e+00,5.000005245208740234e+00,5.000005245208740234e+00,5.000005245208740234e+00,5.000005245208740234e+00,5.000005245208740234e+00,5.000005245208740234e+00,5.000005245208740234e+00,5.000005245208740234e+00
5.509181976318359375e+00,5.000005245208740234e+00,5.000005245208740234e+00,5.000005245208740234e+00,5.000005245208740234e+00,5.000005245208740234e+00,5.000005245208740234e+00,5.000005245208740234e+00,5.000005245208740234e+00,5.000005245208740234e+00,5.000005245208740234e+00,5.000005245208740234e+00,5.000005245208740234e+00,5.000005245208740234e+00,5.000005245208740234e+00,5.000005245208740234e+00,5.000005245208740234e+00
6.010016918182373047e+00,5.000005245208740234e+00,5.000005245208740234e+00,5.000005245208740234e+00,5.000005245208740234e+00,5.000005245208740234e+00,5.000005245208740234e+00,5.000005245208740234e+00,5.000005245208740234e+00,5.000005245208740234e+00,5.000005245208740234e+00,5.000005245208740234e+00,5.000005245208740234e+00,5.000005245208740234e+00,5.000005245208740234e+00,5.000005245208740234e+00,5.000005245208740234e+00
6.510851383209228516e+00,5.000005245208740234e+00,5.000005245208740234e+00,5.000005245208740234e+00,5.000005245208740234e+00,5.000005245208740234e+00,5.000005245208740234e+00,5.000005245208740234e+00,5.000005245208740234e+00,5.000005245208740234e+00,5.000005245208740234e+00,5.000005245208740234e+00,5.000005245208740234e+00,5.000005245208740234e+00,5.000005245208740234e+00,5.000005245208740234e+00,5.000005245208740234e+00
7.011686325073242188e+00,5.000005245208740234e+00,5.000005245208740234e+00,5.000005245208740234e+00,5.000005245208740234e+00,5.000005245208740234e+00,5.000005245208740234e+00,5.000005245208740234e+00,5.000005245208740234e+00,5.000005245208740234e+00,5.000005245208740234e+00,5.000005245208740234e+00,5.000005245208740234e+00,5.000005245208740234e+00,5.000005245208740234e+00,5.000005245208740234e+00,5.000005245208740234e+00
7.512520790100097656e+00,5.000005245208740234e+00,5.000005245208740234e+00,5.000005245208740234e+00,5.000005245208740234e+00,5.000005245208740234e+00,5.000005245208740234e+00,5.000005245208740234e+00,5.000005245208740234e+00,5.000005245208740234e+00,5.000005245208740234e+00,5.000005245208740234e+00,5.000005245208740234e+00,5.000005245208740234e+00,5.000005245208740234e+00,5.000005245208740234e+00,5.000005245208740234e+00
8.013355255126953125e+00,5.000005245208740234e+00,5.000005245208740234e+00,5.000005245208740234e+00,5.000005245208740234e+00,5.000005245208740234e+00,5.000005245208740234e+00,5.000005245208740234e+00,5.000005245208740234e+00,5.000005245208740234e+00,5.000005245208740234e+00,5.000005245208740234e+00,5.000005245208740234e+00,5.000005245208740234e+00,5.000005245208740234e+00,5.000005245208740234e+00,5.000005245208740234e+00
8.514190673828125000e+00,5.000005245208740234e+00,5.000005245208740234e+00,5.000005245208740234e+00,5.000005245208740234e+00,5.000005245208740234e+00,5.000005245208740234e+00,5.000005245208740234e+00,5.000005245208740234e+00,5.000005245208740234e+00,5.000005245208740234e+00,5.000005245208740234e+00,5.000005245208740234e+00,5.000005245208740234e+00,5.000005245208740234e+00,5.000005245208740234e+00,5.000005245208740234e+00
9.015025138854980469e+00,5.000005245208740234e+00,5.000005245208740234e+00,5.000005245208740234e+00,5.000005245208740234e+00,5.000005245208740234e+00,5.000005245208740234e+00,5.000005245208740234e+00,5.000005245208740234e+00,5.000005245208740234e+00,5.000005245208740234e+00,5.000005245208740234e+00,5.000005245208740234e+00,5.000005245208740234e+00,5.000005245208740234e+00,5.000005245208740234e+00,5.000005245208740234e+00
9.515859603881835938e+00,5.000005245208740234e+00,5.000005245208740234e+00,5.000005245208740234e+00,5.000005245208740234e+00,5.000005245208740234e+00,5.000005245208740234e+00,1.202345967292785645e+00,6.480121016502380371e-01,5.679574012756347656e+00,6.598045349121093750e+00,5.000005245208740234e+00,5.000005245208740234e+00,5.000005245208740234e+00,8.266454696655273438e+00,4.497520446777343750e+00,3.542129993438720703e+00
1.001669406890869141e+01,5.000005245208740234e+00,5.000005245208740234e+00,5.000005245208740234e+00,5.000005245208740234e+00,5.000005245208740234e+00,5.000005245208740234e+00,2.277489900588989258e+00,7.298697829246520996e-01,1.856588363647460938e+00,3.110064268112182617e+00,5.000005245208740234e+00,5.000005245208740234e+00,5.000005245208740234e+00,7.613513469696044922e+00,7.557865619659423828e+00,7.030903339385986328e+00
1.051752948760986328e+01,5.000005245208740234e+00,5.000005245208740234e+00,5.000005245208740234e+00,5.000005245208740234e+00,5.000005245208740234e+00,5.000005245208740234e+00,2.676977872848510742e+00,9.133488535881042480e-01,2.667846202850341797e+00,3.345620870590209961e+00,5.000005245208740234e+00,5.000005245208740234e+00,5.000005245208740234e+00,7.425951480865478516e+00,7.019768714904785156e+00,6.612278461456298828e+00
1.101836395263671875e+01,5.000005245208740234e+00,5.000005245208740234e+00,5.000005245208740234e+00,5.000005245208740234e+00,5.000005245208740234e+00,5.000005245208740234e+00,2.807465314865112305e+00,9.414621591567993164e-01,3.160830497741699219e+00,3.840257644653320312e+00,5.000005245208740234e+00,5.000005245208740234e+00,5.000005245208740234e+00,7.362566471099853516e+00,6.532616138458251953e+00,6.142294883728027344e+00
1.151919841766357422e+01,5.000005245208740234e+00,5.000005245208740234e+00,5.000005245208740234e+00,5.000005245208740234e+00,5.000005245208740234e+00,5.000005245208740234e+00,2.851799964904785156e+00,9.473832249641418457e-01,3.661239385604858398e+00,4.149387359619140625e+00,5.000005245208740234e+00,5.000005245208740234e+00,5.000005245208740234e+00,7.341559410095214844e+00,6.328644752502441406e+00,5.782047271728515625e+00
1.202003383636474609e+01,5.000005245208740234e+00,5.000005245208740234e+00,5.000005245208740234e+00,5.000005245208740234e+00,5.000005245208740234e+00,5.000005245208740234e+00,2.867239475250244141e+00,9.493606090545654297e-01,4.022841453552246094e+00,4.418231010437011719e+00,5.000005245208740234e+00,5.000005245208740234e+00,5.000005245208740234e+00,7.334893226623535156e+00,5.995029926300048828e+00,5.600346088409423828e+00
1.252086830139160156e+01,5.000005245208740234e+00,5.000005245208740234e+00,5.000005245208740234e+00,5.000005245208740234e+00,5.000005245208740234e+00,5.000005245208740234e+00,2.872767686843872070e+00,9.500352740287780762e-01,4.419684410095214844e+00,4.590600013732910156e+00,5.000005245208740234e+00,5.000005245208740234e+00,5.000005245208740234e+00,7.333212375640869141e+00,5.837457656860351562e+00,5.435724258422851562e+00
1.302170276641845703e+01,5.000005245208740234e+00,5.000005245208740234e+00,5.000005245208740234e+00,5.000005245208740234e+00,5.000005245208740234e+00,5.000005245208740234e+00,2.874863862991333008e+00,9.502653479576110840e-01,4.587095737457275391e+00,4.724379062652587891e+00,5.000005245208740234e+00,5.000005245208740234e+00,5.000005245208740234e+00,7.333183765411376953e+00,5.455286026000976562e+00,5.320360183715820312e+00
1.352253723144531250e+01,5.000005245208740234e+00,5.000005245208740234e+00,5.000005245208740234e+00,5.000005245208740234e+00,5.000005245208740234e+00,5.000005245208740234e+00,2.875710010528564453e+00,9.503446817398071289e-01,4.816534519195556641e+00,4.834797859191894531e+00,5.000005245208740234e+00,5.000005245208740234e+00,5.000005245208740234e+00,7.333523750305175781e+00,5.254368782043457031e+00,5.245426177978515625e+00
1.402337265014648438e+01,5.000005245208740234e+00,5.000005245208740234e+00,5.000005245208740234e+00,5.000005245208740234e+00,5.000005245208740234e+00,5.000005245208740234e+00,2.875974655151367188e+00,9.503724575042724609e-01,5.014893054962158203e+00,4.921690940856933594e+00,5.000005245208740234e+00,5.000005245208740234e+00,5.000005245208740234e+00,7.333566665649414062e+00,5.085867881774902344e+00,5.189860820770263672e+00
1.452420711517333984e+01,5.000005245208740234e+00,5.000005245208740234e+00,5.000005245208740234e+00,5.000005245208740234e+00,5.000005245208740234e+00,5.000005245208740234e+00,2.875885486602783203e+00,9.503823518753051758e-01,5.184551239013671875e+00,4.990104198455810547e+00,5.000005245208740234e+00,5.000005245208740234e+00,5.000005245208740234e+00,7.333078861236572266e+00,4.942504882812500000e+00,5.146973609924316406e+00
1.502504158020019531e+01,5.000005245208740234e+00,5.000005245208740234e+00,5.000005245208740234e+00,5.000005245208740234e+00,5.000005245208740234e+00,5.000005245208740234e+00,2.875556468963623047e+00,9.503862261772155762e-01,5.328578472137451172e+00,5.044418811798095703e+00,5.000005245208740234e+00,5.000005245208740234e+00,5.000005245208740234e+00,7.332076072692871094e+00,4.819431781768798828e+00,5.113137722015380859e+00
1.552587604522705078e+01,5.000005245208740234e+00,5.000005245208740234e+00,5.000005245208740234e+00,5.000005245208740234e+00,5.000005245208740234e+00,5.000005245208740234e+00,2.875046014785766602e+00,9.503854513168334961e-01,5.450372219085693359e+00,5.087901115417480469e+00,5.000005245208740234e+00,5.000005245208740234e+00,5.000005245208740234e+00,7.330624580383300781e+00,4.713266849517822266e+00,5.085957050323486328e+00
1.602671051025390625e+01,5.000005245208740234e+00,5.000005245208740234e+00,5.000005245208740234e+00,5.000005245208740234e+00,5.000005245208740234e+00,5.000005245208740234e+00,2.874387741088867188e+00,9.503849744796752930e-01,5.553253650665283203e+00,5.123012065887451172e+00,5.000005245208740234e+00,5.000005245208740234e+00,5.000005245208740234e+00,7.328779697418212891e+00,4.621453762054443359e+00,5.063810348510742188e+00
1.652754592895507812e+01,5.000005245208740234e+00,5.000005245208740234e+00,5.000005245208740234e+00,5.000005245208740234e+00,5.000005245208740234e+00,5.000005245208740234e+00,2.873591899871826172e+00,9.503849148750305176e-01,5.640236377716064453e+00,5.151612281799316406e+00,5.000005245208740234e+00,5.000005245208740234e+00,5.000005245208740234e+00,7.326551914215087891e+00,4.541936397552490234e+00,5.045565128326416016e+00
1.702838134765625000e+01,5.000005245208740234e+00,5.000005245208740234e+00,5.000005245208740234e+00,5.000005245208740234e+00,5.000005245208740234e+00,5.000005245208740234e+00,2.872654438018798828e+00,9.503849148750305176e-01,5.713933467864990234e+00,5.175108432769775391e+00,5.000005245208740234e+00,5.000005245208740234e+00,5.000005245208740234e+00,7.323935031890869141e+00,4.472998619079589844e+00,5.030404567718505859e+00
1.752921485900878906e+01,5.000005245208740234e+00,5.000005245208740234e+00,9.294931411743164062e+00,1.609345078468322754e-01,2.955209016799926758e+00,8.637839317321777344e+00,3.227480411529541016e+00,1.604129552841186523e+00,5.855025768280029297e+00,5.213332653045654297e+00,5.000005245208740234e+00,2.864399552345275879e-01,6.216679573059082031e+00,6.930418968200683594e+00,4.421936511993408203e+00,5.005147457122802734e+00
1.803005027770996094e+01,5.000005245208740234e+00,5.000005245208740234e+00,7.609617710113525391e+00,1.712781429290771484e+00,2.784429073333740234e+00,4.866507351398468018e-01,2.334060668945312500e+00,2.986348867416381836e-01,5.848313808441162109e+00,5.216785907745361328e+00,5.000005245208740234e+00,5.387276649475097656e+00,6.964032649993896484e+00,7.622963428497314453e+00,4.432997226715087891e+00,5.038888931274414062e+00
1.853088569641113281e+01,5.000005245208740234e+00,5.000005245208740234e+00,3.999686479568481445e+00,1.678291916847229004e+00,3.892657518386840820e+00,1.167411327362060547e+00,2.139210462570190430e+00,8.374201059341430664e-01,5.903088092803955078e+00,5.247961044311523438e+00,5.000005245208740234e+00,6.659120559692382812e+00,6.091911792755126953e+00,7.604321002960205078e+00,4.384562969207763672e+00,5.024902820587158203e+00
1.903171920776367188e+01,5.000005245208740234e+00,5.000005245208740234e+00,2.952118873596191406e+00,1.579406619071960449e+00,4.419102191925048828e+00,1.249442100524902344e+00,2.149658679962158203e+00,9.454616308212280273e-01,5.896985054016113281e+00,5.268641471862792969e+00,5.000005245208740234e+00,7.254880905151367188e+00,5.726485729217529297e+00,7.604586124420166016e+00,4.405816078186035156e+00,5.026873588562011719e+00
1.953255462646484375e+01,5.000005245208740234e+00,5.000005245208740234e+00,2.620223760604858398e+00,1.513985753059387207e+00,4.737369537353515625e+00,1.270971417427062988e+00,2.253340482711791992e+00,9.371129274368286133e-01,5.837014198303222656e+00,5.261945247650146484e+00,5.000005245208740234e+00,7.459998607635498047e+00,5.682314395904541016e+00,7.572600841522216797e+00,4.473104476928710938e+00,5.029467105865478516e+00
2.003338813781738281e+01,5.000005245208740234e+00,5.000005245208740234e+00,2.517067670822143555e+00,1.488160490989685059e+00,5.015510082244873047e+00,1.279963254928588867e+00,2.362781286239624023e+00,9.382652640342712402e-01,5.753527641296386719e+00,5.243933677673339844e+00,5.000005245208740234e+00,7.525296688079833984e+00,5.856477260589599609e+00,7.526463508605957031e+00,4.550238132476806641e+00,5.038770675659179688e+00
2.053422355651855469e+01,5.000005245208740234e+00,5.000005245208740234e+00,2.487899065017700195e+00,1.479530692100524902e+00,5.261640548706054688e+00,1.283709883689880371e+00,2.453115701675415039e+00,9.410072565078735352e-01,5.672415256500244141e+00,5.219519615173339844e+00,5.000005245208740234e+00,7.554662227630615234e+00,6.105356216430664062e+00,7.486369609832763672e+00,4.615572452545166016e+00,5.049344062805175781e+00
2.103505897521972656e+01,5.000005245208740234e+00,5.000005245208740234e+00,2.476886510848999023e+00,1.476819872856140137e+00,4.891873359680175781e+00,1.285290718078613281e+00,2.521316289901733398e+00,9.434126019477844238e-01,5.609607219696044922e+00,5.195570468902587891e+00,5.000005245208740234e+00,7.556498050689697266e+00,5.581002712249755859e+00,7.449341773986816406e+00,4.659813404083251953e+00,5.058127880096435547e+00
2.153589248657226562e+01,5.000005245208740234e+00,5.000005245208740234e+00,2.474087715148925781e+00,1.475992202758789062e+00,4.912277221679687500e+00,1.285838723182678223e+00,2.570539236068725586e+00,9.451918601989746094e-01,5.570532798767089844e+00,5.176228046417236328e+00,5.000005245208740234e+00,7.559083938598632812e+00,5.599558830261230469e+00,7.411854743957519531e+00,4.682303905487060547e+00,5.063382148742675781e+00
2.203672790527343750e+01,5.000005245208740234e+00,5.000005245208740234e+00,2.507778882980346680e+00,1.475771784782409668e+00,4.946877956390380859e+00,1.286051273345947266e+00,2.605473518371582031e+00,9.464659094810485840e-01,5.553753852844238281e+00,5.163891792297363281e+00,5.000005245208740234e+00,7.681552886962890625e+00,5.643962383270263672e+00,7.373881816864013672e+00,4.685971260070800781e+00,5.065570354461669922e+00
2.253756332397460938e+01,5.000005245208740234e+00,5.000005245208740234e+00,2.567131042480468750e+00,1.475754022598266602e+00,4.995281219482421875e+00,1.286144495010375977e+00,2.635402917861938477e+00,9.473636150360107422e-01,5.554258346557617188e+00,5.157545089721679688e+00,5.000005245208740234e+00,7.891839981079101562e+00,5.709131717681884766e+00,7.352667331695556641e+00,4.674111366271972656e+00,5.064260959625244141e+00
2.303839683532714844e+01,5.000005245208740234e+00,5.000005245208740234e+00,2.671620845794677734e+00,1.475886106491088867e+00,5.018433570861816406e+00,1.286230087280273438e+00,2.660784482955932617e+00,9.480302929878234863e-01,5.568817615509033203e+00,5.156979084014892578e+00,5.000005245208740234e+00,8.260457038879394531e+00,5.741306781768798828e+00,7.340385437011718750e+00,4.651885986328125000e+00,5.060985088348388672e+00
2.353923225402832031e+01,5.000005245208740234e+00,5.000005245208740234e+00,2.800179719924926758e+00,1.476233124732971191e+00,5.026028156280517578e+00,1.286370992660522461e+00,2.682045698165893555e+00,9.485536217689514160e-01,5.593244552612304688e+00,5.160511016845703125e+00,5.000005245208740234e+00,8.714023590087890625e+00,5.752804756164550781e+00,7.332210540771484375e+00,4.622605323791503906e+00,5.056064605712890625e+00
2.404006767272949219e+01,5.000005245208740234e+00,5.000005245208740234e+00,2.856620311737060547e+00,1.476810574531555176e+00,5.017423629760742188e+00,1.286540508270263672e+00,2.699254989624023438e+00,9.489414095878601074e-01,5.624052047729492188e+00,5.166786670684814453e+00,5.000005245208740234e+00,8.914310455322265625e+00,5.742598533630371094e+00,7.324235916137695312e+00,4.588829994201660156e+00,5.049981117248535156e+00
2.454090118408203125e+01,5.000005245208740234e+00,5.000005245208740234e+00,2.873203992843627930e+00,1.478770732879638672e+00,4.990493774414062500e+00,1.287157654762268066e+00,2.714479446411132812e+00,9.494061470031738281e-01,5.658501148223876953e+00,5.174812316894531250e+00,5.000005245208740234e+00,8.976656913757324219e+00,5.707514762878417969e+00,7.319728851318359375e+00,4.552435398101806641e+00,5.043229103088378906e+00
2.504173660278320312e+01,5.000005245208740234e+00,5.000005245208740234e+00,2.685610294342041016e+00,1.482793331146240234e+00,4.972764015197753906e+00,1.288302540779113770e+00,2.727846860885620117e+00,9.499144554138183594e-01,5.694578170776367188e+00,5.183773517608642578e+00,5.000005245208740234e+00,8.323671340942382812e+00,5.684350013732910156e+00,7.317027568817138672e+00,4.514877796173095703e+00,5.036135673522949219e+00
2.554257011413574219e+01,5.000005245208740234e+00,5.000005245208740234e+00,2.629008531570434570e+00,1.490190744400024414e+00,4.954815864562988281e+00,1.290137648582458496e+00,2.739833831787109375e+00,9.504684805870056152e-01,5.730900764465332031e+00,5.193144321441650391e+00,5.000005245208740234e+00,8.140674591064453125e+00,5.660500526428222656e+00,7.316028118133544922e+00,4.477256774902343750e+00,5.029002189636230469e+00
2.604340553283691406e+01,5.000005245208740234e+00,5.000005245208740234e+00,2.593549966812133789e+00,1.502990365028381348e+00,4.941606044769287109e+00,1.292998909950256348e+00,2.750387668609619141e+00,9.511126279830932617e-01,5.766543865203857422e+00,5.202540874481201172e+00,5.000005245208740234e+00,8.046327590942382812e+00,5.642519950866699219e+00,7.315396308898925781e+00,4.440385818481445312e+00,5.022017002105712891e+00
2.654424095153808594e+01,5.000005245208740234e+00,5.000005245208740234e+00,2.560993194580078125e+00,1.523989677429199219e+00,4.932050228118896484e+00,1.297121167182922363e+00,2.759664535522460938e+00,9.518241286277770996e-01,5.800861358642578125e+00,5.211698532104492188e+00,5.000005245208740234e+00,7.985030651092529297e+00,5.628976821899414062e+00,7.314717769622802734e+00,4.404806137084960938e+00,5.015306472778320312e+00
2.704507446289062500e+01,5.000005245208740234e+00,5.000005245208740234e+00,2.523667335510253906e+00,1.557395100593566895e+00,4.925713062286376953e+00,1.302629709243774414e+00,2.767847299575805664e+00,9.525396227836608887e-01,5.833441257476806641e+00,5.220455169677734375e+00,5.000005245208740234e+00,7.942952156066894531e+00,5.619268417358398438e+00,7.313820838928222656e+00,4.370879650115966797e+00,5.008946418762207031e+00
2.754590988159179688e+01,5.000005245208740234e+00,5.000005245208740234e+00,2.474723100662231445e+00,1.609864711761474609e+00,4.922199726104736328e+00,1.309301972389221191e+00,2.775117635726928711e+00,9.531298279762268066e-01,5.864047527313232422e+00,5.228709697723388672e+00,5.000005245208740234e+00,7.916709899902343750e+00,5.612733840942382812e+00,7.312613010406494141e+00,4.338833808898925781e+00,5.002985954284667969e+00
2.804674530029296875e+01,5.000005245208740234e+00,5.000005245208740234e+00,2.405274391174316406e+00,1.691815614700317383e+00,4.921057224273681641e+00,1.316032171249389648e+00,2.781632423400878906e+00,9.533651471138000488e-01,5.892568588256835938e+00,5.236412525177001953e+00,5.000005245208740234e+00,7.907582759857177734e+00,5.608412742614746094e+00,7.311033248901367188e+00,4.308795452117919922e+00,4.997444629669189453e+00
2.854757881164550781e+01,5.000005245208740234e+00,5.000005245208740234e+00,2.303075313568115234e+00,1.818461179733276367e+00,4.921697139739990234e+00,1.320374131202697754e+00,2.787489891052246094e+00,9.530084133148193359e-01,5.918976783752441406e+00,5.243542671203613281e+00,5.000005245208740234e+00,7.919415950775146484e+00,5.605328559875488281e+00,7.309040546417236328e+00,4.280818462371826172e+00,4.992329597473144531e+00
2.904841423034667969e+01,5.000005245208740234e+00,5.000005245208740234e+00,2.154704570770263672e+00,2.008732080459594727e+00,4.922824859619140625e+00,1.318804383277893066e+00,2.792695045471191406e+00,9.519430398941040039e-01,5.943307876586914062e+00,5.250103473663330078e+00,5.000005245208740234e+00,7.956154346466064453e+00,5.603463649749755859e+00,7.306653499603271484e+00,4.254891872406005859e+00,4.987632274627685547e+00
2.954924964904785156e+01,5.000005245208740234e+00,5.000005245208740234e+00,1.955367326736450195e+00,2.280982255935668945e+00,4.922312736511230469e+00,1.308588981628417969e+00,2.797163724899291992e+00,9.502823352813720703e-01,5.965642452239990234e+00,5.256117820739746094e+00,5.000005245208740234e+00,8.017462730407714844e+00,5.604083538055419922e+00,7.303917407989501953e+00,4.230963706970214844e+00,4.983331203460693359e+00
3.005008316040039062e+01,5.000005245208740234e+00,5.000005245208740234e+00,1.721716642379760742e+00,2.643211126327514648e+00,4.918311595916748047e+00,1.289979338645935059e+00,2.800821065902709961e+00,9.483460783958435059e-01,5.986081123352050781e+00,5.261611461639404297e+00,5.000005245208740234e+00,8.094791412353515625e+00,5.608348846435546875e+00,7.300882816314697266e+00,4.208948612213134766e+00,4.979403495788574219e+00
3.055091857910156250e+01,5.000005245208740234e+00,5.000005245208740234e+00,1.490613341331481934e+00,3.077005386352539062e+00,4.910491466522216797e+00,1.266399145126342773e+00,2.803658246994018555e+00,9.464417099952697754e-01,6.004741191864013672e+00,5.266619682312011719e+00,5.000005245208740234e+00,8.172906875610351562e+00,5.615775585174560547e+00,7.297553062438964844e+00,4.188749313354492188e+00,4.975822925567626953e+00
3.105175209045410156e+01,5.000005245208740234e+00,5.000005245208740234e+00,1.297343373298645020e+00,3.535455465316772461e+00,4.900252819061279297e+00,1.243430018424987793e+00,2.805788516998291016e+00,9.448878765106201172e-01,6.021736145019531250e+00,5.271174430847167969e+00,5.000005245208740234e+00,8.236637115478515625e+00,5.624088764190673828e+00,7.293856143951416016e+00,4.170259952545166016e+00,4.972563743591308594e+00
3.155258750915527344e+01,5.000005245208740234e+00,5.000005245208740234e+00,1.155650258064270020e+00,3.968676805496215820e+00,4.889358997344970703e+00,1.225844025611877441e+00,2.807369470596313477e+00,9.438690543174743652e-01,6.037189960479736328e+00,5.275310516357421875e+00,5.000005245208740234e+00,8.276933670043945312e+00,5.630873203277587891e+00,7.289683341979980469e+00,4.153373718261718750e+00,4.969602108001708984e+00
3.205342102050781250e+01,5.000005245208740234e+00,5.000005245208740234e+00,1.059427857398986816e+00,4.351334095001220703e+00,4.878624439239501953e+00,1.215856552124023438e+00,2.808525562286376953e+00,9.434284567832946777e-01,6.051213264465332031e+00,5.279058933258056641e+00,5.000005245208740234e+00,8.291625976562500000e+00,5.635068416595458984e+00,7.284944534301757812e+00,4.137985706329345703e+00,4.966912746429443359e+00
3.255425643920898438e+01,5.000005245208740234e+00,5.000005245208740234e+00,9.958996176719665527e-01,4.682265281677246094e+00,4.867543220520019531e+00,1.213928222656250000e+00,2.809329748153686523e+00,9.435255527496337891e-01,6.063916206359863281e+00,5.282453060150146484e+00,5.000005245208740234e+00,8.282705307006835938e+00,5.637059211730957031e+00,7.279600620269775391e+00,4.123991966247558594e+00,4.964477062225341797e+00
3.305509185791015625e+01,5.000005245208740234e+00,5.000005245208740234e+00,9.584144353866577148e-01,5.000755786895751953e+00,4.849428653717041016e+00,1.235147595405578613e+00,2.810221910476684570e+00,9.451812505722045898e-01,6.075406551361083984e+00,5.285520553588867188e+00,5.000005245208740234e+00,8.263429641723632812e+00,5.634351730346679688e+00,7.273693084716796875e+00,4.111267566680908203e+00,4.962262630462646484e+00
3.355592727661132812e+01,5.000005245208740234e+00,5.000005245208740234e+00,9.310353994369506836e-01,5.265041351318359375e+00,4.825660228729248047e+00,1.253088712692260742e+00,2.810408592224121094e+00,9.456726908683776855e-01,6.085773944854736328e+00,5.288285732269287109e+00,5.000005245208740234e+00,8.217174530029296875e+00,5.642193317413330078e+00,7.267286777496337891e+00,4.099767684936523438e+00,4.960275173187255859e+00
3.405676269531250000e+01,5.000005245208740234e+00,5.000005245208740234e+00,9.146076440811157227e-01,5.490730285644531250e+00,4.794114112854003906e+00,1.288875222206115723e+00,2.810457944869995117e+00,9.466712474822998047e-01,6.095128536224365234e+00,5.290781021118164062e+00,5.000005245208740234e+00,8.148612022399902344e+00,5.667749881744384766e+00,7.260115623474121094e+00,4.089364051818847656e+00,4.958480834960937500e+00
3.455759429931640625e+01,3.202781975269317627e-01,4.530961990356445312e+00,8.539187431335449219e+00,8.686777114868164062e+00,8.878190040588378906e+00,9.125867843627929688e+00,4.534265518188476562e+00,3.493167638778686523e+00,6.131771564483642578e+00,5.304274559020996094e+00,8.904247283935546875e+00,1.204589247703552246e+00,8.547373414039611816e-01,6.224586486816406250e+00,4.053263187408447266e+00,4.943593025207519531e+00
3.505842971801757812e+01,1.068789839744567871e+00,5.651346683502197266e+00,9.278613090515136719e+00,9.619121551513671875e+00,9.728481292724609375e+00,9.837656021118164062e+00,9.713388442993164062e+00,9.873830795288085938e+00,6.325641155242919922e+00,5.384226322174072266e+00,8.498985290527343750e+00,5.001020431518554688e-01,1.571581065654754639e-01,2.324143648147583008e-01,3.791988134384155273e+00,4.866900920867919922e+00
3.555926513671875000e+01,1.927888989448547363e+00,2.611891984939575195e+00,6.211092948913574219e+00,8.950928688049316406e+00,9.300787925720214844e+00,9.443538665771484375e+00,8.333357810974121094e+00,8.949443817138671875e+00,6.409941196441650391e+00,5.465020179748535156e+00,7.875063419342041016e+00,3.685217380523681641e+00,4.270757734775543213e-01,1.544084429740905762e+00,3.699419975280761719e+00,4.790426731109619141e+00
3.606010055541992188e+01,2.675110816955566406e+00,1.056860089302062988e+00,3.160875558853149414e+00,1.426573991775512695e+00,6.173638820648193359e+00,1.552286028861999512e+00,5.437610149383544922e+00,1.248456001281738281e+00,6.111447811126708984e+00,5.312915802001953125e+00,7.303959846496582031e+00,7.247026920318603516e+00,5.434157848358154297e+00,5.435634136199951172e+00,4.103404998779296875e+00,4.939960002899169922e+00
3.656093597412109375e+01,3.462535619735717773e+00,8.378905057907104492e-01,2.387312889099121094e+00,4.721819758415222168e-01,5.080608367919921875e+00,1.706045567989349365e-01,4.869266510009765625e+00,1.689829528331756592e-01,6.074185371398925781e+00,5.293697834014892578e+00,6.741108894348144531e+00,7.373602867126464844e+00,6.428225994110107422e+00,6.030081748962402344e+00,4.157845973968505859e+00,4.962079048156738281e+00
3.706177139282226562e+01,4.137346744537353516e+00,7.784773707389831543e-01,2.199782848358154297e+00,4.803664684295654297e-01,4.495992660522460938e+00,9.462334960699081421e-02,4.637951850891113281e+00,6.599226593971252441e-02,6.079746723175048828e+00,5.291606903076171875e+00,6.265731334686279297e+00,7.566693782806396484e+00,6.593276023864746094e+00,6.289231777191162109e+00,4.164545536041259766e+00,4.962244510650634766e+00
3.756260299682617188e+01,4.691965579986572266e+00,7.309763431549072266e-01,2.122355699539184570e+00,5.412971377372741699e-01,4.133154392242431641e+00,8.026025444269180298e-02,4.151971817016601562e+00,3.922827914357185364e-02,6.085043430328369141e+00,5.290993213653564453e+00,5.872086048126220703e+00,7.653495788574218750e+00,6.644775867462158203e+00,6.557442188262939453e+00,4.172037124633789062e+00,4.962253570556640625e+00
3.806343841552734375e+01,5.163286685943603516e+00,6.861446499824523926e-01,2.093106031417846680e+00,5.902799367904663086e-01,3.954678535461425781e+00,9.622471034526824951e-02,3.480977535247802734e+00,3.160911053419113159e-02,6.085533618927001953e+00,5.290677070617675781e+00,5.554502487182617188e+00,7.689880371093750000e+00,6.623997688293457031e+00,6.888360023498535156e+00,4.186124801635742188e+00,4.964289188385009766e+00
3.856427383422851562e+01,5.594503879547119141e+00,6.540793180465698242e-01,2.095147132873535156e+00,6.670852899551391602e-01,3.926037549972534180e+00,2.430526465177536011e-01,2.890180110931396484e+00,2.484953962266445160e-02,6.075322628021240234e+00,5.293404102325439453e+00,5.309194564819335938e+00,7.701217174530029297e+00,6.532434463500976562e+00,7.322596549987792969e+00,4.207808017730712891e+00,4.972628116607666016e+00
3.906510925292968750e+01,6.061720848083496094e+00,6.478537917137145996e-01,2.120039939880371094e+00,8.169665336608886719e-01,4.002751827239990234e+00,5.644166469573974609e-01,2.576497077941894531e+00,2.279678732156753540e-02,6.045606136322021484e+00,5.291582584381103516e+00,5.163063049316406250e+00,7.696594715118408203e+00,6.386965274810791016e+00,7.582325935363769531e+00,4.233015060424804688e+00,4.980900764465332031e+00
3.956594467163085938e+01,6.815558433532714844e+00,6.313635706901550293e-01,2.134620428085327148e+00,8.826959133148193359e-01,4.027740001678466797e+00,6.809723973274230957e-01,2.364947557449340820e+00,2.595055662095546722e-02,6.005303382873535156e+00,5.285134315490722656e+00,5.299569606781005859e+00,7.694969654083251953e+00,6.267443656921386719e+00,7.694093227386474609e+00,4.268211364746093750e+00,4.989558696746826172e+00
4.006677627563476562e+01,8.670219421386718750e+00,6.106985211372375488e-01,2.146650075912475586e+00,9.117515087127685547e-01,4.070516586303710938e+00,7.325255274772644043e-01,2.220295667648315430e+00,3.014326095581054688e-02,5.960635662078857422e+00,5.279572963714599609e+00,6.251092433929443359e+00,7.694209575653076172e+00,6.207439422607421875e+00,7.619943618774414062e+00,4.316005706787109375e+00,5.003888607025146484e+00
4.056761169433593750e+01,7.035906791687011719e+00,5.901867151260375977e-01,2.157496452331542969e+00,9.233852028846740723e-01,4.115315914154052734e+00,7.556793093681335449e-01,2.178816318511962891e+00,3.539473935961723328e-02,5.911929130554199219e+00,5.268630981445312500e+00,4.648854255676269531e+00,7.688817501068115234e+00,6.161844730377197266e+00,7.635634422302246094e+00,4.372652530670166016e+00,5.017342567443847656e+00
4.106844711303710938e+01,6.603588104248046875e+00,5.659393668174743652e-01,2.168201923370361328e+00,9.213552474975585938e-01,4.158150196075439453e+00,7.598423957824707031e-01,2.180111646652221680e+00,4.201003164052963257e-02,5.859076023101806641e+00,5.254463195800781250e+00,4.057304382324218750e+00,7.681181907653808594e+00,6.124453544616699219e+00,7.643563270568847656e+00,4.432591915130615234e+00,5.030780315399169922e+00
4.156928253173828125e+01,6.662728786468505859e+00,5.368902683258056641e-01,2.180110216140747070e+00,9.084881544113159180e-01,4.192699909210205078e+00,7.516084313392639160e-01,2.199867725372314453e+00,4.969952628016471863e-02,5.806151390075683594e+00,5.239276409149169922e+00,3.857750177383422852e+00,7.672380924224853516e+00,6.083554744720458984e+00,7.624398231506347656e+00,4.492824554443359375e+00,5.044806957244873047e+00
4.207011795043945312e+01,8.649232864379882812e+00,4.461644589900970459e-01,1.922372698783874512e+00,1.778708577156066895e+00,4.707625865936279297e+00,1.121377229690551758e+00,2.350534915924072266e+00,7.205498963594436646e-02,5.752338409423828125e+00,5.223184108734130859e+00,3.663300573825836182e-01,7.622216701507568359e+00,6.131619930267333984e+00,7.408493518829345703e+00,4.544045925140380859e+00,5.056554317474365234e+00
4.257095336914062500e+01,8.436848640441894531e+00,1.524284601211547852e+00,2.072118282318115234e+00,2.317196369171142578e+00,4.877241611480712891e+00,1.941429615020751953e+00,2.740469455718994141e+00,1.169415593147277832e+00,5.806722164154052734e+00,5.258238315582275391e+00,6.957564353942871094e-01,7.682550907135009766e+00,5.693453311920166016e+00,7.089948177337646484e+00,4.479728221893310547e+00,5.019710063934326172e+00
4.307178497314453125e+01,8.306049346923828125e+00,9.180411696434020996e-01,1.996908545494079590e+00,1.055841684341430664e+00,4.149889945983886719e+00,8.332693576812744141e-01,2.483570098876953125e+00,5.095838904380798340e-01,5.721384048461914062e+00,5.209502696990966797e+00,9.387336373329162598e-01,7.741497516632080078e+00,6.270098686218261719e+00,7.298003673553466797e+00,4.609856128692626953e+00,5.054331302642822266e+00
4.357262039184570312e+01,8.268160820007324219e+00,6.390085220336914062e-01,2.081724882125854492e+00,9.909044504165649414e-01,4.034419059753417969e+00,7.534669637680053711e-01,2.401861190795898438e+00,4.175607562065124512e-01,5.679359912872314453e+00,5.196672439575195312e+00,1.039829611778259277e+00,7.698629856109619141e+00,6.256492614746093750e+00,7.365876674652099609e+00,4.663692951202392578e+00,5.072737693786621094e+00
4.407345581054687500e+01,8.246055603027343750e+00,5.554180741310119629e-01,2.154644012451171875e+00,1.044427156448364258e+00,4.084501266479492188e+00,8.537721037864685059e-01,2.377179384231567383e+00,4.946615993976593018e-01,5.651394367218017578e+00,5.196848392486572266e+00,1.082554936408996582e+00,7.662055015563964844e+00,6.150581836700439453e+00,7.397510528564453125e+00,4.693587303161621094e+00,5.085459709167480469e+00
4.457429122924804688e+01,8.226279258728027344e+00,5.322781801223754883e-01,2.209287405014038086e+00,1.107557415962219238e+00,4.177035331726074219e+00,9.622073769569396973e-01,2.383901119232177734e+00,6.142704486846923828e-01,5.624972343444824219e+00,5.198337078094482422e+00,1.106321215629577637e+00,7.634628772735595703e+00,6.053143978118896484e+00,7.425639152526855469e+00,4.717064857482910156e+00,5.093897819519042969e+00
4.507512664794921875e+01,8.206514358520507812e+00,5.240717530250549316e-01,2.248965740203857422e+00,1.154036998748779297e+00,4.265528202056884766e+00,1.034492492675781250e+00,2.399907588958740234e+00,7.024193406105041504e-01,5.592714309692382812e+00,5.194156646728515625e+00,1.123859047889709473e+00,7.614226818084716797e+00,5.979947566986083984e+00,7.445104598999023438e+00,4.742595672607421875e+00,5.099601745605468750e+00
4.557595825195312500e+01,8.165214538574218750e+00,5.198101401329040527e-01,2.278010845184326172e+00,1.188331484794616699e+00,4.343132019042968750e+00,1.082253098487854004e+00,2.421330213546752930e+00,7.639188766479492188e-01,5.557215213775634766e+00,5.185362815856933594e+00,1.135827541351318359e+00,7.595509529113769531e+00,5.925928592681884766e+00,7.451552867889404297e+00,4.767719745635986328e+00,5.103304386138916016e+00
4.607679367065429688e+01,8.144298553466796875e+00,5.171445608139038086e-01,2.300231933593750000e+00,1.215703606605529785e+00,4.409651279449462891e+00,1.115979075431823730e+00,2.446311950683593750e+00,8.080928921699523926e-01,5.522816181182861328e+00,5.174435138702392578e+00,1.149280071258544922e+00,7.578943252563476562e+00,5.884357452392578125e+00,7.448721885681152344e+00,4.789099216461181641e+00,5.105755329132080078e+00
4.657762908935546875e+01,8.184029579162597656e+00,5.152696967124938965e-01,2.318516492843627930e+00,1.238578796386718750e+00,4.466398715972900391e+00,1.140938043594360352e+00,2.472667217254638672e+00,8.400699496269226074e-01,5.493421554565429688e+00,5.163289546966552734e+00,1.170812368392944336e+00,7.567461490631103516e+00,5.851428985595703125e+00,7.440408229827880859e+00,4.804493904113769531e+00,5.107150077819824219e+00
4.707846450805664062e+01,8.210419654846191406e+00,5.138942599296569824e-01,2.333628654479980469e+00,1.258364200592041016e+00,4.515843868255615234e+00,1.160201191902160645e+00,2.498719215393066406e+00,8.635044097900390625e-01,5.471784114837646484e+00,5.153383255004882812e+00,1.189616799354553223e+00,7.558744430541992188e+00,5.826040744781494141e+00,7.428761482238769531e+00,4.812597274780273438e+00,5.107398033142089844e+00
4.757929992675781250e+01,8.221570014953613281e+00,5.128766894340515137e-01,2.346216201782226562e+00,1.275874733924865723e+00,4.559374809265136719e+00,1.175599098205566406e+00,2.523529052734375000e+00,8.809208273887634277e-01,5.459297180175781250e+00,5.145710945129394531e+00,1.205365896224975586e+00,7.551661968231201172e+00,5.806486129760742188e+00,7.415423870086669922e+00,4.812981128692626953e+00,5.106418609619140625e+00
4.808013534545898438e+01,8.227837562561035156e+00,5.121613144874572754e-01,2.356680870056152344e+00,1.291605710983276367e+00,4.598309516906738281e+00,1.188256382942199707e+00,2.546642780303955078e+00,8.940619826316833496e-01,5.456202030181884766e+00,5.140800952911376953e+00,1.219457864761352539e+00,7.545202255249023438e+00,5.791861057281494141e+00,7.401491165161132812e+00,4.805914402008056641e+00,5.104206562042236328e+00
4.858096694946289062e+01,8.236006736755371094e+00,5.117471814155578613e-01,2.365379095077514648e+00,1.305881261825561523e+00,4.633533954620361328e+00,1.198897480964660645e+00,2.567918062210083008e+00,9.041350483894348145e-01,5.461906909942626953e+00,5.138774394989013672e+00,1.232536911964416504e+00,7.538846969604492188e+00,5.781274318695068359e+00,7.387717247009277344e+00,4.792092323303222656e+00,5.100827693939208984e+00
4.908180236816406250e+01,8.247873306274414062e+00,5.115450620651245117e-01,2.372749805450439453e+00,1.318867206573486328e+00,4.665170192718505859e+00,1.207966089248657227e+00,2.587362289428710938e+00,9.119591712951660156e-01,5.475308895111083984e+00,5.139456748962402344e+00,1.244486927986145020e+00,7.532886505126953125e+00,5.773257732391357422e+00,7.374521732330322266e+00,4.772436618804931641e+00,5.096416473388671875e+00
4.958263778686523438e+01,8.262204170227050781e+00,5.113114118576049805e-01,2.379184007644653320e+00,1.330662965774536133e+00,4.692839622497558594e+00,1.215763807296752930e+00,2.605057239532470703e+00,9.181139469146728516e-01,5.495069503784179688e+00,5.142501831054687500e+00,1.255281090736389160e+00,7.527783393859863281e+00,5.766005992889404297e+00,7.362099170684814453e+00,4.747949123382568359e+00,5.091135501861572266e+00
5.008347320556640625e+01,8.276651382446289062e+00,5.109074711799621582e-01,2.384899854660034180e+00,1.341385006904602051e+00,4.716299533843994141e+00,1.222529411315917969e+00,2.621148586273193359e+00,9.230358600616455078e-01,5.519821166992187500e+00,5.147486686706542969e+00,1.265268445014953613e+00,7.523580074310302734e+00,5.758176803588867188e+00,7.350566864013671875e+00,4.719613075256347656e+00,5.085171699523925781e+00
5.058430862426757812e+01,1.403110027313232422e+00,9.456069946289062500e+00,4.998542785644531250e+00,8.335485458374023438e+00,6.492107391357421875e+00,4.898953914642333984e+00,3.108476400375366211e+00,2.480661392211914062e+00,5.700641155242919922e+00,5.232271671295166016e+00,8.683768272399902344e+00,6.447628974914550781e+00,3.710746049880981445e+00,6.976182937622070312e+00,4.504206657409667969e+00,5.002665519714355469e+00
5.108514022827148438e+01,1.666213631629943848e+00,3.677625417709350586e+00,3.534516096115112305e+00,4.736295700073242188e+00,5.604207515716552734e+00,2.920093297958374023e+00,2.875933408737182617e+00,1.625840783119201660e+00,5.654007434844970703e+00,5.197135925292968750e+00,7.969932079315185547e+00,7.085513114929199219e+00,4.914253711700439453e+00,7.134178638458251953e+00,4.570669651031494141e+00,5.041715145111083984e+00
5.158597564697265625e+01,2.381944656372070312e+00,1.178179025650024414e+00,2.766962289810180664e+00,1.701044440269470215e+00,4.981822013854980469e+00,1.413646936416625977e+00,2.721189498901367188e+00,1.027391672134399414e+00,5.636667251586914062e+00,5.178459167480468750e+00,7.497745037078857422e+00,8.132523536682128906e+00,5.648807048797607422e+00,7.249474525451660156e+00,4.599970340728759766e+00,5.063446044921875000e+00
5.208681106567382812e+01,3.170309305191040039e+00,7.756963968276977539e-01,2.221326589584350586e+00,7.889466285705566406e-01,4.715459346771240234e+00,8.913009762763977051e-01,2.679211854934692383e+00,8.329892754554748535e-01,5.656584262847900391e+00,5.180181503295898438e+00,6.911996841430664062e+00,7.561447620391845703e+00,5.925574302673339844e+00,7.282982349395751953e+00,4.583192348480224609e+00,5.065037250518798828e+00
5.258764648437500000e+01,3.856583118438720703e+00,6.669241786003112793e-01,2.079735279083251953e+00,4.762315750122070312e-01,4.515967845916748047e+00,6.147783994674682617e-01,2.658847808837890625e+00,7.310727238655090332e-01,5.684503078460693359e+00,5.186441421508789062e+00,6.391926765441894531e+00,7.634744167327880859e+00,6.099555492401123047e+00,7.298462390899658203e+00,4.556443214416503906e+00,5.061863422393798828e+00
5.308848190307617188e+01,4.448713302612304688e+00,6.343537569046020508e-01,2.040153264999389648e+00,4.634900987148284912e-01,4.372416496276855469e+00,5.057371854782104492e-01,2.650131225585937500e+00,6.829549074172973633e-01,5.715491771697998047e+00,5.195098876953125000e+00,5.973513126373291016e+00,7.666394233703613281e+00,6.194629669189453125e+00,7.311366081237792969e+00,4.525073051452636719e+00,5.056600570678710938e+00
5.358931732177734375e+01,4.958420276641845703e+00,6.105844974517822266e-01,2.035429954528808594e+00,5.066364407539367676e-01,4.267430782318115234e+00,4.527755081653594971e-01,2.635670423507690430e+00,6.435555219650268555e-01,5.745896339416503906e+00,5.203969001770019531e+00,5.635109901428222656e+00,7.675790309906005859e+00,6.259590625762939453e+00,7.319372177124023438e+00,4.494956016540527344e+00,5.051291465759277344e+00
5.409014892578125000e+01,5.410374641418457031e+00,5.882230401039123535e-01,2.047565221786499023e+00,5.584240555763244629e-01,4.203793048858642578e+00,4.367868602275848389e-01,2.615254878997802734e+00,6.086654067039489746e-01,5.774113655090332031e+00,5.212483882904052734e+00,5.363601207733154297e+00,7.674977302551269531e+00,6.293760299682617188e+00,7.325382232666015625e+00,4.466927051544189453e+00,5.046191215515136719e+00
5.459098434448242188e+01,5.971457481384277344e+00,5.683959722518920898e-01,2.068286180496215820e+00,6.151569485664367676e-01,4.180839538574218750e+00,4.587987959384918213e-01,2.592994451522827148e+00,5.841590762138366699e-01,5.799842357635498047e+00,5.220555782318115234e+00,5.284916877746582031e+00,7.664504528045654297e+00,6.295317173004150391e+00,7.330571651458740234e+00,4.441225528717041016e+00,5.041299343109130859e+00
5.509181976318359375e+01,7.195097446441650391e+00,5.532754659652709961e-01,2.094757795333862305e+00,6.805712580680847168e-01,4.192472457885742188e+00,5.195565223693847656e-01,2.573766708374023438e+00,5.780783891677856445e-01,5.823138713836669922e+00,5.228162288665771484e+00,5.803873062133789062e+00,7.650977611541748047e+00,6.269484043121337891e+00,7.333888530731201172e+00,4.417747497558593750e+00,5.036505699157714844e+00
5.559265518188476562e+01,6.531478881835937500e+00,5.456993579864501953e-01,2.123751878738403320e+00,7.548066973686218262e-01,4.228150367736816406e+00,6.088215112686157227e-01,2.560731649398803711e+00,5.936871170997619629e-01,5.843994140625000000e+00,5.235240936279296875e+00,4.799800395965576172e+00,7.635290145874023438e+00,6.226315498352050781e+00,7.334546566009521484e+00,4.396420001983642578e+00,5.031810283660888672e+00
5.609349060058593750e+01,6.320787906646728516e+00,5.421822071075439453e-01,2.151755094528198242e+00,8.290422558784484863e-01,4.274221420288085938e+00,7.042396068572998047e-01,2.553555250167846680e+00,6.242827773094177246e-01,5.862164974212646484e+00,5.241556644439697266e+00,4.287582397460937500e+00,7.619038105010986328e+00,6.176808357238769531e+00,7.333707809448242188e+00,4.377552032470703125e+00,5.027392387390136719e+00
5.659432220458984375e+01,6.504499912261962891e+00,5.399212837219238281e-01,2.177458047866821289e+00,8.942061066627502441e-01,4.320878505706787109e+00,7.881341576576232910e-01,2.550360441207885742e+00,6.591677069664001465e-01,5.877474308013916016e+00,5.246892452239990234e+00,4.121210575103759766e+00,7.607031345367431641e+00,6.128905773162841797e+00,7.333226680755615234e+00,4.361481666564941406e+00,5.023461341857910156e+00
5.709515762329101562e+01,6.712090969085693359e+00,5.376476049423217773e-01,2.199979066848754883e+00,9.483383297920227051e-01,4.366662025451660156e+00,8.562797904014587402e-01,2.550026416778564453e+00,6.924278736114501953e-01,5.890042781829833984e+00,5.251241683959960938e+00,4.001402378082275391e+00,7.597347259521484375e+00,6.088833332061767578e+00,7.333338737487792969e+00,4.348023891448974609e+00,5.020077228546142578e+00
5.759599304199218750e+01,6.778805732727050781e+00,5.360733866691589355e-01,2.217659473419189453e+00,9.946519732475280762e-01,4.404816150665283203e+00,9.123858809471130371e-01,2.552255630493164062e+00,7.235923409461975098e-01,5.900310993194580078e+00,5.254763126373291016e+00,3.820347785949707031e+00,7.580746173858642578e+00,6.045786380767822266e+00,7.332718372344970703e+00,4.336596965789794922e+00,5.017164707183837891e+00
5.809682846069335938e+01,6.819040298461914062e+00,5.338321924209594727e-01,2.232984781265258789e+00,1.033536553382873535e+00,4.442458629608154297e+00,9.577749967575073242e-01,2.556845664978027344e+00,7.513041496276855469e-01,5.908783435821533203e+00,5.257560729980468750e+00,3.650918245315551758e+00,7.565980911254882812e+00,6.012017726898193359e+00,7.332394123077392578e+00,4.326744079589843750e+00,5.014626026153564453e+00
5.859766387939453125e+01,6.915359973907470703e+00,5.313991308212280273e-01,2.247558593750000000e+00,1.067065358161926270e+00,4.481168270111083984e+00,9.952746629714965820e-01,2.563515424728393555e+00,7.759510874748229980e-01,5.915991306304931641e+00,5.259811878204345703e+00,3.534528970718383789e+00,7.556704044342041016e+00,5.988528251647949219e+00,7.332156181335449219e+00,4.317943572998046875e+00,5.012360572814941406e+00
5.909849929809570312e+01,7.010955333709716797e+00,5.293833017349243164e-01,2.261251449584960938e+00,1.096914649009704590e+00,4.518940925598144531e+00,1.027065515518188477e+00,2.571711063385009766e+00,7.980257868766784668e-01,5.922389984130859375e+00,5.261667728424072266e+00,3.433689117431640625e+00,7.550590515136718750e+00,5.970832347869873047e+00,7.331251621246337891e+00,4.309713363647460938e+00,5.010279655456542969e+00
5.959933090209960938e+01,7.098139762878417969e+00,5.276550650596618652e-01,2.274196624755859375e+00,1.123653411865234375e+00,4.553450584411621094e+00,1.054187059402465820e+00,2.580898523330688477e+00,8.175324797630310059e-01,5.928358078002929688e+00,5.263257980346679688e+00,3.341893434524536133e+00,7.547305107116699219e+00,5.954794883728027344e+00,7.329561233520507812e+00,4.301701545715332031e+00,5.008311271667480469e+00
6.010016632080078125e+01,7.169106006622314453e+00,5.261693000793457031e-01,2.286391496658325195e+00,1.147752046585083008e+00,4.583430767059326172e+00,1.077484846115112305e+00,2.590689420700073242e+00,8.346074819564819336e-01,5.934209346771240234e+00,5.264691829681396484e+00,3.253673553466796875e+00,7.546099662780761719e+00,5.937941074371337891e+00,7.327203273773193359e+00,4.293639659881591797e+00,5.006403923034667969e+00
6.060100173950195312e+01,7.227586746215820312e+00,5.250224471092224121e-01,2.297657728195190430e+00,1.169661998748779297e+00,4.609337329864501953e+00,1.097688794136047363e+00,2.600817203521728516e+00,8.495016694068908691e-01,5.940179824829101562e+00,5.266060352325439453e+00,3.169589281082153320e+00,7.545637130737304688e+00,5.920383453369140625e+00,7.324397563934326172e+00,4.285330295562744141e+00,5.004512310028076172e+00
6.110183715820312500e+01,7.287287235260009766e+00,5.243110656738281250e-01,2.307949066162109375e+00,1.189743638038635254e+00,4.632484436035156250e+00,1.115370512008666992e+00,2.611078023910522461e+00,8.624687194824218750e-01,5.946430683135986328e+00,5.267430305480957031e+00,3.094477653503417969e+00,7.545204162597656250e+00,5.903553962707519531e+00,7.321348190307617188e+00,4.276649951934814453e+00,5.002613067626953125e+00
6.160267257690429688e+01,7.348455429077148438e+00,5.238476395606994629e-01,2.317403078079223633e+00,1.208105206489562988e+00,4.654248237609863281e+00,1.130858182907104492e+00,2.621289968490600586e+00,8.736726641654968262e-01,5.953058242797851562e+00,5.268851280212402344e+00,3.026931524276733398e+00,7.545004844665527344e+00,5.889101982116699219e+00,7.318209648132324219e+00,4.267538547515869141e+00,5.000689029693603516e+00
6.210350418090820312e+01,7.404929161071777344e+00,5.237218737602233887e-01,2.326241731643676758e+00,1.224989175796508789e+00,4.675092697143554688e+00,1.144520640373229980e+00,2.631320714950561523e+00,8.833581209182739258e-01,5.960103511810302734e+00,5.270353794097900391e+00,2.962835073471069336e+00,7.545440673828125000e+00,5.877213001251220703e+00,7.315031528472900391e+00,4.257982730865478516e+00,4.998728752136230469e+00
6.260433959960937500e+01,7.457867622375488281e+00,5.242345333099365234e-01,2.334734439849853516e+00,1.240687847137451172e+00,4.695194721221923828e+00,1.156726121902465820e+00,2.641073703765869141e+00,8.917821049690246582e-01,5.967574119567871094e+00,5.271953582763671875e+00,2.901072025299072266e+00,7.547097206115722656e+00,5.867658615112304688e+00,7.311799526214599609e+00,4.248004436492919922e+00,4.996733665466308594e+00
6.310517501831054688e+01,7.509592533111572266e+00,5.257167220115661621e-01,2.342965364456176758e+00,1.255459785461425781e+00,4.714909553527832031e+00,1.167775392532348633e+00,2.650468587875366211e+00,8.991547822952270508e-01,5.975443840026855469e+00,5.273652076721191406e+00,2.840459108352661133e+00,7.549972534179687500e+00,5.860539436340332031e+00,7.308475494384765625e+00,4.237658500671386719e+00,4.994700908660888672e+00
6.360601043701171875e+01,7.561418056488037109e+00,5.288821458816528320e-01,2.350783586502075195e+00,1.269677758216857910e+00,4.733772277832031250e+00,1.178005456924438477e+00,2.659469842910766602e+00,9.057028293609619141e-01,5.983672142028808594e+00,5.275443553924560547e+00,2.778125286102294922e+00,7.553270339965820312e+00,5.854757308959960938e+00,7.305056095123291016e+00,4.227018833160400391e+00,4.992641925811767578e+00
6.410684204101562500e+01,7.614667415618896484e+00,5.349845886230468750e-01,2.357981443405151367e+00,1.283837199211120605e+00,4.750762462615966797e+00,1.187774300575256348e+00,2.668127536773681641e+00,9.116287827491760254e-01,5.992202758789062500e+00,5.277326107025146484e+00,2.708619832992553711e+00,7.556072235107421875e+00,5.848435878753662109e+00,7.301742553710937500e+00,4.216175556182861328e+00,4.990572452545166016e+00
6.460768127441406250e+01,7.667829036712646484e+00,5.600089430809020996e-01,2.365146636962890625e+00,1.308884263038635254e+00,4.768836498260498047e+00,1.206214070320129395e+00,2.682712078094482422e+00,9.229258298873901367e-01,5.119067668914794922e+00,5.060844898223876953e+00,2.598718166351318359e+00,7.558603763580322266e+00,5.839697360992431641e+00,7.313544750213623047e+00,4.938996791839599609e+00,5.005177021026611328e+00
6.510851287841796875e+01,7.749260425567626953e+00,5.681918859481811523e-01,2.376197576522827148e+00,1.317121624946594238e+00,4.780631542205810547e+00,1.208874702453613281e+00,2.688206434249877930e+00,9.226389527320861816e-01,5.543754100799560547e+00,5.102120399475097656e+00,2.474862098693847656e+00,7.587666511535644531e+00,5.835483551025390625e+00,7.307894229888916016e+00,4.604329109191894531e+00,5.066503047943115234e+00
6.560935211181640625e+01,7.836062908172607422e+00,5.825536847114562988e-01,2.391114234924316406e+00,1.332492947578430176e+00,4.794517993927001953e+00,1.218833684921264648e+00,2.695361137390136719e+00,9.277740716934204102e-01,5.752274036407470703e+00,5.168005943298339844e+00,2.319086074829101562e+00,7.630661487579345703e+00,5.830850124359130859e+00,7.303964138031005859e+00,4.425112724304199219e+00,5.045332908630371094e+00
6.611018371582031250e+01,7.913315296173095703e+00,6.200600862503051758e-01,2.408405065536499023e+00,1.358603596687316895e+00,4.810126781463623047e+00,1.235824584960937500e+00,2.703178882598876953e+00,9.355043172836303711e-01,5.873436450958251953e+00,5.216192722320556641e+00,2.201760292053222656e+00,7.689565658569335938e+00,5.826799392700195312e+00,7.301774501800537109e+00,4.313523292541503906e+00,5.020709037780761719e+00
6.661101531982421875e+01,7.881826400756835938e+00,7.786365151405334473e-01,2.432235479354858398e+00,1.404930949211120605e+00,4.826906681060791016e+00,1.262183904647827148e+00,2.711304903030395508e+00,9.455002546310424805e-01,5.948651790618896484e+00,5.247231006622314453e+00,2.400641679763793945e+00,7.777716636657714844e+00,5.820091724395751953e+00,7.300645351409912109e+00,4.241362094879150391e+00,5.003046989440917969e+00
6.711185455322265625e+01,7.733858108520507812e+00,2.202701807022094727e+00,2.493663549423217773e+00,1.506454706192016602e+00,4.854341983795166016e+00,1.284659385681152344e+00,2.720150232315063477e+00,9.415374398231506348e-01,5.996798515319824219e+00,5.266716480255126953e+00,2.749803543090820312e+00,7.898668289184570312e+00,5.799162864685058594e+00,7.299682617187500000e+00,4.193750858306884766e+00,4.991427898406982422e+00
6.761268615722656250e+01,8.049051284790039062e+00,5.747169017791748047e+00,2.550417661666870117e+00,1.391960382461547852e+00,4.844962596893310547e+00,1.224822282791137695e+00,2.723219394683837891e+00,9.279440045356750488e-01,6.028573036193847656e+00,5.279070377349853516e+00,1.883662223815917969e+00,8.094065666198730469e+00,5.818320751190185547e+00,7.302133083343505859e+00,4.161504745483398438e+00,4.983832836151123047e+00
6.811352539062500000e+01,8.303450584411621094e+00,7.435780048370361328e+00,2.609186887741088867e+00,1.288458347320556641e+00,4.837900638580322266e+00,1.199854135513305664e+00,2.728276491165161133e+00,9.263859391212463379e-01,6.050583839416503906e+00,5.287217140197753906e+00,1.399647831916809082e+00,8.398048400878906250e+00,5.831595420837402344e+00,7.302926063537597656e+00,4.138465404510498047e+00,4.978600502014160156e+00
6.861435699462890625e+01,7.555233478546142578e+00,7.531468868255615234e+00,2.706999540328979492e+00,1.279759526252746582e+00,4.843122005462646484e+00,1.199333786964416504e+00,2.733981847763061523e+00,9.277521967887878418e-01,6.066469192504882812e+00,5.292754173278808594e+00,2.297900438308715820e+00,8.771859169006347656e+00,5.831838607788085938e+00,7.303049564361572266e+00,4.121311187744140625e+00,4.974858760833740234e+00
6.911518859863281250e+01,5.802075386047363281e+00,5.881235122680664062e+00,2.749325990676879883e+00,1.293380498886108398e+00,4.855085849761962891e+00,1.205810785293579102e+00,2.738754987716674805e+00,9.301785826683044434e-01,6.078508377075195312e+00,5.296695232391357422e+00,4.362558364868164062e+00,8.933507919311523438e+00,5.834399700164794922e+00,7.299900054931640625e+00,4.107925415039062500e+00,4.972069263458251953e+00
6.961602783203125000e+01,5.273639678955078125e+00,5.284393787384033203e+00,2.811609983444213867e+00,1.313137531280517578e+00,4.861185550689697266e+00,1.214194774627685547e+00,2.742747068405151367e+00,9.327710866928100586e-01,6.088099002838134766e+00,5.299654960632324219e+00,4.818480014801025391e+00,9.178513526916503906e+00,5.828197479248046875e+00,7.294870853424072266e+00,4.097016811370849609e+00,4.969896793365478516e+00
7.011685943603515625e+01,5.096856594085693359e+00,5.101767063140869141e+00,2.805104970932006836e+00,1.337017059326171875e+00,4.858904838562011719e+00,1.224512219429016113e+00,2.747963428497314453e+00,9.358767867088317871e-01,6.096070289611816406e+00,5.301975250244140625e+00,4.938735961914062500e+00,9.189458847045898438e+00,5.810936450958251953e+00,7.294046401977539062e+00,4.087759494781494141e+00,4.968104362487792969e+00
7.061769866943359375e+01,5.070233345031738281e+00,5.083578109741210938e+00,1.579390287399291992e+00,5.273856163024902344e+00,4.999370574951171875e+00,1.931213974952697754e+00,7.783607006072998047e+00,9.783048033714294434e-01,5.700707912445068359e+00,5.269264221191406250e+00,4.956108093261718750e+00,8.784776687622070312e+00,5.621616840362548828e+00,5.417138576507568359e+00,4.472782135009765625e+00,4.952900409698486328e+00
7.111853027343750000e+01,5.026823043823242188e+00,5.032473564147949219e+00,1.089294195175170898e+00,5.345761775970458984e+00,4.792913913726806641e+00,1.449945807456970215e+00,4.426714420318603516e+00,1.067311406135559082e+00,5.645766735076904297e+00,5.192433834075927734e+00,4.983334541320800781e+00,8.972246170043945312e+00,5.823267936706542969e+00,6.616362094879150391e+00,4.526444435119628906e+00,5.015287399291992188e+00
7.161936187744140625e+01,5.010301113128662109e+00,5.012615203857421875e+00,9.168778061866760254e-01,6.027271270751953125e+00,4.654467105865478516e+00,1.465501189231872559e+00,3.356468677520751953e+00,1.006866216659545898e+00,5.720396518707275391e+00,5.189124584197998047e+00,4.993627071380615234e+00,9.069692611694335938e+00,5.939645290374755859e+00,7.009511947631835938e+00,4.464602470397949219e+00,5.030721187591552734e+00
7.212020111083984375e+01,5.003842353820800781e+00,5.004747867584228516e+00,8.590155243873596191e-01,6.420258522033691406e+00,4.435592651367187500e+00,1.588374733924865723e+00,3.014284372329711914e+00,9.739503264427185059e-01,5.802419662475585938e+00,5.208707332611083984e+00,4.997632026672363281e+00,9.125218391418457031e+00,6.087990283966064453e+00,7.180785179138183594e+00,4.389711380004882812e+00,5.024872779846191406e+00
7.262103271484375000e+01,5.001408100128173828e+00,5.001753330230712891e+00,8.405501842498779297e-01,6.639508724212646484e+00,4.120464801788330078e+00,1.798359751701354980e+00,2.899620532989501953e+00,9.593464732170104980e-01,5.869038581848144531e+00,5.229625225067138672e+00,4.999137878417968750e+00,9.134331703186035156e+00,6.275766372680664062e+00,7.245807647705078125e+00,4.325578212738037109e+00,5.014320850372314453e+00
7.312187194824218750e+01,5.000511646270751953e+00,5.000641345977783203e+00,8.415133953094482422e-01,6.774464607238769531e+00,3.739743232727050781e+00,2.089110851287841797e+00,2.861392021179199219e+00,9.529280662536621094e-01,5.920350074768066406e+00,5.246812820434570312e+00,4.999691963195800781e+00,9.116410255432128906e+00,6.470623493194580078e+00,7.271132469177246094e+00,4.274253845214843750e+00,5.004426002502441406e+00
7.362270355224609375e+01,5.000186920166015625e+00,5.000234603881835938e+00,8.567025661468505859e-01,6.866820335388183594e+00,3.355984926223754883e+00,2.442834377288818359e+00,2.849113464355468750e+00,9.495376348495483398e-01,5.959972858428955078e+00,5.260064125061035156e+00,4.999893188476562500e+00,9.082475662231445312e+00,6.638569831848144531e+00,7.282461166381835938e+00,4.233417987823486328e+00,4.996284961700439453e+00
7.412354278564453125e+01,5.000070095062255859e+00,5.000087261199951172e+00,8.827357292175292969e-01,6.932450771331787109e+00,3.031867980957031250e+00,2.823061466217041016e+00,2.845598936080932617e+00,9.472634196281433105e-01,5.991167068481445312e+00,5.270241260528564453e+00,4.999965190887451172e+00,9.038564682006835938e+00,6.760719299316406250e+00,7.288852214813232422e+00,4.200482845306396484e+00,4.989770412445068359e+00
7.462437438964843750e+01,5.000028610229492188e+00,5.000034332275390625e+00,9.155132174491882324e-01,6.977604389190673828e+00,2.801195383071899414e+00,3.190948247909545898e+00,2.845008611679077148e+00,9.455779194831848145e-01,6.016287326812744141e+00,5.278179645538330078e+00,4.999990940093994141e+00,8.987676620483398438e+00,6.835274696350097656e+00,7.293343544006347656e+00,4.173429489135742188e+00,4.984525203704833984e+00
7.512520599365234375e+01,5.000013351440429688e+00,5.000015735626220703e+00,9.521557092666625977e-01,7.006693363189697266e+00,2.665932178497314453e+00,3.523214817047119141e+00,2.845383167266845703e+00,9.443327188491821289e-01,6.036945819854736328e+00,5.284516334533691406e+00,5.000000476837158203e+00,8.932272911071777344e+00,6.869115352630615234e+00,7.296955108642578125e+00,4.150822639465332031e+00,4.980232715606689453e+00
7.562604522705078125e+01,5.000008106231689453e+00,5.000008583068847656e+00,9.934889078140258789e-01,7.025042057037353516e+00,2.612274646759033203e+00,3.815217971801757812e+00,2.846060276031494141e+00,9.434002041816711426e-01,6.054238319396972656e+00,5.289683341979980469e+00,5.000003337860107422e+00,8.872900962829589844e+00,6.869879722595214844e+00,7.300015926361083984e+00,4.131650924682617188e+00,4.976661205291748047e+00
7.612687683105468750e+01,5.000006198883056641e+00,5.000006198883056641e+00,1.045170545578002930e+00,7.038184642791748047e+00,2.623319387435913086e+00,4.071475028991699219e+00,2.846802949905395508e+00,9.426029920578002930e-01,6.068915367126464844e+00,5.293973445892333984e+00,5.000004768371582031e+00,8.807229995727539062e+00,6.843698024749755859e+00,7.302639007568359375e+00,4.115209579467773438e+00,4.973642349243164062e+00
7.662771606445312500e+01,5.000005722045898438e+00,5.000005722045898438e+00,1.118462324142456055e+00,7.050364971160888672e+00,2.683029890060424805e+00,4.296802043914794922e+00,2.847522735595703125e+00,9.417988657951354980e-01,6.081502437591552734e+00,5.297593116760253906e+00,5.000005245208740234e+00,8.730110168457031250e+00,6.795704841613769531e+00,7.304872989654541016e+00,4.100987911224365234e+00,4.971062660217285156e+00
7.712854766845703125e+01,5.000005245208740234e+00,5.000005245208740234e+00,1.231535553932189941e+00,7.065060615539550781e+00,2.775332212448120117e+00,4.493091583251953125e+00,2.848167657852172852e+00,9.409125447273254395e-01,6.092386245727539062e+00,5.300676345825195312e+00,5.000005245208740234e+00,8.631082534790039062e+00,6.731562137603759766e+00,7.306725978851318359e+00,4.088608264923095703e+00,4.968838214874267578e+00
7.762937927246093750e+01,5.000005245208740234e+00,5.000005245208740234e+00,1.416022300720214844e+00,7.085124492645263672e+00,2.885315418243408203e+00,4.658476829528808594e+00,2.848716259002685547e+00,9.399553537368774414e-01,6.101850986480712891e+00,5.303331851959228516e+00,5.000005245208740234e+00,8.492174148559570312e+00,6.656822204589843750e+00,7.308192729949951172e+00,4.077783107757568359e+00,4.966905593872070312e+00
7.813021850585937500e+01,5.000005245208740234e+00,5.000005245208740234e+00,1.727424383163452148e+00,7.114033222198486328e+00,3.002623558044433594e+00,4.788745880126953125e+00,2.849174499511718750e+00,9.389730691909790039e-01,6.110122203826904297e+00,5.305632114410400391e+00,5.000005245208740234e+00,8.278146743774414062e+00,6.575271129608154297e+00,7.309243679046630859e+00,4.068280696868896484e+00,4.965220451354980469e+00
7.863105010986328125e+01,5.000005245208740234e+00,5.000005245208740234e+00,2.262629747390747070e+00,7.156979084014892578e+00,3.130138397216796875e+00,4.881159305572509766e+00,2.849571228027343750e+00,9.380045533180236816e-01,6.117370128631591797e+00,5.307632923126220703e+00,5.000005245208740234e+00,7.915601730346679688e+00,6.484071254730224609e+00,7.309818267822265625e+00,4.059922695159912109e+00,4.963742256164550781e+00
7.913188934326171875e+01,5.000005245208740234e+00,5.000005245208740234e+00,3.177546977996826172e+00,7.220476627349853516e+00,3.300524473190307617e+00,4.944718837738037109e+00,2.849925518035888672e+00,9.370134472846984863e-01,6.123738288879394531e+00,5.309384822845458984e+00,5.000005245208740234e+00,7.243622303009033203e+00,6.364677429199218750e+00,7.309911251068115234e+00,4.052553653717041016e+00,4.962445259094238281e+00
7.963272094726562500e+01,5.000005245208740234e+00,5.000005245208740234e+00,4.563313484191894531e+00,7.300034046173095703e+00,3.605458974838256836e+00,5.028072357177734375e+00,2.850176572799682617e+00,9.356822967529296875e-01,6.129343032836914062e+00,5.310915946960449219e+00,5.000005245208740234e+00,5.998104572296142578e+00,6.164527416229248047e+00,7.309567928314208984e+00,4.046053409576416016e+00,4.961303234100341797e+00
8.013355255126953125e+01,5.000005245208740234e+00,5.000005245208740234e+00,5.853761196136474609e+00,7.307360172271728516e+00,4.211147785186767578e+00,5.261125087738037109e+00,2.850176572799682617e+00,9.333311915397644043e-01,6.134275913238525391e+00,5.312258720397949219e+00,5.000005245208740234e+00,4.544080257415771484e+00,5.765708923339843750e+00,7.308935642242431641e+00,4.040318012237548828e+00,4.960298538208007812e+00
8.063439178466796875e+01,5.000005245208740234e+00,5.000005245208740234e+00,5.866909980773925781e+00,6.851048469543457031e+00,5.173758029937744141e+00,5.779093742370605469e+00,2.849666595458984375e+00,9.296424388885498047e-01,6.138620853424072266e+00,5.313437938690185547e+00,5.000005245208740234e+00,4.344616889953613281e+00,5.025142669677734375e+00,7.308165550231933594e+00,4.035258293151855469e+00,4.959417819976806641e+00
8.113522338867187500e+01,5.000005245208740234e+00,5.000005245208740234e+00,5.317871093750000000e+00,5.894909858703613281e+00,6.155417919158935547e+00,6.439570903778076172e+00,2.848661661148071289e+00,9.259717464447021484e-01,6.142456531524658203e+00,5.314475536346435547e+00,5.000005245208740234e+00,4.770762920379638672e+00,4.073841094970703125e+00,7.307037353515625000e+00,4.030782699584960938e+00,4.958636283874511719e+00
8.163606262207031250e+01,5.000005245208740234e+00,5.000005245208740234e+00,5.105229377746582031e+00,5.326427459716796875e+00,6.374564647674560547e+00,6.549536705017089844e+00,2.847626447677612305e+00,9.239252805709838867e-01,6.145848751068115234e+00,5.315393447875976562e+00,5.000005245208740234e+00,4.931799411773681641e+00,3.852537155151367188e+00,7.305065631866455078e+00,4.026817798614501953e+00,4.957945346832275391e+00
8.213689422607421875e+01,5.000005245208740234e+00,5.000005245208740234e+00,5.036015987396240234e+00,5.112693786621093750e+00,5.747044563293457031e+00,5.873472213745117188e+00,2.846784114837646484e+00,9.237071275711059570e-01,6.148853302001953125e+00,5.316205978393554688e+00,5.000005245208740234e+00,4.977458953857421875e+00,4.455120086669921875e+00,7.302090167999267578e+00,4.023300170898437500e+00,4.957328796386718750e+00
8.263772583007812500e+01,5.000005245208740234e+00,5.000005245208740234e+00,5.012818336486816406e+00,5.038889884948730469e+00,5.306503772735595703e+00,5.366641998291015625e+00,2.845912456512451172e+00,9.242688417434692383e-01,6.151511669158935547e+00,5.316923618316650391e+00,5.000005245208740234e+00,4.992054462432861328e+00,4.800179004669189453e+00,7.298364162445068359e+00,4.020184993743896484e+00,4.956783771514892578e+00
8.313856506347656250e+01,5.000005245208740234e+00,5.000005245208740234e+00,5.004628181457519531e+00,5.013460159301757812e+00,5.121985912322998047e+00,5.146317005157470703e+00,2.844863414764404297e+00,9.249868392944335938e-01,6.153865337371826172e+00,5.317559242248535156e+00,5.000005245208740234e+00,4.997143745422363281e+00,4.924355030059814453e+00,7.294010639190673828e+00,4.017424106597900391e+00,4.956304550170898438e+00
8.363939666748046875e+01,5.000005245208740234e+00,5.000005245208740234e+00,5.001675128936767578e+00,5.004664421081542969e+00,5.048159122467041016e+00,5.057605266571044922e+00,2.843591451644897461e+00,9.257412552833557129e-01,6.155944824218750000e+00,5.318119049072265625e+00,5.000005245208740234e+00,4.998972415924072266e+00,4.970666885375976562e+00,7.289015769958496094e+00,4.014981269836425781e+00,4.955876827239990234e+00
8.414023590087890625e+01,5.000005245208740234e+00,5.000005245208740234e+00,5.000607013702392578e+00,5.001619338989257812e+00,5.018849372863769531e+00,5.022447109222412109e+00,2.842080116271972656e+00,9.264944195747375488e-01,6.157785415649414062e+00,5.318617343902587891e+00,5.000005245208740234e+00,4.999633312225341797e+00,4.988586425781250000e+00,7.283360481262207031e+00,4.012817859649658203e+00,4.955501079559326172e+00
8.464106750488281250e+01,5.000005245208740234e+00,5.000005245208740234e+00,5.003717422485351562e+00,5.006740093231201172e+00,5.145360946655273438e+00,5.179072380065917969e+00,9.077311515808105469e+00,4.693973660469055176e-01,5.979706764221191406e+00,5.323489665985107422e+00,5.000005245208740234e+00,4.997710704803466797e+00,4.910521507263183594e+00,2.687350034713745117e+00,4.228488922119140625e+00,4.947918415069580078e+00
8.514190673828125000e+01,5.000005245208740234e+00,5.000005245208740234e+00,5.000881195068359375e+00,5.001533031463623047e+00,5.032618999481201172e+00,5.038989067077636719e+00,5.888548851013183594e+00,1.104987859725952148e+00,5.853404521942138672e+00,5.264895915985107422e+00,5.000005245208740234e+00,4.999463558197021484e+00,4.980081081390380859e+00,6.214840412139892578e+00,4.325519084930419922e+00,4.975983142852783203e+00
8.564273834228515625e+01,5.000005245208740234e+00,5.000005245208740234e+00,5.000373363494873047e+00,5.000627040863037109e+00,5.013987064361572266e+00,5.016416072845458984e+00,3.809234142303466797e+00,1.033438205718994141e+00,5.874860763549804688e+00,5.242931365966796875e+00,5.000005245208740234e+00,4.999777793884277344e+00,4.991507053375244141e+00,6.823022842407226562e+00,4.309626102447509766e+00,4.998115062713623047e+00
8.614356994628906250e+01,5.000005245208740234e+00,5.000005245208740234e+00,5.000150203704833984e+00,5.000246047973632812e+00,5.005803585052490234e+00,5.006772041320800781e+00,3.178608655929565430e+00,9.858412742614746094e-01,5.926261901855468750e+00,5.249811172485351562e+00,5.000005245208740234e+00,4.999916076660156250e+00,4.996482849121093750e+00,7.111504554748535156e+00,4.261007785797119141e+00,4.998849391937255859e+00
8.664440917968750000e+01,5.000005245208740234e+00,5.000005245208740234e+00,5.000060081481933594e+00,5.000095367431640625e+00,5.002332687377929688e+00,5.002717018127441406e+00,2.968164682388305664e+00,9.632358551025390625e-01,5.972062587738037109e+00,5.262318611145019531e+00,5.000005245208740234e+00,4.999971866607666016e+00,4.998590469360351562e+00,7.224666595458984375e+00,4.215530395507812500e+00,4.993094921112060547e+00
8.714524078369140625e+01,5.000005245208740234e+00,5.000005245208740234e+00,5.000025272369384766e+00,5.000038146972656250e+00,5.000918388366699219e+00,5.001068115234375000e+00,2.896927356719970703e+00,9.544132947921752930e-01,6.007870674133300781e+00,5.273667335510253906e+00,5.000005245208740234e+00,4.999992847442626953e+00,4.999449729919433594e+00,7.266896247863769531e+00,4.178798198699951172e+00,4.986665725708007812e+00
8.764608001708984375e+01,5.000005245208740234e+00,5.000005245208740234e+00,5.000012874603271484e+00,5.000017166137695312e+00,5.000358104705810547e+00,5.000415802001953125e+00,2.873162269592285156e+00,9.512478113174438477e-01,6.035326957702636719e+00,5.282649040222167969e+00,5.000005245208740234e+00,5.000000476837158203e+00,4.999790668487548828e+00,7.283475399017333984e+00,4.149904727935791016e+00,4.981150150299072266e+00
8.814691162109375000e+01,5.000005245208740234e+00,5.000005245208740234e+00,5.000035762786865234e+00,5.000045299530029297e+00,8.673971176147460938e+00,2.575914859771728516e-01,3.191292047500610352e+00,2.016324043273925781e+00,6.107699394226074219e+00,5.304499626159667969e+00,5.000005245208740234e+00,4.999986171722412109e+00,4.121837913990020752e-01,9.987257957458496094e+00,4.132924079895019531e+00,4.978165626525878906e+00
8.864774322509765625e+01,5.000005245208740234e+00,5.000005245208740234e+00,5.000009536743164062e+00,5.000010490417480469e+00,8.156567573547363281e+00,1.319183945655822754e+00,1.936617493629455566e+00,2.882404923439025879e-01,6.076413631439208984e+00,5.303226947784423828e+00,5.000005245208740234e+00,5.000002861022949219e+00,3.385602951049804688e+00,7.771799564361572266e+00,4.147717952728271484e+00,4.989982128143310547e+00
8.914858245849609375e+01,5.000005245208740234e+00,5.000005245208740234e+00,5.000006198883056641e+00,5.000007152557373047e+00,8.241731643676757812e+00,1.361189365386962891e+00,2.292296886444091797e+00,8.665172457695007324e-01,6.072060108184814453e+00,5.309761524200439453e+00,5.000005245208740234e+00,5.000004768371582031e+00,6.031407356262207031e+00,7.568937778472900391e+00,4.149514675140380859e+00,4.984097480773925781e+00
8.964941406250000000e+01,5.000005245208740234e+00,5.000005245208740234e+00,5.000005722045898438e+00,5.000005722045898438e+00,6.728028774261474609e+00,1.321392297744750977e+00,2.491093397140502930e+00,9.314326643943786621e-01,6.050095558166503906e+00,5.304766654968261719e+00,5.000005245208740234e+00,5.000005245208740234e+00,5.991190910339355469e+00,7.447343826293945312e+00,4.167886257171630859e+00,4.983652591705322266e+00
9.015025329589843750e+01,5.000005245208740234e+00,5.000005245208740234e+00,5.000005245208740234e+00,5.000005722045898438e+00,5.449455261230468750e+00,1.298122048377990723e+00,2.602334022521972656e+00,9.400448203086853027e-01,6.030725955963134766e+00,5.297667026519775391e+00,5.000005245208740234e+00,5.000005245208740234e+00,5.143894195556640625e+00,7.381319999694824219e+00,4.182989120483398438e+00,4.984866142272949219e+00
9.065108489990234375e+01,5.000005245208740234e+00,5.000005245208740234e+00,5.000005245208740234e+00,5.000005245208740234e+00,5.437327861785888672e+00,1.290428757667541504e+00,2.665489673614501953e+00,9.443505406379699707e-01,6.019348144531250000e+00,5.291926860809326172e+00,5.000005245208740234e+00,5.000005245208740234e+00,5.289393424987792969e+00,7.334335327148437500e+00,4.190485954284667969e+00,4.985841751098632812e+00
9.115191650390625000e+01,5.000005245208740234e+00,5.000005245208740234e+00,5.000005245208740234e+00,5.000005245208740234e+00,5.468457221984863281e+00,1.287521839141845703e+00,2.706960201263427734e+00,9.465259313583374023e-01,6.014816284179687500e+00,5.288144588470458984e+00,5.000005245208740234e+00,5.000005245208740234e+00,5.382088661193847656e+00,7.309047222137451172e+00,4.190509796142578125e+00,4.985868930816650391e+00
9.165275573730468750e+01,5.000005245208740234e+00,5.000005245208740234e+00,5.000005245208740234e+00,5.000005245208740234e+00,5.465417385101318359e+00,1.286424398422241211e+00,4.833139419555664062e+00,1.023369193077087402e+00,5.872186660766601562e+00,5.275233745574951172e+00,5.000005245208740234e+00,5.000005245208740234e+00,5.399887561798095703e+00,6.491202831268310547e+00,4.326915740966796875e+00,4.982955932617187500e+00
9.215358734130859375e+01,5.000005245208740234e+00,5.000005245208740234e+00,5.000005245208740234e+00,5.000005245208740234e+00,5.441112995147705078e+00,1.286015033721923828e+00,3.446843385696411133e+00,1.016243815422058105e+00,5.856992721557617188e+00,5.246346473693847656e+00,5.000005245208740234e+00,5.000005245208740234e+00,5.380472660064697266e+00,6.947633266448974609e+00,4.340818405151367188e+00,5.002415657043457031e+00
9.265442657470703125e+01,5.000005245208740234e+00,5.000005245208740234e+00,5.000005245208740234e+00,5.000005245208740234e+00,5.433775901794433594e+00,1.285855650901794434e+00,3.021783590316772461e+00,9.762975573539733887e-01,5.890396595001220703e+00,5.245996952056884766e+00,5.000005245208740234e+00,5.000005245208740234e+00,5.375095844268798828e+00,7.155527591705322266e+00,4.307751178741455078e+00,5.005810737609863281e+00
9.315525817871093750e+01,5.000005245208740234e+00,5.000005245208740234e+00,5.000005245208740234e+00,5.000005245208740234e+00,5.427613735198974609e+00,1.286091327667236328e+00,2.886622428894042969e+00,9.593816399574279785e-01,5.927943706512451172e+00,5.254293441772460938e+00,5.000005245208740234e+00,5.000005245208740234e+00,5.369305133819580078e+00,7.233221054077148438e+00,4.269286155700683594e+00,5.001891613006591797e+00
9.365608978271484375e+01,5.000005245208740234e+00,5.000005245208740234e+00,5.000005245208740234e+00,5.000005245208740234e+00,5.417490482330322266e+00,1.287915229797363281e+00,2.845881700515747070e+00,9.534143209457397461e-01,5.960737705230712891e+00,5.263542175292968750e+00,5.000005245208740234e+00,5.000005245208740234e+00,5.358741283416748047e+00,7.261706829071044922e+00,4.234704017639160156e+00,4.996290206909179688e+00
9.415692901611328125e+01,5.000005245208740234e+00,5.000005245208740234e+00,5.000005245208740234e+00,5.000005245208740234e+00,5.403508186340332031e+00,1.297773718833923340e+00,2.836260557174682617e+00,9.520068764686584473e-01,5.988237380981445312e+00,5.271738529205322266e+00,5.000005245208740234e+00,5.000005245208740234e+00,5.346111774444580078e+00,7.273208618164062500e+00,4.205026149749755859e+00,4.990903854370117188e+00
9.465776062011718750e+01,5.000005245208740234e+00,5.000005245208740234e+00,5.000005245208740234e+00,5.000005245208740234e+00,5.381173610687255859e+00,1.340779185295104980e+00,2.836756229400634766e+00,9.532911181449890137e-01,6.011388778686523438e+00,5.278639793395996094e+00,5.000005245208740234e+00,5.000005245208740234e+00,5.340408325195312500e+00,7.278944969177246094e+00,4.179585456848144531e+00,4.986165523529052734e+00
9.515859985351562500e+01,5.000005245208740234e+00,5.000005245208740234e+00,5.000005245208740234e+00,5.000005245208740234e+00,5.269885063171386719e+00,1.496428608894348145e+00,2.840407133102416992e+00,9.563929438591003418e-01,6.031126976013183594e+00,5.284435272216796875e+00,5.000005245208740234e+00,5.000005245208740234e+00,5.429641246795654297e+00,7.282727241516113281e+00,4.157591819763183594e+00,4.982080459594726562e+00
9.565943145751953125e+01,5.000005245208740234e+00,5.000005245208740234e+00,5.000005245208740234e+00,5.000005245208740234e+00,4.819497108459472656e+00,1.929154992103576660e+00,2.844639539718627930e+00,9.592693448066711426e-01,6.048128604888916016e+00,5.289336681365966797e+00,5.000005245208740234e+00,5.000005245208740234e+00,5.798288345336914062e+00,7.286056995391845703e+00,4.138445377349853516e+00,4.978559017181396484e+00
9.616027069091796875e+01,5.000005245208740234e+00,5.000005245208740234e+00,5.000005245208740234e+00,5.000005245208740234e+00,4.256138324737548828e+00,2.874328851699829102e+00,2.848541975021362305e+00,9.626062512397766113e-01,6.062913417816162109e+00,5.293536186218261719e+00,5.000005245208740234e+00,5.000005245208740234e+00,6.111731052398681641e+00,7.289495468139648438e+00,4.121655464172363281e+00,4.975503444671630859e+00
9.666110229492187500e+01,5.000005245208740234e+00,5.000005245208740234e+00,5.000005245208740234e+00,5.000005245208740234e+00,4.743668079376220703e+00,4.462748050689697266e+00,2.852042436599731445e+00,9.611718654632568359e-01,6.075789451599121094e+00,5.297137260437011719e+00,5.000005245208740234e+00,5.000005245208740234e+00,5.644987106323242188e+00,7.293002605438232422e+00,4.106954574584960938e+00,4.972861766815185547e+00
9.716193389892578125e+01,5.000005245208740234e+00,5.000005245208740234e+00,5.000005245208740234e+00,5.000005245208740234e+00,5.941630363464355469e+00,5.882136821746826172e+00,2.852993965148925781e+00,9.493316411972045898e-01,6.086973667144775391e+00,5.300215244293212891e+00,5.000005245208740234e+00,5.000005245208740234e+00,4.531963348388671875e+00,7.297868728637695312e+00,4.094158649444580078e+00,4.970608711242675781e+00
9.766277313232421875e+01,5.000005245208740234e+00,5.000005245208740234e+00,5.000005245208740234e+00,5.000005245208740234e+00,6.852943897247314453e+00,6.817405223846435547e+00,2.853259563446044922e+00,9.398093223571777344e-01,6.096833229064941406e+00,5.302924156188964844e+00,5.000005245208740234e+00,5.000005245208740234e+00,3.423798322677612305e+00,7.302164554595947266e+00,4.082835674285888672e+00,4.968619346618652344e+00
9.816360473632812500e+01,5.000005245208740234e+00,5.000005245208740234e+00,5.000005245208740234e+00,5.000005245208740234e+00,7.358426094055175781e+00,7.376265048980712891e+00,2.854547023773193359e+00,9.368579387664794922e-01,6.105578422546386719e+00,5.305325984954833984e+00,5.000005245208740234e+00,5.000005245208740234e+00,2.671411991119384766e+00,7.304586887359619141e+00,4.072747230529785156e+00,4.966836929321289062e+00
9.866444396972656250e+01,5.000005245208740234e+00,5.000005245208740234e+00,5.000005245208740234e+00,5.000005245208740234e+00,7.193990707397460938e+00,7.312066078186035156e+00,2.856424331665039062e+00,9.378058910369873047e-01,6.113324165344238281e+00,5.307456016540527344e+00,5.000005245208740234e+00,5.000005245208740234e+00,2.854376554489135742e+00,7.305797576904296875e+00,4.063780307769775391e+00,4.965248584747314453e+00
9.916527557373046875e+01,5.000005245208740234e+00,5.000005245208740234e+00,5.000005245208740234e+00,5.000005245208740234e+00,5.975829601287841797e+00,6.122095584869384766e+00,2.858220815658569336e+00,9.396619796752929688e-01,6.120169639587402344e+00,5.309328556060791016e+00,5.000005245208740234e+00,5.000005245208740234e+00,4.224091529846191406e+00,7.306520462036132812e+00,4.055835723876953125e+00,4.963845729827880859e+00
9.966610717773437500e+01,5.000005245208740234e+00,5.000005245208740234e+00,5.000005245208740234e+00,5.000005245208740234e+00,5.326327800750732422e+00,5.380725383758544922e+00,2.859726428985595703e+00,9.413945674896240234e-01,6.126208305358886719e+00,5.310980319976806641e+00,5.000005245208740234e+00,5.000005245208740234e+00,4.779624462127685547e+00,7.306983470916748047e+00,4.048810005187988281e+00,4.962604999542236328e+00
1.001669464111328125e+02,5.000005245208740234e+00,5.000005245208740234e+00,5.000005245208740234e+00,5.000005245208740234e+00,5.113189220428466797e+00,5.131755352020263672e+00,2.860932111740112305e+00,9.428668022155761719e-01,6.131539821624755859e+00,5.312434196472167969e+00,5.000005245208740234e+00,5.000005245208740234e+00,4.927998065948486328e+00,7.307204246520996094e+00,4.042598247528076172e+00,4.961513042449951172e+00
1.006677780151367188e+02,5.000005245208740234e+00,5.000005245208740234e+00,5.000005245208740234e+00,5.000005245208740234e+00,5.039840698242187500e+00,5.046356201171875000e+00,2.861852407455444336e+00,9.440972805023193359e-01,6.136244297027587891e+00,5.313712120056152344e+00,5.000005245208740234e+00,5.000005245208740234e+00,4.975139617919921875e+00,7.307147979736328125e+00,4.037107467651367188e+00,4.960547924041748047e+00
1.011686172485351562e+02,5.000005245208740234e+00,5.000005245208740234e+00,5.000005245208740234e+00,5.000005245208740234e+00,5.014049053192138672e+00,5.016345024108886719e+00,2.862512826919555664e+00,9.451245665550231934e-01,6.140395164489746094e+00,5.314838886260986328e+00,5.000005245208740234e+00,5.000005245208740234e+00,4.991295337677001953e+00,7.306800365447998047e+00,4.032256126403808594e+00,4.959697723388671875e+00
1.016694488525390625e+02,5.000005245208740234e+00,5.000005245208740234e+00,5.000005245208740234e+00,5.000005245208740234e+00,5.004941463470458984e+00,5.005748271942138672e+00,2.862926959991455078e+00,9.459863305091857910e-01,6.144056797027587891e+00,5.315831661224365234e+00,5.000005245208740234e+00,5.000005245208740234e+00,4.996950626373291016e+00,7.306120872497558594e+00,4.027971744537353516e+00,4.958945274353027344e+00
1.021702804565429688e+02,5.000005245208740234e+00,5.000005245208740234e+00,5.000005245208740234e+00,5.000005245208740234e+00,5.001733303070068359e+00,5.002015113830566406e+00,2.863106966018676758e+00,9.467026591300964355e-01,6.147286415100097656e+00,5.316705226898193359e+00,5.000005245208740234e+00,5.000005245208740234e+00,4.998936653137207031e+00,7.305092811584472656e+00,4.024187564849853516e+00,4.958282470703125000e+00
1.026711196899414062e+02,5.000005245208740234e+00,5.000005245208740234e+00,5.000005245208740234e+00,5.000005245208740234e+00,5.000607967376708984e+00,5.000705718994140625e+00,2.863064527511596680e+00,9.473063349723815918e-01,6.150135517120361328e+00,5.317477226257324219e+00,5.000005245208740234e+00,5.000005245208740234e+00,4.999632835388183594e+00,7.303690433502197266e+00,4.020848274230957031e+00,4.957699775695800781e+00
1.031719512939453125e+02,5.000005245208740234e+00,5.000005245208740234e+00,5.000005245208740234e+00,5.000005245208740234e+00,5.000214576721191406e+00,5.000248432159423828e+00,2.862796545028686523e+00,9.478080272674560547e-01,6.152649402618408203e+00,5.318153858184814453e+00,5.000005245208740234e+00,5.000005245208740234e+00,4.999876022338867188e+00,7.301874160766601562e+00,4.017898082733154297e+00,4.957183837890625000e+00
1.036727905273437500e+02,5.000005245208740234e+00,5.000005245208740234e+00,5.000005245208740234e+00,5.000005245208740234e+00,5.000077724456787109e+00,5.000089168548583984e+00,2.862310647964477539e+00,9.482273459434509277e-01,6.154865741729736328e+00,5.318753242492675781e+00,5.000005245208740234e+00,5.000005245208740234e+00,4.999960422515869141e+00,7.299623966217041016e+00,4.015296459197998047e+00,4.956729888916015625e+00
1.041736221313476562e+02,5.000005245208740234e+00,5.000005245208740234e+00,5.000005245208740234e+00,5.000005245208740234e+00,5.000030040740966797e+00,5.000034332275390625e+00,2.861601591110229492e+00,9.485781192779541016e-01,6.156818866729736328e+00,5.319279670715332031e+00,5.000005245208740234e+00,5.000005245208740234e+00,4.999989986419677734e+00,7.296895503997802734e+00,4.012999534606933594e+00,4.956327438354492188e+00
1.046744537353515625e+02,5.000005245208740234e+00,5.000005245208740234e+00,5.000005245208740234e+00,5.000005245208740234e+00,5.000014305114746094e+00,5.000015258789062500e+00,2.860667943954467773e+00,9.488742351531982422e-01,6.158542156219482422e+00,5.319743156433105469e+00,5.000005245208740234e+00,5.000005245208740234e+00,5.000000000000000000e+00,7.293661117553710938e+00,4.010972976684570312e+00,4.955973625183105469e+00
1.051752929687500000e+02,5.000005245208740234e+00,5.000005245208740234e+00,5.000005245208740234e+00,5.000005245208740234e+00,5.000008106231689453e+00,5.000008583068847656e+00,2.859501123428344727e+00,9.491162896156311035e-01,6.160060882568359375e+00,5.320154190063476562e+00,5.000005245208740234e+00,5.000005245208740234e+00,5.000003337860107422e+00,7.289883136749267578e+00,4.009185791015625000e+00,4.955662727355957031e+00
1.056761245727539062e+02,5.000005245208740234e+00,5.000005245208740234e+00,5.000005245208740234e+00,5.000005245208740234e+00,5.000006198883056641e+00,5.000006198883056641e+00,2.858092308044433594e+00,9.493180513381958008e-01,6.161401271820068359e+00,5.320513248443603516e+00,5.000005245208740234e+00,5.000005245208740234e+00,5.000004768371582031e+00,7.285512924194335938e+00,4.007607936859130859e+00,4.955387592315673828e+00
1.061769638061523438e+02,5.000005245208740234e+00,5.000005245208740234e+00,5.000005245208740234e+00,5.000005245208740234e+00,5.000005722045898438e+00,5.000005722045898438e+00,2.856433629989624023e+00,9.494928717613220215e-01,6.162583351135253906e+00,5.320832252502441406e+00,5.000005245208740234e+00,5.000005245208740234e+00,5.000005245208740234e+00,7.280514240264892578e+00,4.006216049194335938e+00,4.955145835876464844e+00
1.066777954101562500e+02,5.000005245208740234e+00,5.000005245208740234e+00,5.000005245208740234e+00,5.000005245208740234e+00,5.000005245208740234e+00,5.000005245208740234e+00,2.854510784149169922e+00,9.496371746063232422e-01,6.163625240325927734e+00,5.321110725402832031e+00,5.000005245208740234e+00,5.000005245208740234e+00,5.000005245208740234e+00,7.274840354919433594e+00,4.004988193511962891e+00,4.954931259155273438e+00
1.071786346435546875e+02,5.000005245208740234e+00,5.000005245208740234e+00,5.000005245208740234e+00,5.000005245208740234e+00,5.000005245208740234e+00,5.000005245208740234e+00,2.852318763732910156e+00,9.497538208961486816e-01,6.164543151855468750e+00,5.321359157562255859e+00,5.000005245208740234e+00,5.000005245208740234e+00,5.000005245208740234e+00,7.268463611602783203e+00,4.003906250000000000e+00,4.954742908477783203e+00
1.076794662475585938e+02,5.000005245208740234e+00,5.000005245208740234e+00,5.000005245208740234e+00,5.000005245208740234e+00,5.000005245208740234e+00,5.000005245208740234e+00,2.849844455718994141e+00,9.498463273048400879e-01,6.165352821350097656e+00,5.321575641632080078e+00,5.000005245208740234e+00,5.000005245208740234e+00,5.000005245208740234e+00,7.261337280273437500e+00,4.002952098846435547e+00,4.954576015472412109e+00
1.081802978515625000e+02,5.000005245208740234e+00,5.000005245208740234e+00,5.000005245208740234e+00,5.000005245208740234e+00,5.000005245208740234e+00,5.000005245208740234e+00,2.847081661224365234e+00,9.499458670616149902e-01,6.166068077087402344e+00,5.321768283843994141e+00,5.000005245208740234e+00,5.000005245208740234e+00,5.000005245208740234e+00,7.253438472747802734e+00,4.002108573913574219e+00,4.954430103302001953e+00
1.086811370849609375e+02,5.000005245208740234e+00,5.000005245208740234e+00,5.000005245208740234e+00,5.000005245208740234e+00,5.000005245208740234e+00,5.000005245208740234e+00,2.844025135040283203e+00,9.500166177749633789e-01,6.166698455810546875e+00,5.321938037872314453e+00,5.000005245208740234e+00,5.000005245208740234e+00,5.000005245208740234e+00,7.244757175445556641e+00,4.001365661621093750e+00,4.954301834106445312e+00
1.091819686889648438e+02,5.000005245208740234e+00,5.000005245208740234e+00,5.000005245208740234e+00,5.000005245208740234e+00,5.000005245208740234e+00,5.000005245208740234e+00,2.840672016143798828e+00,9.500806927680969238e-01,6.167253017425537109e+00,5.322086334228515625e+00,5.000005245208740234e+00,5.000005245208740234e+00,5.000005245208740234e+00,7.235278129577636719e+00,4.000710010528564453e+00,4.954186439514160156e+00
1.096828079223632812e+02,5.000005245208740234e+00,5.000005245208740234e+00,5.000005245208740234e+00,5.000005245208740234e+00,5.000005245208740234e+00,5.000005245208740234e+00,2.837037563323974609e+00,9.501209259033203125e-01,6.167741775512695312e+00,5.322220325469970703e+00,5.000005245208740234e+00,5.000005245208740234e+00,5.000005245208740234e+00,7.225034236907958984e+00,4.000133037567138672e+00,4.954087257385253906e+00
1.101836395263671875e+02,5.000005245208740234e+00,5.000005245208740234e+00,5.000005245208740234e+00,5.000005245208740234e+00,5.000005245208740234e+00,5.000005245208740234e+00,2.833129644393920898e+00,9.501954317092895508e-01,6.168174743652343750e+00,5.322333812713623047e+00,5.000005245208740234e+00,5.000005245208740234e+00,5.000005245208740234e+00,7.214052200317382812e+00,3.999621152877807617e+00,4.953999519348144531e+00
1.106844711303710938e+02,5.000005245208740234e+00,5.000005245208740234e+00,5.000005245208740234e+00,5.000005245208740234e+00,5.000005245208740234e+00,5.000005245208740234e+00,2.828965425491333008e+00,9.502452611923217773e-01,6.168555736541748047e+00,5.322437286376953125e+00,5.000005245208740234e+00,5.000005245208740234e+00,5.000005245208740234e+00,7.202412605285644531e+00,3.999171733856201172e+00,4.953920841217041016e+00
1.111853103637695312e+02,5.000005245208740234e+00,5.000005245208740234e+00,5.000005245208740234e+00,5.000005245208740234e+00,5.000005245208740234e+00,5.000005245208740234e+00,2.824576377868652344e+00,9.503583312034606934e-01,6.168891906738281250e+00,5.322529792785644531e+00,5.000005245208740234e+00,5.000005245208740234e+00,5.000005245208740234e+00,7.190217494964599609e+00,3.998775243759155273e+00,4.953854084014892578e+00
1.116861419677734375e+02,5.000005245208740234e+00,5.000005245208740234e+00,5.000005245208740234e+00,5.000005245208740234e+00,5.000005245208740234e+00,5.000005245208740234e+00,2.819985389709472656e+00,9.504690766334533691e-01,6.169186592102050781e+00,5.322608947753906250e+00,5.000005245208740234e+00,5.000005245208740234e+00,5.000005245208740234e+00,7.177586078643798828e+00,3.998425245285034180e+00,4.953792095184326172e+00
1.121869812011718750e+02,5.000005245208740234e+00,5.000005245208740234e+00,5.000005245208740234e+00,5.000005245208740234e+00,5.000005245208740234e+00,5.000005245208740234e+00,2.815224409103393555e+00,9.506962895393371582e-01,6.169448375701904297e+00,5.322681427001953125e+00,5.000005245208740234e+00,5.000005245208740234e+00,5.000005245208740234e+00,7.164691448211669922e+00,3.998116254806518555e+00,4.953741550445556641e+00
1.126878128051757812e+02,5.000005245208740234e+00,5.000005245208740234e+00,5.000005245208740234e+00,5.000005245208740234e+00,5.000005245208740234e+00,5.000005245208740234e+00,2.810300827026367188e+00,9.510715603828430176e-01,6.169678688049316406e+00,5.322743415832519531e+00,5.000005245208740234e+00,5.000005245208740234e+00,5.000005245208740234e+00,7.151709556579589844e+00,3.997843742370605469e+00,4.953692913055419922e+00
1.131886444091796875e+02,5.000005245208740234e+00,5.000005245208740234e+00,5.000005245208740234e+00,5.000005245208740234e+00,5.000005245208740234e+00,5.000005245208740234e+00,2.805208444595336914e+00,9.516798853874206543e-01,6.169881820678710938e+00,5.322798252105712891e+00,5.000005245208740234e+00,5.000005245208740234e+00,5.000005245208740234e+00,7.138871192932128906e+00,3.997602939605712891e+00,4.953652858734130859e+00
1.136894836425781250e+02,5.000005245208740234e+00,5.000005245208740234e+00,5.000005245208740234e+00,5.000005245208740234e+00,5.000005245208740234e+00,5.000005245208740234e+00,2.799884319305419922e+00,9.526999592781066895e-01,6.170060634613037109e+00,5.322849750518798828e+00,5.000005245208740234e+00,5.000005245208740234e+00,5.000005245208740234e+00,7.126414299011230469e+00,3.997391223907470703e+00,4.953618049621582031e+00
1.141903152465820312e+02,5.000005245208740234e+00,5.000005245208740234e+00,5.000005245208740234e+00,5.000005245208740234e+00,5.000005245208740234e+00,5.000005245208740234e+00,2.794225454330444336e+00,9.542219638824462891e-01,6.170218467712402344e+00,5.322891712188720703e+00,5.000005245208740234e+00,5.000005245208740234e+00,5.000005245208740234e+00,7.114589691162109375e+00,3.997203588485717773e+00,4.953585147857666016e+00
1.146911544799804688e+02,5.000005245208740234e+00,5.000005245208740234e+00,5.000005245208740234e+00,5.000005245208740234e+00,5.000005245208740234e+00,5.000005245208740234e+00,2.788046121597290039e+00,9.565997719764709473e-01,6.170358657836914062e+00,5.322931766510009766e+00,5.000005245208740234e+00,5.000005245208740234e+00,5.000005245208740234e+00,7.103665828704833984e+00,3.997039794921875000e+00,4.953557968139648438e+00
1.151919860839843750e+02,5.000005245208740234e+00,5.000005245208740234e+00,5.000005245208740234e+00,5.000005245208740234e+00,5.000005245208740234e+00,5.000005245208740234e+00,2.781058788299560547e+00,9.600129127502441406e-01,6.170481204986572266e+00,5.322963714599609375e+00,5.000005245208740234e+00,5.000005245208740234e+00,5.000005245208740234e+00,7.093930721282958984e+00,3.996892452239990234e+00,4.953534603118896484e+00
1.156928176879882812e+02,5.000005245208740234e+00,5.000005245208740234e+00,5.000005245208740234e+00,5.000005245208740234e+00,5.000005245208740234e+00,5.000005245208740234e+00,2.772878408432006836e+00,9.648715257644653320e-01,6.170589923858642578e+00,5.322995185852050781e+00,5.000005245208740234e+00,5.000005245208740234e+00,5.000005245208740234e+00,7.085669994354248047e+00,3.996764898300170898e+00,4.953511714935302734e+00
1.161936569213867188e+02,5.000005245208740234e+00,5.000005245208740234e+00,5.000005245208740234e+00,5.000005245208740234e+00,5.000005245208740234e+00,5.000005245208740234e+00,2.762974023818969727e+00,9.715582132339477539e-01,6.170687675476074219e+00,5.323023319244384766e+00,5.000005245208740234e+00,5.000005245208740234e+00,5.000005245208740234e+00,7.079194068908691406e+00,3.996651411056518555e+00,4.953495025634765625e+00
1.166944885253906250e+02,5.000005245208740234e+00,5.000005245208740234e+00,5.000005245208740234e+00,5.000005245208740234e+00,5.000005245208740234e+00,5.000005245208740234e+00,2.750658273696899414e+00,9.806432723999023438e-01,6.170770645141601562e+00,5.323045253753662109e+00,5.000005245208740234e+00,5.000005245208740234e+00,5.000005245208740234e+00,7.074804782867431641e+00,3.996550798416137695e+00,4.953476905822753906e+00
1.171953277587890625e+02,5.000005245208740234e+00,5.000005245208740234e+00,5.000005245208740234e+00,5.000005245208740234e+00,5.000005245208740234e+00,5.000005245208740234e+00,2.735059022903442383e+00,9.926486015319824219e-01,6.170846939086914062e+00,5.323066711425781250e+00,5.000005245208740234e+00,5.000005245208740234e+00,5.000005245208740234e+00,7.072861671447753906e+00,3.996462583541870117e+00,4.953464984893798828e+00
1.176961593627929688e+02,5.000005245208740234e+00,5.000005245208740234e+00,5.000005245208740234e+00,5.000005245208740234e+00,5.000005245208740234e+00,5.000005245208740234e+00,2.715104579925537109e+00,1.008316993713378906e+00,6.170911788940429688e+00,5.323085308074951172e+00,5.000005245208740234e+00,5.000005245208740234e+00,5.000005245208740234e+00,7.073746204376220703e+00,3.996384143829345703e+00,4.953449726104736328e+00
1.181969985961914062e+02,5.000005245208740234e+00,5.000005245208740234e+00,5.000005245208740234e+00,5.000005245208740234e+00,5.000005245208740234e+00,5.000005245208740234e+00,2.689475297927856445e+00,1.028434395790100098e+00,6.170971393585205078e+00,5.323103427886962891e+00,5.000005245208740234e+00,5.000005245208740234e+00,5.000005245208740234e+00,7.077910423278808594e+00,3.996315479278564453e+00,4.953440189361572266e+00
1.186978302001953125e+02,5.000005245208740234e+00,5.000005245208740234e+00,5.000005245208740234e+00,5.000005245208740234e+00,5.000005245208740234e+00,5.000005245208740234e+00,2.656581163406372070e+00,1.054117918014526367e+00,6.171023845672607422e+00,5.323114395141601562e+00,5.000005245208740234e+00,5.000005245208740234e+00,5.000005245208740234e+00,7.085869789123535156e+00,3.996253252029418945e+00,4.953429222106933594e+00
1.191986618041992188e+02,5.000005245208740234e+00,5.000005245208740234e+00,5.000005245208740234e+00,5.000005245208740234e+00,5.000005245208740234e+00,5.000005245208740234e+00,2.614480972290039062e+00,1.086485385894775391e+00,6.171069145202636719e+00,5.323128223419189453e+00,5.000005245208740234e+00,5.000005245208740234e+00,5.000005245208740234e+00,7.098238945007324219e+00,3.996200799942016602e+00,4.953420162200927734e+00
1.196995010375976562e+02,5.000005245208740234e+00,5.000005245208740234e+00,5.000005245208740234e+00,5.000005245208740234e+00,5.000005245208740234e+00,5.000005245208740234e+00,2.560966968536376953e+00,1.126853466033935547e+00,6.171109676361083984e+00,5.323142528533935547e+00,5.000005245208740234e+00,5.000005245208740234e+00,5.000005245208740234e+00,7.115637779235839844e+00,3.996153116226196289e+00,4.953413009643554688e+00
1.202003326416015625e+02,5.000005245208740234e+00,5.000005245208740234e+00,5.000005245208740234e+00,5.000005245208740234e+00,5.000005245208740234e+00,5.000005245208740234e+00,2.493639230728149414e+00,1.176807403564453125e+00,6.171145439147949219e+00,5.323150157928466797e+00,5.000005245208740234e+00,5.000005245208740234e+00,5.000005245208740234e+00,7.138609409332275391e+00,3.996110439300537109e+00,4.953404903411865234e+00
1.207011718750000000e+02,5.000005245208740234e+00,5.000005245208740234e+00,5.000005245208740234e+00,5.000005245208740234e+00,5.000005245208740234e+00,5.000005245208740234e+00,2.410248041152954102e+00,1.237862586975097656e+00,6.171176433563232422e+00,5.323160648345947266e+00,5.000005245208740234e+00,5.000005245208740234e+00,5.000005245208740234e+00,7.167418956756591797e+00,3.996074676513671875e+00,4.953400135040283203e+00
1.212020034790039062e+02,5.000005245208740234e+00,5.000005245208740234e+00,5.000005245208740234e+00,5.000005245208740234e+00,5.000005245208740234e+00,5.000005245208740234e+00,2.309492826461791992e+00,1.311396598815917969e+00,6.171203136444091797e+00,5.323166847229003906e+00,5.000005245208740234e+00,5.000005245208740234e+00,5.000005245208740234e+00,7.201609134674072266e+00,3.996042966842651367e+00,4.953393459320068359e+00
1.217028350830078125e+02,5.000005245208740234e+00,5.000005245208740234e+00,5.000005245208740234e+00,5.000005245208740234e+00,5.000005245208740234e+00,5.000005245208740234e+00,2.192478895187377930e+00,1.398038029670715332e+00,6.171227455139160156e+00,5.323173046112060547e+00,5.000005245208740234e+00,5.000005245208740234e+00,5.000005245208740234e+00,7.239450454711914062e+00,3.996013164520263672e+00,4.953389167785644531e+00
1.222036743164062500e+02,8.688727378845214844e+00,1.051022887229919434e+00,2.754525661468505859e+00,9.098467826843261719e+00,9.476222038269042969e+00,9.677516937255859375e+00,9.807147979736328125e+00,9.863470077514648438e+00,6.175442218780517578e+00,5.324727535247802734e+00,2.746816277503967285e-01,8.045380592346191406e+00,3.491429984569549561e-01,1.224606335163116455e-01,3.991250991821289062e+00,4.952035903930664062e+00
1.227045059204101562e+02,8.558176994323730469e+00,1.489174723625183105e+00,2.319499731063842773e+00,4.002764225006103516e+00,8.521128654479980469e+00,9.715051651000976562e+00,9.808001518249511719e+00,9.887512207031250000e+00,6.355045795440673828e+00,5.193433284759521484e+00,3.827695548534393311e-01,7.596610546112060547e+00,9.469544887542724609e-01,1.077421307563781738e-01,3.824258804321289062e+00,5.114150047302246094e+00
1.232053451538085938e+02,8.709012985229492188e+00,9.902428388595581055e-01,2.086140155792236328e+00,1.752489686012268066e+00,4.157782077789306641e+00,5.108793258666992188e+00,9.028374671936035156e+00,9.561879158020019531e+00,6.235177516937255859e+00,5.312203407287597656e+00,2.258034348487854004e-01,7.722631931304931641e+00,5.738059043884277344e+00,6.013593673706054688e-01,3.935959100723266602e+00,4.980047702789306641e+00
1.237061767578125000e+02,8.837667465209960938e+00,6.960057020187377930e-01,2.035505533218383789e+00,1.087009906768798828e+00,3.410142898559570312e+00,7.880454659461975098e-01,1.555662751197814941e+00,7.737030029296875000e+00,6.199600696563720703e+00,5.326641559600830078e+00,1.309240013360977173e-01,7.767395496368408203e+00,6.818626403808593750e+00,7.744570732116699219e+00,3.972407341003417969e+00,4.956752777099609375e+00
1.242070083618164062e+02,8.878158569335937500e+00,6.181784272193908691e-01,2.066532135009765625e+00,1.091608643531799316e+00,3.607367515563964844e+00,8.484148383140563965e-01,2.791615724563598633e-01,5.335903167724609375e+00,6.189568042755126953e+00,5.328489303588867188e+00,1.020949035882949829e-01,7.761025428771972656e+00,6.588003158569335938e+00,8.585000038146972656e+00,3.983468294143676758e+00,4.953015327453613281e+00
1.247078475952148438e+02,8.865460395812988281e+00,6.090862751007080078e-01,2.087810039520263672e+00,1.152662396430969238e+00,3.807661294937133789e+00,9.397678971290588379e-01,2.264969646930694580e-01,2.111987829208374023e+00,6.184273719787597656e+00,5.327861309051513672e+00,6.618054211139678955e-02,7.746101856231689453e+00,6.386448383331298828e+00,8.748461723327636719e+00,3.989519357681274414e+00,4.953009605407714844e+00
1.252086791992187500e+02,8.910948753356933594e+00,6.516080498695373535e-01,2.105490922927856445e+00,1.303203105926513672e+00,4.013718128204345703e+00,1.201874375343322754e+00,1.302106261253356934e+00,8.530259877443313599e-02,6.179281234741210938e+00,5.326581954956054688e+00,5.604081600904464722e-02,7.743798732757568359e+00,6.204189777374267578e+00,8.233806610107421875e+00,3.994573116302490234e+00,4.953658580780029297e+00
1.257095184326171875e+02,8.956140518188476562e+00,6.367929577827453613e-01,2.100064516067504883e+00,1.255303144454956055e+00,4.074355602264404297e+00,1.062206864356994629e+00,1.523927092552185059e+00,3.715399280190467834e-02,6.174715042114257812e+00,5.325760841369628906e+00,5.584916472434997559e-02,7.762521743774414062e+00,6.130691051483154297e+00,7.979590892791748047e+00,3.999931573867797852e+00,4.954969406127929688e+00
1.262103500366210938e+02,8.973234176635742188e+00,6.301094293594360352e-01,2.105813503265380859e+00,1.241459488868713379e+00,4.124509334564208984e+00,1.022852063179016113e+00,1.721551895141601562e+00,3.723300620913505554e-02,6.169674396514892578e+00,5.324479103088378906e+00,5.774782598018646240e-02,7.768422603607177734e+00,6.010998725891113281e+00,7.878946781158447266e+00,4.005326271057128906e+00,4.955965518951416016e+00
1.267111816406250000e+02,8.984421730041503906e+00,5.934180617332458496e-01,2.116658687591552734e+00,1.202501535415649414e+00,4.201756954193115234e+00,9.697953462600708008e-01,1.882903099060058594e+00,3.867432847619056702e-02,6.164833068847656250e+00,5.323425769805908203e+00,6.407105922698974609e-02,7.766041755676269531e+00,5.984162330627441406e+00,7.797528743743896484e+00,4.011126041412353516e+00,4.957273483276367188e+00
1.272120208740234375e+02,8.987200736999511719e+00,5.087964534759521484e-01,2.136426448822021484e+00,1.141117453575134277e+00,4.280082225799560547e+00,9.091801643371582031e-01,2.014161586761474609e+00,5.045365542173385620e-02,6.160077571868896484e+00,5.322197914123535156e+00,7.710856944322586060e-02,7.752329349517822266e+00,5.984796524047851562e+00,7.711186885833740234e+00,4.016919612884521484e+00,4.958420753479003906e+00
1.277128524780273438e+02,8.973385810852050781e+00,3.720709681510925293e-01,2.168916463851928711e+00,1.064351081848144531e+00,4.356916904449462891e+00,8.486528992652893066e-01,2.127163410186767578e+00,7.411498576402664185e-02,6.155486583709716797e+00,5.320914745330810547e+00,1.008461564779281616e-01,7.726217746734619141e+00,5.994526863098144531e+00,7.631054401397705078e+00,4.022395133972167969e+00,4.959422111511230469e+00
1.282136840820312500e+02,8.935823440551757812e+00,2.380567491054534912e-01,2.217687606811523438e+00,9.950941801071166992e-01,4.433649063110351562e+00,8.070966005325317383e-01,2.231775999069213867e+00,1.310619562864303589e-01,6.151330471038818359e+00,5.319743156433105469e+00,1.460561007261276245e-01,7.686141967773437500e+00,5.997054100036621094e+00,7.555804252624511719e+00,4.027173519134521484e+00,4.960235118865966797e+00
1.287145233154296875e+02,8.866990089416503906e+00,1.889775395393371582e-01,2.280924797058105469e+00,1.004991292953491211e+00,4.523425579071044922e+00,8.549348115921020508e-01,2.345465421676635742e+00,3.169375956058502197e-01,6.148352146148681641e+00,5.319036483764648438e+00,2.388793826103210449e-01,7.634675025939941406e+00,5.967163085937500000e+00,7.475063800811767578e+00,4.030254840850830078e+00,4.960582256317138672e+00
1.292153625488281250e+02,8.778783798217773438e+00,2.702225744724273682e-01,2.340058326721191406e+00,1.181089043617248535e+00,4.637995719909667969e+00,1.066692471504211426e+00,2.470724105834960938e+00,6.961075663566589355e-01,6.147286415100097656e+00,5.319112300872802734e+00,3.913496732711791992e-01,7.586251258850097656e+00,5.887156963348388672e+00,7.388157844543457031e+00,4.030671596527099609e+00,4.960186004638671875e+00
1.297161865234375000e+02,8.711658477783203125e+00,4.318490028381347656e-01,2.371691226959228516e+00,1.309548497200012207e+00,4.708820819854736328e+00,1.188894510269165039e+00,2.536446809768676758e+00,8.670437335968017578e-01,6.145984649658203125e+00,5.318865776062011719e+00,5.360582470893859863e-01,7.560775756835937500e+00,5.836823463439941406e+00,7.348157882690429688e+00,4.031472682952880859e+00,4.960077762603759766e+00
1.302170257568359375e+02,8.657519340515136719e+00,5.183324217796325684e-01,2.383999824523925781e+00,1.353363037109375000e+00,4.742730140686035156e+00,1.221652030944824219e+00,2.567952632904052734e+00,9.036746025085449219e-01,6.144561290740966797e+00,5.318392276763916016e+00,6.852096915245056152e-01,7.553231716156005859e+00,5.815514564514160156e+00,7.334109783172607422e+00,4.032555580139160156e+00,4.960187911987304688e+00
1.307178649902343750e+02,8.562367439270019531e+00,6.159530878067016602e-01,2.391188383102416992e+00,1.390817642211914062e+00,4.772103309631347656e+00,1.248227357864379883e+00,2.593108892440795898e+00,9.285308718681335449e-01,6.143579006195068359e+00,5.317991733551025391e+00,9.801102876663208008e-01,7.550967216491699219e+00,5.801917076110839844e+00,7.323616981506347656e+00,4.033158302307128906e+00,4.960222244262695312e+00
1.312187042236328125e+02,9.130035400390625000e+00,9.011326789855957031e+00,2.269715309143066406e+00,3.651530981063842773e+00,8.576019287109375000e+00,6.481316685676574707e-01,1.851451396942138672e+00,3.548661231994628906e+00,6.185315132141113281e+00,5.331664085388183594e+00,3.746797144412994385e-01,8.273342132568359375e+00,1.554090738296508789e+00,8.806381225585937500e+00,4.029726505279541016e+00,4.959775447845458984e+00
1.317195281982421875e+02,8.694066047668457031e+00,8.405695915222167969e+00,2.144609212875366211e+00,7.395896911621093750e-01,8.401953697204589844e+00,1.328010678291320801e+00,1.814766645431518555e+00,1.872146874666213989e-01,6.142847061157226562e+00,5.323836326599121094e+00,8.023293614387512207e-01,8.159881591796875000e+00,4.685969352722167969e+00,7.815074920654296875e+00,4.073328018188476562e+00,4.973036289215087891e+00
1.322203674316406250e+02,6.827775955200195312e+00,7.073074817657470703e+00,2.306798696517944336e+00,1.000965356826782227e+00,8.724809646606445312e+00,1.315718054771423340e+00,2.242744922637939453e+00,7.612715959548950195e-01,6.119861125946044922e+00,5.324382305145263672e+00,3.098172426223754883e+00,7.996802330017089844e+00,7.381916046142578125e+00,7.594721794128417969e+00,4.093803405761718750e+00,4.973813056945800781e+00
1.327212066650390625e+02,5.469167709350585938e+00,5.551141262054443359e+00,2.382012844085693359e+00,1.367639422416687012e+00,6.780037879943847656e+00,1.303216814994812012e+00,2.468255043029785156e+00,9.205423593521118164e-01,6.092799186706542969e+00,5.317258358001708984e+00,4.657568454742431641e+00,7.962994098663330078e+00,6.480385780334472656e+00,7.455080032348632812e+00,4.117759227752685547e+00,4.974908828735351562e+00
1.332220306396484375e+02,5.157095432281494141e+00,5.179873466491699219e+00,2.342265605926513672e+00,1.586590290069580078e+00,5.324263095855712891e+00,1.293311119079589844e+00,2.581923484802246094e+00,9.394585490226745605e-01,6.069964408874511719e+00,5.309051036834716797e+00,4.898920536041259766e+00,7.983381748199462891e+00,5.242667675018310547e+00,7.387044429779052734e+00,4.137548923492431641e+00,4.977501392364501953e+00
1.337228698730468750e+02,5.058625698089599609e+00,5.068644046783447266e+00,2.166435718536376953e+00,1.975771427154541016e+00,5.263723373413085938e+00,1.298506736755371094e+00,2.647137165069580078e+00,9.484876990318298340e-01,6.055572032928466797e+00,5.302530288696289062e+00,4.963279247283935547e+00,8.050611495971679688e+00,5.292388439178466797e+00,7.341052532196044922e+00,4.148955345153808594e+00,4.979307174682617188e+00
1.342237091064453125e+02,5.022684574127197266e+00,5.027232646942138672e+00,1.819808602333068848e+00,2.645757913589477539e+00,5.298272132873535156e+00,1.303830027580261230e+00,2.688208580017089844e+00,9.509932398796081543e-01,6.048145771026611328e+00,5.298020839691162109e+00,4.985917091369628906e+00,8.186866760253906250e+00,5.387615203857421875e+00,7.311136722564697266e+00,4.152974128723144531e+00,4.980031967163085938e+00
1.347245483398437500e+02,5.008605003356933594e+00,5.010530948638916016e+00,1.421919941902160645e+00,3.483782291412353516e+00,5.305865764617919922e+00,1.295636773109436035e+00,2.717837095260620117e+00,9.485726356506347656e-01,6.046163558959960938e+00,5.295544624328613281e+00,4.994679927825927734e+00,8.330034255981445312e+00,5.442985534667968750e+00,7.297495841979980469e+00,4.151541709899902344e+00,4.980016708374023438e+00
1.352253723144531250e+02,5.003202438354492188e+00,5.003977298736572266e+00,1.116753578186035156e+00,4.333887100219726562e+00,5.284867286682128906e+00,1.279202580451965332e+00,2.741003036499023438e+00,9.457386732101440430e-01,6.048338413238525391e+00,5.294667720794677734e+00,4.998027801513671875e+00,8.437781333923339844e+00,5.466117858886718750e+00,7.292716979980468750e+00,4.146365642547607422e+00,4.979374408721923828e+00
1.357262115478515625e+02,5.001175403594970703e+00,5.001475811004638672e+00,9.406908154487609863e-01,5.005216598510742188e+00,5.246059417724609375e+00,1.263153433799743652e+00,2.759849071502685547e+00,9.440104365348815918e-01,6.053323268890380859e+00,5.294907093048095703e+00,4.999281883239746094e+00,8.504742622375488281e+00,5.466306686401367188e+00,7.292030334472656250e+00,4.138713359832763672e+00,4.978234767913818359e+00
1.362270507812500000e+02,5.000428199768066406e+00,5.000542163848876953e+00,8.532359004020690918e-01,5.489174365997314453e+00,5.204693794250488281e+00,1.252096056938171387e+00,2.775270223617553711e+00,9.435434341430664062e-01,6.060046195983886719e+00,5.295903205871582031e+00,4.999744415283203125e+00,8.537111282348632812e+00,5.459096908569335938e+00,7.292486667633056641e+00,4.129557132720947266e+00,4.976772785186767578e+00
1.367278747558593750e+02,5.000157356262207031e+00,5.000199317932128906e+00,8.121001720428466797e-01,5.844122409820556641e+00,5.171593666076660156e+00,1.245861172676086426e+00,2.787857770919799805e+00,9.438884258270263672e-01,6.067730903625488281e+00,5.297378540039062500e+00,4.999911308288574219e+00,8.542323112487792969e+00,5.458598136901855469e+00,7.293018817901611328e+00,4.119648933410644531e+00,4.975132465362548828e+00
1.372287139892578125e+02,5.000059604644775391e+00,5.000074863433837891e+00,7.950805425643920898e-01,6.108682155609130859e+00,5.144415855407714844e+00,1.243774294853210449e+00,2.798266410827636719e+00,9.446900486946105957e-01,6.075833320617675781e+00,5.299131870269775391e+00,4.999971866607666016e+00,8.529095649719238281e+00,5.463853359222412109e+00,7.293772697448730469e+00,4.109520435333251953e+00,4.973425388336181641e+00
1.377295532226562500e+02,5.000024795532226562e+00,5.000030040740966797e+00,7.932337522506713867e-01,6.310950756072998047e+00,5.116305351257324219e+00,1.246618866920471191e+00,2.807021617889404297e+00,9.458131790161132812e-01,6.083972930908203125e+00,5.301010608673095703e+00,4.999993324279785156e+00,8.508025169372558594e+00,5.468005180358886719e+00,7.294932842254638672e+00,4.099528312683105469e+00,4.971718311309814453e+00
1.382303771972656250e+02,5.000011920928955078e+00,5.000014305114746094e+00,8.037694692611694336e-01,6.472316741943359375e+00,5.084810256958007812e+00,1.256899237632751465e+00,2.814460515975952148e+00,9.472557306289672852e-01,6.091899394989013672e+00,5.302915573120117188e+00,5.000000953674316406e+00,8.487240791320800781e+00,5.469867706298828125e+00,7.296422958374023438e+00,4.089911937713623047e+00,4.970057964324951172e+00
1.387312164306640625e+02,5.000007629394531250e+00,5.000008583068847656e+00,8.267241120338439941e-01,6.606344223022460938e+00,5.049813270568847656e+00,1.278978109359741211e+00,2.820818662643432617e+00,9.490513205528259277e-01,6.099457263946533203e+00,5.304786205291748047e+00,5.000004291534423828e+00,8.469676017761230469e+00,5.473356246948242188e+00,7.298121452331542969e+00,4.080817699432373047e+00,4.968483448028564453e+00
1.392320556640625000e+02,5.000006198883056641e+00,5.000006198883056641e+00,8.624785542488098145e-01,6.721224784851074219e+00,5.008327960968017578e+00,1.320030093193054199e+00,2.826273202896118164e+00,9.512820243835449219e-01,6.106545925140380859e+00,5.306573867797851562e+00,5.000004768371582031e+00,8.454687118530273438e+00,5.484219074249267578e+00,7.299939632415771484e+00,4.072326660156250000e+00,4.967005729675292969e+00
1.397328948974609375e+02,5.000005722045898438e+00,5.000005722045898438e+00,9.083040356636047363e-01,6.818511009216308594e+00,4.944519519805908203e+00,1.393868923187255859e+00,2.830970525741577148e+00,9.538069963455200195e-01,6.113121032714843750e+00,5.308253288269042969e+00,5.000005245208740234e+00,8.440921783447265625e+00,5.518515110015869141e+00,7.301847934722900391e+00,4.064480304718017578e+00,4.965635299682617188e+00
1.402337188720703125e+02,5.000005245208740234e+00,5.000005245208740234e+00,9.610842466354370117e-01,6.899563312530517578e+00,4.813006401062011719e+00,1.523383378982543945e+00,2.834983110427856445e+00,9.560065865516662598e-01,6.119160175323486328e+00,5.309807777404785156e+00,5.000005245208740234e+00,8.425936698913574219e+00,5.615714550018310547e+00,7.303851127624511719e+00,4.057291507720947266e+00,4.964377880096435547e+00
1.407345581054687500e+02,5.000005245208740234e+00,5.000005245208740234e+00,1.027823448181152344e+00,6.969032764434814453e+00,4.565107345581054688e+00,1.736967086791992188e+00,2.838356256484985352e+00,9.571405649185180664e-01,6.124663352966308594e+00,5.311237812042236328e+00,5.000005245208740234e+00,8.403682708740234375e+00,5.798448562622070312e+00,7.305981159210205078e+00,4.050751686096191406e+00,4.963236808776855469e+00
1.412353973388671875e+02,5.000005245208740234e+00,5.000005245208740234e+00,1.129791021347045898e+00,7.034157752990722656e+00,4.212394714355468750e+00,2.054615974426269531e+00,2.841132402420043945e+00,9.566556811332702637e-01,6.129649162292480469e+00,5.312537670135498047e+00,5.000005245208740234e+00,8.362274169921875000e+00,6.024784088134765625e+00,7.308188915252685547e+00,4.044836521148681641e+00,4.962204456329345703e+00
1.417362213134765625e+02,5.000005245208740234e+00,5.000005245208740234e+00,1.331574440002441406e+00,7.121065139770507812e+00,3.834906101226806641e+00,2.483060359954833984e+00,2.842351913452148438e+00,9.552695155143737793e-01,6.229021072387695312e+00,5.456123828887939453e+00,5.000005245208740234e+00,8.276313781738281250e+00,6.223910331726074219e+00,7.307263851165771484e+00,3.937245607376098633e+00,4.827990055084228516e+00
1.422370605468750000e+02,5.000005245208740234e+00,5.000005245208740234e+00,1.677080154418945312e+00,7.188362598419189453e+00,3.501547574996948242e+00,2.893854141235351562e+00,2.844373226165771484e+00,9.511828422546386719e-01,6.224632740020751953e+00,5.370425224304199219e+00,5.000005245208740234e+00,8.103466033935546875e+00,6.379352092742919922e+00,7.310935974121093750e+00,3.945048809051513672e+00,4.917640209197998047e+00
1.427378997802734375e+02,5.000005245208740234e+00,5.000005245208740234e+00,2.315663814544677734e+00,7.266221046447753906e+00,3.233667612075805664e+00,3.240028619766235352e+00,2.845834732055664062e+00,9.477962851524353027e-01,6.201065540313720703e+00,5.344221591949462891e+00,5.000005245208740234e+00,7.756713390350341797e+00,6.498137950897216797e+00,7.313446044921875000e+00,3.969809055328369141e+00,4.941200733184814453e+00
1.432387237548828125e+02,5.000005245208740234e+00,5.000005245208740234e+00,3.365409374237060547e+00,7.350194931030273438e+00,3.032357454299926758e+00,3.485996007919311523e+00,2.846857547760009766e+00,9.451721310615539551e-01,6.182935714721679688e+00,5.333026885986328125e+00,5.000005245208740234e+00,7.060337543487548828e+00,6.588737964630126953e+00,7.315227031707763672e+00,3.987951040267944336e+00,4.949201107025146484e+00
1.437395629882812500e+02,5.000005245208740234e+00,5.000005245208740234e+00,4.831005573272705078e+00,7.435069561004638672e+00,2.931180953979492188e+00,3.663974761962890625e+00,2.847524642944335938e+00,9.431564211845397949e-01,6.171779632568359375e+00,5.327331542968750000e+00,5.000005245208740234e+00,5.756737709045410156e+00,6.634246826171875000e+00,7.316489696502685547e+00,3.998799085617065430e+00,4.952671527862548828e+00
1.442404022216796875e+02,5.000005245208740234e+00,5.000005245208740234e+00,6.124493122100830078e+00,7.441901683807373047e+00,3.026516914367675781e+00,3.890117168426513672e+00,2.848090171813964844e+00,9.410521388053894043e-01,6.165544509887695312e+00,5.324232578277587891e+00,5.000005245208740234e+00,4.255913734436035156e+00,6.578417778015136719e+00,7.317275524139404297e+00,4.004665374755859375e+00,4.954382896423339844e+00
1.447412414550781250e+02,5.000005245208740234e+00,5.000005245208740234e+00,6.111423492431640625e+00,7.011255741119384766e+00,3.447350025177001953e+00,4.300613880157470703e+00,2.848889350891113281e+00,9.378795623779296875e-01,6.162376880645751953e+00,5.322553634643554688e+00,5.000005245208740234e+00,4.114497184753417969e+00,6.329823017120361328e+00,7.317485332489013672e+00,4.007471561431884766e+00,4.955240249633789062e+00
1.452420654296875000e+02,5.000005245208740234e+00,5.000005245208740234e+00,5.412045001983642578e+00,5.987534046173095703e+00,4.235270977020263672e+00,4.920076847076416016e+00,2.849621534347534180e+00,9.334586858749389648e-01,6.161036491394042969e+00,5.321692466735839844e+00,5.000005245208740234e+00,4.695980548858642578e+00,5.804999828338623047e+00,7.317231178283691406e+00,4.008477687835693359e+00,4.955626487731933594e+00
1.457429046630859375e+02,5.000005245208740234e+00,5.000005245208740234e+00,5.137651443481445312e+00,5.359359741210937500e+00,5.330216884613037109e+00,5.733421325683593750e+00,2.849689960479736328e+00,9.285824298858642578e-01,6.160751342773437500e+00,5.321313858032226562e+00,5.000005245208740234e+00,4.909981250762939453e+00,4.907281875610351562e+00,7.316777706146240234e+00,4.008460521697998047e+00,4.955755233764648438e+00
1.462437438964843750e+02,5.000005245208740234e+00,5.000005245208740234e+00,5.047588348388671875e+00,5.124822139739990234e+00,6.298236846923828125e+00,6.489116191864013672e+00,2.849065303802490234e+00,9.243862032890319824e-01,6.161051273345947266e+00,5.321207046508789062e+00,5.000005245208740234e+00,4.970099449157714844e+00,3.924118518829345703e+00,7.315955162048339844e+00,4.007887363433837891e+00,4.955732822418212891e+00
1.467445678710937500e+02,5.000005245208740234e+00,5.000005245208740234e+00,5.016391277313232422e+00,5.042546749114990234e+00,6.236666202545166016e+00,6.386379718780517578e+00,2.848497867584228516e+00,9.225317239761352539e-01,6.161660671234130859e+00,5.321253776550292969e+00,5.000005245208740234e+00,4.989822864532470703e+00,3.989819288253784180e+00,7.314150810241699219e+00,4.007034301757812500e+00,4.955627441406250000e+00
1.472454071044921875e+02,5.000005245208740234e+00,5.000005245208740234e+00,5.005639553070068359e+00,5.014404296875000000e+00,5.547134399414062500e+00,5.646416187286376953e+00,2.848220109939575195e+00,9.229447841644287109e-01,6.162410259246826172e+00,5.321386814117431641e+00,5.000005245208740234e+00,4.996517181396484375e+00,4.610717773437500000e+00,7.311336040496826172e+00,4.006061553955078125e+00,4.955489158630371094e+00
1.477462463378906250e+02,5.000005245208740234e+00,5.000005245208740234e+00,5.001970291137695312e+00,5.004917144775390625e+00,5.200847148895263672e+00,5.241212368011474609e+00,2.847880363464355469e+00,9.240426421165466309e-01,6.163203716278076172e+00,5.321555137634277344e+00,5.000005245208740234e+00,4.998790264129638672e+00,4.869549751281738281e+00,7.307874679565429688e+00,4.005071640014648438e+00,4.955332279205322266e+00
1.482470855712890625e+02,5.000005245208740234e+00,5.000005245208740234e+00,5.000694274902343750e+00,5.001687049865722656e+00,5.072908878326416016e+00,5.087595939636230469e+00,2.847337484359741211e+00,9.252146482467651367e-01,6.163985252380371094e+00,5.321738243103027344e+00,5.000005245208740234e+00,4.999578952789306641e+00,4.954332351684570312e+00,7.303890705108642578e+00,4.004113674163818359e+00,4.955175876617431641e+00
1.487479095458984375e+02,5.000005245208740234e+00,5.000005245208740234e+00,5.000247955322265625e+00,5.000582218170166016e+00,5.026457309722900391e+00,5.031690597534179688e+00,2.846555948257446289e+00,9.263430237770080566e-01,6.164724349975585938e+00,5.321917057037353516e+00,5.000005245208740234e+00,4.999855518341064453e+00,4.983642578125000000e+00,7.299375534057617188e+00,4.003216743469238281e+00,4.955022335052490234e+00
1.492487487792968750e+02,5.000005245208740234e+00,5.000005245208740234e+00,5.000090599060058594e+00,5.000203609466552734e+00,5.009587764739990234e+00,5.011439323425292969e+00,2.845525503158569336e+00,9.274149537086486816e-01,6.165410041809082031e+00,5.322093486785888672e+00,5.000005245208740234e+00,4.999952793121337891e+00,4.994103431701660156e+00,7.294308662414550781e+00,4.002392292022705078e+00,4.954883575439453125e+00
1.497495880126953125e+02,5.000005245208740234e+00,5.000005245208740234e+00,5.000034809112548828e+00,5.000072956085205078e+00,5.003467559814453125e+00,5.004120349884033203e+00,2.844226837158203125e+00,9.284188151359558105e-01,6.166036128997802734e+00,5.322253704071044922e+00,5.000005245208740234e+00,4.999986648559570312e+00,4.997875690460205078e+00,7.288631916046142578e+00,4.001644134521484375e+00,4.954755306243896484e+00
1.502504119873046875e+02,5.000005245208740234e+00,5.000005245208740234e+00,5.000015735626220703e+00,5.000029087066650391e+00,5.001253128051757812e+00,5.001482009887695312e+00,2.842653036117553711e+00,9.293697476387023926e-01,6.166599750518798828e+00,5.322398662567138672e+00,5.000005245208740234e+00,4.999998569488525391e+00,4.999238014221191406e+00,7.282306194305419922e+00,4.000968456268310547e+00,4.954635620117187500e+00
1.507512512207031250e+02,5.000005245208740234e+00,5.000005245208740234e+00,5.000008583068847656e+00,5.000013351440429688e+00,5.000453948974609375e+00,5.000534534454345703e+00,2.840801000595092773e+00,9.302646517753601074e-01,6.167107582092285156e+00,5.322534084320068359e+00,5.000005245208740234e+00,5.000002861022949219e+00,4.999730110168457031e+00,7.275307655334472656e+00,4.000364303588867188e+00,4.954533576965332031e+00
1.512520904541015625e+02,5.000005245208740234e+00,5.000005245208740234e+00,5.000006198883056641e+00,5.000008106231689453e+00,5.000165939331054688e+00,5.000194072723388672e+00,2.838651180267333984e+00,9.311198592185974121e-01,6.167560577392578125e+00,5.322654247283935547e+00,5.000005245208740234e+00,5.000004768371582031e+00,4.999906539916992188e+00,7.267582893371582031e+00,3.999823808670043945e+00,4.954439163208007812e+00
1.517529144287109375e+02,5.000005245208740234e+00,5.000005245208740234e+00,5.000005722045898438e+00,5.000006198883056641e+00,5.000062942504882812e+00,5.000072479248046875e+00,2.836199760437011719e+00,9.319151043891906738e-01,6.167964458465576172e+00,5.322758197784423828e+00,5.000005245208740234e+00,5.000005245208740234e+00,4.999969482421875000e+00,7.259109497070312500e+00,3.999343872070312500e+00,4.954353332519531250e+00
1.522537536621093750e+02,5.000005245208740234e+00,5.000005245208740234e+00,5.000005245208740234e+00,5.000005722045898438e+00,5.000026226043701172e+00,5.000029563903808594e+00,2.833449363708496094e+00,9.326857924461364746e-01,6.168324470520019531e+00,5.322855949401855469e+00,5.000005245208740234e+00,5.000005245208740234e+00,4.999992370605468750e+00,7.249889373779296875e+00,3.998916625976562500e+00,4.954281806945800781e+00
1.527545928955078125e+02,5.000005245208740234e+00,5.000005245208740234e+00,5.000005245208740234e+00,5.000005245208740234e+00,5.000012874603271484e+00,5.000014305114746094e+00,2.830395936965942383e+00,9.334139227867126465e-01,6.168642997741699219e+00,5.322940349578857422e+00,5.000005245208740234e+00,5.000005245208740234e+00,5.000000476837158203e+00,7.239906311035156250e+00,3.998536348342895508e+00,4.954216003417968750e+00
1.532554321289062500e+02,5.000005245208740234e+00,5.000005245208740234e+00,5.000005245208740234e+00,5.000005245208740234e+00,5.000008106231689453e+00,5.000008106231689453e+00,2.827047348022460938e+00,9.341120123863220215e-01,6.168926239013671875e+00,5.323017597198486328e+00,5.000005245208740234e+00,5.000005245208740234e+00,5.000004291534423828e+00,7.229184150695800781e+00,3.998200893402099609e+00,4.954156398773193359e+00
1.537562561035156250e+02,5.000005245208740234e+00,5.000005245208740234e+00,5.000005245208740234e+00,5.000005245208740234e+00,5.000006198883056641e+00,5.000006198883056641e+00,2.823416948318481445e+00,9.347981810569763184e-01,6.169178485870361328e+00,5.323080062866210938e+00,5.000005245208740234e+00,5.000005245208740234e+00,5.000004768371582031e+00,7.217761993408203125e+00,3.997901678085327148e+00,4.954103469848632812e+00
1.542570953369140625e+02,5.000005245208740234e+00,5.000005245208740234e+00,5.000005245208740234e+00,5.000005245208740234e+00,5.000005722045898438e+00,5.000005722045898438e+00,2.819529056549072266e+00,9.354687929153442383e-01,6.169398784637451172e+00,5.323143959045410156e+00,5.000005245208740234e+00,5.000005245208740234e+00,5.000005245208740234e+00,7.205737590789794922e+00,3.997638702392578125e+00,4.954059600830078125e+00
1.547579345703125000e+02,5.000005245208740234e+00,5.000005245208740234e+00,5.000005245208740234e+00,5.000005245208740234e+00,5.000005245208740234e+00,5.000005245208740234e+00,2.815398931503295898e+00,9.361506700515747070e-01,6.169596195220947266e+00,5.323196887969970703e+00,5.000005245208740234e+00,5.000005245208740234e+00,5.000005245208740234e+00,7.193182468414306641e+00,3.997404336929321289e+00,4.954019069671630859e+00
1.552587585449218750e+02,5.000005245208740234e+00,5.000005245208740234e+00,5.000005245208740234e+00,5.000005245208740234e+00,5.000005245208740234e+00,5.000005245208740234e+00,2.811051130294799805e+00,9.368891119956970215e-01,6.169770240783691406e+00,5.323240756988525391e+00,5.000005245208740234e+00,5.000005245208740234e+00,5.000005245208740234e+00,7.180233001708984375e+00,3.997197151184082031e+00,4.953979969024658203e+00
1.557595977783203125e+02,5.000005245208740234e+00,5.000005245208740234e+00,5.000005245208740234e+00,5.000005245208740234e+00,5.000005245208740234e+00,5.000005245208740234e+00,2.806507587432861328e+00,9.376912713050842285e-01,6.169924736022949219e+00,5.323285579681396484e+00,5.000005245208740234e+00,5.000005245208740234e+00,5.000005245208740234e+00,7.167072296142578125e+00,3.997014760971069336e+00,4.953951835632324219e+00
1.562604370117187500e+02,5.000005245208740234e+00,5.000005245208740234e+00,5.000005245208740234e+00,5.000005245208740234e+00,5.000005245208740234e+00,5.000005245208740234e+00,2.801760911941528320e+00,9.386825561523437500e-01,6.170061588287353516e+00,5.323321819305419922e+00,5.000005245208740234e+00,5.000005245208740234e+00,5.000005245208740234e+00,7.153867244720458984e+00,3.996852397918701172e+00,4.953924179077148438e+00
1.567612762451171875e+02,5.000005245208740234e+00,5.000005245208740234e+00,5.000005245208740234e+00,5.000005245208740234e+00,5.000005245208740234e+00,5.000005245208740234e+00,2.796783447265625000e+00,9.399510622024536133e-01,6.170181751251220703e+00,5.323355197906494141e+00,5.000005245208740234e+00,5.000005245208740234e+00,5.000005245208740234e+00,7.140833854675292969e+00,3.996707677841186523e+00,4.953900337219238281e+00
1.572621002197265625e+02,5.000005245208740234e+00,5.000005245208740234e+00,5.000005245208740234e+00,5.000005245208740234e+00,5.000005245208740234e+00,5.000005245208740234e+00,2.791492938995361328e+00,9.416346549987792969e-01,6.170288085937500000e+00,5.323382377624511719e+00,5.000005245208740234e+00,5.000005245208740234e+00,5.000005245208740234e+00,7.128209114074707031e+00,3.996580600738525391e+00,4.953875541687011719e+00
1.577629394531250000e+02,5.000005245208740234e+00,5.000005245208740234e+00,5.000005245208740234e+00,5.000005245208740234e+00,5.000005245208740234e+00,5.000005245208740234e+00,2.785756587982177734e+00,9.439693093299865723e-01,6.170384407043457031e+00,5.323410034179687500e+00,5.000005245208740234e+00,5.000005245208740234e+00,5.000005245208740234e+00,7.116256237030029297e+00,3.996468544006347656e+00,4.953859806060791016e+00
1.582637786865234375e+02,5.000005245208740234e+00,5.000005245208740234e+00,5.000005245208740234e+00,5.000005245208740234e+00,5.000005245208740234e+00,5.000005245208740234e+00,2.779340267181396484e+00,9.471787214279174805e-01,6.170466899871826172e+00,5.323434829711914062e+00,5.000005245208740234e+00,5.000005245208740234e+00,5.000005245208740234e+00,7.105222702026367188e+00,3.996368408203125000e+00,4.953843116760253906e+00
1.587646026611328125e+02,5.000005245208740234e+00,5.000005245208740234e+00,5.000005245208740234e+00,5.000005245208740234e+00,5.000005245208740234e+00,5.000005245208740234e+00,2.771916627883911133e+00,9.515910148620605469e-01,6.170540809631347656e+00,5.323451519012451172e+00,5.000005245208740234e+00,5.000005245208740234e+00,5.000005245208740234e+00,7.095390319824218750e+00,3.996280431747436523e+00,4.953827381134033203e+00
1.592654418945312500e+02,5.000005245208740234e+00,5.000005245208740234e+00,5.000005245208740234e+00,5.000005245208740234e+00,5.000005245208740234e+00,5.000005245208740234e+00,2.763036489486694336e+00,9.576153159141540527e-01,6.170608520507812500e+00,5.323472976684570312e+00,5.000005245208740234e+00,5.000005245208740234e+00,5.000005245208740234e+00,7.087053298950195312e+00,3.996201992034912109e+00,4.953815460205078125e+00
1.597662811279296875e+02,5.000005245208740234e+00,5.000005245208740234e+00,5.000005245208740234e+00,5.000005245208740234e+00,5.000005245208740234e+00,5.000005245208740234e+00,2.752088546752929688e+00,9.656822681427001953e-01,6.170666217803955078e+00,5.323488712310791016e+00,5.000005245208740234e+00,5.000005245208740234e+00,5.000005245208740234e+00,7.080505371093750000e+00,3.996133804321289062e+00,4.953804016113281250e+00
1.602671051025390625e+02,5.000005245208740234e+00,5.000005245208740234e+00,5.000005245208740234e+00,5.000005245208740234e+00,5.000005245208740234e+00,5.000005245208740234e+00,2.738292217254638672e+00,9.764342904090881348e-01,6.170717239379882812e+00,5.323500156402587891e+00,5.000005245208740234e+00,5.000005245208740234e+00,5.000005245208740234e+00,7.076062679290771484e+00,3.996072769165039062e+00,4.953793048858642578e+00
1.607679443359375000e+02,5.000005245208740234e+00,5.000005245208740234e+00,5.000005245208740234e+00,5.000005245208740234e+00,5.000005245208740234e+00,5.000005245208740234e+00,2.720654010772705078e+00,9.904818534851074219e-01,6.170762538909912109e+00,5.323516845703125000e+00,5.000005245208740234e+00,5.000005245208740234e+00,5.000005245208740234e+00,7.074099540710449219e+00,3.996018171310424805e+00,4.953784942626953125e+00
1.612687835693359375e+02,5.000005245208740234e+00,5.000005245208740234e+00,5.000005245208740234e+00,5.000005245208740234e+00,5.000005245208740234e+00,5.000005245208740234e+00,2.697928190231323242e+00,1.008684277534484863e+00,6.170800685882568359e+00,5.323529243469238281e+00,5.000005245208740234e+00,5.000005245208740234e+00,5.000005245208740234e+00,7.075002670288085938e+00,3.995971918106079102e+00,4.953775882720947266e+00
1.617696228027343750e+02,5.000005245208740234e+00,5.000005245208740234e+00,5.000005245208740234e+00,5.000005245208740234e+00,5.000005245208740234e+00,5.000005245208740234e+00,2.668590068817138672e+00,1.032000899314880371e+00,6.170837879180908203e+00,5.323537826538085938e+00,5.000005245208740234e+00,5.000005245208740234e+00,5.000005245208740234e+00,7.079247951507568359e+00,3.995928764343261719e+00,4.953770160675048828e+00
1.622704467773437500e+02,5.000005245208740234e+00,5.000005245208740234e+00,5.000005245208740234e+00,5.000005245208740234e+00,5.000005245208740234e+00,5.000005245208740234e+00,2.630765438079833984e+00,1.061682462692260742e+00,6.170869350433349609e+00,5.323544502258300781e+00,5.000005245208740234e+00,5.000005245208740234e+00,5.000005245208740234e+00,7.087385177612304688e+00,3.995891571044921875e+00,4.953760623931884766e+00
1.627712860107421875e+02,5.000005245208740234e+00,5.000005245208740234e+00,5.000005245208740234e+00,5.000005245208740234e+00,5.000005245208740234e+00,5.000005245208740234e+00,2.582226991653442383e+00,1.099038720130920410e+00,6.170897960662841797e+00,5.323553085327148438e+00,5.000005245208740234e+00,5.000005245208740234e+00,5.000005245208740234e+00,7.100034713745117188e+00,3.995857715606689453e+00,4.953760623931884766e+00
1.632721252441406250e+02,5.000005245208740234e+00,5.000005245208740234e+00,5.000005245208740234e+00,5.000005245208740234e+00,5.000005245208740234e+00,5.000005245208740234e+00,2.520409345626831055e+00,1.145823597908020020e+00,6.170923233032226562e+00,5.323561668395996094e+00,5.000005245208740234e+00,5.000005245208740234e+00,5.000005245208740234e+00,7.117794990539550781e+00,3.995828866958618164e+00,4.953753948211669922e+00
1.637729492187500000e+02,5.000005245208740234e+00,5.000005245208740234e+00,5.000005245208740234e+00,5.000005245208740234e+00,5.000005245208740234e+00,5.000005245208740234e+00,2.442634582519531250e+00,1.203763008117675781e+00,6.170943737030029297e+00,5.323565959930419922e+00,5.000005245208740234e+00,5.000005245208740234e+00,5.000005245208740234e+00,7.141124248504638672e+00,3.995802879333496094e+00,4.953746318817138672e+00
1.642737884521484375e+02,5.000005245208740234e+00,5.000005245208740234e+00,5.000005245208740234e+00,5.000005245208740234e+00,5.000005245208740234e+00,5.000005245208740234e+00,2.346795082092285156e+00,1.274399042129516602e+00,6.170964241027832031e+00,5.323573112487792969e+00,5.000005245208740234e+00,5.000005245208740234e+00,5.000005245208740234e+00,7.169954776763916016e+00,3.995780229568481445e+00,4.953745365142822266e+00
1.647746276855468750e+02,5.000005245208740234e+00,5.000005245208740234e+00,5.000005245208740234e+00,5.000005245208740234e+00,5.000005245208740234e+00,5.000005245208740234e+00,2.232562541961669922e+00,1.359132289886474609e+00,6.170980453491210938e+00,5.323578357696533203e+00,5.000005245208740234e+00,5.000005245208740234e+00,5.000005245208740234e+00,7.203186511993408203e+00,3.995760440826416016e+00,4.953742027282714844e+00
1.652754516601562500e+02,5.000005245208740234e+00,5.000005245208740234e+00,5.000005245208740234e+00,5.000005245208740234e+00,5.000005245208740234e+00,5.000005245208740234e+00,2.103438854217529297e+00,1.457965850830078125e+00,6.170995712280273438e+00,5.323579311370849609e+00,5.000005245208740234e+00,5.000005245208740234e+00,5.000005245208740234e+00,7.237953186035156250e+00,3.995743751525878906e+00,4.953737258911132812e+00
1.657762908935546875e+02,5.000005245208740234e+00,5.000005245208740234e+00,5.000005245208740234e+00,5.000005245208740234e+00,5.000005245208740234e+00,5.000005245208740234e+00,1.968445301055908203e+00,1.569526791572570801e+00,6.171009063720703125e+00,5.323585033416748047e+00,5.000005245208740234e+00,5.000005245208740234e+00,5.000005245208740234e+00,7.269310474395751953e+00,3.995727539062500000e+00,4.953738212585449219e+00
1.662771301269531250e+02,8.786033630371093750e+00,7.642705440521240234e-01,2.837771654129028320e+00,9.215141296386718750e+00,9.267549514770507812e+00,9.473416328430175781e+00,9.622432708740234375e+00,9.717173576354980469e+00,6.173186779022216797e+00,5.324229717254638672e+00,2.169166207313537598e-01,8.491871833801269531e+00,5.359538793563842773e-01,2.650044560432434082e-01,3.993593692779541016e+00,4.953000068664550781e+00
1.667779693603515625e+02,8.542791366577148438e+00,1.571561574935913086e+00,2.416809320449829102e+00,4.794132709503173828e+00,9.091604232788085938e+00,9.758251190185546875e+00,9.843848228454589844e+00,9.907292366027832031e+00,6.182436466217041016e+00,5.328450202941894531e+00,4.053370952606201172e-01,7.561396121978759766e+00,5.417711734771728516e-01,8.825619518756866455e-02,3.982422828674316406e+00,4.949881076812744141e+00
1.672787933349609375e+02,8.822365760803222656e+00,1.077140450477600098e+00,2.083324909210205078e+00,2.049530506134033203e+00,8.263563156127929688e+00,5.543750524520874023e-01,1.977104663848876953e+00,8.931940078735351562e+00,6.197693347930908203e+00,5.332851409912109375e+00,2.363382577896118164e-01,7.581475734710693359e+00,1.335248351097106934e+00,6.917052268981933594e+00,3.989882469177246094e+00,4.953043460845947266e+00
1.677796325683593750e+02,8.942222595214843750e+00,8.052517771720886230e-01,2.016550540924072266e+00,1.512996912002563477e+00,6.962695121765136719e+00,1.564595222473144531e+00,7.991650581359863281e+00,1.912594437599182129e-01,6.210704326629638672e+00,5.346608161926269531e+00,7.358635962009429932e-02,7.670211315155029297e+00,4.023884296417236328e+00,1.999965786933898926e+00,4.013141632080078125e+00,4.960146903991699219e+00
1.682804718017578125e+02,8.895589828491210938e+00,3.971923887729644775e-01,1.937540769577026367e+00,1.906093657016754150e-01,5.458403110504150391e+00,8.567418456077575684e-01,5.481474399566650391e+00,8.777357935905456543e-01,6.045947074890136719e+00,5.312609672546386719e+00,1.580803096294403076e-01,7.733815193176269531e+00,5.462728023529052734e+00,6.635326862335205078e+00,4.150116920471191406e+00,4.963065624237060547e+00
1.687812957763671875e+02,8.855753898620605469e+00,4.614780545234680176e-01,2.102296829223632812e+00,7.397547364234924316e-01,4.962183952331542969e+00,1.013472199440002441e+00,3.392418622970581055e+00,9.261470437049865723e-01,6.025100231170654297e+00,5.294438362121582031e+00,2.046793252229690552e-01,7.659229278564453125e+00,5.685033798217773438e+00,6.923259258270263672e+00,4.168894767761230469e+00,4.977785110473632812e+00
1.692821350097656250e+02,8.855942726135253906e+00,4.891580045223236084e-01,2.176456212997436523e+00,9.483920335769653320e-01,4.790624618530273438e+00,1.047122478485107422e+00,2.882652044296264648e+00,8.857554793357849121e-01,6.034118652343750000e+00,5.290448665618896484e+00,2.215539515018463135e-01,7.623250961303710938e+00,5.794892787933349609e+00,7.177798748016357422e+00,4.159737110137939453e+00,4.981852054595947266e+00
1.697829742431640625e+02,8.902698516845703125e+00,4.750319719314575195e-01,2.237730503082275391e+00,1.026860713958740234e+00,7.496750354766845703e+00,6.690871119499206543e-01,2.530512332916259766e+00,8.832710981369018555e-01,6.051834106445312500e+00,5.295945167541503906e+00,3.066585958003997803e-01,7.681842803955078125e+00,2.960580110549926758e+00,7.360883235931396484e+00,4.149202346801757812e+00,4.984605312347412109e+00
1.702838134765625000e+02,8.838502883911132812e+00,4.899327158927917480e-01,2.266051292419433594e+00,1.104878187179565430e+00,6.237411499023437500e+00,1.320904254913330078e+00,2.494207382202148438e+00,8.846959471702575684e-01,6.060673713684082031e+00,5.298851490020751953e+00,3.331981003284454346e-01,7.635744094848632812e+00,4.728191852569580078e+00,7.426062583923339844e+00,4.140378952026367188e+00,4.982296466827392578e+00
1.707846374511718750e+02,8.838649749755859375e+00,4.879660308361053467e-01,2.305374145507812500e+00,1.156949520111083984e+00,5.403062820434570312e+00,1.255724191665649414e+00,2.556322336196899414e+00,8.935851454734802246e-01,6.063260078430175781e+00,5.300338268280029297e+00,3.844583034515380859e-01,7.670823097229003906e+00,5.301975727081298828e+00,7.379093647003173828e+00,4.136931896209716797e+00,4.980556011199951172e+00
1.712854766845703125e+02,8.834772109985351562e+00,4.905344247817993164e-01,2.331025123596191406e+00,1.201086997985839844e+00,5.098107337951660156e+00,1.228030562400817871e+00,2.614425420761108398e+00,9.069899320602416992e-01,6.063557147979736328e+00,5.300272464752197266e+00,4.477933943271636963e-01,7.673524379730224609e+00,5.503798484802246094e+00,7.335839748382568359e+00,4.134639263153076172e+00,4.979211330413818359e+00
1.717863159179687500e+02,8.816441535949707031e+00,4.996441304683685303e-01,2.358025550842285156e+00,1.240580081939697266e+00,5.002538204193115234e+00,1.222009897232055664e+00,2.654596090316772461e+00,9.176178574562072754e-01,6.064272403717041016e+00,5.299899101257324219e+00,5.222759246826171875e-01,7.696431159973144531e+00,5.606873989105224609e+00,7.311770439147949219e+00,4.131538391113281250e+00,4.978161811828613281e+00
1.722871398925781250e+02,8.783124923706054688e+00,5.217790603637695312e-01,2.389328718185424805e+00,1.280544161796569824e+00,4.969420909881591797e+00,1.227215290069580078e+00,2.682433843612670898e+00,9.269808530807495117e-01,6.066375255584716797e+00,5.299813270568847656e+00,6.270174980163574219e-01,7.749085903167724609e+00,5.663132667541503906e+00,7.299059867858886719e+00,4.127123355865478516e+00,4.977177619934082031e+00
1.727879791259765625e+02,8.714114189147949219e+00,5.847940444946289062e-01,2.425600051879882812e+00,1.336774945259094238e+00,4.957707881927490234e+00,1.245961070060729980e+00,2.703617811203002930e+00,9.393579959869384766e-01,6.069910526275634766e+00,5.300165176391601562e+00,8.319849967956542969e-01,7.837735652923583984e+00,5.694672107696533203e+00,7.292159080505371094e+00,4.121405124664306641e+00,4.976079940795898438e+00
1.732888183593750000e+02,8.486457824707031250e+00,1.138109445571899414e+00,2.476185083389282227e+00,1.485042333602905273e+00,4.963577747344970703e+00,1.297136783599853516e+00,2.721880912780761719e+00,9.526770710945129395e-01,6.074535846710205078e+00,5.300885200500488281e+00,1.534152865409851074e+00,7.977673530578613281e+00,5.702335834503173828e+00,7.287769794464111328e+00,4.114731788635253906e+00,4.974850177764892578e+00
1.737896423339843750e+02,8.415334701538085938e+00,5.624319076538085938e+00,2.577873229980468750e+00,1.473552584648132324e+00,4.953767776489257812e+00,1.262792229652404785e+00,2.730332374572753906e+00,9.345052242279052734e-01,6.079380035400390625e+00,5.301646709442138672e+00,1.463797926902770996e+00,8.183835983276367188e+00,5.724525451660156250e+00,7.290117740631103516e+00,4.108174800872802734e+00,4.973765373229980469e+00
1.742904815673828125e+02,8.564134597778320312e+00,7.431177616119384766e+00,2.638273477554321289e+00,1.291952371597290039e+00,4.923800945281982422e+00,1.214637637138366699e+00,2.738670349121093750e+00,9.315961003303527832e-01,6.084864616394042969e+00,5.302733421325683594e+00,1.074568629264831543e+00,8.539419174194335938e+00,5.764446735382080078e+00,7.291467666625976562e+00,4.101041316986083984e+00,4.972536087036132812e+00
1.747913208007812500e+02,8.341993331909179688e+00,8.071135520935058594e+00,2.774204492568969727e+00,1.285720467567443848e+00,4.916032314300537109e+00,1.213097810745239258e+00,2.747386932373046875e+00,9.332642555236816406e-01,6.090570926666259766e+00,5.303952217102050781e+00,1.251801133155822754e+00,9.030044555664062500e+00,5.774351596832275391e+00,7.292560577392578125e+00,4.093734264373779297e+00,4.971240520477294922e+00
1.752921600341796875e+02,6.425865173339843750e+00,6.596766471862792969e+00,2.805790424346923828e+00,1.308252692222595215e+00,4.920795440673828125e+00,1.221000313758850098e+00,2.754656791687011719e+00,9.360815286636352539e-01,6.096310138702392578e+00,5.305240154266357422e+00,3.669928073883056641e+00,9.128016471862792969e+00,5.786904811859130859e+00,7.291606903076171875e+00,4.086498737335205078e+00,4.969953060150146484e+00
1.757929840087890625e+02,5.423490047454833984e+00,5.449214458465576172e+00,2.826380014419555664e+00,1.333644628524780273e+00,4.922731876373291016e+00,1.229752302169799805e+00,2.760521888732910156e+00,9.385322332382202148e-01,6.101932525634765625e+00,5.306545257568359375e+00,4.703274250030517578e+00,9.198072433471679688e+00,5.791543960571289062e+00,7.289457321166992188e+00,4.079466819763183594e+00,4.968703746795654297e+00
1.762938232421875000e+02,5.144609928131103516e+00,5.153680324554443359e+00,2.749036788940429688e+00,1.370944857597351074e+00,4.919476032257080078e+00,1.245089173316955566e+00,2.766786336898803711e+00,9.423888921737670898e-01,6.107384204864501953e+00,5.307844638824462891e+00,4.907400131225585938e+00,8.937341690063476562e+00,5.783363342285156250e+00,7.289659500122070312e+00,4.072708129882812500e+00,4.967503547668457031e+00
1.767946624755859375e+02,5.051404476165771484e+00,5.056028842926025391e+00,2.633039951324462891e+00,1.411603093147277832e+00,4.912480354309082031e+00,1.259563565254211426e+00,2.772290945053100586e+00,9.452747702598571777e-01,6.112577438354492188e+00,5.309094429016113281e+00,4.967857360839843750e+00,8.566840171813964844e+00,5.770867824554443359e+00,7.290372371673583984e+00,4.066297531127929688e+00,4.966363906860351562e+00
1.772954864501953125e+02,5.018448829650878906e+00,5.020613670349121094e+00,2.568956375122070312e+00,1.463685154914855957e+00,4.906435489654541016e+00,1.276869773864746094e+00,2.777660369873046875e+00,9.482316970825195312e-01,6.117492198944091797e+00,5.310290813446044922e+00,4.988558769226074219e+00,8.425502777099609375e+00,5.759044170379638672e+00,7.292248249053955078e+00,4.060258388519287109e+00,4.965287685394287109e+00
1.777963256835937500e+02,5.006634235382080078e+00,5.007575511932373047e+00,2.506046056747436523e+00,1.537660598754882812e+00,4.902203559875488281e+00,1.298282146453857422e+00,2.782779216766357422e+00,9.512211680412292480e-01,6.122111320495605469e+00,5.311429023742675781e+00,4.995901584625244141e+00,8.352958679199218750e+00,5.749047279357910156e+00,7.294620990753173828e+00,4.054603576660156250e+00,4.964284896850585938e+00
1.782971649169921875e+02,5.002385139465332031e+00,5.002774238586425781e+00,2.420979976654052734e+00,1.655483007431030273e+00,4.900266647338867188e+00,1.322740554809570312e+00,2.787633419036865234e+00,9.536954164505004883e-01,6.126421451568603516e+00,5.312494277954101562e+00,4.998533248901367188e+00,8.319259643554687500e+00,5.739496707916259766e+00,7.297192096710205078e+00,4.049339294433593750e+00,4.963351249694824219e+00
1.787980041503906250e+02,5.000858306884765625e+00,5.001013755798339844e+00,2.280951499938964844e+00,1.862331032752990723e+00,4.902264118194580078e+00,1.343839049339294434e+00,2.792226552963256836e+00,9.546285867691040039e-01,6.130419731140136719e+00,5.313487052917480469e+00,4.999477863311767578e+00,8.321170806884765625e+00,5.727762222290039062e+00,7.299764156341552734e+00,4.044470310211181641e+00,4.962491512298583984e+00
1.792988281250000000e+02,5.000310897827148438e+00,5.000370979309082031e+00,2.044237375259399414e+00,2.224350452423095703e+00,4.905575752258300781e+00,1.348642945289611816e+00,2.796400308609008789e+00,9.532725811004638672e-01,6.134107112884521484e+00,5.314402580261230469e+00,4.999816894531250000e+00,8.365232467651367188e+00,5.716574668884277344e+00,7.302268028259277344e+00,4.039986133575439453e+00,4.961699962615966797e+00
1.797996673583984375e+02,5.000114440917968750e+00,5.000137329101562500e+00,1.714883327484130859e+00,2.789520502090454102e+00,4.901644706726074219e+00,1.328666567802429199e+00,2.799895286560058594e+00,9.501783847808837891e-01,6.137500762939453125e+00,5.315253257751464844e+00,4.999938011169433594e+00,8.449754714965820312e+00,5.715024948120117188e+00,7.304751396179199219e+00,4.035871982574462891e+00,4.960978984832763672e+00
1.803005065917968750e+02,5.000044345855712891e+00,5.000052928924560547e+00,1.383882164955139160e+00,3.514005422592163086e+00,4.886706829071044922e+00,1.291482567787170410e+00,2.802649259567260742e+00,9.465280175209045410e-01,6.140618324279785156e+00,5.316034317016601562e+00,4.999981403350830078e+00,8.554914474487304688e+00,5.725314617156982422e+00,7.307207584381103516e+00,4.032096385955810547e+00,4.960317611694335938e+00
1.808013305664062500e+02,5.000019073486328125e+00,5.000022411346435547e+00,1.141614317893981934e+00,4.240361213684082031e+00,4.865860462188720703e+00,1.254627108573913574e+00,2.804932832717895508e+00,9.432898759841918945e-01,6.143475532531738281e+00,5.316747665405273438e+00,4.999997138977050781e+00,8.656540870666503906e+00,5.739472866058349609e+00,7.309505939483642578e+00,4.028635978698730469e+00,4.959709167480468750e+00
1.813021697998046875e+02,5.000010013580322266e+00,5.000010967254638672e+00,9.994727373123168945e-01,4.835207939147949219e+00,4.845464706420898438e+00,1.231330513954162598e+00,2.807127952575683594e+00,9.411683082580566406e-01,6.146094799041748047e+00,5.317410469055175781e+00,5.000002384185791016e+00,8.738630294799804688e+00,5.749868392944335938e+00,7.311462402343750000e+00,4.025464057922363281e+00,4.959155082702636719e+00
1.818030090332031250e+02,5.000007152557373047e+00,5.000007629394531250e+00,9.242399930953979492e-01,5.283283710479736328e+00,4.827353477478027344e+00,1.223906159400939941e+00,2.809390068054199219e+00,9.403204917907714844e-01,6.148490428924560547e+00,5.318017005920410156e+00,5.000004291534423828e+00,8.796161651611328125e+00,5.755386829376220703e+00,7.312977790832519531e+00,4.022563934326171875e+00,4.958643913269042969e+00
1.823038330078125000e+02,5.000005722045898438e+00,5.000005722045898438e+00,8.850536346435546875e-01,5.622683525085449219e+00,4.809962749481201172e+00,1.228743195533752441e+00,2.811670541763305664e+00,9.404155015945434570e-01,6.150676727294921875e+00,5.318570137023925781e+00,5.000005245208740234e+00,8.832671165466308594e+00,5.758591651916503906e+00,7.314105033874511719e+00,4.019915580749511719e+00,4.958174705505371094e+00
1.828046722412109375e+02,5.000005245208740234e+00,5.000005722045898438e+00,8.642851114273071289e-01,5.887863159179687500e+00,4.790576457977294922e+00,1.242324709892272949e+00,2.813872575759887695e+00,9.410157203674316406e-01,6.152670383453369141e+00,5.319080352783203125e+00,5.000005245208740234e+00,8.854175567626953125e+00,5.762578487396240234e+00,7.314935207366943359e+00,4.017504215240478516e+00,4.957750320434570312e+00
1.833055114746093750e+02,5.000005245208740234e+00,5.000005245208740234e+00,8.531377315521240234e-01,6.101189136505126953e+00,4.765727043151855469e+00,1.263275027275085449e+00,2.815931797027587891e+00,9.418190717697143555e-01,6.154483318328857422e+00,5.319542884826660156e+00,5.000005245208740234e+00,8.864871025085449219e+00,5.770618438720703125e+00,7.315512180328369141e+00,4.015310764312744141e+00,4.957364559173583984e+00
1.838063507080078125e+02,5.000005245208740234e+00,5.000005245208740234e+00,8.471705317497253418e-01,6.276093006134033203e+00,4.730517864227294922e+00,1.292031407356262207e+00,2.817822456359863281e+00,9.426295161247253418e-01,6.156130790710449219e+00,5.319963932037353516e+00,5.000005245208740234e+00,8.867781639099121094e+00,5.786664009094238281e+00,7.315861701965332031e+00,4.013319015502929688e+00,4.957014083862304688e+00
1.843071746826171875e+02,5.000005245208740234e+00,5.000005245208740234e+00,8.440782427787780762e-01,6.421443939208984375e+00,4.678423881530761719e+00,1.330706119537353516e+00,2.819542169570922852e+00,9.433386921882629395e-01,6.157624721527099609e+00,5.320343494415283203e+00,5.000005245208740234e+00,8.864112854003906250e+00,5.815402030944824219e+00,7.315983295440673828e+00,4.011515140533447266e+00,4.956694126129150391e+00
1.848080139160156250e+02,5.000005245208740234e+00,5.000005245208740234e+00,8.427624702453613281e-01,6.542846202850341797e+00,4.601506710052490234e+00,1.382719278335571289e+00,2.821103811264038086e+00,9.438706636428833008e-01,6.158978939056396484e+00,5.320693016052246094e+00,5.000005245208740234e+00,8.854297637939453125e+00,5.861510753631591797e+00,7.315879344940185547e+00,4.009881019592285156e+00,4.956409931182861328e+00
1.853088531494140625e+02,5.000005245208740234e+00,5.000005245208740234e+00,8.429498672485351562e-01,6.644945621490478516e+00,4.491512775421142578e+00,1.453140616416931152e+00,2.822524070739746094e+00,9.441929459571838379e-01,6.160202980041503906e+00,5.321007728576660156e+00,5.000005245208740234e+00,8.836785316467285156e+00,5.928493976593017578e+00,7.315513134002685547e+00,4.008404254913330078e+00,4.956150054931640625e+00
1.858096771240234375e+02,5.000005245208740234e+00,5.000005245208740234e+00,8.449145555496215820e-01,6.730789661407470703e+00,4.341185092926025391e+00,1.548124790191650391e+00,2.823812007904052734e+00,9.442394375801086426e-01,6.161308765411376953e+00,5.321289539337158203e+00,5.000005245208740234e+00,8.809581756591796875e+00,6.017215728759765625e+00,7.314860820770263672e+00,4.007071018218994141e+00,4.955912590026855469e+00
1.863105163574218750e+02,5.000005245208740234e+00,5.000005245208740234e+00,8.494407534599304199e-01,6.802148818969726562e+00,4.146627426147460938e+00,1.674729347229003906e+00,2.824972629547119141e+00,9.439637660980224609e-01,6.162306785583496094e+00,5.321548938751220703e+00,5.000005245208740234e+00,8.770372390747070312e+00,6.124509811401367188e+00,7.313914775848388672e+00,4.005867958068847656e+00,4.955704212188720703e+00
1.868113555908203125e+02,5.000005245208740234e+00,5.000005245208740234e+00,8.576871156692504883e-01,6.860683917999267578e+00,3.910386323928833008e+00,1.840284109115600586e+00,2.825975656509399414e+00,9.433423876762390137e-01,6.163208007812500000e+00,5.321781158447265625e+00,5.000005245208740234e+00,8.715026855468750000e+00,6.242652416229248047e+00,7.312643051147460938e+00,4.004784107208251953e+00,4.955513954162597656e+00
1.873121795654296875e+02,5.000005245208740234e+00,5.000005245208740234e+00,8.712447881698608398e-01,6.906898021697998047e+00,3.644232749938964844e+00,2.049829483032226562e+00,2.826758146286010742e+00,9.423868656158447266e-01,6.164017200469970703e+00,5.321987628936767578e+00,5.000005245208740234e+00,8.638959884643554688e+00,6.359720230102539062e+00,7.311041355133056641e+00,4.003809452056884766e+00,4.955340862274169922e+00
1.878130187988281250e+02,5.000005245208740234e+00,5.000005245208740234e+00,8.924449086189270020e-01,6.940170764923095703e+00,3.370102882385253906e+00,2.303245782852172852e+00,2.827255964279174805e+00,9.412086009979248047e-01,6.164745807647705078e+00,5.322179317474365234e+00,5.000005245208740234e+00,8.537241935729980469e+00,6.461462497711181641e+00,7.309110164642333984e+00,4.002932071685791016e+00,4.955189228057861328e+00
1.883138580322265625e+02,5.000005245208740234e+00,5.000005245208740234e+00,9.250112175941467285e-01,6.960254669189453125e+00,3.116605281829833984e+00,2.594065666198730469e+00,2.827420949935913086e+00,9.400583505630493164e-01,6.165401458740234375e+00,5.322348117828369141e+00,5.000005245208740234e+00,8.403329849243164062e+00,6.534182548522949219e+00,7.306797504425048828e+00,4.002145290374755859e+00,4.955051898956298828e+00
1.888146972656250000e+02,5.000005245208740234e+00,5.000005245208740234e+00,9.767488241195678711e-01,6.966491222381591797e+00,2.912331104278564453e+00,2.909794569015502930e+00,2.827271699905395508e+00,9.392343759536743164e-01,6.165990829467773438e+00,5.322501182556152344e+00,5.000005245208740234e+00,8.230357170104980469e+00,6.566535949707031250e+00,7.304027557373046875e+00,4.001435756683349609e+00,4.954928874969482422e+00
1.893155212402343750e+02,5.000005245208740234e+00,5.000005245208740234e+00,1.066999673843383789e+00,6.959481239318847656e+00,2.780437946319580078e+00,3.236698389053344727e+00,2.826892852783203125e+00,9.390195012092590332e-01,6.166520118713378906e+00,5.322636127471923828e+00,5.000005245208740234e+00,8.007676124572753906e+00,6.549859046936035156e+00,7.300697803497314453e+00,4.000800609588623047e+00,4.954814434051513672e+00
1.898163604736328125e+02,5.000005245208740234e+00,5.000005245208740234e+00,1.250786900520324707e+00,6.942709445953369141e+00,2.735914468765258789e+00,3.562310218811035156e+00,2.826421499252319336e+00,9.395915269851684570e-01,6.166997432708740234e+00,5.322762489318847656e+00,5.000005245208740234e+00,7.712208271026611328e+00,6.478332042694091797e+00,7.296702384948730469e+00,4.000229358673095703e+00,4.954718112945556641e+00
1.903171997070312500e+02,5.000005245208740234e+00,5.000005245208740234e+00,1.699154734611511230e+00,6.928872108459472656e+00,2.775507688522338867e+00,3.868794441223144531e+00,2.825981855392456055e+00,9.408864378929138184e-01,6.167422294616699219e+00,5.322875022888183594e+00,5.000005245208740234e+00,7.275721073150634766e+00,6.356786251068115234e+00,7.291913509368896484e+00,3.999717473983764648e+00,4.954626560211181641e+00
1.908180236816406250e+02,5.000005245208740234e+00,5.000005245208740234e+00,9.129355430603027344e+00,9.186373710632324219e+00,3.075339317321777344e+00,8.589764237403869629e-01,1.588927030563354492e+00,8.157920837402343750e+00,6.184191226959228516e+00,5.330726146697998047e+00,5.000005245208740234e+00,5.853300094604492188e-01,6.618694782257080078e+00,7.839199066162109375e+00,4.001186847686767578e+00,4.958202838897705078e+00
1.913188629150390625e+02,5.000005245208740234e+00,5.000005245208740234e+00,8.347759246826171875e+00,8.719494819641113281e+00,4.553352355957031250e+00,1.215858221054077148e+00,1.526701688766479492e+00,1.122226953506469727e+00,6.176947116851806641e+00,5.330430030822753906e+00,5.000005245208740234e+00,1.100817680358886719e+00,5.708251476287841797e+00,7.207740783691406250e+00,4.008685111999511719e+00,4.960140228271484375e+00
1.918197021484375000e+02,5.000005245208740234e+00,5.000005245208740234e+00,5.705042362213134766e+00,5.993134021759033203e+00,5.063699245452880859e+00,1.194084644317626953e+00,1.908108592033386230e+00,3.793018460273742676e-01,6.164693832397460938e+00,5.328035354614257812e+00,5.000005245208740234e+00,4.382661342620849609e+00,5.466999530792236328e+00,7.761389732360839844e+00,4.026896953582763672e+00,4.962961196899414062e+00
1.923205413818359375e+02,5.000005245208740234e+00,5.000005245208740234e+00,5.190515041351318359e+00,5.245748996734619141e+00,5.317517280578613281e+00,1.271624922752380371e+00,2.242206811904907227e+00,8.967885375022888184e-01,6.152024745941162109e+00,5.327035427093505859e+00,5.000005245208740234e+00,4.874311923980712891e+00,5.418315410614013672e+00,7.610122203826904297e+00,4.036647319793701172e+00,4.962998390197753906e+00
1.928213653564453125e+02,5.000005245208740234e+00,5.000005245208740234e+00,5.075476646423339844e+00,5.097574234008789062e+00,5.505138397216796875e+00,1.282554745674133301e+00,2.408517360687255859e+00,9.326217174530029297e-01,6.137907505035400391e+00,5.323112010955810547e+00,5.000005245208740234e+00,4.952448368072509766e+00,5.517807960510253906e+00,7.502155303955078125e+00,4.051446437835693359e+00,4.964338302612304688e+00
1.933222045898437500e+02,5.000005245208740234e+00,5.000005245208740234e+00,5.028894901275634766e+00,5.037603378295898438e+00,7.295935153961181641e+00,1.284286499023437500e+00,2.520610809326171875e+00,9.387264847755432129e-01,6.125275611877441406e+00,5.319079875946044922e+00,5.000005245208740234e+00,4.982018470764160156e+00,7.480857372283935547e+00,7.435797214508056641e+00,4.063794136047363281e+00,4.965965747833251953e+00
1.938230438232421875e+02,5.000005245208740234e+00,5.000005245208740234e+00,5.010921955108642578e+00,5.014294147491455078e+00,5.278817653656005859e+00,1.285171747207641602e+00,2.598970413208007812e+00,9.424257278442382812e-01,6.115753650665283203e+00,5.315491676330566406e+00,5.000005245208740234e+00,4.993239879608154297e+00,5.211967468261718750e+00,7.389966011047363281e+00,4.072380065917968750e+00,4.967219829559326172e+00
1.943238677978515625e+02,5.000005245208740234e+00,5.000005245208740234e+00,5.004497528076171875e+00,5.005851268768310547e+00,5.377979755401611328e+00,1.285336494445800781e+00,2.651435136795043945e+00,9.447517991065979004e-01,6.109701633453369141e+00,5.312632560729980469e+00,5.000005245208740234e+00,4.997225761413574219e+00,5.317967891693115234e+00,7.346389770507812500e+00,4.077271461486816406e+00,4.967915534973144531e+00
1.948247070312500000e+02,5.000005245208740234e+00,5.000005245208740234e+00,5.001809597015380859e+00,5.002341270446777344e+00,5.449676990509033203e+00,1.285341620445251465e+00,2.691480159759521484e+00,9.462690353393554688e-01,6.106447696685791016e+00,5.310608863830566406e+00,5.000005245208740234e+00,4.998889923095703125e+00,5.396397590637207031e+00,7.319897651672363281e+00,4.078746795654296875e+00,4.968084812164306641e+00
1.953255462646484375e+02,5.000005245208740234e+00,5.000005245208740234e+00,5.000696182250976562e+00,5.000897884368896484e+00,5.459198474884033203e+00,1.285279870033264160e+00,2.724349260330200195e+00,9.472941160202026367e-01,6.105716228485107422e+00,5.309507369995117188e+00,5.000005245208740234e+00,4.999578475952148438e+00,5.406682491302490234e+00,7.308747291564941406e+00,4.077693462371826172e+00,4.967948913574218750e+00
1.958263702392578125e+02,5.000005245208740234e+00,5.000005245208740234e+00,5.000263214111328125e+00,5.000339031219482422e+00,5.437545776367187500e+00,1.285187244415283203e+00,2.751294851303100586e+00,9.480121135711669922e-01,6.106956005096435547e+00,5.309101104736328125e+00,5.000005245208740234e+00,4.999845981597900391e+00,5.382680892944335938e+00,7.305536746978759766e+00,4.074831962585449219e+00,4.967517375946044922e+00
1.963272094726562500e+02,5.000005245208740234e+00,5.000005245208740234e+00,5.000100135803222656e+00,5.000128746032714844e+00,5.412919998168945312e+00,1.285129904747009277e+00,2.772783279418945312e+00,9.485443830490112305e-01,6.109554290771484375e+00,5.309215545654296875e+00,5.000005245208740234e+00,4.999947071075439453e+00,5.355553150177001953e+00,7.304533958435058594e+00,4.070724487304687500e+00,4.966871261596679688e+00
1.968280487060546875e+02,5.000005245208740234e+00,5.000005245208740234e+00,5.000039577484130859e+00,5.000050544738769531e+00,5.406063079833984375e+00,1.285238146781921387e+00,2.789639472961425781e+00,9.489815235137939453e-01,6.113034725189208984e+00,5.309700489044189453e+00,5.000005245208740234e+00,4.999983787536621094e+00,5.348343372344970703e+00,7.303469181060791016e+00,4.065845012664794922e+00,4.966078758239746094e+00
1.973288879394531250e+02,5.000005245208740234e+00,5.000005245208740234e+00,5.000017642974853516e+00,5.000021934509277344e+00,5.407563686370849609e+00,1.286046981811523438e+00,2.803188085556030273e+00,9.494304656982421875e-01,6.117032051086425781e+00,5.310431480407714844e+00,5.000005245208740234e+00,4.999997615814208984e+00,5.350609779357910156e+00,7.302935600280761719e+00,4.060564994812011719e+00,4.965205192565917969e+00
1.978297119140625000e+02,5.000005245208740234e+00,5.000005245208740234e+00,5.000010013580322266e+00,5.000010967254638672e+00,5.403415679931640625e+00,1.289518952369689941e+00,2.814323663711547852e+00,9.500845670700073242e-01,6.121267795562744141e+00,5.311310291290283203e+00,5.000005245208740234e+00,5.000002861022949219e+00,5.347206592559814453e+00,7.303161621093750000e+00,4.055155277252197266e+00,4.964293003082275391e+00
1.983305511474609375e+02,5.000005245208740234e+00,5.000005245208740234e+00,5.000007152557373047e+00,5.000007629394531250e+00,5.393306255340576172e+00,1.302325844764709473e+00,2.823565959930419922e+00,9.513279199600219727e-01,6.125550270080566406e+00,5.312271118164062500e+00,5.000005245208740234e+00,5.000004291534423828e+00,5.340525150299072266e+00,7.303845882415771484e+00,4.049802780151367188e+00,4.963388919830322266e+00
1.988313903808593750e+02,8.794016838073730469e+00,8.949832320213317871e-01,2.497052907943725586e+00,9.411489486694335938e+00,9.296864509582519531e+00,9.391748428344726562e+00,3.177961826324462891e+00,2.066255569458007812e+00,6.137374401092529297e+00,5.317255496978759766e+00,1.727788299322128296e-01,7.989537715911865234e+00,4.573328197002410889e-01,6.931875228881835938e+00,4.034371376037597656e+00,4.959473609924316406e+00
1.993322143554687500e+02,8.849397659301757812e+00,1.758974790573120117e+00,2.567239999771118164e+00,8.188411712646484375e+00,9.765571355819702148e-01,8.287195205688476562e+00,4.704598903656005859e+00,7.262004852294921875e+00,6.186535358428955078e+00,5.337038993835449219e+00,1.807164251804351807e-01,7.282519340515136719e+00,8.384096145629882812e+00,5.841685295104980469e+00,3.990964889526367188e+00,4.948177337646484375e+00
1.998330535888671875e+02,8.857373237609863281e+00,8.806021809577941895e-01,1.860803127288818359e+00,8.196103572845458984e-01,3.470093250274658203e+00,9.898410439491271973e-01,2.366878509521484375e+00,9.762179255485534668e-01,6.161155223846435547e+00,5.324876308441162109e+00,1.422648727893829346e-01,7.875515937805175781e+00,6.063264846801757812e+00,8.166539192199707031e+00,4.030341148376464844e+00,4.964470386505126953e+00
2.003338928222656250e+02,8.855366706848144531e+00,6.070592999458312988e-01,1.952575087547302246e+00,6.185647249221801758e-01,4.382365703582763672e+00,1.039983987808227539e+00,1.975134134292602539e+00,2.562445998191833496e-01,6.154565811157226562e+00,5.323106288909912109e+00,1.162051409482955933e-01,7.800928592681884766e+00,5.681129455566406250e+00,7.704010963439941406e+00,4.039312362670898438e+00,4.966028213500976562e+00
2.008347320556640625e+02,8.836459159851074219e+00,5.048964619636535645e-01,1.609254002571105957e+00,7.672985196113586426e-01,4.657841682434082031e+00,1.056730151176452637e+00,2.075232505798339844e+00,3.158702850341796875e-01,6.150069713592529297e+00,5.322737216949462891e+00,1.310539990663528442e-01,7.991783142089843750e+00,5.794022560119628906e+00,7.556444168090820312e+00,4.053755283355712891e+00,4.968049526214599609e+00
2.013355560302734375e+02,8.772633552551269531e+00,4.711216986179351807e-01,2.086285829544067383e+00,1.001774191856384277e+00,4.469296932220458984e+00,9.497662782669067383e-01,2.169557809829711914e+00,2.646768987178802490e-01,6.136854171752929688e+00,5.319304466247558594e+00,1.287131160497665405e-01,7.671040534973144531e+00,5.905045032501220703e+00,7.512646198272705078e+00,4.071240901947021484e+00,4.970510005950927734e+00
2.018363952636718750e+02,8.759140968322753906e+00,4.562443494796752930e-01,2.245308399200439453e+00,1.135640382766723633e+00,4.412548065185546875e+00,9.965689778327941895e-01,2.287132501602172852e+00,4.615874886512756348e-01,6.124094963073730469e+00,5.316485404968261719e+00,1.654572486877441406e-01,7.580305576324462891e+00,5.905041694641113281e+00,7.460408210754394531e+00,4.082994937896728516e+00,4.971389293670654297e+00
2.023372344970703125e+02,8.751580238342285156e+00,4.768387079238891602e-01,2.313802957534790039e+00,1.250690698623657227e+00,4.449209213256835938e+00,1.114597797393798828e+00,2.396643400192260742e+00,7.267189621925354004e-01,6.114044666290283203e+00,5.314762115478515625e+00,2.008246332406997681e-01,7.544770717620849609e+00,5.838912487030029297e+00,7.419203281402587891e+00,4.090105533599853516e+00,4.971411705017089844e+00
2.028380584716796875e+02,8.750118255615234375e+00,4.838888645172119141e-01,2.341115713119506836e+00,1.290358304977416992e+00,4.500152111053466797e+00,1.155321002006530762e+00,2.450822830200195312e+00,8.046472072601318359e-01,6.104059696197509766e+00,5.313333034515380859e+00,2.327554970979690552e-01,7.532886028289794922e+00,5.806838989257812500e+00,7.403058528900146484e+00,4.099042892456054688e+00,4.973516464233398438e+00
2.033388977050781250e+02,8.748412132263183594e+00,4.853840768337249756e-01,2.355905294418334961e+00,1.311881184577941895e+00,4.553655147552490234e+00,1.177857637405395508e+00,2.488923788070678711e+00,8.425430059432983398e-01,6.095427513122558594e+00,5.311695575714111328e+00,2.666575014591217041e-01,7.526529788970947266e+00,5.786462783813476562e+00,7.389284133911132812e+00,4.107076644897460938e+00,4.975382804870605469e+00
2.038397369384765625e+02,8.743970870971679688e+00,4.862223267555236816e-01,2.366481781005859375e+00,1.329299211502075195e+00,4.601040840148925781e+00,1.195241570472717285e+00,2.520567893981933594e+00,8.687820434570312500e-01,6.088321208953857422e+00,5.309806823730468750e+00,3.053845167160034180e-01,7.521443367004394531e+00,5.768374919891357422e+00,7.375105381011962891e+00,4.113540649414062500e+00,4.976547718048095703e+00
2.043405609130859375e+02,8.735086441040039062e+00,4.868202805519104004e-01,2.375030517578125000e+00,1.344187974929809570e+00,4.641450405120849609e+00,1.208931803703308105e+00,2.548021793365478516e+00,8.876264095306396484e-01,6.082686424255371094e+00,5.307978630065917969e+00,3.511638045310974121e-01,7.517055511474609375e+00,5.753094196319580078e+00,7.361475944519042969e+00,4.118334293365478516e+00,4.977240562438964844e+00
2.048414001464843750e+02,8.721324920654296875e+00,4.873990118503570557e-01,2.382310152053833008e+00,1.357202410697937012e+00,4.675752162933349609e+00,1.219914913177490234e+00,2.572279930114746094e+00,9.014793634414672852e-01,6.078496456146240234e+00,5.306380748748779297e+00,4.061889350414276123e-01,7.513128757476806641e+00,5.740428447723388672e+00,7.348875522613525391e+00,4.121454715728759766e+00,4.977592468261718750e+00
2.053422393798828125e+02,8.702414512634277344e+00,4.886357486248016357e-01,2.388693809509277344e+00,1.368847012519836426e+00,4.704554557800292969e+00,1.228973865509033203e+00,2.593896865844726562e+00,9.119385480880737305e-01,6.075706005096435547e+00,5.305077075958251953e+00,4.737089574337005615e-01,7.509682655334472656e+00,5.729189395904541016e+00,7.337453842163085938e+00,4.122971057891845703e+00,4.977654457092285156e+00
2.058430786132812500e+02,8.676243782043457031e+00,4.930307269096374512e-01,2.394473791122436523e+00,1.379754543304443359e+00,4.728390216827392578e+00,1.236825466156005859e+00,2.613280773162841797e+00,9.201711416244506836e-01,6.074244499206542969e+00,5.304097652435302734e+00,5.601289272308349609e-01,7.506897449493408203e+00,5.718211174011230469e+00,7.327205657958984375e+00,4.123000144958496094e+00,4.977467060089111328e+00
2.063439025878906250e+02,8.637384414672851562e+00,5.083963274955749512e-01,2.399958610534667969e+00,1.391210436820983887e+00,4.748561859130859375e+00,1.244493007659912109e+00,2.630830049514770508e+00,9.273366928100585938e-01,6.074011325836181641e+00,5.303444862365722656e+00,6.820490956306457520e-01,7.505047798156738281e+00,5.707460880279541016e+00,7.318021774291992188e+00,4.121678829193115234e+00,4.977058410644531250e+00
2.068447418212890625e+02,8.566791534423828125e+00,5.617772340774536133e-01,2.405559301376342773e+00,1.406934022903442383e+00,4.768108367919921875e+00,1.254482388496398926e+00,2.647113323211669922e+00,9.355308413505554199e-01,6.074905872344970703e+00,5.303128719329833984e+00,8.977484703063964844e-01,7.504289627075195312e+00,5.698571205139160156e+00,7.309589862823486328e+00,4.119145393371582031e+00,4.976451396942138672e+00
2.073455810546875000e+02,8.374070167541503906e+00,8.426211476325988770e-01,2.413164138793945312e+00,1.440206050872802734e+00,4.792412757873535156e+00,1.273536205291748047e+00,2.662950754165649414e+00,9.479679465293884277e-01,6.076838493347167969e+00,5.303137302398681641e+00,1.488819956779479980e+00,7.503212451934814453e+00,5.692764282226562500e+00,7.301349639892578125e+00,4.115501880645751953e+00,4.975649833679199219e+00
2.078464050292968750e+02,8.049460411071777344e+00,3.288410902023315430e+00,2.429934740066528320e+00,1.495478868484497070e+00,4.823344230651855469e+00,1.290284276008605957e+00,2.675451993942260742e+00,9.458627104759216309e-01,6.079337120056152344e+00,5.303285121917724609e+00,2.210409879684448242e+00,7.494712352752685547e+00,5.692090034484863281e+00,7.295248508453369141e+00,4.111384391784667969e+00,4.974836349487304688e+00
2.083472442626953125e+02,8.081086158752441406e+00,5.990948200225830078e+00,2.415872573852539062e+00,1.420743823051452637e+00,4.833882331848144531e+00,1.257388591766357422e+00,2.683719396591186523e+00,9.363135099411010742e-01,6.082365512847900391e+00,5.303623676300048828e+00,1.832738041877746582e+00,7.498819828033447266e+00,5.718813419342041016e+00,7.291934013366699219e+00,4.106860160827636719e+00,4.974016666412353516e+00
2.088480834960937500e+02,8.219619750976562500e+00,7.328883647918701172e+00,2.411991834640502930e+00,1.389887571334838867e+00,4.847542762756347656e+00,1.248078107833862305e+00,2.693916320800781250e+00,9.357531666755676270e-01,6.086006164550781250e+00,5.304219245910644531e+00,1.530350804328918457e+00,7.505136489868164062e+00,5.731496810913085938e+00,7.288976192474365234e+00,4.101702690124511719e+00,4.973081111907958984e+00
2.093489074707031250e+02,7.982302188873291016e+00,7.785152912139892578e+00,2.429432868957519531e+00,1.390675187110900879e+00,4.864950656890869141e+00,1.249383330345153809e+00,2.704427242279052734e+00,9.373999834060668945e-01,6.089999198913574219e+00,5.304932117462158203e+00,1.776600956916809082e+00,7.559689521789550781e+00,5.739219188690185547e+00,7.287339210510253906e+00,4.096165657043457031e+00,4.972047328948974609e+00
2.098497467041015625e+02,6.276070117950439453e+00,6.419290542602539062e+00,2.461079359054565430e+00,1.397359371185302734e+00,4.885076045989990234e+00,1.252855062484741211e+00,2.714725732803344727e+00,9.394260048866271973e-01,6.094253540039062500e+00,5.305769443511962891e+00,3.878844976425170898e+00,7.660465717315673828e+00,5.749938964843750000e+00,7.287281990051269531e+00,4.090432167053222656e+00,4.970998764038085938e+00
2.103505859375000000e+02,5.396427631378173828e+00,5.437860488891601562e+00,2.511612415313720703e+00,1.404406905174255371e+00,4.899454593658447266e+00,1.256377577781677246e+00,2.724400758743286133e+00,9.412484169006347656e-01,6.098660945892333984e+00,5.306676864624023438e+00,4.725983142852783203e+00,7.829202651977539062e+00,5.754105091094970703e+00,7.287924766540527344e+00,4.084622859954833984e+00,4.969941139221191406e+00
2.108514251708984375e+02,5.137917518615722656e+00,5.153882026672363281e+00,2.592541933059692383e+00,1.411585211753845215e+00,4.910522937774658203e+00,1.259903907775878906e+00,2.733477830886840820e+00,9.428961873054504395e-01,6.103129386901855469e+00,5.307628154754638672e+00,4.911840915679931641e+00,8.107765197753906250e+00,5.755125999450683594e+00,7.289120197296142578e+00,4.078824043273925781e+00,4.968892097473144531e+00
2.113522491455078125e+02,5.049718379974365234e+00,5.056938171386718750e+00,2.725288629531860352e+00,1.419687032699584961e+00,4.919374942779541016e+00,1.263825893402099609e+00,2.741973400115966797e+00,9.444983601570129395e-01,6.107589244842529297e+00,5.308605194091796875e+00,4.968921661376953125e+00,8.573570251464843750e+00,5.754237651824951172e+00,7.290639400482177734e+00,4.073107719421386719e+00,4.967856407165527344e+00
2.118530883789062500e+02,5.018216133117675781e+00,5.021370410919189453e+00,2.900287389755249023e+00,1.430141210556030273e+00,4.927497386932373047e+00,1.268758773803710938e+00,2.749773740768432617e+00,9.462147951126098633e-01,6.111981391906738281e+00,5.309591293334960938e+00,4.988703250885009766e+00,9.196265220642089844e+00,5.753203868865966797e+00,7.291888713836669922e+00,4.067529201507568359e+00,4.966853141784667969e+00
2.123539276123046875e+02,5.006899833679199219e+00,5.008178710937500000e+00,2.870618343353271484e+00,1.439086198806762695e+00,4.943165302276611328e+00,1.271928668022155762e+00,2.755454778671264648e+00,9.469649195671081543e-01,6.116253376007080078e+00,5.310570240020751953e+00,4.995737552642822266e+00,9.099561691284179688e+00,5.765099048614501953e+00,7.289275169372558594e+00,4.062149047851562500e+00,4.965893745422363281e+00
2.128547515869140625e+02,5.002563476562500000e+00,5.003069400787353516e+00,2.870131492614746094e+00,1.458943605422973633e+00,4.940539360046386719e+00,1.280292987823486328e+00,2.762006998062133789e+00,9.491347670555114746e-01,6.120376586914062500e+00,5.311529159545898438e+00,4.998423576354980469e+00,9.122741699218750000e+00,5.750188350677490234e+00,7.289671421051025391e+00,4.056966304779052734e+00,4.964964866638183594e+00
2.133555908203125000e+02,5.000946521759033203e+00,5.001145362854003906e+00,2.696918487548828125e+00,1.488065361976623535e+00,4.936668395996093750e+00,1.291245222091674805e+00,2.768063545227050781e+00,9.514017105102539062e-01,6.124331951141357422e+00,5.312464237213134766e+00,4.999423503875732422e+00,8.554528236389160156e+00,5.734644889831542969e+00,7.290123939514160156e+00,4.052031993865966797e+00,4.964086532592773438e+00
2.138564300537109375e+02,5.000348567962646484e+00,5.000424861907958984e+00,2.624502897262573242e+00,1.529095649719238281e+00,4.930885791778564453e+00,1.304482936859130859e+00,2.774117708206176758e+00,9.536499381065368652e-01,6.128088951110839844e+00,5.313361644744873047e+00,4.999793052673339844e+00,8.384409904479980469e+00,5.718366146087646484e+00,7.292128086090087891e+00,4.047359943389892578e+00,4.963252067565917969e+00
2.143572692871093750e+02,5.000129699707031250e+00,5.000158309936523438e+00,2.559841632843017578e+00,1.594563603401184082e+00,4.927309989929199219e+00,1.323341131210327148e+00,2.780010223388671875e+00,9.563853740692138672e-01,6.131647109985351562e+00,5.314217567443847656e+00,4.999928474426269531e+00,8.303949356079101562e+00,5.705483913421630859e+00,7.294668197631835938e+00,4.042953491210937500e+00,4.962467670440673828e+00
2.148580932617187500e+02,5.000050544738769531e+00,5.000061035156250000e+00,2.474227905273437500e+00,1.708199143409729004e+00,4.926096916198730469e+00,1.347540140151977539e+00,2.785641670227050781e+00,9.589132070541381836e-01,6.134992122650146484e+00,5.315023899078369141e+00,4.999978065490722656e+00,8.268535614013671875e+00,5.694716453552246094e+00,7.297398567199707031e+00,4.038825035095214844e+00,4.961733818054199219e+00
2.153589324951171875e+02,5.000021457672119141e+00,5.000025272369384766e+00,2.328675985336303711e+00,1.924495577812194824e+00,4.928698539733886719e+00,1.370371699333190918e+00,2.790975809097290039e+00,9.597476124763488770e-01,6.138115406036376953e+00,5.315788745880126953e+00,4.999995231628417969e+00,8.273452758789062500e+00,5.682704448699951172e+00,7.300145626068115234e+00,4.034984111785888672e+00,4.961054325103759766e+00
2.158597717285156250e+02,5.000010967254638672e+00,5.000012874603271484e+00,2.071215152740478516e+00,2.324886798858642578e+00,4.932071685791015625e+00,1.374875426292419434e+00,2.795765638351440430e+00,9.576342105865478516e-01,6.141014099121093750e+00,5.316495418548583984e+00,5.000001907348632812e+00,8.327328681945800781e+00,5.671730995178222656e+00,7.302867889404296875e+00,4.031431198120117188e+00,4.960429668426513672e+00
2.163605957031250000e+02,5.000007629394531250e+00,5.000008106231689453e+00,1.712036371231079102e+00,2.954829454421997070e+00,4.926007747650146484e+00,1.349647760391235352e+00,2.799690485000610352e+00,9.534124135971069336e-01,6.143694877624511719e+00,5.317148685455322266e+00,5.000004291534423828e+00,8.426239013671875000e+00,5.672362327575683594e+00,7.305627346038818359e+00,4.028156280517578125e+00,4.959856033325195312e+00
2.168614349365234375e+02,5.000005722045898438e+00,5.000006198883056641e+00,1.366653323173522949e+00,3.734395742416381836e+00,4.907701969146728516e+00,1.306119441986083984e+00,2.802791833877563477e+00,9.488576054573059082e-01,6.146171092987060547e+00,5.317762851715087891e+00,5.000004768371582031e+00,8.543826103210449219e+00,5.685489177703857422e+00,7.308374881744384766e+00,4.025136947631835938e+00,4.959329128265380859e+00
2.173622741699218750e+02,5.000005722045898438e+00,5.000005722045898438e+00,1.128690361976623535e+00,4.471929550170898438e+00,4.884553432464599609e+00,1.266413211822509766e+00,2.805470705032348633e+00,9.451779723167419434e-01,6.148452281951904297e+00,5.318326950073242188e+00,5.000005245208740234e+00,8.652014732360839844e+00,5.700782775878906250e+00,7.310908317565917969e+00,4.022356033325195312e+00,4.958841800689697266e+00
2.178630981445312500e+02,5.000005245208740234e+00,5.000005245208740234e+00,9.959251284599304199e-01,5.047195911407470703e+00,4.863205432891845703e+00,1.243773937225341797e+00,2.808125019073486328e+00,9.430074095726013184e-01,6.150555133819580078e+00,5.318848133087158203e+00,5.000005245208740234e+00,8.733927726745605469e+00,5.711043834686279297e+00,7.313026428222656250e+00,4.019795894622802734e+00,4.958390712738037109e+00
2.183639373779296875e+02,5.000005245208740234e+00,5.000005245208740234e+00,9.279422163963317871e-01,5.469412326812744141e+00,4.844488143920898438e+00,1.238342285156250000e+00,2.810853719711303711e+00,9.422802329063415527e-01,6.152486324310302734e+00,5.319334983825683594e+00,5.000005245208740234e+00,8.787251472473144531e+00,5.716586112976074219e+00,7.314704895019531250e+00,4.017446994781494141e+00,4.957977771759033203e+00
2.188647766113281250e+02,5.000005245208740234e+00,5.000005245208740234e+00,8.934798836708068848e-01,5.785804748535156250e+00,4.826148986816406250e+00,1.245505571365356445e+00,2.813553571701049805e+00,9.425099492073059082e-01,6.154254436492919922e+00,5.319778919219970703e+00,5.000005245208740234e+00,8.818121910095214844e+00,5.720597743988037109e+00,7.316023349761962891e+00,4.015295982360839844e+00,4.957599163055419922e+00
2.193656158447265625e+02,5.000005245208740234e+00,5.000005245208740234e+00,8.759127855300903320e-01,6.031523227691650391e+00,4.804960727691650391e+00,1.261879324913024902e+00,2.816119909286499023e+00,9.432097673416137695e-01,6.155871868133544922e+00,5.320188999176025391e+00,5.000005245208740234e+00,8.833989143371582031e+00,5.726441383361816406e+00,7.317079544067382812e+00,4.013333320617675781e+00,4.957251071929931641e+00
2.198664398193359375e+02,5.000005245208740234e+00,5.000005245208740234e+00,8.670560717582702637e-01,6.227816104888916016e+00,4.776463508605957031e+00,1.286645412445068359e+00,2.818497657775878906e+00,9.440599679946899414e-01,6.157345771789550781e+00,5.320560455322265625e+00,5.000005245208740234e+00,8.839855194091796875e+00,5.738084793090820312e+00,7.317930698394775391e+00,4.011543750762939453e+00,4.956933975219726562e+00
2.203672790527343750e+02,5.000005245208740234e+00,5.000005245208740234e+00,8.627136349678039551e-01,6.387115955352783203e+00,4.733998775482177734e+00,1.321088433265686035e+00,2.820674419403076172e+00,9.448572993278503418e-01,6.158686637878417969e+00,5.320902824401855469e+00,5.000005245208740234e+00,8.838864326477050781e+00,5.760782718658447266e+00,7.318606853485107422e+00,4.009918689727783203e+00,4.956650257110595703e+00
2.208681182861328125e+02,5.000005245208740234e+00,5.000005245208740234e+00,8.607263565063476562e-01,6.518117904663085938e+00,4.668794631958007812e+00,1.368473052978515625e+00,2.822660446166992188e+00,9.454889893531799316e-01,6.159904479980468750e+00,5.321213245391845703e+00,5.000005245208740234e+00,8.831507682800292969e+00,5.800749778747558594e+00,7.319099426269531250e+00,4.008442878723144531e+00,4.956390380859375000e+00
2.213689422607421875e+02,5.000005245208740234e+00,5.000005245208740234e+00,8.602656722068786621e-01,6.626702785491943359e+00,4.570887088775634766e+00,1.433690071105957031e+00,2.824473619461059570e+00,9.458795189857482910e-01,6.161008834838867188e+00,5.321492671966552734e+00,5.000005245208740234e+00,8.817340850830078125e+00,5.863411903381347656e+00,7.319388866424560547e+00,4.007108211517333984e+00,4.956152439117431641e+00
2.218697814941406250e+02,5.000005245208740234e+00,5.000005245208740234e+00,8.614699244499206543e-01,6.716759681701660156e+00,4.431159496307373047e+00,1.522888064384460449e+00,2.826141834259033203e+00,9.459520578384399414e-01,6.162009716033935547e+00,5.321750640869140625e+00,5.000005245208740234e+00,8.795389175415039062e+00,5.951270103454589844e+00,7.319477081298828125e+00,4.005900382995605469e+00,4.955942153930664062e+00
2.223706207275390625e+02,5.000005245208740234e+00,5.000005245208740234e+00,8.651238083839416504e-01,6.791680335998535156e+00,4.244255542755126953e+00,1.643328785896301270e+00,2.827668428421020508e+00,9.456571936607360840e-01,6.162913322448730469e+00,5.321983337402343750e+00,5.000005245208740234e+00,8.762925148010253906e+00,6.062056064605712891e+00,7.319321632385253906e+00,4.004807472229003906e+00,4.955749034881591797e+00
2.228714599609375000e+02,5.000005245208740234e+00,5.000005245208740234e+00,8.724575638771057129e-01,6.853281974792480469e+00,4.011821746826171875e+00,1.801769733428955078e+00,2.829038143157958984e+00,9.449489712715148926e-01,6.163727760314941406e+00,5.322192668914794922e+00,5.000005245208740234e+00,8.716897964477539062e+00,6.187820434570312500e+00,7.318918228149414062e+00,4.003823757171630859e+00,4.955576896667480469e+00
2.233722839355468750e+02,5.000005245208740234e+00,5.000005245208740234e+00,8.850469589233398438e-01,6.902616977691650391e+00,3.745658874511718750e+00,2.002711772918701172e+00,2.830200433731079102e+00,9.438561797142028809e-01,6.164463520050048828e+00,5.322377204895019531e+00,5.000005245208740234e+00,8.652986526489257812e+00,6.315804958343505859e+00,7.318253993988037109e+00,4.002937316894531250e+00,4.955420494079589844e+00
2.238731231689453125e+02,5.000005245208740234e+00,5.000005245208740234e+00,9.049496650695800781e-01,6.939266204833984375e+00,3.468206882476806641e+00,2.245166063308715820e+00,2.831091642379760742e+00,9.424839615821838379e-01,6.165125370025634766e+00,5.322551727294921875e+00,5.000005245208740234e+00,8.566477775573730469e+00,6.430855274200439453e+00,7.317335605621337891e+00,4.002140522003173828e+00,4.955280780792236328e+00
2.243739624023437500e+02,5.000005245208740234e+00,5.000005245208740234e+00,9.351379871368408203e-01,6.963057994842529297e+00,3.208396911621093750e+00,2.521745681762695312e+00,2.831670761108398438e+00,9.410712122917175293e-01,6.165720939636230469e+00,5.322705268859863281e+00,5.000005245208740234e+00,8.450819969177246094e+00,6.518914699554443359e+00,7.316107749938964844e+00,4.001422882080078125e+00,4.955156803131103516e+00
2.248747863769531250e+02,5.000005245208740234e+00,5.000005245208740234e+00,9.816659092903137207e-01,6.973501682281494141e+00,2.994096517562866211e+00,2.819506883621215820e+00,2.831960439682006836e+00,9.398945569992065430e-01,6.166255474090576172e+00,5.322841644287109375e+00,5.000005245208740234e+00,8.298728942871093750e+00,6.569181919097900391e+00,7.314508438110351562e+00,4.000780105590820312e+00,4.955040454864501953e+00
2.253756256103515625e+02,5.000005245208740234e+00,5.000005245208740234e+00,1.059547901153564453e+00,6.970685482025146484e+00,2.846166372299194336e+00,3.124277830123901367e+00,2.832040548324584961e+00,9.392177462577819824e-01,6.166738033294677734e+00,5.322967529296875000e+00,5.000005245208740234e+00,8.100127220153808594e+00,6.574183464050292969e+00,7.312447547912597656e+00,4.000200748443603516e+00,4.954942703247070312e+00
2.258764648437500000e+02,5.000005245208740234e+00,5.000005245208740234e+00,1.209345102310180664e+00,6.958263397216796875e+00,2.776207208633422852e+00,3.424943685531616211e+00,2.832013845443725586e+00,9.392030239105224609e-01,6.167170524597167969e+00,5.323081016540527344e+00,5.000005245208740234e+00,7.834286212921142578e+00,6.529265403747558594e+00,7.309816360473632812e+00,3.999681234359741211e+00,4.954851627349853516e+00
2.263772888183593750e+02,5.000005245208740234e+00,5.000005245208740234e+00,1.552978634834289551e+00,6.945696353912353516e+00,2.782099962234497070e+00,3.707698583602905273e+00,2.831984043121337891e+00,9.398290514945983887e-01,6.167558193206787109e+00,5.323178768157958984e+00,5.000005245208740234e+00,7.448842048645019531e+00,6.436180591583251953e+00,7.306522846221923828e+00,3.999215364456176758e+00,4.954767227172851562e+00
2.268781280517578125e+02,5.000005245208740234e+00,5.000005245208740234e+00,2.434505701065063477e+00,6.949008941650390625e+00,2.832416057586669922e+00,3.942376375198364258e+00,2.832000970840454102e+00,9.408685564994812012e-01,6.167907238006591797e+00,5.323271274566650391e+00,5.000005245208740234e+00,6.804836750030517578e+00,6.316777229309082031e+00,7.302498340606689453e+00,3.998796701431274414e+00,4.954696655273437500e+00
2.273789672851562500e+02,5.000005245208740234e+00,5.000005245208740234e+00,4.017672061920166016e+00,6.904283523559570312e+00,2.901420593261718750e+00,4.095315933227539062e+00,2.831710100173950195e+00,9.419174790382385254e-01,6.168217658996582031e+00,5.323356151580810547e+00,5.000005245208740234e+00,5.796564579010009766e+00,6.202284812927246094e+00,7.297882556915283203e+00,3.998425245285034180e+00,4.954628944396972656e+00
2.278798065185546875e+02,5.000005245208740234e+00,5.000005245208740234e+00,4.971957206726074219e+00,6.519728660583496094e+00,3.223922252655029297e+00,4.332281589508056641e+00,2.831249475479125977e+00,9.424505829811096191e-01,6.168495178222656250e+00,5.323426723480224609e+00,5.000005245208740234e+00,5.065270900726318359e+00,5.982454776763916016e+00,7.292771816253662109e+00,3.998091459274291992e+00,4.954571723937988281e+00
2.283806304931640625e+02,5.000005245208740234e+00,5.000005245208740234e+00,5.071281433105468750e+00,5.829719543457031250e+00,4.214995384216308594e+00,4.975702762603759766e+00,2.831248283386230469e+00,9.379757642745971680e-01,6.168744087219238281e+00,5.323488712310791016e+00,5.000005245208740234e+00,4.955904006958007812e+00,5.401560783386230469e+00,7.287185192108154297e+00,3.997793436050415039e+00,4.954516887664794922e+00
2.288814697265625000e+02,5.000005245208740234e+00,5.000005245208740234e+00,5.043156623840332031e+00,5.344195365905761719e+00,5.302756786346435547e+00,5.624178409576416016e+00,2.828563928604125977e+00,9.248449206352233887e-01,6.168963909149169922e+00,5.323547840118408203e+00,5.000005245208740234e+00,4.973126888275146484e+00,4.731728076934814453e+00,7.282993316650390625e+00,3.997532129287719727e+00,4.954474925994873047e+00
2.293823089599609375e+02,5.000005245208740234e+00,5.000005245208740234e+00,5.021446704864501953e+00,5.128769397735595703e+00,5.498476505279541016e+00,5.631378173828125000e+00,2.824216842651367188e+00,9.124556183815002441e-01,6.169158935546875000e+00,5.323598384857177734e+00,5.000005245208740234e+00,4.986742496490478516e+00,4.640289306640625000e+00,7.278351783752441406e+00,3.997299432754516602e+00,4.954434394836425781e+00
2.298831329345703125e+02,5.000005245208740234e+00,5.000005245208740234e+00,8.813384056091308594e+00,1.336158633232116699e+00,2.399136066436767578e+00,1.615619659423828125e+00,4.956491470336914062e+00,8.104110717773437500e+00,6.174129009246826172e+00,5.326128959655761719e+00,5.000005245208740234e+00,4.044978141784667969e+00,7.297856807708740234e+00,5.386608123779296875e+00,3.995731353759765625e+00,4.954945087432861328e+00
2.303839721679687500e+02,5.000005245208740234e+00,5.000005245208740234e+00,4.693806171417236328e+00,1.757489919662475586e+00,3.670928239822387695e+00,1.246451377868652344e+00,1.316011309623718262e+00,6.510603427886962891e+00,6.175443649291992188e+00,5.326883316040039062e+00,5.000005245208740234e+00,6.374936580657958984e+00,6.282246589660644531e+00,7.907129764556884766e+00,3.997190475463867188e+00,4.955613136291503906e+00
2.308848114013671875e+02,5.000005245208740234e+00,5.000005245208740234e+00,3.126677513122558594e+00,1.641096115112304688e+00,4.276357650756835938e+00,1.253179311752319336e+00,1.667436242103576660e+00,7.369342446327209473e-01,6.172719478607177734e+00,5.326599597930908203e+00,5.000005245208740234e+00,7.114026069641113281e+00,5.786942005157470703e+00,7.704568862915039062e+00,4.002475738525390625e+00,4.956988811492919922e+00
2.313856353759765625e+02,5.000005245208740234e+00,5.000005245208740234e+00,2.642982721328735352e+00,1.434192776679992676e+00,4.590614318847656250e+00,1.165808677673339844e+00,1.912627816200256348e+00,2.866943478584289551e-01,6.167582035064697266e+00,5.325264453887939453e+00,5.000005245208740234e+00,7.415143966674804688e+00,5.670218944549560547e+00,7.706943511962890625e+00,4.009662151336669922e+00,4.957899570465087891e+00
2.318864746093750000e+02,5.000005245208740234e+00,5.000005245208740234e+00,2.516830444335937500e+00,1.414982557296752930e+00,5.036791324615478516e+00,1.212699532508850098e+00,2.181423664093017578e+00,6.801721453666687012e-01,6.162603378295898438e+00,5.324609279632568359e+00,5.000005245208740234e+00,7.502411365509033203e+00,5.982178688049316406e+00,7.596123218536376953e+00,4.014883041381835938e+00,4.958271980285644531e+00
2.323873138427734375e+02,5.000005245208740234e+00,5.000005245208740234e+00,2.489010334014892578e+00,1.481246709823608398e+00,4.862982273101806641e+00,1.283037781715393066e+00,2.365447998046875000e+00,9.364732503890991211e-01,6.157574176788330078e+00,5.324340820312500000e+00,5.000005245208740234e+00,7.532678604125976562e+00,5.586739540100097656e+00,7.517722129821777344e+00,4.019797801971435547e+00,4.959167957305908203e+00
2.328881530761718750e+02,5.000005245208740234e+00,5.000005245208740234e+00,2.473814487457275391e+00,1.477368235588073730e+00,4.833027839660644531e+00,1.285006523132324219e+00,2.457059860229492188e+00,9.407927393913269043e-01,6.152198314666748047e+00,5.322865486145019531e+00,5.000005245208740234e+00,7.537689208984375000e+00,5.507960796356201172e+00,7.462187290191650391e+00,4.025616645812988281e+00,4.959983825683593750e+00
2.333889770507812500e+02,5.000005245208740234e+00,5.000005245208740234e+00,2.465657472610473633e+00,1.476166009902954102e+00,4.878960609436035156e+00,1.285739541053771973e+00,2.517618894577026367e+00,9.435933232307434082e-01,6.147673606872558594e+00,5.321390151977539062e+00,5.000005245208740234e+00,7.526926994323730469e+00,5.556687831878662109e+00,7.401311874389648438e+00,4.030427455902099609e+00,4.960658550262451172e+00
2.338898162841796875e+02,5.000005245208740234e+00,5.000005245208740234e+00,2.454756736755371094e+00,1.475812911987304688e+00,4.923860073089599609e+00,1.286016225814819336e+00,2.563428163528442383e+00,9.454283118247985840e-01,6.144022941589355469e+00,5.320037841796875000e+00,5.000005245208740234e+00,7.494051456451416016e+00,5.613414764404296875e+00,7.359557151794433594e+00,4.033911705017089844e+00,4.961122989654541016e+00
2.343906555175781250e+02,5.000005245208740234e+00,5.000005245208740234e+00,2.471472740173339844e+00,1.475786328315734863e+00,4.937600135803222656e+00,1.286154270172119141e+00,2.600287675857543945e+00,9.466971755027770996e-01,6.141312122344970703e+00,5.318924427032470703e+00,5.000005245208740234e+00,7.554662704467773438e+00,5.631859779357910156e+00,7.334302902221679688e+00,4.036102771759033203e+00,4.961402416229248047e+00
2.348914794921875000e+02,5.000005245208740234e+00,5.000005245208740234e+00,2.506661176681518555e+00,1.476013302803039551e+00,4.959902763366699219e+00,1.286321520805358887e+00,2.631240844726562500e+00,9.476424455642700195e-01,6.139597415924072266e+00,5.318108558654785156e+00,5.000005245208740234e+00,7.679351329803466797e+00,5.662717819213867188e+00,7.321341514587402344e+00,4.037208080291748047e+00,4.961543560028076172e+00
2.353923187255859375e+02,5.000005245208740234e+00,5.000005245208740234e+00,1.155925869941711426e+00,9.689488410949707031e+00,5.072808265686035156e+00,1.764871716499328613e+00,7.770130157470703125e+00,5.581303834915161133e-01,6.093724250793457031e+00,5.318928718566894531e+00,5.000005245208740234e+00,9.977232933044433594e+00,5.839716911315917969e+00,4.996219635009765625e+00,4.094212532043457031e+00,4.958261489868164062e+00
2.358931579589843750e+02,5.000005245208740234e+00,5.000005245208740234e+00,2.456274271011352539e+00,3.259126245975494385e-01,4.817480564117431641e+00,8.678426742553710938e-01,4.471862792968750000e+00,1.034326314926147461e+00,6.054765224456787109e+00,5.302964210510253906e+00,5.000005245208740234e+00,8.959268569946289062e+00,5.898810863494873047e+00,6.594024658203125000e+00,4.126992225646972656e+00,4.967763423919677734e+00
2.363939971923828125e+02,5.000005245208740234e+00,5.000005245208740234e+00,2.707946062088012695e+00,1.177565097808837891e+00,4.938730239868164062e+00,1.165474653244018555e+00,3.314861297607421875e+00,9.936218261718750000e-01,6.059867382049560547e+00,5.296497344970703125e+00,5.000005245208740234e+00,8.708765029907226562e+00,5.760209083557128906e+00,6.993700027465820312e+00,4.121906280517578125e+00,4.973298549652099609e+00
2.368948211669921875e+02,5.000005245208740234e+00,5.000005245208740234e+00,2.694576025009155273e+00,1.521571040153503418e+00,4.983378410339355469e+00,1.301271796226501465e+00,2.963730335235595703e+00,9.757670760154724121e-01,6.074448108673095703e+00,5.298056125640869141e+00,5.000005245208740234e+00,8.457587242126464844e+00,5.696829795837402344e+00,7.174687385559082031e+00,4.106523990631103516e+00,4.973217010498046875e+00
2.373956604003906250e+02,5.000005245208740234e+00,5.000005245208740234e+00,2.636047601699829102e+00,1.606756448745727539e+00,4.981791019439697266e+00,1.331515312194824219e+00,2.850569009780883789e+00,9.656911492347717285e-01,6.088025093078613281e+00,5.301386833190917969e+00,5.000005245208740234e+00,8.375644683837890625e+00,5.681636810302734375e+00,7.243030071258544922e+00,4.091846942901611328e+00,4.971382141113281250e+00
2.378964996337890625e+02,5.000005245208740234e+00,5.000005245208740234e+00,2.546971082687377930e+00,1.737476706504821777e+00,4.978424072265625000e+00,1.362513661384582520e+00,2.816282987594604492e+00,9.633852839469909668e-01,6.099173069000244141e+00,5.304590225219726562e+00,5.000005245208740234e+00,8.345829963684082031e+00,5.669354438781738281e+00,7.268744945526123047e+00,4.079505443572998047e+00,4.969298362731933594e+00
2.383973236083984375e+02,5.000005245208740234e+00,5.000005245208740234e+00,2.371317863464355469e+00,2.017755746841430664e+00,4.979653358459472656e+00,1.394961833953857422e+00,2.808116674423217773e+00,9.624197483062744141e-01,6.108186244964599609e+00,5.307251453399658203e+00,5.000005245208740234e+00,8.361191749572753906e+00,5.654343128204345703e+00,7.279822826385498047e+00,4.069325447082519531e+00,4.967429637908935547e+00
2.388981628417968750e+02,5.000005245208740234e+00,5.000005245208740234e+00,2.031014919281005859e+00,2.576251983642578125e+00,4.979438781738281250e+00,1.398054361343383789e+00,2.808008432388305664e+00,9.588869214057922363e-01,6.115574836730957031e+00,5.309401512145996094e+00,5.000005245208740234e+00,8.435381889343261719e+00,5.642240047454833984e+00,7.286169052124023438e+00,4.060851097106933594e+00,4.965860366821289062e+00
2.393990020751953125e+02,5.000005245208740234e+00,5.000005245208740234e+00,1.590864419937133789e+00,3.422543525695800781e+00,4.962473392486572266e+00,1.357013821601867676e+00,2.809883594512939453e+00,9.539136886596679688e-01,6.121776103973388672e+00,5.311156749725341797e+00,5.000005245208740234e+00,8.555459976196289062e+00,5.648748874664306641e+00,7.291019439697265625e+00,4.053654670715332031e+00,4.964536190032958984e+00
2.398998260498046875e+02,5.000005245208740234e+00,5.000005245208740234e+00,1.238857746124267578e+00,4.336362838745117188e+00,4.932358741760253906e+00,1.301484227180480957e+00,2.812170028686523438e+00,9.495688676834106445e-01,6.127095222473144531e+00,5.312623500823974609e+00,5.000005245208740234e+00,8.684234619140625000e+00,5.666703224182128906e+00,7.295217990875244141e+00,4.047418117523193359e+00,4.963397979736328125e+00
2.404006652832031250e+02,5.000005245208740234e+00,5.000005245208740234e+00,1.039668440818786621e+00,5.063926219940185547e+00,4.902256488800048828e+00,1.263453960418701172e+00,2.814718723297119141e+00,9.467654228210449219e-01,6.131734848022460938e+00,5.313881874084472656e+00,5.000005245208740234e+00,8.789216995239257812e+00,5.680748462677001953e+00,7.298897743225097656e+00,4.041936397552490234e+00,4.962409496307373047e+00
2.409015045166015625e+02,5.000005245208740234e+00,5.000005245208740234e+00,9.454822540283203125e-01,5.567541122436523438e+00,4.877075672149658203e+00,1.251208662986755371e+00,2.817524194717407227e+00,9.456971287727355957e-01,6.135835647583007812e+00,5.314974784851074219e+00,5.000005245208740234e+00,8.853928565979003906e+00,5.687831401824951172e+00,7.302059173583984375e+00,4.037064075469970703e+00,4.961534500122070312e+00
2.414023437500000000e+02,5.000005245208740234e+00,5.000005245208740234e+00,9.042754173278808594e-01,5.919103622436523438e+00,4.854137897491455078e+00,1.259019136428833008e+00,2.820418119430541992e+00,9.458853006362915039e-01,6.139482975006103516e+00,5.315940380096435547e+00,5.000005245208740234e+00,8.884624481201171875e+00,5.692365646362304688e+00,7.304827690124511719e+00,4.032712936401367188e+00,4.960754871368408203e+00
2.419031677246093750e+02,5.000005245208740234e+00,5.000005245208740234e+00,8.877859115600585938e-01,6.177639961242675781e+00,4.828143596649169922e+00,1.281615972518920898e+00,2.823229074478149414e+00,9.467260837554931641e-01,6.142746925354003906e+00,5.316794872283935547e+00,5.000005245208740234e+00,8.894435882568359375e+00,5.699759960174560547e+00,7.307337760925292969e+00,4.028810977935791016e+00,4.960055828094482422e+00
2.424040069580078125e+02,5.000005245208740234e+00,5.000005245208740234e+00,8.825395107269287109e-01,6.375256061553955078e+00,4.790627956390380859e+00,1.318047761917114258e+00,2.825867414474487305e+00,9.477540850639343262e-01,6.145672798156738281e+00,5.317561149597167969e+00,5.000005245208740234e+00,8.893358230590820312e+00,5.717421531677246094e+00,7.309677124023437500e+00,4.025308609008789062e+00,4.959436416625976562e+00
2.429048461914062500e+02,5.000005245208740234e+00,5.000005245208740234e+00,8.818418383598327637e-01,6.530177116394042969e+00,4.728278160095214844e+00,1.371470570564270020e+00,2.828307390213012695e+00,9.486635923385620117e-01,6.148300170898437500e+00,5.318247318267822266e+00,5.000005245208740234e+00,8.886007308959960938e+00,5.756183147430419922e+00,7.311876296997070312e+00,4.022161483764648438e+00,4.958878517150878906e+00
2.434056701660156250e+02,5.000005245208740234e+00,5.000005245208740234e+00,8.827878832817077637e-01,6.653759479522705078e+00,4.624471187591552734e+00,1.448207974433898926e+00,2.830553770065307617e+00,9.492422938346862793e-01,6.150657653808593750e+00,5.318857192993164062e+00,5.000005245208740234e+00,8.874437332153320312e+00,5.826952934265136719e+00,7.313940525054931641e+00,4.019331932067871094e+00,4.958375453948974609e+00
2.439065093994140625e+02,5.000005245208740234e+00,5.000005245208740234e+00,8.851575255393981934e-01,6.753783226013183594e+00,4.464749336242675781e+00,1.556738615036010742e+00,2.832633733749389648e+00,9.493523836135864258e-01,6.152777671813964844e+00,5.319410324096679688e+00,5.000005245208740234e+00,8.859463691711425781e+00,5.934572219848632812e+00,7.315869808197021484e+00,4.016790866851806641e+00,4.957929611206054688e+00
2.444073486328125000e+02,5.000005245208740234e+00,5.000005245208740234e+00,8.419043540954589844e+00,8.792351722717285156e+00,7.868722915649414062e+00,8.285265922546386719e+00,1.220040559768676758e+00,7.107943296432495117e-01,6.167355060577392578e+00,5.329412460327148438e+00,5.000005245208740234e+00,2.198044061660766602e+00,2.103536605834960938e+00,8.279360771179199219e+00,4.024130821228027344e+00,4.964218139648437500e+00
2.449081878662109375e+02,5.000005245208740234e+00,5.000005245208740234e+00,7.163826465606689453e+00,7.821583271026611328e+00,6.039214611053466797e+00,6.533237934112548828e+00,2.269286870956420898e+00,7.839016318321228027e-01,6.146046638488769531e+00,5.325302124023437500e+00,5.000005245208740234e+00,3.056768417358398438e+00,4.412054538726806641e+00,7.577496051788330078e+00,4.042057037353515625e+00,4.962761402130126953e+00
2.454090118408203125e+02,5.000005245208740234e+00,5.000005245208740234e+00,7.024614334106445312e+00,7.621660709381103516e+00,5.748970985412597656e+00,6.134216785430908203e+00,2.650681257247924805e+00,9.125111699104309082e-01,6.127927780151367188e+00,5.319664001464843750e+00,5.000005245208740234e+00,3.144055128097534180e+00,4.718120098114013672e+00,7.367820739746093750e+00,4.056734561920166016e+00,4.963363170623779297e+00
2.459098510742187500e+02,5.000005245208740234e+00,5.000005245208740234e+00,6.604757308959960938e+00,7.291839599609375000e+00,6.452521800994873047e+00,6.691333293914794922e+00,2.779753208160400391e+00,9.333600401878356934e-01,6.117248535156250000e+00,5.314799785614013672e+00,5.000005245208740234e+00,3.534664392471313477e+00,3.890481710433959961e+00,7.303156852722167969e+00,4.064910411834716797e+00,4.964759826660156250e+00
2.464106903076171875e+02,5.000005245208740234e+00,5.000005245208740234e+00,5.567806720733642578e+00,6.101026535034179688e+00,6.990802288055419922e+00,7.133939266204833984e+00,2.825269222259521484e+00,9.391713142395019531e-01,6.113321781158447266e+00,5.311992168426513672e+00,5.000005245208740234e+00,4.555028915405273438e+00,3.134284257888793945e+00,7.284726619720458984e+00,4.066828727722167969e+00,4.965533256530761719e+00
2.469115142822265625e+02,5.000005245208740234e+00,5.000005245208740234e+00,5.191393852233886719e+00,5.391061782836914062e+00,6.993259429931640625e+00,7.146481990814208984e+00,2.842178821563720703e+00,9.413037896156311035e-01,6.113710403442382812e+00,5.310860633850097656e+00,5.000005245208740234e+00,4.872866153717041016e+00,3.105792045593261719e+00,7.281541347503662109e+00,4.064759254455566406e+00,4.965590953826904297e+00
2.474123535156250000e+02,5.000005245208740234e+00,5.000005245208740234e+00,5.065808296203613281e+00,5.135313510894775391e+00,6.089622974395751953e+00,6.255243778228759766e+00,2.849204778671264648e+00,9.422543048858642578e-01,6.116520881652832031e+00,5.310821533203125000e+00,5.000005245208740234e+00,4.958426475524902344e+00,4.136291027069091797e+00,7.283404350280761719e+00,4.060506343841552734e+00,4.965151309967041016e+00
2.479131927490234375e+02,5.000005245208740234e+00,5.000005245208740234e+00,5.023494720458984375e+00,5.047700881958007812e+00,5.443828582763671875e+00,5.524086952209472656e+00,2.852753877639770508e+00,9.427738189697265625e-01,6.120531558990478516e+00,5.311406612396240234e+00,5.000005245208740234e+00,4.985379695892333984e+00,4.701479911804199219e+00,7.286819934844970703e+00,4.055237293243408203e+00,4.964421749114990234e+00
2.484140167236328125e+02,5.000005245208740234e+00,5.000005245208740234e+00,5.008614063262939453e+00,5.017120838165283203e+00,5.182417392730712891e+00,5.215563297271728516e+00,2.855034589767456055e+00,9.431366920471191406e-01,6.125005245208740234e+00,5.312307834625244141e+00,5.000005245208740234e+00,4.994670391082763672e+00,4.885729312896728516e+00,7.290575504302978516e+00,4.049653530120849609e+00,4.963561058044433594e+00
2.489148559570312500e+02,5.000005245208740234e+00,5.000005245208740234e+00,5.003174781799316406e+00,5.006173610687255859e+00,5.075338840484619141e+00,5.088950634002685547e+00,2.856805086135864258e+00,9.434339404106140137e-01,6.129523277282714844e+00,5.313345909118652344e+00,5.000005245208740234e+00,4.998044490814208984e+00,4.953984260559082031e+00,7.294263362884521484e+00,4.044153690338134766e+00,4.962670803070068359e+00
2.494156951904296875e+02,5.000005245208740234e+00,5.000005245208740234e+00,5.001168251037597656e+00,5.002224922180175781e+00,5.030847072601318359e+00,5.036380290985107422e+00,2.858319759368896484e+00,9.437066316604614258e-01,6.133851528167724609e+00,5.314404010772705078e+00,5.000005245208740234e+00,4.999286651611328125e+00,4.981319904327392578e+00,7.297716140747070312e+00,4.038954734802246094e+00,4.961799144744873047e+00
2.499165344238281250e+02,5.000005245208740234e+00,5.000005245208740234e+00,5.000429153442382812e+00,5.000801086425781250e+00,5.012457370758056641e+00,5.014675617218017578e+00,2.859668016433715820e+00,9.439605474472045898e-01,6.137878894805908203e+00,5.315423011779785156e+00,5.000005245208740234e+00,4.999742984771728516e+00,4.992475986480712891e+00,7.300880432128906250e+00,4.034153938293457031e+00,4.960979938507080078e+00
2.504173583984375000e+02,5.000005245208740234e+00,5.000005245208740234e+00,5.000158786773681641e+00,5.000289440155029297e+00,5.004958152770996094e+00,5.005835056304931641e+00,2.860878944396972656e+00,9.442047476768493652e-01,6.141553401947021484e+00,5.316371917724609375e+00,5.000005245208740234e+00,4.999909877777099609e+00,4.997008800506591797e+00,7.303733348846435547e+00,4.029788017272949219e+00,4.960224628448486328e+00
2.509181976318359375e+02,5.000005245208740234e+00,5.000005245208740234e+00,5.000060558319091797e+00,5.000106334686279297e+00,5.001948356628417969e+00,5.002289772033691406e+00,2.861966609954833984e+00,9.444384574890136719e-01,6.144871711730957031e+00,5.317244529724121094e+00,5.000005245208740234e+00,4.999970912933349609e+00,4.998828887939453125e+00,7.306280612945556641e+00,4.025858879089355469e+00,4.959544658660888672e+00
2.514190368652343750e+02,5.000005245208740234e+00,5.000005245208740234e+00,5.000024795532226562e+00,5.000041007995605469e+00,5.000757217407226562e+00,5.000889301300048828e+00,2.862930774688720703e+00,9.446641802787780762e-01,6.147844791412353516e+00,5.318031311035156250e+00,5.000005245208740234e+00,4.999993324279785156e+00,4.999548912048339844e+00,7.308506965637207031e+00,4.022343158721923828e+00,4.958930969238281250e+00
2.519198608398437500e+02,5.000005245208740234e+00,5.000005245208740234e+00,5.000012397766113281e+00,5.000017642974853516e+00,5.000293254852294922e+00,5.000343799591064453e+00,2.863774538040161133e+00,9.448819160461425781e-01,6.150494098663330078e+00,5.318731307983398438e+00,5.000005245208740234e+00,5.000000476837158203e+00,4.999830245971679688e+00,7.310415744781494141e+00,4.019210815429687500e+00,4.958382129669189453e+00
2.524207000732421875e+02,5.000005245208740234e+00,5.000005245208740234e+00,5.000008106231689453e+00,5.000010013580322266e+00,5.000114440917968750e+00,5.000133514404296875e+00,2.864502906799316406e+00,9.450892806053161621e-01,6.152846336364746094e+00,5.319360733032226562e+00,5.000005245208740234e+00,5.000004291534423828e+00,4.999938488006591797e+00,7.312026500701904297e+00,4.016431808471679688e+00,4.957897186279296875e+00
2.529215393066406250e+02,5.000005245208740234e+00,5.000005245208740234e+00,5.000006198883056641e+00,5.000007152557373047e+00,5.000046253204345703e+00,5.000053405761718750e+00,2.865115165710449219e+00,9.452908635139465332e-01,6.154930591583251953e+00,5.319918632507324219e+00,5.000005245208740234e+00,5.000004768371582031e+00,4.999980449676513672e+00,7.313324928283691406e+00,4.013968467712402344e+00,4.957463264465332031e+00
2.534223632812500000e+02,5.000005245208740234e+00,5.000005245208740234e+00,5.000005722045898438e+00,5.000005722045898438e+00,5.000020503997802734e+00,5.000022888183593750e+00,2.865611553192138672e+00,9.454836845397949219e-01,6.156775474548339844e+00,5.320406913757324219e+00,5.000005245208740234e+00,5.000005245208740234e+00,4.999995708465576172e+00,7.314311981201171875e+00,4.011786937713623047e+00,4.957079887390136719e+00
2.539232025146484375e+02,5.000005245208740234e+00,5.000005245208740234e+00,5.000005245208740234e+00,5.000005245208740234e+00,5.000010967254638672e+00,5.000011920928955078e+00,2.865995645523071289e+00,9.456696510314941406e-01,6.158407211303710938e+00,5.320846557617187500e+00,5.000005245208740234e+00,5.000005245208740234e+00,5.000001907348632812e+00,7.315006732940673828e+00,4.009857654571533203e+00,4.956743717193603516e+00
2.544240417480468750e+02,5.000005245208740234e+00,5.000005245208740234e+00,5.000005245208740234e+00,5.000005245208740234e+00,5.000007629394531250e+00,5.000007629394531250e+00,2.866266489028930664e+00,9.458491206169128418e-01,6.159846782684326172e+00,5.321232318878173828e+00,5.000005245208740234e+00,5.000005245208740234e+00,5.000004291534423828e+00,7.315393924713134766e+00,4.008155822753906250e+00,4.956444263458251953e+00
2.549248809814453125e+02,5.000005245208740234e+00,5.000005245208740234e+00,5.000005245208740234e+00,5.000005245208740234e+00,5.000005722045898438e+00,5.000006198883056641e+00,2.866420984268188477e+00,9.460197687149047852e-01,6.161118030548095703e+00,5.321571350097656250e+00,5.000005245208740234e+00,5.000005245208740234e+00,5.000004768371582031e+00,7.315471172332763672e+00,4.006650447845458984e+00,4.956180572509765625e+00
2.554257049560546875e+02,5.000005245208740234e+00,5.000005245208740234e+00,5.000005245208740234e+00,5.000005245208740234e+00,5.000005722045898438e+00,5.000005722045898438e+00,2.866456747055053711e+00,9.461839795112609863e-01,6.162240028381347656e+00,5.321871280670166016e+00,5.000005245208740234e+00,5.000005245208740234e+00,5.000005245208740234e+00,7.315233230590820312e+00,4.005322456359863281e+00,4.955942630767822266e+00
2.559265441894531250e+02,5.000005245208740234e+00,5.000005245208740234e+00,5.000005245208740234e+00,5.000005245208740234e+00,5.000005245208740234e+00,5.000005245208740234e+00,2.866378068923950195e+00,9.463431835174560547e-01,6.163230895996093750e+00,5.322136878967285156e+00,5.000005245208740234e+00,5.000005245208740234e+00,5.000005245208740234e+00,7.314689636230468750e+00,4.004148960113525391e+00,4.955739974975585938e+00
2.564273681640625000e+02,5.000005245208740234e+00,5.000005245208740234e+00,5.000005245208740234e+00,5.000005245208740234e+00,5.000005245208740234e+00,5.000005722045898438e+00,1.823236465454101562e+00,6.990557312965393066e-01,6.165328979492187500e+00,5.324972629547119141e+00,5.000005245208740234e+00,5.000005245208740234e+00,5.000005245208740234e+00,7.904503822326660156e+00,4.008748531341552734e+00,4.957527637481689453e+00
2.569282226562500000e+02,5.000005245208740234e+00,5.000005245208740234e+00,5.000005245208740234e+00,5.000005245208740234e+00,5.000005245208740234e+00,5.000005245208740234e+00,2.505450487136840820e+00,8.729819655418395996e-01,6.158808231353759766e+00,5.323476791381835938e+00,5.000005245208740234e+00,5.000005245208740234e+00,5.000005245208740234e+00,7.495897769927978516e+00,4.014097690582275391e+00,4.957262039184570312e+00
2.574290466308593750e+02,5.000005245208740234e+00,5.000005245208740234e+00,5.000005245208740234e+00,5.000005245208740234e+00,5.000005245208740234e+00,5.000005245208740234e+00,2.741960525512695312e+00,9.328163266181945801e-01,6.154087066650390625e+00,5.321718215942382812e+00,5.000005245208740234e+00,5.000005245208740234e+00,5.000005245208740234e+00,7.365746498107910156e+00,4.017900943756103516e+00,4.957611083984375000e+00
2.579298706054687500e+02,5.000005245208740234e+00,5.000005245208740234e+00,5.000005245208740234e+00,5.000005245208740234e+00,5.000005245208740234e+00,5.000005245208740234e+00,2.822481870651245117e+00,9.442718625068664551e-01,6.151762962341308594e+00,5.320473670959472656e+00,5.000005245208740234e+00,5.000005245208740234e+00,5.000005245208740234e+00,7.324280261993408203e+00,4.019499778747558594e+00,4.957959175109863281e+00
2.584307250976562500e+02,5.000005245208740234e+00,5.000005245208740234e+00,5.000005245208740234e+00,5.000005245208740234e+00,5.000005245208740234e+00,5.000005245208740234e+00,2.850762844085693359e+00,9.479808211326599121e-01,6.151251316070556641e+00,5.319847106933593750e+00,5.000005245208740234e+00,5.000005245208740234e+00,5.000005245208740234e+00,7.311753749847412109e+00,4.019393920898437500e+00,4.958086013793945312e+00
2.589315490722656250e+02,5.000005245208740234e+00,5.000005245208740234e+00,5.000005245208740234e+00,5.000005245208740234e+00,5.000005245208740234e+00,5.000005245208740234e+00,2.861001968383789062e+00,9.492434859275817871e-01,6.151833057403564453e+00,5.319661617279052734e+00,5.000005245208740234e+00,5.000005245208740234e+00,5.000005245208740234e+00,7.308869361877441406e+00,4.018272876739501953e+00,4.958003044128417969e+00
2.594323730468750000e+02,5.000005245208740234e+00,5.000005245208740234e+00,5.000005245208740234e+00,5.000005245208740234e+00,5.000005245208740234e+00,5.000005245208740234e+00,2.864969730377197266e+00,9.496878385543823242e-01,6.153004169464111328e+00,5.319758892059326172e+00,5.000005245208740234e+00,5.000005245208740234e+00,5.000005245208740234e+00,7.309103488922119141e+00,4.016625881195068359e+00,4.957795143127441406e+00
2.599332275390625000e+02,5.000005245208740234e+00,5.000005245208740234e+00,5.000005245208740234e+00,5.000005245208740234e+00,5.000005245208740234e+00,5.000005245208740234e+00,2.866710186004638672e+00,9.498507976531982422e-01,6.154446125030517578e+00,5.320014476776123047e+00,5.000005245208740234e+00,5.000005245208740234e+00,5.000005245208740234e+00,7.310211181640625000e+00,4.014762401580810547e+00,4.957527160644531250e+00
2.604340515136718750e+02,5.000005245208740234e+00,5.000005245208740234e+00,5.000005245208740234e+00,5.000005245208740234e+00,5.000005245208740234e+00,5.000005245208740234e+00,2.867602586746215820e+00,9.499173760414123535e-01,6.155968189239501953e+00,5.320332050323486328e+00,5.000005245208740234e+00,5.000005245208740234e+00,5.000005245208740234e+00,7.311389446258544922e+00,4.012866497039794922e+00,4.957225322723388672e+00
2.609349060058593750e+02,5.000005245208740234e+00,5.000005245208740234e+00,5.000005245208740234e+00,5.000005245208740234e+00,5.000005245208740234e+00,5.000005245208740234e+00,2.868140220642089844e+00,9.499514102935791016e-01,6.157465457916259766e+00,5.320687294006347656e+00,5.000005245208740234e+00,5.000005245208740234e+00,5.000005245208740234e+00,7.312419414520263672e+00,4.011039733886718750e+00,4.956928253173828125e+00
2.614357299804687500e+02,5.000005245208740234e+00,5.000005245208740234e+00,5.000005245208740234e+00,5.000005245208740234e+00,5.000005245208740234e+00,5.000005245208740234e+00,2.868473768234252930e+00,9.499750733375549316e-01,6.158878803253173828e+00,5.321028232574462891e+00,5.000005245208740234e+00,5.000005245208740234e+00,5.000005245208740234e+00,7.313164710998535156e+00,4.009332656860351562e+00,4.956638336181640625e+00
2.619365539550781250e+02,5.000005245208740234e+00,5.000005245208740234e+00,5.000005245208740234e+00,5.000005245208740234e+00,5.000005245208740234e+00,5.000005245208740234e+00,2.868669271469116211e+00,9.499913454055786133e-01,6.160181522369384766e+00,5.321359157562255859e+00,5.000005245208740234e+00,5.000005245208740234e+00,5.000005245208740234e+00,7.313628673553466797e+00,4.007770538330078125e+00,4.956371307373046875e+00
2.624374084472656250e+02,5.000005245208740234e+00,5.000005245208740234e+00,5.000005245208740234e+00,5.000005245208740234e+00,5.000005245208740234e+00,5.000005245208740234e+00,2.868748426437377930e+00,9.500073790550231934e-01,6.161365509033203125e+00,5.321670532226562500e+00,5.000005245208740234e+00,5.000005245208740234e+00,5.000005245208740234e+00,7.313800334930419922e+00,4.006357192993164062e+00,4.956131935119628906e+00
2.629382324218750000e+02,5.000005245208740234e+00,5.000005245208740234e+00,5.000005245208740234e+00,5.000005245208740234e+00,5.000005245208740234e+00,5.000005245208740234e+00,2.868701696395874023e+00,9.500206708908081055e-01,6.162430763244628906e+00,5.321942329406738281e+00,5.000005245208740234e+00,5.000005245208740234e+00,5.000005245208740234e+00,7.313634395599365234e+00,4.005087852478027344e+00,4.955908298492431641e+00
2.634390563964843750e+02,5.000005245208740234e+00,5.000005245208740234e+00,5.000005245208740234e+00,5.000005245208740234e+00,5.000005245208740234e+00,5.000005245208740234e+00,2.868542909622192383e+00,9.500359296798706055e-01,6.163382530212402344e+00,5.322191715240478516e+00,5.000005245208740234e+00,5.000005245208740234e+00,5.000005245208740234e+00,7.313158035278320312e+00,4.003956794738769531e+00,4.955711364746093750e+00
2.639399108886718750e+02,5.000005245208740234e+00,5.000005245208740234e+00,5.000005245208740234e+00,5.000005245208740234e+00,5.000005245208740234e+00,5.000005245208740234e+00,2.868266344070434570e+00,9.500487446784973145e-01,6.164229869842529297e+00,5.322420597076416016e+00,5.000005245208740234e+00,5.000005245208740234e+00,5.000005245208740234e+00,7.312359333038330078e+00,4.002950668334960938e+00,4.955541610717773438e+00
2.644407348632812500e+02,5.000005245208740234e+00,5.000005245208740234e+00,5.000005245208740234e+00,5.000005245208740234e+00,5.000005245208740234e+00,5.000005245208740234e+00,2.867856502532958984e+00,9.500631093978881836e-01,6.164982318878173828e+00,5.322615623474121094e+00,5.000005245208740234e+00,5.000005245208740234e+00,5.000005245208740234e+00,7.311189174652099609e+00,4.002058029174804688e+00,4.955379486083984375e+00
2.649415588378906250e+02,5.000005245208740234e+00,5.000005245208740234e+00,5.000005245208740234e+00,5.000005245208740234e+00,5.000005245208740234e+00,5.000005245208740234e+00,2.867318153381347656e+00,9.500729441642761230e-01,6.165647983551025391e+00,5.322792530059814453e+00,5.000005245208740234e+00,5.000005245208740234e+00,5.000005245208740234e+00,7.309659004211425781e+00,4.001267910003662109e+00,4.955241203308105469e+00
2.654424133300781250e+02,5.000005245208740234e+00,5.000005245208740234e+00,5.000005245208740234e+00,5.000005245208740234e+00,5.000005245208740234e+00,5.000005245208740234e+00,2.866644620895385742e+00,9.500856995582580566e-01,6.166236400604248047e+00,5.322954177856445312e+00,5.000005245208740234e+00,5.000005245208740234e+00,5.000005245208740234e+00,7.307753562927246094e+00,4.000570297241210938e+00,4.955124855041503906e+00
2.659432373046875000e+02,5.000005245208740234e+00,5.000005245208740234e+00,5.000005245208740234e+00,5.000005245208740234e+00,5.000005245208740234e+00,5.000005245208740234e+00,2.865814208984375000e+00,9.500963687896728516e-01,6.166756153106689453e+00,5.323088169097900391e+00,5.000005245208740234e+00,5.000005245208740234e+00,5.000005245208740234e+00,7.305409431457519531e+00,3.999954938888549805e+00,4.955010414123535156e+00
2.664440612792968750e+02,5.000005245208740234e+00,5.000005245208740234e+00,5.000005245208740234e+00,5.000005245208740234e+00,5.000005245208740234e+00,5.000005245208740234e+00,2.864826440811157227e+00,9.501093029975891113e-01,6.167214870452880859e+00,5.323210716247558594e+00,5.000005245208740234e+00,5.000005245208740234e+00,5.000005245208740234e+00,7.302625656127929688e+00,3.999409675598144531e+00,4.954914569854736328e+00
2.669449157714843750e+02,5.000005245208740234e+00,5.000005245208740234e+00,5.000005245208740234e+00,5.000005245208740234e+00,5.000005245208740234e+00,5.000005245208740234e+00,2.863667249679565430e+00,9.501188397407531738e-01,6.167622566223144531e+00,5.323324203491210938e+00,5.000005245208740234e+00,5.000005245208740234e+00,5.000005245208740234e+00,7.299368381500244141e+00,3.998927354812622070e+00,4.954836368560791016e+00
2.674457397460937500e+02,5.000005245208740234e+00,5.000005245208740234e+00,5.000005245208740234e+00,5.000005245208740234e+00,5.000005245208740234e+00,5.000005245208740234e+00,2.862314701080322266e+00,9.501276612281799316e-01,6.167979240417480469e+00,5.323414325714111328e+00,5.000005245208740234e+00,5.000005245208740234e+00,5.000005245208740234e+00,7.295566082000732422e+00,3.998503684997558594e+00,4.954756259918212891e+00
2.679465637207031250e+02,5.000005245208740234e+00,5.000005245208740234e+00,5.000005245208740234e+00,5.000005245208740234e+00,5.000005245208740234e+00,5.000005245208740234e+00,2.860763311386108398e+00,9.501375555992126465e-01,6.168294906616210938e+00,5.323498249053955078e+00,5.000005245208740234e+00,5.000005245208740234e+00,5.000005245208740234e+00,7.291209220886230469e+00,3.998128652572631836e+00,4.954690933227539062e+00
2.684474182128906250e+02,5.000005245208740234e+00,5.000005245208740234e+00,5.000005245208740234e+00,5.000005245208740234e+00,5.000005245208740234e+00,5.000005245208740234e+00,2.858995437622070312e+00,9.501506686210632324e-01,6.168574810028076172e+00,5.323578357696533203e+00,5.000005245208740234e+00,5.000005245208740234e+00,5.000005245208740234e+00,7.286250591278076172e+00,3.997798204421997070e+00,4.954637050628662109e+00
2.689482421875000000e+02,5.000005245208740234e+00,5.000005245208740234e+00,5.000005245208740234e+00,5.000005245208740234e+00,5.000005245208740234e+00,5.000005245208740234e+00,2.856982231140136719e+00,9.501541852951049805e-01,6.168818473815917969e+00,5.323638439178466797e+00,5.000005245208740234e+00,5.000005245208740234e+00,5.000005245208740234e+00,7.280609130859375000e+00,3.997507572174072266e+00,4.954581260681152344e+00
2.694490966796875000e+02,5.000005245208740234e+00,5.000005245208740234e+00,5.000005245208740234e+00,5.000005245208740234e+00,5.000005245208740234e+00,5.000005245208740234e+00,2.854726076126098633e+00,9.501678943634033203e-01,6.169036388397216797e+00,5.323702335357666016e+00,5.000005245208740234e+00,5.000005245208740234e+00,5.000005245208740234e+00,7.274286746978759766e+00,3.997250080108642578e+00,4.954541206359863281e+00
2.699499206542968750e+02,5.000005245208740234e+00,5.000005245208740234e+00,5.000005245208740234e+00,5.000005245208740234e+00,5.000005245208740234e+00,5.000005245208740234e+00,2.852189064025878906e+00,9.501727819442749023e-01,6.169227123260498047e+00,5.323747158050537109e+00,5.000005245208740234e+00,5.000005245208740234e+00,5.000005245208740234e+00,7.267183303833007812e+00,3.997022151947021484e+00,4.954496860504150391e+00
2.704507446289062500e+02,5.000005245208740234e+00,5.000005245208740234e+00,5.000005245208740234e+00,5.000005245208740234e+00,5.000005245208740234e+00,5.000005245208740234e+00,2.849373340606689453e+00,9.501829147338867188e-01,6.169394969940185547e+00,5.323793411254882812e+00,5.000005245208740234e+00,5.000005245208740234e+00,5.000005245208740234e+00,7.259298801422119141e+00,3.996823310852050781e+00,4.954461574554443359e+00
2.709515991210937500e+02,5.000005245208740234e+00,5.000005245208740234e+00,5.000005245208740234e+00,5.000005245208740234e+00,5.000005245208740234e+00,5.000005245208740234e+00,2.846263170242309570e+00,9.501804709434509277e-01,6.169545173645019531e+00,5.323836803436279297e+00,5.000005245208740234e+00,5.000005245208740234e+00,5.000005245208740234e+00,7.250599384307861328e+00,3.996646165847778320e+00,4.954436302185058594e+00
2.714524230957031250e+02,5.000005245208740234e+00,5.000005245208740234e+00,5.000005245208740234e+00,5.000005245208740234e+00,5.000005245208740234e+00,5.000005245208740234e+00,2.842840671539306641e+00,9.501987099647521973e-01,6.169676780700683594e+00,5.323866367340087891e+00,5.000005245208740234e+00,5.000005245208740234e+00,5.000005245208740234e+00,7.241029262542724609e+00,3.996490478515625000e+00,4.954404354095458984e+00
2.719532470703125000e+02,5.000005245208740234e+00,5.000005245208740234e+00,5.000005245208740234e+00,5.000005245208740234e+00,5.000005245208740234e+00,5.000005245208740234e+00,2.839114189147949219e+00,9.502040147781372070e-01,6.169789314270019531e+00,5.323898315429687500e+00,5.000005245208740234e+00,5.000005245208740234e+00,5.000005245208740234e+00,7.230618000030517578e+00,3.996353387832641602e+00,4.954378604888916016e+00
2.724541015625000000e+02,5.000005245208740234e+00,5.000005245208740234e+00,5.000005245208740234e+00,5.000005245208740234e+00,5.000005245208740234e+00,5.000005245208740234e+00,2.835088491439819336e+00,9.502165317535400391e-01,6.169894218444824219e+00,5.323931217193603516e+00,5.000005245208740234e+00,5.000005245208740234e+00,5.000005245208740234e+00,7.219379901885986328e+00,3.996232509613037109e+00,4.954363346099853516e+00
2.729549255371093750e+02,5.000005245208740234e+00,5.000005245208740234e+00,5.000005245208740234e+00,5.000005245208740234e+00,5.000005245208740234e+00,5.000005245208740234e+00,2.830758333206176758e+00,9.502711892127990723e-01,6.169984817504882812e+00,5.323949813842773438e+00,5.000005245208740234e+00,5.000005245208740234e+00,5.000005245208740234e+00,7.207318782806396484e+00,3.996125221252441406e+00,4.954339981079101562e+00
2.734557495117187500e+02,5.000005245208740234e+00,5.000005245208740234e+00,5.000005245208740234e+00,5.000005245208740234e+00,5.000005245208740234e+00,5.000005245208740234e+00,2.826147794723510742e+00,9.503243565559387207e-01,6.170061588287353516e+00,5.323971271514892578e+00,5.000005245208740234e+00,5.000005245208740234e+00,5.000005245208740234e+00,7.194549083709716797e+00,3.996031522750854492e+00,4.954323291778564453e+00
2.739566040039062500e+02,5.000005245208740234e+00,5.000005245208740234e+00,5.000005245208740234e+00,5.000005245208740234e+00,5.000005245208740234e+00,5.000005245208740234e+00,2.821280479431152344e+00,9.504376649856567383e-01,6.170133113861083984e+00,5.323995113372802734e+00,5.000005245208740234e+00,5.000005245208740234e+00,5.000005245208740234e+00,7.181162357330322266e+00,3.995947837829589844e+00,4.954314231872558594e+00
2.744574279785156250e+02,5.000005245208740234e+00,5.000005245208740234e+00,5.000005245208740234e+00,5.000005245208740234e+00,5.000005245208740234e+00,5.000005245208740234e+00,2.816155195236206055e+00,9.506269693374633789e-01,6.170193672180175781e+00,5.324006080627441406e+00,5.000005245208740234e+00,5.000005245208740234e+00,5.000005245208740234e+00,7.167259216308593750e+00,3.995875120162963867e+00,4.954296588897705078e+00
2.749582519531250000e+02,5.000005245208740234e+00,5.000005245208740234e+00,5.000005245208740234e+00,5.000005245208740234e+00,5.000005245208740234e+00,5.000005245208740234e+00,2.810779809951782227e+00,9.510296583175659180e-01,6.170249462127685547e+00,5.324020385742187500e+00,5.000005245208740234e+00,5.000005245208740234e+00,5.000005245208740234e+00,7.153037548065185547e+00,3.995809316635131836e+00,4.954287528991699219e+00
2.754591064453125000e+02,5.000005245208740234e+00,5.000005245208740234e+00,5.000005245208740234e+00,5.000005245208740234e+00,5.000005245208740234e+00,5.000005245208740234e+00,2.805115461349487305e+00,9.516786932945251465e-01,6.170298576354980469e+00,5.324039459228515625e+00,5.000005245208740234e+00,5.000005245208740234e+00,5.000005245208740234e+00,7.138693332672119141e+00,3.995752096176147461e+00,4.954280376434326172e+00
2.759599304199218750e+02,5.000005245208740234e+00,5.000005245208740234e+00,5.000005245208740234e+00,5.000005245208740234e+00,5.000005245208740234e+00,5.000005245208740234e+00,2.799074888229370117e+00,9.527802467346191406e-01,6.170338153839111328e+00,5.324046134948730469e+00,5.000005245208740234e+00,5.000005245208740234e+00,5.000005245208740234e+00,7.124406814575195312e+00,3.995701074600219727e+00,4.954267501831054688e+00
2.764607543945312500e+02,5.000005245208740234e+00,5.000005245208740234e+00,5.000005245208740234e+00,5.000005245208740234e+00,5.000005245208740234e+00,5.000005245208740234e+00,2.792504310607910156e+00,9.545468688011169434e-01,6.170377254486083984e+00,5.324057102203369141e+00,5.000005245208740234e+00,5.000005245208740234e+00,5.000005245208740234e+00,7.110449314117431641e+00,3.995657205581665039e+00,4.954258918762207031e+00
2.769616088867187500e+02,5.000005245208740234e+00,5.000005245208740234e+00,5.000005245208740234e+00,5.000005245208740234e+00,5.000005245208740234e+00,5.000005245208740234e+00,2.785140275955200195e+00,9.573531746864318848e-01,6.170410633087158203e+00,5.324070453643798828e+00,5.000005245208740234e+00,5.000005245208740234e+00,5.000005245208740234e+00,7.097079277038574219e+00,3.995618820190429688e+00,4.954257965087890625e+00
2.774624328613281250e+02,5.000005245208740234e+00,5.000005245208740234e+00,5.000005245208740234e+00,5.000005245208740234e+00,5.000005245208740234e+00,5.000005245208740234e+00,2.776570558547973633e+00,9.615080952644348145e-01,6.170439243316650391e+00,5.324072837829589844e+00,5.000005245208740234e+00,5.000005245208740234e+00,5.000005245208740234e+00,7.084550380706787109e+00,3.995583057403564453e+00,4.954247474670410156e+00
2.779632873535156250e+02,5.000005245208740234e+00,5.000005245208740234e+00,5.000005245208740234e+00,5.000005245208740234e+00,5.000005245208740234e+00,5.000005245208740234e+00,2.766243219375610352e+00,9.676194190979003906e-01,6.170465469360351562e+00,5.324086189270019531e+00,5.000005245208740234e+00,5.000005245208740234e+00,5.000005245208740234e+00,7.073188304901123047e+00,3.995553255081176758e+00,4.954246044158935547e+00
2.784641113281250000e+02,5.000005245208740234e+00,5.000005245208740234e+00,5.000005245208740234e+00,5.000005245208740234e+00,5.000005245208740234e+00,5.000005245208740234e+00,2.753366470336914062e+00,9.762893319129943848e-01,6.170486927032470703e+00,5.324086666107177734e+00,5.000005245208740234e+00,5.000005245208740234e+00,5.000005245208740234e+00,7.063285350799560547e+00,3.995525836944580078e+00,4.954237937927246094e+00
2.789649353027343750e+02,5.000005245208740234e+00,5.000005245208740234e+00,5.000005245208740234e+00,5.000005245208740234e+00,5.000005245208740234e+00,5.000005245208740234e+00,2.736920118331909180e+00,9.882876873016357422e-01,6.170507431030273438e+00,5.324091911315917969e+00,5.000005245208740234e+00,5.000005245208740234e+00,5.000005245208740234e+00,7.055205345153808594e+00,3.995501041412353516e+00,4.954234123229980469e+00
2.794657897949218750e+02,5.000005245208740234e+00,5.000005245208740234e+00,5.000005245208740234e+00,5.000005245208740234e+00,5.000005245208740234e+00,5.000005245208740234e+00,2.715571880340576172e+00,1.004569292068481445e+00,6.170525550842285156e+00,5.324102401733398438e+00,5.000005245208740234e+00,5.000005245208740234e+00,5.000005245208740234e+00,7.049336910247802734e+00,3.995481014251708984e+00,4.954236984252929688e+00
2.799666137695312500e+02,5.000005245208740234e+00,5.000005245208740234e+00,5.000005245208740234e+00,5.000005245208740234e+00,5.000005245208740234e+00,5.000005245208740234e+00,2.687570095062255859e+00,1.026492357254028320e+00,6.170541763305664062e+00,5.324101448059082031e+00,5.000005245208740234e+00,5.000005245208740234e+00,5.000005245208740234e+00,7.046126365661621094e+00,3.995461225509643555e+00,4.954227924346923828e+00
2.804674377441406250e+02,5.000005245208740234e+00,5.000005245208740234e+00,5.000005245208740234e+00,5.000005245208740234e+00,5.000005245208740234e+00,5.000005245208740234e+00,2.650729417800903320e+00,1.055339813232421875e+00,6.170555114746093750e+00,5.324105262756347656e+00,5.000005245208740234e+00,5.000005245208740234e+00,5.000005245208740234e+00,7.046157836914062500e+00,3.995445251464843750e+00,4.954225063323974609e+00
2.809682922363281250e+02,5.000005245208740234e+00,5.000005245208740234e+00,5.000005245208740234e+00,5.000005245208740234e+00,5.000005245208740234e+00,5.000005245208740234e+00,2.602341651916503906e+00,1.093143224716186523e+00,6.170568466186523438e+00,5.324114799499511719e+00,5.000005245208740234e+00,5.000005245208740234e+00,5.000005245208740234e+00,7.050071239471435547e+00,3.995429515838623047e+00,4.954227447509765625e+00
2.814691162109375000e+02,5.000005245208740234e+00,5.000005245208740234e+00,5.000005245208740234e+00,5.000005245208740234e+00,5.000005245208740234e+00,5.000005245208740234e+00,2.539076089859008789e+00,1.141942381858825684e+00,6.170576572418212891e+00,5.324114322662353516e+00,5.000005245208740234e+00,5.000005245208740234e+00,5.000005245208740234e+00,7.058636665344238281e+00,3.995417833328247070e+00,4.954219341278076172e+00
2.819699401855468750e+02,5.000005245208740234e+00,5.000005245208740234e+00,5.000005245208740234e+00,5.000005245208740234e+00,5.000005245208740234e+00,5.000005245208740234e+00,2.457358598709106445e+00,1.204271793365478516e+00,6.170588016510009766e+00,5.324113368988037109e+00,5.000005245208740234e+00,5.000005245208740234e+00,5.000005245208740234e+00,7.072514533996582031e+00,3.995405435562133789e+00,4.954219341278076172e+00
2.824707946777343750e+02,5.000005245208740234e+00,5.000005245208740234e+00,5.000005245208740234e+00,5.000005245208740234e+00,5.000005245208740234e+00,5.000005245208740234e+00,2.353920698165893555e+00,1.282474398612976074e+00,6.170598030090332031e+00,5.324122428894042969e+00,5.000005245208740234e+00,5.000005245208740234e+00,5.000005245208740234e+00,7.091985225677490234e+00,3.995396375656127930e+00,4.954222202301025391e+00
2.829716186523437500e+02,5.000005245208740234e+00,5.000005245208740234e+00,5.000005245208740234e+00,5.000005245208740234e+00,5.000005245208740234e+00,5.000005245208740234e+00,2.227760076522827148e+00,1.378345489501953125e+00,6.170602798461914062e+00,5.324119567871093750e+00,5.000005245208740234e+00,5.000005245208740234e+00,5.000005245208740234e+00,7.116159915924072266e+00,3.995388031005859375e+00,4.954216003417968750e+00
2.834724426269531250e+02,5.000005245208740234e+00,5.000005245208740234e+00,5.000005245208740234e+00,5.000005245208740234e+00,5.000005245208740234e+00,5.000005245208740234e+00,2.083348751068115234e+00,1.492259263992309570e+00,6.170609951019287109e+00,5.324122428894042969e+00,5.000005245208740234e+00,5.000005245208740234e+00,5.000005245208740234e+00,7.141880989074707031e+00,3.995379686355590820e+00,4.954213619232177734e+00
2.839732971191406250e+02,5.000005245208740234e+00,5.000005245208740234e+00,5.000005245208740234e+00,5.000005245208740234e+00,5.000005245208740234e+00,5.000005245208740234e+00,1.933359503746032715e+00,1.621835350990295410e+00,6.170616626739501953e+00,5.324129104614257812e+00,5.000005245208740234e+00,5.000005245208740234e+00,5.000005245208740234e+00,7.163148880004882812e+00,3.995373010635375977e+00,4.954217433929443359e+00
2.844741210937500000e+02,5.000005245208740234e+00,5.000005245208740234e+00,5.000005245208740234e+00,5.000005245208740234e+00,5.000005245208740234e+00,5.000005245208740234e+00,1.796671748161315918e+00,1.763296842575073242e+00,6.170620918273925781e+00,5.324123859405517578e+00,5.000005245208740234e+00,5.000005245208740234e+00,5.000005245208740234e+00,7.172472000122070312e+00,3.995367050170898438e+00,4.954212188720703125e+00
2.849749450683593750e+02,5.000005245208740234e+00,5.000005245208740234e+00,5.000005245208740234e+00,5.000005245208740234e+00,5.000005245208740234e+00,5.000005245208740234e+00,1.690147876739501953e+00,1.910969853401184082e+00,6.170625686645507812e+00,5.324126243591308594e+00,5.000005245208740234e+00,5.000005245208740234e+00,5.000005245208740234e+00,7.164235115051269531e+00,3.995361566543579102e+00,4.954210281372070312e+00
2.854757995605468750e+02,5.000005245208740234e+00,5.000005245208740234e+00,5.000005245208740234e+00,5.000005245208740234e+00,5.000005245208740234e+00,5.000005245208740234e+00,1.623394012451171875e+00,2.061132907867431641e+00,6.170630455017089844e+00,5.324131965637207031e+00,5.000005245208740234e+00,5.000005245208740234e+00,5.000005245208740234e+00,7.135925292968750000e+00,3.995357751846313477e+00,4.954216003417968750e+00
2.859766235351562500e+02,5.000005245208740234e+00,5.000005245208740234e+00,5.000005245208740234e+00,5.000005245208740234e+00,5.000005245208740234e+00,5.000005245208740234e+00,1.600006341934204102e+00,2.211894750595092773e+00,6.170633316040039062e+00,5.324127197265625000e+00,5.000005245208740234e+00,5.000005245208740234e+00,5.000005245208740234e+00,7.087005138397216797e+00,3.995353221893310547e+00,4.954209804534912109e+00
2.864774475097656250e+02,5.000005245208740234e+00,5.000005245208740234e+00,5.000005245208740234e+00,5.000005245208740234e+00,5.000005245208740234e+00,5.000005245208740234e+00,1.622892618179321289e+00,2.365229368209838867e+00,6.170635700225830078e+00,5.324129104614257812e+00,5.000005245208740234e+00,5.000005245208740234e+00,5.000005245208740234e+00,7.016543865203857422e+00,3.995349884033203125e+00,4.954208850860595703e+00
2.869783020019531250e+02,5.000005245208740234e+00,5.000005245208740234e+00,5.000005245208740234e+00,5.000005245208740234e+00,5.000005245208740234e+00,5.000005245208740234e+00,1.698594689369201660e+00,2.526901483535766602e+00,6.170639514923095703e+00,5.324134349822998047e+00,5.000005245208740234e+00,5.000005245208740234e+00,5.000005245208740234e+00,6.921835422515869141e+00,3.995346307754516602e+00,4.954214572906494141e+00
2.874791259765625000e+02,5.000005245208740234e+00,5.000005245208740234e+00,5.000005245208740234e+00,5.000005245208740234e+00,5.000005245208740234e+00,5.000005245208740234e+00,1.840702533721923828e+00,2.706404924392700195e+00,6.170639991760253906e+00,5.324130058288574219e+00,5.000005245208740234e+00,5.000005245208740234e+00,5.000005245208740234e+00,6.797451972961425781e+00,3.995343923568725586e+00,4.954207897186279297e+00
2.879799804687500000e+02,5.000005245208740234e+00,5.000005245208740234e+00,5.000005245208740234e+00,5.000005245208740234e+00,5.000005245208740234e+00,5.000005245208740234e+00,2.073127269744873047e+00,2.918507814407348633e+00,6.170643329620361328e+00,5.324137210845947266e+00,5.000005245208740234e+00,5.000005245208740234e+00,5.000005245208740234e+00,6.634150028228759766e+00,3.995341062545776367e+00,4.954211235046386719e+00
2.884808044433593750e+02,5.000005245208740234e+00,5.000005245208740234e+00,5.000005245208740234e+00,5.000005245208740234e+00,5.000005245208740234e+00,5.000005245208740234e+00,2.430892705917358398e+00,3.184803247451782227e+00,6.170645236968994141e+00,5.324131011962890625e+00,5.000005245208740234e+00,5.000005245208740234e+00,5.000005245208740234e+00,6.418722152709960938e+00,3.995337486267089844e+00,4.954207897186279297e+00
2.889816284179687500e+02,5.000005245208740234e+00,5.000005245208740234e+00,5.000005245208740234e+00,5.000005245208740234e+00,5.000005245208740234e+00,5.000005245208740234e+00,2.942883729934692383e+00,3.527600526809692383e+00,6.170647144317626953e+00,5.324131965637207031e+00,5.000005245208740234e+00,5.000005245208740234e+00,5.000005245208740234e+00,6.139544010162353516e+00,3.995336055755615234e+00,4.954206466674804688e+00
2.894824829101562500e+02,5.000005245208740234e+00,5.000005245208740234e+00,5.000005245208740234e+00,5.000005245208740234e+00,5.000005245208740234e+00,5.000005245208740234e+00,3.575498819351196289e+00,3.944473743438720703e+00,6.170649051666259766e+00,5.324138164520263672e+00,5.000005245208740234e+00,5.000005245208740234e+00,5.000005245208740234e+00,5.806599140167236328e+00,3.995335578918457031e+00,4.954211235046386719e+00
2.899833068847656250e+02,5.000005245208740234e+00,5.000005245208740234e+00,5.000005245208740234e+00,5.000005245208740234e+00,5.000005245208740234e+00,5.000005245208740234e+00,4.183977127075195312e+00,4.367321968078613281e+00,6.170650005340576172e+00,5.324131965637207031e+00,5.000005245208740234e+00,5.000005245208740234e+00,5.000005245208740234e+00,5.477864265441894531e+00,3.995332717895507812e+00,4.954206466674804688e+00
2.904841308593750000e+02,5.000005245208740234e+00,5.000005245208740234e+00,5.000005245208740234e+00,5.000005245208740234e+00,5.000005245208740234e+00,5.000005245208740234e+00,4.613008975982666016e+00,4.688716411590576172e+00,6.170650482177734375e+00,5.324131965637207031e+00,5.000005245208740234e+00,5.000005245208740234e+00,5.000005245208740234e+00,5.233190536499023438e+00,3.995331764221191406e+00,4.954206943511962891e+00
2.909849853515625000e+02,5.000005245208740234e+00,5.000005245208740234e+00,5.000005245208740234e+00,5.000005245208740234e+00,5.000005245208740234e+00,5.000005245208740234e+00,4.840621471405029297e+00,4.869094371795654297e+00,6.170651435852050781e+00,5.324137210845947266e+00,5.000005245208740234e+00,5.000005245208740234e+00,5.000005245208740234e+00,5.097576618194580078e+00,3.995332717895507812e+00,4.954212188720703125e+00
2.914858093261718750e+02,5.000005245208740234e+00,5.000005245208740234e+00,5.000005245208740234e+00,5.000005245208740234e+00,5.000005245208740234e+00,5.000005245208740234e+00,4.939407348632812500e+00,4.949733257293701172e+00,6.170650482177734375e+00,5.324134826660156250e+00,5.000005245208740234e+00,5.000005245208740234e+00,5.000005245208740234e+00,5.037348270416259766e+00,3.995332002639770508e+00,4.954204082489013672e+00
2.919866333007812500e+02,5.000005245208740234e+00,5.000005245208740234e+00,5.000005245208740234e+00,5.000005245208740234e+00,5.000005245208740234e+00,5.000005245208740234e+00,4.977770805358886719e+00,4.981469154357910156e+00,6.170652389526367188e+00,5.324132442474365234e+00,5.000005245208740234e+00,5.000005245208740234e+00,5.000005245208740234e+00,5.013736724853515625e+00,3.995330333709716797e+00,4.954206466674804688e+00
2.924874877929687500e+02,5.000005245208740234e+00,5.000005245208740234e+00,5.000005245208740234e+00,5.000005245208740234e+00,5.000005245208740234e+00,5.000005245208740234e+00,4.991949081420898438e+00,4.993268013000488281e+00,6.170652389526367188e+00,5.324138641357421875e+00,5.000005245208740234e+00,5.000005245208740234e+00,5.000005245208740234e+00,5.004983425140380859e+00,3.995331525802612305e+00,4.954211235046386719e+00
2.929883117675781250e+02,5.000005245208740234e+00,5.000005245208740234e+00,5.000005245208740234e+00,5.000005245208740234e+00,5.000005245208740234e+00,5.000005245208740234e+00,4.997094154357910156e+00,4.997565269470214844e+00,6.170652389526367188e+00,5.324134826660156250e+00,5.000005245208740234e+00,5.000005245208740234e+00,5.000005245208740234e+00,5.001804828643798828e+00,3.995329380035400391e+00,4.954204082489013672e+00
2.934891357421875000e+02,5.000005245208740234e+00,5.000005245208740234e+00,5.000005245208740234e+00,5.000005245208740234e+00,5.000005245208740234e+00,5.000005245208740234e+00,4.998951911926269531e+00,4.999120235443115234e+00,6.170654296875000000e+00,5.324133872985839844e+00,5.000005245208740234e+00,5.000005245208740234e+00,5.000005245208740234e+00,5.000656127929687500e+00,3.995328426361083984e+00,4.954206466674804688e+00
2.939899902343750000e+02,5.000005245208740234e+00,5.000005245208740234e+00,5.000005245208740234e+00,5.000005245208740234e+00,5.000005245208740234e+00,5.000005245208740234e+00,4.999622821807861328e+00,4.999683380126953125e+00,6.170655250549316406e+00,5.324138641357421875e+00,5.000005245208740234e+00,5.000005245208740234e+00,5.000005245208740234e+00,5.000241279602050781e+00,3.995328426361083984e+00,4.954211235046386719e+00
2.944908142089843750e+02,5.000005245208740234e+00,5.000005245208740234e+00,5.000005245208740234e+00,5.000005245208740234e+00,5.000005245208740234e+00,5.000005245208740234e+00,4.999866008758544922e+00,4.999887943267822266e+00,6.170654296875000000e+00,5.324135780334472656e+00,5.000005245208740234e+00,5.000005245208740234e+00,5.000005245208740234e+00,5.000091552734375000e+00,3.995328903198242188e+00,4.954204559326171875e+00
2.949916381835937500e+02,5.000005245208740234e+00,5.000005245208740234e+00,5.000005245208740234e+00,5.000005245208740234e+00,5.000005245208740234e+00,5.000005245208740234e+00,4.999954223632812500e+00,4.999962329864501953e+00,6.170654773712158203e+00,5.324134349822998047e+00,5.000005245208740234e+00,5.000005245208740234e+00,5.000005245208740234e+00,5.000036716461181641e+00,3.995327234268188477e+00,4.954205513000488281e+00
2.954924926757812500e+02,5.000005245208740234e+00,5.000005245208740234e+00,5.000005245208740234e+00,5.000005245208740234e+00,5.000005245208740234e+00,5.000005245208740234e+00,4.999986171722412109e+00,4.999989986419677734e+00,6.170654296875000000e+00,5.324139595031738281e+00,5.000005245208740234e+00,5.000005245208740234e+00,5.000005245208740234e+00,5.000016689300537109e+00,3.995327949523925781e+00,4.954209804534912109e+00
2.959933166503906250e+02,5.000005245208740234e+00,5.000005245208740234e+00,5.000005245208740234e+00,5.000005245208740234e+00,5.000005245208740234e+00,5.000005245208740234e+00,4.999998092651367188e+00,4.999999523162841797e+00,6.170656204223632812e+00,5.324133396148681641e+00,5.000005245208740234e+00,5.000005245208740234e+00,5.000005245208740234e+00,5.000009536743164062e+00,3.995326519012451172e+00,4.954207897186279297e+00
2.964941711425781250e+02,5.000005245208740234e+00,5.000005245208740234e+00,5.000005245208740234e+00,5.000005245208740234e+00,5.000005245208740234e+00,5.000005245208740234e+00,5.000002861022949219e+00,5.000002861022949219e+00,6.170656681060791016e+00,5.324138164520263672e+00,5.000005245208740234e+00,5.000005245208740234e+00,5.000005245208740234e+00,5.000007152557373047e+00,3.995326519012451172e+00,4.954212188720703125e+00
2.969949951171875000e+02,5.000005245208740234e+00,5.000005245208740234e+00,5.000005245208740234e+00,5.000005245208740234e+00,5.000005245208740234e+00,5.000005245208740234e+00,5.000004291534423828e+00,5.000004768371582031e+00,6.170656681060791016e+00,5.324134826660156250e+00,5.000005245208740234e+00,5.000005245208740234e+00,5.000005245208740234e+00,5.000005722045898438e+00,3.995326519012451172e+00,4.954205513000488281e+00
2.974958190917968750e+02,5.000005245208740234e+00,5.000005245208740234e+00,5.000005245208740234e+00,5.000005245208740234e+00,5.000005245208740234e+00,5.000005245208740234e+00,5.000005245208740234e+00,5.000005245208740234e+00,6.170656681060791016e+00,5.324133872985839844e+00,5.000005245208740234e+00,5.000005245208740234e+00,5.000005245208740234e+00,5.000005722045898438e+00,3.995326042175292969e+00,4.954206466674804688e+00
2.979966735839843750e+02,5.000005245208740234e+00,5.000005245208740234e+00,5.000005245208740234e+00,5.000005245208740234e+00,5.000005245208740234e+00,5.000005245208740234e+00,5.000005245208740234e+00,5.000005245208740234e+00,6.170656681060791016e+00,5.324140548706054688e+00,5.000005245208740234e+00,5.000005245208740234e+00,5.000005245208740234e+00,5.000005245208740234e+00,3.995326519012451172e+00,4.954210281372070312e+00
2.984974975585937500e+02,5.000005245208740234e+00,5.000005245208740234e+00,5.000005245208740234e+00,5.000005245208740234e+00,5.000005245208740234e+00,5.000005245208740234e+00,5.000005245208740234e+00,5.000005245208740234e+00,6.170655250549316406e+00,5.324135780334472656e+00,5.000005245208740234e+00,5.000005245208740234e+00,5.000005245208740234e+00,5.000005245208740234e+00,3.995326995849609375e+00,4.954204082489013672e+00
2.989983215332031250e+02,5.000005245208740234e+00,5.000005245208740234e+00,5.000005245208740234e+00,5.000005245208740234e+00,5.000005245208740234e+00,5.000005245208740234e+00,5.000005245208740234e+00,5.000005245208740234e+00,6.170656204223632812e+00,5.324134826660156250e+00,5.000005245208740234e+00,5.000005245208740234e+00,5.000005245208740234e+00,5.000005245208740234e+00,3.995326995849609375e+00,4.954205513000488281e+00
2.994991760253906250e+02,5.000005245208740234e+00,5.000005245208740234e+00,5.000005245208740234e+00,5.000005245208740234e+00,5.000005245208740234e+00,5.000005245208740234e+00,5.000005245208740234e+00,5.000005245208740234e+00,6.170656681060791016e+00,5.324141025543212891e+00,5.000005245208740234e+00,5.000005245208740234e+00,5.000005245208740234e+00,5.000005245208740234e+00,3.995326519012451172e+00,4.954209327697753906e+00
3.000000000000000000e+02,5.000005245208740234e+00,5.000005245208740234e+00,5.000005245208740234e+00,5.000005245208740234e+00,5.000005245208740234e+00,5.000005245208740234e+00,5.000005245208740234e+00,5.000005245208740234e+00,6.170657157897949219e+00,5.324132442474365234e+00,5.000005245208740234e+00,5.000005245208740234e+00,5.000005245208740234e+00,5.000005245208740234e+00,3.995324850082397461e+00,4.954207897186279297e+00
